18:32:02 [INFO] ----------------------------------------------
18:32:02 [INFO] Beginning transformation mtf_CON_5500006
                Oracle:     CON          Number of T: 15
                Debug Mode: false          u64 Seed:    5500006
                Number of generating transformations: 17
                Internal Seed:          [113, 158, 172, 71, 204, 115, 172, 95, 149, 84, 187, 125, 26, 86, 235, 116, 114, 4, 131, 247, 135, 98, 192, 168, 120, 115, 76, 48, 153, 88, 86, 79]
                Seed File: Currently not supported!
18:32:02 [INFO] ----------------------------------------------
18:32:02 [INFO] -------------- Reading Seed File: ------------
18:32:02 [INFO] "/home/leo_repp/masterthesis/nemo/nemo-metamorphic-testing/examples/constant-folding/constant-folding.rls"
18:32:02 [INFO] Renaming of rules complete
18:32:02 [INFO] --------- Finished Reading Seed file ---------
18:32:02 [INFO] ----------------------------------------------
18:32:02 [INFO] 
18:32:02 [INFO] ----------------------------------------------
18:32:02 [INFO] -------- Beginning Program Generation --------
18:32:02 [INFO] ----------------------------------------------
18:32:02 [INFO] 
18:32:02 [INFO] Removing old export statements
18:32:02 [INFO] Beginning inverse_stratum and ancestry computation starting at node R_OUT
18:32:02 [INFO] Ancestry and Inverse Stratum computation complete.
18:32:02 [INFO] Constructed lite ADG
18:32:02 [INFO] Generating Program...
18:32:02 [INFO] 
18:32:02 [INFO] 1 / 16
18:32:02 [INFO]   I Add Relational Node
18:32:02 [INFO]   Added new relation R_1
18:32:02 [INFO] 2 / 16
18:32:02 [INFO]   I Add Relational Node
18:32:02 [INFO]   Added new relation R_2
18:32:02 [INFO] 3 / 16
18:32:02 [INFO]   I Add Relational Node
18:32:02 [INFO]   Added new relation R_3
18:32:02 [INFO] 4 / 16
18:32:02 [INFO]   I Add Relational Node
18:32:02 [INFO]   Added new relation R_4
18:32:02 [INFO] 5 / 16
18:32:02 [INFO]   I Add Relational Node
18:32:02 [INFO]   Added new relation R_5
18:32:02 [INFO] 6 / 16
18:32:02 [INFO]   I Add Relational Node
18:32:02 [INFO]   Added new relation R_6
18:32:02 [INFO] 7 / 16
18:32:02 [INFO]   I Add Relational Node
18:32:02 [INFO]   Added new relation R_7
18:32:02 [INFO] 8 / 16
18:32:02 [INFO]   I Add Relational Node
18:32:02 [INFO]   Added new relation R_8
18:32:02 [INFO] 9 / 16
18:32:02 [INFO]   I Add Relational Node
18:32:02 [INFO]   Added new relation R_9
18:32:02 [INFO] 10 / 16
18:32:02 [INFO]   I Add Relational Node
18:32:02 [INFO]   Added new relation R_10
18:32:02 [INFO] 11 / 16
18:32:02 [INFO]   I Add Relational Node
18:32:02 [INFO]   Added new relation R_11
18:32:02 [INFO] 12 / 16
18:32:02 [INFO]   I Add Relational Node
18:32:02 [INFO]   Added new relation R_12
18:32:02 [INFO] 13 / 16
18:32:02 [INFO]   I Add Relational Node
18:32:02 [INFO]   Added new relation R_13
18:32:02 [INFO] 14 / 16
18:32:02 [INFO]   I Add Relational Node
18:32:02 [INFO]   Added new relation R_14
18:32:02 [INFO] 15 / 16
18:32:02 [INFO]   I Add Relational Node
18:32:02 [INFO]   Added new relation R_15
18:32:02 [INFO] 16 / 16
18:32:02 [INFO]   I Add Relational Node
18:32:02 [INFO]   Added new relation R_16
18:32:02 [INFO] 
18:32:02 [INFO] Adding a new rule for each relation other than the seed relations
18:32:02 [INFO] 
18:32:02 [INFO] 1 / 17
18:32:02 [INFO]   Generating new single body literal rule for R_OUT
18:32:02 [INFO]   Assigned relation R_OUT the artiy 3
18:32:02 [INFO]   Added new rule of name r_GEN_1
18:32:02 [INFO]   R_OUT(?X_3, ?X_3, ?X_1) :- AssignOperFromConstant(?X_3, ?X_3, ?X_1) .
18:32:02 [INFO] 2 / 17
18:32:02 [INFO]   Generating new single body literal rule for R_1
18:32:02 [INFO]   Assigned relation R_1 the artiy 6
18:32:02 [INFO]   Assigned relation R_10 the artiy 6
18:32:02 [INFO]   Added new rule of name r_GEN_2
18:32:02 [INFO]   R_1(?X_1, ?X_2, ?X_3, "phi-assign", ?X_5, ?X_6) :- R_10(?X_1, ?X_2, ?X_3, "phi-assign", ?X_5, ?X_6) .
18:32:02 [INFO] 3 / 17
18:32:02 [INFO]   Generating new single body literal rule for R_2
18:32:02 [INFO]   Assigned relation R_2 the artiy 5
18:32:02 [INFO]   Added new rule of name r_GEN_3
18:32:02 [INFO]   R_2(?X_2, ?X_1, ?X_5, ?X_3, ?X_2) :- OperatorAt(?X_2, ?X_1), OperatorAt(?X_5, ?X_3), OperatorAt(?X_2, ?X_2) .
18:32:02 [INFO] 4 / 17
18:32:02 [INFO]   Generating new single body literal rule for R_3
18:32:02 [INFO]   Assigned relation R_3 the artiy 6
18:32:02 [INFO]   Added new rule of name r_GEN_4
18:32:02 [INFO]   R_3(?X_6, ?X_3, "phi-assign", ?X_2, ?X_5, ?X_4) :- AssignOperFrom(?X_6, ?X_3, "phi-assign"), AssignOperFrom(?X_2, ?X_5, ?X_4) .
18:32:02 [INFO] 5 / 17
18:32:02 [INFO]   Generating new single body literal rule for R_4
18:32:02 [INFO]   Assigned relation R_4 the artiy 4
18:32:02 [INFO]   Assigned relation R_6 the artiy 4
18:32:02 [INFO]   Added new rule of name r_GEN_5
18:32:02 [INFO]   R_4(?X_2, ?X_1, "false"^^<http://www.w3.org/2001/XMLSchema#boolean>, ?X_1) :- R_6(?X_2, ?X_1, "false"^^<http://www.w3.org/2001/XMLSchema#boolean>, ?X_1) .
18:32:02 [INFO] 6 / 17
18:32:02 [INFO]   Generating new single body literal rule for R_5
18:32:02 [INFO]   Assigned relation R_5 the artiy 1
18:32:02 [INFO]   Assigned relation R_8 the artiy 4
18:32:02 [INFO]   Added new rule of name r_GEN_6
18:32:02 [INFO]   R_5(?X_1) :- R_8("phi-assign", ?X_1, ?X_1, ?X_1) .
18:32:02 [INFO] 7 / 17
18:32:02 [INFO]   Generating new single body literal rule for R_6
18:32:02 [INFO]   Added new rule of name r_GEN_7
18:32:02 [INFO]   R_6(?X_2, ?X_1, ?X_1, ?X_4) :- AssignLocal(?X_2, ?X_4, ?X_1, ?X_4, ?X_1) .
18:32:02 [INFO] 8 / 17
18:32:02 [INFO]   Generating new single body literal rule for R_7
18:32:02 [INFO]   Assigned relation R_7 the artiy 4
18:32:02 [INFO]   Added new rule of name r_GEN_8
18:32:02 [INFO]   R_7(?X_2, ?X_4, ?X_3, ?X_1) :- R_6(?X_2, ?X_4, ?X_3, ?X_1) .
18:32:02 [INFO] 9 / 17
18:32:02 [INFO]   Generating new single body literal rule for R_8
18:32:02 [INFO]   Added new rule of name r_GEN_9
18:32:02 [INFO]   R_8(?X_2, ?X_1, ?X_3, "false"^^<http://www.w3.org/2001/XMLSchema#boolean>) :- AssignOperFrom(?X_2, "false"^^<http://www.w3.org/2001/XMLSchema#boolean>, ?X_3), AssignOperFrom("false"^^<http://www.w3.org/2001/XMLSchema#boolean>, ?X_1, ?X_2) .
18:32:02 [INFO] 10 / 17
18:32:02 [INFO]   Generating new single body literal rule for R_9
18:32:02 [INFO]   Assigned relation R_9 the artiy 2
18:32:02 [INFO]   Added new rule of name r_GEN_10
18:32:02 [INFO]   R_9(?X_2, ?X_1) :- AssignOperFrom(?X_2, ?X_1, ?X_2) .
18:32:02 [INFO] 11 / 17
18:32:02 [INFO]   Generating new single body literal rule for R_10
18:32:02 [INFO]   Added new rule of name r_GEN_11
18:32:02 [INFO]   R_10(?X_2, "false"^^<http://www.w3.org/2001/XMLSchema#boolean>, ?X_6, ?X_1, ?X_3, ?X_4) :- R_3(?X_2, "false"^^<http://www.w3.org/2001/XMLSchema#boolean>, ?X_6, ?X_1, ?X_3, ?X_4) .
18:32:02 [INFO] 12 / 17
18:32:02 [INFO]   Generating new single body literal rule for R_11
18:32:02 [INFO]   Assigned relation R_11 the artiy 6
18:32:02 [INFO]   Added new rule of name r_GEN_12
18:32:02 [INFO]   R_11(?X_5, "false"^^<http://www.w3.org/2001/XMLSchema#boolean>, ?X_3, ?X_1, ?X_2, ?X_1) :- AssignUnop("false"^^<http://www.w3.org/2001/XMLSchema#boolean>, "false"^^<http://www.w3.org/2001/XMLSchema#boolean>, ?X_3, ?X_1), AssignUnop(?X_2, ?X_1, ?X_3, ?X_5) .
18:32:02 [INFO] 13 / 17
18:32:02 [INFO]   Generating new single body literal rule for R_12
18:32:02 [INFO]   Assigned relation R_12 the artiy 1
18:32:02 [INFO]   Added new rule of name r_GEN_13
18:32:02 [INFO]   R_12("false"^^<http://www.w3.org/2001/XMLSchema#boolean>) :- R_1(?Y_1, "false"^^<http://www.w3.org/2001/XMLSchema#boolean>, "false"^^<http://www.w3.org/2001/XMLSchema#boolean>, "false"^^<http://www.w3.org/2001/XMLSchema#boolean>, "false"^^<http://www.w3.org/2001/XMLSchema#boolean>, "false"^^<http://www.w3.org/2001/XMLSchema#boolean>) .
18:32:02 [INFO] 14 / 17
18:32:02 [INFO]   Generating new single body literal rule for R_13
18:32:02 [INFO]   Assigned relation R_13 the artiy 2
18:32:02 [INFO]   Assigned relation R_15 the artiy 4
18:32:02 [INFO]   Added new rule of name r_GEN_14
18:32:02 [INFO]   R_13(?X_2, "false"^^<http://www.w3.org/2001/XMLSchema#boolean>) :- R_15(?X_2, ?X_2, "false"^^<http://www.w3.org/2001/XMLSchema#boolean>, ?X_2) .
18:32:02 [INFO] 15 / 17
18:32:02 [INFO]   Generating new single body literal rule for R_14
18:32:02 [INFO]   Assigned relation R_14 the artiy 2
18:32:02 [INFO]   Added new rule of name r_GEN_15
18:32:02 [INFO]   R_14("false"^^<http://www.w3.org/2001/XMLSchema#boolean>, ?X_2) :- R_7("false"^^<http://www.w3.org/2001/XMLSchema#boolean>, ?X_2, "false"^^<http://www.w3.org/2001/XMLSchema#boolean>, ?Y_1) .
18:32:02 [INFO] 16 / 17
18:32:02 [INFO]   Generating new single body literal rule for R_15
18:32:02 [INFO]   Added new rule of name r_GEN_16
18:32:02 [INFO]   R_15(?X_1, ?X_1, ?X_4, "false"^^<http://www.w3.org/2001/XMLSchema#boolean>) :- R_15(?X_1, ?X_1, ?X_4, "false"^^<http://www.w3.org/2001/XMLSchema#boolean>) .
18:32:02 [INFO] 17 / 17
18:32:02 [INFO]   Generating new single body literal rule for R_16
18:32:02 [INFO]   Assigned relation R_16 the artiy 6
18:32:02 [INFO]   Added new rule of name r_GEN_17
18:32:02 [INFO]   R_16(?X_4, ?X_6, ?X_2, ?X_4, ?X_1, ?X_3) :- R_2(?Y_2, ?X_6, ?X_2, ?X_6, ?X_1), R_2(?X_3, ?X_4, ?X_4, "false"^^<http://www.w3.org/2001/XMLSchema#boolean>, ?X_4) .
18:32:02 [INFO] 
18:32:02 [INFO] Adding a outgoing relational edge for each relation other than R_OUT
18:32:02 [INFO] 
18:32:02 [INFO] 1 / 26
18:32:02 [INFO]   Adding outgoing relational edge from AssignBinop for r_GEN_5
18:32:02 [INFO]   Generated literal AssignBinop(?X_1, ?X_1, ?X_1, "phi-assign") for rule r_GEN_5
18:32:02 [INFO] 2 / 26
18:32:02 [INFO]   Adding outgoing relational edge from AssignLocal for r_GEN_7
18:32:02 [INFO]   Generated literal ~AssignLocal(?X_1, ?X_4, "phi-assign", ?X_1, ?X_1) for rule r_GEN_7
18:32:02 [INFO] 3 / 26
18:32:02 [INFO]   Adding outgoing relational edge from AssignNumConstant for r_GEN_13
18:32:02 [INFO]   Generated literal AssignNumConstant(?Z_1, ?Y_1, "phi-assign", "phi-assign", ?Y_1) for rule r_GEN_13
18:32:02 [INFO] 4 / 26
18:32:02 [INFO]   Adding outgoing relational edge from AssignOperFrom for r_GEN_8
18:32:02 [INFO]   Generated literal ~AssignOperFrom(?X_3, ?X_3, "phi-assign") for rule r_GEN_8
18:32:02 [INFO] 5 / 26
18:32:02 [INFO]   Adding outgoing relational edge from AssignOperFromConstant for r_GEN_17
18:32:02 [INFO]   Generated literal AssignOperFromConstant(?X_6, ?X_6, ?X_4) for rule r_GEN_17
18:32:02 [INFO] 6 / 26
18:32:02 [INFO]   Adding outgoing relational edge from AssignUnop for r_GEN_8
18:32:02 [INFO]   Generated literal AssignUnop(?Z_2, ?X_2, ?X_4, ?X_3) for rule r_GEN_8
18:32:02 [INFO] 7 / 26
18:32:02 [INFO]   Adding outgoing relational edge from ConstFolding for r_GEN_1
18:32:02 [INFO]   Generated literal ~ConstFolding(?X_1, ?X_1, ?X_1, ?X_3) for rule r_GEN_1
18:32:02 [INFO] 8 / 26
18:32:02 [INFO]   Adding outgoing relational edge from IntegerConstant for r_GEN_6
18:32:02 [INFO]   Generated literal IntegerConstant(?X_1, ?X_1, ?Z_2) for rule r_GEN_6
18:32:02 [INFO] 9 / 26
18:32:02 [INFO]   Adding outgoing relational edge from OperatorAt for r_GEN_7
18:32:02 [INFO]   Generated literal OperatorAt(?X_1, ?X_2) for rule r_GEN_7
18:32:02 [INFO] 10 / 26
18:32:02 [INFO]   Adding outgoing relational edge from false for r_GEN_8
18:32:02 [INFO]   Generated literal false(?X_4) for rule r_GEN_8
18:32:02 [INFO] 11 / 26
18:32:02 [INFO]   Adding outgoing relational edge from R_1 for r_GEN_4
18:32:02 [INFO]   Generated literal R_1(?X_2, ?Z_3, "phi-assign", ?X_5, ?X_5, ?Z_1) for rule r_GEN_4
18:32:02 [INFO] 12 / 26
18:32:02 [INFO]   Adding outgoing relational edge from R_2 for r_GEN_12
18:32:02 [INFO]   Generated literal R_2(?X_2, ?X_5, ?Z_1, ?X_3, ?X_1) for rule r_GEN_12
18:32:02 [INFO] 13 / 26
18:32:02 [INFO]   Adding outgoing relational edge from R_3 for r_GEN_7
18:32:02 [INFO]   Generated literal R_3(?X_2, "false"^^<http://www.w3.org/2001/XMLSchema#boolean>, ?Z_3, ?Z_5, ?X_1, ?X_4) for rule r_GEN_7
18:32:02 [INFO] 14 / 26
18:32:02 [INFO]   Adding outgoing relational edge from R_4 for r_GEN_11
18:32:02 [INFO]   Generated literal R_4(?Z_1, ?X_6, ?X_1, ?X_3) for rule r_GEN_11
18:32:02 [INFO] 15 / 26
18:32:02 [INFO]   Adding outgoing relational edge from R_5 for r_GEN_4
18:32:02 [INFO]   Generated literal R_5(?X_3) for rule r_GEN_4
18:32:02 [INFO] 16 / 26
18:32:02 [INFO]   Adding outgoing relational edge from R_6 for r_GEN_17
18:32:02 [INFO]   Generated literal R_6(?X_6, ?Z_1, ?Z_6, ?X_3) for rule r_GEN_17
18:32:02 [INFO] 17 / 26
18:32:02 [INFO]   Adding outgoing relational edge from R_7 for r_GEN_10
18:32:02 [INFO]   Generated literal R_7(?X_2, ?Z_1, ?X_2, ?X_2) for rule r_GEN_10
18:32:02 [INFO] 18 / 26
18:32:02 [INFO]   Adding outgoing relational edge from R_8 for r_GEN_1
18:32:02 [INFO]   Generated literal ~R_8(?X_3, ?X_1, "phi-assign", ?X_3) for rule r_GEN_1
18:32:02 [INFO] 19 / 26
18:32:02 [INFO]   Adding outgoing relational edge from R_9 for r_GEN_8
18:32:02 [INFO]   Generated literal R_9(?X_4, ?X_1) for rule r_GEN_8
18:32:02 [INFO] 20 / 26
18:32:02 [INFO]   Adding outgoing relational edge from R_10 for r_GEN_13
18:32:02 [INFO]   Generated literal ~R_10(?Y_1, ?Z_1, ?Y_1, ?Y_1, ?Y_1, "false"^^<http://www.w3.org/2001/XMLSchema#boolean>) for rule r_GEN_13
18:32:02 [INFO] 21 / 26
18:32:02 [INFO]   Adding outgoing relational edge from R_11 for r_GEN_7
18:32:02 [INFO]   Generated literal R_11(?X_2, ?X_4, ?X_2, ?X_1, ?X_1, ?X_4) for rule r_GEN_7
18:32:02 [INFO] 22 / 26
18:32:02 [INFO]   Adding outgoing relational edge from R_12 for r_GEN_16
18:32:02 [INFO]   Generated literal R_12(?X_1) for rule r_GEN_16
18:32:02 [INFO] 23 / 26
18:32:02 [INFO]   Adding outgoing relational edge from R_13 for r_GEN_1
18:32:02 [INFO]   Generated literal ~R_13(?X_3, ?X_3) for rule r_GEN_1
18:32:02 [INFO] 24 / 26
18:32:02 [INFO]   Adding outgoing relational edge from R_14 for r_GEN_9
18:32:02 [INFO]   Generated literal R_14(?Z_3, ?Z_1) for rule r_GEN_9
18:32:02 [INFO] 25 / 26
18:32:02 [INFO]   Adding outgoing relational edge from R_15 for r_GEN_16
18:32:02 [INFO]   Generated literal R_15(?X_1, "false"^^<http://www.w3.org/2001/XMLSchema#boolean>, ?X_1, ?X_1) for rule r_GEN_16
18:32:02 [INFO] 26 / 26
18:32:02 [INFO]   Adding outgoing relational edge from R_16 for r_GEN_10
18:32:02 [INFO]   Generated literal R_16(?X_1, ?X_2, ?X_2, ?X_2, ?Z_2, ?Z_4) for rule r_GEN_10
18:32:02 [INFO] 
18:32:02 [INFO] Adding gen. size facts
18:32:02 [INFO] 
18:32:02 [INFO] 1 / 17
18:32:02 [INFO]   II Add Fact Node and Edge
18:32:02 [INFO]   Added new fact R_12("phi-assign").
18:32:02 [INFO] 2 / 17
18:32:02 [INFO]   II Add Fact Node and Edge
18:32:02 [INFO]   Added new fact R_13(c_1, c_2).
18:32:02 [INFO] 3 / 17
18:32:02 [INFO]   II Add Fact Node and Edge
18:32:02 [INFO]   Added new fact R_OUT(c_3, "false"^^<http://www.w3.org/2001/XMLSchema#boolean>, "false"^^<http://www.w3.org/2001/XMLSchema#boolean>).
18:32:02 [INFO] 4 / 17
18:32:02 [INFO]   II Add Fact Node and Edge
18:32:02 [INFO]   Added new fact R_15(c_4, c_2, c_5, c_6).
18:32:02 [INFO] 5 / 17
18:32:02 [INFO]   II Add Fact Node and Edge
18:32:02 [INFO]   Added new fact R_OUT("str_1", c_4, c_4).
18:32:02 [INFO] 6 / 17
18:32:02 [INFO]   II Add Fact Node and Edge
18:32:02 [INFO]   Added new fact R_12(c_7).
18:32:02 [INFO] 7 / 17
18:32:02 [INFO]   II Add Fact Node and Edge
18:32:02 [INFO]   Added new fact R_15("str_1", "false"^^<http://www.w3.org/2001/XMLSchema#boolean>, c_5, c_7).
18:32:02 [INFO] 8 / 17
18:32:02 [INFO]   II Add Fact Node and Edge
18:32:02 [INFO]   Added new fact R_13(2264630112112403150, c_5).
18:32:02 [INFO] 9 / 17
18:32:02 [INFO]   II Add Fact Node and Edge
18:32:02 [INFO]   Added new fact R_OUT("false"^^<http://www.w3.org/2001/XMLSchema#boolean>, "false"^^<http://www.w3.org/2001/XMLSchema#boolean>, c_8).
18:32:02 [INFO] 10 / 17
18:32:02 [INFO]   II Add Fact Node and Edge
18:32:02 [INFO]   Added new fact R_15(2264630112112403150, "str_1", c_9, "false"^^<http://www.w3.org/2001/XMLSchema#boolean>).
18:32:02 [INFO] 11 / 17
18:32:02 [INFO]   II Add Fact Node and Edge
18:32:02 [INFO]   Added new fact R_OUT(c_7, 9279495288604027523, "str_2").
18:32:02 [INFO] 12 / 17
18:32:02 [INFO]   II Add Fact Node and Edge
18:32:02 [INFO]   Added new fact R_OUT(4487698052649856559, 12760214355863357105, c_4).
18:32:02 [INFO] 13 / 17
18:32:02 [INFO]   II Add Fact Node and Edge
18:32:02 [INFO]   Added new fact R_OUT(16123572820087669298, "str_3", 15048429416213653994).
18:32:02 [INFO] 14 / 17
18:32:02 [INFO]   II Add Fact Node and Edge
18:32:02 [INFO]   Added new fact R_13(11763158723879529998, c_4).
18:32:02 [INFO] 15 / 17
18:32:02 [INFO]   II Add Fact Node and Edge
18:32:02 [INFO]   Added new fact R_12(c_10).
18:32:02 [INFO] 16 / 17
18:32:02 [INFO]   II Add Fact Node and Edge
18:32:02 [INFO]   Added new fact R_13(c_10, "str_2").
18:32:02 [INFO] 17 / 17
18:32:02 [INFO]   II Add Fact Node and Edge
18:32:02 [INFO]   Added new fact R_13(c_3, c_5).
18:32:02 [INFO] 
18:32:02 [INFO] ----------------------------------------------
18:32:02 [INFO] ----------- Program Generation Done ----------
18:32:02 [INFO] ----------------------------------------------
18:32:02 [INFO] 
18:32:02 [INFO] ----------- Generated ADG Summary: -----------
18:32:02 [INFO] ADG Fact Nodes:                  17
18:32:02 [INFO] ADG Relational Nodes:            27
18:32:02 [INFO] ADG Fact Edges:                  17
18:32:02 [INFO] ADG Relational Edges:            49
18:32:02 [INFO] Number of inv. Strata:           3
18:32:02 [INFO] 
18:32:02 [INFO] Nodes with None Ancestry:        0
18:32:02 [INFO] Nodes with Positive Ancestry:    1
18:32:02 [INFO] Nodes with Negative Ancestry:    5
18:32:02 [INFO] Nodes with Unknown Ancestry:     21
18:32:02 [INFO] 
18:32:02 [INFO] Next rule name would be:         r_CON_18
18:32:02 [INFO] Next predicate name would be:    R_17
18:32:02 [INFO] Next constant name would be:     c_11
18:32:02 [INFO] Next string would be:            "str_4"
18:32:02 [INFO] 
18:32:02 [INFO] Output predicate:                R_OUT
18:32:02 [INFO] Generated rule count:            17
18:32:02 [INFO] Rule count:                      35
18:32:02 [INFO] Average rel. arity:              3.7037037037037037
18:32:02 [INFO] Arity calc. may be inaccurate if arity > f64
18:32:02 [INFO] ----------------------------------------------
18:32:02 [INFO] 
18:32:02 [INFO] ------ Performed Gen. Transformations: -------
18:32:02 [INFO]  #      Type
18:32:02 [INFO]  17      Generate New Rule with Probably Single Lit
18:32:02 [INFO]  26      Generating an Outgoing Relational Edge
18:32:02 [INFO]  16      I     Add Relational Node
18:32:02 [INFO]  17      II    Add Fact Node and Edge
18:32:02 [INFO] ----------------------------------------------
18:32:02 [INFO] 
18:32:02 [INFO] Storing input ADG and input program
18:32:02 [INFO] 
18:32:02 [INFO] ----------------------------------------------
18:32:02 [INFO] --------- Beginning Transformations ----------
18:32:02 [INFO] --------  Oracle: CON    Number: 15
18:32:02 [INFO] ----------------------------------------------
18:32:02 [INFO] 1 / 15
18:32:02 [INFO]   I Add Relational Node
18:32:02 [INFO]   Added new relation R_19
18:32:02 [INFO] 2 / 15
18:32:02 [INFO]   IX Remove Fact Node and Edge
18:32:02 [INFO]   Removed fact R_OUT(4487698052649856559, 12760214355863357105, c_4). from the program
18:32:02 [INFO]   Removed fact R_OUT(4487698052649856559, 12760214355863357105, c_4). from the ADG.
18:32:02 [INFO] 3 / 15
18:32:02 [INFO]   III Add Relational edges - New Rule
18:32:02 [INFO]   Assigned relation R_19 the artiy 6
18:32:02 [INFO]   Added new rule of name r_CON_20
18:32:02 [INFO]   R_19(?X_5, ?X_2, ?X_3, ?X_4, ?X_6, 9279495288604027523) :- R_10(?X_5, 9279495288604027523, ?X_6, 12760214355863357105, ?X_6, ?X_6), AssignLocal(9279495288604027523, ?X_3, ?X_4, 9279495288604027523, ?Y_2), R_14(?X_2, ?X_5), R_11(12760214355863357105, ?X_2, ?X_5, ?X_4, 12760214355863357105, ?Y_2), ~AssignUnop(?X_4, 12760214355863357105, ?X_4, 9279495288604027523), ~R_OUT(9279495288604027523, ?X_2, 9279495288604027523) .
18:32:02 [INFO] 4 / 15
18:32:02 [INFO]   VIII Modify Rule - Remove Equality
18:32:02 [INFO]   Replaced a random number of var X_6 with var X_6_new_1 in the rule r_CON_20
18:32:02 [INFO] 5 / 15
18:32:02 [INFO]   VIII Modify Rule - Remove Equality
18:32:02 [INFO]   Replaced a random number of var X_1 with var X_1_new_1 in the rule r_GEN_16
18:32:02 [INFO] 6 / 15
18:32:02 [INFO]   III Add Relational edges - New Rule
18:32:02 [INFO]   Added new rule of name r_CON_21
18:32:02 [INFO]   R_19(?X_4, ?X_3, ?X_5, c_1, ?X_5, ?X_1) :- IntegerConstant(?X_4, c_1, c_1), R_15(?X_5, ?X_5, ?X_1, ?X_5), R_13(?X_1, c_1), R_14(c_1, ?X_1), R_13(?X_3, ?X_1), AssignUnop(?X_4, ?X_5, ?X_5, ?X_4), ~R_6(?X_1, ?X_4, ?X_1, ?X_5), ~R_2(?X_4, ?X_4, c_1, c_1, ?X_3) .
18:32:02 [INFO] 7 / 15
18:32:02 [INFO]   IX Remove Fact Node and Edge
18:32:02 [INFO]   Removed fact R_OUT(16123572820087669298, "str_3", 15048429416213653994). from the program
18:32:02 [INFO]   Removed fact R_OUT(16123572820087669298, "str_3", 15048429416213653994). from the ADG.
18:32:02 [INFO] 8 / 15
18:32:02 [INFO]   IV Add Relational Edge - New Literal
18:32:02 [INFO]   Generated literal AssignOperFromConstant(?X_1, ?X_1, ?X_3) for rule r_GEN_1
18:32:02 [INFO] 9 / 15
18:32:02 [INFO]   IV Add Relational Edge - New Literal
18:32:02 [INFO]   Generated literal ~AssignOperFrom(?X_1, ?X_3, ?X_3) for rule r_GEN_1
18:32:02 [INFO] 10 / 15
18:32:02 [INFO]   XI Add Contradictory Rule
18:32:02 [INFO]   Added new contradictory rule of name r_CON_22
18:32:02 [INFO]   R_8(?X_2, ?X_3, ?X_4, ?X_3) :- ConstFolding(?X_2, ?X_3, ?X_4, ?X_3), ~ConstFolding(?X_2, ?X_3, ?X_4, ?X_3) .
18:32:02 [INFO] 11 / 15
18:32:02 [INFO]   VIII Modify Rule - Remove Equality
18:32:02 [INFO]   Replaced a random number of var X_6 with var X_6_new_2 in the rule r_CON_20
18:32:02 [INFO] 12 / 15
18:32:02 [INFO]   Xa Remove Relational Node - Rule Variant
18:32:02 [INFO]   Removing relational node R_19
18:32:02 [INFO]   Removing the Rule of the name r_CON_21
18:32:02 [INFO]   Removing the Rule of the name r_CON_20
18:32:02 [INFO]   Removing at least 14 relational edges.
18:32:02 [INFO] 13 / 15
18:32:02 [INFO]   VII Modify Rule - Add Equality
18:32:02 [INFO]   Replaced var ?X_1 with var ?X_3 in the rule r_GEN_1
18:32:02 [INFO] 14 / 15
18:32:02 [INFO]   XI Add Contradictory Rule
18:32:02 [INFO]   Added new contradictory rule of name r_CON_23
18:32:02 [INFO]   R_8(?X_4, c_7, ?X_1, ?X_3) :- ConstFolding(?X_4, c_7, ?X_1, ?X_3), ~ConstFolding(?X_4, c_7, ?X_1, ?X_3) .
18:32:02 [INFO] 15 / 15
18:32:02 [INFO]   IV Add Relational Edge - New Literal
18:32:02 [INFO]   Generated literal R_5(?X_3) for rule r_GEN_1
18:32:02 [INFO] ----------------------------------------------
18:32:02 [INFO] ------------ Transformations Done ------------
18:32:02 [INFO] ----------------------------------------------
18:32:02 [INFO]  Ressources required: 
                data/AssignNumConstant.tsv.gz
                data/AssignLocal.tsv.gz
                data/OperatorAt.tsv.gz
                data/AssignUnop.tsv.gz
                data/AssignBinop.tsv.gz
                data/AssignOperFrom.tsv.gz
                data/AssignOperFromConstant.tsv.gz
                
18:32:02 [INFO] ---------- Transformed ADG Summary: ----------
18:32:02 [INFO] ADG Fact Nodes:                  15
18:32:02 [INFO] ADG Relational Nodes:            27
18:32:02 [INFO] ADG Fact Edges:                  15
18:32:02 [INFO] ADG Relational Edges:            56
18:32:02 [INFO] Number of inv. Strata:           4
18:32:02 [INFO] 
18:32:02 [INFO] Nodes with None Ancestry:        0
18:32:02 [INFO] Nodes with Positive Ancestry:    1
18:32:02 [INFO] Nodes with Negative Ancestry:    4
18:32:02 [INFO] Nodes with Unknown Ancestry:     22
18:32:02 [INFO] 
18:32:02 [INFO] Next rule name would be:         r_CON_24
18:32:02 [INFO] Next predicate name would be:    R_20
18:32:02 [INFO] Next constant name would be:     c_13
18:32:02 [INFO] Next string would be:            "str_6"
18:32:02 [INFO] 
18:32:02 [INFO] Output predicate:                R_OUT
18:32:02 [INFO] Rule count:                      37
18:32:02 [INFO] Average rel. arity:              3.7037037037037037
18:32:02 [INFO] Arity calc. may be inaccurate if arity > f64
18:32:02 [INFO] ----------------------------------------------
18:32:02 [INFO] 
18:32:02 [INFO] --------- Performed Transformations: ---------
18:32:02 [INFO]  #      Type
18:32:02 [INFO]  1      Failed Transformation Attempts
18:32:02 [INFO]  1      I     Add Relational Node
18:32:02 [INFO]  0      II    Add Fact Node and Edge
18:32:02 [INFO]  2      III   Add Relational edges - New Rule
18:32:02 [INFO]  3      IV    Add Relational Edge - New Literal
18:32:02 [INFO]  2      IX    Remove Fact Node and Edge
18:32:02 [INFO]  0      V     Remove Relational Edges - Whole Rule
18:32:02 [INFO]  0      VI    Remove Relational Edge - Single Literal
18:32:02 [INFO]  1      VII   Modify Rule - Add Equality
18:32:02 [INFO]  3      VIII  Modify Rule - Remove Equality
18:32:02 [INFO]  2      XI   Add Contradictory Rule
18:32:02 [INFO]  1      Xa     Remove Relational Node Rule Variant - None anc only
18:32:02 [INFO] ----------------------------------------------
18:32:02 [INFO] 
18:32:02 [INFO] Writing output ADG and file.
18:32:02 [INFO] 
18:32:02 [INFO] ----------------------------------------------
18:32:02 [INFO] -- Beginning Nemo Execution - Input Program --
18:32:02 [INFO] ----------------------------------------------
18:32:02 [INFO] Stratified program: [[0, 1, 2, 3, 4, 5, 6, 7, 8, 9, 10, 11, 12, 13, 14, 15, 16, 17, 18, 19, 21, 22, 23, 24, 25, 26, 27, 28, 30, 32, 34], [20, 29, 33], [31]]
18:32:02 [INFO] Loading source SimpleTable { arity: 3, data: [AnyDataValue(Iri(IriDataValue("c_3"))), AnyDataValue(Boolean(BooleanDataValue(false))), AnyDataValue(Boolean(BooleanDataValue(false))), AnyDataValue(PlainString(StringDataValue("str_1"))), AnyDataValue(Iri(IriDataValue("c_4"))), AnyDataValue(Iri(IriDataValue("c_4"))), AnyDataValue(Boolean(BooleanDataValue(false))), AnyDataValue(Boolean(BooleanDataValue(false))), AnyDataValue(Iri(IriDataValue("c_8"))), AnyDataValue(Iri(IriDataValue("c_7"))), AnyDataValue(UnsignedLong(UnsignedLongDataValue(9279495288604027523))), AnyDataValue(PlainString(StringDataValue("str_2"))), AnyDataValue(UnsignedLong(UnsignedLongDataValue(4487698052649856559))), AnyDataValue(UnsignedLong(UnsignedLongDataValue(12760214355863357105))), AnyDataValue(Iri(IriDataValue("c_4"))), AnyDataValue(UnsignedLong(UnsignedLongDataValue(16123572820087669298))), AnyDataValue(PlainString(StringDataValue("str_3"))), AnyDataValue(UnsignedLong(UnsignedLongDataValue(15048429416213653994)))] }
18:32:02 [INFO] Execution step: Combining Tables
18:32:02 [INFO] Saved permanent table R_OUT (0-1) Permutation { idx_to_val: [], val_to_idx: [] } with 6 entries (10908)
18:32:02 [INFO] <<< STEP 1: APPLYING RULE 0 IntegerConstant(?var, ?val, ?meth) :- AssignNumConstant(?_BODY_1, ?_BODY_2, ?val, ?var, ?meth) >>>
18:32:02 [INFO] Loading source DsvReader { read: "<unspecified std::io::Read>", delimiter: 9, escape: None, value formats: DsvValueFormats([Anything, Anything, Anything, Anything, Anything]) }
18:32:02 [INFO] Starting data import
18:32:02 [INFO] Finished import: processed 42404 lines (dropped 1)
18:32:02 [INFO] Execution step: Body
18:32:02 [INFO] Saved temporary table: 42404 entries (1528670)
18:32:02 [INFO] Execution step: Duplicate Elimination (Datalog)
18:32:02 [INFO] Saved permanent table IntegerConstant (1) Permutation { idx_to_val: [], val_to_idx: [] } with 42404 entries (1528718)
18:32:02 [INFO] Rule duration: 283 ms
18:32:02 [INFO] <<< STEP 2: APPLYING RULE 0 IntegerConstant(?var, ?val, ?meth) :- AssignNumConstant(?_BODY_1, ?_BODY_2, ?val, ?var, ?meth) >>>
18:32:02 [INFO] Execution step: Body
18:32:02 [INFO] Trie does not contain any elements
18:32:02 [INFO] Execution step: Duplicate Elimination (Datalog)
18:32:02 [INFO] Trie does not contain any elements
18:32:02 [INFO] Rule duration: 0 ms
18:32:02 [INFO] <<< STEP 3: APPLYING RULE 3 IntegerConstant(?var, ?_HEAD_3, ?meth), ConstFolding(?ins, ?var, ?_HEAD_4, ?meth) :- AssignUnop(?ins, ?_BODY_1, ?var, ?meth), OperatorAt(?ins, ?op), AssignOperFromConstant(?ins, ?_BODY_2, ?val1), Equal(?op, "~"), Equal(?_HEAD_3, NumericSubtraction(0, ?val1)), Equal(?_HEAD_4, NumericSubtraction(0, ?val1)) >>>
18:32:02 [INFO] Loading source DsvReader { read: "<unspecified std::io::Read>", delimiter: 9, escape: None, value formats: DsvValueFormats([Anything, Anything, Anything, Anything]) }
18:32:02 [INFO] Starting data import
18:32:02 [INFO] Finished import: processed 4313 lines (dropped 1)
18:32:02 [INFO] Loading source DsvReader { read: "<unspecified std::io::Read>", delimiter: 9, escape: None, value formats: DsvValueFormats([Anything, Anything]) }
18:32:02 [INFO] Starting data import
18:32:03 [INFO] Finished import: processed 100922 lines (dropped 1)
18:32:03 [INFO] Loading source DsvReader { read: "<unspecified std::io::Read>", delimiter: 9, escape: None, value formats: DsvValueFormats([Anything, Anything, Anything]) }
18:32:03 [INFO] Starting data import
18:32:03 [INFO] Finished import: processed 16261 lines (dropped 1)
18:32:03 [INFO] Execution step: Body
18:32:03 [INFO] Trie does not contain any elements
18:32:03 [INFO] Trie does not contain any elements
18:32:03 [INFO] Execution step: Duplicate Elimination (Datalog)
18:32:03 [INFO] Trie does not contain any elements
18:32:03 [INFO] Execution step: Duplicate Elimination (Datalog)
18:32:03 [INFO] Trie does not contain any elements
18:32:03 [INFO] Rule duration: 291 ms
18:32:03 [INFO] <<< STEP 4: APPLYING RULE 5 IntegerConstant(?var, ?_HEAD_2, ?meth), ConstFolding(?ins, ?var, ?_HEAD_3, ?meth) :- AssignBinop(?ins, ?_BODY_1, ?var, ?meth), OperatorAt(?ins, ?op), AssignOperFromConstant(?ins, ?pos1, ?val1), AssignOperFromConstant(?ins, ?pos2, ?val2), Equal(?op, "+"), NumericLessthan(?pos1, ?pos2), Equal(?_HEAD_2, NumericSum(?val1, ?val2)), Equal(?_HEAD_3, NumericSum(?val1, ?val2)) >>>
18:32:03 [INFO] Loading source DsvReader { read: "<unspecified std::io::Read>", delimiter: 9, escape: None, value formats: DsvValueFormats([Anything, Anything, Anything, Anything]) }
18:32:03 [INFO] Starting data import
18:32:03 [INFO] Finished import: processed 26551 lines (dropped 1)
18:32:03 [INFO] Execution step: Body
18:32:03 [INFO] Trie does not contain any elements
18:32:03 [INFO] Trie does not contain any elements
18:32:03 [INFO] Execution step: Duplicate Elimination (Datalog)
18:32:03 [INFO] Trie does not contain any elements
18:32:03 [INFO] Execution step: Duplicate Elimination (Datalog)
18:32:03 [INFO] Trie does not contain any elements
18:32:03 [INFO] Rule duration: 91 ms
18:32:03 [INFO] <<< STEP 5: APPLYING RULE 9 IntegerConstant(?var, ?_HEAD_2, ?meth), ConstFolding(?ins, ?var, ?_HEAD_3, ?meth) :- AssignBinop(?ins, ?_BODY_1, ?var, ?meth), OperatorAt(?ins, ?op), AssignOperFromConstant(?ins, ?pos1, ?val1), AssignOperFromConstant(?ins, ?pos2, ?val2), Equal(?op, "-"), NumericLessthan(?pos1, ?pos2), Equal(?_HEAD_2, NumericSubtraction(?val1, ?val2)), Equal(?_HEAD_3, NumericSubtraction(?val1, ?val2)) >>>
18:32:03 [INFO] Execution step: Body
18:32:03 [INFO] Trie does not contain any elements
18:32:03 [INFO] Trie does not contain any elements
18:32:03 [INFO] Execution step: Duplicate Elimination (Datalog)
18:32:03 [INFO] Trie does not contain any elements
18:32:03 [INFO] Execution step: Duplicate Elimination (Datalog)
18:32:03 [INFO] Trie does not contain any elements
18:32:03 [INFO] Rule duration: 5 ms
18:32:03 [INFO] <<< STEP 6: APPLYING RULE 12 IntegerConstant(?var, ?_HEAD_2, ?meth), ConstFolding(?ins, ?var, ?_HEAD_3, ?meth) :- AssignBinop(?ins, ?_BODY_1, ?var, ?meth), OperatorAt(?ins, ?op), AssignOperFromConstant(?ins, ?pos1, ?val1), AssignOperFromConstant(?ins, ?pos2, ?val2), Equal(?op, "*"), NumericLessthan(?pos1, ?pos2), Equal(?_HEAD_2, NumericProduct(?val1, ?val2)), Equal(?_HEAD_3, NumericProduct(?val1, ?val2)) >>>
18:32:03 [INFO] Execution step: Body
18:32:03 [INFO] Trie does not contain any elements
18:32:03 [INFO] Trie does not contain any elements
18:32:03 [INFO] Execution step: Duplicate Elimination (Datalog)
18:32:03 [INFO] Trie does not contain any elements
18:32:03 [INFO] Execution step: Duplicate Elimination (Datalog)
18:32:03 [INFO] Trie does not contain any elements
18:32:03 [INFO] Rule duration: 5 ms
18:32:03 [INFO] <<< STEP 7: APPLYING RULE 16 IntegerConstant(?var, ?_HEAD_2, ?meth), ConstFolding(?ins, ?var, ?_HEAD_3, ?meth) :- AssignBinop(?ins, ?_BODY_1, ?var, ?meth), OperatorAt(?ins, ?op), AssignOperFromConstant(?ins, ?pos1, ?val1), AssignOperFromConstant(?ins, ?pos2, ?val2), Equal(?op, "/"), NumericLessthan(?pos1, ?pos2), Equal(?_HEAD_2, NumericDivision(?val1, ?val2)), Equal(?_HEAD_3, NumericDivision(?val1, ?val2)) >>>
18:32:03 [INFO] Execution step: Body
18:32:03 [INFO] Trie does not contain any elements
18:32:03 [INFO] Trie does not contain any elements
18:32:03 [INFO] Execution step: Duplicate Elimination (Datalog)
18:32:03 [INFO] Trie does not contain any elements
18:32:03 [INFO] Execution step: Duplicate Elimination (Datalog)
18:32:03 [INFO] Trie does not contain any elements
18:32:03 [INFO] Rule duration: 4 ms
18:32:03 [INFO] <<< STEP 8: APPLYING RULE 1 IntegerConstant(?var_to, ?val, ?meth), ConstFolding(?ins, ?var_to, ?val, ?meth) :- AssignLocal(?ins, ?_BODY_1, ?var_from, ?var_to, ?meth), false(?_BODY_2), IntegerConstant(?var_from, ?val, ?meth), Equal(?_BODY_2, StringContains(?ins, "phi-assign")) >>>
18:32:03 [INFO] Loading source DsvReader { read: "<unspecified std::io::Read>", delimiter: 9, escape: None, value formats: DsvValueFormats([Anything, Anything, Anything, Anything, Anything]) }
18:32:03 [INFO] Starting data import
18:32:04 [INFO] Finished import: processed 287461 lines (dropped 1)
18:32:04 [INFO] Loading source SimpleTable { arity: 1, data: [AnyDataValue(Boolean(BooleanDataValue(false)))] }
18:32:04 [INFO] Execution step: Body
18:32:04 [INFO] Saved temporary table: 2139 entries (108344)
18:32:04 [INFO] Saved temporary table: 2139 entries (96000)
18:32:04 [INFO] Execution step: Duplicate Elimination (Datalog)
18:32:04 [INFO] Saved permanent table ConstFolding (8) Permutation { idx_to_val: [], val_to_idx: [] } with 2139 entries (108392)
18:32:04 [INFO] Execution step: Duplicate Elimination (Datalog)
18:32:04 [INFO] Saved permanent table IntegerConstant (8) Permutation { idx_to_val: [], val_to_idx: [] } with 2139 entries (96048)
18:32:04 [INFO] Rule duration: 1806 ms
18:32:04 [INFO] <<< STEP 9: APPLYING RULE 1 IntegerConstant(?var_to, ?val, ?meth), ConstFolding(?ins, ?var_to, ?val, ?meth) :- AssignLocal(?ins, ?_BODY_1, ?var_from, ?var_to, ?meth), false(?_BODY_2), IntegerConstant(?var_from, ?val, ?meth), Equal(?_BODY_2, StringContains(?ins, "phi-assign")) >>>
18:32:04 [INFO] Execution step: Body
18:32:04 [INFO] Saved temporary table: 609 entries (43018)
18:32:04 [INFO] Saved temporary table: 609 entries (36794)
18:32:04 [INFO] Execution step: Duplicate Elimination (Datalog)
18:32:04 [INFO] Saved permanent table ConstFolding (9) Permutation { idx_to_val: [], val_to_idx: [] } with 609 entries (43066)
18:32:04 [INFO] Execution step: Duplicate Elimination (Datalog)
18:32:04 [INFO] Saved permanent table IntegerConstant (9) Permutation { idx_to_val: [], val_to_idx: [] } with 609 entries (36842)
18:32:04 [INFO] Rule duration: 20 ms
18:32:04 [INFO] <<< STEP 10: APPLYING RULE 1 IntegerConstant(?var_to, ?val, ?meth), ConstFolding(?ins, ?var_to, ?val, ?meth) :- AssignLocal(?ins, ?_BODY_1, ?var_from, ?var_to, ?meth), false(?_BODY_2), IntegerConstant(?var_from, ?val, ?meth), Equal(?_BODY_2, StringContains(?ins, "phi-assign")) >>>
18:32:04 [INFO] Execution step: Body
18:32:04 [INFO] Saved temporary table: 227 entries (25022)
18:32:04 [INFO] Saved temporary table: 227 entries (20326)
18:32:04 [INFO] Execution step: Duplicate Elimination (Datalog)
18:32:04 [INFO] Saved permanent table ConstFolding (10) Permutation { idx_to_val: [], val_to_idx: [] } with 227 entries (25070)
18:32:04 [INFO] Execution step: Duplicate Elimination (Datalog)
18:32:05 [INFO] Saved permanent table IntegerConstant (10) Permutation { idx_to_val: [], val_to_idx: [] } with 227 entries (20374)
18:32:05 [INFO] Rule duration: 4 ms
18:32:05 [INFO] <<< STEP 11: APPLYING RULE 1 IntegerConstant(?var_to, ?val, ?meth), ConstFolding(?ins, ?var_to, ?val, ?meth) :- AssignLocal(?ins, ?_BODY_1, ?var_from, ?var_to, ?meth), false(?_BODY_2), IntegerConstant(?var_from, ?val, ?meth), Equal(?_BODY_2, StringContains(?ins, "phi-assign")) >>>
18:32:05 [INFO] Execution step: Body
18:32:05 [INFO] Saved temporary table: 118 entries (15894)
18:32:05 [INFO] Saved temporary table: 118 entries (20154)
18:32:05 [INFO] Execution step: Duplicate Elimination (Datalog)
18:32:05 [INFO] Saved permanent table IntegerConstant (11) Permutation { idx_to_val: [], val_to_idx: [] } with 118 entries (15942)
18:32:05 [INFO] Execution step: Duplicate Elimination (Datalog)
18:32:05 [INFO] Saved permanent table ConstFolding (11) Permutation { idx_to_val: [], val_to_idx: [] } with 118 entries (20202)
18:32:05 [INFO] Rule duration: 1 ms
18:32:05 [INFO] <<< STEP 12: APPLYING RULE 1 IntegerConstant(?var_to, ?val, ?meth), ConstFolding(?ins, ?var_to, ?val, ?meth) :- AssignLocal(?ins, ?_BODY_1, ?var_from, ?var_to, ?meth), false(?_BODY_2), IntegerConstant(?var_from, ?val, ?meth), Equal(?_BODY_2, StringContains(?ins, "phi-assign")) >>>
18:32:05 [INFO] Execution step: Body
18:32:05 [INFO] Saved temporary table: 83 entries (14494)
18:32:05 [INFO] Saved temporary table: 83 entries (18614)
18:32:05 [INFO] Execution step: Duplicate Elimination (Datalog)
18:32:05 [INFO] Saved permanent table IntegerConstant (12) Permutation { idx_to_val: [], val_to_idx: [] } with 83 entries (14542)
18:32:05 [INFO] Execution step: Duplicate Elimination (Datalog)
18:32:05 [INFO] Saved permanent table ConstFolding (12) Permutation { idx_to_val: [], val_to_idx: [] } with 83 entries (18662)
18:32:05 [INFO] Rule duration: 2 ms
18:32:05 [INFO] <<< STEP 13: APPLYING RULE 1 IntegerConstant(?var_to, ?val, ?meth), ConstFolding(?ins, ?var_to, ?val, ?meth) :- AssignLocal(?ins, ?_BODY_1, ?var_from, ?var_to, ?meth), false(?_BODY_2), IntegerConstant(?var_from, ?val, ?meth), Equal(?_BODY_2, StringContains(?ins, "phi-assign")) >>>
18:32:05 [INFO] Execution step: Body
18:32:05 [INFO] Saved temporary table: 64 entries (17526)
18:32:05 [INFO] Saved temporary table: 64 entries (13482)
18:32:05 [INFO] Execution step: Duplicate Elimination (Datalog)
18:32:05 [INFO] Saved permanent table ConstFolding (13) Permutation { idx_to_val: [], val_to_idx: [] } with 64 entries (17574)
18:32:05 [INFO] Execution step: Duplicate Elimination (Datalog)
18:32:05 [INFO] Saved permanent table IntegerConstant (13) Permutation { idx_to_val: [], val_to_idx: [] } with 64 entries (13530)
18:32:05 [INFO] Rule duration: 0 ms
18:32:05 [INFO] <<< STEP 14: APPLYING RULE 1 IntegerConstant(?var_to, ?val, ?meth), ConstFolding(?ins, ?var_to, ?val, ?meth) :- AssignLocal(?ins, ?_BODY_1, ?var_from, ?var_to, ?meth), false(?_BODY_2), IntegerConstant(?var_from, ?val, ?meth), Equal(?_BODY_2, StringContains(?ins, "phi-assign")) >>>
18:32:05 [INFO] Execution step: Body
18:32:05 [INFO] Saved temporary table: 47 entries (21292)
18:32:05 [INFO] Saved temporary table: 47 entries (15448)
18:32:05 [INFO] Execution step: Duplicate Elimination (Datalog)
18:32:05 [INFO] Saved permanent table ConstFolding (14) Permutation { idx_to_val: [], val_to_idx: [] } with 47 entries (21340)
18:32:05 [INFO] Execution step: Duplicate Elimination (Datalog)
18:32:05 [INFO] Saved permanent table IntegerConstant (14) Permutation { idx_to_val: [], val_to_idx: [] } with 47 entries (15496)
18:32:05 [INFO] Rule duration: 0 ms
18:32:05 [INFO] Execution step: Combining Tables
18:32:05 [INFO] Saved permanent table IntegerConstant (0-16) Permutation { idx_to_val: [], val_to_idx: [] } with 45691 entries (1828736)
18:32:05 [INFO] <<< STEP 15: APPLYING RULE 1 IntegerConstant(?var_to, ?val, ?meth), ConstFolding(?ins, ?var_to, ?val, ?meth) :- AssignLocal(?ins, ?_BODY_1, ?var_from, ?var_to, ?meth), false(?_BODY_2), IntegerConstant(?var_from, ?val, ?meth), Equal(?_BODY_2, StringContains(?ins, "phi-assign")) >>>
18:32:05 [INFO] Execution step: Body
18:32:05 [INFO] Saved temporary table: 33 entries (13888)
18:32:05 [INFO] Saved temporary table: 33 entries (19004)
18:32:05 [INFO] Execution step: Duplicate Elimination (Datalog)
18:32:05 [INFO] Saved permanent table IntegerConstant (15) Permutation { idx_to_val: [], val_to_idx: [] } with 33 entries (13936)
18:32:05 [INFO] Execution step: Duplicate Elimination (Datalog)
18:32:05 [INFO] Saved permanent table ConstFolding (15) Permutation { idx_to_val: [], val_to_idx: [] } with 33 entries (19052)
18:32:05 [INFO] Rule duration: 26 ms
18:32:05 [INFO] Execution step: Combining Tables
18:32:05 [INFO] Saved permanent table ConstFolding (0-17) Permutation { idx_to_val: [], val_to_idx: [] } with 3320 entries (159992)
18:32:05 [INFO] <<< STEP 16: APPLYING RULE 1 IntegerConstant(?var_to, ?val, ?meth), ConstFolding(?ins, ?var_to, ?val, ?meth) :- AssignLocal(?ins, ?_BODY_1, ?var_from, ?var_to, ?meth), false(?_BODY_2), IntegerConstant(?var_from, ?val, ?meth), Equal(?_BODY_2, StringContains(?ins, "phi-assign")) >>>
18:32:05 [INFO] Execution step: Body
18:32:05 [INFO] Saved temporary table: 25 entries (12992)
18:32:05 [INFO] Saved temporary table: 25 entries (17692)
18:32:05 [INFO] Execution step: Duplicate Elimination (Datalog)
18:32:05 [INFO] Saved permanent table IntegerConstant (16) Permutation { idx_to_val: [], val_to_idx: [] } with 25 entries (13040)
18:32:05 [INFO] Execution step: Duplicate Elimination (Datalog)
18:32:05 [INFO] Saved permanent table ConstFolding (16) Permutation { idx_to_val: [], val_to_idx: [] } with 25 entries (17740)
18:32:05 [INFO] Rule duration: 1 ms
18:32:05 [INFO] <<< STEP 17: APPLYING RULE 1 IntegerConstant(?var_to, ?val, ?meth), ConstFolding(?ins, ?var_to, ?val, ?meth) :- AssignLocal(?ins, ?_BODY_1, ?var_from, ?var_to, ?meth), false(?_BODY_2), IntegerConstant(?var_from, ?val, ?meth), Equal(?_BODY_2, StringContains(?ins, "phi-assign")) >>>
18:32:05 [INFO] Execution step: Body
18:32:05 [INFO] Saved temporary table: 19 entries (16708)
18:32:05 [INFO] Saved temporary table: 19 entries (12320)
18:32:05 [INFO] Execution step: Duplicate Elimination (Datalog)
18:32:05 [INFO] Saved permanent table ConstFolding (17) Permutation { idx_to_val: [], val_to_idx: [] } with 19 entries (16756)
18:32:05 [INFO] Execution step: Duplicate Elimination (Datalog)
18:32:05 [INFO] Saved permanent table IntegerConstant (17) Permutation { idx_to_val: [], val_to_idx: [] } with 19 entries (12368)
18:32:05 [INFO] Rule duration: 0 ms
18:32:05 [INFO] <<< STEP 18: APPLYING RULE 1 IntegerConstant(?var_to, ?val, ?meth), ConstFolding(?ins, ?var_to, ?val, ?meth) :- AssignLocal(?ins, ?_BODY_1, ?var_from, ?var_to, ?meth), false(?_BODY_2), IntegerConstant(?var_from, ?val, ?meth), Equal(?_BODY_2, StringContains(?ins, "phi-assign")) >>>
18:32:05 [INFO] Execution step: Body
18:32:05 [INFO] Saved temporary table: 15 entries (11872)
18:32:05 [INFO] Saved temporary table: 15 entries (16052)
18:32:05 [INFO] Execution step: Duplicate Elimination (Datalog)
18:32:05 [INFO] Saved permanent table IntegerConstant (18) Permutation { idx_to_val: [], val_to_idx: [] } with 15 entries (11920)
18:32:05 [INFO] Execution step: Duplicate Elimination (Datalog)
18:32:05 [INFO] Saved permanent table ConstFolding (18) Permutation { idx_to_val: [], val_to_idx: [] } with 15 entries (16100)
18:32:05 [INFO] Rule duration: 0 ms
18:32:05 [INFO] <<< STEP 19: APPLYING RULE 1 IntegerConstant(?var_to, ?val, ?meth), ConstFolding(?ins, ?var_to, ?val, ?meth) :- AssignLocal(?ins, ?_BODY_1, ?var_from, ?var_to, ?meth), false(?_BODY_2), IntegerConstant(?var_from, ?val, ?meth), Equal(?_BODY_2, StringContains(?ins, "phi-assign")) >>>
18:32:05 [INFO] Execution step: Body
18:32:05 [INFO] Saved temporary table: 12 entries (15568)
18:32:05 [INFO] Saved temporary table: 12 entries (11544)
18:32:05 [INFO] Execution step: Duplicate Elimination (Datalog)
18:32:05 [INFO] Saved permanent table ConstFolding (19) Permutation { idx_to_val: [], val_to_idx: [] } with 12 entries (15616)
18:32:05 [INFO] Execution step: Duplicate Elimination (Datalog)
18:32:05 [INFO] Saved permanent table IntegerConstant (19) Permutation { idx_to_val: [], val_to_idx: [] } with 12 entries (11592)
18:32:05 [INFO] Rule duration: 0 ms
18:32:05 [INFO] <<< STEP 20: APPLYING RULE 1 IntegerConstant(?var_to, ?val, ?meth), ConstFolding(?ins, ?var_to, ?val, ?meth) :- AssignLocal(?ins, ?_BODY_1, ?var_from, ?var_to, ?meth), false(?_BODY_2), IntegerConstant(?var_from, ?val, ?meth), Equal(?_BODY_2, StringContains(?ins, "phi-assign")) >>>
18:32:05 [INFO] Execution step: Body
18:32:05 [INFO] Saved temporary table: 10 entries (11320)
18:32:05 [INFO] Saved temporary table: 10 entries (15240)
18:32:05 [INFO] Execution step: Duplicate Elimination (Datalog)
18:32:05 [INFO] Saved permanent table IntegerConstant (20) Permutation { idx_to_val: [], val_to_idx: [] } with 10 entries (11368)
18:32:05 [INFO] Execution step: Duplicate Elimination (Datalog)
18:32:05 [INFO] Saved permanent table ConstFolding (20) Permutation { idx_to_val: [], val_to_idx: [] } with 10 entries (15288)
18:32:05 [INFO] Rule duration: 0 ms
18:32:05 [INFO] <<< STEP 21: APPLYING RULE 1 IntegerConstant(?var_to, ?val, ?meth), ConstFolding(?ins, ?var_to, ?val, ?meth) :- AssignLocal(?ins, ?_BODY_1, ?var_from, ?var_to, ?meth), false(?_BODY_2), IntegerConstant(?var_from, ?val, ?meth), Equal(?_BODY_2, StringContains(?ins, "phi-assign")) >>>
18:32:05 [INFO] Execution step: Body
18:32:05 [INFO] Saved temporary table: 8 entries (14912)
18:32:05 [INFO] Saved temporary table: 8 entries (11096)
18:32:05 [INFO] Execution step: Duplicate Elimination (Datalog)
18:32:05 [INFO] Saved permanent table ConstFolding (21) Permutation { idx_to_val: [], val_to_idx: [] } with 8 entries (14960)
18:32:05 [INFO] Execution step: Duplicate Elimination (Datalog)
18:32:05 [INFO] Saved permanent table IntegerConstant (21) Permutation { idx_to_val: [], val_to_idx: [] } with 8 entries (11144)
18:32:05 [INFO] Rule duration: 0 ms
18:32:05 [INFO] <<< STEP 22: APPLYING RULE 1 IntegerConstant(?var_to, ?val, ?meth), ConstFolding(?ins, ?var_to, ?val, ?meth) :- AssignLocal(?ins, ?_BODY_1, ?var_from, ?var_to, ?meth), false(?_BODY_2), IntegerConstant(?var_from, ?val, ?meth), Equal(?_BODY_2, StringContains(?ins, "phi-assign")) >>>
18:32:05 [INFO] Execution step: Body
18:32:05 [INFO] Saved temporary table: 2 entries (13928)
18:32:05 [INFO] Saved temporary table: 2 entries (10424)
18:32:05 [INFO] Execution step: Duplicate Elimination (Datalog)
18:32:05 [INFO] Saved permanent table ConstFolding (22) Permutation { idx_to_val: [], val_to_idx: [] } with 2 entries (13976)
18:32:05 [INFO] Execution step: Duplicate Elimination (Datalog)
18:32:05 [INFO] Saved permanent table IntegerConstant (22) Permutation { idx_to_val: [], val_to_idx: [] } with 2 entries (10472)
18:32:05 [INFO] Rule duration: 0 ms
18:32:05 [INFO] Execution step: Combining Tables
18:32:05 [INFO] Saved permanent table IntegerConstant (16-24) Permutation { idx_to_val: [], val_to_idx: [] } with 91 entries (14682)
18:32:05 [INFO] <<< STEP 23: APPLYING RULE 1 IntegerConstant(?var_to, ?val, ?meth), ConstFolding(?ins, ?var_to, ?val, ?meth) :- AssignLocal(?ins, ?_BODY_1, ?var_from, ?var_to, ?meth), false(?_BODY_2), IntegerConstant(?var_from, ?val, ?meth), Equal(?_BODY_2, StringContains(?ins, "phi-assign")) >>>
18:32:05 [INFO] Execution step: Body
18:32:05 [INFO] Saved temporary table: 2 entries (13928)
18:32:05 [INFO] Saved temporary table: 2 entries (10424)
18:32:05 [INFO] Execution step: Duplicate Elimination (Datalog)
18:32:05 [INFO] Saved permanent table ConstFolding (23) Permutation { idx_to_val: [], val_to_idx: [] } with 2 entries (13976)
18:32:05 [INFO] Execution step: Duplicate Elimination (Datalog)
18:32:05 [INFO] Saved permanent table IntegerConstant (23) Permutation { idx_to_val: [], val_to_idx: [] } with 2 entries (10472)
18:32:05 [INFO] Rule duration: 0 ms
18:32:05 [INFO] Execution step: Combining Tables
18:32:05 [INFO] Saved permanent table ConstFolding (17-25) Permutation { idx_to_val: [], val_to_idx: [] } with 68 entries (17750)
18:32:05 [INFO] <<< STEP 24: APPLYING RULE 1 IntegerConstant(?var_to, ?val, ?meth), ConstFolding(?ins, ?var_to, ?val, ?meth) :- AssignLocal(?ins, ?_BODY_1, ?var_from, ?var_to, ?meth), false(?_BODY_2), IntegerConstant(?var_from, ?val, ?meth), Equal(?_BODY_2, StringContains(?ins, "phi-assign")) >>>
18:32:05 [INFO] Execution step: Body
18:32:05 [INFO] Saved temporary table: 2 entries (10424)
18:32:05 [INFO] Saved temporary table: 2 entries (13928)
18:32:05 [INFO] Execution step: Duplicate Elimination (Datalog)
18:32:05 [INFO] Saved permanent table IntegerConstant (24) Permutation { idx_to_val: [], val_to_idx: [] } with 2 entries (10472)
18:32:05 [INFO] Execution step: Duplicate Elimination (Datalog)
18:32:05 [INFO] Saved permanent table ConstFolding (24) Permutation { idx_to_val: [], val_to_idx: [] } with 2 entries (13976)
18:32:05 [INFO] Rule duration: 0 ms
18:32:05 [INFO] <<< STEP 25: APPLYING RULE 1 IntegerConstant(?var_to, ?val, ?meth), ConstFolding(?ins, ?var_to, ?val, ?meth) :- AssignLocal(?ins, ?_BODY_1, ?var_from, ?var_to, ?meth), false(?_BODY_2), IntegerConstant(?var_from, ?val, ?meth), Equal(?_BODY_2, StringContains(?ins, "phi-assign")) >>>
18:32:05 [INFO] Execution step: Body
18:32:05 [INFO] Saved temporary table: 2 entries (13928)
18:32:05 [INFO] Saved temporary table: 2 entries (10424)
18:32:05 [INFO] Execution step: Duplicate Elimination (Datalog)
18:32:05 [INFO] Saved permanent table ConstFolding (25) Permutation { idx_to_val: [], val_to_idx: [] } with 2 entries (13976)
18:32:05 [INFO] Execution step: Duplicate Elimination (Datalog)
18:32:05 [INFO] Saved permanent table IntegerConstant (25) Permutation { idx_to_val: [], val_to_idx: [] } with 2 entries (10472)
18:32:05 [INFO] Rule duration: 0 ms
18:32:05 [INFO] <<< STEP 26: APPLYING RULE 1 IntegerConstant(?var_to, ?val, ?meth), ConstFolding(?ins, ?var_to, ?val, ?meth) :- AssignLocal(?ins, ?_BODY_1, ?var_from, ?var_to, ?meth), false(?_BODY_2), IntegerConstant(?var_from, ?val, ?meth), Equal(?_BODY_2, StringContains(?ins, "phi-assign")) >>>
18:32:05 [INFO] Execution step: Body
18:32:05 [INFO] Saved temporary table: 1 entries (13764)
18:32:05 [INFO] Saved temporary table: 1 entries (10312)
18:32:05 [INFO] Execution step: Duplicate Elimination (Datalog)
18:32:05 [INFO] Saved permanent table ConstFolding (26) Permutation { idx_to_val: [], val_to_idx: [] } with 1 entries (13812)
18:32:05 [INFO] Execution step: Duplicate Elimination (Datalog)
18:32:05 [INFO] Saved permanent table IntegerConstant (26) Permutation { idx_to_val: [], val_to_idx: [] } with 1 entries (10360)
18:32:05 [INFO] Rule duration: 0 ms
18:32:05 [INFO] <<< STEP 27: APPLYING RULE 1 IntegerConstant(?var_to, ?val, ?meth), ConstFolding(?ins, ?var_to, ?val, ?meth) :- AssignLocal(?ins, ?_BODY_1, ?var_from, ?var_to, ?meth), false(?_BODY_2), IntegerConstant(?var_from, ?val, ?meth), Equal(?_BODY_2, StringContains(?ins, "phi-assign")) >>>
18:32:05 [INFO] Execution step: Body
18:32:05 [INFO] Trie does not contain any elements
18:32:05 [INFO] Trie does not contain any elements
18:32:05 [INFO] Execution step: Duplicate Elimination (Datalog)
18:32:05 [INFO] Trie does not contain any elements
18:32:05 [INFO] Execution step: Duplicate Elimination (Datalog)
18:32:05 [INFO] Trie does not contain any elements
18:32:05 [INFO] Rule duration: 0 ms
18:32:05 [INFO] <<< STEP 28: APPLYING RULE 2 IntegerConstant(?var, ?_HEAD_3, ?meth), ConstFolding(?ins, ?var, ?_HEAD_4, ?meth) :- AssignUnop(?ins, ?_BODY_1, ?var, ?meth), OperatorAt(?ins, ?op), AssignOperFrom(?ins, ?_BODY_2, ?var1), IntegerConstant(?var1, ?val1, ?meth), Equal(?op, "~"), Equal(?_HEAD_3, NumericSubtraction(0, ?val1)), Equal(?_HEAD_4, NumericSubtraction(0, ?val1)) >>>
18:32:05 [INFO] Loading source DsvReader { read: "<unspecified std::io::Read>", delimiter: 9, escape: None, value formats: DsvValueFormats([Anything, Anything, Anything]) }
18:32:05 [INFO] Starting data import
18:32:05 [INFO] Finished import: processed 41154 lines (dropped 1)
18:32:05 [INFO] Execution step: Body
18:32:05 [INFO] Trie does not contain any elements
18:32:05 [INFO] Trie does not contain any elements
18:32:05 [INFO] Execution step: Duplicate Elimination (Datalog)
18:32:05 [INFO] Trie does not contain any elements
18:32:05 [INFO] Execution step: Duplicate Elimination (Datalog)
18:32:05 [INFO] Trie does not contain any elements
18:32:05 [INFO] Rule duration: 129 ms
18:32:05 [INFO] <<< STEP 29: APPLYING RULE 4 IntegerConstant(?var, ?_HEAD_4, ?meth), ConstFolding(?ins, ?var, ?_HEAD_5, ?meth) :- AssignBinop(?ins, ?_BODY_1, ?var, ?meth), OperatorAt(?ins, ?op), AssignOperFromConstant(?ins, ?_BODY_2, ?val1), AssignOperFrom(?ins, ?_BODY_3, ?var2), IntegerConstant(?var2, ?val2, ?meth), Equal(?op, "+"), Equal(?_HEAD_4, NumericSum(?val1, ?val2)), Equal(?_HEAD_5, NumericSum(?val1, ?val2)) >>>
18:32:05 [INFO] Execution step: Body
18:32:05 [INFO] Trie does not contain any elements
18:32:05 [INFO] Trie does not contain any elements
18:32:05 [INFO] Execution step: Duplicate Elimination (Datalog)
18:32:05 [INFO] Trie does not contain any elements
18:32:05 [INFO] Execution step: Duplicate Elimination (Datalog)
18:32:05 [INFO] Trie does not contain any elements
18:32:05 [INFO] Rule duration: 17 ms
18:32:05 [INFO] <<< STEP 30: APPLYING RULE 6 IntegerConstant(?var, ?_HEAD_2, ?meth), ConstFolding(?ins, ?var, ?_HEAD_3, ?meth) :- AssignBinop(?ins, ?_BODY_1, ?var, ?meth), OperatorAt(?ins, ?op), AssignOperFrom(?ins, ?pos1, ?var1), AssignOperFrom(?ins, ?pos2, ?var2), IntegerConstant(?var1, ?val1, ?meth), IntegerConstant(?var2, ?val2, ?meth), Equal(?op, "+"), NumericLessthan(?pos1, ?pos2), Equal(?_HEAD_2, NumericSum(?val1, ?val2)), Equal(?_HEAD_3, NumericSum(?val1, ?val2)) >>>
18:32:05 [INFO] Execution step: Body
18:32:05 [INFO] Trie does not contain any elements
18:32:05 [INFO] Trie does not contain any elements
18:32:05 [INFO] Execution step: Duplicate Elimination (Datalog)
18:32:05 [INFO] Trie does not contain any elements
18:32:05 [INFO] Execution step: Duplicate Elimination (Datalog)
18:32:05 [INFO] Trie does not contain any elements
18:32:05 [INFO] Rule duration: 31 ms
18:32:05 [INFO] <<< STEP 31: APPLYING RULE 7 IntegerConstant(?var, ?_HEAD_2, ?meth), ConstFolding(?ins, ?var, ?_HEAD_3, ?meth) :- AssignBinop(?ins, ?_BODY_1, ?var, ?meth), OperatorAt(?ins, ?op), AssignOperFromConstant(?ins, ?pos1, ?val1), AssignOperFrom(?ins, ?pos2, ?var2), IntegerConstant(?var2, ?val2, ?meth), Equal(?op, "-"), NumericLessthan(?pos1, ?pos2), Equal(?_HEAD_2, NumericSubtraction(?val1, ?val2)), Equal(?_HEAD_3, NumericSubtraction(?val1, ?val2)) >>>
18:32:05 [INFO] Execution step: Body
18:32:05 [INFO] Trie does not contain any elements
18:32:05 [INFO] Trie does not contain any elements
18:32:05 [INFO] Execution step: Duplicate Elimination (Datalog)
18:32:05 [INFO] Trie does not contain any elements
18:32:05 [INFO] Execution step: Duplicate Elimination (Datalog)
18:32:05 [INFO] Trie does not contain any elements
18:32:05 [INFO] Rule duration: 5 ms
18:32:05 [INFO] <<< STEP 32: APPLYING RULE 8 IntegerConstant(?var, ?_HEAD_2, ?meth), ConstFolding(?ins, ?var, ?_HEAD_3, ?meth) :- AssignBinop(?ins, ?_BODY_1, ?var, ?meth), OperatorAt(?ins, ?op), AssignOperFrom(?ins, ?pos1, ?var1), IntegerConstant(?var1, ?val1, ?meth), AssignOperFromConstant(?ins, ?pos2, ?val2), Equal(?op, "-"), NumericLessthan(?pos1, ?pos2), Equal(?_HEAD_2, NumericSubtraction(?val1, ?val2)), Equal(?_HEAD_3, NumericSubtraction(?val1, ?val2)) >>>
18:32:05 [INFO] Execution step: Body
18:32:05 [INFO] Trie does not contain any elements
18:32:05 [INFO] Trie does not contain any elements
18:32:05 [INFO] Execution step: Duplicate Elimination (Datalog)
18:32:05 [INFO] Trie does not contain any elements
18:32:05 [INFO] Execution step: Duplicate Elimination (Datalog)
18:32:05 [INFO] Trie does not contain any elements
18:32:05 [INFO] Rule duration: 6 ms
18:32:05 [INFO] <<< STEP 33: APPLYING RULE 10 IntegerConstant(?var, ?_HEAD_2, ?meth), ConstFolding(?ins, ?var, ?_HEAD_3, ?meth) :- AssignBinop(?ins, ?_BODY_1, ?var, ?meth), OperatorAt(?ins, ?op), AssignOperFrom(?ins, ?pos1, ?var1), AssignOperFrom(?ins, ?pos2, ?var2), IntegerConstant(?var1, ?val1, ?meth), IntegerConstant(?var2, ?val2, ?meth), Equal(?op, "-"), NumericLessthan(?pos1, ?pos2), Equal(?_HEAD_2, NumericSubtraction(?val1, ?val2)), Equal(?_HEAD_3, NumericSubtraction(?val1, ?val2)) >>>
18:32:05 [INFO] Execution step: Body
18:32:05 [INFO] Trie does not contain any elements
18:32:05 [INFO] Trie does not contain any elements
18:32:05 [INFO] Execution step: Duplicate Elimination (Datalog)
18:32:05 [INFO] Trie does not contain any elements
18:32:05 [INFO] Execution step: Duplicate Elimination (Datalog)
18:32:05 [INFO] Trie does not contain any elements
18:32:05 [INFO] Rule duration: 39 ms
18:32:05 [INFO] <<< STEP 34: APPLYING RULE 11 IntegerConstant(?var, ?_HEAD_4, ?meth), ConstFolding(?ins, ?var, ?_HEAD_5, ?meth) :- AssignBinop(?ins, ?_BODY_1, ?var, ?meth), OperatorAt(?ins, ?op), AssignOperFromConstant(?ins, ?_BODY_2, ?val1), AssignOperFrom(?ins, ?_BODY_3, ?var2), IntegerConstant(?var2, ?val2, ?meth), Equal(?op, "*"), Equal(?_HEAD_4, NumericProduct(?val1, ?val2)), Equal(?_HEAD_5, NumericProduct(?val1, ?val2)) >>>
18:32:05 [INFO] Execution step: Body
18:32:05 [INFO] Trie does not contain any elements
18:32:05 [INFO] Trie does not contain any elements
18:32:05 [INFO] Execution step: Duplicate Elimination (Datalog)
18:32:05 [INFO] Trie does not contain any elements
18:32:05 [INFO] Execution step: Duplicate Elimination (Datalog)
18:32:05 [INFO] Trie does not contain any elements
18:32:05 [INFO] Rule duration: 7 ms
18:32:05 [INFO] <<< STEP 35: APPLYING RULE 13 IntegerConstant(?var, ?_HEAD_2, ?meth), ConstFolding(?ins, ?var, ?_HEAD_3, ?meth) :- AssignBinop(?ins, ?_BODY_1, ?var, ?meth), OperatorAt(?ins, ?op), AssignOperFrom(?ins, ?pos1, ?var1), AssignOperFrom(?ins, ?pos2, ?var2), IntegerConstant(?var1, ?val1, ?meth), IntegerConstant(?var2, ?val2, ?meth), Equal(?op, "*"), NumericLessthan(?pos1, ?pos2), Equal(?_HEAD_2, NumericProduct(?val1, ?val2)), Equal(?_HEAD_3, NumericProduct(?val1, ?val2)) >>>
18:32:05 [INFO] Execution step: Body
18:32:05 [INFO] Trie does not contain any elements
18:32:05 [INFO] Trie does not contain any elements
18:32:05 [INFO] Execution step: Duplicate Elimination (Datalog)
18:32:05 [INFO] Trie does not contain any elements
18:32:05 [INFO] Execution step: Duplicate Elimination (Datalog)
18:32:05 [INFO] Trie does not contain any elements
18:32:05 [INFO] Rule duration: 40 ms
18:32:05 [INFO] <<< STEP 36: APPLYING RULE 14 IntegerConstant(?var, ?_HEAD_2, ?meth), ConstFolding(?ins, ?var, ?_HEAD_3, ?meth) :- AssignBinop(?ins, ?_BODY_1, ?var, ?meth), OperatorAt(?ins, ?op), AssignOperFromConstant(?ins, ?pos1, ?val1), AssignOperFrom(?ins, ?pos2, ?var2), IntegerConstant(?var2, ?val2, ?meth), Equal(?op, "/"), NumericLessthan(?pos1, ?pos2), Equal(?_HEAD_2, NumericDivision(?val1, ?val2)), Equal(?_HEAD_3, NumericDivision(?val1, ?val2)) >>>
18:32:05 [INFO] Execution step: Body
18:32:05 [INFO] Trie does not contain any elements
18:32:05 [INFO] Trie does not contain any elements
18:32:05 [INFO] Execution step: Duplicate Elimination (Datalog)
18:32:05 [INFO] Trie does not contain any elements
18:32:05 [INFO] Execution step: Duplicate Elimination (Datalog)
18:32:05 [INFO] Trie does not contain any elements
18:32:05 [INFO] Rule duration: 6 ms
18:32:05 [INFO] <<< STEP 37: APPLYING RULE 15 IntegerConstant(?var, ?_HEAD_2, ?meth), ConstFolding(?ins, ?var, ?_HEAD_3, ?meth) :- AssignBinop(?ins, ?_BODY_1, ?var, ?meth), OperatorAt(?ins, ?op), AssignOperFrom(?ins, ?pos1, ?var1), IntegerConstant(?var1, ?val1, ?meth), AssignOperFromConstant(?ins, ?pos2, ?val2), Equal(?op, "/"), NumericLessthan(?pos1, ?pos2), Equal(?_HEAD_2, NumericDivision(?val1, ?val2)), Equal(?_HEAD_3, NumericDivision(?val1, ?val2)) >>>
18:32:05 [INFO] Execution step: Body
18:32:05 [INFO] Trie does not contain any elements
18:32:05 [INFO] Trie does not contain any elements
18:32:05 [INFO] Execution step: Duplicate Elimination (Datalog)
18:32:05 [INFO] Trie does not contain any elements
18:32:05 [INFO] Execution step: Duplicate Elimination (Datalog)
18:32:05 [INFO] Trie does not contain any elements
18:32:05 [INFO] Rule duration: 6 ms
18:32:05 [INFO] <<< STEP 38: APPLYING RULE 17 IntegerConstant(?var, ?_HEAD_2, ?meth), ConstFolding(?ins, ?var, ?_HEAD_3, ?meth) :- AssignBinop(?ins, ?_BODY_1, ?var, ?meth), OperatorAt(?ins, ?op), AssignOperFrom(?ins, ?pos1, ?var1), AssignOperFrom(?ins, ?pos2, ?var2), IntegerConstant(?var1, ?val1, ?meth), IntegerConstant(?var2, ?val2, ?meth), Equal(?op, "/"), NumericLessthan(?pos1, ?pos2), Equal(?_HEAD_2, NumericDivision(?val1, ?val2)), Equal(?_HEAD_3, NumericDivision(?val1, ?val2)) >>>
18:32:05 [INFO] Execution step: Body
18:32:05 [INFO] Trie does not contain any elements
18:32:05 [INFO] Trie does not contain any elements
18:32:05 [INFO] Execution step: Duplicate Elimination (Datalog)
18:32:05 [INFO] Trie does not contain any elements
18:32:05 [INFO] Execution step: Duplicate Elimination (Datalog)
18:32:05 [INFO] Trie does not contain any elements
18:32:05 [INFO] Rule duration: 33 ms
18:32:05 [INFO] <<< STEP 39: APPLYING RULE 19 R_2(?X_2, ?X_1, ?X_5, ?X_3, ?X_2) :- OperatorAt(?X_2, ?X_1), OperatorAt(?X_5, ?X_3), OperatorAt(?X_2, ?_BODY_1), Equal(?_BODY_1, ?X_2) >>>
18:32:05 [INFO] Execution step: Body
18:32:05 [INFO] Trie does not contain any elements
18:32:05 [INFO] Execution step: Duplicate Elimination (Datalog)
18:32:05 [INFO] Trie does not contain any elements
18:32:05 [INFO] Rule duration: 56 ms
18:32:05 [INFO] <<< STEP 40: APPLYING RULE 24 R_11(?X_5, "false"^^<http://www.w3.org/2001/XMLSchema#boolean>, ?X_3, ?X_1, ?X_2, ?X_1) :- AssignUnop(?_BODY_1, ?_BODY_2, ?X_3, ?X_1), AssignUnop(?X_2, ?X_1, ?X_3, ?X_5), R_2(?X_2, ?X_5, ?Z_1, ?X_3, ?X_1), Equal(?_BODY_1, "false"^^<http://www.w3.org/2001/XMLSchema#boolean>), Equal(?_BODY_2, "false"^^<http://www.w3.org/2001/XMLSchema#boolean>) >>>
18:32:05 [INFO] Execution step: Body
18:32:05 [INFO] Trie does not contain any elements
18:32:05 [INFO] Execution step: Duplicate Elimination (Datalog)
18:32:05 [INFO] Trie does not contain any elements
18:32:05 [INFO] Rule duration: 5 ms
18:32:05 [INFO] <<< STEP 41: APPLYING RULE 18 R_1(?X_1, ?X_2, ?X_3, "phi-assign", ?X_5, ?X_6) :- R_10(?X_1, ?X_2, ?X_3, ?_BODY_1, ?X_5, ?X_6), Equal(?_BODY_1, "phi-assign") >>>
18:32:05 [INFO] Execution step: Body
18:32:05 [INFO] Trie does not contain any elements
18:32:05 [INFO] Execution step: Duplicate Elimination (Datalog)
18:32:05 [INFO] Trie does not contain any elements
18:32:05 [INFO] Rule duration: 0 ms
18:32:05 [INFO] <<< STEP 42: APPLYING RULE 21 R_14("false"^^<http://www.w3.org/2001/XMLSchema#boolean>, ?X_2) :- R_7(?_BODY_1, ?X_2, ?_BODY_2, ?Y_1), Equal(?_BODY_1, "false"^^<http://www.w3.org/2001/XMLSchema#boolean>), Equal(?_BODY_2, "false"^^<http://www.w3.org/2001/XMLSchema#boolean>) >>>
18:32:05 [INFO] Execution step: Body
18:32:05 [INFO] Trie does not contain any elements
18:32:05 [INFO] Execution step: Duplicate Elimination (Datalog)
18:32:05 [INFO] Trie does not contain any elements
18:32:05 [INFO] Rule duration: 0 ms
18:32:05 [INFO] <<< STEP 43: APPLYING RULE 22 R_4(?X_2, ?X_1, "false"^^<http://www.w3.org/2001/XMLSchema#boolean>, ?X_1) :- R_6(?X_2, ?X_1, ?_BODY_1, ?_BODY_2), AssignBinop(?X_1, ?_BODY_3, ?_BODY_4, ?_BODY_5), Equal(?_BODY_1, "false"^^<http://www.w3.org/2001/XMLSchema#boolean>), Equal(?_BODY_2, ?X_1), Equal(?_BODY_3, ?X_1), Equal(?_BODY_4, ?X_1), Equal(?_BODY_5, "phi-assign") >>>
18:32:05 [INFO] Execution step: Body
18:32:05 [INFO] Trie does not contain any elements
18:32:05 [INFO] Execution step: Duplicate Elimination (Datalog)
18:32:05 [INFO] Trie does not contain any elements
18:32:05 [INFO] Rule duration: 0 ms
18:32:05 [INFO] <<< STEP 44: APPLYING RULE 23 R_5(?X_1) :- R_8(?_BODY_1, ?X_1, ?_BODY_2, ?_BODY_3), IntegerConstant(?X_1, ?_BODY_4, ?Z_2), Equal(?_BODY_1, "phi-assign"), Equal(?_BODY_2, ?X_1), Equal(?_BODY_3, ?X_1), Equal(?_BODY_4, ?X_1) >>>
18:32:05 [INFO] Execution step: Body
18:32:05 [INFO] Trie does not contain any elements
18:32:05 [INFO] Execution step: Duplicate Elimination (Datalog)
18:32:05 [INFO] Trie does not contain any elements
18:32:05 [INFO] Rule duration: 0 ms
18:32:05 [INFO] <<< STEP 45: APPLYING RULE 25 R_10(?X_2, "false"^^<http://www.w3.org/2001/XMLSchema#boolean>, ?X_6, ?X_1, ?X_3, ?X_4) :- R_3(?X_2, ?_BODY_1, ?X_6, ?X_1, ?X_3, ?X_4), R_4(?Z_1, ?X_6, ?X_1, ?X_3), Equal(?_BODY_1, "false"^^<http://www.w3.org/2001/XMLSchema#boolean>) >>>
18:32:05 [INFO] Execution step: Body
18:32:05 [INFO] Trie does not contain any elements
18:32:05 [INFO] Execution step: Duplicate Elimination (Datalog)
18:32:05 [INFO] Trie does not contain any elements
18:32:05 [INFO] Rule duration: 0 ms
18:32:05 [INFO] <<< STEP 46: APPLYING RULE 26 R_3(?X_6, ?X_3, "phi-assign", ?X_2, ?X_5, ?X_4) :- AssignOperFrom(?X_6, ?X_3, ?_BODY_1), AssignOperFrom(?X_2, ?X_5, ?X_4), R_1(?X_2, ?Z_3, ?_BODY_2, ?X_5, ?_BODY_3, ?Z_1), R_5(?X_3), Equal(?_BODY_1, "phi-assign"), Equal(?_BODY_2, "phi-assign"), Equal(?_BODY_3, ?X_5) >>>
18:32:05 [INFO] Execution step: Body
18:32:05 [INFO] Trie does not contain any elements
18:32:05 [INFO] Execution step: Duplicate Elimination (Datalog)
18:32:05 [INFO] Trie does not contain any elements
18:32:05 [INFO] Rule duration: 25 ms
18:32:05 [INFO] <<< STEP 47: APPLYING RULE 27 R_16(?X_4, ?X_6, ?X_2, ?X_4, ?X_1, ?X_3) :- R_2(?Y_2, ?X_6, ?X_2, ?_BODY_1, ?X_1), R_2(?X_3, ?X_4, ?_BODY_2, ?_BODY_3, ?_BODY_4), AssignOperFromConstant(?X_6, ?_BODY_5, ?X_4), R_6(?X_6, ?Z_1, ?Z_6, ?X_3), Equal(?_BODY_1, ?X_6), Equal(?_BODY_2, ?X_4), Equal(?_BODY_3, "false"^^<http://www.w3.org/2001/XMLSchema#boolean>), Equal(?_BODY_4, ?X_4), Equal(?_BODY_5, ?X_6) >>>
18:32:05 [INFO] Execution step: Body
18:32:05 [INFO] Trie does not contain any elements
18:32:05 [INFO] Execution step: Duplicate Elimination (Datalog)
18:32:05 [INFO] Trie does not contain any elements
18:32:05 [INFO] Rule duration: 4 ms
18:32:05 [INFO] <<< STEP 48: APPLYING RULE 28 R_7(?X_2, ?X_4, ?X_3, ?X_1) :- R_6(?X_2, ?X_4, ?X_3, ?X_1), AssignUnop(?Z_2, ?X_2, ?X_4, ?X_3), false(?X_4), R_9(?X_4, ?X_1), AssignOperFrom(?X_3, ?_BODY_1, ?_BODY_2), Equal(?_BODY_1, ?X_3), Equal(?_BODY_2, "phi-assign") >>>
18:32:05 [INFO] Execution step: Project/Reorder
18:32:05 [INFO] Saved temporary table: 41154 entries (875122)
18:32:05 [INFO] Execution step: Body
18:32:05 [INFO] Trie does not contain any elements
18:32:05 [INFO] Execution step: Duplicate Elimination (Datalog)
18:32:05 [INFO] Trie does not contain any elements
18:32:05 [INFO] Rule duration: 8 ms
18:32:05 [INFO] <<< STEP 49: APPLYING RULE 30 R_6(?X_2, ?X_1, ?X_1, ?X_4) :- AssignLocal(?X_2, ?X_4, ?X_1, ?_BODY_1, ?_BODY_2), OperatorAt(?X_1, ?X_2), R_3(?X_2, ?_BODY_3, ?Z_3, ?Z_5, ?X_1, ?X_4), R_11(?X_2, ?X_4, ?_BODY_4, ?X_1, ?_BODY_5, ?_BODY_6), AssignLocal(?X_1, ?X_4, ?_BODY_7, ?_BODY_8, ?_BODY_9), Equal(?_BODY_1, ?X_4), Equal(?_BODY_2, ?X_1), Equal(?_BODY_3, "false"^^<http://www.w3.org/2001/XMLSchema#boolean>), Equal(?_BODY_4, ?X_2), Equal(?_BODY_5, ?X_1), Equal(?_BODY_6, ?X_4), Equal(?_BODY_7, "phi-assign"), Equal(?_BODY_8, ?X_1), Equal(?_BODY_9, ?X_1) >>>
18:32:05 [INFO] Execution step: Project/Reorder
18:32:05 [INFO] Saved temporary table: 287461 entries (6917664)
18:32:05 [INFO] Execution step: Body
18:32:05 [INFO] Trie does not contain any elements
18:32:05 [INFO] Execution step: Duplicate Elimination (Datalog)
18:32:05 [INFO] Trie does not contain any elements
18:32:05 [INFO] Rule duration: 418 ms
18:32:05 [INFO] <<< STEP 50: APPLYING RULE 32 R_8(?X_2, ?X_1, ?X_3, "false"^^<http://www.w3.org/2001/XMLSchema#boolean>) :- AssignOperFrom(?X_2, ?_BODY_1, ?X_3), AssignOperFrom(?_BODY_2, ?X_1, ?X_2), R_14(?Z_3, ?Z_1), Equal(?_BODY_1, "false"^^<http://www.w3.org/2001/XMLSchema#boolean>), Equal(?_BODY_2, "false"^^<http://www.w3.org/2001/XMLSchema#boolean>) >>>
18:32:05 [INFO] Execution step: Body
18:32:05 [INFO] Trie does not contain any elements
18:32:05 [INFO] Execution step: Duplicate Elimination (Datalog)
18:32:05 [INFO] Trie does not contain any elements
18:32:05 [INFO] Rule duration: 0 ms
18:32:05 [INFO] <<< STEP 51: APPLYING RULE 34 R_9(?X_2, ?X_1) :- AssignOperFrom(?X_2, ?X_1, ?_BODY_1), R_7(?X_2, ?Z_1, ?_BODY_2, ?_BODY_3), R_16(?X_1, ?X_2, ?_BODY_4, ?_BODY_5, ?Z_2, ?Z_4), Equal(?_BODY_1, ?X_2), Equal(?_BODY_2, ?X_2), Equal(?_BODY_3, ?X_2), Equal(?_BODY_4, ?X_2), Equal(?_BODY_5, ?X_2) >>>
18:32:05 [INFO] Execution step: Body
18:32:05 [INFO] Trie does not contain any elements
18:32:05 [INFO] Execution step: Duplicate Elimination (Datalog)
18:32:05 [INFO] Trie does not contain any elements
18:32:05 [INFO] Rule duration: 0 ms
18:32:05 [INFO] <<< STEP 52: APPLYING RULE 29 R_12("false"^^<http://www.w3.org/2001/XMLSchema#boolean>) :- R_1(?Y_1, ?_BODY_1, ?_BODY_2, ?_BODY_3, ?_BODY_4, ?_BODY_5), AssignNumConstant(?Z_1, ?Y_1, ?_BODY_6, ?_BODY_7, ?_BODY_8), R_10(?Y_1, ?Z_1, ?_BODY_9, ?_BODY_10, ?_BODY_11, ?_BODY_12), Equal(?_BODY_1, "false"^^<http://www.w3.org/2001/XMLSchema#boolean>), Equal(?_BODY_2, "false"^^<http://www.w3.org/2001/XMLSchema#boolean>), Equal(?_BODY_3, "false"^^<http://www.w3.org/2001/XMLSchema#boolean>), Equal(?_BODY_4, "false"^^<http://www.w3.org/2001/XMLSchema#boolean>), Equal(?_BODY_5, "false"^^<http://www.w3.org/2001/XMLSchema#boolean>), Equal(?_BODY_6, "phi-assign"), Equal(?_BODY_7, "phi-assign"), Equal(?_BODY_8, ?Y_1), Equal(?_BODY_9, ?Y_1), Equal(?_BODY_10, ?Y_1), Equal(?_BODY_11, ?Y_1), Equal(?_BODY_12, "false"^^<http://www.w3.org/2001/XMLSchema#boolean>) >>>
18:32:05 [INFO] Loading source SimpleTable { arity: 1, data: [AnyDataValue(PlainString(StringDataValue("phi-assign"))), AnyDataValue(Iri(IriDataValue("c_7"))), AnyDataValue(Iri(IriDataValue("c_10")))] }
18:32:05 [INFO] Execution step: Project/Reorder
18:32:05 [INFO] Trie does not contain any elements
18:32:05 [INFO] Execution step: Body
18:32:05 [INFO] Trie does not contain any elements
18:32:05 [INFO] Execution step: Duplicate Elimination (Datalog)
18:32:05 [INFO] Trie does not contain any elements
18:32:05 [INFO] Rule duration: 30 ms
18:32:05 [INFO] <<< STEP 53: APPLYING RULE 33 R_15(?X_1, ?X_1, ?X_4, "false"^^<http://www.w3.org/2001/XMLSchema#boolean>) :- R_15(?X_1, ?_BODY_1, ?X_4, ?_BODY_2), R_12(?X_1), R_15(?X_1, ?_BODY_3, ?_BODY_4, ?_BODY_5), Equal(?_BODY_1, ?X_1), Equal(?_BODY_2, "false"^^<http://www.w3.org/2001/XMLSchema#boolean>), Equal(?_BODY_3, "false"^^<http://www.w3.org/2001/XMLSchema#boolean>), Equal(?_BODY_4, ?X_1), Equal(?_BODY_5, ?X_1) >>>
18:32:05 [INFO] Loading source SimpleTable { arity: 4, data: [AnyDataValue(Iri(IriDataValue("c_4"))), AnyDataValue(Iri(IriDataValue("c_2"))), AnyDataValue(Iri(IriDataValue("c_5"))), AnyDataValue(Iri(IriDataValue("c_6"))), AnyDataValue(PlainString(StringDataValue("str_1"))), AnyDataValue(Boolean(BooleanDataValue(false))), AnyDataValue(Iri(IriDataValue("c_5"))), AnyDataValue(Iri(IriDataValue("c_7"))), AnyDataValue(UnsignedLong(UnsignedLongDataValue(2264630112112403150))), AnyDataValue(PlainString(StringDataValue("str_1"))), AnyDataValue(Iri(IriDataValue("c_9"))), AnyDataValue(Boolean(BooleanDataValue(false)))] }
18:32:05 [INFO] Execution step: Body
18:32:05 [INFO] Trie does not contain any elements
18:32:05 [INFO] Execution step: Duplicate Elimination (Datalog)
18:32:05 [INFO] Trie does not contain any elements
18:32:05 [INFO] Rule duration: 0 ms
18:32:05 [INFO] <<< STEP 54: APPLYING RULE 20 R_13(?X_2, "false"^^<http://www.w3.org/2001/XMLSchema#boolean>) :- R_15(?X_2, ?_BODY_1, ?_BODY_2, ?_BODY_3), Equal(?_BODY_1, ?X_2), Equal(?_BODY_2, "false"^^<http://www.w3.org/2001/XMLSchema#boolean>), Equal(?_BODY_3, ?X_2) >>>
18:32:05 [INFO] Loading source SimpleTable { arity: 2, data: [AnyDataValue(Iri(IriDataValue("c_1"))), AnyDataValue(Iri(IriDataValue("c_2"))), AnyDataValue(UnsignedLong(UnsignedLongDataValue(2264630112112403150))), AnyDataValue(Iri(IriDataValue("c_5"))), AnyDataValue(UnsignedLong(UnsignedLongDataValue(11763158723879529998))), AnyDataValue(Iri(IriDataValue("c_4"))), AnyDataValue(Iri(IriDataValue("c_10"))), AnyDataValue(PlainString(StringDataValue("str_2"))), AnyDataValue(Iri(IriDataValue("c_3"))), AnyDataValue(Iri(IriDataValue("c_5")))] }
18:32:05 [INFO] Execution step: Body
18:32:05 [INFO] Trie does not contain any elements
18:32:05 [INFO] Execution step: Duplicate Elimination (Datalog)
18:32:05 [INFO] Trie does not contain any elements
18:32:05 [INFO] Rule duration: 0 ms
18:32:05 [INFO] <<< STEP 55: APPLYING RULE 31 R_OUT(?X_3, ?X_3, ?X_1) :- AssignOperFromConstant(?X_3, ?_BODY_1, ?X_1), ConstFolding(?X_1, ?_BODY_2, ?_BODY_3, ?X_3), R_8(?X_3, ?X_1, ?_BODY_4, ?_BODY_5), R_13(?X_3, ?_BODY_6), Equal(?_BODY_1, ?X_3), Equal(?_BODY_2, ?X_1), Equal(?_BODY_3, ?X_1), Equal(?_BODY_4, "phi-assign"), Equal(?_BODY_5, ?X_3), Equal(?_BODY_6, ?X_3) >>>
18:32:05 [INFO] Execution step: Project/Reorder
18:32:05 [INFO] Saved temporary table: 3418 entries (136688)
18:32:05 [INFO] Execution step: Project/Reorder
18:32:05 [INFO] Trie does not contain any elements
18:32:05 [INFO] Execution step: Project/Reorder
18:32:05 [INFO] Saved temporary table: 5 entries (7140)
18:32:05 [INFO] Execution step: Body
18:32:05 [INFO] Trie does not contain any elements
18:32:05 [INFO] Execution step: Duplicate Elimination (Datalog)
18:32:05 [INFO] Trie does not contain any elements
18:32:05 [INFO] Rule duration: 33 ms
18:32:05 [INFO] Execution step: Combining Tables
18:32:05 [INFO] Saved permanent table R_OUT (0-1) Permutation { idx_to_val: [], val_to_idx: [] } with 6 entries (10908)
18:32:05 [INFO] ----------------------------------------------
18:32:05 [INFO] --- Finished Nemo Execution - Input Program --
18:32:05 [INFO] Output size: 6
18:32:05 [INFO] ----------------------------------------------
18:32:05 [INFO] 
18:32:05 [INFO] ----------------------------------------------
18:32:05 [INFO] Beginning Nemo Execution - Transformed Program
18:32:05 [INFO] ----------------------------------------------
18:32:06 [INFO] Stratified program: [[0, 1, 2, 3, 4, 5, 6, 7, 8, 9, 10, 11, 12, 13, 14, 15, 16, 17, 19, 24], [18, 21, 22, 23, 25, 26, 27, 28, 30, 31, 32, 34, 35], [20, 29, 33], [36]]
18:32:06 [INFO] Loading source SimpleTable { arity: 3, data: [AnyDataValue(Iri(IriDataValue("c_3"))), AnyDataValue(Boolean(BooleanDataValue(false))), AnyDataValue(Boolean(BooleanDataValue(false))), AnyDataValue(PlainString(StringDataValue("str_1"))), AnyDataValue(Iri(IriDataValue("c_4"))), AnyDataValue(Iri(IriDataValue("c_4"))), AnyDataValue(Boolean(BooleanDataValue(false))), AnyDataValue(Boolean(BooleanDataValue(false))), AnyDataValue(Iri(IriDataValue("c_8"))), AnyDataValue(Iri(IriDataValue("c_7"))), AnyDataValue(UnsignedLong(UnsignedLongDataValue(9279495288604027523))), AnyDataValue(PlainString(StringDataValue("str_2")))] }
18:32:06 [INFO] Execution step: Combining Tables
18:32:06 [INFO] Saved permanent table R_OUT (0-1) Permutation { idx_to_val: [], val_to_idx: [] } with 4 entries (10680)
18:32:06 [INFO] <<< STEP 1: APPLYING RULE 0 IntegerConstant(?var, ?val, ?meth) :- AssignNumConstant(?_BODY_1, ?_BODY_2, ?val, ?var, ?meth) >>>
18:32:06 [INFO] Loading source DsvReader { read: "<unspecified std::io::Read>", delimiter: 9, escape: None, value formats: DsvValueFormats([Anything, Anything, Anything, Anything, Anything]) }
18:32:06 [INFO] Starting data import
18:32:06 [INFO] Finished import: processed 42404 lines (dropped 1)
18:32:06 [INFO] Execution step: Body
18:32:06 [INFO] Saved temporary table: 42404 entries (1528670)
18:32:06 [INFO] Execution step: Duplicate Elimination (Datalog)
18:32:06 [INFO] Saved permanent table IntegerConstant (1) Permutation { idx_to_val: [], val_to_idx: [] } with 42404 entries (1528718)
18:32:06 [INFO] Rule duration: 222 ms
18:32:06 [INFO] <<< STEP 2: APPLYING RULE 0 IntegerConstant(?var, ?val, ?meth) :- AssignNumConstant(?_BODY_1, ?_BODY_2, ?val, ?var, ?meth) >>>
18:32:06 [INFO] Execution step: Body
18:32:06 [INFO] Trie does not contain any elements
18:32:06 [INFO] Execution step: Duplicate Elimination (Datalog)
18:32:06 [INFO] Trie does not contain any elements
18:32:06 [INFO] Rule duration: 0 ms
18:32:06 [INFO] <<< STEP 3: APPLYING RULE 3 IntegerConstant(?var, ?_HEAD_3, ?meth), ConstFolding(?ins, ?var, ?_HEAD_4, ?meth) :- AssignUnop(?ins, ?_BODY_1, ?var, ?meth), OperatorAt(?ins, ?op), AssignOperFromConstant(?ins, ?_BODY_2, ?val1), Equal(?op, "~"), Equal(?_HEAD_3, NumericSubtraction(0, ?val1)), Equal(?_HEAD_4, NumericSubtraction(0, ?val1)) >>>
18:32:06 [INFO] Loading source DsvReader { read: "<unspecified std::io::Read>", delimiter: 9, escape: None, value formats: DsvValueFormats([Anything, Anything, Anything, Anything]) }
18:32:06 [INFO] Starting data import
18:32:06 [INFO] Finished import: processed 4313 lines (dropped 1)
18:32:06 [INFO] Loading source DsvReader { read: "<unspecified std::io::Read>", delimiter: 9, escape: None, value formats: DsvValueFormats([Anything, Anything]) }
18:32:06 [INFO] Starting data import
18:32:06 [INFO] Finished import: processed 100922 lines (dropped 1)
18:32:06 [INFO] Loading source DsvReader { read: "<unspecified std::io::Read>", delimiter: 9, escape: None, value formats: DsvValueFormats([Anything, Anything, Anything]) }
18:32:06 [INFO] Starting data import
18:32:06 [INFO] Finished import: processed 16261 lines (dropped 1)
18:32:06 [INFO] Execution step: Body
18:32:06 [INFO] Trie does not contain any elements
18:32:06 [INFO] Trie does not contain any elements
18:32:06 [INFO] Execution step: Duplicate Elimination (Datalog)
18:32:06 [INFO] Trie does not contain any elements
18:32:06 [INFO] Execution step: Duplicate Elimination (Datalog)
18:32:06 [INFO] Trie does not contain any elements
18:32:06 [INFO] Rule duration: 283 ms
18:32:06 [INFO] <<< STEP 4: APPLYING RULE 5 IntegerConstant(?var, ?_HEAD_2, ?meth), ConstFolding(?ins, ?var, ?_HEAD_3, ?meth) :- AssignBinop(?ins, ?_BODY_1, ?var, ?meth), OperatorAt(?ins, ?op), AssignOperFromConstant(?ins, ?pos1, ?val1), AssignOperFromConstant(?ins, ?pos2, ?val2), Equal(?op, "+"), NumericLessthan(?pos1, ?pos2), Equal(?_HEAD_2, NumericSum(?val1, ?val2)), Equal(?_HEAD_3, NumericSum(?val1, ?val2)) >>>
18:32:06 [INFO] Loading source DsvReader { read: "<unspecified std::io::Read>", delimiter: 9, escape: None, value formats: DsvValueFormats([Anything, Anything, Anything, Anything]) }
18:32:06 [INFO] Starting data import
18:32:06 [INFO] Finished import: processed 26551 lines (dropped 1)
18:32:06 [INFO] Execution step: Body
18:32:06 [INFO] Trie does not contain any elements
18:32:06 [INFO] Trie does not contain any elements
18:32:06 [INFO] Execution step: Duplicate Elimination (Datalog)
18:32:06 [INFO] Trie does not contain any elements
18:32:06 [INFO] Execution step: Duplicate Elimination (Datalog)
18:32:06 [INFO] Trie does not contain any elements
18:32:06 [INFO] Rule duration: 88 ms
18:32:06 [INFO] <<< STEP 5: APPLYING RULE 9 IntegerConstant(?var, ?_HEAD_2, ?meth), ConstFolding(?ins, ?var, ?_HEAD_3, ?meth) :- AssignBinop(?ins, ?_BODY_1, ?var, ?meth), OperatorAt(?ins, ?op), AssignOperFromConstant(?ins, ?pos1, ?val1), AssignOperFromConstant(?ins, ?pos2, ?val2), Equal(?op, "-"), NumericLessthan(?pos1, ?pos2), Equal(?_HEAD_2, NumericSubtraction(?val1, ?val2)), Equal(?_HEAD_3, NumericSubtraction(?val1, ?val2)) >>>
18:32:06 [INFO] Execution step: Body
18:32:06 [INFO] Trie does not contain any elements
18:32:06 [INFO] Trie does not contain any elements
18:32:06 [INFO] Execution step: Duplicate Elimination (Datalog)
18:32:06 [INFO] Trie does not contain any elements
18:32:06 [INFO] Execution step: Duplicate Elimination (Datalog)
18:32:06 [INFO] Trie does not contain any elements
18:32:06 [INFO] Rule duration: 5 ms
18:32:06 [INFO] <<< STEP 6: APPLYING RULE 12 IntegerConstant(?var, ?_HEAD_2, ?meth), ConstFolding(?ins, ?var, ?_HEAD_3, ?meth) :- AssignBinop(?ins, ?_BODY_1, ?var, ?meth), OperatorAt(?ins, ?op), AssignOperFromConstant(?ins, ?pos1, ?val1), AssignOperFromConstant(?ins, ?pos2, ?val2), Equal(?op, "*"), NumericLessthan(?pos1, ?pos2), Equal(?_HEAD_2, NumericProduct(?val1, ?val2)), Equal(?_HEAD_3, NumericProduct(?val1, ?val2)) >>>
18:32:06 [INFO] Execution step: Body
18:32:06 [INFO] Trie does not contain any elements
18:32:06 [INFO] Trie does not contain any elements
18:32:06 [INFO] Execution step: Duplicate Elimination (Datalog)
18:32:06 [INFO] Trie does not contain any elements
18:32:06 [INFO] Execution step: Duplicate Elimination (Datalog)
18:32:06 [INFO] Trie does not contain any elements
18:32:06 [INFO] Rule duration: 5 ms
18:32:06 [INFO] <<< STEP 7: APPLYING RULE 16 IntegerConstant(?var, ?_HEAD_2, ?meth), ConstFolding(?ins, ?var, ?_HEAD_3, ?meth) :- AssignBinop(?ins, ?_BODY_1, ?var, ?meth), OperatorAt(?ins, ?op), AssignOperFromConstant(?ins, ?pos1, ?val1), AssignOperFromConstant(?ins, ?pos2, ?val2), Equal(?op, "/"), NumericLessthan(?pos1, ?pos2), Equal(?_HEAD_2, NumericDivision(?val1, ?val2)), Equal(?_HEAD_3, NumericDivision(?val1, ?val2)) >>>
18:32:06 [INFO] Execution step: Body
18:32:06 [INFO] Trie does not contain any elements
18:32:06 [INFO] Trie does not contain any elements
18:32:06 [INFO] Execution step: Duplicate Elimination (Datalog)
18:32:06 [INFO] Trie does not contain any elements
18:32:06 [INFO] Execution step: Duplicate Elimination (Datalog)
18:32:06 [INFO] Trie does not contain any elements
18:32:06 [INFO] Rule duration: 5 ms
18:32:06 [INFO] <<< STEP 8: APPLYING RULE 1 IntegerConstant(?var_to, ?val, ?meth), ConstFolding(?ins, ?var_to, ?val, ?meth) :- AssignLocal(?ins, ?_BODY_1, ?var_from, ?var_to, ?meth), false(?_BODY_2), IntegerConstant(?var_from, ?val, ?meth), Equal(?_BODY_2, StringContains(?ins, "phi-assign")) >>>
18:32:06 [INFO] Loading source DsvReader { read: "<unspecified std::io::Read>", delimiter: 9, escape: None, value formats: DsvValueFormats([Anything, Anything, Anything, Anything, Anything]) }
18:32:06 [INFO] Starting data import
18:32:07 [INFO] Finished import: processed 287461 lines (dropped 1)
18:32:08 [INFO] Loading source SimpleTable { arity: 1, data: [AnyDataValue(Boolean(BooleanDataValue(false)))] }
18:32:08 [INFO] Execution step: Body
18:32:08 [INFO] Saved temporary table: 2139 entries (96000)
18:32:08 [INFO] Saved temporary table: 2139 entries (108344)
18:32:08 [INFO] Execution step: Duplicate Elimination (Datalog)
18:32:08 [INFO] Saved permanent table IntegerConstant (8) Permutation { idx_to_val: [], val_to_idx: [] } with 2139 entries (96048)
18:32:08 [INFO] Execution step: Duplicate Elimination (Datalog)
18:32:08 [INFO] Saved permanent table ConstFolding (8) Permutation { idx_to_val: [], val_to_idx: [] } with 2139 entries (108392)
18:32:08 [INFO] Rule duration: 1990 ms
18:32:08 [INFO] <<< STEP 9: APPLYING RULE 1 IntegerConstant(?var_to, ?val, ?meth), ConstFolding(?ins, ?var_to, ?val, ?meth) :- AssignLocal(?ins, ?_BODY_1, ?var_from, ?var_to, ?meth), false(?_BODY_2), IntegerConstant(?var_from, ?val, ?meth), Equal(?_BODY_2, StringContains(?ins, "phi-assign")) >>>
18:32:08 [INFO] Execution step: Body
18:32:08 [INFO] Saved temporary table: 609 entries (43018)
18:32:08 [INFO] Saved temporary table: 609 entries (36794)
18:32:08 [INFO] Execution step: Duplicate Elimination (Datalog)
18:32:08 [INFO] Saved permanent table ConstFolding (9) Permutation { idx_to_val: [], val_to_idx: [] } with 609 entries (43066)
18:32:08 [INFO] Execution step: Duplicate Elimination (Datalog)
18:32:08 [INFO] Saved permanent table IntegerConstant (9) Permutation { idx_to_val: [], val_to_idx: [] } with 609 entries (36842)
18:32:08 [INFO] Rule duration: 16 ms
18:32:08 [INFO] <<< STEP 10: APPLYING RULE 1 IntegerConstant(?var_to, ?val, ?meth), ConstFolding(?ins, ?var_to, ?val, ?meth) :- AssignLocal(?ins, ?_BODY_1, ?var_from, ?var_to, ?meth), false(?_BODY_2), IntegerConstant(?var_from, ?val, ?meth), Equal(?_BODY_2, StringContains(?ins, "phi-assign")) >>>
18:32:08 [INFO] Execution step: Body
18:32:08 [INFO] Saved temporary table: 227 entries (25022)
18:32:08 [INFO] Saved temporary table: 227 entries (20326)
18:32:08 [INFO] Execution step: Duplicate Elimination (Datalog)
18:32:08 [INFO] Saved permanent table ConstFolding (10) Permutation { idx_to_val: [], val_to_idx: [] } with 227 entries (25070)
18:32:08 [INFO] Execution step: Duplicate Elimination (Datalog)
18:32:08 [INFO] Saved permanent table IntegerConstant (10) Permutation { idx_to_val: [], val_to_idx: [] } with 227 entries (20374)
18:32:08 [INFO] Rule duration: 7 ms
18:32:08 [INFO] <<< STEP 11: APPLYING RULE 1 IntegerConstant(?var_to, ?val, ?meth), ConstFolding(?ins, ?var_to, ?val, ?meth) :- AssignLocal(?ins, ?_BODY_1, ?var_from, ?var_to, ?meth), false(?_BODY_2), IntegerConstant(?var_from, ?val, ?meth), Equal(?_BODY_2, StringContains(?ins, "phi-assign")) >>>
18:32:08 [INFO] Execution step: Body
18:32:08 [INFO] Saved temporary table: 118 entries (20154)
18:32:08 [INFO] Saved temporary table: 118 entries (15894)
18:32:08 [INFO] Execution step: Duplicate Elimination (Datalog)
18:32:08 [INFO] Saved permanent table ConstFolding (11) Permutation { idx_to_val: [], val_to_idx: [] } with 118 entries (20202)
18:32:08 [INFO] Execution step: Duplicate Elimination (Datalog)
18:32:08 [INFO] Saved permanent table IntegerConstant (11) Permutation { idx_to_val: [], val_to_idx: [] } with 118 entries (15942)
18:32:08 [INFO] Rule duration: 3 ms
18:32:08 [INFO] <<< STEP 12: APPLYING RULE 1 IntegerConstant(?var_to, ?val, ?meth), ConstFolding(?ins, ?var_to, ?val, ?meth) :- AssignLocal(?ins, ?_BODY_1, ?var_from, ?var_to, ?meth), false(?_BODY_2), IntegerConstant(?var_from, ?val, ?meth), Equal(?_BODY_2, StringContains(?ins, "phi-assign")) >>>
18:32:08 [INFO] Execution step: Body
18:32:08 [INFO] Saved temporary table: 83 entries (14494)
18:32:08 [INFO] Saved temporary table: 83 entries (18614)
18:32:08 [INFO] Execution step: Duplicate Elimination (Datalog)
18:32:08 [INFO] Saved permanent table IntegerConstant (12) Permutation { idx_to_val: [], val_to_idx: [] } with 83 entries (14542)
18:32:08 [INFO] Execution step: Duplicate Elimination (Datalog)
18:32:08 [INFO] Saved permanent table ConstFolding (12) Permutation { idx_to_val: [], val_to_idx: [] } with 83 entries (18662)
18:32:08 [INFO] Rule duration: 2 ms
18:32:08 [INFO] <<< STEP 13: APPLYING RULE 1 IntegerConstant(?var_to, ?val, ?meth), ConstFolding(?ins, ?var_to, ?val, ?meth) :- AssignLocal(?ins, ?_BODY_1, ?var_from, ?var_to, ?meth), false(?_BODY_2), IntegerConstant(?var_from, ?val, ?meth), Equal(?_BODY_2, StringContains(?ins, "phi-assign")) >>>
18:32:08 [INFO] Execution step: Body
18:32:08 [INFO] Saved temporary table: 64 entries (17526)
18:32:08 [INFO] Saved temporary table: 64 entries (13482)
18:32:08 [INFO] Execution step: Duplicate Elimination (Datalog)
18:32:08 [INFO] Saved permanent table ConstFolding (13) Permutation { idx_to_val: [], val_to_idx: [] } with 64 entries (17574)
18:32:08 [INFO] Execution step: Duplicate Elimination (Datalog)
18:32:08 [INFO] Saved permanent table IntegerConstant (13) Permutation { idx_to_val: [], val_to_idx: [] } with 64 entries (13530)
18:32:08 [INFO] Rule duration: 1 ms
18:32:08 [INFO] <<< STEP 14: APPLYING RULE 1 IntegerConstant(?var_to, ?val, ?meth), ConstFolding(?ins, ?var_to, ?val, ?meth) :- AssignLocal(?ins, ?_BODY_1, ?var_from, ?var_to, ?meth), false(?_BODY_2), IntegerConstant(?var_from, ?val, ?meth), Equal(?_BODY_2, StringContains(?ins, "phi-assign")) >>>
18:32:08 [INFO] Execution step: Body
18:32:08 [INFO] Saved temporary table: 47 entries (15448)
18:32:08 [INFO] Saved temporary table: 47 entries (21292)
18:32:08 [INFO] Execution step: Duplicate Elimination (Datalog)
18:32:08 [INFO] Saved permanent table IntegerConstant (14) Permutation { idx_to_val: [], val_to_idx: [] } with 47 entries (15496)
18:32:08 [INFO] Execution step: Duplicate Elimination (Datalog)
18:32:08 [INFO] Saved permanent table ConstFolding (14) Permutation { idx_to_val: [], val_to_idx: [] } with 47 entries (21340)
18:32:08 [INFO] Rule duration: 1 ms
18:32:08 [INFO] Execution step: Combining Tables
18:32:08 [INFO] Saved permanent table IntegerConstant (0-16) Permutation { idx_to_val: [], val_to_idx: [] } with 45691 entries (1828736)
18:32:08 [INFO] <<< STEP 15: APPLYING RULE 1 IntegerConstant(?var_to, ?val, ?meth), ConstFolding(?ins, ?var_to, ?val, ?meth) :- AssignLocal(?ins, ?_BODY_1, ?var_from, ?var_to, ?meth), false(?_BODY_2), IntegerConstant(?var_from, ?val, ?meth), Equal(?_BODY_2, StringContains(?ins, "phi-assign")) >>>
18:32:08 [INFO] Execution step: Body
18:32:08 [INFO] Saved temporary table: 33 entries (19004)
18:32:08 [INFO] Saved temporary table: 33 entries (13888)
18:32:08 [INFO] Execution step: Duplicate Elimination (Datalog)
18:32:08 [INFO] Saved permanent table ConstFolding (15) Permutation { idx_to_val: [], val_to_idx: [] } with 33 entries (19052)
18:32:08 [INFO] Execution step: Duplicate Elimination (Datalog)
18:32:08 [INFO] Saved permanent table IntegerConstant (15) Permutation { idx_to_val: [], val_to_idx: [] } with 33 entries (13936)
18:32:08 [INFO] Rule duration: 15 ms
18:32:08 [INFO] Execution step: Combining Tables
18:32:08 [INFO] Saved permanent table ConstFolding (0-17) Permutation { idx_to_val: [], val_to_idx: [] } with 3320 entries (159992)
18:32:08 [INFO] <<< STEP 16: APPLYING RULE 1 IntegerConstant(?var_to, ?val, ?meth), ConstFolding(?ins, ?var_to, ?val, ?meth) :- AssignLocal(?ins, ?_BODY_1, ?var_from, ?var_to, ?meth), false(?_BODY_2), IntegerConstant(?var_from, ?val, ?meth), Equal(?_BODY_2, StringContains(?ins, "phi-assign")) >>>
18:32:08 [INFO] Execution step: Body
18:32:08 [INFO] Saved temporary table: 25 entries (17692)
18:32:08 [INFO] Saved temporary table: 25 entries (12992)
18:32:08 [INFO] Execution step: Duplicate Elimination (Datalog)
18:32:08 [INFO] Saved permanent table ConstFolding (16) Permutation { idx_to_val: [], val_to_idx: [] } with 25 entries (17740)
18:32:08 [INFO] Execution step: Duplicate Elimination (Datalog)
18:32:08 [INFO] Saved permanent table IntegerConstant (16) Permutation { idx_to_val: [], val_to_idx: [] } with 25 entries (13040)
18:32:08 [INFO] Rule duration: 1 ms
18:32:08 [INFO] <<< STEP 17: APPLYING RULE 1 IntegerConstant(?var_to, ?val, ?meth), ConstFolding(?ins, ?var_to, ?val, ?meth) :- AssignLocal(?ins, ?_BODY_1, ?var_from, ?var_to, ?meth), false(?_BODY_2), IntegerConstant(?var_from, ?val, ?meth), Equal(?_BODY_2, StringContains(?ins, "phi-assign")) >>>
18:32:08 [INFO] Execution step: Body
18:32:08 [INFO] Saved temporary table: 19 entries (16708)
18:32:08 [INFO] Saved temporary table: 19 entries (12320)
18:32:08 [INFO] Execution step: Duplicate Elimination (Datalog)
18:32:08 [INFO] Saved permanent table ConstFolding (17) Permutation { idx_to_val: [], val_to_idx: [] } with 19 entries (16756)
18:32:08 [INFO] Execution step: Duplicate Elimination (Datalog)
18:32:08 [INFO] Saved permanent table IntegerConstant (17) Permutation { idx_to_val: [], val_to_idx: [] } with 19 entries (12368)
18:32:08 [INFO] Rule duration: 0 ms
18:32:08 [INFO] <<< STEP 18: APPLYING RULE 1 IntegerConstant(?var_to, ?val, ?meth), ConstFolding(?ins, ?var_to, ?val, ?meth) :- AssignLocal(?ins, ?_BODY_1, ?var_from, ?var_to, ?meth), false(?_BODY_2), IntegerConstant(?var_from, ?val, ?meth), Equal(?_BODY_2, StringContains(?ins, "phi-assign")) >>>
18:32:08 [INFO] Execution step: Body
18:32:08 [INFO] Saved temporary table: 15 entries (16052)
18:32:08 [INFO] Saved temporary table: 15 entries (11872)
18:32:08 [INFO] Execution step: Duplicate Elimination (Datalog)
18:32:08 [INFO] Saved permanent table ConstFolding (18) Permutation { idx_to_val: [], val_to_idx: [] } with 15 entries (16100)
18:32:08 [INFO] Execution step: Duplicate Elimination (Datalog)
18:32:08 [INFO] Saved permanent table IntegerConstant (18) Permutation { idx_to_val: [], val_to_idx: [] } with 15 entries (11920)
18:32:08 [INFO] Rule duration: 0 ms
18:32:08 [INFO] <<< STEP 19: APPLYING RULE 1 IntegerConstant(?var_to, ?val, ?meth), ConstFolding(?ins, ?var_to, ?val, ?meth) :- AssignLocal(?ins, ?_BODY_1, ?var_from, ?var_to, ?meth), false(?_BODY_2), IntegerConstant(?var_from, ?val, ?meth), Equal(?_BODY_2, StringContains(?ins, "phi-assign")) >>>
18:32:08 [INFO] Execution step: Body
18:32:08 [INFO] Saved temporary table: 12 entries (11544)
18:32:08 [INFO] Saved temporary table: 12 entries (15568)
18:32:08 [INFO] Execution step: Duplicate Elimination (Datalog)
18:32:08 [INFO] Saved permanent table IntegerConstant (19) Permutation { idx_to_val: [], val_to_idx: [] } with 12 entries (11592)
18:32:08 [INFO] Execution step: Duplicate Elimination (Datalog)
18:32:08 [INFO] Saved permanent table ConstFolding (19) Permutation { idx_to_val: [], val_to_idx: [] } with 12 entries (15616)
18:32:08 [INFO] Rule duration: 0 ms
18:32:08 [INFO] <<< STEP 20: APPLYING RULE 1 IntegerConstant(?var_to, ?val, ?meth), ConstFolding(?ins, ?var_to, ?val, ?meth) :- AssignLocal(?ins, ?_BODY_1, ?var_from, ?var_to, ?meth), false(?_BODY_2), IntegerConstant(?var_from, ?val, ?meth), Equal(?_BODY_2, StringContains(?ins, "phi-assign")) >>>
18:32:08 [INFO] Execution step: Body
18:32:08 [INFO] Saved temporary table: 10 entries (11320)
18:32:08 [INFO] Saved temporary table: 10 entries (15240)
18:32:08 [INFO] Execution step: Duplicate Elimination (Datalog)
18:32:08 [INFO] Saved permanent table IntegerConstant (20) Permutation { idx_to_val: [], val_to_idx: [] } with 10 entries (11368)
18:32:08 [INFO] Execution step: Duplicate Elimination (Datalog)
18:32:08 [INFO] Saved permanent table ConstFolding (20) Permutation { idx_to_val: [], val_to_idx: [] } with 10 entries (15288)
18:32:08 [INFO] Rule duration: 0 ms
18:32:08 [INFO] <<< STEP 21: APPLYING RULE 1 IntegerConstant(?var_to, ?val, ?meth), ConstFolding(?ins, ?var_to, ?val, ?meth) :- AssignLocal(?ins, ?_BODY_1, ?var_from, ?var_to, ?meth), false(?_BODY_2), IntegerConstant(?var_from, ?val, ?meth), Equal(?_BODY_2, StringContains(?ins, "phi-assign")) >>>
18:32:08 [INFO] Execution step: Body
18:32:08 [INFO] Saved temporary table: 8 entries (14912)
18:32:08 [INFO] Saved temporary table: 8 entries (11096)
18:32:08 [INFO] Execution step: Duplicate Elimination (Datalog)
18:32:08 [INFO] Saved permanent table ConstFolding (21) Permutation { idx_to_val: [], val_to_idx: [] } with 8 entries (14960)
18:32:08 [INFO] Execution step: Duplicate Elimination (Datalog)
18:32:08 [INFO] Saved permanent table IntegerConstant (21) Permutation { idx_to_val: [], val_to_idx: [] } with 8 entries (11144)
18:32:08 [INFO] Rule duration: 0 ms
18:32:08 [INFO] <<< STEP 22: APPLYING RULE 1 IntegerConstant(?var_to, ?val, ?meth), ConstFolding(?ins, ?var_to, ?val, ?meth) :- AssignLocal(?ins, ?_BODY_1, ?var_from, ?var_to, ?meth), false(?_BODY_2), IntegerConstant(?var_from, ?val, ?meth), Equal(?_BODY_2, StringContains(?ins, "phi-assign")) >>>
18:32:08 [INFO] Execution step: Body
18:32:08 [INFO] Saved temporary table: 2 entries (13928)
18:32:08 [INFO] Saved temporary table: 2 entries (10424)
18:32:08 [INFO] Execution step: Duplicate Elimination (Datalog)
18:32:08 [INFO] Saved permanent table ConstFolding (22) Permutation { idx_to_val: [], val_to_idx: [] } with 2 entries (13976)
18:32:08 [INFO] Execution step: Duplicate Elimination (Datalog)
18:32:08 [INFO] Saved permanent table IntegerConstant (22) Permutation { idx_to_val: [], val_to_idx: [] } with 2 entries (10472)
18:32:08 [INFO] Rule duration: 0 ms
18:32:08 [INFO] Execution step: Combining Tables
18:32:08 [INFO] Saved permanent table IntegerConstant (16-24) Permutation { idx_to_val: [], val_to_idx: [] } with 91 entries (14682)
18:32:08 [INFO] <<< STEP 23: APPLYING RULE 1 IntegerConstant(?var_to, ?val, ?meth), ConstFolding(?ins, ?var_to, ?val, ?meth) :- AssignLocal(?ins, ?_BODY_1, ?var_from, ?var_to, ?meth), false(?_BODY_2), IntegerConstant(?var_from, ?val, ?meth), Equal(?_BODY_2, StringContains(?ins, "phi-assign")) >>>
18:32:08 [INFO] Execution step: Body
18:32:08 [INFO] Saved temporary table: 2 entries (10424)
18:32:08 [INFO] Saved temporary table: 2 entries (13928)
18:32:08 [INFO] Execution step: Duplicate Elimination (Datalog)
18:32:08 [INFO] Saved permanent table IntegerConstant (23) Permutation { idx_to_val: [], val_to_idx: [] } with 2 entries (10472)
18:32:08 [INFO] Execution step: Duplicate Elimination (Datalog)
18:32:08 [INFO] Saved permanent table ConstFolding (23) Permutation { idx_to_val: [], val_to_idx: [] } with 2 entries (13976)
18:32:08 [INFO] Rule duration: 0 ms
18:32:08 [INFO] Execution step: Combining Tables
18:32:08 [INFO] Saved permanent table ConstFolding (17-25) Permutation { idx_to_val: [], val_to_idx: [] } with 68 entries (17750)
18:32:08 [INFO] <<< STEP 24: APPLYING RULE 1 IntegerConstant(?var_to, ?val, ?meth), ConstFolding(?ins, ?var_to, ?val, ?meth) :- AssignLocal(?ins, ?_BODY_1, ?var_from, ?var_to, ?meth), false(?_BODY_2), IntegerConstant(?var_from, ?val, ?meth), Equal(?_BODY_2, StringContains(?ins, "phi-assign")) >>>
18:32:08 [INFO] Execution step: Body
18:32:08 [INFO] Saved temporary table: 2 entries (10424)
18:32:08 [INFO] Saved temporary table: 2 entries (13928)
18:32:08 [INFO] Execution step: Duplicate Elimination (Datalog)
18:32:08 [INFO] Saved permanent table IntegerConstant (24) Permutation { idx_to_val: [], val_to_idx: [] } with 2 entries (10472)
18:32:08 [INFO] Execution step: Duplicate Elimination (Datalog)
18:32:08 [INFO] Saved permanent table ConstFolding (24) Permutation { idx_to_val: [], val_to_idx: [] } with 2 entries (13976)
18:32:08 [INFO] Rule duration: 0 ms
18:32:08 [INFO] <<< STEP 25: APPLYING RULE 1 IntegerConstant(?var_to, ?val, ?meth), ConstFolding(?ins, ?var_to, ?val, ?meth) :- AssignLocal(?ins, ?_BODY_1, ?var_from, ?var_to, ?meth), false(?_BODY_2), IntegerConstant(?var_from, ?val, ?meth), Equal(?_BODY_2, StringContains(?ins, "phi-assign")) >>>
18:32:08 [INFO] Execution step: Body
18:32:08 [INFO] Saved temporary table: 2 entries (10424)
18:32:08 [INFO] Saved temporary table: 2 entries (13928)
18:32:08 [INFO] Execution step: Duplicate Elimination (Datalog)
18:32:08 [INFO] Saved permanent table IntegerConstant (25) Permutation { idx_to_val: [], val_to_idx: [] } with 2 entries (10472)
18:32:08 [INFO] Execution step: Duplicate Elimination (Datalog)
18:32:08 [INFO] Saved permanent table ConstFolding (25) Permutation { idx_to_val: [], val_to_idx: [] } with 2 entries (13976)
18:32:08 [INFO] Rule duration: 0 ms
18:32:08 [INFO] <<< STEP 26: APPLYING RULE 1 IntegerConstant(?var_to, ?val, ?meth), ConstFolding(?ins, ?var_to, ?val, ?meth) :- AssignLocal(?ins, ?_BODY_1, ?var_from, ?var_to, ?meth), false(?_BODY_2), IntegerConstant(?var_from, ?val, ?meth), Equal(?_BODY_2, StringContains(?ins, "phi-assign")) >>>
18:32:08 [INFO] Execution step: Body
18:32:08 [INFO] Saved temporary table: 1 entries (13764)
18:32:08 [INFO] Saved temporary table: 1 entries (10312)
18:32:08 [INFO] Execution step: Duplicate Elimination (Datalog)
18:32:08 [INFO] Saved permanent table ConstFolding (26) Permutation { idx_to_val: [], val_to_idx: [] } with 1 entries (13812)
18:32:08 [INFO] Execution step: Duplicate Elimination (Datalog)
18:32:08 [INFO] Saved permanent table IntegerConstant (26) Permutation { idx_to_val: [], val_to_idx: [] } with 1 entries (10360)
18:32:08 [INFO] Rule duration: 0 ms
18:32:08 [INFO] <<< STEP 27: APPLYING RULE 1 IntegerConstant(?var_to, ?val, ?meth), ConstFolding(?ins, ?var_to, ?val, ?meth) :- AssignLocal(?ins, ?_BODY_1, ?var_from, ?var_to, ?meth), false(?_BODY_2), IntegerConstant(?var_from, ?val, ?meth), Equal(?_BODY_2, StringContains(?ins, "phi-assign")) >>>
18:32:08 [INFO] Execution step: Body
18:32:08 [INFO] Trie does not contain any elements
18:32:08 [INFO] Trie does not contain any elements
18:32:08 [INFO] Execution step: Duplicate Elimination (Datalog)
18:32:08 [INFO] Trie does not contain any elements
18:32:08 [INFO] Execution step: Duplicate Elimination (Datalog)
18:32:08 [INFO] Trie does not contain any elements
18:32:08 [INFO] Rule duration: 0 ms
18:32:08 [INFO] <<< STEP 28: APPLYING RULE 2 IntegerConstant(?var, ?_HEAD_3, ?meth), ConstFolding(?ins, ?var, ?_HEAD_4, ?meth) :- AssignUnop(?ins, ?_BODY_1, ?var, ?meth), OperatorAt(?ins, ?op), AssignOperFrom(?ins, ?_BODY_2, ?var1), IntegerConstant(?var1, ?val1, ?meth), Equal(?op, "~"), Equal(?_HEAD_3, NumericSubtraction(0, ?val1)), Equal(?_HEAD_4, NumericSubtraction(0, ?val1)) >>>
18:32:08 [INFO] Loading source DsvReader { read: "<unspecified std::io::Read>", delimiter: 9, escape: None, value formats: DsvValueFormats([Anything, Anything, Anything]) }
18:32:08 [INFO] Starting data import
18:32:08 [INFO] Finished import: processed 41154 lines (dropped 1)
18:32:08 [INFO] Execution step: Body
18:32:08 [INFO] Trie does not contain any elements
18:32:08 [INFO] Trie does not contain any elements
18:32:08 [INFO] Execution step: Duplicate Elimination (Datalog)
18:32:08 [INFO] Trie does not contain any elements
18:32:08 [INFO] Execution step: Duplicate Elimination (Datalog)
18:32:08 [INFO] Trie does not contain any elements
18:32:08 [INFO] Rule duration: 144 ms
18:32:08 [INFO] <<< STEP 29: APPLYING RULE 4 IntegerConstant(?var, ?_HEAD_4, ?meth), ConstFolding(?ins, ?var, ?_HEAD_5, ?meth) :- AssignBinop(?ins, ?_BODY_1, ?var, ?meth), OperatorAt(?ins, ?op), AssignOperFromConstant(?ins, ?_BODY_2, ?val1), AssignOperFrom(?ins, ?_BODY_3, ?var2), IntegerConstant(?var2, ?val2, ?meth), Equal(?op, "+"), Equal(?_HEAD_4, NumericSum(?val1, ?val2)), Equal(?_HEAD_5, NumericSum(?val1, ?val2)) >>>
18:32:08 [INFO] Execution step: Body
18:32:08 [INFO] Trie does not contain any elements
18:32:08 [INFO] Trie does not contain any elements
18:32:08 [INFO] Execution step: Duplicate Elimination (Datalog)
18:32:08 [INFO] Trie does not contain any elements
18:32:08 [INFO] Execution step: Duplicate Elimination (Datalog)
18:32:08 [INFO] Trie does not contain any elements
18:32:08 [INFO] Rule duration: 24 ms
18:32:08 [INFO] <<< STEP 30: APPLYING RULE 6 IntegerConstant(?var, ?_HEAD_2, ?meth), ConstFolding(?ins, ?var, ?_HEAD_3, ?meth) :- AssignBinop(?ins, ?_BODY_1, ?var, ?meth), OperatorAt(?ins, ?op), AssignOperFrom(?ins, ?pos1, ?var1), AssignOperFrom(?ins, ?pos2, ?var2), IntegerConstant(?var1, ?val1, ?meth), IntegerConstant(?var2, ?val2, ?meth), Equal(?op, "+"), NumericLessthan(?pos1, ?pos2), Equal(?_HEAD_2, NumericSum(?val1, ?val2)), Equal(?_HEAD_3, NumericSum(?val1, ?val2)) >>>
18:32:08 [INFO] Execution step: Body
18:32:08 [INFO] Trie does not contain any elements
18:32:08 [INFO] Trie does not contain any elements
18:32:08 [INFO] Execution step: Duplicate Elimination (Datalog)
18:32:08 [INFO] Trie does not contain any elements
18:32:08 [INFO] Execution step: Duplicate Elimination (Datalog)
18:32:08 [INFO] Trie does not contain any elements
18:32:08 [INFO] Rule duration: 29 ms
18:32:08 [INFO] <<< STEP 31: APPLYING RULE 7 IntegerConstant(?var, ?_HEAD_2, ?meth), ConstFolding(?ins, ?var, ?_HEAD_3, ?meth) :- AssignBinop(?ins, ?_BODY_1, ?var, ?meth), OperatorAt(?ins, ?op), AssignOperFromConstant(?ins, ?pos1, ?val1), AssignOperFrom(?ins, ?pos2, ?var2), IntegerConstant(?var2, ?val2, ?meth), Equal(?op, "-"), NumericLessthan(?pos1, ?pos2), Equal(?_HEAD_2, NumericSubtraction(?val1, ?val2)), Equal(?_HEAD_3, NumericSubtraction(?val1, ?val2)) >>>
18:32:08 [INFO] Execution step: Body
18:32:08 [INFO] Trie does not contain any elements
18:32:08 [INFO] Trie does not contain any elements
18:32:08 [INFO] Execution step: Duplicate Elimination (Datalog)
18:32:08 [INFO] Trie does not contain any elements
18:32:08 [INFO] Execution step: Duplicate Elimination (Datalog)
18:32:08 [INFO] Trie does not contain any elements
18:32:08 [INFO] Rule duration: 7 ms
18:32:08 [INFO] <<< STEP 32: APPLYING RULE 8 IntegerConstant(?var, ?_HEAD_2, ?meth), ConstFolding(?ins, ?var, ?_HEAD_3, ?meth) :- AssignBinop(?ins, ?_BODY_1, ?var, ?meth), OperatorAt(?ins, ?op), AssignOperFrom(?ins, ?pos1, ?var1), IntegerConstant(?var1, ?val1, ?meth), AssignOperFromConstant(?ins, ?pos2, ?val2), Equal(?op, "-"), NumericLessthan(?pos1, ?pos2), Equal(?_HEAD_2, NumericSubtraction(?val1, ?val2)), Equal(?_HEAD_3, NumericSubtraction(?val1, ?val2)) >>>
18:32:08 [INFO] Execution step: Body
18:32:08 [INFO] Trie does not contain any elements
18:32:08 [INFO] Trie does not contain any elements
18:32:08 [INFO] Execution step: Duplicate Elimination (Datalog)
18:32:08 [INFO] Trie does not contain any elements
18:32:08 [INFO] Execution step: Duplicate Elimination (Datalog)
18:32:08 [INFO] Trie does not contain any elements
18:32:08 [INFO] Rule duration: 6 ms
18:32:08 [INFO] <<< STEP 33: APPLYING RULE 10 IntegerConstant(?var, ?_HEAD_2, ?meth), ConstFolding(?ins, ?var, ?_HEAD_3, ?meth) :- AssignBinop(?ins, ?_BODY_1, ?var, ?meth), OperatorAt(?ins, ?op), AssignOperFrom(?ins, ?pos1, ?var1), AssignOperFrom(?ins, ?pos2, ?var2), IntegerConstant(?var1, ?val1, ?meth), IntegerConstant(?var2, ?val2, ?meth), Equal(?op, "-"), NumericLessthan(?pos1, ?pos2), Equal(?_HEAD_2, NumericSubtraction(?val1, ?val2)), Equal(?_HEAD_3, NumericSubtraction(?val1, ?val2)) >>>
18:32:08 [INFO] Execution step: Body
18:32:08 [INFO] Trie does not contain any elements
18:32:08 [INFO] Trie does not contain any elements
18:32:08 [INFO] Execution step: Duplicate Elimination (Datalog)
18:32:08 [INFO] Trie does not contain any elements
18:32:08 [INFO] Execution step: Duplicate Elimination (Datalog)
18:32:08 [INFO] Trie does not contain any elements
18:32:08 [INFO] Rule duration: 24 ms
18:32:08 [INFO] <<< STEP 34: APPLYING RULE 11 IntegerConstant(?var, ?_HEAD_4, ?meth), ConstFolding(?ins, ?var, ?_HEAD_5, ?meth) :- AssignBinop(?ins, ?_BODY_1, ?var, ?meth), OperatorAt(?ins, ?op), AssignOperFromConstant(?ins, ?_BODY_2, ?val1), AssignOperFrom(?ins, ?_BODY_3, ?var2), IntegerConstant(?var2, ?val2, ?meth), Equal(?op, "*"), Equal(?_HEAD_4, NumericProduct(?val1, ?val2)), Equal(?_HEAD_5, NumericProduct(?val1, ?val2)) >>>
18:32:08 [INFO] Execution step: Body
18:32:08 [INFO] Trie does not contain any elements
18:32:08 [INFO] Trie does not contain any elements
18:32:08 [INFO] Execution step: Duplicate Elimination (Datalog)
18:32:08 [INFO] Trie does not contain any elements
18:32:08 [INFO] Execution step: Duplicate Elimination (Datalog)
18:32:08 [INFO] Trie does not contain any elements
18:32:08 [INFO] Rule duration: 4 ms
18:32:08 [INFO] <<< STEP 35: APPLYING RULE 13 IntegerConstant(?var, ?_HEAD_2, ?meth), ConstFolding(?ins, ?var, ?_HEAD_3, ?meth) :- AssignBinop(?ins, ?_BODY_1, ?var, ?meth), OperatorAt(?ins, ?op), AssignOperFrom(?ins, ?pos1, ?var1), AssignOperFrom(?ins, ?pos2, ?var2), IntegerConstant(?var1, ?val1, ?meth), IntegerConstant(?var2, ?val2, ?meth), Equal(?op, "*"), NumericLessthan(?pos1, ?pos2), Equal(?_HEAD_2, NumericProduct(?val1, ?val2)), Equal(?_HEAD_3, NumericProduct(?val1, ?val2)) >>>
18:32:08 [INFO] Execution step: Body
18:32:08 [INFO] Trie does not contain any elements
18:32:08 [INFO] Trie does not contain any elements
18:32:08 [INFO] Execution step: Duplicate Elimination (Datalog)
18:32:08 [INFO] Trie does not contain any elements
18:32:08 [INFO] Execution step: Duplicate Elimination (Datalog)
18:32:08 [INFO] Trie does not contain any elements
18:32:08 [INFO] Rule duration: 30 ms
18:32:08 [INFO] <<< STEP 36: APPLYING RULE 14 IntegerConstant(?var, ?_HEAD_2, ?meth), ConstFolding(?ins, ?var, ?_HEAD_3, ?meth) :- AssignBinop(?ins, ?_BODY_1, ?var, ?meth), OperatorAt(?ins, ?op), AssignOperFromConstant(?ins, ?pos1, ?val1), AssignOperFrom(?ins, ?pos2, ?var2), IntegerConstant(?var2, ?val2, ?meth), Equal(?op, "/"), NumericLessthan(?pos1, ?pos2), Equal(?_HEAD_2, NumericDivision(?val1, ?val2)), Equal(?_HEAD_3, NumericDivision(?val1, ?val2)) >>>
18:32:08 [INFO] Execution step: Body
18:32:09 [INFO] Trie does not contain any elements
18:32:09 [INFO] Trie does not contain any elements
18:32:09 [INFO] Execution step: Duplicate Elimination (Datalog)
18:32:09 [INFO] Trie does not contain any elements
18:32:09 [INFO] Execution step: Duplicate Elimination (Datalog)
18:32:09 [INFO] Trie does not contain any elements
18:32:09 [INFO] Rule duration: 8 ms
18:32:09 [INFO] <<< STEP 37: APPLYING RULE 15 IntegerConstant(?var, ?_HEAD_2, ?meth), ConstFolding(?ins, ?var, ?_HEAD_3, ?meth) :- AssignBinop(?ins, ?_BODY_1, ?var, ?meth), OperatorAt(?ins, ?op), AssignOperFrom(?ins, ?pos1, ?var1), IntegerConstant(?var1, ?val1, ?meth), AssignOperFromConstant(?ins, ?pos2, ?val2), Equal(?op, "/"), NumericLessthan(?pos1, ?pos2), Equal(?_HEAD_2, NumericDivision(?val1, ?val2)), Equal(?_HEAD_3, NumericDivision(?val1, ?val2)) >>>
18:32:09 [INFO] Execution step: Body
18:32:09 [INFO] Trie does not contain any elements
18:32:09 [INFO] Trie does not contain any elements
18:32:09 [INFO] Execution step: Duplicate Elimination (Datalog)
18:32:09 [INFO] Trie does not contain any elements
18:32:09 [INFO] Execution step: Duplicate Elimination (Datalog)
18:32:09 [INFO] Trie does not contain any elements
18:32:09 [INFO] Rule duration: 5 ms
18:32:09 [INFO] <<< STEP 38: APPLYING RULE 17 IntegerConstant(?var, ?_HEAD_2, ?meth), ConstFolding(?ins, ?var, ?_HEAD_3, ?meth) :- AssignBinop(?ins, ?_BODY_1, ?var, ?meth), OperatorAt(?ins, ?op), AssignOperFrom(?ins, ?pos1, ?var1), AssignOperFrom(?ins, ?pos2, ?var2), IntegerConstant(?var1, ?val1, ?meth), IntegerConstant(?var2, ?val2, ?meth), Equal(?op, "/"), NumericLessthan(?pos1, ?pos2), Equal(?_HEAD_2, NumericDivision(?val1, ?val2)), Equal(?_HEAD_3, NumericDivision(?val1, ?val2)) >>>
18:32:09 [INFO] Execution step: Body
18:32:09 [INFO] Trie does not contain any elements
18:32:09 [INFO] Trie does not contain any elements
18:32:09 [INFO] Execution step: Duplicate Elimination (Datalog)
18:32:09 [INFO] Trie does not contain any elements
18:32:09 [INFO] Execution step: Duplicate Elimination (Datalog)
18:32:09 [INFO] Trie does not contain any elements
18:32:09 [INFO] Rule duration: 34 ms
18:32:09 [INFO] <<< STEP 39: APPLYING RULE 19 R_2(?X_2, ?X_1, ?X_5, ?X_3, ?X_2) :- OperatorAt(?X_2, ?X_1), OperatorAt(?X_5, ?X_3), OperatorAt(?X_2, ?_BODY_1), Equal(?_BODY_1, ?X_2) >>>
18:32:09 [INFO] Execution step: Body
18:32:09 [INFO] Trie does not contain any elements
18:32:09 [INFO] Execution step: Duplicate Elimination (Datalog)
18:32:09 [INFO] Trie does not contain any elements
18:32:09 [INFO] Rule duration: 51 ms
18:32:09 [INFO] <<< STEP 40: APPLYING RULE 24 R_11(?X_5, "false"^^<http://www.w3.org/2001/XMLSchema#boolean>, ?X_3, ?X_1, ?X_2, ?X_1) :- AssignUnop(?_BODY_1, ?_BODY_2, ?X_3, ?X_1), AssignUnop(?X_2, ?X_1, ?X_3, ?X_5), R_2(?X_2, ?X_5, ?Z_1, ?X_3, ?X_1), Equal(?_BODY_1, "false"^^<http://www.w3.org/2001/XMLSchema#boolean>), Equal(?_BODY_2, "false"^^<http://www.w3.org/2001/XMLSchema#boolean>) >>>
18:32:09 [INFO] Execution step: Body
18:32:09 [INFO] Trie does not contain any elements
18:32:09 [INFO] Execution step: Duplicate Elimination (Datalog)
18:32:09 [INFO] Trie does not contain any elements
18:32:09 [INFO] Rule duration: 3 ms
18:32:09 [INFO] <<< STEP 41: APPLYING RULE 34 R_8(?X_2, ?X_3, ?X_4, ?X_3) :- ConstFolding(?X_2, ?X_3, ?X_4, ?_BODY_1), ConstFolding(?X_2, ?X_3, ?X_4, ?_BODY_2), Equal(?_BODY_1, ?X_3), Equal(?_BODY_2, ?X_3) >>>
18:32:09 [INFO] Execution step: Project/Reorder
18:32:09 [INFO] Saved temporary table: 3418 entries (59846)
18:32:09 [INFO] Execution step: Body
18:32:09 [INFO] Trie does not contain any elements
18:32:09 [INFO] Execution step: Duplicate Elimination (Datalog)
18:32:09 [INFO] Trie does not contain any elements
18:32:09 [INFO] Rule duration: 7 ms
18:32:09 [INFO] <<< STEP 42: APPLYING RULE 35 R_8(?X_4, c_7, ?X_1, ?X_3) :- ConstFolding(?X_4, ?_BODY_1, ?X_1, ?X_3), ConstFolding(?X_4, ?_BODY_2, ?X_1, ?X_3), Equal(?_BODY_1, c_7), Equal(?_BODY_2, c_7) >>>
18:32:09 [INFO] Execution step: Project/Reorder
18:32:09 [INFO] Saved temporary table: 3418 entries (66060)
18:32:09 [INFO] Execution step: Body
18:32:09 [INFO] Trie does not contain any elements
18:32:09 [INFO] Execution step: Duplicate Elimination (Datalog)
18:32:09 [INFO] Trie does not contain any elements
18:32:09 [INFO] Rule duration: 4 ms
18:32:09 [INFO] <<< STEP 43: APPLYING RULE 18 R_1(?X_1, ?X_2, ?X_3, "phi-assign", ?X_5, ?X_6) :- R_10(?X_1, ?X_2, ?X_3, ?_BODY_1, ?X_5, ?X_6), Equal(?_BODY_1, "phi-assign") >>>
18:32:09 [INFO] Execution step: Body
18:32:09 [INFO] Trie does not contain any elements
18:32:09 [INFO] Execution step: Duplicate Elimination (Datalog)
18:32:09 [INFO] Trie does not contain any elements
18:32:09 [INFO] Rule duration: 0 ms
18:32:09 [INFO] <<< STEP 44: APPLYING RULE 21 R_14("false"^^<http://www.w3.org/2001/XMLSchema#boolean>, ?X_2) :- R_7(?_BODY_1, ?X_2, ?_BODY_2, ?Y_1), Equal(?_BODY_1, "false"^^<http://www.w3.org/2001/XMLSchema#boolean>), Equal(?_BODY_2, "false"^^<http://www.w3.org/2001/XMLSchema#boolean>) >>>
18:32:09 [INFO] Execution step: Body
18:32:09 [INFO] Trie does not contain any elements
18:32:09 [INFO] Execution step: Duplicate Elimination (Datalog)
18:32:09 [INFO] Trie does not contain any elements
18:32:09 [INFO] Rule duration: 0 ms
18:32:09 [INFO] <<< STEP 45: APPLYING RULE 22 R_4(?X_2, ?X_1, "false"^^<http://www.w3.org/2001/XMLSchema#boolean>, ?X_1) :- R_6(?X_2, ?X_1, ?_BODY_1, ?_BODY_2), AssignBinop(?X_1, ?_BODY_3, ?_BODY_4, ?_BODY_5), Equal(?_BODY_1, "false"^^<http://www.w3.org/2001/XMLSchema#boolean>), Equal(?_BODY_2, ?X_1), Equal(?_BODY_3, ?X_1), Equal(?_BODY_4, ?X_1), Equal(?_BODY_5, "phi-assign") >>>
18:32:09 [INFO] Execution step: Body
18:32:09 [INFO] Trie does not contain any elements
18:32:09 [INFO] Execution step: Duplicate Elimination (Datalog)
18:32:09 [INFO] Trie does not contain any elements
18:32:09 [INFO] Rule duration: 0 ms
18:32:09 [INFO] <<< STEP 46: APPLYING RULE 23 R_5(?X_1) :- R_8(?_BODY_1, ?X_1, ?_BODY_2, ?_BODY_3), IntegerConstant(?X_1, ?_BODY_4, ?Z_2), Equal(?_BODY_1, "phi-assign"), Equal(?_BODY_2, ?X_1), Equal(?_BODY_3, ?X_1), Equal(?_BODY_4, ?X_1) >>>
18:32:09 [INFO] Execution step: Body
18:32:09 [INFO] Trie does not contain any elements
18:32:09 [INFO] Execution step: Duplicate Elimination (Datalog)
18:32:09 [INFO] Trie does not contain any elements
18:32:09 [INFO] Rule duration: 0 ms
18:32:09 [INFO] <<< STEP 47: APPLYING RULE 25 R_10(?X_2, "false"^^<http://www.w3.org/2001/XMLSchema#boolean>, ?X_6, ?X_1, ?X_3, ?X_4) :- R_3(?X_2, ?_BODY_1, ?X_6, ?X_1, ?X_3, ?X_4), R_4(?Z_1, ?X_6, ?X_1, ?X_3), Equal(?_BODY_1, "false"^^<http://www.w3.org/2001/XMLSchema#boolean>) >>>
18:32:09 [INFO] Execution step: Body
18:32:09 [INFO] Trie does not contain any elements
18:32:09 [INFO] Execution step: Duplicate Elimination (Datalog)
18:32:09 [INFO] Trie does not contain any elements
18:32:09 [INFO] Rule duration: 0 ms
18:32:09 [INFO] <<< STEP 48: APPLYING RULE 26 R_3(?X_6, ?X_3, "phi-assign", ?X_2, ?X_5, ?X_4) :- AssignOperFrom(?X_6, ?X_3, ?_BODY_1), AssignOperFrom(?X_2, ?X_5, ?X_4), R_1(?X_2, ?Z_3, ?_BODY_2, ?X_5, ?_BODY_3, ?Z_1), R_5(?X_3), Equal(?_BODY_1, "phi-assign"), Equal(?_BODY_2, "phi-assign"), Equal(?_BODY_3, ?X_5) >>>
18:32:09 [INFO] Execution step: Body
18:32:09 [INFO] Trie does not contain any elements
18:32:09 [INFO] Execution step: Duplicate Elimination (Datalog)
18:32:09 [INFO] Trie does not contain any elements
18:32:09 [INFO] Rule duration: 28 ms
18:32:09 [INFO] <<< STEP 49: APPLYING RULE 27 R_16(?X_4, ?X_6, ?X_2, ?X_4, ?X_1, ?X_3) :- R_2(?Y_2, ?X_6, ?X_2, ?_BODY_1, ?X_1), R_2(?X_3, ?X_4, ?_BODY_2, ?_BODY_3, ?_BODY_4), AssignOperFromConstant(?X_6, ?_BODY_5, ?X_4), R_6(?X_6, ?Z_1, ?Z_6, ?X_3), Equal(?_BODY_1, ?X_6), Equal(?_BODY_2, ?X_4), Equal(?_BODY_3, "false"^^<http://www.w3.org/2001/XMLSchema#boolean>), Equal(?_BODY_4, ?X_4), Equal(?_BODY_5, ?X_6) >>>
18:32:09 [INFO] Execution step: Body
18:32:09 [INFO] Trie does not contain any elements
18:32:09 [INFO] Execution step: Duplicate Elimination (Datalog)
18:32:09 [INFO] Trie does not contain any elements
18:32:09 [INFO] Rule duration: 8 ms
18:32:09 [INFO] <<< STEP 50: APPLYING RULE 28 R_7(?X_2, ?X_4, ?X_3, ?X_1) :- R_6(?X_2, ?X_4, ?X_3, ?X_1), AssignUnop(?Z_2, ?X_2, ?X_4, ?X_3), false(?X_4), R_9(?X_4, ?X_1), AssignOperFrom(?X_3, ?_BODY_1, ?_BODY_2), Equal(?_BODY_1, ?X_3), Equal(?_BODY_2, "phi-assign") >>>
18:32:09 [INFO] Execution step: Project/Reorder
18:32:09 [INFO] Saved temporary table: 41154 entries (875122)
18:32:09 [INFO] Execution step: Body
18:32:09 [INFO] Trie does not contain any elements
18:32:09 [INFO] Execution step: Duplicate Elimination (Datalog)
18:32:09 [INFO] Trie does not contain any elements
18:32:09 [INFO] Rule duration: 9 ms
18:32:09 [INFO] <<< STEP 51: APPLYING RULE 30 R_6(?X_2, ?X_1, ?X_1, ?X_4) :- AssignLocal(?X_2, ?X_4, ?X_1, ?_BODY_1, ?_BODY_2), OperatorAt(?X_1, ?X_2), R_3(?X_2, ?_BODY_3, ?Z_3, ?Z_5, ?X_1, ?X_4), R_11(?X_2, ?X_4, ?_BODY_4, ?X_1, ?_BODY_5, ?_BODY_6), AssignLocal(?X_1, ?X_4, ?_BODY_7, ?_BODY_8, ?_BODY_9), Equal(?_BODY_1, ?X_4), Equal(?_BODY_2, ?X_1), Equal(?_BODY_3, "false"^^<http://www.w3.org/2001/XMLSchema#boolean>), Equal(?_BODY_4, ?X_2), Equal(?_BODY_5, ?X_1), Equal(?_BODY_6, ?X_4), Equal(?_BODY_7, "phi-assign"), Equal(?_BODY_8, ?X_1), Equal(?_BODY_9, ?X_1) >>>
18:32:09 [INFO] Execution step: Project/Reorder
18:32:09 [INFO] Saved temporary table: 287461 entries (6917664)
18:32:09 [INFO] Execution step: Body
18:32:09 [INFO] Trie does not contain any elements
18:32:09 [INFO] Execution step: Duplicate Elimination (Datalog)
18:32:09 [INFO] Trie does not contain any elements
18:32:09 [INFO] Rule duration: 394 ms
18:32:09 [INFO] <<< STEP 52: APPLYING RULE 31 R_8(?X_2, ?X_1, ?X_3, "false"^^<http://www.w3.org/2001/XMLSchema#boolean>) :- AssignOperFrom(?X_2, ?_BODY_1, ?X_3), AssignOperFrom(?_BODY_2, ?X_1, ?X_2), R_14(?Z_3, ?Z_1), Equal(?_BODY_1, "false"^^<http://www.w3.org/2001/XMLSchema#boolean>), Equal(?_BODY_2, "false"^^<http://www.w3.org/2001/XMLSchema#boolean>) >>>
18:32:09 [INFO] Execution step: Body
18:32:09 [INFO] Trie does not contain any elements
18:32:09 [INFO] Execution step: Duplicate Elimination (Datalog)
18:32:09 [INFO] Trie does not contain any elements
18:32:09 [INFO] Rule duration: 0 ms
18:32:09 [INFO] <<< STEP 53: APPLYING RULE 32 R_9(?X_2, ?X_1) :- AssignOperFrom(?X_2, ?X_1, ?_BODY_1), R_7(?X_2, ?Z_1, ?_BODY_2, ?_BODY_3), R_16(?X_1, ?X_2, ?_BODY_4, ?_BODY_5, ?Z_2, ?Z_4), Equal(?_BODY_1, ?X_2), Equal(?_BODY_2, ?X_2), Equal(?_BODY_3, ?X_2), Equal(?_BODY_4, ?X_2), Equal(?_BODY_5, ?X_2) >>>
18:32:09 [INFO] Execution step: Body
18:32:09 [INFO] Trie does not contain any elements
18:32:09 [INFO] Execution step: Duplicate Elimination (Datalog)
18:32:09 [INFO] Trie does not contain any elements
18:32:09 [INFO] Rule duration: 0 ms
18:32:09 [INFO] <<< STEP 54: APPLYING RULE 29 R_12("false"^^<http://www.w3.org/2001/XMLSchema#boolean>) :- R_1(?Y_1, ?_BODY_1, ?_BODY_2, ?_BODY_3, ?_BODY_4, ?_BODY_5), AssignNumConstant(?Z_1, ?Y_1, ?_BODY_6, ?_BODY_7, ?_BODY_8), R_10(?Y_1, ?Z_1, ?_BODY_9, ?_BODY_10, ?_BODY_11, ?_BODY_12), Equal(?_BODY_1, "false"^^<http://www.w3.org/2001/XMLSchema#boolean>), Equal(?_BODY_2, "false"^^<http://www.w3.org/2001/XMLSchema#boolean>), Equal(?_BODY_3, "false"^^<http://www.w3.org/2001/XMLSchema#boolean>), Equal(?_BODY_4, "false"^^<http://www.w3.org/2001/XMLSchema#boolean>), Equal(?_BODY_5, "false"^^<http://www.w3.org/2001/XMLSchema#boolean>), Equal(?_BODY_6, "phi-assign"), Equal(?_BODY_7, "phi-assign"), Equal(?_BODY_8, ?Y_1), Equal(?_BODY_9, ?Y_1), Equal(?_BODY_10, ?Y_1), Equal(?_BODY_11, ?Y_1), Equal(?_BODY_12, "false"^^<http://www.w3.org/2001/XMLSchema#boolean>) >>>
18:32:09 [INFO] Loading source SimpleTable { arity: 1, data: [AnyDataValue(PlainString(StringDataValue("phi-assign"))), AnyDataValue(Iri(IriDataValue("c_7"))), AnyDataValue(Iri(IriDataValue("c_10")))] }
18:32:09 [INFO] Execution step: Project/Reorder
18:32:09 [INFO] Trie does not contain any elements
18:32:09 [INFO] Execution step: Body
18:32:09 [INFO] Trie does not contain any elements
18:32:09 [INFO] Execution step: Duplicate Elimination (Datalog)
18:32:09 [INFO] Trie does not contain any elements
18:32:09 [INFO] Rule duration: 27 ms
18:32:09 [INFO] <<< STEP 55: APPLYING RULE 33 R_15(?X_1_new_1, ?X_1_new_1, ?X_4, "false"^^<http://www.w3.org/2001/XMLSchema#boolean>) :- R_15(?X_1, ?_BODY_1, ?X_4, ?_BODY_2), R_12(?X_1), R_15(?X_1, ?_BODY_3, ?_BODY_4, ?X_1_new_1), Equal(?_BODY_1, ?X_1), Equal(?_BODY_2, "false"^^<http://www.w3.org/2001/XMLSchema#boolean>), Equal(?_BODY_3, "false"^^<http://www.w3.org/2001/XMLSchema#boolean>), Equal(?_BODY_4, ?X_1) >>>
18:32:09 [INFO] Loading source SimpleTable { arity: 4, data: [AnyDataValue(Iri(IriDataValue("c_4"))), AnyDataValue(Iri(IriDataValue("c_2"))), AnyDataValue(Iri(IriDataValue("c_5"))), AnyDataValue(Iri(IriDataValue("c_6"))), AnyDataValue(PlainString(StringDataValue("str_1"))), AnyDataValue(Boolean(BooleanDataValue(false))), AnyDataValue(Iri(IriDataValue("c_5"))), AnyDataValue(Iri(IriDataValue("c_7"))), AnyDataValue(UnsignedLong(UnsignedLongDataValue(2264630112112403150))), AnyDataValue(PlainString(StringDataValue("str_1"))), AnyDataValue(Iri(IriDataValue("c_9"))), AnyDataValue(Boolean(BooleanDataValue(false)))] }
18:32:09 [INFO] Execution step: Body
18:32:09 [INFO] Trie does not contain any elements
18:32:09 [INFO] Execution step: Duplicate Elimination (Datalog)
18:32:09 [INFO] Trie does not contain any elements
18:32:09 [INFO] Rule duration: 0 ms
18:32:09 [INFO] <<< STEP 56: APPLYING RULE 20 R_13(?X_2, "false"^^<http://www.w3.org/2001/XMLSchema#boolean>) :- R_15(?X_2, ?_BODY_1, ?_BODY_2, ?_BODY_3), Equal(?_BODY_1, ?X_2), Equal(?_BODY_2, "false"^^<http://www.w3.org/2001/XMLSchema#boolean>), Equal(?_BODY_3, ?X_2) >>>
18:32:09 [INFO] Loading source SimpleTable { arity: 2, data: [AnyDataValue(Iri(IriDataValue("c_1"))), AnyDataValue(Iri(IriDataValue("c_2"))), AnyDataValue(UnsignedLong(UnsignedLongDataValue(2264630112112403150))), AnyDataValue(Iri(IriDataValue("c_5"))), AnyDataValue(UnsignedLong(UnsignedLongDataValue(11763158723879529998))), AnyDataValue(Iri(IriDataValue("c_4"))), AnyDataValue(Iri(IriDataValue("c_10"))), AnyDataValue(PlainString(StringDataValue("str_2"))), AnyDataValue(Iri(IriDataValue("c_3"))), AnyDataValue(Iri(IriDataValue("c_5")))] }
18:32:09 [INFO] Execution step: Body
18:32:09 [INFO] Trie does not contain any elements
18:32:09 [INFO] Execution step: Duplicate Elimination (Datalog)
18:32:09 [INFO] Trie does not contain any elements
18:32:09 [INFO] Rule duration: 0 ms
18:32:09 [INFO] <<< STEP 57: APPLYING RULE 36 R_OUT(?X_3, ?X_3, ?X_3) :- AssignOperFromConstant(?X_3, ?_BODY_1, ?_BODY_2), AssignOperFromConstant(?X_3, ?_BODY_3, ?_BODY_4), R_5(?X_3), ConstFolding(?X_3, ?_BODY_5, ?_BODY_6, ?_BODY_7), R_8(?X_3, ?_BODY_8, ?_BODY_9, ?_BODY_10), R_13(?X_3, ?_BODY_11), AssignOperFrom(?X_3, ?_BODY_12, ?_BODY_13), Equal(?_BODY_1, ?X_3), Equal(?_BODY_2, ?X_3), Equal(?_BODY_3, ?X_3), Equal(?_BODY_4, ?X_3), Equal(?_BODY_5, ?X_3), Equal(?_BODY_6, ?X_3), Equal(?_BODY_7, ?X_3), Equal(?_BODY_8, ?X_3), Equal(?_BODY_9, "phi-assign"), Equal(?_BODY_10, ?X_3), Equal(?_BODY_11, ?X_3), Equal(?_BODY_12, ?X_3), Equal(?_BODY_13, ?X_3) >>>
18:32:09 [INFO] Execution step: Project/Reorder
18:32:09 [INFO] Saved temporary table: 3418 entries (164280)
18:32:09 [INFO] Execution step: Project/Reorder
18:32:09 [INFO] Trie does not contain any elements
18:32:09 [INFO] Execution step: Project/Reorder
18:32:09 [INFO] Saved temporary table: 5 entries (7140)
18:32:09 [INFO] Execution step: Project/Reorder
18:32:09 [INFO] Saved temporary table: 41154 entries (875122)
18:32:09 [INFO] Execution step: Body
18:32:09 [INFO] Trie does not contain any elements
18:32:09 [INFO] Execution step: Duplicate Elimination (Datalog)
18:32:09 [INFO] Trie does not contain any elements
18:32:09 [INFO] Rule duration: 23 ms
18:32:09 [INFO] Execution step: Combining Tables
18:32:09 [INFO] Saved permanent table R_OUT (0-1) Permutation { idx_to_val: [], val_to_idx: [] } with 4 entries (10680)
18:32:09 [INFO] ----------------------------------------------
18:32:09 [INFO]  Finished Nemo Execution - Transformed Program
18:32:09 [INFO] Output size: 4
18:32:09 [INFO] ----------------------------------------------
18:32:09 [INFO] 
18:32:09 [INFO] ----------------------------------------------
18:32:09 [INFO] ------------ Asserting Oracle CON ------------
18:32:09 [INFO] ----------------------------------------------
18:32:09 [INFO] All good, output has contracted
18:32:09 [INFO] old_dir "/home/leo_repp/masterthesis/nemo/nemo-metamorphic-testing/benchmark_500k_r"
