22:53:24 [INFO] ----------------------------------------------
22:53:24 [INFO] Beginning transformation mtf_CON_5500041
                Oracle:     CON          Number of T: 50
                Debug Mode: false          u64 Seed:    5500041
                Number of generating transformations: 52
                Internal Seed:          [110, 116, 202, 253, 251, 29, 228, 171, 212, 74, 62, 63, 226, 185, 132, 50, 4, 190, 234, 192, 9, 63, 255, 249, 215, 121, 220, 100, 227, 79, 127, 182]
                Seed File: Currently not supported!
22:53:24 [INFO] ----------------------------------------------
22:53:24 [INFO] -------------- Reading Seed File: ------------
22:53:24 [INFO] "/home/leo_repp/masterthesis/nemo/nemo-metamorphic-testing/examples/wikidata-yago-like-inverse-property-cleanup/yagoExample.rls"
22:53:24 [INFO] Renaming of rules complete
22:53:24 [INFO] --------- Finished Reading Seed file ---------
22:53:24 [INFO] ----------------------------------------------
22:53:24 [INFO] 
22:53:24 [INFO] ----------------------------------------------
22:53:24 [INFO] -------- Beginning Program Generation --------
22:53:24 [INFO] ----------------------------------------------
22:53:24 [INFO] 
22:53:24 [INFO] Removing old export statements
22:53:24 [INFO] Beginning inverse_stratum and ancestry computation starting at node R_OUT
22:53:24 [INFO] Ancestry and Inverse Stratum computation complete.
22:53:24 [INFO] Constructed lite ADG
22:53:24 [INFO] Generating Program...
22:53:24 [INFO] 
22:53:24 [INFO] 1 / 51
22:53:24 [INFO]   I Add Relational Node
22:53:24 [INFO]   Added new relation R_1
22:53:24 [INFO] 2 / 51
22:53:24 [INFO]   I Add Relational Node
22:53:24 [INFO]   Added new relation R_2
22:53:24 [INFO] 3 / 51
22:53:24 [INFO]   I Add Relational Node
22:53:24 [INFO]   Added new relation R_3
22:53:24 [INFO] 4 / 51
22:53:24 [INFO]   I Add Relational Node
22:53:24 [INFO]   Added new relation R_4
22:53:24 [INFO] 5 / 51
22:53:24 [INFO]   I Add Relational Node
22:53:24 [INFO]   Added new relation R_5
22:53:24 [INFO] 6 / 51
22:53:24 [INFO]   I Add Relational Node
22:53:24 [INFO]   Added new relation R_6
22:53:24 [INFO] 7 / 51
22:53:24 [INFO]   I Add Relational Node
22:53:24 [INFO]   Added new relation R_7
22:53:24 [INFO] 8 / 51
22:53:24 [INFO]   I Add Relational Node
22:53:24 [INFO]   Added new relation R_8
22:53:24 [INFO] 9 / 51
22:53:24 [INFO]   I Add Relational Node
22:53:24 [INFO]   Added new relation R_9
22:53:24 [INFO] 10 / 51
22:53:24 [INFO]   I Add Relational Node
22:53:24 [INFO]   Added new relation R_10
22:53:24 [INFO] 11 / 51
22:53:24 [INFO]   I Add Relational Node
22:53:24 [INFO]   Added new relation R_11
22:53:24 [INFO] 12 / 51
22:53:24 [INFO]   I Add Relational Node
22:53:24 [INFO]   Added new relation R_12
22:53:24 [INFO] 13 / 51
22:53:24 [INFO]   I Add Relational Node
22:53:24 [INFO]   Added new relation R_13
22:53:24 [INFO] 14 / 51
22:53:24 [INFO]   I Add Relational Node
22:53:24 [INFO]   Added new relation R_14
22:53:24 [INFO] 15 / 51
22:53:24 [INFO]   I Add Relational Node
22:53:24 [INFO]   Added new relation R_15
22:53:24 [INFO] 16 / 51
22:53:24 [INFO]   I Add Relational Node
22:53:24 [INFO]   Added new relation R_16
22:53:24 [INFO] 17 / 51
22:53:24 [INFO]   I Add Relational Node
22:53:24 [INFO]   Added new relation R_17
22:53:24 [INFO] 18 / 51
22:53:24 [INFO]   I Add Relational Node
22:53:24 [INFO]   Added new relation R_18
22:53:24 [INFO] 19 / 51
22:53:24 [INFO]   I Add Relational Node
22:53:24 [INFO]   Added new relation R_19
22:53:24 [INFO] 20 / 51
22:53:24 [INFO]   I Add Relational Node
22:53:24 [INFO]   Added new relation R_20
22:53:24 [INFO] 21 / 51
22:53:24 [INFO]   I Add Relational Node
22:53:24 [INFO]   Added new relation R_21
22:53:24 [INFO] 22 / 51
22:53:24 [INFO]   I Add Relational Node
22:53:24 [INFO]   Added new relation R_22
22:53:24 [INFO] 23 / 51
22:53:24 [INFO]   I Add Relational Node
22:53:24 [INFO]   Added new relation R_23
22:53:24 [INFO] 24 / 51
22:53:24 [INFO]   I Add Relational Node
22:53:24 [INFO]   Added new relation R_24
22:53:24 [INFO] 25 / 51
22:53:24 [INFO]   I Add Relational Node
22:53:24 [INFO]   Added new relation R_25
22:53:24 [INFO] 26 / 51
22:53:24 [INFO]   I Add Relational Node
22:53:24 [INFO]   Added new relation R_26
22:53:24 [INFO] 27 / 51
22:53:24 [INFO]   I Add Relational Node
22:53:24 [INFO]   Added new relation R_27
22:53:24 [INFO] 28 / 51
22:53:24 [INFO]   I Add Relational Node
22:53:24 [INFO]   Added new relation R_28
22:53:24 [INFO] 29 / 51
22:53:24 [INFO]   I Add Relational Node
22:53:24 [INFO]   Added new relation R_29
22:53:24 [INFO] 30 / 51
22:53:24 [INFO]   I Add Relational Node
22:53:24 [INFO]   Added new relation R_30
22:53:24 [INFO] 31 / 51
22:53:24 [INFO]   I Add Relational Node
22:53:24 [INFO]   Added new relation R_31
22:53:24 [INFO] 32 / 51
22:53:24 [INFO]   I Add Relational Node
22:53:24 [INFO]   Added new relation R_32
22:53:24 [INFO] 33 / 51
22:53:24 [INFO]   I Add Relational Node
22:53:24 [INFO]   Added new relation R_33
22:53:24 [INFO] 34 / 51
22:53:24 [INFO]   I Add Relational Node
22:53:24 [INFO]   Added new relation R_34
22:53:24 [INFO] 35 / 51
22:53:24 [INFO]   I Add Relational Node
22:53:24 [INFO]   Added new relation R_35
22:53:24 [INFO] 36 / 51
22:53:24 [INFO]   I Add Relational Node
22:53:24 [INFO]   Added new relation R_36
22:53:24 [INFO] 37 / 51
22:53:24 [INFO]   I Add Relational Node
22:53:24 [INFO]   Added new relation R_37
22:53:24 [INFO] 38 / 51
22:53:24 [INFO]   I Add Relational Node
22:53:24 [INFO]   Added new relation R_38
22:53:24 [INFO] 39 / 51
22:53:24 [INFO]   I Add Relational Node
22:53:24 [INFO]   Added new relation R_39
22:53:24 [INFO] 40 / 51
22:53:24 [INFO]   I Add Relational Node
22:53:24 [INFO]   Added new relation R_40
22:53:24 [INFO] 41 / 51
22:53:24 [INFO]   I Add Relational Node
22:53:24 [INFO]   Added new relation R_41
22:53:24 [INFO] 42 / 51
22:53:24 [INFO]   I Add Relational Node
22:53:24 [INFO]   Added new relation R_42
22:53:24 [INFO] 43 / 51
22:53:24 [INFO]   I Add Relational Node
22:53:24 [INFO]   Added new relation R_43
22:53:24 [INFO] 44 / 51
22:53:24 [INFO]   I Add Relational Node
22:53:24 [INFO]   Added new relation R_44
22:53:24 [INFO] 45 / 51
22:53:24 [INFO]   I Add Relational Node
22:53:24 [INFO]   Added new relation R_45
22:53:24 [INFO] 46 / 51
22:53:24 [INFO]   I Add Relational Node
22:53:24 [INFO]   Added new relation R_46
22:53:24 [INFO] 47 / 51
22:53:24 [INFO]   I Add Relational Node
22:53:24 [INFO]   Added new relation R_47
22:53:24 [INFO] 48 / 51
22:53:24 [INFO]   I Add Relational Node
22:53:24 [INFO]   Added new relation R_48
22:53:24 [INFO] 49 / 51
22:53:24 [INFO]   I Add Relational Node
22:53:24 [INFO]   Added new relation R_49
22:53:24 [INFO] 50 / 51
22:53:24 [INFO]   I Add Relational Node
22:53:24 [INFO]   Added new relation R_50
22:53:24 [INFO] 51 / 51
22:53:24 [INFO]   I Add Relational Node
22:53:24 [INFO]   Added new relation R_51
22:53:24 [INFO] 
22:53:24 [INFO] Adding a new rule for each relation other than the seed relations
22:53:24 [INFO] 
22:53:24 [INFO] 1 / 52
22:53:24 [INFO]   Generating new single body literal rule for R_OUT
22:53:24 [INFO]   Assigned relation R_OUT the artiy 6
22:53:24 [INFO]   Assigned relation R_39 the artiy 6
22:53:24 [INFO]   Added new rule of name r_GEN_1
22:53:24 [INFO]   R_OUT(?X_2, ?X_6, ?X_4, ?X_5, "x", ?X_3) :- R_39(?X_2, ?X_6, ?X_4, ?X_5, "x", ?X_3) .
22:53:24 [INFO] 2 / 52
22:53:24 [INFO]   Generating new single body literal rule for R_1
22:53:24 [INFO]   Assigned relation R_1 the artiy 6
22:53:24 [INFO]   Assigned relation R_15 the artiy 6
22:53:24 [INFO]   Added new rule of name r_GEN_2
22:53:24 [INFO]   R_1(?X_3, ?X_2, ?X_1, ?X_6, "b", ?X_2) :- R_15(?X_3, ?X_2, ?X_1, ?X_6, "b", ?X_2) .
22:53:24 [INFO] 3 / 52
22:53:24 [INFO]   Generating new single body literal rule for R_2
22:53:24 [INFO]   Assigned relation R_2 the artiy 2
22:53:24 [INFO]   Assigned relation R_50 the artiy 5
22:53:24 [INFO]   Added new rule of name r_GEN_3
22:53:24 [INFO]   R_2(?X_2, <http://wikiba.se/ontology#directClaim>) :- R_50(?X_2, <http://wikiba.se/ontology#directClaim>, ?Y_1, ?X_2, <http://wikiba.se/ontology#directClaim>) .
22:53:24 [INFO] 4 / 52
22:53:24 [INFO]   Generating new single body literal rule for R_3
22:53:24 [INFO]   Assigned relation R_3 the artiy 2
22:53:24 [INFO]   Assigned relation R_40 the artiy 6
22:53:24 [INFO]   Added new rule of name r_GEN_4
22:53:24 [INFO]   R_3(?X_2, ?X_2) :- R_40(?X_2, ?X_2, ?X_2, ?X_2, <http://wikiba.se/ontology#directClaim>, <http://wikiba.se/ontology#directClaim>) .
22:53:24 [INFO] 5 / 52
22:53:24 [INFO]   Generating new single body literal rule for R_4
22:53:24 [INFO]   Assigned relation R_4 the artiy 4
22:53:24 [INFO]   Assigned relation R_34 the artiy 4
22:53:24 [INFO]   Added new rule of name r_GEN_5
22:53:24 [INFO]   R_4(?X_1, <http://www.wikidata.org/prop/direct/P1696>, ?X_3, ?X_1) :- R_34(?X_1, <http://www.wikidata.org/prop/direct/P1696>, ?X_3, ?X_1) .
22:53:24 [INFO] 6 / 52
22:53:24 [INFO]   Generating new single body literal rule for R_5
22:53:24 [INFO]   Assigned relation R_5 the artiy 2
22:53:24 [INFO]   Added new rule of name r_GEN_6
22:53:24 [INFO]   R_5(?X_1, ?X_2) :- R_1(?Y_1, ?X_2, ?X_1, ?X_1, ?X_1, ?X_1) .
22:53:24 [INFO] 7 / 52
22:53:24 [INFO]   Generating new single body literal rule for R_6
22:53:24 [INFO]   Assigned relation R_6 the artiy 1
22:53:24 [INFO]   Added new rule of name r_GEN_7
22:53:24 [INFO]   R_6(?X_1) :- rightSmaller(?X_1) .
22:53:24 [INFO] 8 / 52
22:53:24 [INFO]   Generating new single body literal rule for R_7
22:53:24 [INFO]   Assigned relation R_7 the artiy 1
22:53:24 [INFO]   Added new rule of name r_GEN_8
22:53:24 [INFO]   R_7(?X_1) :- R_OUT(?Y_1, ?Y_1, ?X_1, ?X_1, "y", "y") .
22:53:24 [INFO] 9 / 52
22:53:24 [INFO]   Generating new single body literal rule for R_8
22:53:24 [INFO]   Assigned relation R_8 the artiy 2
22:53:24 [INFO]   Assigned relation R_27 the artiy 4
22:53:24 [INFO]   Added new rule of name r_GEN_9
22:53:24 [INFO]   R_8(?X_1, ?X_1) :- R_27(?X_1, "x", ?X_1, ?X_1) .
22:53:24 [INFO] 10 / 52
22:53:24 [INFO]   Generating new single body literal rule for R_9
22:53:24 [INFO]   Assigned relation R_9 the artiy 4
22:53:24 [INFO]   Assigned relation R_24 the artiy 5
22:53:24 [INFO]   Added new rule of name r_GEN_10
22:53:24 [INFO]   R_9(?X_4, "entityA", ?X_3, ?X_3) :- R_24(?X_4, ?Y_1, ?X_3, ?X_3, "entityA") .
22:53:24 [INFO] 11 / 52
22:53:24 [INFO]   Generating new single body literal rule for R_10
22:53:24 [INFO]   Assigned relation R_10 the artiy 6
22:53:24 [INFO]   Added new rule of name r_GEN_11
22:53:24 [INFO]   R_10(?X_5, ?X_2, ?X_3, ?X_5, ?X_4, "entityB") :- R_24(?Y_1, ?X_5, ?X_3, ?X_5, ?X_4), R_24("entityB", ?Y_1, ?X_5, ?Y_2, ?X_2) .
22:53:24 [INFO] 12 / 52
22:53:24 [INFO]   Generating new single body literal rule for R_11
22:53:24 [INFO]   Assigned relation R_11 the artiy 6
22:53:24 [INFO]   Added new rule of name r_GEN_12
22:53:24 [INFO]   R_11(?X_6, ?X_3, "x", ?X_5, ?X_2, ?X_1) :- predToKeep(?X_6), predToKeep(?X_3), predToKeep("x"), predToKeep(?X_5), predToKeep(?X_2), predToKeep(?X_1) .
22:53:24 [INFO] 13 / 52
22:53:24 [INFO]   Generating new single body literal rule for R_12
22:53:24 [INFO]   Assigned relation R_12 the artiy 1
22:53:24 [INFO]   Added new rule of name r_GEN_13
22:53:24 [INFO]   R_12(?X_1) :- R_50(?Y_1, ?Y_1, <http://wikiba.se/ontology#directClaim>, ?X_1, ?X_1) .
22:53:24 [INFO] 14 / 52
22:53:24 [INFO]   Generating new single body literal rule for R_13
22:53:24 [INFO]   Assigned relation R_13 the artiy 6
22:53:24 [INFO]   Added new rule of name r_GEN_14
22:53:24 [INFO]   R_13(?X_5, ?X_4, ?X_1, ?X_2, <http://www.wikidata.org/prop/direct/P1696>, ?X_3) :- totalSubjCountPerPred(?X_5, ?X_4), totalSubjCountPerPred(?X_1, ?X_2), totalSubjCountPerPred(<http://www.wikidata.org/prop/direct/P1696>, ?X_3) .
22:53:24 [INFO] 15 / 52
22:53:24 [INFO]   Generating new single body literal rule for R_14
22:53:24 [INFO]   Assigned relation R_14 the artiy 4
22:53:24 [INFO]   Assigned relation R_23 the artiy 6
22:53:24 [INFO]   Added new rule of name r_GEN_15
22:53:24 [INFO]   R_14("entityB", ?X_3, ?X_4, ?X_2) :- R_23("entityB", ?X_3, ?X_4, ?X_2, "entityB", ?X_2) .
22:53:24 [INFO] 16 / 52
22:53:24 [INFO]   Generating new single body literal rule for R_15
22:53:24 [INFO]   Assigned relation R_31 the artiy 6
22:53:24 [INFO]   Added new rule of name r_GEN_16
22:53:24 [INFO]   R_15(?X_2, ?X_6, "b", ?X_5, ?X_3, ?X_4) :- R_31(?X_2, ?X_6, "b", ?X_5, ?X_3, ?X_4) .
22:53:24 [INFO] 17 / 52
22:53:24 [INFO]   Generating new single body literal rule for R_16
22:53:24 [INFO]   Assigned relation R_16 the artiy 3
22:53:24 [INFO]   Added new rule of name r_GEN_17
22:53:24 [INFO]   R_16("z", ?X_3, ?X_2) :- R_39("x", ?X_3, ?X_2, "z", ?Y_1, ?X_2) .
22:53:24 [INFO] 18 / 52
22:53:24 [INFO]   Generating new single body literal rule for R_17
22:53:24 [INFO]   Assigned relation R_17 the artiy 4
22:53:24 [INFO]   Assigned relation R_22 the artiy 5
22:53:24 [INFO]   Added new rule of name r_GEN_18
22:53:24 [INFO]   R_17(?X_1, ?X_4, <http://wikiba.se/ontology#directClaim>, ?X_2) :- R_22(?X_1, ?X_4, ?X_1, ?X_2, <http://wikiba.se/ontology#directClaim>) .
22:53:24 [INFO] 19 / 52
22:53:24 [INFO]   Generating new single body literal rule for R_18
22:53:24 [INFO]   Assigned relation R_18 the artiy 1
22:53:24 [INFO]   Assigned relation R_30 the artiy 1
22:53:24 [INFO]   Added new rule of name r_GEN_19
22:53:24 [INFO]   R_18(?X_1) :- R_30(?X_1) .
22:53:24 [INFO] 20 / 52
22:53:24 [INFO]   Generating new single body literal rule for R_19
22:53:24 [INFO]   Assigned relation R_19 the artiy 3
22:53:24 [INFO]   Assigned relation R_25 the artiy 6
22:53:24 [INFO]   Added new rule of name r_GEN_20
22:53:24 [INFO]   R_19(?X_1, "x", ?X_1) :- R_25(?X_1, "x", ?X_1, ?X_1, ?X_1, ?Y_1) .
22:53:24 [INFO] 21 / 52
22:53:24 [INFO]   Generating new single body literal rule for R_20
22:53:24 [INFO]   Assigned relation R_20 the artiy 5
22:53:24 [INFO]   Assigned relation R_21 the artiy 6
22:53:24 [INFO]   Added new rule of name r_GEN_21
22:53:24 [INFO]   R_20(?X_4, ?X_2, ?X_5, ?X_1, ?X_3) :- R_21(?X_4, ?X_2, ?X_3, ?X_1, ?X_3, ?X_5) .
22:53:24 [INFO] 22 / 52
22:53:24 [INFO]   Generating new single body literal rule for R_21
22:53:24 [INFO]   Added new rule of name r_GEN_22
22:53:24 [INFO]   R_21(?X_2, <http://wikiba.se/ontology#directClaim>, ?X_6, ?X_4, ?X_5, ?X_3) :- totalSubjCountPerPred(?X_2, <http://wikiba.se/ontology#directClaim>), totalSubjCountPerPred(?X_6, ?X_4), totalSubjCountPerPred(?X_5, ?X_3) .
22:53:24 [INFO] 23 / 52
22:53:24 [INFO]   Generating new single body literal rule for R_22
22:53:24 [INFO]   Assigned relation R_41 the artiy 6
22:53:24 [INFO]   Added new rule of name r_GEN_23
22:53:24 [INFO]   R_22(?X_4, ?X_4, <http://wikiba.se/ontology#directClaim>, ?X_1, ?X_5) :- R_41(?X_4, ?X_4, <http://wikiba.se/ontology#directClaim>, ?X_1, ?X_5, ?X_1) .
22:53:24 [INFO] 24 / 52
22:53:24 [INFO]   Generating new single body literal rule for R_23
22:53:24 [INFO]   Added new rule of name r_GEN_24
22:53:24 [INFO]   R_23(?X_6, ?X_2, "y", ?X_4, ?X_3, ?X_1) :- R_3(?X_6, ?X_2), R_3("y", ?X_4), R_3(?X_3, ?X_1) .
22:53:24 [INFO] 25 / 52
22:53:24 [INFO]   Generating new single body literal rule for R_24
22:53:24 [INFO]   Added new rule of name r_GEN_25
22:53:24 [INFO]   R_24(?X_2, ?X_4, <http://www.wikidata.org/prop/direct/P1696>, ?X_3, ?X_1) :- R_OUT(?X_2, ?X_4, <http://www.wikidata.org/prop/direct/P1696>, ?X_3, ?X_1, ?X_3) .
22:53:24 [INFO] 26 / 52
22:53:24 [INFO]   Generating new single body literal rule for R_25
22:53:24 [INFO]   Added new rule of name r_GEN_26
22:53:24 [INFO]   R_25(?X_4, ?X_3, "a", ?X_2, ?X_1, ?X_6) :- R_31(?X_4, ?X_3, "a", ?X_2, ?X_1, ?X_6) .
22:53:24 [INFO] 27 / 52
22:53:24 [INFO]   Generating new single body literal rule for R_26
22:53:24 [INFO]   Assigned relation R_26 the artiy 5
22:53:24 [INFO]   Added new rule of name r_GEN_27
22:53:24 [INFO]   R_26(?X_2, ?X_1, ?X_3, ?X_4, ?X_5) :- R_7(?X_2), R_7(?X_1), R_7(?X_3), R_7(?X_4), R_7(?X_5) .
22:53:24 [INFO] 28 / 52
22:53:24 [INFO]   Generating new single body literal rule for R_27
22:53:24 [INFO]   Assigned relation R_43 the artiy 6
22:53:24 [INFO]   Added new rule of name r_GEN_28
22:53:24 [INFO]   R_27(?X_2, ?X_4, "a", ?X_4) :- R_43(?X_2, ?X_4, "a", ?X_4, ?X_4, ?X_2) .
22:53:24 [INFO] 29 / 52
22:53:24 [INFO]   Generating new single body literal rule for R_28
22:53:24 [INFO]   Assigned relation R_28 the artiy 3
22:53:24 [INFO]   Added new rule of name r_GEN_29
22:53:24 [INFO]   R_28(?X_1, ?X_2, "x") :- R_23(?X_1, ?X_2, "x", ?X_2, ?X_2, ?X_1) .
22:53:24 [INFO] 30 / 52
22:53:24 [INFO]   Generating new single body literal rule for R_29
22:53:24 [INFO]   Assigned relation R_29 the artiy 1
22:53:24 [INFO]   Added new rule of name r_GEN_30
22:53:24 [INFO]   R_29(?X_1) :- R_25(?X_1, ?X_1, "entityB", ?X_1, ?X_1, ?Y_1) .
22:53:24 [INFO] 31 / 52
22:53:24 [INFO]   Generating new single body literal rule for R_30
22:53:24 [INFO]   Assigned relation R_36 the artiy 3
22:53:24 [INFO]   Added new rule of name r_GEN_31
22:53:24 [INFO]   R_30(?X_1) :- R_36(?X_1, ?X_1, ?X_1) .
22:53:24 [INFO] 32 / 52
22:53:24 [INFO]   Generating new single body literal rule for R_31
22:53:24 [INFO]   Added new rule of name r_GEN_32
22:53:24 [INFO]   R_31(?X_1, ?X_4, ?X_3, ?X_5, ?X_6, "x") :- inversePropEntities(?X_1, ?X_4), inversePropEntities(?X_3, ?X_5), inversePropEntities(?X_6, "x") .
22:53:24 [INFO] 33 / 52
22:53:24 [INFO]   Generating new single body literal rule for R_32
22:53:24 [INFO]   Assigned relation R_32 the artiy 2
22:53:24 [INFO]   Added new rule of name r_GEN_33
22:53:24 [INFO]   R_32(?X_1, "entityA") :- R_3(?X_1, "entityA") .
22:53:24 [INFO] 34 / 52
22:53:24 [INFO]   Generating new single body literal rule for R_33
22:53:24 [INFO]   Assigned relation R_33 the artiy 3
22:53:24 [INFO]   Added new rule of name r_GEN_34
22:53:24 [INFO]   R_33(?X_3, ?X_3, ?X_1) :- objCountPerPredAndSource(?X_3, ?X_3, ?X_1) .
22:53:24 [INFO] 35 / 52
22:53:24 [INFO]   Generating new single body literal rule for R_34
22:53:24 [INFO]   Added new rule of name r_GEN_35
22:53:24 [INFO]   R_34(?X_1, <http://wikiba.se/ontology#directClaim>, ?X_4, ?X_3) :- pred(?X_1), pred(<http://wikiba.se/ontology#directClaim>), pred(?X_4), pred(?X_3) .
22:53:24 [INFO] 36 / 52
22:53:24 [INFO]   Generating new single body literal rule for R_35
22:53:24 [INFO]   Assigned relation R_35 the artiy 2
22:53:24 [INFO]   Added new rule of name r_GEN_36
22:53:24 [INFO]   R_35(?X_1, "a") :- R_6(?X_1), R_6("a") .
22:53:24 [INFO] 37 / 52
22:53:24 [INFO]   Generating new single body literal rule for R_36
22:53:24 [INFO]   Added new rule of name r_GEN_37
22:53:24 [INFO]   R_36(?X_2, ?X_3, <http://wikiba.se/ontology#directClaim>) :- R_20(?X_3, ?X_3, <http://wikiba.se/ontology#directClaim>, ?X_2, ?X_2) .
22:53:24 [INFO] 38 / 52
22:53:24 [INFO]   Generating new single body literal rule for R_37
22:53:24 [INFO]   Assigned relation R_37 the artiy 3
22:53:24 [INFO]   Added new rule of name r_GEN_38
22:53:24 [INFO]   R_37(<http://www.wikidata.org/prop/direct/P1696>, ?X_3, ?X_1) :- R_41(<http://www.wikidata.org/prop/direct/P1696>, ?X_1, ?Y_1, ?X_3, ?X_1, "x") .
22:53:24 [INFO] 39 / 52
22:53:24 [INFO]   Generating new single body literal rule for R_38
22:53:24 [INFO]   Assigned relation R_38 the artiy 3
22:53:24 [INFO]   Added new rule of name r_GEN_39
22:53:24 [INFO]   R_38(?X_2, "z", ?X_3) :- R_OUT(?X_2, "z", ?Y_1, "entityA", ?Y_1, ?X_3) .
22:53:24 [INFO] 40 / 52
22:53:24 [INFO]   Generating new single body literal rule for R_39
22:53:24 [INFO]   Added new rule of name r_GEN_40
22:53:24 [INFO]   R_39(?X_4, ?X_1, ?X_6, "entityA", ?X_1, ?X_5) :- R_17(?X_4, ?X_1, ?X_6, "entityA"), R_17(?X_1, "a", ?X_1, ?X_5) .
22:53:24 [INFO] 41 / 52
22:53:24 [INFO]   Generating new single body literal rule for R_40
22:53:24 [INFO]   Added new rule of name r_GEN_41
22:53:24 [INFO]   R_40(?X_2, ?X_4, ?X_5, ?X_1, ?X_6, ?X_4) :- predToKeep(?X_2), predToKeep(?X_4), predToKeep(?X_5), predToKeep(?X_1), predToKeep(?X_6), predToKeep(?X_4) .
22:53:24 [INFO] 42 / 52
22:53:24 [INFO]   Generating new single body literal rule for R_41
22:53:24 [INFO]   Added new rule of name r_GEN_42
22:53:24 [INFO]   R_41(?X_2, ?X_6, ?X_3, ?X_4, ?X_1, ?X_5) :- R_37(?X_2, ?X_6, ?X_3), R_37(?X_4, ?X_1, ?X_5) .
22:53:24 [INFO] 43 / 52
22:53:24 [INFO]   Generating new single body literal rule for R_42
22:53:24 [INFO]   Assigned relation R_42 the artiy 4
22:53:24 [INFO]   Added new rule of name r_GEN_43
22:53:24 [INFO]   R_42(?X_3, ?X_4, ?X_4, "a") :- R_36(?X_3, ?X_4, ?X_4), R_36(?X_4, "a", "a") .
22:53:24 [INFO] 44 / 52
22:53:24 [INFO]   Generating new single body literal rule for R_43
22:53:24 [INFO]   Added new rule of name r_GEN_44
22:53:24 [INFO]   R_43(?X_1, ?X_4, ?X_6, ?X_3, ?X_2, ?X_5) :- R_19(?X_1, ?X_4, ?X_6), R_19(?X_3, ?X_2, ?X_5) .
22:53:24 [INFO] 45 / 52
22:53:24 [INFO]   Generating new single body literal rule for R_44
22:53:24 [INFO]   Assigned relation R_44 the artiy 5
22:53:24 [INFO]   Added new rule of name r_GEN_45
22:53:24 [INFO]   R_44(<http://wikiba.se/ontology#directClaim>, ?X_3, ?X_3, ?X_1, ?X_4) :- R_24(<http://wikiba.se/ontology#directClaim>, ?X_3, ?X_3, ?X_1, ?X_4) .
22:53:24 [INFO] 46 / 52
22:53:24 [INFO]   Generating new single body literal rule for R_45
22:53:24 [INFO]   Assigned relation R_45 the artiy 2
22:53:24 [INFO]   Added new rule of name r_GEN_46
22:53:24 [INFO]   R_45(?X_2, "x") :- R_29(?X_2), R_29("x") .
22:53:24 [INFO] 47 / 52
22:53:24 [INFO]   Generating new single body literal rule for R_46
22:53:24 [INFO]   Assigned relation R_46 the artiy 4
22:53:24 [INFO]   Added new rule of name r_GEN_47
22:53:24 [INFO]   R_46(?X_4, ?X_1, ?X_2, "entityB") :- R_10(?X_4, ?X_1, ?X_2, ?X_2, "entityB", "entityB") .
22:53:24 [INFO] 48 / 52
22:53:24 [INFO]   Generating new single body literal rule for R_47
22:53:24 [INFO]   Assigned relation R_47 the artiy 6
22:53:24 [INFO]   Added new rule of name r_GEN_48
22:53:24 [INFO]   R_47(?X_5, ?X_4, ?X_2, ?X_1, ?X_4, ?X_3) :- inv(?X_5, ?X_4), inv(?X_2, ?X_1), inv(?X_4, ?X_3) .
22:53:24 [INFO] 49 / 52
22:53:24 [INFO]   Generating new single body literal rule for R_48
22:53:24 [INFO]   Assigned relation R_48 the artiy 6
22:53:24 [INFO]   Added new rule of name r_GEN_49
22:53:24 [INFO]   R_48(?X_3, ?X_5, ?X_6, ?X_1, "x", ?X_2) :- R_38(?X_3, ?X_5, ?X_6), R_38(?X_1, "x", ?X_2) .
22:53:24 [INFO] 50 / 52
22:53:24 [INFO]   Generating new single body literal rule for R_49
22:53:24 [INFO]   Assigned relation R_49 the artiy 2
22:53:24 [INFO]   Added new rule of name r_GEN_50
22:53:24 [INFO]   R_49(?X_2, ?X_2) :- R_40(?X_2, ?Y_1, ?X_2, ?X_2, ?Y_1, ?X_2) .
22:53:24 [INFO] 51 / 52
22:53:24 [INFO]   Generating new single body literal rule for R_50
22:53:24 [INFO]   Added new rule of name r_GEN_51
22:53:24 [INFO]   R_50(?X_1, "x", ?X_2, ?X_4, ?X_3) :- R_23("a", "x", ?X_2, ?X_4, ?X_3, ?X_1) .
22:53:24 [INFO] 52 / 52
22:53:24 [INFO]   Generating new single body literal rule for R_51
22:53:24 [INFO]   Assigned relation R_51 the artiy 4
22:53:24 [INFO]   Added new rule of name r_GEN_52
22:53:24 [INFO]   R_51(?X_1, ?X_3, ?X_2, "entityB") :- inv(?X_1, ?X_3), inv(?X_2, "entityB") .
22:53:24 [INFO] 
22:53:24 [INFO] Adding a outgoing relational edge for each relation other than R_OUT
22:53:24 [INFO] 
22:53:24 [INFO] 1 / 60
22:53:24 [INFO]   Adding outgoing relational edge from avgObjCountPerPredicate for r_GEN_4
22:53:24 [INFO]   Generated literal ~avgObjCountPerPredicate(?X_2, ?X_2) for rule r_GEN_4
22:53:24 [INFO] 2 / 60
22:53:24 [INFO]   Adding outgoing relational edge from inv for r_GEN_43
22:53:24 [INFO]   Generated literal ~inv(?X_4, ?X_4) for rule r_GEN_43
22:53:24 [INFO] 3 / 60
22:53:24 [INFO]   Adding outgoing relational edge from inversePropEntities for r_GEN_5
22:53:24 [INFO]   Generated literal inversePropEntities(?X_1, ?X_1) for rule r_GEN_5
22:53:24 [INFO] 4 / 60
22:53:24 [INFO]   Adding outgoing relational edge from objCountPerPredAndSource for r_GEN_9
22:53:24 [INFO]   Generated literal objCountPerPredAndSource(?Z_1, ?X_1, ?X_1) for rule r_GEN_9
22:53:24 [INFO] 5 / 60
22:53:24 [INFO]   Adding outgoing relational edge from pred for r_GEN_1
22:53:24 [INFO]   Generated literal pred(?X_6) for rule r_GEN_1
22:53:24 [INFO] 6 / 60
22:53:24 [INFO]   Adding outgoing relational edge from predToKeep for r_GEN_22
22:53:24 [INFO]   Generated literal predToKeep(?X_3) for rule r_GEN_22
22:53:24 [INFO] 7 / 60
22:53:24 [INFO]   Adding outgoing relational edge from rightSmaller for r_GEN_22
22:53:24 [INFO]   Generated literal ~rightSmaller(?X_5) for rule r_GEN_22
22:53:24 [INFO] 8 / 60
22:53:24 [INFO]   Adding outgoing relational edge from totalSubjCountPerPred for r_GEN_2
22:53:24 [INFO]   Generated literal ~totalSubjCountPerPred(?X_2, ?X_2) for rule r_GEN_2
22:53:24 [INFO] 9 / 60
22:53:24 [INFO]   Adding outgoing relational edge from wikidata for r_GEN_8
22:53:24 [INFO]   Generated literal ~wikidata(?X_1, ?X_1, ?Y_1) for rule r_GEN_8
22:53:24 [INFO] 10 / 60
22:53:24 [INFO]   Adding outgoing relational edge from R_1 for r_GEN_22
22:53:24 [INFO]   Generated literal R_1(?X_3, ?X_2, ?X_2, ?X_6, ?Z_2, ?X_5) for rule r_GEN_22
22:53:24 [INFO] 11 / 60
22:53:24 [INFO]   Adding outgoing relational edge from R_2 for r_GEN_7
22:53:24 [INFO]   Generated literal ~R_2(?X_1, <http://www.wikidata.org/prop/direct/P1696>) for rule r_GEN_7
22:53:24 [INFO] 12 / 60
22:53:24 [INFO]   Adding outgoing relational edge from R_3 for r_GEN_7
22:53:24 [INFO]   Generated literal R_3(<http://wikiba.se/ontology#directClaim>, ?X_1) for rule r_GEN_7
22:53:24 [INFO] 13 / 60
22:53:24 [INFO]   Adding outgoing relational edge from R_4 for r_GEN_35
22:53:24 [INFO]   Generated literal R_4(?X_4, ?Z_2, ?Z_1, <http://www.wikidata.org/prop/direct/P1696>) for rule r_GEN_35
22:53:24 [INFO] 14 / 60
22:53:24 [INFO]   Adding outgoing relational edge from R_5 for r_GEN_13
22:53:24 [INFO]   Generated literal R_5(?X_1, ?X_1) for rule r_GEN_13
22:53:24 [INFO] 15 / 60
22:53:24 [INFO]   Adding outgoing relational edge from R_6 for r_GEN_10
22:53:24 [INFO]   Generated literal R_6(?Z_3) for rule r_GEN_10
22:53:24 [INFO] 16 / 60
22:53:24 [INFO]   Adding outgoing relational edge from R_7 for r_GEN_46
22:53:24 [INFO]   Generated literal ~R_7("b") for rule r_GEN_46
22:53:24 [INFO] 17 / 60
22:53:24 [INFO]   Adding outgoing relational edge from R_8 for r_GEN_30
22:53:24 [INFO]   Generated literal R_8(?X_1, ?X_1) for rule r_GEN_30
22:53:24 [INFO] 18 / 60
22:53:24 [INFO]   Adding outgoing relational edge from R_9 for r_GEN_1
22:53:24 [INFO]   Generated literal R_9("entityA", ?X_6, ?X_6, ?Z_4) for rule r_GEN_1
22:53:24 [INFO] 19 / 60
22:53:24 [INFO]   Adding outgoing relational edge from R_10 for r_GEN_17
22:53:24 [INFO]   Generated literal R_10(?X_3, ?Y_1, ?X_2, ?Z_1, "x", ?X_2) for rule r_GEN_17
22:53:24 [INFO] 20 / 60
22:53:24 [INFO]   Adding outgoing relational edge from R_11 for r_GEN_26
22:53:24 [INFO]   Generated literal R_11(?X_4, ?X_3, ?Z_2, ?X_1, ?X_3, ?X_2) for rule r_GEN_26
22:53:24 [INFO] 21 / 60
22:53:24 [INFO]   Adding outgoing relational edge from R_12 for r_GEN_29
22:53:24 [INFO]   Generated literal R_12(?X_1) for rule r_GEN_29
22:53:24 [INFO] 22 / 60
22:53:24 [INFO]   Adding outgoing relational edge from R_13 for r_GEN_40
22:53:24 [INFO]   Generated literal R_13(?X_1, ?X_1, ?X_6, ?X_4, ?X_4, ?X_4) for rule r_GEN_40
22:53:24 [INFO] 23 / 60
22:53:24 [INFO]   Adding outgoing relational edge from R_14 for r_GEN_46
22:53:24 [INFO]   Generated literal ~R_14(?X_2, ?X_2, "x", ?X_2) for rule r_GEN_46
22:53:24 [INFO] 24 / 60
22:53:24 [INFO]   Adding outgoing relational edge from R_15 for r_GEN_25
22:53:24 [INFO]   Generated literal R_15(?X_3, ?Z_2, ?X_3, ?X_4, ?X_3, ?X_2) for rule r_GEN_25
22:53:24 [INFO] 25 / 60
22:53:24 [INFO]   Adding outgoing relational edge from R_16 for r_GEN_14
22:53:24 [INFO]   Generated literal R_16(?Z_1, ?Z_3, ?X_2) for rule r_GEN_14
22:53:24 [INFO] 26 / 60
22:53:24 [INFO]   Adding outgoing relational edge from R_17 for r_GEN_49
22:53:24 [INFO]   Generated literal R_17("a", ?X_6, ?Z_4, ?X_5) for rule r_GEN_49
22:53:24 [INFO] 27 / 60
22:53:24 [INFO]   Adding outgoing relational edge from R_18 for r_GEN_32
22:53:24 [INFO]   Generated literal R_18(<http://wikiba.se/ontology#directClaim>) for rule r_GEN_32
22:53:24 [INFO] 28 / 60
22:53:24 [INFO]   Adding outgoing relational edge from R_19 for r_GEN_3
22:53:24 [INFO]   Generated literal R_19(?Z_1, ?X_2, ?X_2) for rule r_GEN_3
22:53:24 [INFO] 29 / 60
22:53:24 [INFO]   Adding outgoing relational edge from R_20 for r_GEN_32
22:53:24 [INFO]   Generated literal R_20(?X_4, ?X_5, ?X_4, <http://www.wikidata.org/prop/direct/P1696>, ?Z_4) for rule r_GEN_32
22:53:24 [INFO] 30 / 60
22:53:24 [INFO]   Adding outgoing relational edge from R_21 for r_GEN_46
22:53:24 [INFO]   Generated literal R_21(?X_2, ?X_2, ?X_2, "a", ?X_2, ?X_2) for rule r_GEN_46
22:53:24 [INFO] 31 / 60
22:53:24 [INFO]   Adding outgoing relational edge from R_22 for r_GEN_51
22:53:24 [INFO]   Generated literal R_22(?X_4, ?Z_2, ?X_2, <http://wikiba.se/ontology#directClaim>, ?X_1) for rule r_GEN_51
22:53:24 [INFO] 32 / 60
22:53:24 [INFO]   Adding outgoing relational edge from R_23 for r_GEN_6
22:53:24 [INFO]   Generated literal R_23(?X_1, ?X_2, ?X_2, ?Z_1, <http://www.wikidata.org/prop/direct/P1696>, ?Z_3) for rule r_GEN_6
22:53:24 [INFO] 33 / 60
22:53:24 [INFO]   Adding outgoing relational edge from R_24 for r_GEN_5
22:53:24 [INFO]   Generated literal R_24(?X_3, ?Z_3, ?Z_1, ?X_1, ?X_1) for rule r_GEN_5
22:53:24 [INFO] 34 / 60
22:53:24 [INFO]   Adding outgoing relational edge from R_25 for r_GEN_10
22:53:24 [INFO]   Generated literal R_25(?X_4, ?X_3, ?X_3, ?Z_4, ?X_3, ?Z_2) for rule r_GEN_10
22:53:24 [INFO] 35 / 60
22:53:24 [INFO]   Adding outgoing relational edge from R_26 for r_GEN_14
22:53:24 [INFO]   Generated literal R_26(?Z_5, ?Z_6, ?Z_1, ?X_3, ?Z_2) for rule r_GEN_14
22:53:24 [INFO] 36 / 60
22:53:24 [INFO]   Adding outgoing relational edge from R_27 for r_GEN_2
22:53:24 [INFO]   Generated literal R_27(?X_6, ?Z_3, ?Z_5, ?X_6) for rule r_GEN_2
22:53:24 [INFO] 37 / 60
22:53:24 [INFO]   Adding outgoing relational edge from R_28 for r_GEN_27
22:53:24 [INFO]   Generated literal R_28(?X_4, ?X_3, ?X_2) for rule r_GEN_27
22:53:24 [INFO] 38 / 60
22:53:24 [INFO]   Adding outgoing relational edge from R_29 for r_GEN_13
22:53:24 [INFO]   Generated literal ~R_29(?X_1) for rule r_GEN_13
22:53:24 [INFO] 39 / 60
22:53:24 [INFO]   Adding outgoing relational edge from R_30 for r_GEN_29
22:53:24 [INFO]   Generated literal R_30(?Z_2) for rule r_GEN_29
22:53:24 [INFO] 40 / 60
22:53:24 [INFO]   Adding outgoing relational edge from R_31 for r_GEN_6
22:53:24 [INFO]   Generated literal R_31(?X_1, ?Z_7, ?Z_2, ?X_2, ?X_2, ?X_1) for rule r_GEN_6
22:53:24 [INFO] 41 / 60
22:53:24 [INFO]   Adding outgoing relational edge from R_32 for r_GEN_21
22:53:24 [INFO]   Generated literal R_32(?Z_1, ?Z_3) for rule r_GEN_21
22:53:24 [INFO] 42 / 60
22:53:24 [INFO]   Adding outgoing relational edge from R_33 for r_GEN_47
22:53:24 [INFO]   Generated literal R_33("a", ?X_1, ?X_4) for rule r_GEN_47
22:53:24 [INFO] 43 / 60
22:53:24 [INFO]   Adding outgoing relational edge from R_34 for r_GEN_25
22:53:24 [INFO]   Generated literal R_34(?X_4, ?X_3, ?Z_7, ?X_3) for rule r_GEN_25
22:53:24 [INFO] 44 / 60
22:53:24 [INFO]   Adding outgoing relational edge from R_35 for r_GEN_45
22:53:24 [INFO]   Generated literal ~R_35("b", ?X_4) for rule r_GEN_45
22:53:24 [INFO] 45 / 60
22:53:24 [INFO]   Adding outgoing relational edge from R_36 for r_GEN_4
22:53:24 [INFO]   Generated literal R_36(?X_2, ?X_2, ?X_2) for rule r_GEN_4
22:53:24 [INFO] 46 / 60
22:53:24 [INFO]   Adding outgoing relational edge from R_37 for r_GEN_17
22:53:24 [INFO]   Generated literal R_37(?X_3, ?X_2, ?X_2) for rule r_GEN_17
22:53:24 [INFO] 47 / 60
22:53:24 [INFO]   Adding outgoing relational edge from R_38 for r_GEN_49
22:53:24 [INFO]   Generated literal ~R_38(?X_6, ?X_1, ?X_2) for rule r_GEN_49
22:53:24 [INFO] 48 / 60
22:53:24 [INFO]   Adding outgoing relational edge from R_39 for r_GEN_8
22:53:24 [INFO]   Generated literal R_39("z", ?Y_1, ?Y_1, ?Z_2, ?Z_3, ?Z_1) for rule r_GEN_8
22:53:24 [INFO] 49 / 60
22:53:24 [INFO]   Adding outgoing relational edge from R_40 for r_GEN_8
22:53:24 [INFO]   Generated literal R_40(?X_1, ?Y_1, ?Z_3, ?Y_1, ?Y_1, ?Z_2) for rule r_GEN_8
22:53:24 [INFO] 50 / 60
22:53:24 [INFO]   Adding outgoing relational edge from R_41 for r_GEN_49
22:53:24 [INFO]   Generated literal R_41(?X_6, ?X_6, ?Z_1, ?X_2, ?Z_3, ?Z_7) for rule r_GEN_49
22:53:24 [INFO] 51 / 60
22:53:24 [INFO]   Adding outgoing relational edge from R_42 for r_GEN_14
22:53:24 [INFO]   Generated literal ~R_42(?X_1, ?Z_1, ?X_5, ?X_3) for rule r_GEN_14
22:53:24 [INFO] 52 / 60
22:53:24 [INFO]   Adding outgoing relational edge from R_43 for r_GEN_25
22:53:24 [INFO]   Generated literal R_43(?Z_2, ?Z_6, ?Z_5, ?X_3, ?Z_4, "x") for rule r_GEN_25
22:53:24 [INFO] 53 / 60
22:53:24 [INFO]   Adding outgoing relational edge from R_44 for r_GEN_46
22:53:24 [INFO]   Generated literal ~R_44("entityA", ?X_2, ?X_2, ?X_2, ?X_2) for rule r_GEN_46
22:53:24 [INFO] 54 / 60
22:53:24 [INFO]   Adding outgoing relational edge from R_45 for r_GEN_39
22:53:24 [INFO]   Generated literal R_45(?X_2, ?X_3) for rule r_GEN_39
22:53:24 [INFO] 55 / 60
22:53:24 [INFO]   Adding outgoing relational edge from R_46 for r_GEN_10
22:53:24 [INFO]   Generated literal R_46("x", ?Z_2, ?Z_7, ?X_4) for rule r_GEN_10
22:53:24 [INFO] 56 / 60
22:53:24 [INFO]   Adding outgoing relational edge from R_47 for r_GEN_25
22:53:24 [INFO]   Generated literal R_47(?X_3, ?Z_2, ?X_3, ?X_3, ?X_4, ?X_4) for rule r_GEN_25
22:53:24 [INFO] 57 / 60
22:53:24 [INFO]   Adding outgoing relational edge from R_48 for r_GEN_50
22:53:24 [INFO]   Generated literal R_48(?X_2, ?X_2, ?X_2, ?X_2, ?Z_1, ?X_2) for rule r_GEN_50
22:53:24 [INFO] 58 / 60
22:53:24 [INFO]   Adding outgoing relational edge from R_49 for r_GEN_50
22:53:24 [INFO]   Generated literal R_49(?X_2, ?Z_2) for rule r_GEN_50
22:53:24 [INFO] 59 / 60
22:53:24 [INFO]   Adding outgoing relational edge from R_50 for r_GEN_36
22:53:24 [INFO]   Generated literal R_50(?X_1, ?Z_1, ?X_1, ?X_1, "a") for rule r_GEN_36
22:53:24 [INFO] 60 / 60
22:53:24 [INFO]   Adding outgoing relational edge from R_51 for r_GEN_13
22:53:24 [INFO]   Generated literal R_51(?X_1, ?X_1, "entityB", ?X_1) for rule r_GEN_13
22:53:24 [INFO] 
22:53:24 [INFO] Adding gen. size facts
22:53:24 [INFO] 
22:53:24 [INFO] 1 / 52
22:53:24 [INFO]   II Add Fact Node and Edge
22:53:24 [INFO]   Added new fact R_8("str_1", c_1).
22:53:24 [INFO] 2 / 52
22:53:24 [INFO]   II Add Fact Node and Edge
22:53:24 [INFO]   Added new fact R_29("str_1").
22:53:24 [INFO] 3 / 52
22:53:24 [INFO]   II Add Fact Node and Edge
22:53:24 [INFO]   Added new fact R_38(c_2, <http://www.wikidata.org/prop/direct/P1696>, "z").
22:53:24 [INFO] 4 / 52
22:53:24 [INFO]   II Add Fact Node and Edge
22:53:24 [INFO]   Added new fact R_14(2492883768708798292, c_2, c_3, "str_1").
22:53:24 [INFO] 5 / 52
22:53:24 [INFO]   II Add Fact Node and Edge
22:53:24 [INFO]   Added new fact R_38("entityB", "str_2", c_4).
22:53:24 [INFO] 6 / 52
22:53:24 [INFO]   II Add Fact Node and Edge
22:53:24 [INFO]   Added new fact R_7("x").
22:53:24 [INFO] 7 / 52
22:53:24 [INFO]   II Add Fact Node and Edge
22:53:24 [INFO]   Added new fact R_39("z", "entityB", "b", c_5, 2454582159838587266, c_6).
22:53:24 [INFO] 8 / 52
22:53:24 [INFO]   II Add Fact Node and Edge
22:53:24 [INFO]   Added new fact R_29(c_7).
22:53:24 [INFO] 9 / 52
22:53:24 [INFO]   II Add Fact Node and Edge
22:53:24 [INFO]   Added new fact R_35("str_2", 2492883768708798292).
22:53:24 [INFO] 10 / 52
22:53:24 [INFO]   II Add Fact Node and Edge
22:53:24 [INFO]   Added new fact R_39(c_8, "a", "b", "str_3", "b", c_2).
22:53:24 [INFO] 11 / 52
22:53:24 [INFO]   II Add Fact Node and Edge
22:53:24 [INFO]   Added new fact R_29("str_4").
22:53:24 [INFO] 12 / 52
22:53:24 [INFO]   II Add Fact Node and Edge
22:53:24 [INFO]   Added new fact R_35(c_9, 14668087933935667249).
22:53:24 [INFO] 13 / 52
22:53:24 [INFO]   II Add Fact Node and Edge
22:53:24 [INFO]   Added new fact R_48(c_10, c_9, "str_5", c_11, c_7, c_9).
22:53:24 [INFO] 14 / 52
22:53:24 [INFO]   II Add Fact Node and Edge
22:53:24 [INFO]   Added new fact R_28("b", c_12, "str_6").
22:53:24 [INFO] 15 / 52
22:53:24 [INFO]   II Add Fact Node and Edge
22:53:24 [INFO]   Added new fact R_35("x", 2364805543870034638).
22:53:24 [INFO] 16 / 52
22:53:24 [INFO]   II Add Fact Node and Edge
22:53:24 [INFO]   Added new fact R_12("z").
22:53:24 [INFO] 17 / 52
22:53:24 [INFO]   II Add Fact Node and Edge
22:53:24 [INFO]   Added new fact R_6(10577465134703093001).
22:53:24 [INFO] 18 / 52
22:53:24 [INFO]   II Add Fact Node and Edge
22:53:24 [INFO]   Added new fact R_38(10577465134703093001, 115377755701959547, "str_3").
22:53:24 [INFO] 19 / 52
22:53:24 [INFO]   II Add Fact Node and Edge
22:53:24 [INFO]   Added new fact R_42(c_7, "str_2", <http://www.wikidata.org/prop/direct/P1696>, "z").
22:53:24 [INFO] 20 / 52
22:53:24 [INFO]   II Add Fact Node and Edge
22:53:24 [INFO]   Added new fact R_26(115377755701959547, c_13, c_14, "b", "a").
22:53:24 [INFO] 21 / 52
22:53:24 [INFO]   II Add Fact Node and Edge
22:53:24 [INFO]   Added new fact R_35(14503979764053728674, "x").
22:53:24 [INFO] 22 / 52
22:53:24 [INFO]   II Add Fact Node and Edge
22:53:24 [INFO]   Added new fact R_45(c_15, c_16).
22:53:24 [INFO] 23 / 52
22:53:24 [INFO]   II Add Fact Node and Edge
22:53:24 [INFO]   Added new fact R_16(c_7, "b", c_9).
22:53:24 [INFO] 24 / 52
22:53:24 [INFO]   II Add Fact Node and Edge
22:53:24 [INFO]   Added new fact R_46("str_7", c_17, "a", "x").
22:53:24 [INFO] 25 / 52
22:53:24 [INFO]   II Add Fact Node and Edge
22:53:24 [INFO]   Added new fact R_49(c_18, c_19).
22:53:24 [INFO] 26 / 52
22:53:24 [INFO]   II Add Fact Node and Edge
22:53:24 [INFO]   Added new fact R_38(c_20, "str_8", 2454582159838587266).
22:53:24 [INFO] 27 / 52
22:53:24 [INFO]   II Add Fact Node and Edge
22:53:24 [INFO]   Added new fact R_39("b", <http://wikiba.se/ontology#directClaim>, 10864718475081712881, "str_7", "a", 9143973500633626840).
22:53:24 [INFO] 28 / 52
22:53:24 [INFO]   II Add Fact Node and Edge
22:53:24 [INFO]   Added new fact R_29(14572831928683948757).
22:53:24 [INFO] 29 / 52
22:53:24 [INFO]   II Add Fact Node and Edge
22:53:24 [INFO]   Added new fact R_49(c_9, c_20).
22:53:24 [INFO] 30 / 52
22:53:24 [INFO]   II Add Fact Node and Edge
22:53:24 [INFO]   Added new fact R_5("x", c_21).
22:53:24 [INFO] 31 / 52
22:53:24 [INFO]   II Add Fact Node and Edge
22:53:24 [INFO]   Added new fact R_8(<http://wikiba.se/ontology#directClaim>, "str_9").
22:53:24 [INFO] 32 / 52
22:53:24 [INFO]   II Add Fact Node and Edge
22:53:24 [INFO]   Added new fact R_45("entityB", c_5).
22:53:24 [INFO] 33 / 52
22:53:24 [INFO]   II Add Fact Node and Edge
22:53:24 [INFO]   Added new fact R_44("y", c_15, "str_10", "str_11", "a").
22:53:24 [INFO] 34 / 52
22:53:24 [INFO]   II Add Fact Node and Edge
22:53:24 [INFO]   Added new fact R_45("entityB", "str_12").
22:53:24 [INFO] 35 / 52
22:53:24 [INFO]   II Add Fact Node and Edge
22:53:24 [INFO]   Added new fact R_33("entityA", c_22, "str_13").
22:53:24 [INFO] 36 / 52
22:53:24 [INFO]   II Add Fact Node and Edge
22:53:24 [INFO]   Added new fact R_35(c_13, "y").
22:53:24 [INFO] 37 / 52
22:53:24 [INFO]   II Add Fact Node and Edge
22:53:24 [INFO]   Added new fact R_5(c_2, "str_14").
22:53:24 [INFO] 38 / 52
22:53:24 [INFO]   II Add Fact Node and Edge
22:53:24 [INFO]   Added new fact R_34("str_13", <http://wikiba.se/ontology#directClaim>, c_18, "y").
22:53:24 [INFO] 39 / 52
22:53:24 [INFO]   II Add Fact Node and Edge
22:53:24 [INFO]   Added new fact R_29(c_23).
22:53:24 [INFO] 40 / 52
22:53:24 [INFO]   II Add Fact Node and Edge
22:53:24 [INFO]   Added new fact R_46(12874507515036902841, c_16, c_24, "str_6").
22:53:24 [INFO] 41 / 52
22:53:24 [INFO]   II Add Fact Node and Edge
22:53:24 [INFO]   Added new fact R_38("str_15", 8036487687795667015, c_8).
22:53:24 [INFO] 42 / 52
22:53:24 [INFO]   II Add Fact Node and Edge
22:53:24 [INFO]   Added new fact R_45(c_14, "entityB").
22:53:24 [INFO] 43 / 52
22:53:24 [INFO]   II Add Fact Node and Edge
22:53:24 [INFO]   Added new fact R_45(c_25, 17976468307074197454).
22:53:24 [INFO] 44 / 52
22:53:24 [INFO]   II Add Fact Node and Edge
22:53:24 [INFO]   Added new fact R_38(12874507515036902841, c_8, <http://wikiba.se/ontology#directClaim>).
22:53:24 [INFO] 45 / 52
22:53:24 [INFO]   II Add Fact Node and Edge
22:53:24 [INFO]   Added new fact R_14(115377755701959547, 17638833248170321884, "str_6", 11635923172933101380).
22:53:24 [INFO] 46 / 52
22:53:24 [INFO]   II Add Fact Node and Edge
22:53:24 [INFO]   Added new fact R_7("a").
22:53:24 [INFO] 47 / 52
22:53:24 [INFO]   II Add Fact Node and Edge
22:53:24 [INFO]   Added new fact R_13(c_26, c_27, c_12, <http://wikiba.se/ontology#directClaim>, c_25, "z").
22:53:24 [INFO] 48 / 52
22:53:24 [INFO]   II Add Fact Node and Edge
22:53:24 [INFO]   Added new fact R_46("str_10", "str_8", 5092645663220958947, c_23).
22:53:24 [INFO] 49 / 52
22:53:24 [INFO]   II Add Fact Node and Edge
22:53:24 [INFO]   Added new fact R_2(<http://wikiba.se/ontology#directClaim>, c_28).
22:53:24 [INFO] 50 / 52
22:53:24 [INFO]   II Add Fact Node and Edge
22:53:24 [INFO]   Added new fact R_34(11324142006868341881, "str_16", c_6, 13733332431588857200).
22:53:24 [INFO] 51 / 52
22:53:24 [INFO]   II Add Fact Node and Edge
22:53:24 [INFO]   Added new fact R_17(c_7, 6248887586119780526, c_29, c_30).
22:53:24 [INFO] 52 / 52
22:53:24 [INFO]   II Add Fact Node and Edge
22:53:24 [INFO]   Added new fact R_8(c_31, c_9).
22:53:24 [INFO] 
22:53:24 [INFO] ----------------------------------------------
22:53:24 [INFO] ----------- Program Generation Done ----------
22:53:24 [INFO] ----------------------------------------------
22:53:24 [INFO] 
22:53:24 [INFO] ----------- Generated ADG Summary: -----------
22:53:24 [INFO] ADG Fact Nodes:                  52
22:53:24 [INFO] ADG Relational Nodes:            61
22:53:24 [INFO] ADG Fact Edges:                  52
22:53:24 [INFO] ADG Relational Edges:            148
22:53:24 [INFO] Number of inv. Strata:           5
22:53:24 [INFO] 
22:53:24 [INFO] Nodes with None Ancestry:        7
22:53:24 [INFO] Nodes with Positive Ancestry:    22
22:53:24 [INFO] Nodes with Negative Ancestry:    5
22:53:24 [INFO] Nodes with Unknown Ancestry:     27
22:53:24 [INFO] 
22:53:24 [INFO] Next rule name would be:         r_CON_53
22:53:24 [INFO] Next predicate name would be:    R_52
22:53:24 [INFO] Next constant name would be:     c_32
22:53:24 [INFO] Next string would be:            "str_17"
22:53:24 [INFO] 
22:53:24 [INFO] Output predicate:                R_OUT
22:53:24 [INFO] Generated rule count:            52
22:53:24 [INFO] Rule count:                      62
22:53:24 [INFO] Average rel. arity:              3.639344262295082
22:53:24 [INFO] Arity calc. may be inaccurate if arity > f64
22:53:24 [INFO] ----------------------------------------------
22:53:24 [INFO] 
22:53:24 [INFO] ------ Performed Gen. Transformations: -------
22:53:24 [INFO]  #      Type
22:53:24 [INFO]  52      Generate New Rule with Probably Single Lit
22:53:24 [INFO]  60      Generating an Outgoing Relational Edge
22:53:24 [INFO]  51      I     Add Relational Node
22:53:24 [INFO]  52      II    Add Fact Node and Edge
22:53:24 [INFO] ----------------------------------------------
22:53:24 [INFO] 
22:53:24 [INFO] Storing input ADG and input program
22:53:24 [INFO] 
22:53:24 [INFO] ----------------------------------------------
22:53:24 [INFO] --------- Beginning Transformations ----------
22:53:24 [INFO] --------  Oracle: CON    Number: 50
22:53:24 [INFO] ----------------------------------------------
22:53:24 [INFO] 1 / 50
22:53:24 [INFO]   II Add Fact Node and Edge
22:53:24 [INFO]   Added new fact R_2("str_19", "a").
22:53:24 [INFO] 2 / 50
22:53:24 [INFO]   IX Remove Fact Node and Edge
22:53:24 [INFO]   Removed fact R_17(c_7, 6248887586119780526, c_29, c_30). from the program
22:53:24 [INFO]   Removed fact R_17(c_7, 6248887586119780526, c_29, c_30). from the ADG.
22:53:24 [INFO] 3 / 50
22:53:24 [INFO]   VIII Modify Rule - Remove Equality
22:53:24 [INFO]   Replaced a random number of var X_2 with var X_2_new_1 in the rule r_GEN_15
22:53:24 [INFO] 4 / 50
22:53:24 [INFO]   IX Remove Fact Node and Edge
22:53:24 [INFO]   Removed fact R_16(c_7, "b", c_9). from the program
22:53:24 [INFO]   Removed fact R_16(c_7, "b", c_9). from the ADG.
22:53:24 [INFO] 5 / 50
22:53:24 [INFO]   III Add Relational edges - New Rule
22:53:24 [INFO]   Added new rule of name r_CON_55
22:53:24 [INFO]   R_44(?X_5, ?X_2, ?X_3, c_19, ?X_4) :- R_24(?X_5, ?X_2, c_28, ?Y_1, c_19), R_39(c_19, ?X_4, ?X_4, c_19, ?X_3, ?X_5) .
22:53:24 [INFO] 6 / 50
22:53:24 [INFO]   Xa Remove Relational Node - Rule Variant
22:53:24 [INFO]   Removing relational node R_44
22:53:24 [INFO]   Removing the Rule of the name r_GEN_45
22:53:24 [INFO]   Removing the Rule of the name r_GEN_46
22:53:24 [INFO]   Removing the Rule of the name r_CON_55
22:53:24 [INFO]   Removing at least 10 relational edges.
22:53:24 [INFO] 7 / 50
22:53:24 [INFO]   IV Add Relational Edge - New Literal
22:53:24 [INFO]   Generated literal R_6(?Z_1) for rule r_GEN_29
22:53:24 [INFO] 8 / 50
22:53:24 [INFO]   II Add Fact Node and Edge
22:53:24 [INFO]   Added new fact R_14("str_6", "str_14", c_9, c_34).
22:53:24 [INFO] 9 / 50
22:53:24 [INFO]   VII Modify Rule - Add Equality
22:53:24 [INFO]   Replaced var ?X_1 with var ?X_4 in the rule r_GEN_47
22:53:24 [INFO] 10 / 50
22:53:24 [INFO]   Xa Remove Relational Node - Rule Variant
22:53:24 [INFO]   Removing relational node R_38
22:53:24 [INFO]   Removing the Rule of the name r_GEN_49
22:53:24 [INFO]   Removing the Rule of the name r_GEN_39
22:53:24 [INFO]   Removing at least 7 relational edges.
22:53:24 [INFO] 11 / 50
22:53:24 [INFO]   VIII Modify Rule - Remove Equality
22:53:24 [INFO]   Replaced a random number of var X_2 with var X_2_new_1 in the rule r_GEN_3
22:53:24 [INFO] 12 / 50
22:53:24 [INFO]   Xa Remove Relational Node - Rule Variant
22:53:24 [INFO]   Removing relational node R_49
22:53:24 [INFO]   Removing the Rule of the name r_GEN_50
22:53:24 [INFO]   Removing at least 3 relational edges.
22:53:24 [INFO] 13 / 50
22:53:24 [INFO]   XI Add Contradictory Rule
22:53:24 [INFO]   Added new contradictory rule of name r_CON_56
22:53:24 [INFO]   R_26(?X_4, ?X_5, ?X_3, ?X_2, 11324142006868341881) :- R_33(?X_4, ?X_2, ?X_3), R_33(?X_2, 11324142006868341881, ?X_5), ~R_33(?X_4, ?X_2, ?X_3) .
22:53:24 [INFO] 14 / 50
22:53:24 [INFO]   VII Modify Rule - Add Equality
22:53:24 [INFO]   Replaced var ?X_1 with var ?Y_1 in the rule r_GEN_13
22:53:24 [INFO] 15 / 50
22:53:24 [INFO]   II Add Fact Node and Edge
22:53:24 [INFO]   Added new fact R_48(12874507515036902841, 15826624028561336546, c_35, "entityA", 5063241771491774062, c_19).
22:53:24 [INFO] 16 / 50
22:53:24 [INFO]   VIII Modify Rule - Remove Equality
22:53:24 [INFO]   Replaced a random number of var X_1 with var X_1_new_1 in the rule r_GEN_9
22:53:24 [INFO] 17 / 50
22:53:24 [INFO]   I Add Relational Node
22:53:24 [INFO]   Added new relation R_54
22:53:24 [INFO] 18 / 50
22:53:24 [INFO]   III Add Relational edges - New Rule
22:53:24 [INFO]   Added new rule of name r_CON_57
22:53:24 [INFO]   R_35(?X_1, ?X_2) :- R_36(?X_2, ?X_2, ?Y_1), R_51("a", ?X_2, ?X_2, ?X_1), R_27(?X_1, ?X_2, ?X_2, ?X_1), ~R_18(?X_2), ~R_50(?X_2, ?X_2, ?X_2, ?X_2, ?X_2) .
22:53:24 [INFO] 19 / 50
22:53:24 [INFO]   III Add Relational edges - New Rule
22:53:24 [INFO]   Assigned relation R_54 the artiy 6
22:53:24 [INFO]   Added new rule of name r_CON_58
22:53:24 [INFO]   R_8(?X_2, c_6) :- R_1(?X_2, ?X_2, ?Y_1, c_6, c_20, ?Y_1), ~R_35(?Y_1, ?Y_1), ~R_54(?X_2, ?Y_1, "str_3", ?X_2, c_6, ?Y_1), ~R_37(c_6, c_6, ?X_2) .
22:53:24 [INFO] 20 / 50
22:53:24 [INFO]   IV Add Relational Edge - New Literal
22:53:24 [INFO]   Generated literal R_39(?X_4, ?X_1, ?Z_3, ?Z_4, ?X_1, ?Z_1) for rule r_GEN_35
22:53:24 [INFO] 21 / 50
22:53:24 [INFO]   III Add Relational edges - New Rule
22:53:24 [INFO]   Added new rule of name r_CON_59
22:53:24 [INFO]   R_48(?X_4, ?X_3, ?X_2, ?X_2, ?X_5, ?X_6) :- R_41(?X_4, ?X_3, ?X_2, ?X_2, ?X_5, ?X_6), ~R_39(?X_2, ?X_5, ?X_3, ?X_5, ?X_3, ?X_2), ~R_12(?X_2), ~totalSubjCountPerPred(?X_3, ?X_4), ~R_23(?X_3, ?X_5, ?X_2, ?X_2, ?X_4, ?X_3) .
22:53:24 [INFO] 22 / 50
22:53:24 [INFO]   XI Add Contradictory Rule
22:53:24 [INFO]   Added new contradictory rule of name r_CON_60
22:53:24 [INFO]   R_31(?X_3, 2364805543870034638, ?X_1, ?X_5, ?X_6, ?X_5) :- pred(?X_3), pred(2364805543870034638), pred(?X_1), pred(?X_5), pred(?X_6), pred(?X_5), ~pred(?X_3) .
22:53:24 [INFO] 23 / 50
22:53:24 [INFO]   II Add Fact Node and Edge
22:53:24 [INFO]   Added new fact R_45(c_5, 15517414580629844629).
22:53:24 [INFO] 24 / 50
22:53:24 [INFO]   VI Remove Relational Edge - Single Literal
22:53:24 [INFO]   Found the rule of the name r_GEN_3
22:53:24 [INFO]   Removed relational edge NodeIndex(28): (R_19 -> R_2)
22:53:24 [INFO]   Attempting to remove the literal +R_19(, ?Z_1, ?X_2_new_1, ?X_2_new_1) from the rule r_GEN_3
22:53:24 [INFO] 25 / 50
22:53:24 [INFO]   VIII Modify Rule - Remove Equality
22:53:24 [INFO]   Replaced a random number of var X_2 with var X_2_new_1 in the rule r_GEN_3
22:53:24 [INFO] 26 / 50
22:53:24 [INFO]   II Add Fact Node and Edge
22:53:24 [INFO]   Added new fact R_42("str_20", "str_19", c_36, c_7).
22:53:24 [INFO] 27 / 50
22:53:24 [INFO]   Xa Remove Relational Node - Rule Variant
22:53:24 [INFO]   Removing relational node R_45
22:53:24 [INFO]   Removing at least 0 relational edges.
22:53:24 [INFO] 28 / 50
22:53:24 [INFO]   VIII Modify Rule - Remove Equality
22:53:24 [INFO]   Replaced a random number of var X_2 with var X_2_new_1 in the rule r_CON_59
22:53:24 [INFO] 29 / 50
22:53:24 [INFO]   II Add Fact Node and Edge
22:53:24 [INFO]   Added new fact R_2(c_37, 766082924151763263).
22:53:24 [INFO] 30 / 50
22:53:24 [INFO]   VIII Modify Rule - Remove Equality
22:53:24 [INFO]   Replaced a random number of var X_4 with var X_4_new_1 in the rule r_GEN_43
22:53:24 [INFO] 31 / 50
22:53:24 [INFO]   IX Remove Fact Node and Edge
22:53:24 [INFO]   Removed fact R_28("b", c_12, "str_6"). from the program
22:53:24 [INFO]   Removed fact R_28("b", c_12, "str_6"). from the ADG.
22:53:24 [INFO] 32 / 50
22:53:24 [INFO]   XI Add Contradictory Rule
22:53:24 [INFO]   Added new contradictory rule of name r_CON_61
22:53:24 [INFO]   R_43(?X_6, ?X_3, ?X_1, ?X_5, ?X_1, ?X_2) :- R_40(?X_6, ?X_3, ?X_1, ?X_5, ?X_1, ?X_2), ~R_40(?X_6, ?X_3, ?X_1, ?X_5, ?X_1, ?X_2) .
22:53:24 [INFO] 33 / 50
22:53:24 [INFO]   V Remove Relational Edges - Whole Rule
22:53:24 [INFO]   Removing the Rule of the name r_CON_57
22:53:24 [INFO] 34 / 50
22:53:24 [INFO]   VIII Modify Rule - Remove Equality
22:53:24 [INFO]   Replaced a random number of var X_1_new_1 with var X_1_new_1_new_1 in the rule r_GEN_9
22:53:24 [INFO] 35 / 50
22:53:24 [INFO]   V Remove Relational Edges - Whole Rule
22:53:24 [INFO]   Removing the Rule of the name r_GEN_27
22:53:24 [INFO] 36 / 50
22:53:24 [INFO]   Xa Remove Relational Node - Rule Variant
22:53:24 [INFO]   Removing relational node R_5
22:53:24 [INFO]   Removing the Rule of the name r_GEN_6
22:53:24 [INFO]   Removing the Rule of the name r_GEN_13
22:53:24 [INFO]   Removing at least 7 relational edges.
22:53:24 [INFO] 37 / 50
22:53:24 [INFO]   IV Add Relational Edge - New Literal
22:53:24 [INFO]   Generated literal ~R_35(c_6, ?X_2) for rule r_GEN_52
22:53:24 [INFO] 38 / 50
22:53:24 [INFO]   XI Add Contradictory Rule
22:53:24 [INFO]   Added new contradictory rule of name r_CON_62
22:53:24 [INFO]   R_4(?X_4, ?X_3, ?X_2, ?X_2) :- inv(?X_4, ?X_3), inv(?X_2, ?X_2), ~inv(?X_4, ?X_3) .
22:53:24 [INFO] 39 / 50
22:53:24 [INFO]   V Remove Relational Edges - Whole Rule
22:53:24 [INFO]   Removing the Rule of the name r_GEN_9
22:53:24 [INFO] 40 / 50
22:53:24 [INFO]   IV Add Relational Edge - New Literal
22:53:24 [INFO]   Generated literal ~R_36(?X_1, ?X_4, ?Z_3) for rule r_GEN_35
22:53:24 [INFO] 41 / 50
22:53:24 [INFO]   IX Remove Fact Node and Edge
22:53:24 [INFO]   Removed fact R_8("str_1", c_1). from the program
22:53:24 [INFO]   Removed fact R_8("str_1", c_1). from the ADG.
22:53:24 [INFO] 42 / 50
22:53:24 [INFO]   V Remove Relational Edges - Whole Rule
22:53:24 [INFO]   Removing the Rule of the name r_GEN_5
22:53:24 [INFO] 43 / 50
22:53:24 [INFO]   VIII Modify Rule - Remove Equality
22:53:24 [INFO]   Replaced a random number of var X_1 with var X_1_new_1 in the rule r_GEN_30
22:53:24 [INFO] 44 / 50
22:53:24 [INFO]   XI Add Contradictory Rule
22:53:24 [INFO]   Added new contradictory rule of name r_CON_63
22:53:24 [INFO]   R_20(<http://wikiba.se/ontology#directClaim>, ?X_1, ?X_2, ?X_5, ?X_3) :- avgObjCountPerPredicate(<http://wikiba.se/ontology#directClaim>, ?X_5), avgObjCountPerPredicate(?X_2, ?X_5), avgObjCountPerPredicate(?X_3, ?X_1), ~avgObjCountPerPredicate(<http://wikiba.se/ontology#directClaim>, ?X_5) .
22:53:24 [INFO] 45 / 50
22:53:24 [INFO]   VIII Modify Rule - Remove Equality
22:53:24 [INFO]   Replaced a random number of var X_4 with var X_4_new_1 in the rule r_GEN_51
22:53:24 [INFO] 46 / 50
22:53:24 [INFO]   I Add Relational Node
22:53:24 [INFO]   Added new relation R_55
22:53:24 [INFO] 47 / 50
22:53:24 [INFO]   XI Add Contradictory Rule
22:53:24 [INFO]   Added new contradictory rule of name r_CON_64
22:53:24 [INFO]   R_54(?X_3, ?X_1, ?X_1, ?X_6, 5092645663220958947, ?X_2) :- R_30(?X_3), R_30(?X_1), R_30(?X_1), R_30(?X_6), R_30(5092645663220958947), R_30(?X_2), ~R_30(?X_3) .
22:53:24 [INFO] 48 / 50
22:53:24 [INFO]   VIII Modify Rule - Remove Equality
22:53:24 [INFO]   Replaced a random number of var X_1 with var X_1_new_2 in the rule r_GEN_30
22:53:24 [INFO] 49 / 50
22:53:24 [INFO]   VII Modify Rule - Add Equality
22:53:24 [INFO]   Replaced var ?X_4 with var ?X_5 in the rule r_GEN_1
22:53:24 [INFO] 50 / 50
22:53:24 [INFO]   XI Add Contradictory Rule
22:53:24 [INFO]   Added new contradictory rule of name r_CON_65
22:53:24 [INFO]   R_33(c_7, ?X_1, ?X_3) :- R_23(c_7, ?X_3, ?X_3, ?X_1, c_7, "str_7"), ~R_23(c_7, ?X_3, ?X_3, ?X_1, c_7, "str_7") .
22:53:24 [INFO] ----------------------------------------------
22:53:24 [INFO] ------------ Transformations Done ------------
22:53:24 [INFO] ----------------------------------------------
22:53:24 [INFO]  Ressources required: 
                
22:53:24 [INFO] ---------- Transformed ADG Summary: ----------
22:53:24 [INFO] ADG Fact Nodes:                  37
22:53:24 [INFO] ADG Relational Nodes:            58
22:53:24 [INFO] ADG Fact Edges:                  37
22:53:24 [INFO] ADG Relational Edges:            152
22:53:24 [INFO] Number of inv. Strata:           5
22:53:24 [INFO] 
22:53:24 [INFO] Nodes with None Ancestry:        11
22:53:24 [INFO] Nodes with Positive Ancestry:    14
22:53:24 [INFO] Nodes with Negative Ancestry:    3
22:53:24 [INFO] Nodes with Unknown Ancestry:     29
22:53:24 [INFO] 
22:53:24 [INFO] Next rule name would be:         r_CON_66
22:53:24 [INFO] Next predicate name would be:    R_56
22:53:24 [INFO] Next constant name would be:     c_38
22:53:24 [INFO] Next string would be:            "str_21"
22:53:24 [INFO] 
22:53:24 [INFO] Output predicate:                R_OUT
22:53:24 [INFO] Rule count:                      61
22:53:24 [INFO] Average rel. arity:              3.6774193548387095
22:53:24 [INFO] Arity calc. may be inaccurate if arity > f64
22:53:24 [INFO] ----------------------------------------------
22:53:24 [INFO] 
22:53:24 [INFO] --------- Performed Transformations: ---------
22:53:24 [INFO]  #      Type
22:53:24 [INFO]  7      Failed Transformation Attempts
22:53:24 [INFO]  2      I     Add Relational Node
22:53:24 [INFO]  6      II    Add Fact Node and Edge
22:53:24 [INFO]  4      III   Add Relational edges - New Rule
22:53:24 [INFO]  4      IV    Add Relational Edge - New Literal
22:53:24 [INFO]  4      IX    Remove Fact Node and Edge
22:53:24 [INFO]  4      V     Remove Relational Edges - Whole Rule
22:53:24 [INFO]  1      VI    Remove Relational Edge - Single Literal
22:53:24 [INFO]  3      VII   Modify Rule - Add Equality
22:53:24 [INFO]  10      VIII  Modify Rule - Remove Equality
22:53:24 [INFO]  7      XI   Add Contradictory Rule
22:53:24 [INFO]  5      Xa     Remove Relational Node Rule Variant - None anc only
22:53:24 [INFO] ----------------------------------------------
22:53:24 [INFO] 
22:53:24 [INFO] Writing output ADG and file.
22:53:24 [INFO] 
22:53:24 [INFO] ----------------------------------------------
22:53:24 [INFO] -- Beginning Nemo Execution - Input Program --
22:53:24 [INFO] ----------------------------------------------
22:53:24 [INFO] Stratified program: [[0, 1, 2, 3, 13, 16, 23, 25, 27, 28], [4, 21], [5], [6, 7, 8], [9, 11, 12, 14, 15, 17, 18, 19, 20, 22, 24, 26, 29, 30, 31, 34, 36, 38, 39, 40, 42, 45, 46, 48], [10, 32, 33, 35, 37, 41, 43, 44, 47, 49, 50, 51, 52, 53, 54]]
22:53:24 [INFO] <<< STEP 1: APPLYING RULE 0 inversePropEntities(?s, ?o) :- wikidata(?s, ?_BODY_1, ?o), Equal(StringCompare(LexicalValue(?s), LexicalValue(?o)), -1), Equal(?_BODY_1, <http://www.wikidata.org/prop/direct/P1696>) >>>
22:53:24 [INFO] Loading source SimpleTable { arity: 3, data: [AnyDataValue(PlainString(StringDataValue("entityA"))), AnyDataValue(Iri(IriDataValue("http://www.wikidata.org/prop/direct/P1696"))), AnyDataValue(PlainString(StringDataValue("entityB"))), AnyDataValue(PlainString(StringDataValue("entityA"))), AnyDataValue(Iri(IriDataValue("http://wikiba.se/ontology#directClaim"))), AnyDataValue(PlainString(StringDataValue("a"))), AnyDataValue(PlainString(StringDataValue("entityB"))), AnyDataValue(Iri(IriDataValue("http://wikiba.se/ontology#directClaim"))), AnyDataValue(PlainString(StringDataValue("b"))), AnyDataValue(PlainString(StringDataValue("x"))), AnyDataValue(PlainString(StringDataValue("a"))), AnyDataValue(PlainString(StringDataValue("y"))), AnyDataValue(PlainString(StringDataValue("x"))), AnyDataValue(PlainString(StringDataValue("a"))), AnyDataValue(PlainString(StringDataValue("z"))), AnyDataValue(PlainString(StringDataValue("y"))), AnyDataValue(PlainString(StringDataValue("b"))), AnyDataValue(PlainString(StringDataValue("x"))), AnyDataValue(PlainString(StringDataValue("z"))), AnyDataValue(PlainString(StringDataValue("b"))), AnyDataValue(PlainString(StringDataValue("x")))] }
22:53:24 [INFO] Execution step: Body
22:53:24 [INFO] Saved temporary table: 1 entries (6856)
22:53:24 [INFO] Execution step: Duplicate Elimination (Datalog)
22:53:24 [INFO] Saved permanent table inversePropEntities (1) Permutation { idx_to_val: [], val_to_idx: [] } with 1 entries (6904)
22:53:24 [INFO] Rule duration: 0 ms
22:53:24 [INFO] <<< STEP 2: APPLYING RULE 0 inversePropEntities(?s, ?o) :- wikidata(?s, ?_BODY_1, ?o), Equal(StringCompare(LexicalValue(?s), LexicalValue(?o)), -1), Equal(?_BODY_1, <http://www.wikidata.org/prop/direct/P1696>) >>>
22:53:24 [INFO] Execution step: Body
22:53:24 [INFO] Trie does not contain any elements
22:53:24 [INFO] Execution step: Duplicate Elimination (Datalog)
22:53:24 [INFO] Trie does not contain any elements
22:53:24 [INFO] Rule duration: 0 ms
22:53:24 [INFO] <<< STEP 3: APPLYING RULE 1 inv(?p1, ?p2) :- inversePropEntities(?e1, ?e2), wikidata(?e1, ?_BODY_1, ?p1), wikidata(?e2, ?_BODY_2, ?p2), Equal(?_BODY_1, <http://wikiba.se/ontology#directClaim>), Equal(?_BODY_2, <http://wikiba.se/ontology#directClaim>) >>>
22:53:24 [INFO] Execution step: Body
22:53:24 [INFO] Saved temporary table: 1 entries (6856)
22:53:24 [INFO] Execution step: Duplicate Elimination (Datalog)
22:53:24 [INFO] Saved permanent table inv (3) Permutation { idx_to_val: [], val_to_idx: [] } with 1 entries (6904)
22:53:24 [INFO] Rule duration: 0 ms
22:53:24 [INFO] <<< STEP 4: APPLYING RULE 1 inv(?p1, ?p2) :- inversePropEntities(?e1, ?e2), wikidata(?e1, ?_BODY_1, ?p1), wikidata(?e2, ?_BODY_2, ?p2), Equal(?_BODY_1, <http://wikiba.se/ontology#directClaim>), Equal(?_BODY_2, <http://wikiba.se/ontology#directClaim>) >>>
22:53:24 [INFO] Execution step: Body
22:53:24 [INFO] Trie does not contain any elements
22:53:24 [INFO] Execution step: Duplicate Elimination (Datalog)
22:53:24 [INFO] Trie does not contain any elements
22:53:24 [INFO] Rule duration: 0 ms
22:53:24 [INFO] <<< STEP 5: APPLYING RULE 2 pred(?s) :- inv(?s, ?_BODY_1) >>>
22:53:24 [INFO] Execution step: Body
22:53:24 [INFO] Saved temporary table: 1 entries (3404)
22:53:24 [INFO] Execution step: Duplicate Elimination (Datalog)
22:53:24 [INFO] Saved permanent table pred (5) Permutation { idx_to_val: [], val_to_idx: [] } with 1 entries (3452)
22:53:24 [INFO] Rule duration: 0 ms
22:53:24 [INFO] <<< STEP 6: APPLYING RULE 2 pred(?s) :- inv(?s, ?_BODY_1) >>>
22:53:24 [INFO] Execution step: Body
22:53:24 [INFO] Trie does not contain any elements
22:53:24 [INFO] Execution step: Duplicate Elimination (Datalog)
22:53:24 [INFO] Trie does not contain any elements
22:53:24 [INFO] Rule duration: 0 ms
22:53:24 [INFO] <<< STEP 7: APPLYING RULE 3 pred(?o) :- inv(?_BODY_1, ?o) >>>
22:53:24 [INFO] Execution step: Body
22:53:24 [INFO] Saved temporary table: 1 entries (3404)
22:53:24 [INFO] Execution step: Duplicate Elimination (Datalog)
22:53:24 [INFO] Saved permanent table pred (7) Permutation { idx_to_val: [], val_to_idx: [] } with 1 entries (3452)
22:53:24 [INFO] Rule duration: 0 ms
22:53:24 [INFO] <<< STEP 8: APPLYING RULE 3 pred(?o) :- inv(?_BODY_1, ?o) >>>
22:53:24 [INFO] Execution step: Body
22:53:24 [INFO] Trie does not contain any elements
22:53:24 [INFO] Execution step: Duplicate Elimination (Datalog)
22:53:24 [INFO] Trie does not contain any elements
22:53:24 [INFO] Rule duration: 0 ms
22:53:24 [INFO] <<< STEP 9: APPLYING RULE 23 R_37(<http://www.wikidata.org/prop/direct/P1696>, ?X_3, ?X_1) :- R_41(?_BODY_1, ?X_1, ?Y_1, ?X_3, ?_BODY_2, ?_BODY_3), Equal(?_BODY_1, <http://www.wikidata.org/prop/direct/P1696>), Equal(?_BODY_2, ?X_1), Equal(?_BODY_3, "x") >>>
22:53:24 [INFO] Execution step: Body
22:53:24 [INFO] Trie does not contain any elements
22:53:24 [INFO] Execution step: Duplicate Elimination (Datalog)
22:53:24 [INFO] Trie does not contain any elements
22:53:24 [INFO] Rule duration: 0 ms
22:53:24 [INFO] <<< STEP 10: APPLYING RULE 25 R_41(?X_2, ?X_6, ?X_3, ?X_4, ?X_1, ?X_5) :- R_37(?X_2, ?X_6, ?X_3), R_37(?X_4, ?X_1, ?X_5) >>>
22:53:24 [INFO] Execution step: Body
22:53:24 [INFO] Trie does not contain any elements
22:53:24 [INFO] Execution step: Duplicate Elimination (Datalog)
22:53:24 [INFO] Trie does not contain any elements
22:53:24 [INFO] Rule duration: 0 ms
22:53:24 [INFO] <<< STEP 11: APPLYING RULE 16 R_22(?X_4, ?X_4, <http://wikiba.se/ontology#directClaim>, ?X_1, ?X_5) :- R_41(?X_4, ?_BODY_1, ?_BODY_2, ?X_1, ?X_5, ?_BODY_3), Equal(?_BODY_1, ?X_4), Equal(?_BODY_2, <http://wikiba.se/ontology#directClaim>), Equal(?_BODY_3, ?X_1) >>>
22:53:24 [INFO] Execution step: Body
22:53:24 [INFO] Trie does not contain any elements
22:53:24 [INFO] Execution step: Duplicate Elimination (Datalog)
22:53:24 [INFO] Trie does not contain any elements
22:53:24 [INFO] Rule duration: 0 ms
22:53:24 [INFO] <<< STEP 12: APPLYING RULE 13 R_17(?X_1, ?X_4, <http://wikiba.se/ontology#directClaim>, ?X_2) :- R_22(?X_1, ?X_4, ?_BODY_1, ?X_2, ?_BODY_2), Equal(?_BODY_1, ?X_1), Equal(?_BODY_2, <http://wikiba.se/ontology#directClaim>) >>>
22:53:24 [INFO] Loading source SimpleTable { arity: 4, data: [AnyDataValue(Iri(IriDataValue("c_7"))), AnyDataValue(UnsignedLong(UnsignedLongDataValue(6248887586119780526))), AnyDataValue(Iri(IriDataValue("c_29"))), AnyDataValue(Iri(IriDataValue("c_30")))] }
22:53:24 [INFO] Execution step: Body
22:53:24 [INFO] Trie does not contain any elements
22:53:24 [INFO] Execution step: Duplicate Elimination (Datalog)
22:53:24 [INFO] Trie does not contain any elements
22:53:24 [INFO] Rule duration: 0 ms
22:53:24 [INFO] <<< STEP 13: APPLYING RULE 27 R_47(?X_5, ?X_4, ?X_2, ?X_1, ?X_4, ?X_3) :- inv(?X_5, ?X_4), inv(?X_2, ?X_1), inv(?X_4, ?X_3) >>>
22:53:24 [INFO] Execution step: Body
22:53:24 [INFO] Trie does not contain any elements
22:53:24 [INFO] Execution step: Duplicate Elimination (Datalog)
22:53:24 [INFO] Trie does not contain any elements
22:53:24 [INFO] Rule duration: 0 ms
22:53:24 [INFO] <<< STEP 14: APPLYING RULE 28 R_51(?X_1, ?X_3, ?X_2, "entityB") :- inv(?X_1, ?X_3), inv(?X_2, ?_BODY_1), Equal(?_BODY_1, "entityB") >>>
22:53:24 [INFO] Execution step: Body
22:53:24 [INFO] Trie does not contain any elements
22:53:24 [INFO] Execution step: Duplicate Elimination (Datalog)
22:53:24 [INFO] Trie does not contain any elements
22:53:24 [INFO] Rule duration: 0 ms
22:53:24 [INFO] <<< STEP 15: APPLYING RULE 4 objCountPerPredAndSource(?p, ?s, ?_AGGREGATION_OUT) :- pred(?p), wikidata(?s, ?p, ?o), ?_AGGREGATION_OUT = #count(?o) >>>
22:53:24 [INFO] Execution step: Body
22:53:24 [INFO] Saved temporary table: 4 entries (10476)
22:53:24 [INFO] Execution step: Aggregate output
22:53:24 [INFO] Execution step: Project/Reorder
22:53:24 [INFO] Saved temporary table: 3 entries (10532)
22:53:24 [INFO] Execution step: Duplicate Elimination (Datalog)
22:53:24 [INFO] Saved permanent table objCountPerPredAndSource (15) Permutation { idx_to_val: [], val_to_idx: [] } with 3 entries (10532)
22:53:24 [INFO] Rule duration: 0 ms
22:53:24 [INFO] <<< STEP 16: APPLYING RULE 4 objCountPerPredAndSource(?p, ?s, ?_AGGREGATION_OUT) :- pred(?p), wikidata(?s, ?p, ?o), ?_AGGREGATION_OUT = #count(?o) >>>
22:53:24 [INFO] Execution step: Body
22:53:24 [INFO] Trie does not contain any elements
22:53:24 [INFO] Execution step: Aggregate output
22:53:24 [INFO] Trie does not contain any elements
22:53:24 [INFO] Execution step: Duplicate Elimination (Datalog)
22:53:24 [INFO] Trie does not contain any elements
22:53:24 [INFO] Rule duration: 0 ms
22:53:24 [INFO] <<< STEP 17: APPLYING RULE 21 R_33(?X_3, ?X_3, ?X_1) :- objCountPerPredAndSource(?X_3, ?_BODY_1, ?X_1), Equal(?_BODY_1, ?X_3) >>>
22:53:24 [INFO] Loading source SimpleTable { arity: 3, data: [AnyDataValue(PlainString(StringDataValue("entityA"))), AnyDataValue(Iri(IriDataValue("c_22"))), AnyDataValue(PlainString(StringDataValue("str_13")))] }
22:53:24 [INFO] Execution step: Body
22:53:24 [INFO] Trie does not contain any elements
22:53:24 [INFO] Execution step: Duplicate Elimination (Datalog)
22:53:24 [INFO] Trie does not contain any elements
22:53:24 [INFO] Rule duration: 0 ms
22:53:24 [INFO] <<< STEP 18: APPLYING RULE 5 totalSubjCountPerPred(?p, ?_AGGREGATION_OUT) :- objCountPerPredAndSource(?p, ?s, ?_BODY_1), ?_AGGREGATION_OUT = #count(?s) >>>
22:53:24 [INFO] Execution step: Body
22:53:24 [INFO] Saved temporary table: 3 entries (6916)
22:53:24 [INFO] Execution step: Aggregate output
22:53:24 [INFO] Execution step: Project/Reorder
22:53:24 [INFO] Saved temporary table: 2 entries (6968)
22:53:24 [INFO] Execution step: Duplicate Elimination (Datalog)
22:53:24 [INFO] Saved permanent table totalSubjCountPerPred (18) Permutation { idx_to_val: [], val_to_idx: [] } with 2 entries (6968)
22:53:24 [INFO] Rule duration: 0 ms
22:53:24 [INFO] <<< STEP 19: APPLYING RULE 5 totalSubjCountPerPred(?p, ?_AGGREGATION_OUT) :- objCountPerPredAndSource(?p, ?s, ?_BODY_1), ?_AGGREGATION_OUT = #count(?s) >>>
22:53:24 [INFO] Execution step: Body
22:53:24 [INFO] Trie does not contain any elements
22:53:24 [INFO] Execution step: Aggregate output
22:53:24 [INFO] Trie does not contain any elements
22:53:24 [INFO] Execution step: Duplicate Elimination (Datalog)
22:53:24 [INFO] Trie does not contain any elements
22:53:24 [INFO] Rule duration: 0 ms
22:53:24 [INFO] <<< STEP 20: APPLYING RULE 6 avgObjCountPerPredicate(?p, ?_HEAD_1) :- objCountPerPredAndSource(?p, ?s, ?count), totalSubjCountPerPred(?p, ?totalSubj), Equal(?_HEAD_1, NumericDivision(CastToDouble(?_AGGREGATION_OUT), ?totalSubj)), ?_AGGREGATION_OUT = #sum(?count, ?s) >>>
22:53:24 [INFO] Execution step: Body
22:53:24 [INFO] Saved temporary table: 3 entries (13940)
22:53:24 [INFO] Execution step: Aggregate output
22:53:24 [INFO] Saved temporary table: 2 entries (10480)
22:53:24 [INFO] Execution step: Aggregation
22:53:24 [INFO] Saved temporary table: 2 entries (6920)
22:53:24 [INFO] Execution step: Duplicate Elimination (Datalog)
22:53:24 [INFO] Saved permanent table avgObjCountPerPredicate (20) Permutation { idx_to_val: [], val_to_idx: [] } with 2 entries (6968)
22:53:24 [INFO] Rule duration: 0 ms
22:53:24 [INFO] <<< STEP 21: APPLYING RULE 6 avgObjCountPerPredicate(?p, ?_HEAD_1) :- objCountPerPredAndSource(?p, ?s, ?count), totalSubjCountPerPred(?p, ?totalSubj), Equal(?_HEAD_1, NumericDivision(CastToDouble(?_AGGREGATION_OUT), ?totalSubj)), ?_AGGREGATION_OUT = #sum(?count, ?s) >>>
22:53:24 [INFO] Execution step: Body
22:53:24 [INFO] Trie does not contain any elements
22:53:24 [INFO] Execution step: Aggregate output
22:53:24 [INFO] Trie does not contain any elements
22:53:24 [INFO] Execution step: Aggregation
22:53:24 [INFO] Trie does not contain any elements
22:53:24 [INFO] Execution step: Duplicate Elimination (Datalog)
22:53:24 [INFO] Trie does not contain any elements
22:53:24 [INFO] Rule duration: 0 ms
22:53:24 [INFO] <<< STEP 22: APPLYING RULE 7 rightSmaller(?right) :- inv(?left, ?right), avgObjCountPerPredicate(?left, ?countLeft), avgObjCountPerPredicate(?right, ?countRight), NumericLessthan(?countRight, ?countLeft) >>>
22:53:24 [INFO] Execution step: Body
22:53:24 [INFO] Saved temporary table: 1 entries (3404)
22:53:24 [INFO] Execution step: Duplicate Elimination (Datalog)
22:53:24 [INFO] Saved permanent table rightSmaller (22) Permutation { idx_to_val: [], val_to_idx: [] } with 1 entries (3452)
22:53:24 [INFO] Rule duration: 0 ms
22:53:24 [INFO] <<< STEP 23: APPLYING RULE 7 rightSmaller(?right) :- inv(?left, ?right), avgObjCountPerPredicate(?left, ?countLeft), avgObjCountPerPredicate(?right, ?countRight), NumericLessthan(?countRight, ?countLeft) >>>
22:53:24 [INFO] Execution step: Body
22:53:24 [INFO] Trie does not contain any elements
22:53:24 [INFO] Execution step: Duplicate Elimination (Datalog)
22:53:24 [INFO] Trie does not contain any elements
22:53:24 [INFO] Rule duration: 0 ms
22:53:24 [INFO] <<< STEP 24: APPLYING RULE 8 predToKeep(?right) :- rightSmaller(?right) >>>
22:53:24 [INFO] Execution step: Body
22:53:24 [INFO] Saved temporary table: 1 entries (3404)
22:53:24 [INFO] Execution step: Duplicate Elimination (Datalog)
22:53:24 [INFO] Saved permanent table predToKeep (24) Permutation { idx_to_val: [], val_to_idx: [] } with 1 entries (3452)
22:53:24 [INFO] Rule duration: 0 ms
22:53:24 [INFO] <<< STEP 25: APPLYING RULE 8 predToKeep(?right) :- rightSmaller(?right) >>>
22:53:24 [INFO] Execution step: Body
22:53:24 [INFO] Trie does not contain any elements
22:53:24 [INFO] Execution step: Duplicate Elimination (Datalog)
22:53:24 [INFO] Trie does not contain any elements
22:53:24 [INFO] Rule duration: 0 ms
22:53:24 [INFO] <<< STEP 26: APPLYING RULE 9 predToKeep(?left) :- inv(?left, ?right), rightSmaller(?right) >>>
22:53:24 [INFO] Execution step: Project/Reorder
22:53:24 [INFO] Saved temporary table: 1 entries (3452)
22:53:24 [INFO] Execution step: Body
22:53:24 [INFO] Trie does not contain any elements
22:53:24 [INFO] Execution step: Duplicate Elimination (Datalog)
22:53:24 [INFO] Trie does not contain any elements
22:53:24 [INFO] Rule duration: 0 ms
22:53:24 [INFO] <<< STEP 27: APPLYING RULE 11 R_11(?X_6, ?X_3, "x", ?X_5, ?X_2, ?X_1) :- predToKeep(?X_6), predToKeep(?X_3), predToKeep(?_BODY_1), predToKeep(?X_5), predToKeep(?X_2), predToKeep(?X_1), Equal(?_BODY_1, "x") >>>
22:53:24 [INFO] Execution step: Body
22:53:24 [INFO] Trie does not contain any elements
22:53:24 [INFO] Execution step: Duplicate Elimination (Datalog)
22:53:24 [INFO] Trie does not contain any elements
22:53:24 [INFO] Rule duration: 0 ms
22:53:24 [INFO] <<< STEP 28: APPLYING RULE 24 R_40(?X_2, ?X_4, ?X_5, ?X_1, ?X_6, ?X_4) :- predToKeep(?X_2), predToKeep(?X_4), predToKeep(?X_5), predToKeep(?X_1), predToKeep(?X_6), predToKeep(?X_4) >>>
22:53:24 [INFO] Execution step: Body
22:53:24 [INFO] Saved temporary table: 1 entries (17212)
22:53:24 [INFO] Execution step: Duplicate Elimination (Datalog)
22:53:24 [INFO] Saved permanent table R_40 (28) Permutation { idx_to_val: [], val_to_idx: [] } with 1 entries (20712)
22:53:24 [INFO] Rule duration: 0 ms
22:53:24 [INFO] <<< STEP 29: APPLYING RULE 24 R_40(?X_2, ?X_4, ?X_5, ?X_1, ?X_6, ?X_4) :- predToKeep(?X_2), predToKeep(?X_4), predToKeep(?X_5), predToKeep(?X_1), predToKeep(?X_6), predToKeep(?X_4) >>>
22:53:24 [INFO] Execution step: Body
22:53:24 [INFO] Trie does not contain any elements
22:53:24 [INFO] Execution step: Duplicate Elimination (Datalog)
22:53:24 [INFO] Trie does not contain any elements
22:53:24 [INFO] Rule duration: 0 ms
22:53:24 [INFO] <<< STEP 30: APPLYING RULE 12 R_15(?X_2, ?X_6, "b", ?X_5, ?X_3, ?X_4) :- R_31(?X_2, ?X_6, ?_BODY_1, ?X_5, ?X_3, ?X_4), Equal(?_BODY_1, "b") >>>
22:53:24 [INFO] Execution step: Body
22:53:24 [INFO] Trie does not contain any elements
22:53:24 [INFO] Execution step: Duplicate Elimination (Datalog)
22:53:24 [INFO] Trie does not contain any elements
22:53:24 [INFO] Rule duration: 0 ms
22:53:24 [INFO] <<< STEP 31: APPLYING RULE 14 R_18(?X_1) :- R_30(?X_1) >>>
22:53:24 [INFO] Execution step: Body
22:53:24 [INFO] Trie does not contain any elements
22:53:24 [INFO] Execution step: Duplicate Elimination (Datalog)
22:53:24 [INFO] Trie does not contain any elements
22:53:24 [INFO] Rule duration: 0 ms
22:53:24 [INFO] <<< STEP 32: APPLYING RULE 15 R_19(?X_1, "x", ?X_1) :- R_25(?X_1, ?_BODY_1, ?_BODY_2, ?_BODY_3, ?_BODY_4, ?Y_1), Equal(?_BODY_1, "x"), Equal(?_BODY_2, ?X_1), Equal(?_BODY_3, ?X_1), Equal(?_BODY_4, ?X_1) >>>
22:53:24 [INFO] Execution step: Body
22:53:24 [INFO] Trie does not contain any elements
22:53:24 [INFO] Execution step: Duplicate Elimination (Datalog)
22:53:24 [INFO] Trie does not contain any elements
22:53:24 [INFO] Rule duration: 0 ms
22:53:24 [INFO] <<< STEP 33: APPLYING RULE 18 R_27(?X_2, ?X_4, "a", ?X_4) :- R_43(?X_2, ?X_4, ?_BODY_1, ?_BODY_2, ?_BODY_3, ?_BODY_4), Equal(?_BODY_1, "a"), Equal(?_BODY_2, ?X_4), Equal(?_BODY_3, ?X_4), Equal(?_BODY_4, ?X_2) >>>
22:53:24 [INFO] Execution step: Body
22:53:24 [INFO] Trie does not contain any elements
22:53:24 [INFO] Execution step: Duplicate Elimination (Datalog)
22:53:24 [INFO] Trie does not contain any elements
22:53:24 [INFO] Rule duration: 0 ms
22:53:24 [INFO] <<< STEP 34: APPLYING RULE 19 R_30(?X_1) :- R_36(?X_1, ?_BODY_1, ?_BODY_2), Equal(?_BODY_1, ?X_1), Equal(?_BODY_2, ?X_1) >>>
22:53:24 [INFO] Execution step: Body
22:53:24 [INFO] Trie does not contain any elements
22:53:24 [INFO] Execution step: Duplicate Elimination (Datalog)
22:53:24 [INFO] Trie does not contain any elements
22:53:24 [INFO] Rule duration: 0 ms
22:53:24 [INFO] <<< STEP 35: APPLYING RULE 20 R_32(?X_1, "entityA") :- R_3(?X_1, ?_BODY_1), Equal(?_BODY_1, "entityA") >>>
22:53:24 [INFO] Execution step: Body
22:53:24 [INFO] Trie does not contain any elements
22:53:24 [INFO] Execution step: Duplicate Elimination (Datalog)
22:53:24 [INFO] Trie does not contain any elements
22:53:24 [INFO] Rule duration: 0 ms
22:53:24 [INFO] <<< STEP 36: APPLYING RULE 22 R_36(?X_2, ?X_3, <http://wikiba.se/ontology#directClaim>) :- R_20(?X_3, ?_BODY_1, ?_BODY_2, ?X_2, ?_BODY_3), Equal(?_BODY_1, ?X_3), Equal(?_BODY_2, <http://wikiba.se/ontology#directClaim>), Equal(?_BODY_3, ?X_2) >>>
22:53:24 [INFO] Execution step: Body
22:53:24 [INFO] Trie does not contain any elements
22:53:24 [INFO] Execution step: Duplicate Elimination (Datalog)
22:53:24 [INFO] Trie does not contain any elements
22:53:24 [INFO] Rule duration: 0 ms
22:53:24 [INFO] <<< STEP 37: APPLYING RULE 26 R_43(?X_1, ?X_4, ?X_6, ?X_3, ?X_2, ?X_5) :- R_19(?X_1, ?X_4, ?X_6), R_19(?X_3, ?X_2, ?X_5) >>>
22:53:24 [INFO] Execution step: Body
22:53:24 [INFO] Trie does not contain any elements
22:53:24 [INFO] Execution step: Duplicate Elimination (Datalog)
22:53:24 [INFO] Trie does not contain any elements
22:53:24 [INFO] Rule duration: 0 ms
22:53:24 [INFO] <<< STEP 38: APPLYING RULE 31 R_21(?X_2, <http://wikiba.se/ontology#directClaim>, ?X_6, ?X_4, ?X_5, ?X_3) :- totalSubjCountPerPred(?X_2, ?_BODY_1), totalSubjCountPerPred(?X_6, ?X_4), totalSubjCountPerPred(?X_5, ?X_3), predToKeep(?X_3), R_1(?X_3, ?X_2, ?_BODY_2, ?X_6, ?Z_2, ?X_5), rightSmaller(?X_5), Equal(?_BODY_1, <http://wikiba.se/ontology#directClaim>), Equal(?_BODY_2, ?X_2) >>>
22:53:24 [INFO] Execution step: Project/Reorder
22:53:24 [INFO] Saved temporary table: 1 entries (3452)
22:53:24 [INFO] Execution step: Body
22:53:24 [INFO] Trie does not contain any elements
22:53:24 [INFO] Execution step: Duplicate Elimination (Datalog)
22:53:24 [INFO] Trie does not contain any elements
22:53:24 [INFO] Rule duration: 0 ms
22:53:24 [INFO] <<< STEP 39: APPLYING RULE 36 R_25(?X_4, ?X_3, "a", ?X_2, ?X_1, ?X_6) :- R_31(?X_4, ?X_3, ?_BODY_1, ?X_2, ?X_1, ?X_6), R_11(?X_4, ?X_3, ?Z_2, ?X_1, ?_BODY_2, ?X_2), Equal(?_BODY_1, "a"), Equal(?_BODY_2, ?X_3) >>>
22:53:24 [INFO] Execution step: Body
22:53:24 [INFO] Trie does not contain any elements
22:53:24 [INFO] Execution step: Duplicate Elimination (Datalog)
22:53:24 [INFO] Trie does not contain any elements
22:53:24 [INFO] Rule duration: 0 ms
22:53:24 [INFO] <<< STEP 40: APPLYING RULE 39 R_31(?X_1, ?X_4, ?X_3, ?X_5, ?X_6, "x") :- inversePropEntities(?X_1, ?X_4), inversePropEntities(?X_3, ?X_5), inversePropEntities(?X_6, ?_BODY_1), R_18(?_BODY_2), R_20(?X_4, ?X_5, ?_BODY_3, ?_BODY_4, ?Z_4), Equal(?_BODY_1, "x"), Equal(?_BODY_2, <http://wikiba.se/ontology#directClaim>), Equal(?_BODY_3, ?X_4), Equal(?_BODY_4, <http://www.wikidata.org/prop/direct/P1696>) >>>
22:53:24 [INFO] Execution step: Body
22:53:24 [INFO] Trie does not contain any elements
22:53:24 [INFO] Execution step: Duplicate Elimination (Datalog)
22:53:24 [INFO] Trie does not contain any elements
22:53:24 [INFO] Rule duration: 0 ms
22:53:24 [INFO] <<< STEP 41: APPLYING RULE 42 R_1(?X_3, ?X_2, ?X_1, ?X_6, "b", ?X_2) :- R_15(?X_3, ?X_2, ?X_1, ?X_6, ?_BODY_1, ?_BODY_2), R_27(?X_6, ?Z_3, ?Z_5, ?_BODY_3), totalSubjCountPerPred(?X_2, ?_BODY_4), Equal(?_BODY_1, "b"), Equal(?_BODY_2, ?X_2), Equal(?_BODY_3, ?X_6), Equal(?_BODY_4, ?X_2) >>>
22:53:24 [INFO] Execution step: Project/Reorder
22:53:24 [INFO] Saved temporary table: 2 entries (6968)
22:53:24 [INFO] Execution step: Body
22:53:24 [INFO] Trie does not contain any elements
22:53:24 [INFO] Execution step: Duplicate Elimination (Datalog)
22:53:24 [INFO] Trie does not contain any elements
22:53:24 [INFO] Rule duration: 0 ms
22:53:24 [INFO] <<< STEP 42: APPLYING RULE 46 R_20(?X_4, ?X_2, ?X_5, ?X_1, ?X_3) :- R_21(?X_4, ?X_2, ?X_3, ?X_1, ?_BODY_1, ?X_5), R_32(?Z_1, ?Z_3), Equal(?_BODY_1, ?X_3) >>>
22:53:24 [INFO] Execution step: Body
22:53:24 [INFO] Trie does not contain any elements
22:53:24 [INFO] Execution step: Duplicate Elimination (Datalog)
22:53:24 [INFO] Trie does not contain any elements
22:53:24 [INFO] Rule duration: 0 ms
22:53:24 [INFO] <<< STEP 43: APPLYING RULE 48 R_3(?X_2, ?X_2) :- R_40(?X_2, ?_BODY_1, ?_BODY_2, ?_BODY_3, ?_BODY_4, ?_BODY_5), R_36(?X_2, ?_BODY_6, ?_BODY_7), avgObjCountPerPredicate(?X_2, ?_BODY_8), Equal(?_BODY_1, ?X_2), Equal(?_BODY_2, ?X_2), Equal(?_BODY_3, ?X_2), Equal(?_BODY_4, <http://wikiba.se/ontology#directClaim>), Equal(?_BODY_5, <http://wikiba.se/ontology#directClaim>), Equal(?_BODY_6, ?X_2), Equal(?_BODY_7, ?X_2), Equal(?_BODY_8, ?X_2) >>>
22:53:24 [INFO] Execution step: Project/Reorder
22:53:24 [INFO] Saved temporary table: 2 entries (6968)
22:53:24 [INFO] Execution step: Body
22:53:24 [INFO] Trie does not contain any elements
22:53:24 [INFO] Execution step: Duplicate Elimination (Datalog)
22:53:24 [INFO] Trie does not contain any elements
22:53:24 [INFO] Rule duration: 0 ms
22:53:24 [INFO] <<< STEP 44: APPLYING RULE 17 R_23(?X_6, ?X_2, "y", ?X_4, ?X_3, ?X_1) :- R_3(?X_6, ?X_2), R_3(?_BODY_1, ?X_4), R_3(?X_3, ?X_1), Equal(?_BODY_1, "y") >>>
22:53:24 [INFO] Execution step: Body
22:53:24 [INFO] Trie does not contain any elements
22:53:24 [INFO] Execution step: Duplicate Elimination (Datalog)
22:53:24 [INFO] Trie does not contain any elements
22:53:24 [INFO] Rule duration: 0 ms
22:53:24 [INFO] <<< STEP 45: APPLYING RULE 29 R_42(?X_3, ?X_4, ?X_4, "a") :- R_36(?X_3, ?X_4, ?_BODY_1), R_36(?X_4, ?_BODY_2, ?_BODY_3), inv(?X_4, ?_BODY_4), Equal(?_BODY_1, ?X_4), Equal(?_BODY_2, "a"), Equal(?_BODY_3, "a"), Equal(?_BODY_4, ?X_4) >>>
22:53:24 [INFO] Loading source SimpleTable { arity: 4, data: [AnyDataValue(Iri(IriDataValue("c_7"))), AnyDataValue(PlainString(StringDataValue("str_2"))), AnyDataValue(Iri(IriDataValue("http://www.wikidata.org/prop/direct/P1696"))), AnyDataValue(PlainString(StringDataValue("z")))] }
22:53:24 [INFO] Execution step: Project/Reorder
22:53:24 [INFO] Saved temporary table: 1 entries (6904)
22:53:24 [INFO] Execution step: Body
22:53:24 [INFO] Trie does not contain any elements
22:53:24 [INFO] Execution step: Duplicate Elimination (Datalog)
22:53:24 [INFO] Trie does not contain any elements
22:53:24 [INFO] Rule duration: 0 ms
22:53:24 [INFO] <<< STEP 46: APPLYING RULE 30 R_8(?X_1, ?X_1) :- R_27(?X_1, ?_BODY_1, ?_BODY_2, ?_BODY_3), objCountPerPredAndSource(?Z_1, ?X_1, ?_BODY_4), Equal(?_BODY_1, "x"), Equal(?_BODY_2, ?X_1), Equal(?_BODY_3, ?X_1), Equal(?_BODY_4, ?X_1) >>>
22:53:24 [INFO] Loading source SimpleTable { arity: 2, data: [AnyDataValue(PlainString(StringDataValue("str_1"))), AnyDataValue(Iri(IriDataValue("c_1"))), AnyDataValue(Iri(IriDataValue("http://wikiba.se/ontology#directClaim"))), AnyDataValue(PlainString(StringDataValue("str_9"))), AnyDataValue(Iri(IriDataValue("c_31"))), AnyDataValue(Iri(IriDataValue("c_9")))] }
22:53:24 [INFO] Execution step: Body
22:53:24 [INFO] Trie does not contain any elements
22:53:24 [INFO] Execution step: Duplicate Elimination (Datalog)
22:53:24 [INFO] Trie does not contain any elements
22:53:24 [INFO] Rule duration: 0 ms
22:53:24 [INFO] <<< STEP 47: APPLYING RULE 34 R_29(?X_1) :- R_25(?X_1, ?_BODY_1, ?_BODY_2, ?_BODY_3, ?_BODY_4, ?Y_1), R_8(?X_1, ?_BODY_5), Equal(?_BODY_1, ?X_1), Equal(?_BODY_2, "entityB"), Equal(?_BODY_3, ?X_1), Equal(?_BODY_4, ?X_1), Equal(?_BODY_5, ?X_1) >>>
22:53:24 [INFO] Loading source SimpleTable { arity: 1, data: [AnyDataValue(PlainString(StringDataValue("str_1"))), AnyDataValue(Iri(IriDataValue("c_7"))), AnyDataValue(PlainString(StringDataValue("str_4"))), AnyDataValue(UnsignedLong(UnsignedLongDataValue(14572831928683948757))), AnyDataValue(Iri(IriDataValue("c_23")))] }
22:53:24 [INFO] Execution step: Body
22:53:24 [INFO] Trie does not contain any elements
22:53:24 [INFO] Execution step: Duplicate Elimination (Datalog)
22:53:24 [INFO] Trie does not contain any elements
22:53:24 [INFO] Rule duration: 0 ms
22:53:24 [INFO] <<< STEP 48: APPLYING RULE 40 R_50(?X_1, "x", ?X_2, ?X_4, ?X_3) :- R_23(?_BODY_1, ?_BODY_2, ?X_2, ?X_4, ?X_3, ?X_1), R_22(?X_4, ?Z_2, ?X_2, ?_BODY_3, ?X_1), Equal(?_BODY_1, "a"), Equal(?_BODY_2, "x"), Equal(?_BODY_3, <http://wikiba.se/ontology#directClaim>) >>>
22:53:24 [INFO] Execution step: Body
22:53:24 [INFO] Trie does not contain any elements
22:53:24 [INFO] Execution step: Duplicate Elimination (Datalog)
22:53:24 [INFO] Trie does not contain any elements
22:53:24 [INFO] Rule duration: 0 ms
22:53:24 [INFO] <<< STEP 49: APPLYING RULE 38 R_2(?X_2, <http://wikiba.se/ontology#directClaim>) :- R_50(?X_2, ?_BODY_1, ?Y_1, ?_BODY_2, ?_BODY_3), R_19(?Z_1, ?X_2, ?_BODY_4), Equal(?_BODY_1, <http://wikiba.se/ontology#directClaim>), Equal(?_BODY_2, ?X_2), Equal(?_BODY_3, <http://wikiba.se/ontology#directClaim>), Equal(?_BODY_4, ?X_2) >>>
22:53:24 [INFO] Loading source SimpleTable { arity: 2, data: [AnyDataValue(Iri(IriDataValue("http://wikiba.se/ontology#directClaim"))), AnyDataValue(Iri(IriDataValue("c_28")))] }
22:53:24 [INFO] Execution step: Body
22:53:24 [INFO] Trie does not contain any elements
22:53:24 [INFO] Execution step: Duplicate Elimination (Datalog)
22:53:24 [INFO] Trie does not contain any elements
22:53:24 [INFO] Rule duration: 0 ms
22:53:24 [INFO] <<< STEP 50: APPLYING RULE 45 R_5(?X_1, ?X_2) :- R_1(?Y_1, ?X_2, ?X_1, ?_BODY_1, ?_BODY_2, ?_BODY_3), R_23(?X_1, ?X_2, ?_BODY_4, ?Z_1, ?_BODY_5, ?Z_3), R_31(?X_1, ?Z_7, ?Z_2, ?X_2, ?_BODY_6, ?_BODY_7), Equal(?_BODY_1, ?X_1), Equal(?_BODY_2, ?X_1), Equal(?_BODY_3, ?X_1), Equal(?_BODY_4, ?X_2), Equal(?_BODY_5, <http://www.wikidata.org/prop/direct/P1696>), Equal(?_BODY_6, ?X_2), Equal(?_BODY_7, ?X_1) >>>
22:53:24 [INFO] Loading source SimpleTable { arity: 2, data: [AnyDataValue(PlainString(StringDataValue("x"))), AnyDataValue(Iri(IriDataValue("c_21"))), AnyDataValue(Iri(IriDataValue("c_2"))), AnyDataValue(PlainString(StringDataValue("str_14")))] }
22:53:24 [INFO] Execution step: Body
22:53:24 [INFO] Trie does not contain any elements
22:53:24 [INFO] Execution step: Duplicate Elimination (Datalog)
22:53:24 [INFO] Trie does not contain any elements
22:53:24 [INFO] Rule duration: 0 ms
22:53:24 [INFO] <<< STEP 51: APPLYING RULE 54 R_12(?X_1) :- R_50(?Y_1, ?_BODY_1, ?_BODY_2, ?X_1, ?_BODY_3), R_5(?X_1, ?_BODY_4), R_51(?X_1, ?_BODY_5, ?_BODY_6, ?_BODY_7), R_29(?X_1), Equal(?_BODY_1, ?Y_1), Equal(?_BODY_2, <http://wikiba.se/ontology#directClaim>), Equal(?_BODY_3, ?X_1), Equal(?_BODY_4, ?X_1), Equal(?_BODY_5, ?X_1), Equal(?_BODY_6, "entityB"), Equal(?_BODY_7, ?X_1) >>>
22:53:24 [INFO] Loading source SimpleTable { arity: 1, data: [AnyDataValue(PlainString(StringDataValue("z")))] }
22:53:24 [INFO] Execution step: Project/Reorder
22:53:24 [INFO] Saved temporary table: 5 entries (3468)
22:53:24 [INFO] Execution step: Body
22:53:24 [INFO] Trie does not contain any elements
22:53:24 [INFO] Execution step: Duplicate Elimination (Datalog)
22:53:24 [INFO] Trie does not contain any elements
22:53:24 [INFO] Rule duration: 0 ms
22:53:24 [INFO] <<< STEP 52: APPLYING RULE 44 R_28(?X_1, ?X_2, "x") :- R_23(?X_1, ?X_2, ?_BODY_1, ?_BODY_2, ?_BODY_3, ?_BODY_4), R_12(?X_1), R_30(?Z_2), Equal(?_BODY_1, "x"), Equal(?_BODY_2, ?X_2), Equal(?_BODY_3, ?X_2), Equal(?_BODY_4, ?X_1) >>>
22:53:24 [INFO] Loading source SimpleTable { arity: 3, data: [AnyDataValue(PlainString(StringDataValue("b"))), AnyDataValue(Iri(IriDataValue("c_12"))), AnyDataValue(PlainString(StringDataValue("str_6")))] }
22:53:24 [INFO] Execution step: Body
22:53:24 [INFO] Trie does not contain any elements
22:53:24 [INFO] Execution step: Duplicate Elimination (Datalog)
22:53:24 [INFO] Trie does not contain any elements
22:53:24 [INFO] Rule duration: 0 ms
22:53:24 [INFO] <<< STEP 53: APPLYING RULE 32 R_6(?X_1) :- rightSmaller(?X_1), R_3(?_BODY_1, ?X_1), R_2(?X_1, ?_BODY_2), Equal(?_BODY_1, <http://wikiba.se/ontology#directClaim>), Equal(?_BODY_2, <http://www.wikidata.org/prop/direct/P1696>) >>>
22:53:24 [INFO] Loading source SimpleTable { arity: 1, data: [AnyDataValue(UnsignedLong(UnsignedLongDataValue(10577465134703093001)))] }
22:53:24 [INFO] Execution step: Project/Reorder
22:53:24 [INFO] Saved temporary table: 1 entries (6904)
22:53:24 [INFO] Execution step: Body
22:53:24 [INFO] Trie does not contain any elements
22:53:24 [INFO] Execution step: Duplicate Elimination (Datalog)
22:53:24 [INFO] Trie does not contain any elements
22:53:24 [INFO] Rule duration: 0 ms
22:53:24 [INFO] <<< STEP 54: APPLYING RULE 10 R_10(?X_5, ?X_2, ?X_3, ?X_5, ?X_4, "entityB") :- R_24(?Y_1, ?X_5, ?X_3, ?_BODY_1, ?X_4), R_24(?_BODY_2, ?Y_1, ?X_5, ?Y_2, ?X_2), Equal(?_BODY_1, ?X_5), Equal(?_BODY_2, "entityB") >>>
22:53:24 [INFO] Execution step: Body
22:53:24 [INFO] Trie does not contain any elements
22:53:24 [INFO] Execution step: Duplicate Elimination (Datalog)
22:53:24 [INFO] Trie does not contain any elements
22:53:24 [INFO] Rule duration: 0 ms
22:53:24 [INFO] <<< STEP 55: APPLYING RULE 33 R_34(?X_1, <http://wikiba.se/ontology#directClaim>, ?X_4, ?X_3) :- pred(?X_1), pred(?_BODY_1), pred(?X_4), pred(?X_3), R_4(?X_4, ?Z_2, ?Z_1, ?_BODY_2), Equal(?_BODY_1, <http://wikiba.se/ontology#directClaim>), Equal(?_BODY_2, <http://www.wikidata.org/prop/direct/P1696>) >>>
22:53:24 [INFO] Loading source SimpleTable { arity: 4, data: [AnyDataValue(PlainString(StringDataValue("str_13"))), AnyDataValue(Iri(IriDataValue("http://wikiba.se/ontology#directClaim"))), AnyDataValue(Iri(IriDataValue("c_18"))), AnyDataValue(PlainString(StringDataValue("y"))), AnyDataValue(UnsignedLong(UnsignedLongDataValue(11324142006868341881))), AnyDataValue(PlainString(StringDataValue("str_16"))), AnyDataValue(Iri(IriDataValue("c_6"))), AnyDataValue(UnsignedLong(UnsignedLongDataValue(13733332431588857200)))] }
22:53:24 [INFO] Execution step: Body
22:53:24 [INFO] Trie does not contain any elements
22:53:24 [INFO] Execution step: Duplicate Elimination (Datalog)
22:53:24 [INFO] Trie does not contain any elements
22:53:24 [INFO] Rule duration: 0 ms
22:53:24 [INFO] <<< STEP 56: APPLYING RULE 35 R_OUT(?X_2, ?X_6, ?X_4, ?X_5, "x", ?X_3) :- R_39(?X_2, ?X_6, ?X_4, ?X_5, ?_BODY_1, ?X_3), pred(?X_6), R_9(?_BODY_2, ?X_6, ?_BODY_3, ?Z_4), Equal(?_BODY_1, "x"), Equal(?_BODY_2, "entityA"), Equal(?_BODY_3, ?X_6) >>>
22:53:24 [INFO] Loading source SimpleTable { arity: 6, data: [AnyDataValue(PlainString(StringDataValue("z"))), AnyDataValue(PlainString(StringDataValue("entityB"))), AnyDataValue(PlainString(StringDataValue("b"))), AnyDataValue(Iri(IriDataValue("c_5"))), AnyDataValue(UnsignedLong(UnsignedLongDataValue(2454582159838587266))), AnyDataValue(Iri(IriDataValue("c_6"))), AnyDataValue(Iri(IriDataValue("c_8"))), AnyDataValue(PlainString(StringDataValue("a"))), AnyDataValue(PlainString(StringDataValue("b"))), AnyDataValue(PlainString(StringDataValue("str_3"))), AnyDataValue(PlainString(StringDataValue("b"))), AnyDataValue(Iri(IriDataValue("c_2"))), AnyDataValue(PlainString(StringDataValue("b"))), AnyDataValue(Iri(IriDataValue("http://wikiba.se/ontology#directClaim"))), AnyDataValue(UnsignedLong(UnsignedLongDataValue(10864718475081712881))), AnyDataValue(PlainString(StringDataValue("str_7"))), AnyDataValue(PlainString(StringDataValue("a"))), AnyDataValue(UnsignedLong(UnsignedLongDataValue(9143973500633626840)))] }
22:53:24 [INFO] Execution step: Body
22:53:24 [INFO] Trie does not contain any elements
22:53:24 [INFO] Execution step: Duplicate Elimination (Datalog)
22:53:24 [INFO] Trie does not contain any elements
22:53:24 [INFO] Rule duration: 0 ms
22:53:24 [INFO] <<< STEP 57: APPLYING RULE 37 R_39(?X_4, ?X_1, ?X_6, "entityA", ?X_1, ?X_5) :- R_17(?X_4, ?X_1, ?X_6, ?_BODY_1), R_17(?X_1, ?_BODY_2, ?_BODY_3, ?X_5), R_13(?X_1, ?_BODY_4, ?X_6, ?X_4, ?_BODY_5, ?_BODY_6), Equal(?_BODY_1, "entityA"), Equal(?_BODY_2, "a"), Equal(?_BODY_3, ?X_1), Equal(?_BODY_4, ?X_1), Equal(?_BODY_5, ?X_4), Equal(?_BODY_6, ?X_4) >>>
22:53:24 [INFO] Loading source SimpleTable { arity: 6, data: [AnyDataValue(Iri(IriDataValue("c_26"))), AnyDataValue(Iri(IriDataValue("c_27"))), AnyDataValue(Iri(IriDataValue("c_12"))), AnyDataValue(Iri(IriDataValue("http://wikiba.se/ontology#directClaim"))), AnyDataValue(Iri(IriDataValue("c_25"))), AnyDataValue(PlainString(StringDataValue("z")))] }
22:53:24 [INFO] Execution step: Body
22:53:24 [INFO] Trie does not contain any elements
22:53:24 [INFO] Execution step: Duplicate Elimination (Datalog)
22:53:24 [INFO] Trie does not contain any elements
22:53:24 [INFO] Rule duration: 0 ms
22:53:24 [INFO] <<< STEP 58: APPLYING RULE 41 R_4(?X_1, <http://www.wikidata.org/prop/direct/P1696>, ?X_3, ?X_1) :- R_34(?X_1, ?_BODY_1, ?X_3, ?_BODY_2), inversePropEntities(?X_1, ?_BODY_3), R_24(?X_3, ?Z_3, ?Z_1, ?X_1, ?_BODY_4), Equal(?_BODY_1, <http://www.wikidata.org/prop/direct/P1696>), Equal(?_BODY_2, ?X_1), Equal(?_BODY_3, ?X_1), Equal(?_BODY_4, ?X_1) >>>
22:53:24 [INFO] Execution step: Body
22:53:24 [INFO] Trie does not contain any elements
22:53:24 [INFO] Execution step: Duplicate Elimination (Datalog)
22:53:24 [INFO] Trie does not contain any elements
22:53:24 [INFO] Rule duration: 0 ms
22:53:24 [INFO] <<< STEP 59: APPLYING RULE 43 R_26(?X_2, ?X_1, ?X_3, ?X_4, ?X_5) :- R_7(?X_2), R_7(?X_1), R_7(?X_3), R_7(?X_4), R_7(?X_5), R_28(?X_4, ?X_3, ?X_2) >>>
22:53:24 [INFO] Loading source SimpleTable { arity: 1, data: [AnyDataValue(PlainString(StringDataValue("x"))), AnyDataValue(PlainString(StringDataValue("a")))] }
22:53:24 [INFO] Loading source SimpleTable { arity: 5, data: [AnyDataValue(UnsignedLong(UnsignedLongDataValue(115377755701959547))), AnyDataValue(Iri(IriDataValue("c_13"))), AnyDataValue(Iri(IriDataValue("c_14"))), AnyDataValue(PlainString(StringDataValue("b"))), AnyDataValue(PlainString(StringDataValue("a")))] }
22:53:24 [INFO] Execution step: Body
22:53:24 [INFO] Trie does not contain any elements
22:53:24 [INFO] Execution step: Duplicate Elimination (Datalog)
22:53:24 [INFO] Trie does not contain any elements
22:53:24 [INFO] Rule duration: 0 ms
22:53:24 [INFO] <<< STEP 60: APPLYING RULE 47 R_46(?X_4, ?X_1, ?X_2, "entityB") :- R_10(?X_4, ?X_1, ?X_2, ?_BODY_1, ?_BODY_2, ?_BODY_3), R_33(?_BODY_4, ?X_1, ?X_4), Equal(?_BODY_1, ?X_2), Equal(?_BODY_2, "entityB"), Equal(?_BODY_3, "entityB"), Equal(?_BODY_4, "a") >>>
22:53:24 [INFO] Loading source SimpleTable { arity: 4, data: [AnyDataValue(PlainString(StringDataValue("str_7"))), AnyDataValue(Iri(IriDataValue("c_17"))), AnyDataValue(PlainString(StringDataValue("a"))), AnyDataValue(PlainString(StringDataValue("x"))), AnyDataValue(UnsignedLong(UnsignedLongDataValue(12874507515036902841))), AnyDataValue(Iri(IriDataValue("c_16"))), AnyDataValue(Iri(IriDataValue("c_24"))), AnyDataValue(PlainString(StringDataValue("str_6"))), AnyDataValue(PlainString(StringDataValue("str_10"))), AnyDataValue(PlainString(StringDataValue("str_8"))), AnyDataValue(UnsignedLong(UnsignedLongDataValue(5092645663220958947))), AnyDataValue(Iri(IriDataValue("c_23")))] }
22:53:24 [INFO] Execution step: Body
22:53:24 [INFO] Trie does not contain any elements
22:53:24 [INFO] Execution step: Duplicate Elimination (Datalog)
22:53:24 [INFO] Trie does not contain any elements
22:53:24 [INFO] Rule duration: 0 ms
22:53:24 [INFO] <<< STEP 61: APPLYING RULE 49 R_16("z", ?X_3, ?X_2) :- R_39(?_BODY_1, ?X_3, ?X_2, ?_BODY_2, ?Y_1, ?_BODY_3), R_10(?X_3, ?Y_1, ?X_2, ?Z_1, ?_BODY_4, ?_BODY_5), R_37(?X_3, ?X_2, ?_BODY_6), Equal(?_BODY_1, "x"), Equal(?_BODY_2, "z"), Equal(?_BODY_3, ?X_2), Equal(?_BODY_4, "x"), Equal(?_BODY_5, ?X_2), Equal(?_BODY_6, ?X_2) >>>
22:53:24 [INFO] Loading source SimpleTable { arity: 3, data: [AnyDataValue(Iri(IriDataValue("c_7"))), AnyDataValue(PlainString(StringDataValue("b"))), AnyDataValue(Iri(IriDataValue("c_9")))] }
22:53:24 [INFO] Execution step: Body
22:53:24 [INFO] Trie does not contain any elements
22:53:24 [INFO] Execution step: Duplicate Elimination (Datalog)
22:53:24 [INFO] Trie does not contain any elements
22:53:24 [INFO] Rule duration: 0 ms
22:53:24 [INFO] <<< STEP 62: APPLYING RULE 50 R_7(?X_1) :- R_OUT(?Y_1, ?_BODY_1, ?X_1, ?_BODY_2, ?_BODY_3, ?_BODY_4), R_39(?_BODY_5, ?Y_1, ?_BODY_6, ?Z_2, ?Z_3, ?Z_1), R_40(?X_1, ?Y_1, ?Z_3, ?_BODY_7, ?_BODY_8, ?Z_2), wikidata(?X_1, ?_BODY_9, ?Y_1), Equal(?_BODY_1, ?Y_1), Equal(?_BODY_2, ?X_1), Equal(?_BODY_3, "y"), Equal(?_BODY_4, "y"), Equal(?_BODY_5, "z"), Equal(?_BODY_6, ?Y_1), Equal(?_BODY_7, ?Y_1), Equal(?_BODY_8, ?Y_1), Equal(?_BODY_9, ?X_1) >>>
22:53:24 [INFO] Execution step: Project/Reorder
22:53:24 [INFO] Saved temporary table: 7 entries (10904)
22:53:24 [INFO] Execution step: Body
22:53:24 [INFO] Trie does not contain any elements
22:53:24 [INFO] Execution step: Duplicate Elimination (Datalog)
22:53:24 [INFO] Trie does not contain any elements
22:53:24 [INFO] Rule duration: 0 ms
22:53:24 [INFO] <<< STEP 63: APPLYING RULE 51 R_13(?X_5, ?X_4, ?X_1, ?X_2, <http://www.wikidata.org/prop/direct/P1696>, ?X_3) :- totalSubjCountPerPred(?X_5, ?X_4), totalSubjCountPerPred(?X_1, ?X_2), totalSubjCountPerPred(?_BODY_1, ?X_3), R_16(?Z_1, ?Z_3, ?X_2), R_26(?Z_5, ?Z_6, ?Z_1, ?X_3, ?Z_2), R_42(?X_1, ?Z_1, ?X_5, ?X_3), Equal(?_BODY_1, <http://www.wikidata.org/prop/direct/P1696>) >>>
22:53:24 [INFO] Execution step: Project/Reorder
22:53:24 [INFO] Saved temporary table: 1 entries (13760)
22:53:24 [INFO] Execution step: Body
22:53:24 [INFO] Trie does not contain any elements
22:53:24 [INFO] Execution step: Duplicate Elimination (Datalog)
22:53:24 [INFO] Trie does not contain any elements
22:53:24 [INFO] Rule duration: 0 ms
22:53:24 [INFO] <<< STEP 64: APPLYING RULE 52 R_9(?X_4, "entityA", ?X_3, ?X_3) :- R_24(?X_4, ?Y_1, ?X_3, ?_BODY_1, ?_BODY_2), R_6(?Z_3), R_25(?X_4, ?X_3, ?_BODY_3, ?Z_4, ?_BODY_4, ?Z_2), R_46(?_BODY_5, ?Z_2, ?Z_7, ?X_4), Equal(?_BODY_1, ?X_3), Equal(?_BODY_2, "entityA"), Equal(?_BODY_3, ?X_3), Equal(?_BODY_4, ?X_3), Equal(?_BODY_5, "x") >>>
22:53:24 [INFO] Execution step: Body
22:53:24 [INFO] Trie does not contain any elements
22:53:24 [INFO] Execution step: Duplicate Elimination (Datalog)
22:53:24 [INFO] Trie does not contain any elements
22:53:24 [INFO] Rule duration: 0 ms
22:53:24 [INFO] <<< STEP 65: APPLYING RULE 53 R_24(?X_2, ?X_4, <http://www.wikidata.org/prop/direct/P1696>, ?X_3, ?X_1) :- R_OUT(?X_2, ?X_4, ?_BODY_1, ?X_3, ?X_1, ?_BODY_2), R_15(?X_3, ?Z_2, ?_BODY_3, ?X_4, ?_BODY_4, ?X_2), R_34(?X_4, ?X_3, ?Z_7, ?_BODY_5), R_43(?Z_2, ?Z_6, ?Z_5, ?X_3, ?Z_4, ?_BODY_6), R_47(?X_3, ?Z_2, ?_BODY_7, ?_BODY_8, ?X_4, ?_BODY_9), Equal(?_BODY_1, <http://www.wikidata.org/prop/direct/P1696>), Equal(?_BODY_2, ?X_3), Equal(?_BODY_3, ?X_3), Equal(?_BODY_4, ?X_3), Equal(?_BODY_5, ?X_3), Equal(?_BODY_6, "x"), Equal(?_BODY_7, ?X_3), Equal(?_BODY_8, ?X_3), Equal(?_BODY_9, ?X_4) >>>
22:53:24 [INFO] Execution step: Body
22:53:24 [INFO] Trie does not contain any elements
22:53:24 [INFO] Execution step: Duplicate Elimination (Datalog)
22:53:24 [INFO] Trie does not contain any elements
22:53:24 [INFO] Rule duration: 0 ms
22:53:24 [INFO] ----------------------------------------------
22:53:24 [INFO] --- Finished Nemo Execution - Input Program --
22:53:24 [INFO] Output size: 0
22:53:24 [INFO] ----------------------------------------------
22:53:24 [INFO] 
22:53:24 [INFO] ----------------------------------------------
22:53:24 [INFO] Beginning Nemo Execution - Transformed Program
22:53:24 [INFO] ----------------------------------------------
22:53:24 [INFO] Stratified program: [[0, 1, 2, 3, 13, 16, 23, 25, 27], [4, 21, 42, 46], [5], [6, 7, 8], [9, 11, 24, 48], [12, 14, 15, 17, 18, 19, 20, 22, 26, 28, 30, 32, 33, 34, 35, 43, 44, 45, 49], [29, 51], [10, 31, 36, 37, 38, 39, 40, 41, 47, 50]]
22:53:24 [INFO] <<< STEP 1: APPLYING RULE 0 inversePropEntities(?s, ?o) :- wikidata(?s, ?_BODY_1, ?o), Equal(StringCompare(LexicalValue(?s), LexicalValue(?o)), -1), Equal(?_BODY_1, <http://www.wikidata.org/prop/direct/P1696>) >>>
22:53:24 [INFO] Loading source SimpleTable { arity: 3, data: [AnyDataValue(PlainString(StringDataValue("entityA"))), AnyDataValue(Iri(IriDataValue("http://www.wikidata.org/prop/direct/P1696"))), AnyDataValue(PlainString(StringDataValue("entityB"))), AnyDataValue(PlainString(StringDataValue("entityA"))), AnyDataValue(Iri(IriDataValue("http://wikiba.se/ontology#directClaim"))), AnyDataValue(PlainString(StringDataValue("a"))), AnyDataValue(PlainString(StringDataValue("entityB"))), AnyDataValue(Iri(IriDataValue("http://wikiba.se/ontology#directClaim"))), AnyDataValue(PlainString(StringDataValue("b"))), AnyDataValue(PlainString(StringDataValue("x"))), AnyDataValue(PlainString(StringDataValue("a"))), AnyDataValue(PlainString(StringDataValue("y"))), AnyDataValue(PlainString(StringDataValue("x"))), AnyDataValue(PlainString(StringDataValue("a"))), AnyDataValue(PlainString(StringDataValue("z"))), AnyDataValue(PlainString(StringDataValue("y"))), AnyDataValue(PlainString(StringDataValue("b"))), AnyDataValue(PlainString(StringDataValue("x"))), AnyDataValue(PlainString(StringDataValue("z"))), AnyDataValue(PlainString(StringDataValue("b"))), AnyDataValue(PlainString(StringDataValue("x")))] }
22:53:24 [INFO] Execution step: Body
22:53:24 [INFO] Saved temporary table: 1 entries (6856)
22:53:24 [INFO] Execution step: Duplicate Elimination (Datalog)
22:53:24 [INFO] Saved permanent table inversePropEntities (1) Permutation { idx_to_val: [], val_to_idx: [] } with 1 entries (6904)
22:53:24 [INFO] Rule duration: 0 ms
22:53:24 [INFO] <<< STEP 2: APPLYING RULE 0 inversePropEntities(?s, ?o) :- wikidata(?s, ?_BODY_1, ?o), Equal(StringCompare(LexicalValue(?s), LexicalValue(?o)), -1), Equal(?_BODY_1, <http://www.wikidata.org/prop/direct/P1696>) >>>
22:53:24 [INFO] Execution step: Body
22:53:24 [INFO] Trie does not contain any elements
22:53:24 [INFO] Execution step: Duplicate Elimination (Datalog)
22:53:24 [INFO] Trie does not contain any elements
22:53:24 [INFO] Rule duration: 0 ms
22:53:24 [INFO] <<< STEP 3: APPLYING RULE 1 inv(?p1, ?p2) :- inversePropEntities(?e1, ?e2), wikidata(?e1, ?_BODY_1, ?p1), wikidata(?e2, ?_BODY_2, ?p2), Equal(?_BODY_1, <http://wikiba.se/ontology#directClaim>), Equal(?_BODY_2, <http://wikiba.se/ontology#directClaim>) >>>
22:53:24 [INFO] Execution step: Body
22:53:24 [INFO] Saved temporary table: 1 entries (6856)
22:53:24 [INFO] Execution step: Duplicate Elimination (Datalog)
22:53:24 [INFO] Saved permanent table inv (3) Permutation { idx_to_val: [], val_to_idx: [] } with 1 entries (6904)
22:53:24 [INFO] Rule duration: 0 ms
22:53:24 [INFO] <<< STEP 4: APPLYING RULE 1 inv(?p1, ?p2) :- inversePropEntities(?e1, ?e2), wikidata(?e1, ?_BODY_1, ?p1), wikidata(?e2, ?_BODY_2, ?p2), Equal(?_BODY_1, <http://wikiba.se/ontology#directClaim>), Equal(?_BODY_2, <http://wikiba.se/ontology#directClaim>) >>>
22:53:24 [INFO] Execution step: Body
22:53:24 [INFO] Trie does not contain any elements
22:53:24 [INFO] Execution step: Duplicate Elimination (Datalog)
22:53:24 [INFO] Trie does not contain any elements
22:53:24 [INFO] Rule duration: 0 ms
22:53:24 [INFO] <<< STEP 5: APPLYING RULE 2 pred(?s) :- inv(?s, ?_BODY_1) >>>
22:53:24 [INFO] Execution step: Body
22:53:24 [INFO] Saved temporary table: 1 entries (3404)
22:53:24 [INFO] Execution step: Duplicate Elimination (Datalog)
22:53:24 [INFO] Saved permanent table pred (5) Permutation { idx_to_val: [], val_to_idx: [] } with 1 entries (3452)
22:53:24 [INFO] Rule duration: 0 ms
22:53:24 [INFO] <<< STEP 6: APPLYING RULE 2 pred(?s) :- inv(?s, ?_BODY_1) >>>
22:53:24 [INFO] Execution step: Body
22:53:24 [INFO] Trie does not contain any elements
22:53:24 [INFO] Execution step: Duplicate Elimination (Datalog)
22:53:24 [INFO] Trie does not contain any elements
22:53:24 [INFO] Rule duration: 0 ms
22:53:24 [INFO] <<< STEP 7: APPLYING RULE 3 pred(?o) :- inv(?_BODY_1, ?o) >>>
22:53:24 [INFO] Execution step: Body
22:53:24 [INFO] Saved temporary table: 1 entries (3404)
22:53:24 [INFO] Execution step: Duplicate Elimination (Datalog)
22:53:24 [INFO] Saved permanent table pred (7) Permutation { idx_to_val: [], val_to_idx: [] } with 1 entries (3452)
22:53:24 [INFO] Rule duration: 0 ms
22:53:24 [INFO] <<< STEP 8: APPLYING RULE 3 pred(?o) :- inv(?_BODY_1, ?o) >>>
22:53:24 [INFO] Execution step: Body
22:53:24 [INFO] Trie does not contain any elements
22:53:24 [INFO] Execution step: Duplicate Elimination (Datalog)
22:53:24 [INFO] Trie does not contain any elements
22:53:24 [INFO] Rule duration: 0 ms
22:53:24 [INFO] <<< STEP 9: APPLYING RULE 23 R_37(<http://www.wikidata.org/prop/direct/P1696>, ?X_3, ?X_1) :- R_41(?_BODY_1, ?X_1, ?Y_1, ?X_3, ?_BODY_2, ?_BODY_3), Equal(?_BODY_1, <http://www.wikidata.org/prop/direct/P1696>), Equal(?_BODY_2, ?X_1), Equal(?_BODY_3, "x") >>>
22:53:24 [INFO] Execution step: Body
22:53:24 [INFO] Trie does not contain any elements
22:53:24 [INFO] Execution step: Duplicate Elimination (Datalog)
22:53:24 [INFO] Trie does not contain any elements
22:53:24 [INFO] Rule duration: 0 ms
22:53:24 [INFO] <<< STEP 10: APPLYING RULE 25 R_41(?X_2, ?X_6, ?X_3, ?X_4, ?X_1, ?X_5) :- R_37(?X_2, ?X_6, ?X_3), R_37(?X_4, ?X_1, ?X_5) >>>
22:53:24 [INFO] Execution step: Body
22:53:24 [INFO] Trie does not contain any elements
22:53:24 [INFO] Execution step: Duplicate Elimination (Datalog)
22:53:24 [INFO] Trie does not contain any elements
22:53:24 [INFO] Rule duration: 0 ms
22:53:24 [INFO] <<< STEP 11: APPLYING RULE 16 R_22(?X_4, ?X_4, <http://wikiba.se/ontology#directClaim>, ?X_1, ?X_5) :- R_41(?X_4, ?_BODY_1, ?_BODY_2, ?X_1, ?X_5, ?_BODY_3), Equal(?_BODY_1, ?X_4), Equal(?_BODY_2, <http://wikiba.se/ontology#directClaim>), Equal(?_BODY_3, ?X_1) >>>
22:53:24 [INFO] Execution step: Body
22:53:24 [INFO] Trie does not contain any elements
22:53:24 [INFO] Execution step: Duplicate Elimination (Datalog)
22:53:24 [INFO] Trie does not contain any elements
22:53:24 [INFO] Rule duration: 0 ms
22:53:24 [INFO] <<< STEP 12: APPLYING RULE 13 R_17(?X_1, ?X_4, <http://wikiba.se/ontology#directClaim>, ?X_2) :- R_22(?X_1, ?X_4, ?_BODY_1, ?X_2, ?_BODY_2), Equal(?_BODY_1, ?X_1), Equal(?_BODY_2, <http://wikiba.se/ontology#directClaim>) >>>
22:53:24 [INFO] Execution step: Body
22:53:24 [INFO] Trie does not contain any elements
22:53:24 [INFO] Execution step: Duplicate Elimination (Datalog)
22:53:24 [INFO] Trie does not contain any elements
22:53:24 [INFO] Rule duration: 0 ms
22:53:24 [INFO] <<< STEP 13: APPLYING RULE 27 R_47(?X_5, ?X_4, ?X_2, ?X_1, ?X_4, ?X_3) :- inv(?X_5, ?X_4), inv(?X_2, ?X_1), inv(?X_4, ?X_3) >>>
22:53:24 [INFO] Execution step: Body
22:53:24 [INFO] Trie does not contain any elements
22:53:24 [INFO] Execution step: Duplicate Elimination (Datalog)
22:53:24 [INFO] Trie does not contain any elements
22:53:24 [INFO] Rule duration: 0 ms
22:53:24 [INFO] <<< STEP 14: APPLYING RULE 4 objCountPerPredAndSource(?p, ?s, ?_AGGREGATION_OUT) :- pred(?p), wikidata(?s, ?p, ?o), ?_AGGREGATION_OUT = #count(?o) >>>
22:53:24 [INFO] Execution step: Body
22:53:24 [INFO] Saved temporary table: 4 entries (10476)
22:53:24 [INFO] Execution step: Aggregate output
22:53:24 [INFO] Execution step: Project/Reorder
22:53:24 [INFO] Saved temporary table: 3 entries (10532)
22:53:24 [INFO] Execution step: Duplicate Elimination (Datalog)
22:53:24 [INFO] Saved permanent table objCountPerPredAndSource (14) Permutation { idx_to_val: [], val_to_idx: [] } with 3 entries (10532)
22:53:24 [INFO] Rule duration: 0 ms
22:53:24 [INFO] <<< STEP 15: APPLYING RULE 4 objCountPerPredAndSource(?p, ?s, ?_AGGREGATION_OUT) :- pred(?p), wikidata(?s, ?p, ?o), ?_AGGREGATION_OUT = #count(?o) >>>
22:53:24 [INFO] Execution step: Body
22:53:24 [INFO] Trie does not contain any elements
22:53:24 [INFO] Execution step: Aggregate output
22:53:24 [INFO] Trie does not contain any elements
22:53:24 [INFO] Execution step: Duplicate Elimination (Datalog)
22:53:24 [INFO] Trie does not contain any elements
22:53:24 [INFO] Rule duration: 0 ms
22:53:24 [INFO] <<< STEP 16: APPLYING RULE 21 R_33(?X_3, ?X_3, ?X_1) :- objCountPerPredAndSource(?X_3, ?_BODY_1, ?X_1), Equal(?_BODY_1, ?X_3) >>>
22:53:24 [INFO] Loading source SimpleTable { arity: 3, data: [AnyDataValue(PlainString(StringDataValue("entityA"))), AnyDataValue(Iri(IriDataValue("c_22"))), AnyDataValue(PlainString(StringDataValue("str_13")))] }
22:53:24 [INFO] Execution step: Body
22:53:24 [INFO] Trie does not contain any elements
22:53:24 [INFO] Execution step: Duplicate Elimination (Datalog)
22:53:24 [INFO] Trie does not contain any elements
22:53:24 [INFO] Rule duration: 0 ms
22:53:24 [INFO] <<< STEP 17: APPLYING RULE 42 R_31(?X_3, 2364805543870034638, ?X_1, ?X_5, ?X_6, ?X_5) :- pred(?X_3), pred(?_BODY_1), pred(?X_1), pred(?X_5), pred(?X_6), pred(?X_5), pred(?X_3), Equal(?_BODY_1, 2364805543870034638) >>>
22:53:24 [INFO] Execution step: Project/Reorder
22:53:24 [INFO] Saved temporary table: 2 entries (3456)
22:53:24 [INFO] Execution step: Body
22:53:24 [INFO] Trie does not contain any elements
22:53:24 [INFO] Execution step: Duplicate Elimination (Datalog)
22:53:24 [INFO] Trie does not contain any elements
22:53:24 [INFO] Rule duration: 0 ms
22:53:24 [INFO] <<< STEP 18: APPLYING RULE 46 R_4(?X_4, ?X_3, ?X_2, ?X_2) :- inv(?X_4, ?X_3), inv(?X_2, ?_BODY_1), inv(?X_4, ?X_3), Equal(?_BODY_1, ?X_2) >>>
22:53:24 [INFO] Execution step: Project/Reorder
22:53:24 [INFO] Saved temporary table: 1 entries (6856)
22:53:24 [INFO] Execution step: Body
22:53:24 [INFO] Trie does not contain any elements
22:53:24 [INFO] Execution step: Duplicate Elimination (Datalog)
22:53:24 [INFO] Trie does not contain any elements
22:53:24 [INFO] Rule duration: 0 ms
22:53:24 [INFO] <<< STEP 19: APPLYING RULE 5 totalSubjCountPerPred(?p, ?_AGGREGATION_OUT) :- objCountPerPredAndSource(?p, ?s, ?_BODY_1), ?_AGGREGATION_OUT = #count(?s) >>>
22:53:24 [INFO] Execution step: Body
22:53:24 [INFO] Saved temporary table: 3 entries (6916)
22:53:24 [INFO] Execution step: Aggregate output
22:53:24 [INFO] Execution step: Project/Reorder
22:53:24 [INFO] Saved temporary table: 2 entries (6968)
22:53:24 [INFO] Execution step: Duplicate Elimination (Datalog)
22:53:24 [INFO] Saved permanent table totalSubjCountPerPred (19) Permutation { idx_to_val: [], val_to_idx: [] } with 2 entries (6968)
22:53:24 [INFO] Rule duration: 0 ms
22:53:24 [INFO] <<< STEP 20: APPLYING RULE 5 totalSubjCountPerPred(?p, ?_AGGREGATION_OUT) :- objCountPerPredAndSource(?p, ?s, ?_BODY_1), ?_AGGREGATION_OUT = #count(?s) >>>
22:53:24 [INFO] Execution step: Body
22:53:24 [INFO] Trie does not contain any elements
22:53:24 [INFO] Execution step: Aggregate output
22:53:24 [INFO] Trie does not contain any elements
22:53:24 [INFO] Execution step: Duplicate Elimination (Datalog)
22:53:24 [INFO] Trie does not contain any elements
22:53:24 [INFO] Rule duration: 0 ms
22:53:24 [INFO] <<< STEP 21: APPLYING RULE 6 avgObjCountPerPredicate(?p, ?_HEAD_1) :- objCountPerPredAndSource(?p, ?s, ?count), totalSubjCountPerPred(?p, ?totalSubj), Equal(?_HEAD_1, NumericDivision(CastToDouble(?_AGGREGATION_OUT), ?totalSubj)), ?_AGGREGATION_OUT = #sum(?count, ?s) >>>
22:53:24 [INFO] Execution step: Body
22:53:24 [INFO] Saved temporary table: 3 entries (13940)
22:53:24 [INFO] Execution step: Aggregate output
22:53:24 [INFO] Saved temporary table: 2 entries (10480)
22:53:24 [INFO] Execution step: Aggregation
22:53:24 [INFO] Saved temporary table: 2 entries (6920)
22:53:24 [INFO] Execution step: Duplicate Elimination (Datalog)
22:53:24 [INFO] Saved permanent table avgObjCountPerPredicate (21) Permutation { idx_to_val: [], val_to_idx: [] } with 2 entries (6968)
22:53:24 [INFO] Rule duration: 0 ms
22:53:24 [INFO] <<< STEP 22: APPLYING RULE 6 avgObjCountPerPredicate(?p, ?_HEAD_1) :- objCountPerPredAndSource(?p, ?s, ?count), totalSubjCountPerPred(?p, ?totalSubj), Equal(?_HEAD_1, NumericDivision(CastToDouble(?_AGGREGATION_OUT), ?totalSubj)), ?_AGGREGATION_OUT = #sum(?count, ?s) >>>
22:53:24 [INFO] Execution step: Body
22:53:24 [INFO] Trie does not contain any elements
22:53:24 [INFO] Execution step: Aggregate output
22:53:24 [INFO] Trie does not contain any elements
22:53:24 [INFO] Execution step: Aggregation
22:53:24 [INFO] Trie does not contain any elements
22:53:24 [INFO] Execution step: Duplicate Elimination (Datalog)
22:53:24 [INFO] Trie does not contain any elements
22:53:24 [INFO] Rule duration: 0 ms
22:53:24 [INFO] <<< STEP 23: APPLYING RULE 7 rightSmaller(?right) :- inv(?left, ?right), avgObjCountPerPredicate(?left, ?countLeft), avgObjCountPerPredicate(?right, ?countRight), NumericLessthan(?countRight, ?countLeft) >>>
22:53:24 [INFO] Execution step: Body
22:53:24 [INFO] Saved temporary table: 1 entries (3404)
22:53:24 [INFO] Execution step: Duplicate Elimination (Datalog)
22:53:24 [INFO] Saved permanent table rightSmaller (23) Permutation { idx_to_val: [], val_to_idx: [] } with 1 entries (3452)
22:53:24 [INFO] Rule duration: 0 ms
22:53:24 [INFO] <<< STEP 24: APPLYING RULE 7 rightSmaller(?right) :- inv(?left, ?right), avgObjCountPerPredicate(?left, ?countLeft), avgObjCountPerPredicate(?right, ?countRight), NumericLessthan(?countRight, ?countLeft) >>>
22:53:24 [INFO] Execution step: Body
22:53:24 [INFO] Trie does not contain any elements
22:53:24 [INFO] Execution step: Duplicate Elimination (Datalog)
22:53:24 [INFO] Trie does not contain any elements
22:53:24 [INFO] Rule duration: 0 ms
22:53:24 [INFO] <<< STEP 25: APPLYING RULE 8 predToKeep(?right) :- rightSmaller(?right) >>>
22:53:24 [INFO] Execution step: Body
22:53:24 [INFO] Saved temporary table: 1 entries (3404)
22:53:24 [INFO] Execution step: Duplicate Elimination (Datalog)
22:53:24 [INFO] Saved permanent table predToKeep (25) Permutation { idx_to_val: [], val_to_idx: [] } with 1 entries (3452)
22:53:24 [INFO] Rule duration: 0 ms
22:53:24 [INFO] <<< STEP 26: APPLYING RULE 8 predToKeep(?right) :- rightSmaller(?right) >>>
22:53:24 [INFO] Execution step: Body
22:53:24 [INFO] Trie does not contain any elements
22:53:24 [INFO] Execution step: Duplicate Elimination (Datalog)
22:53:24 [INFO] Trie does not contain any elements
22:53:24 [INFO] Rule duration: 0 ms
22:53:24 [INFO] <<< STEP 27: APPLYING RULE 9 predToKeep(?left) :- inv(?left, ?right), rightSmaller(?right) >>>
22:53:24 [INFO] Execution step: Project/Reorder
22:53:24 [INFO] Saved temporary table: 1 entries (3452)
22:53:24 [INFO] Execution step: Body
22:53:24 [INFO] Trie does not contain any elements
22:53:24 [INFO] Execution step: Duplicate Elimination (Datalog)
22:53:24 [INFO] Trie does not contain any elements
22:53:24 [INFO] Rule duration: 0 ms
22:53:24 [INFO] <<< STEP 28: APPLYING RULE 11 R_11(?X_6, ?X_3, "x", ?X_5, ?X_2, ?X_1) :- predToKeep(?X_6), predToKeep(?X_3), predToKeep(?_BODY_1), predToKeep(?X_5), predToKeep(?X_2), predToKeep(?X_1), Equal(?_BODY_1, "x") >>>
22:53:24 [INFO] Execution step: Body
22:53:24 [INFO] Trie does not contain any elements
22:53:24 [INFO] Execution step: Duplicate Elimination (Datalog)
22:53:24 [INFO] Trie does not contain any elements
22:53:24 [INFO] Rule duration: 0 ms
22:53:24 [INFO] <<< STEP 29: APPLYING RULE 24 R_40(?X_2, ?X_4, ?X_5, ?X_1, ?X_6, ?X_4) :- predToKeep(?X_2), predToKeep(?X_4), predToKeep(?X_5), predToKeep(?X_1), predToKeep(?X_6), predToKeep(?X_4) >>>
22:53:24 [INFO] Execution step: Body
22:53:24 [INFO] Saved temporary table: 1 entries (17212)
22:53:24 [INFO] Execution step: Duplicate Elimination (Datalog)
22:53:24 [INFO] Saved permanent table R_40 (29) Permutation { idx_to_val: [], val_to_idx: [] } with 1 entries (20712)
22:53:24 [INFO] Rule duration: 0 ms
22:53:24 [INFO] <<< STEP 30: APPLYING RULE 24 R_40(?X_2, ?X_4, ?X_5, ?X_1, ?X_6, ?X_4) :- predToKeep(?X_2), predToKeep(?X_4), predToKeep(?X_5), predToKeep(?X_1), predToKeep(?X_6), predToKeep(?X_4) >>>
22:53:24 [INFO] Execution step: Body
22:53:24 [INFO] Trie does not contain any elements
22:53:24 [INFO] Execution step: Duplicate Elimination (Datalog)
22:53:24 [INFO] Trie does not contain any elements
22:53:24 [INFO] Rule duration: 0 ms
22:53:24 [INFO] <<< STEP 31: APPLYING RULE 48 R_20(<http://wikiba.se/ontology#directClaim>, ?X_1, ?X_2, ?X_5, ?X_3) :- avgObjCountPerPredicate(?_BODY_1, ?X_5), avgObjCountPerPredicate(?X_2, ?X_5), avgObjCountPerPredicate(?X_3, ?X_1), avgObjCountPerPredicate(?_BODY_2, ?X_5), Equal(?_BODY_1, <http://wikiba.se/ontology#directClaim>), Equal(?_BODY_2, <http://wikiba.se/ontology#directClaim>) >>>
22:53:24 [INFO] Execution step: Project/Reorder
22:53:24 [INFO] Saved temporary table: 2 entries (6920)
22:53:24 [INFO] Execution step: Body
22:53:24 [INFO] Trie does not contain any elements
22:53:24 [INFO] Execution step: Duplicate Elimination (Datalog)
22:53:24 [INFO] Trie does not contain any elements
22:53:24 [INFO] Rule duration: 0 ms
22:53:24 [INFO] <<< STEP 32: APPLYING RULE 45 R_43(?X_6, ?X_3, ?X_1, ?X_5, ?X_1, ?X_2) :- R_40(?X_6, ?X_3, ?X_1, ?X_5, ?_BODY_1, ?X_2), R_40(?X_6, ?X_3, ?X_1, ?X_5, ?_BODY_2, ?X_2), Equal(?_BODY_1, ?X_1), Equal(?_BODY_2, ?X_1) >>>
22:53:24 [INFO] Execution step: Project/Reorder
22:53:24 [INFO] Saved temporary table: 1 entries (20664)
22:53:24 [INFO] Execution step: Body
22:53:24 [INFO] Trie does not contain any elements
22:53:24 [INFO] Execution step: Duplicate Elimination (Datalog)
22:53:24 [INFO] Trie does not contain any elements
22:53:24 [INFO] Rule duration: 0 ms
22:53:24 [INFO] <<< STEP 33: APPLYING RULE 12 R_15(?X_2, ?X_6, "b", ?X_5, ?X_3, ?X_4) :- R_31(?X_2, ?X_6, ?_BODY_1, ?X_5, ?X_3, ?X_4), Equal(?_BODY_1, "b") >>>
22:53:24 [INFO] Execution step: Body
22:53:24 [INFO] Trie does not contain any elements
22:53:24 [INFO] Execution step: Duplicate Elimination (Datalog)
22:53:24 [INFO] Trie does not contain any elements
22:53:24 [INFO] Rule duration: 0 ms
22:53:24 [INFO] <<< STEP 34: APPLYING RULE 14 R_18(?X_1) :- R_30(?X_1) >>>
22:53:24 [INFO] Execution step: Body
22:53:24 [INFO] Trie does not contain any elements
22:53:24 [INFO] Execution step: Duplicate Elimination (Datalog)
22:53:24 [INFO] Trie does not contain any elements
22:53:24 [INFO] Rule duration: 0 ms
22:53:24 [INFO] <<< STEP 35: APPLYING RULE 15 R_19(?X_1, "x", ?X_1) :- R_25(?X_1, ?_BODY_1, ?_BODY_2, ?_BODY_3, ?_BODY_4, ?Y_1), Equal(?_BODY_1, "x"), Equal(?_BODY_2, ?X_1), Equal(?_BODY_3, ?X_1), Equal(?_BODY_4, ?X_1) >>>
22:53:24 [INFO] Execution step: Body
22:53:24 [INFO] Trie does not contain any elements
22:53:24 [INFO] Execution step: Duplicate Elimination (Datalog)
22:53:24 [INFO] Trie does not contain any elements
22:53:24 [INFO] Rule duration: 0 ms
22:53:24 [INFO] <<< STEP 36: APPLYING RULE 18 R_27(?X_2, ?X_4, "a", ?X_4) :- R_43(?X_2, ?X_4, ?_BODY_1, ?_BODY_2, ?_BODY_3, ?_BODY_4), Equal(?_BODY_1, "a"), Equal(?_BODY_2, ?X_4), Equal(?_BODY_3, ?X_4), Equal(?_BODY_4, ?X_2) >>>
22:53:24 [INFO] Execution step: Body
22:53:24 [INFO] Trie does not contain any elements
22:53:24 [INFO] Execution step: Duplicate Elimination (Datalog)
22:53:24 [INFO] Trie does not contain any elements
22:53:24 [INFO] Rule duration: 0 ms
22:53:24 [INFO] <<< STEP 37: APPLYING RULE 19 R_30(?X_1) :- R_36(?X_1, ?_BODY_1, ?_BODY_2), Equal(?_BODY_1, ?X_1), Equal(?_BODY_2, ?X_1) >>>
22:53:24 [INFO] Execution step: Body
22:53:24 [INFO] Trie does not contain any elements
22:53:24 [INFO] Execution step: Duplicate Elimination (Datalog)
22:53:24 [INFO] Trie does not contain any elements
22:53:24 [INFO] Rule duration: 0 ms
22:53:24 [INFO] <<< STEP 38: APPLYING RULE 20 R_32(?X_1, "entityA") :- R_3(?X_1, ?_BODY_1), Equal(?_BODY_1, "entityA") >>>
22:53:24 [INFO] Execution step: Body
22:53:24 [INFO] Trie does not contain any elements
22:53:24 [INFO] Execution step: Duplicate Elimination (Datalog)
22:53:24 [INFO] Trie does not contain any elements
22:53:24 [INFO] Rule duration: 0 ms
22:53:24 [INFO] <<< STEP 39: APPLYING RULE 22 R_36(?X_2, ?X_3, <http://wikiba.se/ontology#directClaim>) :- R_20(?X_3, ?_BODY_1, ?_BODY_2, ?X_2, ?_BODY_3), Equal(?_BODY_1, ?X_3), Equal(?_BODY_2, <http://wikiba.se/ontology#directClaim>), Equal(?_BODY_3, ?X_2) >>>
22:53:24 [INFO] Execution step: Body
22:53:24 [INFO] Trie does not contain any elements
22:53:24 [INFO] Execution step: Duplicate Elimination (Datalog)
22:53:24 [INFO] Trie does not contain any elements
22:53:24 [INFO] Rule duration: 0 ms
22:53:24 [INFO] <<< STEP 40: APPLYING RULE 26 R_43(?X_1, ?X_4, ?X_6, ?X_3, ?X_2, ?X_5) :- R_19(?X_1, ?X_4, ?X_6), R_19(?X_3, ?X_2, ?X_5) >>>
22:53:24 [INFO] Execution step: Body
22:53:24 [INFO] Trie does not contain any elements
22:53:24 [INFO] Execution step: Duplicate Elimination (Datalog)
22:53:24 [INFO] Trie does not contain any elements
22:53:24 [INFO] Rule duration: 0 ms
22:53:24 [INFO] <<< STEP 41: APPLYING RULE 28 R_21(?X_2, <http://wikiba.se/ontology#directClaim>, ?X_6, ?X_4, ?X_5, ?X_3) :- totalSubjCountPerPred(?X_2, ?_BODY_1), totalSubjCountPerPred(?X_6, ?X_4), totalSubjCountPerPred(?X_5, ?X_3), predToKeep(?X_3), R_1(?X_3, ?X_2, ?_BODY_2, ?X_6, ?Z_2, ?X_5), rightSmaller(?X_5), Equal(?_BODY_1, <http://wikiba.se/ontology#directClaim>), Equal(?_BODY_2, ?X_2) >>>
22:53:24 [INFO] Execution step: Project/Reorder
22:53:24 [INFO] Saved temporary table: 1 entries (3452)
22:53:24 [INFO] Execution step: Body
22:53:24 [INFO] Trie does not contain any elements
22:53:24 [INFO] Execution step: Duplicate Elimination (Datalog)
22:53:24 [INFO] Trie does not contain any elements
22:53:24 [INFO] Rule duration: 0 ms
22:53:24 [INFO] <<< STEP 42: APPLYING RULE 30 R_25(?X_4, ?X_3, "a", ?X_2, ?X_1, ?X_6) :- R_31(?X_4, ?X_3, ?_BODY_1, ?X_2, ?X_1, ?X_6), R_11(?X_4, ?X_3, ?Z_2, ?X_1, ?_BODY_2, ?X_2), Equal(?_BODY_1, "a"), Equal(?_BODY_2, ?X_3) >>>
22:53:24 [INFO] Execution step: Body
22:53:24 [INFO] Trie does not contain any elements
22:53:24 [INFO] Execution step: Duplicate Elimination (Datalog)
22:53:24 [INFO] Trie does not contain any elements
22:53:24 [INFO] Rule duration: 0 ms
22:53:24 [INFO] <<< STEP 43: APPLYING RULE 32 R_31(?X_1, ?X_4, ?X_3, ?X_5, ?X_6, "x") :- inversePropEntities(?X_1, ?X_4), inversePropEntities(?X_3, ?X_5), inversePropEntities(?X_6, ?_BODY_1), R_18(?_BODY_2), R_20(?X_4, ?X_5, ?_BODY_3, ?_BODY_4, ?Z_4), Equal(?_BODY_1, "x"), Equal(?_BODY_2, <http://wikiba.se/ontology#directClaim>), Equal(?_BODY_3, ?X_4), Equal(?_BODY_4, <http://www.wikidata.org/prop/direct/P1696>) >>>
22:53:24 [INFO] Execution step: Body
22:53:24 [INFO] Trie does not contain any elements
22:53:24 [INFO] Execution step: Duplicate Elimination (Datalog)
22:53:24 [INFO] Trie does not contain any elements
22:53:24 [INFO] Rule duration: 0 ms
22:53:24 [INFO] <<< STEP 44: APPLYING RULE 33 R_1(?X_3, ?X_2, ?X_1, ?X_6, "b", ?X_2) :- R_15(?X_3, ?X_2, ?X_1, ?X_6, ?_BODY_1, ?_BODY_2), R_27(?X_6, ?Z_3, ?Z_5, ?_BODY_3), totalSubjCountPerPred(?X_2, ?_BODY_4), Equal(?_BODY_1, "b"), Equal(?_BODY_2, ?X_2), Equal(?_BODY_3, ?X_6), Equal(?_BODY_4, ?X_2) >>>
22:53:24 [INFO] Execution step: Project/Reorder
22:53:24 [INFO] Saved temporary table: 2 entries (6968)
22:53:24 [INFO] Execution step: Body
22:53:24 [INFO] Trie does not contain any elements
22:53:24 [INFO] Execution step: Duplicate Elimination (Datalog)
22:53:24 [INFO] Trie does not contain any elements
22:53:24 [INFO] Rule duration: 0 ms
22:53:24 [INFO] <<< STEP 45: APPLYING RULE 34 R_20(?X_4, ?X_2, ?X_5, ?X_1, ?X_3) :- R_21(?X_4, ?X_2, ?X_3, ?X_1, ?_BODY_1, ?X_5), R_32(?Z_1, ?Z_3), Equal(?_BODY_1, ?X_3) >>>
22:53:24 [INFO] Execution step: Body
22:53:24 [INFO] Trie does not contain any elements
22:53:24 [INFO] Execution step: Duplicate Elimination (Datalog)
22:53:24 [INFO] Trie does not contain any elements
22:53:24 [INFO] Rule duration: 0 ms
22:53:24 [INFO] <<< STEP 46: APPLYING RULE 35 R_3(?X_2, ?X_2) :- R_40(?X_2, ?_BODY_1, ?_BODY_2, ?_BODY_3, ?_BODY_4, ?_BODY_5), R_36(?X_2, ?_BODY_6, ?_BODY_7), avgObjCountPerPredicate(?X_2, ?_BODY_8), Equal(?_BODY_1, ?X_2), Equal(?_BODY_2, ?X_2), Equal(?_BODY_3, ?X_2), Equal(?_BODY_4, <http://wikiba.se/ontology#directClaim>), Equal(?_BODY_5, <http://wikiba.se/ontology#directClaim>), Equal(?_BODY_6, ?X_2), Equal(?_BODY_7, ?X_2), Equal(?_BODY_8, ?X_2) >>>
22:53:24 [INFO] Execution step: Project/Reorder
22:53:24 [INFO] Saved temporary table: 2 entries (6968)
22:53:24 [INFO] Execution step: Body
22:53:24 [INFO] Trie does not contain any elements
22:53:24 [INFO] Execution step: Duplicate Elimination (Datalog)
22:53:24 [INFO] Trie does not contain any elements
22:53:24 [INFO] Rule duration: 0 ms
22:53:24 [INFO] <<< STEP 47: APPLYING RULE 17 R_23(?X_6, ?X_2, "y", ?X_4, ?X_3, ?X_1) :- R_3(?X_6, ?X_2), R_3(?_BODY_1, ?X_4), R_3(?X_3, ?X_1), Equal(?_BODY_1, "y") >>>
22:53:24 [INFO] Execution step: Body
22:53:24 [INFO] Trie does not contain any elements
22:53:24 [INFO] Execution step: Duplicate Elimination (Datalog)
22:53:24 [INFO] Trie does not contain any elements
22:53:24 [INFO] Rule duration: 0 ms
22:53:24 [INFO] <<< STEP 48: APPLYING RULE 49 R_50(?X_1, "x", ?X_2, ?X_4, ?X_3) :- R_23(?_BODY_1, ?_BODY_2, ?X_2, ?X_4, ?X_3, ?X_1), R_22(?X_4_new_1, ?Z_2, ?X_2, ?_BODY_3, ?X_1), Equal(?_BODY_1, "a"), Equal(?_BODY_2, "x"), Equal(?_BODY_3, <http://wikiba.se/ontology#directClaim>) >>>
22:53:24 [INFO] Execution step: Body
22:53:24 [INFO] Trie does not contain any elements
22:53:24 [INFO] Execution step: Duplicate Elimination (Datalog)
22:53:24 [INFO] Trie does not contain any elements
22:53:24 [INFO] Rule duration: 0 ms
22:53:24 [INFO] <<< STEP 49: APPLYING RULE 43 R_2(?X_2, <http://wikiba.se/ontology#directClaim>) :- R_50(?X_2_new_1, ?_BODY_1, ?Y_1, ?X_2, ?_BODY_2), Equal(?_BODY_1, <http://wikiba.se/ontology#directClaim>), Equal(?_BODY_2, <http://wikiba.se/ontology#directClaim>) >>>
22:53:24 [INFO] Loading source SimpleTable { arity: 2, data: [AnyDataValue(Iri(IriDataValue("http://wikiba.se/ontology#directClaim"))), AnyDataValue(Iri(IriDataValue("c_28"))), AnyDataValue(PlainString(StringDataValue("str_19"))), AnyDataValue(PlainString(StringDataValue("a"))), AnyDataValue(Iri(IriDataValue("c_37"))), AnyDataValue(UnsignedLong(UnsignedLongDataValue(766082924151763263)))] }
22:53:24 [INFO] Execution step: Body
22:53:24 [INFO] Trie does not contain any elements
22:53:24 [INFO] Execution step: Duplicate Elimination (Datalog)
22:53:24 [INFO] Trie does not contain any elements
22:53:24 [INFO] Rule duration: 0 ms
22:53:24 [INFO] <<< STEP 50: APPLYING RULE 44 R_42(?X_3, ?X_4, ?X_4, "a") :- R_36(?X_3, ?X_4_new_1, ?_BODY_1), R_36(?X_4, ?_BODY_2, ?_BODY_3), inv(?X_4, ?_BODY_4), Equal(?_BODY_1, ?X_4_new_1), Equal(?_BODY_2, "a"), Equal(?_BODY_3, "a"), Equal(?_BODY_4, ?X_4) >>>
22:53:24 [INFO] Loading source SimpleTable { arity: 4, data: [AnyDataValue(Iri(IriDataValue("c_7"))), AnyDataValue(PlainString(StringDataValue("str_2"))), AnyDataValue(Iri(IriDataValue("http://www.wikidata.org/prop/direct/P1696"))), AnyDataValue(PlainString(StringDataValue("z"))), AnyDataValue(PlainString(StringDataValue("str_20"))), AnyDataValue(PlainString(StringDataValue("str_19"))), AnyDataValue(Iri(IriDataValue("c_36"))), AnyDataValue(Iri(IriDataValue("c_7")))] }
22:53:24 [INFO] Execution step: Project/Reorder
22:53:24 [INFO] Saved temporary table: 1 entries (6904)
22:53:24 [INFO] Execution step: Body
22:53:24 [INFO] Trie does not contain any elements
22:53:24 [INFO] Execution step: Duplicate Elimination (Datalog)
22:53:24 [INFO] Trie does not contain any elements
22:53:24 [INFO] Rule duration: 0 ms
22:53:24 [INFO] <<< STEP 51: APPLYING RULE 29 R_6(?X_1) :- rightSmaller(?X_1), R_3(?_BODY_1, ?X_1), R_2(?X_1, ?_BODY_2), Equal(?_BODY_1, <http://wikiba.se/ontology#directClaim>), Equal(?_BODY_2, <http://www.wikidata.org/prop/direct/P1696>) >>>
22:53:24 [INFO] Loading source SimpleTable { arity: 1, data: [AnyDataValue(UnsignedLong(UnsignedLongDataValue(10577465134703093001)))] }
22:53:24 [INFO] Execution step: Project/Reorder
22:53:24 [INFO] Saved temporary table: 3 entries (7020)
22:53:24 [INFO] Execution step: Body
22:53:24 [INFO] Trie does not contain any elements
22:53:24 [INFO] Execution step: Duplicate Elimination (Datalog)
22:53:24 [INFO] Trie does not contain any elements
22:53:24 [INFO] Rule duration: 0 ms
22:53:24 [INFO] <<< STEP 52: APPLYING RULE 51 R_33(c_7, ?X_1, ?X_3) :- R_23(?_BODY_1, ?X_3, ?_BODY_2, ?X_1, ?_BODY_3, ?_BODY_4), R_23(?_BODY_5, ?X_3, ?_BODY_6, ?X_1, ?_BODY_7, ?_BODY_8), Equal(?_BODY_1, c_7), Equal(?_BODY_2, ?X_3), Equal(?_BODY_3, c_7), Equal(?_BODY_4, "str_7"), Equal(?_BODY_5, c_7), Equal(?_BODY_6, ?X_3), Equal(?_BODY_7, c_7), Equal(?_BODY_8, "str_7") >>>
22:53:24 [INFO] Execution step: Project/Reorder
22:53:24 [INFO] Trie does not contain any elements
22:53:24 [INFO] Execution step: Body
22:53:24 [INFO] Trie does not contain any elements
22:53:24 [INFO] Execution step: Duplicate Elimination (Datalog)
22:53:24 [INFO] Trie does not contain any elements
22:53:24 [INFO] Rule duration: 0 ms
22:53:24 [INFO] <<< STEP 53: APPLYING RULE 41 R_26(?X_4, ?X_5, ?X_3, ?X_2, 11324142006868341881) :- R_33(?X_4, ?X_2, ?X_3), R_33(?X_2, ?_BODY_1, ?X_5), R_33(?X_4, ?X_2, ?X_3), Equal(?_BODY_1, 11324142006868341881) >>>
22:53:24 [INFO] Loading source SimpleTable { arity: 5, data: [AnyDataValue(UnsignedLong(UnsignedLongDataValue(115377755701959547))), AnyDataValue(Iri(IriDataValue("c_13"))), AnyDataValue(Iri(IriDataValue("c_14"))), AnyDataValue(PlainString(StringDataValue("b"))), AnyDataValue(PlainString(StringDataValue("a")))] }
22:53:24 [INFO] Execution step: Project/Reorder
22:53:24 [INFO] Saved temporary table: 1 entries (10308)
22:53:24 [INFO] Execution step: Body
22:53:24 [INFO] Trie does not contain any elements
22:53:24 [INFO] Execution step: Duplicate Elimination (Datalog)
22:53:24 [INFO] Trie does not contain any elements
22:53:24 [INFO] Rule duration: 0 ms
22:53:24 [INFO] <<< STEP 54: APPLYING RULE 10 R_10(?X_5, ?X_2, ?X_3, ?X_5, ?X_4, "entityB") :- R_24(?Y_1, ?X_5, ?X_3, ?_BODY_1, ?X_4), R_24(?_BODY_2, ?Y_1, ?X_5, ?Y_2, ?X_2), Equal(?_BODY_1, ?X_5), Equal(?_BODY_2, "entityB") >>>
22:53:24 [INFO] Execution step: Body
22:53:24 [INFO] Trie does not contain any elements
22:53:24 [INFO] Execution step: Duplicate Elimination (Datalog)
22:53:24 [INFO] Trie does not contain any elements
22:53:24 [INFO] Rule duration: 0 ms
22:53:24 [INFO] <<< STEP 55: APPLYING RULE 31 R_39(?X_4, ?X_1, ?X_6, "entityA", ?X_1, ?X_5) :- R_17(?X_4, ?X_1, ?X_6, ?_BODY_1), R_17(?X_1, ?_BODY_2, ?_BODY_3, ?X_5), R_13(?X_1, ?_BODY_4, ?X_6, ?X_4, ?_BODY_5, ?_BODY_6), Equal(?_BODY_1, "entityA"), Equal(?_BODY_2, "a"), Equal(?_BODY_3, ?X_1), Equal(?_BODY_4, ?X_1), Equal(?_BODY_5, ?X_4), Equal(?_BODY_6, ?X_4) >>>
22:53:24 [INFO] Loading source SimpleTable { arity: 6, data: [AnyDataValue(Iri(IriDataValue("c_26"))), AnyDataValue(Iri(IriDataValue("c_27"))), AnyDataValue(Iri(IriDataValue("c_12"))), AnyDataValue(Iri(IriDataValue("http://wikiba.se/ontology#directClaim"))), AnyDataValue(Iri(IriDataValue("c_25"))), AnyDataValue(PlainString(StringDataValue("z")))] }
22:53:24 [INFO] Loading source SimpleTable { arity: 6, data: [AnyDataValue(PlainString(StringDataValue("z"))), AnyDataValue(PlainString(StringDataValue("entityB"))), AnyDataValue(PlainString(StringDataValue("b"))), AnyDataValue(Iri(IriDataValue("c_5"))), AnyDataValue(UnsignedLong(UnsignedLongDataValue(2454582159838587266))), AnyDataValue(Iri(IriDataValue("c_6"))), AnyDataValue(Iri(IriDataValue("c_8"))), AnyDataValue(PlainString(StringDataValue("a"))), AnyDataValue(PlainString(StringDataValue("b"))), AnyDataValue(PlainString(StringDataValue("str_3"))), AnyDataValue(PlainString(StringDataValue("b"))), AnyDataValue(Iri(IriDataValue("c_2"))), AnyDataValue(PlainString(StringDataValue("b"))), AnyDataValue(Iri(IriDataValue("http://wikiba.se/ontology#directClaim"))), AnyDataValue(UnsignedLong(UnsignedLongDataValue(10864718475081712881))), AnyDataValue(PlainString(StringDataValue("str_7"))), AnyDataValue(PlainString(StringDataValue("a"))), AnyDataValue(UnsignedLong(UnsignedLongDataValue(9143973500633626840)))] }
22:53:24 [INFO] Execution step: Body
22:53:24 [INFO] Trie does not contain any elements
22:53:24 [INFO] Execution step: Duplicate Elimination (Datalog)
22:53:24 [INFO] Trie does not contain any elements
22:53:24 [INFO] Rule duration: 0 ms
22:53:24 [INFO] <<< STEP 56: APPLYING RULE 36 R_16("z", ?X_3, ?X_2) :- R_39(?_BODY_1, ?X_3, ?X_2, ?_BODY_2, ?Y_1, ?_BODY_3), R_10(?X_3, ?Y_1, ?X_2, ?Z_1, ?_BODY_4, ?_BODY_5), R_37(?X_3, ?X_2, ?_BODY_6), Equal(?_BODY_1, "x"), Equal(?_BODY_2, "z"), Equal(?_BODY_3, ?X_2), Equal(?_BODY_4, "x"), Equal(?_BODY_5, ?X_2), Equal(?_BODY_6, ?X_2) >>>
22:53:24 [INFO] Execution step: Body
22:53:24 [INFO] Trie does not contain any elements
22:53:24 [INFO] Execution step: Duplicate Elimination (Datalog)
22:53:24 [INFO] Trie does not contain any elements
22:53:24 [INFO] Rule duration: 0 ms
22:53:24 [INFO] <<< STEP 57: APPLYING RULE 37 R_13(?X_5, ?X_4, ?X_1, ?X_2, <http://www.wikidata.org/prop/direct/P1696>, ?X_3) :- totalSubjCountPerPred(?X_5, ?X_4), totalSubjCountPerPred(?X_1, ?X_2), totalSubjCountPerPred(?_BODY_1, ?X_3), R_16(?Z_1, ?Z_3, ?X_2), R_26(?Z_5, ?Z_6, ?Z_1, ?X_3, ?Z_2), R_42(?X_1, ?Z_1, ?X_5, ?X_3), Equal(?_BODY_1, <http://www.wikidata.org/prop/direct/P1696>) >>>
22:53:24 [INFO] Execution step: Project/Reorder
22:53:24 [INFO] Saved temporary table: 2 entries (13920)
22:53:24 [INFO] Execution step: Body
22:53:24 [INFO] Trie does not contain any elements
22:53:24 [INFO] Execution step: Duplicate Elimination (Datalog)
22:53:24 [INFO] Trie does not contain any elements
22:53:24 [INFO] Rule duration: 0 ms
22:53:24 [INFO] <<< STEP 58: APPLYING RULE 38 R_9(?X_4, "entityA", ?X_3, ?X_3) :- R_24(?X_4, ?Y_1, ?X_3, ?_BODY_1, ?_BODY_2), R_6(?Z_3), R_25(?X_4, ?X_3, ?_BODY_3, ?Z_4, ?_BODY_4, ?Z_2), R_46(?_BODY_5, ?Z_2, ?Z_7, ?X_4), Equal(?_BODY_1, ?X_3), Equal(?_BODY_2, "entityA"), Equal(?_BODY_3, ?X_3), Equal(?_BODY_4, ?X_3), Equal(?_BODY_5, "x") >>>
22:53:24 [INFO] Loading source SimpleTable { arity: 4, data: [AnyDataValue(PlainString(StringDataValue("str_7"))), AnyDataValue(Iri(IriDataValue("c_17"))), AnyDataValue(PlainString(StringDataValue("a"))), AnyDataValue(PlainString(StringDataValue("x"))), AnyDataValue(UnsignedLong(UnsignedLongDataValue(12874507515036902841))), AnyDataValue(Iri(IriDataValue("c_16"))), AnyDataValue(Iri(IriDataValue("c_24"))), AnyDataValue(PlainString(StringDataValue("str_6"))), AnyDataValue(PlainString(StringDataValue("str_10"))), AnyDataValue(PlainString(StringDataValue("str_8"))), AnyDataValue(UnsignedLong(UnsignedLongDataValue(5092645663220958947))), AnyDataValue(Iri(IriDataValue("c_23")))] }
22:53:24 [INFO] Execution step: Body
22:53:24 [INFO] Trie does not contain any elements
22:53:24 [INFO] Execution step: Duplicate Elimination (Datalog)
22:53:24 [INFO] Trie does not contain any elements
22:53:24 [INFO] Rule duration: 0 ms
22:53:24 [INFO] <<< STEP 59: APPLYING RULE 39 R_24(?X_2, ?X_4, <http://www.wikidata.org/prop/direct/P1696>, ?X_3, ?X_1) :- R_OUT(?X_2, ?X_4, ?_BODY_1, ?X_3, ?X_1, ?_BODY_2), R_15(?X_3, ?Z_2, ?_BODY_3, ?X_4, ?_BODY_4, ?X_2), R_34(?X_4, ?X_3, ?Z_7, ?_BODY_5), R_43(?Z_2, ?Z_6, ?Z_5, ?X_3, ?Z_4, ?_BODY_6), R_47(?X_3, ?Z_2, ?_BODY_7, ?_BODY_8, ?X_4, ?_BODY_9), Equal(?_BODY_1, <http://www.wikidata.org/prop/direct/P1696>), Equal(?_BODY_2, ?X_3), Equal(?_BODY_3, ?X_3), Equal(?_BODY_4, ?X_3), Equal(?_BODY_5, ?X_3), Equal(?_BODY_6, "x"), Equal(?_BODY_7, ?X_3), Equal(?_BODY_8, ?X_3), Equal(?_BODY_9, ?X_4) >>>
22:53:24 [INFO] Loading source SimpleTable { arity: 4, data: [AnyDataValue(PlainString(StringDataValue("str_13"))), AnyDataValue(Iri(IriDataValue("http://wikiba.se/ontology#directClaim"))), AnyDataValue(Iri(IriDataValue("c_18"))), AnyDataValue(PlainString(StringDataValue("y"))), AnyDataValue(UnsignedLong(UnsignedLongDataValue(11324142006868341881))), AnyDataValue(PlainString(StringDataValue("str_16"))), AnyDataValue(Iri(IriDataValue("c_6"))), AnyDataValue(UnsignedLong(UnsignedLongDataValue(13733332431588857200)))] }
22:53:24 [INFO] Execution step: Body
22:53:24 [INFO] Trie does not contain any elements
22:53:24 [INFO] Execution step: Duplicate Elimination (Datalog)
22:53:24 [INFO] Trie does not contain any elements
22:53:24 [INFO] Rule duration: 0 ms
22:53:24 [INFO] <<< STEP 60: APPLYING RULE 40 R_46(?X_4, ?X_4, ?X_2, "entityB") :- R_10(?X_4, ?_BODY_1, ?X_2, ?_BODY_2, ?_BODY_3, ?_BODY_4), R_33(?_BODY_5, ?X_4, ?_BODY_6), Equal(?_BODY_1, ?X_4), Equal(?_BODY_2, ?X_2), Equal(?_BODY_3, "entityB"), Equal(?_BODY_4, "entityB"), Equal(?_BODY_5, "a"), Equal(?_BODY_6, ?X_4) >>>
22:53:24 [INFO] Execution step: Body
22:53:24 [INFO] Trie does not contain any elements
22:53:24 [INFO] Execution step: Duplicate Elimination (Datalog)
22:53:24 [INFO] Trie does not contain any elements
22:53:24 [INFO] Rule duration: 0 ms
22:53:24 [INFO] <<< STEP 61: APPLYING RULE 47 R_34(?X_1, <http://wikiba.se/ontology#directClaim>, ?X_4, ?X_3) :- pred(?X_1), pred(?_BODY_1), pred(?X_4), pred(?X_3), R_4(?X_4, ?Z_2, ?Z_1, ?_BODY_2), R_39(?X_4, ?X_1, ?Z_3, ?Z_4, ?_BODY_3, ?Z_1), R_36(?X_1, ?X_4, ?Z_3), Equal(?_BODY_1, <http://wikiba.se/ontology#directClaim>), Equal(?_BODY_2, <http://www.wikidata.org/prop/direct/P1696>), Equal(?_BODY_3, ?X_1) >>>
22:53:24 [INFO] Execution step: Project/Reorder
22:53:24 [INFO] Trie does not contain any elements
22:53:24 [INFO] Execution step: Body
22:53:24 [INFO] Trie does not contain any elements
22:53:24 [INFO] Execution step: Duplicate Elimination (Datalog)
22:53:24 [INFO] Trie does not contain any elements
22:53:24 [INFO] Rule duration: 0 ms
22:53:24 [INFO] <<< STEP 62: APPLYING RULE 50 R_OUT(?X_2, ?X_6, ?X_5, ?X_5, "x", ?X_3) :- R_39(?X_2, ?X_6, ?X_5, ?_BODY_1, ?_BODY_2, ?X_3), pred(?X_6), R_9(?_BODY_3, ?X_6, ?_BODY_4, ?Z_4), Equal(?_BODY_1, ?X_5), Equal(?_BODY_2, "x"), Equal(?_BODY_3, "entityA"), Equal(?_BODY_4, ?X_6) >>>
22:53:24 [INFO] Execution step: Body
22:53:24 [INFO] Trie does not contain any elements
22:53:24 [INFO] Execution step: Duplicate Elimination (Datalog)
22:53:24 [INFO] Trie does not contain any elements
22:53:24 [INFO] Rule duration: 0 ms
22:53:24 [INFO] ----------------------------------------------
22:53:24 [INFO]  Finished Nemo Execution - Transformed Program
22:53:24 [INFO] Output size: 0
22:53:24 [INFO] ----------------------------------------------
22:53:24 [INFO] 
22:53:24 [INFO] ----------------------------------------------
22:53:24 [INFO] ------------ Asserting Oracle CON ------------
22:53:24 [INFO] ----------------------------------------------
22:53:24 [INFO] All good, output has contracted
22:53:24 [INFO] old_dir "/home/leo_repp/masterthesis/nemo/nemo-metamorphic-testing/benchmark_500k_r"
