22:53:24 [INFO] ----------------------------------------------
22:53:24 [INFO] Beginning transformation mtf_CON_5500038
                Oracle:     CON          Number of T: 47
                Debug Mode: false          u64 Seed:    5500038
                Number of generating transformations: 49
                Internal Seed:          [44, 225, 47, 245, 252, 100, 162, 255, 96, 67, 28, 161, 169, 250, 67, 55, 184, 222, 236, 217, 110, 200, 195, 239, 157, 66, 8, 236, 20, 201, 217, 208]
                Seed File: Currently not supported!
22:53:24 [INFO] ----------------------------------------------
22:53:24 [INFO] -------------- Reading Seed File: ------------
22:53:24 [INFO] "/home/leo_repp/masterthesis/nemo/nemo-metamorphic-testing/examples/owl-el/from-owl-rdf/owl-rdf-complete-reasoning.rls"
22:53:24 [INFO] Renaming of rules complete
22:53:24 [INFO] --------- Finished Reading Seed file ---------
22:53:24 [INFO] ----------------------------------------------
22:53:24 [INFO] 
22:53:24 [INFO] ----------------------------------------------
22:53:24 [INFO] -------- Beginning Program Generation --------
22:53:24 [INFO] ----------------------------------------------
22:53:24 [INFO] 
22:53:24 [INFO] Removing old export statements
22:53:24 [INFO] Beginning inverse_stratum and ancestry computation starting at node R_OUT
22:53:24 [INFO] Ancestry and Inverse Stratum computation complete.
22:53:24 [INFO] Constructed lite ADG
22:53:24 [INFO] Generating Program...
22:53:24 [INFO] 
22:53:24 [INFO] 1 / 48
22:53:24 [INFO]   I Add Relational Node
22:53:24 [INFO]   Added new relation R_1
22:53:24 [INFO] 2 / 48
22:53:24 [INFO]   I Add Relational Node
22:53:24 [INFO]   Added new relation R_2
22:53:24 [INFO] 3 / 48
22:53:24 [INFO]   I Add Relational Node
22:53:24 [INFO]   Added new relation R_3
22:53:24 [INFO] 4 / 48
22:53:24 [INFO]   I Add Relational Node
22:53:24 [INFO]   Added new relation R_4
22:53:24 [INFO] 5 / 48
22:53:24 [INFO]   I Add Relational Node
22:53:24 [INFO]   Added new relation R_5
22:53:24 [INFO] 6 / 48
22:53:24 [INFO]   I Add Relational Node
22:53:24 [INFO]   Added new relation R_6
22:53:24 [INFO] 7 / 48
22:53:24 [INFO]   I Add Relational Node
22:53:24 [INFO]   Added new relation R_7
22:53:24 [INFO] 8 / 48
22:53:24 [INFO]   I Add Relational Node
22:53:24 [INFO]   Added new relation R_8
22:53:24 [INFO] 9 / 48
22:53:24 [INFO]   I Add Relational Node
22:53:24 [INFO]   Added new relation R_9
22:53:24 [INFO] 10 / 48
22:53:24 [INFO]   I Add Relational Node
22:53:24 [INFO]   Added new relation R_10
22:53:24 [INFO] 11 / 48
22:53:24 [INFO]   I Add Relational Node
22:53:24 [INFO]   Added new relation R_11
22:53:24 [INFO] 12 / 48
22:53:24 [INFO]   I Add Relational Node
22:53:24 [INFO]   Added new relation R_12
22:53:24 [INFO] 13 / 48
22:53:24 [INFO]   I Add Relational Node
22:53:24 [INFO]   Added new relation R_13
22:53:24 [INFO] 14 / 48
22:53:24 [INFO]   I Add Relational Node
22:53:24 [INFO]   Added new relation R_14
22:53:24 [INFO] 15 / 48
22:53:24 [INFO]   I Add Relational Node
22:53:24 [INFO]   Added new relation R_15
22:53:24 [INFO] 16 / 48
22:53:24 [INFO]   I Add Relational Node
22:53:24 [INFO]   Added new relation R_16
22:53:24 [INFO] 17 / 48
22:53:24 [INFO]   I Add Relational Node
22:53:24 [INFO]   Added new relation R_17
22:53:24 [INFO] 18 / 48
22:53:24 [INFO]   I Add Relational Node
22:53:24 [INFO]   Added new relation R_18
22:53:24 [INFO] 19 / 48
22:53:24 [INFO]   I Add Relational Node
22:53:24 [INFO]   Added new relation R_19
22:53:24 [INFO] 20 / 48
22:53:24 [INFO]   I Add Relational Node
22:53:24 [INFO]   Added new relation R_20
22:53:24 [INFO] 21 / 48
22:53:24 [INFO]   I Add Relational Node
22:53:24 [INFO]   Added new relation R_21
22:53:24 [INFO] 22 / 48
22:53:24 [INFO]   I Add Relational Node
22:53:24 [INFO]   Added new relation R_22
22:53:24 [INFO] 23 / 48
22:53:24 [INFO]   I Add Relational Node
22:53:24 [INFO]   Added new relation R_23
22:53:24 [INFO] 24 / 48
22:53:24 [INFO]   I Add Relational Node
22:53:24 [INFO]   Added new relation R_24
22:53:24 [INFO] 25 / 48
22:53:24 [INFO]   I Add Relational Node
22:53:24 [INFO]   Added new relation R_25
22:53:24 [INFO] 26 / 48
22:53:24 [INFO]   I Add Relational Node
22:53:24 [INFO]   Added new relation R_26
22:53:24 [INFO] 27 / 48
22:53:24 [INFO]   I Add Relational Node
22:53:24 [INFO]   Added new relation R_27
22:53:24 [INFO] 28 / 48
22:53:24 [INFO]   I Add Relational Node
22:53:24 [INFO]   Added new relation R_28
22:53:24 [INFO] 29 / 48
22:53:24 [INFO]   I Add Relational Node
22:53:24 [INFO]   Added new relation R_29
22:53:24 [INFO] 30 / 48
22:53:24 [INFO]   I Add Relational Node
22:53:24 [INFO]   Added new relation R_30
22:53:24 [INFO] 31 / 48
22:53:24 [INFO]   I Add Relational Node
22:53:24 [INFO]   Added new relation R_31
22:53:24 [INFO] 32 / 48
22:53:24 [INFO]   I Add Relational Node
22:53:24 [INFO]   Added new relation R_32
22:53:24 [INFO] 33 / 48
22:53:24 [INFO]   I Add Relational Node
22:53:24 [INFO]   Added new relation R_33
22:53:24 [INFO] 34 / 48
22:53:24 [INFO]   I Add Relational Node
22:53:24 [INFO]   Added new relation R_34
22:53:24 [INFO] 35 / 48
22:53:24 [INFO]   I Add Relational Node
22:53:24 [INFO]   Added new relation R_35
22:53:24 [INFO] 36 / 48
22:53:24 [INFO]   I Add Relational Node
22:53:24 [INFO]   Added new relation R_36
22:53:24 [INFO] 37 / 48
22:53:24 [INFO]   I Add Relational Node
22:53:24 [INFO]   Added new relation R_37
22:53:24 [INFO] 38 / 48
22:53:24 [INFO]   I Add Relational Node
22:53:24 [INFO]   Added new relation R_38
22:53:24 [INFO] 39 / 48
22:53:24 [INFO]   I Add Relational Node
22:53:24 [INFO]   Added new relation R_39
22:53:24 [INFO] 40 / 48
22:53:24 [INFO]   I Add Relational Node
22:53:24 [INFO]   Added new relation R_40
22:53:24 [INFO] 41 / 48
22:53:24 [INFO]   I Add Relational Node
22:53:24 [INFO]   Added new relation R_41
22:53:24 [INFO] 42 / 48
22:53:24 [INFO]   I Add Relational Node
22:53:24 [INFO]   Added new relation R_42
22:53:24 [INFO] 43 / 48
22:53:24 [INFO]   I Add Relational Node
22:53:24 [INFO]   Added new relation R_43
22:53:24 [INFO] 44 / 48
22:53:24 [INFO]   I Add Relational Node
22:53:24 [INFO]   Added new relation R_44
22:53:24 [INFO] 45 / 48
22:53:24 [INFO]   I Add Relational Node
22:53:24 [INFO]   Added new relation R_45
22:53:24 [INFO] 46 / 48
22:53:24 [INFO]   I Add Relational Node
22:53:24 [INFO]   Added new relation R_46
22:53:24 [INFO] 47 / 48
22:53:24 [INFO]   I Add Relational Node
22:53:24 [INFO]   Added new relation R_47
22:53:24 [INFO] 48 / 48
22:53:24 [INFO]   I Add Relational Node
22:53:24 [INFO]   Added new relation R_48
22:53:24 [INFO] 
22:53:24 [INFO] Adding a new rule for each relation other than the seed relations
22:53:24 [INFO] 
22:53:24 [INFO] 1 / 49
22:53:24 [INFO]   Generating new single body literal rule for R_OUT
22:53:24 [INFO]   Assigned relation R_OUT the artiy 2
22:53:24 [INFO]   Assigned relation R_12 the artiy 2
22:53:24 [INFO]   Added new rule of name r_GEN_1
22:53:24 [INFO]   R_OUT(?X_2, ?X_1) :- R_12(?X_2, ?X_1) .
22:53:24 [INFO] 2 / 49
22:53:24 [INFO]   Generating new single body literal rule for R_1
22:53:24 [INFO]   Assigned relation R_1 the artiy 6
22:53:24 [INFO]   Assigned relation R_8 the artiy 6
22:53:24 [INFO]   Added new rule of name r_GEN_2
22:53:24 [INFO]   R_1(?X_1, ?X_2, ?X_4, ?X_5, <http://www.w3.org/2000/01/rdf-schema#subClassOf>, ?X_6) :- R_8(?X_1, ?X_2, ?X_4, ?X_5, <http://www.w3.org/2000/01/rdf-schema#subClassOf>, ?X_6) .
22:53:24 [INFO] 3 / 49
22:53:24 [INFO]   Generating new single body literal rule for R_2
22:53:24 [INFO]   Assigned relation R_2 the artiy 4
22:53:24 [INFO]   Assigned relation R_30 the artiy 6
22:53:24 [INFO]   Added new rule of name r_GEN_3
22:53:24 [INFO]   R_2(?X_4, ?X_2, ?X_2, ?X_1) :- R_30(?X_1, ?X_2, ?X_2, ?X_1, ?X_1, ?X_4) .
22:53:24 [INFO] 4 / 49
22:53:24 [INFO]   Generating new single body literal rule for R_3
22:53:24 [INFO]   Assigned relation R_3 the artiy 3
22:53:24 [INFO]   Assigned relation R_44 the artiy 4
22:53:24 [INFO]   Added new rule of name r_GEN_4
22:53:24 [INFO]   R_3(?X_3, ?X_1, ?X_2) :- R_44(<http://www.w3.org/1999/02/22-rdf-syntax-ns#rest>, ?X_1, ?X_2, ?X_3) .
22:53:24 [INFO] 5 / 49
22:53:24 [INFO]   Generating new single body literal rule for R_4
22:53:24 [INFO]   Assigned relation R_4 the artiy 4
22:53:24 [INFO]   Assigned relation R_48 the artiy 6
22:53:24 [INFO]   Added new rule of name r_GEN_5
22:53:24 [INFO]   R_4(<http://www.w3.org/2002/07/owl#equivalentClass>, ?X_2, ?X_1, ?X_2) :- R_48(<http://www.w3.org/2002/07/owl#equivalentClass>, ?X_2, <http://www.w3.org/2002/07/owl#equivalentClass>, ?X_2, ?X_1, ?X_2) .
22:53:24 [INFO] 6 / 49
22:53:24 [INFO]   Generating new single body literal rule for R_5
22:53:24 [INFO]   Assigned relation R_5 the artiy 2
22:53:24 [INFO]   Added new rule of name r_GEN_6
22:53:24 [INFO]   R_5(<http://www.w3.org/2002/07/owl#someValuesFrom>, ?X_1) :- R_44(<http://www.w3.org/2002/07/owl#someValuesFrom>, ?X_1, ?X_1, <http://www.w3.org/2002/07/owl#someValuesFrom>) .
22:53:24 [INFO] 7 / 49
22:53:24 [INFO]   Generating new single body literal rule for R_6
22:53:24 [INFO]   Assigned relation R_6 the artiy 6
22:53:24 [INFO]   Added new rule of name r_GEN_7
22:53:24 [INFO]   R_6(?X_2, ?X_1, ?X_5, ?X_2, ?X_3, <http://www.w3.org/2002/07/owl#propertyChain>) :- directSubProp(?X_2, ?X_1), directSubProp(?X_5, ?X_2), directSubProp(?X_3, <http://www.w3.org/2002/07/owl#propertyChain>) .
22:53:24 [INFO] 8 / 49
22:53:24 [INFO]   Generating new single body literal rule for R_7
22:53:24 [INFO]   Assigned relation R_7 the artiy 2
22:53:24 [INFO]   Assigned relation R_15 the artiy 4
22:53:24 [INFO]   Added new rule of name r_GEN_8
22:53:24 [INFO]   R_7(?X_1, ?X_2) :- R_15(?X_1, ?X_2, ?X_1, ?X_1) .
22:53:24 [INFO] 9 / 49
22:53:24 [INFO]   Generating new single body literal rule for R_8
22:53:24 [INFO]   Added new rule of name r_GEN_9
22:53:24 [INFO]   R_8(?X_3, ?X_1, ?X_5, ?X_3, <http://www.w3.org/2002/07/owl#intersectionOf>, ?X_6) :- http://rulewerk.semantic-web.org/inferred/init(?X_3), http://rulewerk.semantic-web.org/inferred/init(?X_1), http://rulewerk.semantic-web.org/inferred/init(?X_5), http://rulewerk.semantic-web.org/inferred/init(?X_3), http://rulewerk.semantic-web.org/inferred/init(<http://www.w3.org/2002/07/owl#intersectionOf>), http://rulewerk.semantic-web.org/inferred/init(?X_6) .
22:53:24 [INFO] 10 / 49
22:53:24 [INFO]   Generating new single body literal rule for R_9
22:53:24 [INFO]   Assigned relation R_9 the artiy 6
22:53:24 [INFO]   Added new rule of name r_GEN_10
22:53:24 [INFO]   R_9(?X_1, ?X_3, ?X_2, ?X_6, <http://www.w3.org/2002/07/owl#someValuesFrom>, ?X_5) :- R_8(?X_1, ?X_3, ?X_2, ?X_6, <http://www.w3.org/2002/07/owl#someValuesFrom>, ?X_5) .
22:53:24 [INFO] 11 / 49
22:53:24 [INFO]   Generating new single body literal rule for R_10
22:53:24 [INFO]   Assigned relation R_10 the artiy 1
22:53:24 [INFO]   Assigned relation R_41 the artiy 6
22:53:24 [INFO]   Added new rule of name r_GEN_11
22:53:24 [INFO]   R_10(?X_1) :- R_41(?X_1, <http://www.w3.org/2002/07/owl#intersectionOf>, ?X_1, ?Y_1, ?Y_1, ?X_1) .
22:53:24 [INFO] 12 / 49
22:53:24 [INFO]   Generating new single body literal rule for R_11
22:53:24 [INFO]   Assigned relation R_11 the artiy 3
22:53:24 [INFO]   Added new rule of name r_GEN_12
22:53:24 [INFO]   R_11(?X_1, ?X_2, ?X_3) :- http://rulewerk.semantic-web.org/normalForm/isMainClass(?X_1), http://rulewerk.semantic-web.org/normalForm/isMainClass(?X_2), http://rulewerk.semantic-web.org/normalForm/isMainClass(?X_3) .
22:53:24 [INFO] 13 / 49
22:53:24 [INFO]   Generating new single body literal rule for R_12
22:53:24 [INFO]   Added new rule of name r_GEN_13
22:53:24 [INFO]   R_12(?X_1, <http://www.w3.org/2002/07/owl#disjointWith>) :- repOf(?X_1, <http://www.w3.org/2002/07/owl#disjointWith>) .
22:53:24 [INFO] 14 / 49
22:53:24 [INFO]   Generating new single body literal rule for R_13
22:53:24 [INFO]   Assigned relation R_13 the artiy 6
22:53:24 [INFO]   Added new rule of name r_GEN_14
22:53:24 [INFO]   R_13(<http://www.w3.org/2000/01/rdf-schema#subPropertyOf>, ?X_1, ?X_6, ?X_4, ?X_3, ?X_2) :- R_2(?X_3, ?X_1, ?X_6, ?X_3), R_2(?X_3, ?X_2, ?X_4, <http://www.w3.org/2000/01/rdf-schema#subPropertyOf>) .
22:53:24 [INFO] 15 / 49
22:53:24 [INFO]   Generating new single body literal rule for R_14
22:53:24 [INFO]   Assigned relation R_14 the artiy 1
22:53:24 [INFO]   Assigned relation R_35 the artiy 6
22:53:24 [INFO]   Added new rule of name r_GEN_15
22:53:24 [INFO]   R_14(<http://www.w3.org/1999/02/22-rdf-syntax-ns#first>) :- R_35(<http://www.w3.org/1999/02/22-rdf-syntax-ns#first>, ?Y_1, ?Y_1, <http://www.w3.org/2002/07/owl#propertyChain>, <http://www.w3.org/1999/02/22-rdf-syntax-ns#first>, <http://www.w3.org/1999/02/22-rdf-syntax-ns#first>) .
22:53:24 [INFO] 16 / 49
22:53:24 [INFO]   Generating new single body literal rule for R_15
22:53:24 [INFO]   Added new rule of name r_GEN_16
22:53:24 [INFO]   R_15(<http://www.w3.org/2000/01/rdf-schema#subClassOf>, ?X_2, ?X_2, ?X_4) :- R_2(<http://www.w3.org/2000/01/rdf-schema#subClassOf>, ?X_2, ?X_2, ?X_4) .
22:53:24 [INFO] 17 / 49
22:53:24 [INFO]   Generating new single body literal rule for R_16
22:53:24 [INFO]   Assigned relation R_16 the artiy 3
22:53:24 [INFO]   Assigned relation R_37 the artiy 6
22:53:24 [INFO]   Added new rule of name r_GEN_17
22:53:24 [INFO]   R_16(<http://www.w3.org/2002/07/owl#intersectionOf>, ?X_3, ?X_1) :- R_37(?X_1, <http://www.w3.org/2002/07/owl#intersectionOf>, ?X_1, ?X_3, ?X_3, <http://www.w3.org/2002/07/owl#intersectionOf>) .
22:53:24 [INFO] 18 / 49
22:53:24 [INFO]   Generating new single body literal rule for R_17
22:53:24 [INFO]   Assigned relation R_17 the artiy 2
22:53:24 [INFO]   Added new rule of name r_GEN_18
22:53:24 [INFO]   R_17(?X_1, ?X_1) :- R_5(?X_1, ?X_1) .
22:53:24 [INFO] 19 / 49
22:53:24 [INFO]   Generating new single body literal rule for R_18
22:53:24 [INFO]   Assigned relation R_18 the artiy 5
22:53:24 [INFO]   Added new rule of name r_GEN_19
22:53:24 [INFO]   R_18(?X_5, ?X_2, <http://www.w3.org/2002/07/owl#someValuesFrom>, ?X_3, ?X_3) :- http://rulewerk.semantic-web.org/normalForm/conj(?X_5, ?X_2, ?X_3), http://rulewerk.semantic-web.org/normalForm/conj(?X_3, ?X_3, <http://www.w3.org/2002/07/owl#someValuesFrom>) .
22:53:24 [INFO] 20 / 49
22:53:24 [INFO]   Generating new single body literal rule for R_19
22:53:24 [INFO]   Assigned relation R_19 the artiy 1
22:53:24 [INFO]   Assigned relation R_45 the artiy 3
22:53:24 [INFO]   Added new rule of name r_GEN_20
22:53:24 [INFO]   R_19(?X_1) :- R_45(?X_1, ?X_1, ?X_1) .
22:53:24 [INFO] 21 / 49
22:53:24 [INFO]   Generating new single body literal rule for R_20
22:53:24 [INFO]   Assigned relation R_20 the artiy 5
22:53:24 [INFO]   Assigned relation R_28 the artiy 5
22:53:24 [INFO]   Added new rule of name r_GEN_21
22:53:24 [INFO]   R_20(<http://www.w3.org/2002/07/owl#intersectionOf>, ?X_1, ?X_5, ?X_3, ?X_4) :- R_28(<http://www.w3.org/2002/07/owl#intersectionOf>, ?X_1, ?X_5, ?X_3, ?X_4) .
22:53:24 [INFO] 22 / 49
22:53:24 [INFO]   Generating new single body literal rule for R_21
22:53:24 [INFO]   Assigned relation R_21 the artiy 1
22:53:24 [INFO]   Added new rule of name r_GEN_22
22:53:24 [INFO]   R_21(?X_1) :- R_12(?X_1, <http://www.w3.org/2002/07/owl#intersectionOf>) .
22:53:24 [INFO] 23 / 49
22:53:24 [INFO]   Generating new single body literal rule for R_22
22:53:24 [INFO]   Assigned relation R_22 the artiy 2
22:53:24 [INFO]   Assigned relation R_25 the artiy 4
22:53:24 [INFO]   Added new rule of name r_GEN_23
22:53:24 [INFO]   R_22(?X_2, ?X_1) :- R_25(?X_2, ?Y_1, <http://www.w3.org/2002/07/owl#intersectionOf>, ?X_1) .
22:53:24 [INFO] 24 / 49
22:53:24 [INFO]   Generating new single body literal rule for R_23
22:53:24 [INFO]   Assigned relation R_23 the artiy 6
22:53:24 [INFO]   Added new rule of name r_GEN_24
22:53:24 [INFO]   R_23(?X_1, ?X_2, ?X_4, ?X_6, ?X_5, ?X_3) :- R_5(?X_1, ?X_2), R_5(?X_4, ?X_6), R_5(?X_5, ?X_3) .
22:53:24 [INFO] 25 / 49
22:53:24 [INFO]   Generating new single body literal rule for R_24
22:53:24 [INFO]   Assigned relation R_24 the artiy 1
22:53:24 [INFO]   Added new rule of name r_GEN_25
22:53:24 [INFO]   R_24(?X_1) :- next(?X_1, ?Y_1) .
22:53:24 [INFO] 26 / 49
22:53:24 [INFO]   Generating new single body literal rule for R_25
22:53:24 [INFO]   Added new rule of name r_GEN_26
22:53:24 [INFO]   R_25(?X_4, <http://www.w3.org/1999/02/22-rdf-syntax-ns#first>, ?X_2, ?X_1) :- TRIPLE(?X_4, <http://www.w3.org/1999/02/22-rdf-syntax-ns#first>, ?X_2), TRIPLE(?X_1, ?X_4, ?Y_1) .
22:53:24 [INFO] 27 / 49
22:53:24 [INFO]   Generating new single body literal rule for R_26
22:53:24 [INFO]   Assigned relation R_26 the artiy 2
22:53:24 [INFO]   Added new rule of name r_GEN_27
22:53:24 [INFO]   R_26(?X_1, <http://www.w3.org/2002/07/owl#equivalentClass>) :- http://rulewerk.semantic-web.org/inferred/subClassOf(?X_1, <http://www.w3.org/2002/07/owl#equivalentClass>) .
22:53:24 [INFO] 28 / 49
22:53:24 [INFO]   Generating new single body literal rule for R_27
22:53:24 [INFO]   Assigned relation R_27 the artiy 6
22:53:24 [INFO]   Added new rule of name r_GEN_28
22:53:24 [INFO]   R_27(?X_1, ?X_3, ?X_2, ?X_5, <http://www.w3.org/2000/01/rdf-schema#subClassOf>, ?X_1) :- R_23(?X_1, ?X_3, ?X_2, ?X_5, <http://www.w3.org/2000/01/rdf-schema#subClassOf>, ?X_1) .
22:53:24 [INFO] 29 / 49
22:53:24 [INFO]   Generating new single body literal rule for R_28
22:53:24 [INFO]   Added new rule of name r_GEN_29
22:53:24 [INFO]   R_28(<http://www.w3.org/1999/02/22-rdf-syntax-ns#first>, ?X_4, ?X_3, ?X_1, ?X_2) :- R_28(<http://www.w3.org/1999/02/22-rdf-syntax-ns#first>, ?X_4, ?X_3, ?X_1, ?X_2) .
22:53:24 [INFO] 30 / 49
22:53:24 [INFO]   Generating new single body literal rule for R_29
22:53:24 [INFO]   Assigned relation R_29 the artiy 4
22:53:24 [INFO]   Assigned relation R_40 the artiy 5
22:53:24 [INFO]   Added new rule of name r_GEN_30
22:53:24 [INFO]   R_29(?X_1, ?X_1, <http://www.w3.org/1999/02/22-rdf-syntax-ns#rest>, ?X_2) :- R_40(?X_1, ?X_1, ?X_1, ?X_2, <http://www.w3.org/1999/02/22-rdf-syntax-ns#rest>) .
22:53:24 [INFO] 31 / 49
22:53:24 [INFO]   Generating new single body literal rule for R_30
22:53:24 [INFO]   Assigned relation R_38 the artiy 6
22:53:24 [INFO]   Added new rule of name r_GEN_31
22:53:24 [INFO]   R_30("<http://www.w3.org/2002/07/owl#Nothing>", ?X_2, ?X_6, ?X_6, ?X_5, ?X_3) :- R_38("<http://www.w3.org/2002/07/owl#Nothing>", ?X_2, ?X_6, ?X_6, ?X_5, ?X_3) .
22:53:24 [INFO] 32 / 49
22:53:24 [INFO]   Generating new single body literal rule for R_31
22:53:24 [INFO]   Assigned relation R_31 the artiy 1
22:53:24 [INFO]   Added new rule of name r_GEN_32
22:53:24 [INFO]   R_31(<http://www.w3.org/2002/07/owl#someValuesFrom>) :- R_OUT(<http://www.w3.org/2002/07/owl#equivalentClass>, <http://www.w3.org/2002/07/owl#someValuesFrom>) .
22:53:24 [INFO] 33 / 49
22:53:24 [INFO]   Generating new single body literal rule for R_32
22:53:24 [INFO]   Assigned relation R_32 the artiy 1
22:53:24 [INFO]   Added new rule of name r_GEN_33
22:53:24 [INFO]   R_32(<http://www.w3.org/2002/07/owl#equivalentClass>) :- R_1(<http://www.w3.org/2002/07/owl#equivalentClass>, <http://www.w3.org/2002/07/owl#propertyChain>, <http://www.w3.org/2002/07/owl#equivalentClass>, <http://www.w3.org/2002/07/owl#equivalentClass>, ?Y_1, ?Y_1) .
22:53:24 [INFO] 34 / 49
22:53:24 [INFO]   Generating new single body literal rule for R_33
22:53:24 [INFO]   Assigned relation R_33 the artiy 3
22:53:24 [INFO]   Added new rule of name r_GEN_34
22:53:24 [INFO]   R_33(?X_2, <http://www.w3.org/2002/07/owl#intersectionOf>, ?X_1) :- http://rulewerk.semantic-web.org/normalForm/subProp(?X_2, ?X_1), http://rulewerk.semantic-web.org/normalForm/subProp(?X_1, <http://www.w3.org/2002/07/owl#intersectionOf>) .
22:53:24 [INFO] 35 / 49
22:53:24 [INFO]   Generating new single body literal rule for R_34
22:53:24 [INFO]   Assigned relation R_34 the artiy 3
22:53:24 [INFO]   Added new rule of name r_GEN_35
22:53:24 [INFO]   R_34(?X_3, "<http://www.w3.org/2002/07/owl#Nothing>", ?X_3) :- R_44(?X_3, "<http://www.w3.org/2002/07/owl#Nothing>", ?X_3, ?X_3) .
22:53:24 [INFO] 36 / 49
22:53:24 [INFO]   Generating new single body literal rule for R_35
22:53:24 [INFO]   Added new rule of name r_GEN_36
22:53:24 [INFO]   R_35(?X_4, ?X_2, ?X_4, ?X_1, ?X_6, <http://www.w3.org/2002/07/owl#someValuesFrom>) :- http://rulewerk.semantic-web.org/normalForm/subClassOf(?X_4, ?X_2), http://rulewerk.semantic-web.org/normalForm/subClassOf(?X_4, ?X_1), http://rulewerk.semantic-web.org/normalForm/subClassOf(?X_6, <http://www.w3.org/2002/07/owl#someValuesFrom>) .
22:53:24 [INFO] 37 / 49
22:53:24 [INFO]   Generating new single body literal rule for R_36
22:53:24 [INFO]   Assigned relation R_36 the artiy 6
22:53:24 [INFO]   Assigned relation R_43 the artiy 6
22:53:24 [INFO]   Added new rule of name r_GEN_37
22:53:24 [INFO]   R_36(?X_6, <http://www.w3.org/1999/02/22-rdf-syntax-ns#nil>, ?X_1, ?X_2, ?X_2, ?X_3) :- R_43(?X_6, <http://www.w3.org/1999/02/22-rdf-syntax-ns#nil>, ?X_1, ?X_2, ?X_2, ?X_3) .
22:53:24 [INFO] 38 / 49
22:53:24 [INFO]   Generating new single body literal rule for R_37
22:53:24 [INFO]   Added new rule of name r_GEN_38
22:53:24 [INFO]   R_37(?X_6, ?X_5, ?X_1, <http://www.w3.org/2002/07/owl#propertyChain>, ?X_1, ?X_4) :- http://rulewerk.semantic-web.org/normalForm/isSubClass(?X_6), http://rulewerk.semantic-web.org/normalForm/isSubClass(?X_5), http://rulewerk.semantic-web.org/normalForm/isSubClass(?X_1), http://rulewerk.semantic-web.org/normalForm/isSubClass(<http://www.w3.org/2002/07/owl#propertyChain>), http://rulewerk.semantic-web.org/normalForm/isSubClass(?X_1), http://rulewerk.semantic-web.org/normalForm/isSubClass(?X_4) .
22:53:24 [INFO] 39 / 49
22:53:24 [INFO]   Generating new single body literal rule for R_38
22:53:24 [INFO]   Added new rule of name r_GEN_39
22:53:24 [INFO]   R_38(<http://www.w3.org/2002/07/owl#equivalentClass>, ?X_4, ?X_6, ?X_2, ?X_2, ?X_3) :- mainSubClassOf(<http://www.w3.org/2002/07/owl#equivalentClass>, ?X_4), mainSubClassOf(?X_6, ?X_2), mainSubClassOf(?X_2, ?X_3) .
22:53:24 [INFO] 40 / 49
22:53:24 [INFO]   Generating new single body literal rule for R_39
22:53:24 [INFO]   Assigned relation R_39 the artiy 6
22:53:24 [INFO]   Added new rule of name r_GEN_40
22:53:24 [INFO]   R_39(?X_6, ?X_1, "<http://www.w3.org/2002/07/owl#Nothing>", ?X_2, ?X_6, ?X_5) :- synConj(?X_6, ?X_1, "<http://www.w3.org/2002/07/owl#Nothing>"), synConj(?X_2, ?X_6, ?X_5) .
22:53:24 [INFO] 41 / 49
22:53:24 [INFO]   Generating new single body literal rule for R_40
22:53:24 [INFO]   Added new rule of name r_GEN_41
22:53:24 [INFO]   R_40(?X_5, ?X_3, ?X_1, ?X_2, ?X_4) :- R_5(?X_5, ?X_3), R_5(?X_1, ?X_1), R_5(?X_4, ?X_2) .
22:53:24 [INFO] 42 / 49
22:53:24 [INFO]   Generating new single body literal rule for R_41
22:53:24 [INFO]   Added new rule of name r_GEN_42
22:53:24 [INFO]   R_41(?X_3, ?X_2, ?X_1, ?X_1, <http://www.w3.org/2000/01/rdf-schema#subPropertyOf>, ?X_5) :- R_29(?X_3, ?X_2, ?X_1, ?X_1), R_29(<http://www.w3.org/2000/01/rdf-schema#subPropertyOf>, ?X_5, ?X_1, ?X_1) .
22:53:24 [INFO] 43 / 49
22:53:24 [INFO]   Generating new single body literal rule for R_42
22:53:24 [INFO]   Assigned relation R_42 the artiy 3
22:53:24 [INFO]   Added new rule of name r_GEN_43
22:53:24 [INFO]   R_42(?X_3, <http://www.w3.org/1999/02/22-rdf-syntax-ns#first>, ?X_2) :- R_15(?X_3, <http://www.w3.org/1999/02/22-rdf-syntax-ns#first>, ?X_2, <http://www.w3.org/1999/02/22-rdf-syntax-ns#first>) .
22:53:24 [INFO] 44 / 49
22:53:24 [INFO]   Generating new single body literal rule for R_43
22:53:24 [INFO]   Added new rule of name r_GEN_44
22:53:24 [INFO]   R_43(?X_2, ?X_5, <http://www.w3.org/1999/02/22-rdf-syntax-ns#rest>, ?X_1, ?X_4, ?X_2) :- R_48(?X_2, ?X_5, <http://www.w3.org/1999/02/22-rdf-syntax-ns#rest>, ?X_1, ?X_4, ?X_2) .
22:53:24 [INFO] 45 / 49
22:53:24 [INFO]   Generating new single body literal rule for R_44
22:53:24 [INFO]   Added new rule of name r_GEN_45
22:53:24 [INFO]   R_44(?X_2, ?X_4, ?X_1, <http://www.w3.org/2002/07/owl#intersectionOf>) :- R_33(?X_2, ?X_4, ?X_2), R_33(?X_2, ?X_1, <http://www.w3.org/2002/07/owl#intersectionOf>) .
22:53:24 [INFO] 46 / 49
22:53:24 [INFO]   Generating new single body literal rule for R_45
22:53:24 [INFO]   Added new rule of name r_GEN_46
22:53:24 [INFO]   R_45(?X_1, ?X_3, ?X_1) :- R_45(?X_1, ?X_3, ?X_1) .
22:53:24 [INFO] 47 / 49
22:53:24 [INFO]   Generating new single body literal rule for R_46
22:53:24 [INFO]   Assigned relation R_46 the artiy 4
22:53:24 [INFO]   Added new rule of name r_GEN_47
22:53:24 [INFO]   R_46(?X_1, ?X_2, <http://www.w3.org/2002/07/owl#disjointWith>, ?X_3) :- R_48(?X_1, ?X_2, <http://www.w3.org/2002/07/owl#disjointWith>, ?X_3, <http://www.w3.org/2002/07/owl#someValuesFrom>, ?X_1) .
22:53:24 [INFO] 48 / 49
22:53:24 [INFO]   Generating new single body literal rule for R_47
22:53:24 [INFO]   Assigned relation R_47 the artiy 1
22:53:24 [INFO]   Added new rule of name r_GEN_48
22:53:24 [INFO]   R_47(?X_1) :- R_43(<http://www.w3.org/2002/07/owl#someValuesFrom>, ?Y_1, ?X_1, <http://www.w3.org/2002/07/owl#someValuesFrom>, <http://www.w3.org/2002/07/owl#someValuesFrom>, <http://www.w3.org/2002/07/owl#someValuesFrom>) .
22:53:24 [INFO] 49 / 49
22:53:24 [INFO]   Generating new single body literal rule for R_48
22:53:24 [INFO]   Added new rule of name r_GEN_49
22:53:24 [INFO]   R_48(?X_3, ?X_3, <http://www.w3.org/2002/07/owl#equivalentClass>, ?X_6, ?X_5, ?X_4) :- http://rulewerk.semantic-web.org/normalForm/isSubClass(?X_3), http://rulewerk.semantic-web.org/normalForm/isSubClass(?X_3), http://rulewerk.semantic-web.org/normalForm/isSubClass(<http://www.w3.org/2002/07/owl#equivalentClass>), http://rulewerk.semantic-web.org/normalForm/isSubClass(?X_6), http://rulewerk.semantic-web.org/normalForm/isSubClass(?X_5), http://rulewerk.semantic-web.org/normalForm/isSubClass(?X_4) .
22:53:24 [INFO] 
22:53:24 [INFO] Adding a outgoing relational edge for each relation other than R_OUT
22:53:24 [INFO] 
22:53:24 [INFO] 1 / 76
22:53:24 [INFO]   Adding outgoing relational edge from ClassObject for r_GEN_10
22:53:24 [INFO]   Generated literal ClassObject(?X_5) for rule r_GEN_10
22:53:24 [INFO] 2 / 76
22:53:24 [INFO]   Adding outgoing relational edge from ClassSubject for r_GEN_23
22:53:24 [INFO]   Generated literal ClassSubject(?Z_2) for rule r_GEN_23
22:53:24 [INFO] 3 / 76
22:53:24 [INFO]   Adding outgoing relational edge from TRIPLE for r_GEN_28
22:53:24 [INFO]   Generated literal TRIPLE(?Z_4, ?X_1, ?Z_2) for rule r_GEN_28
22:53:24 [INFO] 4 / 76
22:53:24 [INFO]   Adding outgoing relational edge from auxClass for r_GEN_22
22:53:24 [INFO]   Generated literal auxClass(?X_1) for rule r_GEN_22
22:53:24 [INFO] 5 / 76
22:53:24 [INFO]   Adding outgoing relational edge from class for r_GEN_16
22:53:24 [INFO]   Generated literal class(?X_2) for rule r_GEN_16
22:53:24 [INFO] 6 / 76
22:53:24 [INFO]   Adding outgoing relational edge from directSubProp for r_GEN_6
22:53:24 [INFO]   Generated literal directSubProp(?X_1, <http://www.w3.org/2000/01/rdf-schema#subClassOf>) for rule r_GEN_6
22:53:24 [INFO] 7 / 76
22:53:24 [INFO]   Adding outgoing relational edge from first for r_GEN_2
22:53:24 [INFO]   Generated literal first(?X_6) for rule r_GEN_2
22:53:24 [INFO] 8 / 76
22:53:24 [INFO]   Adding outgoing relational edge from http://rulewerk.semantic-web.org/inferred/ex for r_GEN_40
22:53:24 [INFO]   Generated literal http://rulewerk.semantic-web.org/inferred/ex(?X_6, ?X_2, ?X_2) for rule r_GEN_40
22:53:24 [INFO] 9 / 76
22:53:24 [INFO]   Adding outgoing relational edge from http://rulewerk.semantic-web.org/inferred/init for r_GEN_45
22:53:24 [INFO]   Generated literal ~http://rulewerk.semantic-web.org/inferred/init(?X_1) for rule r_GEN_45
22:53:24 [INFO] 10 / 76
22:53:24 [INFO]   Adding outgoing relational edge from http://rulewerk.semantic-web.org/inferred/subClassOf for r_GEN_19
22:53:24 [INFO]   Generated literal http://rulewerk.semantic-web.org/inferred/subClassOf(?Z_1, ?Z_3) for rule r_GEN_19
22:53:24 [INFO] 11 / 76
22:53:24 [INFO]   Adding outgoing relational edge from http://rulewerk.semantic-web.org/normalForm/conj for r_GEN_45
22:53:24 [INFO]   Generated literal http://rulewerk.semantic-web.org/normalForm/conj(?X_2, ?X_1, ?X_1) for rule r_GEN_45
22:53:24 [INFO] 12 / 76
22:53:24 [INFO]   Adding outgoing relational edge from http://rulewerk.semantic-web.org/normalForm/exists for r_GEN_26
22:53:24 [INFO]   Generated literal http://rulewerk.semantic-web.org/normalForm/exists(?X_4, ?X_1, ?Z_3) for rule r_GEN_26
22:53:24 [INFO] 13 / 76
22:53:24 [INFO]   Adding outgoing relational edge from http://rulewerk.semantic-web.org/normalForm/isMainClass for r_GEN_40
22:53:24 [INFO]   Generated literal ~http://rulewerk.semantic-web.org/normalForm/isMainClass(?X_6) for rule r_GEN_40
22:53:24 [INFO] 14 / 76
22:53:24 [INFO]   Adding outgoing relational edge from http://rulewerk.semantic-web.org/normalForm/isSubClass for r_GEN_8
22:53:24 [INFO]   Generated literal ~http://rulewerk.semantic-web.org/normalForm/isSubClass(<http://www.w3.org/2002/07/owl#intersectionOf>) for rule r_GEN_8
22:53:24 [INFO] 15 / 76
22:53:24 [INFO]   Adding outgoing relational edge from http://rulewerk.semantic-web.org/normalForm/subClassOf for r_GEN_28
22:53:24 [INFO]   Generated literal ~http://rulewerk.semantic-web.org/normalForm/subClassOf(?X_1, ?X_5) for rule r_GEN_28
22:53:24 [INFO] 16 / 76
22:53:24 [INFO]   Adding outgoing relational edge from http://rulewerk.semantic-web.org/normalForm/subProp for r_GEN_8
22:53:24 [INFO]   Generated literal http://rulewerk.semantic-web.org/normalForm/subProp(?X_2, <http://www.w3.org/2002/07/owl#propertyChain>) for rule r_GEN_8
22:53:24 [INFO] 17 / 76
22:53:24 [INFO]   Adding outgoing relational edge from http://rulewerk.semantic-web.org/normalForm/subPropChain for r_GEN_48
22:53:24 [INFO]   Generated literal ~http://rulewerk.semantic-web.org/normalForm/subPropChain(?Y_1, ?X_1, <http://www.w3.org/2002/07/owl#equivalentClass>) for rule r_GEN_48
22:53:24 [INFO] 18 / 76
22:53:24 [INFO]   Adding outgoing relational edge from in for r_GEN_22
22:53:24 [INFO]   Generated literal in(?X_1, ?Z_1) for rule r_GEN_22
22:53:24 [INFO] 19 / 76
22:53:24 [INFO]   Adding outgoing relational edge from last for r_GEN_6
22:53:24 [INFO]   Generated literal last(?Z_2) for rule r_GEN_6
22:53:24 [INFO] 20 / 76
22:53:24 [INFO]   Adding outgoing relational edge from mainSubClassOf for r_GEN_3
22:53:24 [INFO]   Generated literal mainSubClassOf(?Z_1, ?X_4) for rule r_GEN_3
22:53:24 [INFO] 21 / 76
22:53:24 [INFO]   Adding outgoing relational edge from next for r_GEN_24
22:53:24 [INFO]   Generated literal next(?Z_2, ?X_6) for rule r_GEN_24
22:53:24 [INFO] 22 / 76
22:53:24 [INFO]   Adding outgoing relational edge from nonfirst for r_GEN_39
22:53:24 [INFO]   Generated literal nonfirst(?X_6) for rule r_GEN_39
22:53:24 [INFO] 23 / 76
22:53:24 [INFO]   Adding outgoing relational edge from nonlast for r_GEN_18
22:53:24 [INFO]   Generated literal nonlast(?X_1) for rule r_GEN_18
22:53:24 [INFO] 24 / 76
22:53:24 [INFO]   Adding outgoing relational edge from prepareSco for r_GEN_37
22:53:24 [INFO]   Generated literal prepareSco(?X_2, ?X_2) for rule r_GEN_37
22:53:24 [INFO] 25 / 76
22:53:24 [INFO]   Adding outgoing relational edge from repOf for r_GEN_45
22:53:24 [INFO]   Generated literal ~repOf(?X_1, ?X_2) for rule r_GEN_45
22:53:24 [INFO] 26 / 76
22:53:24 [INFO]   Adding outgoing relational edge from synConj for r_GEN_9
22:53:24 [INFO]   Generated literal ~synConj(?X_1, ?X_3, ?X_1) for rule r_GEN_9
22:53:24 [INFO] 27 / 76
22:53:24 [INFO]   Adding outgoing relational edge from synEx for r_GEN_16
22:53:24 [INFO]   Generated literal synEx(?Z_3, ?X_4, ?Z_2) for rule r_GEN_16
22:53:24 [INFO] 28 / 76
22:53:24 [INFO]   Adding outgoing relational edge from synExRep for r_GEN_32
22:53:24 [INFO]   Generated literal synExRep(<http://www.w3.org/2002/07/owl#someValuesFrom>, <http://www.w3.org/2002/07/owl#onProperty>, ?Z_1) for rule r_GEN_32
22:53:24 [INFO] 29 / 76
22:53:24 [INFO]   Adding outgoing relational edge from R_1 for r_GEN_35
22:53:24 [INFO]   Generated literal R_1(?X_3, ?X_3, ?Z_1, ?X_3, <http://www.w3.org/1999/02/22-rdf-syntax-ns#rest>, ?X_3) for rule r_GEN_35
22:53:24 [INFO] 30 / 76
22:53:24 [INFO]   Adding outgoing relational edge from R_2 for r_GEN_49
22:53:24 [INFO]   Generated literal R_2(?X_3, ?X_6, ?Z_3, ?X_4) for rule r_GEN_49
22:53:24 [INFO] 31 / 76
22:53:24 [INFO]   Adding outgoing relational edge from R_3 for r_GEN_43
22:53:24 [INFO]   Generated literal ~R_3(?X_2, ?X_3, <http://www.w3.org/2000/01/rdf-schema#subClassOf>) for rule r_GEN_43
22:53:24 [INFO] 32 / 76
22:53:24 [INFO]   Adding outgoing relational edge from R_4 for r_GEN_21
22:53:24 [INFO]   Generated literal ~R_4(?X_4, ?X_1, ?X_5, ?X_3) for rule r_GEN_21
22:53:24 [INFO] 33 / 76
22:53:24 [INFO]   Adding outgoing relational edge from R_5 for r_GEN_27
22:53:24 [INFO]   Generated literal R_5(?X_1, ?X_1) for rule r_GEN_27
22:53:24 [INFO] 34 / 76
22:53:24 [INFO]   Adding outgoing relational edge from R_6 for r_GEN_9
22:53:24 [INFO]   Generated literal R_6(?X_3, ?X_3, ?X_3, ?Z_5, ?X_6, ?X_3) for rule r_GEN_9
22:53:24 [INFO] 35 / 76
22:53:24 [INFO]   Adding outgoing relational edge from R_7 for r_GEN_40
22:53:24 [INFO]   Generated literal ~R_7("<http://www.w3.org/2002/07/owl#Nothing>", ?X_1) for rule r_GEN_40
22:53:24 [INFO] 36 / 76
22:53:24 [INFO]   Adding outgoing relational edge from R_8 for r_GEN_42
22:53:24 [INFO]   Generated literal R_8(?X_1, ?Z_3, ?X_5, ?X_2, ?X_2, ?X_5) for rule r_GEN_42
22:53:24 [INFO] 37 / 76
22:53:24 [INFO]   Adding outgoing relational edge from R_9 for r_GEN_35
22:53:24 [INFO]   Generated literal ~R_9(?X_3, ?X_3, ?X_3, ?X_3, ?X_3, ?X_3) for rule r_GEN_35
22:53:24 [INFO] 38 / 76
22:53:24 [INFO]   Adding outgoing relational edge from R_10 for r_GEN_49
22:53:24 [INFO]   Generated literal R_10(?X_5) for rule r_GEN_49
22:53:24 [INFO] 39 / 76
22:53:24 [INFO]   Adding outgoing relational edge from R_11 for r_GEN_1
22:53:24 [INFO]   Generated literal R_11(?X_1, ?X_2, ?Z_2) for rule r_GEN_1
22:53:24 [INFO] 40 / 76
22:53:24 [INFO]   Adding outgoing relational edge from R_12 for r_GEN_39
22:53:24 [INFO]   Generated literal R_12(?X_3, ?X_6) for rule r_GEN_39
22:53:24 [INFO] 41 / 76
22:53:24 [INFO]   Adding outgoing relational edge from R_13 for r_GEN_2
22:53:24 [INFO]   Generated literal R_13(?X_1, ?X_5, ?X_6, ?X_1, ?X_6, ?X_4) for rule r_GEN_2
22:53:24 [INFO] 42 / 76
22:53:24 [INFO]   Adding outgoing relational edge from R_14 for r_GEN_48
22:53:24 [INFO]   Generated literal ~R_14(?X_1) for rule r_GEN_48
22:53:24 [INFO] 43 / 76
22:53:24 [INFO]   Adding outgoing relational edge from R_15 for r_GEN_37
22:53:24 [INFO]   Generated literal R_15(?X_2, ?X_1, ?Z_4, ?Z_5) for rule r_GEN_37
22:53:24 [INFO] 44 / 76
22:53:24 [INFO]   Adding outgoing relational edge from R_16 for r_GEN_13
22:53:24 [INFO]   Generated literal R_16(?X_1, ?X_1, <http://www.w3.org/2000/01/rdf-schema#subClassOf>) for rule r_GEN_13
22:53:24 [INFO] 45 / 76
22:53:24 [INFO]   Adding outgoing relational edge from R_17 for r_GEN_33
22:53:24 [INFO]   Generated literal R_17(?Y_1, ?Z_1) for rule r_GEN_33
22:53:24 [INFO] 46 / 76
22:53:24 [INFO]   Adding outgoing relational edge from R_18 for r_GEN_22
22:53:24 [INFO]   Generated literal ~R_18(?X_1, ?X_1, ?X_1, ?X_1, ?X_1) for rule r_GEN_22
22:53:24 [INFO] 47 / 76
22:53:24 [INFO]   Adding outgoing relational edge from R_19 for r_GEN_19
22:53:24 [INFO]   Generated literal ~R_19(?X_5) for rule r_GEN_19
22:53:24 [INFO] 48 / 76
22:53:24 [INFO]   Adding outgoing relational edge from R_20 for r_GEN_24
22:53:24 [INFO]   Generated literal R_20(?X_6, ?Z_1, ?X_6, ?Z_6, ?X_5) for rule r_GEN_24
22:53:24 [INFO] 49 / 76
22:53:24 [INFO]   Adding outgoing relational edge from R_21 for r_GEN_35
22:53:24 [INFO]   Generated literal R_21(?X_3) for rule r_GEN_35
22:53:24 [INFO] 50 / 76
22:53:24 [INFO]   Adding outgoing relational edge from R_22 for r_GEN_49
22:53:24 [INFO]   Generated literal R_22(?X_3, ?X_3) for rule r_GEN_49
22:53:24 [INFO] 51 / 76
22:53:24 [INFO]   Adding outgoing relational edge from R_23 for r_GEN_35
22:53:24 [INFO]   Generated literal R_23(?X_3, ?Z_4, ?X_3, ?X_3, ?X_3, ?X_3) for rule r_GEN_35
22:53:24 [INFO] 52 / 76
22:53:24 [INFO]   Adding outgoing relational edge from R_24 for r_GEN_8
22:53:24 [INFO]   Generated literal R_24(?Z_3) for rule r_GEN_8
22:53:24 [INFO] 53 / 76
22:53:24 [INFO]   Adding outgoing relational edge from R_25 for r_GEN_6
22:53:24 [INFO]   Generated literal ~R_25(?Z_2, ?X_1, ?X_1, <http://www.w3.org/1999/02/22-rdf-syntax-ns#rest>) for rule r_GEN_6
22:53:24 [INFO] 54 / 76
22:53:24 [INFO]   Adding outgoing relational edge from R_26 for r_GEN_18
22:53:24 [INFO]   Generated literal R_26(?Z_2, <http://www.w3.org/2002/07/owl#intersectionOf>) for rule r_GEN_18
22:53:24 [INFO] 55 / 76
22:53:24 [INFO]   Adding outgoing relational edge from R_27 for r_GEN_20
22:53:24 [INFO]   Generated literal R_27(?X_1, ?X_1, ?Z_2, ?Z_1, ?X_1, <http://www.w3.org/1999/02/22-rdf-syntax-ns#first>) for rule r_GEN_20
22:53:24 [INFO] 56 / 76
22:53:24 [INFO]   Adding outgoing relational edge from R_28 for r_GEN_22
22:53:24 [INFO]   Generated literal R_28(?X_1, ?X_1, ?Z_3, ?X_1, ?X_1) for rule r_GEN_22
22:53:24 [INFO] 57 / 76
22:53:24 [INFO]   Adding outgoing relational edge from R_29 for r_GEN_40
22:53:24 [INFO]   Generated literal ~R_29(?X_6, ?X_2, ?X_6, ?X_5) for rule r_GEN_40
22:53:24 [INFO] 58 / 76
22:53:24 [INFO]   Adding outgoing relational edge from R_30 for r_GEN_22
22:53:24 [INFO]   Generated literal R_30(?Z_2, ?X_1, ?X_1, ?X_1, ?X_1, ?X_1) for rule r_GEN_22
22:53:24 [INFO] 59 / 76
22:53:24 [INFO]   Adding outgoing relational edge from R_31 for r_GEN_49
22:53:24 [INFO]   Generated literal R_31(?Z_3) for rule r_GEN_49
22:53:24 [INFO] 60 / 76
22:53:24 [INFO]   Adding outgoing relational edge from R_32 for r_GEN_11
22:53:24 [INFO]   Generated literal R_32(?X_1) for rule r_GEN_11
22:53:24 [INFO] 61 / 76
22:53:24 [INFO]   Adding outgoing relational edge from R_33 for r_GEN_40
22:53:24 [INFO]   Generated literal R_33(?X_6, ?Z_2, ?Z_6) for rule r_GEN_40
22:53:24 [INFO] 62 / 76
22:53:24 [INFO]   Adding outgoing relational edge from R_34 for r_GEN_8
22:53:24 [INFO]   Generated literal R_34(?X_2, ?Z_4, ?X_2) for rule r_GEN_8
22:53:24 [INFO] 63 / 76
22:53:24 [INFO]   Adding outgoing relational edge from R_35 for r_GEN_31
22:53:24 [INFO]   Generated literal R_35(?X_2, ?X_2, ?X_6, ?X_5, ?X_6, ?X_6) for rule r_GEN_31
22:53:24 [INFO] 64 / 76
22:53:24 [INFO]   Adding outgoing relational edge from R_36 for r_GEN_29
22:53:24 [INFO]   Generated literal ~R_36(?X_4, ?X_1, ?X_2, ?X_2, ?X_3, ?X_4) for rule r_GEN_29
22:53:24 [INFO] 65 / 76
22:53:24 [INFO]   Adding outgoing relational edge from R_37 for r_GEN_13
22:53:24 [INFO]   Generated literal R_37(?X_1, ?X_1, ?Z_1, ?X_1, ?X_1, ?X_1) for rule r_GEN_13
22:53:24 [INFO] 66 / 76
22:53:24 [INFO]   Adding outgoing relational edge from R_38 for r_GEN_36
22:53:24 [INFO]   Generated literal R_38(?Z_3, ?Z_2, ?X_4, ?X_4, ?X_4, ?X_1) for rule r_GEN_36
22:53:24 [INFO] 67 / 76
22:53:24 [INFO]   Adding outgoing relational edge from R_39 for r_GEN_40
22:53:24 [INFO]   Generated literal R_39(?X_6, ?X_2, ?X_6, ?X_2, ?X_2, ?X_5) for rule r_GEN_40
22:53:24 [INFO] 68 / 76
22:53:24 [INFO]   Adding outgoing relational edge from R_40 for r_GEN_40
22:53:24 [INFO]   Generated literal R_40(?X_6, ?X_6, ?Z_12, ?X_1, ?X_2) for rule r_GEN_40
22:53:24 [INFO] 69 / 76
22:53:24 [INFO]   Adding outgoing relational edge from R_41 for r_GEN_5
22:53:24 [INFO]   Generated literal R_41(?X_2, ?Z_2, ?X_2, ?Z_1, ?Z_3, ?X_1) for rule r_GEN_5
22:53:24 [INFO] 70 / 76
22:53:24 [INFO]   Adding outgoing relational edge from R_42 for r_GEN_15
22:53:24 [INFO]   Generated literal R_42(?Y_1, ?Y_1, <http://www.w3.org/2002/07/owl#equivalentClass>) for rule r_GEN_15
22:53:24 [INFO] 71 / 76
22:53:24 [INFO]   Adding outgoing relational edge from R_43 for r_GEN_14
22:53:24 [INFO]   Generated literal R_43(?Z_5, ?X_6, ?X_2, ?X_6, ?X_4, ?Z_2) for rule r_GEN_14
22:53:24 [INFO] 72 / 76
22:53:24 [INFO]   Adding outgoing relational edge from R_44 for r_GEN_46
22:53:24 [INFO]   Generated literal R_44(?X_1, ?Z_2, ?X_3, ?X_1) for rule r_GEN_46
22:53:24 [INFO] 73 / 76
22:53:24 [INFO]   Adding outgoing relational edge from R_45 for r_GEN_26
22:53:24 [INFO]   Generated literal R_45(?Z_2, ?Z_3, ?X_4) for rule r_GEN_26
22:53:24 [INFO] 74 / 76
22:53:24 [INFO]   Adding outgoing relational edge from R_46 for r_GEN_14
22:53:24 [INFO]   Generated literal R_46(?X_2, ?X_1, ?Z_7, ?Z_3) for rule r_GEN_14
22:53:24 [INFO] 75 / 76
22:53:24 [INFO]   Adding outgoing relational edge from R_47 for r_GEN_6
22:53:24 [INFO]   Generated literal R_47(?X_1) for rule r_GEN_6
22:53:24 [INFO] 76 / 76
22:53:24 [INFO]   Adding outgoing relational edge from R_48 for r_GEN_19
22:53:24 [INFO]   Generated literal R_48(?Z_6, ?Z_4, ?Z_7, ?Z_1, ?Z_3, ?Z_5) for rule r_GEN_19
22:53:24 [INFO] 
22:53:24 [INFO] Adding gen. size facts
22:53:24 [INFO] 
22:53:24 [INFO] 1 / 49
22:53:24 [INFO]   II Add Fact Node and Edge
22:53:24 [INFO]   Added new fact R_11(<http://www.w3.org/2002/07/owl#intersectionOf>, <http://www.w3.org/2002/07/owl#someValuesFrom>, c_1).
22:53:24 [INFO] 2 / 49
22:53:24 [INFO]   II Add Fact Node and Edge
22:53:24 [INFO]   Added new fact R_45(c_2, 16649567422223824647, c_2).
22:53:24 [INFO] 3 / 49
22:53:24 [INFO]   II Add Fact Node and Edge
22:53:24 [INFO]   Added new fact R_3(c_1, <http://www.w3.org/2000/01/rdf-schema#subClassOf>, "str_1").
22:53:24 [INFO] 4 / 49
22:53:24 [INFO]   II Add Fact Node and Edge
22:53:24 [INFO]   Added new fact R_20(<http://www.w3.org/2000/01/rdf-schema#subClassOf>, <http://www.w3.org/2002/07/owl#intersectionOf>, "str_2", <http://www.w3.org/2000/01/rdf-schema#subPropertyOf>, c_3).
22:53:24 [INFO] 5 / 49
22:53:24 [INFO]   II Add Fact Node and Edge
22:53:24 [INFO]   Added new fact R_40(c_4, <http://www.w3.org/2000/01/rdf-schema#subClassOf>, <http://www.w3.org/2002/07/owl#equivalentClass>, <http://www.w3.org/2002/07/owl#disjointWith>, 9947431883844742687).
22:53:24 [INFO] 6 / 49
22:53:24 [INFO]   II Add Fact Node and Edge
22:53:24 [INFO]   Added new fact R_22(<http://www.w3.org/2000/01/rdf-schema#subClassOf>, 9947431883844742687).
22:53:24 [INFO] 7 / 49
22:53:24 [INFO]   II Add Fact Node and Edge
22:53:24 [INFO]   Added new fact R_44("str_3", c_5, c_6, <http://www.w3.org/1999/02/22-rdf-syntax-ns#nil>).
22:53:24 [INFO] 8 / 49
22:53:24 [INFO]   II Add Fact Node and Edge
22:53:24 [INFO]   Added new fact R_46(<http://www.w3.org/2002/07/owl#intersectionOf>, 1975069706089461275, <http://www.w3.org/2000/01/rdf-schema#subPropertyOf>, "str_3").
22:53:24 [INFO] 9 / 49
22:53:24 [INFO]   II Add Fact Node and Edge
22:53:24 [INFO]   Added new fact R_21(c_7).
22:53:24 [INFO] 10 / 49
22:53:24 [INFO]   II Add Fact Node and Edge
22:53:24 [INFO]   Added new fact R_46(9947431883844742687, <http://www.w3.org/1999/02/22-rdf-syntax-ns#first>, 1975069706089461275, c_2).
22:53:24 [INFO] 11 / 49
22:53:24 [INFO]   II Add Fact Node and Edge
22:53:24 [INFO]   Added new fact R_15("str_4", c_8, 9947431883844742687, c_4).
22:53:24 [INFO] 12 / 49
22:53:24 [INFO]   II Add Fact Node and Edge
22:53:24 [INFO]   Added new fact R_39("str_5", c_2, <http://www.w3.org/2002/07/owl#equivalentClass>, "str_1", c_9, "str_6").
22:53:24 [INFO] 13 / 49
22:53:24 [INFO]   II Add Fact Node and Edge
22:53:24 [INFO]   Added new fact R_9("str_7", 17127686458355573698, 16072065352215322358, c_10, c_11, "<http://www.w3.org/2002/07/owl#Nothing>").
22:53:24 [INFO] 14 / 49
22:53:24 [INFO]   II Add Fact Node and Edge
22:53:24 [INFO]   Added new fact R_12(<http://www.w3.org/2002/07/owl#intersectionOf>, c_2).
22:53:24 [INFO] 15 / 49
22:53:24 [INFO]   II Add Fact Node and Edge
22:53:24 [INFO]   Added new fact R_20(<http://www.w3.org/1999/02/22-rdf-syntax-ns#rest>, c_12, c_13, "str_5", c_14).
22:53:24 [INFO] 16 / 49
22:53:24 [INFO]   II Add Fact Node and Edge
22:53:24 [INFO]   Added new fact R_26("str_8", c_14).
22:53:24 [INFO] 17 / 49
22:53:24 [INFO]   II Add Fact Node and Edge
22:53:24 [INFO]   Added new fact R_47(c_10).
22:53:24 [INFO] 18 / 49
22:53:24 [INFO]   II Add Fact Node and Edge
22:53:24 [INFO]   Added new fact R_13(c_15, <http://www.w3.org/1999/02/22-rdf-syntax-ns#first>, c_16, c_17, "str_9", 7267813086811523722).
22:53:24 [INFO] 19 / 49
22:53:24 [INFO]   II Add Fact Node and Edge
22:53:24 [INFO]   Added new fact R_20(8435163158135167943, 16290097921407876356, <http://www.w3.org/2002/07/owl#someValuesFrom>, 4567865941939400047, "str_8").
22:53:24 [INFO] 20 / 49
22:53:24 [INFO]   II Add Fact Node and Edge
22:53:24 [INFO]   Added new fact R_7(<http://www.w3.org/2002/07/owl#intersectionOf>, <http://www.w3.org/2000/01/rdf-schema#subClassOf>).
22:53:24 [INFO] 21 / 49
22:53:24 [INFO]   II Add Fact Node and Edge
22:53:24 [INFO]   Added new fact R_7(c_18, <http://www.w3.org/2002/07/owl#intersectionOf>).
22:53:24 [INFO] 22 / 49
22:53:24 [INFO]   II Add Fact Node and Edge
22:53:24 [INFO]   Added new fact R_14(c_19).
22:53:24 [INFO] 23 / 49
22:53:24 [INFO]   II Add Fact Node and Edge
22:53:24 [INFO]   Added new fact R_16(10577411179054041954, <http://www.w3.org/1999/02/22-rdf-syntax-ns#first>, <http://www.w3.org/2002/07/owl#intersectionOf>).
22:53:24 [INFO] 24 / 49
22:53:24 [INFO]   II Add Fact Node and Edge
22:53:24 [INFO]   Added new fact R_47(c_20).
22:53:24 [INFO] 25 / 49
22:53:24 [INFO]   II Add Fact Node and Edge
22:53:24 [INFO]   Added new fact R_28(c_4, "str_10", c_11, "str_11", c_21).
22:53:24 [INFO] 26 / 49
22:53:24 [INFO]   II Add Fact Node and Edge
22:53:24 [INFO]   Added new fact R_3(c_14, 555514808182420511, <http://www.w3.org/2002/07/owl#intersectionOf>).
22:53:24 [INFO] 27 / 49
22:53:24 [INFO]   II Add Fact Node and Edge
22:53:24 [INFO]   Added new fact R_45(c_19, "str_12", c_4).
22:53:24 [INFO] 28 / 49
22:53:24 [INFO]   II Add Fact Node and Edge
22:53:24 [INFO]   Added new fact R_32(c_22).
22:53:24 [INFO] 29 / 49
22:53:24 [INFO]   II Add Fact Node and Edge
22:53:24 [INFO]   Added new fact R_10(10065180050368553043).
22:53:24 [INFO] 30 / 49
22:53:24 [INFO]   II Add Fact Node and Edge
22:53:24 [INFO]   Added new fact R_15(c_23, "str_13", "str_14", c_23).
22:53:24 [INFO] 31 / 49
22:53:24 [INFO]   II Add Fact Node and Edge
22:53:24 [INFO]   Added new fact R_17(8760681100916243257, c_9).
22:53:24 [INFO] 32 / 49
22:53:24 [INFO]   II Add Fact Node and Edge
22:53:24 [INFO]   Added new fact R_4("str_15", c_23, <http://www.w3.org/2002/07/owl#someValuesFrom>, "str_6").
22:53:24 [INFO] 33 / 49
22:53:24 [INFO]   II Add Fact Node and Edge
22:53:24 [INFO]   Added new fact R_3("str_10", c_24, "str_5").
22:53:24 [INFO] 34 / 49
22:53:24 [INFO]   II Add Fact Node and Edge
22:53:24 [INFO]   Added new fact R_1("str_9", <http://www.w3.org/2002/07/owl#someValuesFrom>, c_6, <http://www.w3.org/2002/07/owl#propertyChain>, c_25, c_17).
22:53:24 [INFO] 35 / 49
22:53:24 [INFO]   II Add Fact Node and Edge
22:53:24 [INFO]   Added new fact R_42("str_16", 12059767539345796509, c_26).
22:53:24 [INFO] 36 / 49
22:53:24 [INFO]   II Add Fact Node and Edge
22:53:24 [INFO]   Added new fact R_34(c_27, "str_8", c_10).
22:53:24 [INFO] 37 / 49
22:53:24 [INFO]   II Add Fact Node and Edge
22:53:24 [INFO]   Added new fact R_45("str_17", c_1, "str_18").
22:53:24 [INFO] 38 / 49
22:53:24 [INFO]   II Add Fact Node and Edge
22:53:24 [INFO]   Added new fact R_5(c_11, c_28).
22:53:24 [INFO] 39 / 49
22:53:24 [INFO]   II Add Fact Node and Edge
22:53:24 [INFO]   Added new fact R_6(c_29, "str_3", 8435163158135167943, "str_14", "str_1", <http://www.w3.org/1999/02/22-rdf-syntax-ns#first>).
22:53:24 [INFO] 40 / 49
22:53:24 [INFO]   II Add Fact Node and Edge
22:53:24 [INFO]   Added new fact R_30(<http://www.w3.org/1999/02/22-rdf-syntax-ns#first>, c_30, <http://www.w3.org/2000/01/rdf-schema#subClassOf>, c_31, "str_6", c_32).
22:53:24 [INFO] 41 / 49
22:53:24 [INFO]   II Add Fact Node and Edge
22:53:24 [INFO]   Added new fact R_26("str_19", "str_14").
22:53:24 [INFO] 42 / 49
22:53:24 [INFO]   II Add Fact Node and Edge
22:53:24 [INFO]   Added new fact R_43(10577411179054041954, 9456684782820374131, c_33, 10065180050368553043, c_34, "str_20").
22:53:24 [INFO] 43 / 49
22:53:24 [INFO]   II Add Fact Node and Edge
22:53:24 [INFO]   Added new fact R_14(<http://www.w3.org/2002/07/owl#equivalentClass>).
22:53:24 [INFO] 44 / 49
22:53:24 [INFO]   II Add Fact Node and Edge
22:53:24 [INFO]   Added new fact R_2(c_35, c_36, c_33, "str_10").
22:53:24 [INFO] 45 / 49
22:53:24 [INFO]   II Add Fact Node and Edge
22:53:24 [INFO]   Added new fact R_21("str_21").
22:53:24 [INFO] 46 / 49
22:53:24 [INFO]   II Add Fact Node and Edge
22:53:24 [INFO]   Added new fact R_23("<http://www.w3.org/2002/07/owl#Nothing>", <http://www.w3.org/2000/01/rdf-schema#subClassOf>, 9786855450236897707, c_37, c_17, c_38).
22:53:24 [INFO] 47 / 49
22:53:24 [INFO]   II Add Fact Node and Edge
22:53:24 [INFO]   Added new fact R_35("str_16", "str_3", <http://www.w3.org/2002/07/owl#intersectionOf>, c_39, c_6, "str_15").
22:53:24 [INFO] 48 / 49
22:53:24 [INFO]   II Add Fact Node and Edge
22:53:24 [INFO]   Added new fact R_19(c_33).
22:53:24 [INFO] 49 / 49
22:53:24 [INFO]   II Add Fact Node and Edge
22:53:24 [INFO]   Added new fact R_22(c_30, "str_22").
22:53:24 [INFO] 
22:53:24 [INFO] ----------------------------------------------
22:53:24 [INFO] ----------- Program Generation Done ----------
22:53:24 [INFO] ----------------------------------------------
22:53:24 [INFO] 
22:53:24 [INFO] ----------- Generated ADG Summary: -----------
22:53:24 [INFO] ADG Fact Nodes:                  49
22:53:24 [INFO] ADG Relational Nodes:            77
22:53:24 [INFO] ADG Fact Edges:                  49
22:53:24 [INFO] ADG Relational Edges:            159
22:53:24 [INFO] Number of inv. Strata:           7
22:53:24 [INFO] 
22:53:24 [INFO] Nodes with None Ancestry:        69
22:53:24 [INFO] Nodes with Positive Ancestry:    8
22:53:24 [INFO] Nodes with Negative Ancestry:    0
22:53:24 [INFO] Nodes with Unknown Ancestry:     0
22:53:24 [INFO] 
22:53:24 [INFO] Next rule name would be:         r_CON_50
22:53:24 [INFO] Next predicate name would be:    R_49
22:53:24 [INFO] Next constant name would be:     c_40
22:53:24 [INFO] Next string would be:            "str_23"
22:53:24 [INFO] 
22:53:24 [INFO] Output predicate:                R_OUT
22:53:24 [INFO] Generated rule count:            49
22:53:24 [INFO] Rule count:                      93
22:53:24 [INFO] Average rel. arity:              3.116883116883117
22:53:24 [INFO] Arity calc. may be inaccurate if arity > f64
22:53:24 [INFO] ----------------------------------------------
22:53:24 [INFO] 
22:53:24 [INFO] ------ Performed Gen. Transformations: -------
22:53:24 [INFO]  #      Type
22:53:24 [INFO]  49      Generate New Rule with Probably Single Lit
22:53:24 [INFO]  76      Generating an Outgoing Relational Edge
22:53:24 [INFO]  48      I     Add Relational Node
22:53:24 [INFO]  49      II    Add Fact Node and Edge
22:53:24 [INFO] ----------------------------------------------
22:53:24 [INFO] 
22:53:24 [INFO] Storing input ADG and input program
22:53:24 [INFO] 
22:53:24 [INFO] ----------------------------------------------
22:53:24 [INFO] --------- Beginning Transformations ----------
22:53:24 [INFO] --------  Oracle: CON    Number: 47
22:53:24 [INFO] ----------------------------------------------
22:53:24 [INFO] 1 / 47
22:53:24 [INFO]   Xa Remove Relational Node - Rule Variant
22:53:24 [INFO]   Removing relational node R_19
22:53:24 [INFO]   Removing the Rule of the name r_GEN_20
22:53:24 [INFO]   Removing the Rule of the name r_GEN_19
22:53:24 [INFO]   Removing at least 7 relational edges.
22:53:24 [INFO] 2 / 47
22:53:24 [INFO]   IX Remove Fact Node and Edge
22:53:24 [INFO]   Removed fact R_26("str_19", "str_14"). from the program
22:53:24 [INFO]   Removed fact R_26("str_19", "str_14"). from the ADG.
22:53:24 [INFO] 3 / 47
22:53:24 [INFO]   VII Modify Rule - Add Equality
22:53:24 [INFO]   Replaced var ?X_6 with var ?X_4 in the rule r_GEN_38
22:53:24 [INFO] 4 / 47
22:53:24 [INFO]   XI Add Contradictory Rule
22:53:24 [INFO]   Added new contradictory rule of name r_CON_52
22:53:24 [INFO]   R_29(?X_1, "str_21", ?X_3, ?X_2) :- http://rulewerk.semantic-web.org/normalForm/isSubClass(?X_1), http://rulewerk.semantic-web.org/normalForm/isSubClass("str_21"), http://rulewerk.semantic-web.org/normalForm/isSubClass(?X_3), http://rulewerk.semantic-web.org/normalForm/isSubClass(?X_2), ~http://rulewerk.semantic-web.org/normalForm/isSubClass(?X_1) .
22:53:24 [INFO] 5 / 47
22:53:24 [INFO]   XI Add Contradictory Rule
22:53:24 [INFO]   Added new contradictory rule of name r_CON_53
22:53:24 [INFO]   R_21(16072065352215322358) :- R_13(?Y_1, <http://www.w3.org/2002/07/owl#disjointWith>, <http://www.w3.org/2002/07/owl#disjointWith>, 16072065352215322358, 16072065352215322358, 16072065352215322358), ~R_13(?Y_1, <http://www.w3.org/2002/07/owl#disjointWith>, <http://www.w3.org/2002/07/owl#disjointWith>, 16072065352215322358, 16072065352215322358, 16072065352215322358) .
22:53:24 [INFO] 6 / 47
22:53:24 [INFO]   II Add Fact Node and Edge
22:53:24 [INFO]   Added new fact R_1("str_20", c_42, 9708509996177875766, c_28, c_43, "str_25").
22:53:24 [INFO] 7 / 47
22:53:24 [INFO]   I Add Relational Node
22:53:24 [INFO]   Added new relation R_51
22:53:24 [INFO] 8 / 47
22:53:24 [INFO]   VII Modify Rule - Add Equality
22:53:24 [INFO]   Replaced var ?Z_4 with var ?Z_1 in the rule r_GEN_35
22:53:24 [INFO] 9 / 47
22:53:24 [INFO]   IX Remove Fact Node and Edge
22:53:24 [INFO]   Removed fact R_3("str_10", c_24, "str_5"). from the program
22:53:24 [INFO]   Removed fact R_3("str_10", c_24, "str_5"). from the ADG.
22:53:24 [INFO] 10 / 47
22:53:24 [INFO]   XI Add Contradictory Rule
22:53:24 [INFO]   Added new contradictory rule of name r_CON_54
22:53:24 [INFO]   R_46(<http://www.w3.org/2002/07/owl#intersectionOf>, ?X_4, ?X_1, ?X_2) :- http://rulewerk.semantic-web.org/normalForm/subClassOf(<http://www.w3.org/2002/07/owl#intersectionOf>, ?X_4), http://rulewerk.semantic-web.org/normalForm/subClassOf(?X_1, ?X_2), ~http://rulewerk.semantic-web.org/normalForm/subClassOf(<http://www.w3.org/2002/07/owl#intersectionOf>, ?X_4) .
22:53:24 [INFO] 11 / 47
22:53:24 [INFO]   IV Add Relational Edge - New Literal
22:53:24 [INFO]   Generated literal mainSubClassOf(?X_4, ?X_5) for rule r_GEN_21
22:53:24 [INFO] 12 / 47
22:53:24 [INFO]   III Add Relational edges - New Rule
22:53:24 [INFO]   Added new rule of name r_CON_55
22:53:24 [INFO]   R_26(8760681100916243257, ?X_1) :- R_8(8760681100916243257, ?X_1, 8760681100916243257, ?Y_1, ?Y_1, <http://www.w3.org/2002/07/owl#equivalentClass>), ~http://rulewerk.semantic-web.org/normalForm/subPropChain(<http://www.w3.org/2002/07/owl#equivalentClass>, ?Y_1, ?Y_1), ~ClassSubject(8760681100916243257), ~R_OUT(8760681100916243257, 8760681100916243257), ~R_11(?Y_1, <http://www.w3.org/2002/07/owl#equivalentClass>, <http://www.w3.org/2002/07/owl#equivalentClass>) .
22:53:24 [INFO] 13 / 47
22:53:24 [INFO]   VII Modify Rule - Add Equality
22:53:24 [INFO]   Replaced var ?X_6 with var ?X_2 in the rule r_GEN_37
22:53:24 [INFO] 14 / 47
22:53:24 [INFO]   I Add Relational Node
22:53:24 [INFO]   Added new relation R_52
22:53:24 [INFO] 15 / 47
22:53:24 [INFO]   VII Modify Rule - Add Equality
22:53:24 [INFO]   Replaced var ?X_1 with var ?X_5 in the rule r_GEN_44
22:53:24 [INFO] 16 / 47
22:53:24 [INFO]   XI Add Contradictory Rule
22:53:24 [INFO]   Added new contradictory rule of name r_CON_56
22:53:24 [INFO]   R_44(?X_4, ?X_1, ?X_2, ?X_2) :- synConj(?X_4, ?X_1, ?X_2), synConj(?X_2, ?X_2, ?X_2), ~synConj(?X_4, ?X_1, ?X_2) .
22:53:24 [INFO] 17 / 47
22:53:24 [INFO]   IX Remove Fact Node and Edge
22:53:24 [INFO]   Removed fact R_16(10577411179054041954, <http://www.w3.org/1999/02/22-rdf-syntax-ns#first>, <http://www.w3.org/2002/07/owl#intersectionOf>). from the program
22:53:24 [INFO]   Removed fact R_16(10577411179054041954, <http://www.w3.org/1999/02/22-rdf-syntax-ns#first>, <http://www.w3.org/2002/07/owl#intersectionOf>). from the ADG.
22:53:24 [INFO] 18 / 47
22:53:24 [INFO]   IX Remove Fact Node and Edge
22:53:24 [INFO]   Removed fact R_22(<http://www.w3.org/2000/01/rdf-schema#subClassOf>, 9947431883844742687). from the program
22:53:24 [INFO]   Removed fact R_22(<http://www.w3.org/2000/01/rdf-schema#subClassOf>, 9947431883844742687). from the ADG.
22:53:24 [INFO] 19 / 47
22:53:24 [INFO]   IV Add Relational Edge - New Literal
22:53:24 [INFO]   Generated literal R_37(?X_2, ?Z_2, ?X_2, ?X_2, ?Z_7, ?X_2) for rule r_GEN_37
22:53:24 [INFO] 20 / 47
22:53:24 [INFO]   IV Add Relational Edge - New Literal
22:53:24 [INFO]   Generated literal http://rulewerk.semantic-web.org/inferred/ex(?X_2, ?X_1, ?X_1) for rule r_GEN_34
22:53:24 [INFO] 21 / 47
22:53:24 [INFO]   VII Modify Rule - Add Equality
22:53:24 [INFO]   Replaced var ?X_1 with var ?Z_2 in the rule r_GEN_22
22:53:24 [INFO] 22 / 47
22:53:24 [INFO]   II Add Fact Node and Edge
22:53:24 [INFO]   Added new fact R_30(c_44, "str_5", 10577411179054041954, c_38, "str_23", <http://www.w3.org/1999/02/22-rdf-syntax-ns#first>).
22:53:24 [INFO] 23 / 47
22:53:24 [INFO]   Xa Remove Relational Node - Rule Variant
22:53:24 [INFO]   Removing relational node R_47
22:53:24 [INFO]   Removing the Rule of the name r_GEN_48
22:53:24 [INFO]   Removing the Rule of the name r_GEN_6
22:53:24 [INFO]   Removing at least 8 relational edges.
22:53:24 [INFO] 24 / 47
22:53:24 [INFO]   IX Remove Fact Node and Edge
22:53:24 [INFO]   Removed fact R_21(c_7). from the program
22:53:24 [INFO]   Removed fact R_21(c_7). from the ADG.
22:53:24 [INFO] 25 / 47
22:53:24 [INFO]   V Remove Relational Edges - Whole Rule
22:53:24 [INFO]   Removing the Rule of the name r_GEN_30
22:53:24 [INFO] 26 / 47
22:53:24 [INFO]   VIII Modify Rule - Remove Equality
22:53:24 [INFO]   Replaced a random number of var Z_2 with var Z_2_new_1 in the rule r_GEN_22
22:53:24 [INFO] 27 / 47
22:53:24 [INFO]   I Add Relational Node
22:53:24 [INFO]   Added new relation R_53
22:53:24 [INFO] 28 / 47
22:53:24 [INFO]   III Add Relational edges - New Rule
22:53:24 [INFO]   Added new rule of name r_CON_57
22:53:24 [INFO]   R_5(?X_2, ?X_2) :- R_OUT(?X_2, c_18), R_32(?X_2), ~next(c_22, c_18), ~first(c_18), ~next(?X_2, ?X_2) .
22:53:24 [INFO] 29 / 47
22:53:24 [INFO]   XI Add Contradictory Rule
22:53:24 [INFO]   Assigned relation R_52 the artiy 5
22:53:24 [INFO]   Added new contradictory rule of name r_CON_58
22:53:24 [INFO]   R_52(?X_5, ?X_3, 9456684782820374131, ?X_1, ?X_5) :- R_27(?X_5, ?Y_1, 9456684782820374131, ?X_1, ?X_5, ?X_3), ~R_27(?X_5, ?Y_1, 9456684782820374131, ?X_1, ?X_5, ?X_3) .
22:53:24 [INFO] 30 / 47
22:53:24 [INFO]   IX Remove Fact Node and Edge
22:53:24 [INFO]   Removed fact R_40(c_4, <http://www.w3.org/2000/01/rdf-schema#subClassOf>, <http://www.w3.org/2002/07/owl#equivalentClass>, <http://www.w3.org/2002/07/owl#disjointWith>, 9947431883844742687). from the program
22:53:24 [INFO]   Removed fact R_40(c_4, <http://www.w3.org/2000/01/rdf-schema#subClassOf>, <http://www.w3.org/2002/07/owl#equivalentClass>, <http://www.w3.org/2002/07/owl#disjointWith>, 9947431883844742687). from the ADG.
22:53:24 [INFO] 31 / 47
22:53:24 [INFO]   Xa Remove Relational Node - Rule Variant
22:53:24 [INFO]   Removing relational node R_10
22:53:24 [INFO]   Removing the Rule of the name r_GEN_49
22:53:24 [INFO]   Removing the Rule of the name r_GEN_11
22:53:24 [INFO]   Removing at least 12 relational edges.
22:53:24 [INFO] 32 / 47
22:53:24 [INFO]   V Remove Relational Edges - Whole Rule
22:53:24 [INFO]   Removing the Rule of the name r_GEN_27
22:53:24 [INFO] 33 / 47
22:53:24 [INFO]   VII Modify Rule - Add Equality
22:53:24 [INFO]   Replaced var ?X_1 with var ?Y_1 in the rule r_GEN_25
22:53:24 [INFO] 34 / 47
22:53:24 [INFO]   Xa Remove Relational Node - Rule Variant
22:53:24 [INFO]   Removing relational node R_25
22:53:24 [INFO]   Removing the Rule of the name r_GEN_23
22:53:24 [INFO]   Removing the Rule of the name r_GEN_26
22:53:24 [INFO]   Removing at least 6 relational edges.
22:53:24 [INFO] 35 / 47
22:53:24 [INFO]   VII Modify Rule - Add Equality
22:53:24 [INFO]   Replaced var ?X_5 with var ?X_6 in the rule r_GEN_10
22:53:24 [INFO] 36 / 47
22:53:24 [INFO]   I Add Relational Node
22:53:24 [INFO]   Added new relation R_54
22:53:24 [INFO] 37 / 47
22:53:24 [INFO]   III Add Relational edges - New Rule
22:53:24 [INFO]   Added new rule of name r_CON_59
22:53:24 [INFO]   R_52(?X_4, c_10, ?X_2, ?X_3, ?X_5) :- http://rulewerk.semantic-web.org/normalForm/subPropChain(?X_4, ?X_5, ?X_2), R_4(?X_4, "str_17", c_10, ?X_5), R_OUT(?X_5, c_10), TRIPLE(?X_3, c_10, ?X_4), R_5(?X_3, ?X_5) .
22:53:24 [INFO] 38 / 47
22:53:24 [INFO]   VIII Modify Rule - Remove Equality
22:53:24 [INFO]   Replaced a random number of var X_2 with var X_2_new_1 in the rule r_CON_56
22:53:24 [INFO] 39 / 47
22:53:24 [INFO]   IV Add Relational Edge - New Literal
22:53:24 [INFO]   Generated literal ~R_45(?Z_2, ?Z_2_new_1, ?Z_2_new_1) for rule r_GEN_22
22:53:24 [INFO] 40 / 47
22:53:24 [INFO]   IV Add Relational Edge - New Literal
22:53:24 [INFO]   Generated literal R_15(?Z_1, ?Z_4, ?X_4, ?X_4) for rule r_GEN_16
22:53:24 [INFO] 41 / 47
22:53:24 [INFO]   IV Add Relational Edge - New Literal
22:53:24 [INFO]   Generated literal R_9(?X_2, ?Z_17, ?X_2, ?X_6, ?Z_9, ?X_6) for rule r_GEN_40
22:53:24 [INFO] 42 / 47
22:53:24 [INFO]   II Add Fact Node and Edge
22:53:24 [INFO]   Added new fact R_24(c_45).
22:53:24 [INFO] 43 / 47
22:53:24 [INFO]   VIII Modify Rule - Remove Equality
22:53:24 [INFO]   Replaced a random number of var X_3 with var X_3_new_1 in the rule r_GEN_9
22:53:24 [INFO] 44 / 47
22:53:24 [INFO]   III Add Relational edges - New Rule
22:53:24 [INFO]   Added new rule of name r_CON_60
22:53:24 [INFO]   R_40(?X_2, ?X_4, ?X_3, ?X_5, ?X_2) :- R_35(?X_2, ?X_5, ?X_5, ?X_2, ?X_2, ?X_3), next(?X_5, ?X_4), last(?X_5), ~R_28(?X_2, ?X_5, ?X_3, ?X_4, ?X_2), ~R_11(?X_5, ?X_5, ?X_5) .
22:53:24 [INFO] 45 / 47
22:53:24 [INFO]   XI Add Contradictory Rule
22:53:24 [INFO]   Assigned relation R_51 the artiy 6
22:53:24 [INFO]   Added new contradictory rule of name r_CON_61
22:53:24 [INFO]   R_51(?X_2, ?X_3, ?X_5, ?X_6, ?X_3, "str_25") :- next(?X_2, ?X_3), next(?X_5, ?X_6), next(?X_3, "str_25"), ~next(?X_2, ?X_3) .
22:53:24 [INFO] 46 / 47
22:53:24 [INFO]   IV Add Relational Edge - New Literal
22:53:24 [INFO]   Generated literal auxClass(?Y_1) for rule r_CON_55
22:53:24 [INFO] 47 / 47
22:53:24 [INFO]   III Add Relational edges - New Rule
22:53:24 [INFO]   Added new rule of name r_CON_62
22:53:24 [INFO]   R_46(?X_2, ?X_1, ?X_4, ?X_1) :- nonlast(c_11), R_51(?X_2, ?X_4, c_11, ?X_2, ?X_4, ?X_1), R_14(?X_1), R_38(?Y_1, ?X_2, ?X_4, ?X_1, ?X_1, c_11), ~R_4(?X_1, ?X_4, ?X_1, ?X_2), ~synConj(?X_4, c_11, ?X_4), ~http://rulewerk.semantic-web.org/inferred/ex(?X_2, ?X_4, ?X_2) .
22:53:24 [INFO] ----------------------------------------------
22:53:24 [INFO] ------------ Transformations Done ------------
22:53:24 [INFO] ----------------------------------------------
22:53:24 [INFO]  Ressources required: 
                galen-el.nt.gz
                
22:53:24 [INFO] ---------- Transformed ADG Summary: ----------
22:53:24 [INFO] ADG Fact Nodes:                  42
22:53:24 [INFO] ADG Relational Nodes:            77
22:53:24 [INFO] ADG Fact Edges:                  42
22:53:24 [INFO] ADG Relational Edges:            176
22:53:24 [INFO] Number of inv. Strata:           7
22:53:24 [INFO] 
22:53:24 [INFO] Nodes with None Ancestry:        66
22:53:24 [INFO] Nodes with Positive Ancestry:    8
22:53:24 [INFO] Nodes with Negative Ancestry:    0
22:53:24 [INFO] Nodes with Unknown Ancestry:     0
22:53:24 [INFO] 
22:53:24 [INFO] Next rule name would be:         r_CON_63
22:53:24 [INFO] Next predicate name would be:    R_55
22:53:24 [INFO] Next constant name would be:     c_46
22:53:24 [INFO] Next string would be:            "str_26"
22:53:24 [INFO] 
22:53:24 [INFO] Output predicate:                R_OUT
22:53:24 [INFO] Rule count:                      94
22:53:24 [INFO] Average rel. arity:              3.1666666666666665
22:53:24 [INFO] Arity calc. may be inaccurate if arity > f64
22:53:24 [INFO] ----------------------------------------------
22:53:24 [INFO] 
22:53:24 [INFO] --------- Performed Transformations: ---------
22:53:24 [INFO]  #      Type
22:53:24 [INFO]  2      Failed Transformation Attempts
22:53:24 [INFO]  4      I     Add Relational Node
22:53:24 [INFO]  3      II    Add Fact Node and Edge
22:53:24 [INFO]  5      III   Add Relational edges - New Rule
22:53:24 [INFO]  7      IV    Add Relational Edge - New Literal
22:53:24 [INFO]  6      IX    Remove Fact Node and Edge
22:53:24 [INFO]  2      V     Remove Relational Edges - Whole Rule
22:53:24 [INFO]  0      VI    Remove Relational Edge - Single Literal
22:53:24 [INFO]  7      VII   Modify Rule - Add Equality
22:53:24 [INFO]  3      VIII  Modify Rule - Remove Equality
22:53:24 [INFO]  6      XI   Add Contradictory Rule
22:53:24 [INFO]  4      Xa     Remove Relational Node Rule Variant - None anc only
22:53:24 [INFO] ----------------------------------------------
22:53:24 [INFO] 
22:53:24 [INFO] Writing output ADG and file.
22:53:24 [INFO] 
22:53:24 [INFO] ----------------------------------------------
22:53:24 [INFO] -- Beginning Nemo Execution - Input Program --
22:53:24 [INFO] ----------------------------------------------
22:53:24 [INFO] Stratified program: [[0, 1, 2, 3, 4, 5, 6, 7, 8, 9, 10, 11, 12, 13, 14, 22, 23, 25], [15, 16, 17, 18, 19, 20, 21, 24, 26, 27, 28, 29, 30, 31, 32]]
22:53:24 [INFO] <<< STEP 1: APPLYING RULE 0 class(?O) :- TRIPLE(?X, ?P, ?O), ClassObject(?P) >>>
22:53:24 [INFO] Loading source RdfReader { read: "<unspecified std::io::Read>", variant: NTriples, base: None }
22:53:24 [INFO] Starting RDF import (format ntriples)
22:53:25 [INFO] Finished import: processed 245662 triples
22:53:25 [INFO] Loading source SimpleTable { arity: 1, data: [AnyDataValue(Iri(IriDataValue("http://www.w3.org/2002/07/owl#someValuesFrom"))), AnyDataValue(Iri(IriDataValue("http://www.w3.org/1999/02/22-rdf-syntax-ns#first"))), AnyDataValue(Iri(IriDataValue("http://www.w3.org/2000/01/rdf-schema#subClassOf"))), AnyDataValue(Iri(IriDataValue("http://www.w3.org/2002/07/owl#equivalentClass")))] }
22:53:25 [INFO] Execution step: Body
22:53:25 [INFO] Saved temporary table: 54932 entries (223128)
22:53:25 [INFO] Execution step: Duplicate Elimination (Datalog)
22:53:25 [INFO] Saved permanent table class (1) Permutation { idx_to_val: [], val_to_idx: [] } with 54932 entries (223176)
22:53:25 [INFO] Rule duration: 1395 ms
22:53:25 [INFO] <<< STEP 2: APPLYING RULE 0 class(?O) :- TRIPLE(?X, ?P, ?O), ClassObject(?P) >>>
22:53:25 [INFO] Execution step: Body
22:53:25 [INFO] Trie does not contain any elements
22:53:25 [INFO] Execution step: Duplicate Elimination (Datalog)
22:53:25 [INFO] Trie does not contain any elements
22:53:25 [INFO] Rule duration: 0 ms
22:53:25 [INFO] <<< STEP 3: APPLYING RULE 1 class(?X) :- TRIPLE(?X, ?P, ?O), ClassSubject(?P) >>>
22:53:25 [INFO] Loading source SimpleTable { arity: 1, data: [AnyDataValue(Iri(IriDataValue("http://www.w3.org/2000/01/rdf-schema#subClassOf"))), AnyDataValue(Iri(IriDataValue("http://www.w3.org/2002/07/owl#equivalentClass")))] }
22:53:25 [INFO] Execution step: Body
22:53:25 [INFO] Saved temporary table: 23117 entries (95868)
22:53:25 [INFO] Execution step: Duplicate Elimination (Datalog)
22:53:25 [INFO] Saved permanent table class (3) Permutation { idx_to_val: [], val_to_idx: [] } with 13170 entries (56128)
22:53:25 [INFO] Rule duration: 17 ms
22:53:25 [INFO] <<< STEP 4: APPLYING RULE 1 class(?X) :- TRIPLE(?X, ?P, ?O), ClassSubject(?P) >>>
22:53:25 [INFO] Execution step: Body
22:53:25 [INFO] Trie does not contain any elements
22:53:25 [INFO] Execution step: Duplicate Elimination (Datalog)
22:53:25 [INFO] Trie does not contain any elements
22:53:25 [INFO] Rule duration: 0 ms
22:53:25 [INFO] <<< STEP 5: APPLYING RULE 2 synEx(?Y, ?P, ?X), auxClass(?X) :- TRIPLE(?X, ?_BODY_1, ?Y), TRIPLE(?X, ?_BODY_2, ?P), Equal(?_BODY_1, <http://www.w3.org/2002/07/owl#someValuesFrom>), Equal(?_BODY_2, <http://www.w3.org/2002/07/owl#onProperty>) >>>
22:53:25 [INFO] Execution step: Body
22:53:25 [INFO] Saved temporary table: 29618 entries (468332)
22:53:25 [INFO] Saved temporary table: 29618 entries (121872)
22:53:25 [INFO] Execution step: Duplicate Elimination (Datalog)
22:53:25 [INFO] Saved permanent table synEx (5) Permutation { idx_to_val: [], val_to_idx: [] } with 29618 entries (468380)
22:53:25 [INFO] Execution step: Duplicate Elimination (Datalog)
22:53:25 [INFO] Saved permanent table auxClass (5) Permutation { idx_to_val: [], val_to_idx: [] } with 29618 entries (121920)
22:53:25 [INFO] Rule duration: 62 ms
22:53:25 [INFO] <<< STEP 6: APPLYING RULE 2 synEx(?Y, ?P, ?X), auxClass(?X) :- TRIPLE(?X, ?_BODY_1, ?Y), TRIPLE(?X, ?_BODY_2, ?P), Equal(?_BODY_1, <http://www.w3.org/2002/07/owl#someValuesFrom>), Equal(?_BODY_2, <http://www.w3.org/2002/07/owl#onProperty>) >>>
22:53:25 [INFO] Execution step: Body
22:53:25 [INFO] Trie does not contain any elements
22:53:25 [INFO] Trie does not contain any elements
22:53:25 [INFO] Execution step: Duplicate Elimination (Datalog)
22:53:25 [INFO] Trie does not contain any elements
22:53:25 [INFO] Execution step: Duplicate Elimination (Datalog)
22:53:25 [INFO] Trie does not contain any elements
22:53:25 [INFO] Rule duration: 0 ms
22:53:25 [INFO] <<< STEP 7: APPLYING RULE 3 next(?L1, ?L2) :- TRIPLE(?L1, ?_BODY_1, ?L2), Equal(?_BODY_1, <http://www.w3.org/1999/02/22-rdf-syntax-ns#rest>) >>>
22:53:26 [INFO] Execution step: Body
22:53:26 [INFO] Saved temporary table: 32739 entries (269100)
22:53:26 [INFO] Execution step: Duplicate Elimination (Datalog)
22:53:26 [INFO] Saved permanent table next (7) Permutation { idx_to_val: [], val_to_idx: [] } with 32739 entries (269148)
22:53:26 [INFO] Rule duration: 197 ms
22:53:26 [INFO] <<< STEP 8: APPLYING RULE 3 next(?L1, ?L2) :- TRIPLE(?L1, ?_BODY_1, ?L2), Equal(?_BODY_1, <http://www.w3.org/1999/02/22-rdf-syntax-ns#rest>) >>>
22:53:26 [INFO] Execution step: Body
22:53:26 [INFO] Trie does not contain any elements
22:53:26 [INFO] Execution step: Duplicate Elimination (Datalog)
22:53:26 [INFO] Trie does not contain any elements
22:53:26 [INFO] Rule duration: 0 ms
22:53:26 [INFO] <<< STEP 9: APPLYING RULE 4 first(?L1) :- TRIPLE(?X, ?_BODY_1, ?L1), Equal(?_BODY_1, <http://www.w3.org/2002/07/owl#intersectionOf>) >>>
22:53:26 [INFO] Execution step: Body
22:53:26 [INFO] Saved temporary table: 15348 entries (64792)
22:53:26 [INFO] Execution step: Duplicate Elimination (Datalog)
22:53:26 [INFO] Saved permanent table first (9) Permutation { idx_to_val: [], val_to_idx: [] } with 15348 entries (64840)
22:53:26 [INFO] Rule duration: 6 ms
22:53:26 [INFO] <<< STEP 10: APPLYING RULE 4 first(?L1) :- TRIPLE(?X, ?_BODY_1, ?L1), Equal(?_BODY_1, <http://www.w3.org/2002/07/owl#intersectionOf>) >>>
22:53:26 [INFO] Execution step: Body
22:53:26 [INFO] Trie does not contain any elements
22:53:26 [INFO] Execution step: Duplicate Elimination (Datalog)
22:53:26 [INFO] Trie does not contain any elements
22:53:26 [INFO] Rule duration: 0 ms
22:53:26 [INFO] <<< STEP 11: APPLYING RULE 5 nonfirst(?L2) :- first(?L1), next(?L1, ?L2) >>>
22:53:26 [INFO] Execution step: Body
22:53:26 [INFO] Saved temporary table: 15348 entries (64792)
22:53:26 [INFO] Execution step: Duplicate Elimination (Datalog)
22:53:26 [INFO] Saved permanent table nonfirst (11) Permutation { idx_to_val: [], val_to_idx: [] } with 15348 entries (64840)
22:53:26 [INFO] Rule duration: 6 ms
22:53:26 [INFO] <<< STEP 12: APPLYING RULE 5 nonfirst(?L2) :- first(?L1), next(?L1, ?L2) >>>
22:53:26 [INFO] Execution step: Body
22:53:26 [INFO] Trie does not contain any elements
22:53:26 [INFO] Execution step: Duplicate Elimination (Datalog)
22:53:26 [INFO] Trie does not contain any elements
22:53:26 [INFO] Rule duration: 0 ms
22:53:26 [INFO] <<< STEP 13: APPLYING RULE 6 nonfirst(?L2) :- nonfirst(?L1), next(?L1, ?L2) >>>
22:53:26 [INFO] Execution step: Body
22:53:26 [INFO] Saved temporary table: 1719 entries (10276)
22:53:26 [INFO] Execution step: Duplicate Elimination (Datalog)
22:53:26 [INFO] Saved permanent table nonfirst (13) Permutation { idx_to_val: [], val_to_idx: [] } with 1719 entries (10324)
22:53:26 [INFO] Rule duration: 4 ms
22:53:26 [INFO] <<< STEP 14: APPLYING RULE 6 nonfirst(?L2) :- nonfirst(?L1), next(?L1, ?L2) >>>
22:53:26 [INFO] Execution step: Body
22:53:26 [INFO] Saved temporary table: 298 entries (4592)
22:53:26 [INFO] Execution step: Duplicate Elimination (Datalog)
22:53:26 [INFO] Saved permanent table nonfirst (14) Permutation { idx_to_val: [], val_to_idx: [] } with 297 entries (4636)
22:53:26 [INFO] Rule duration: 1 ms
22:53:26 [INFO] <<< STEP 15: APPLYING RULE 6 nonfirst(?L2) :- nonfirst(?L1), next(?L1, ?L2) >>>
22:53:26 [INFO] Execution step: Body
22:53:26 [INFO] Saved temporary table: 26 entries (3504)
22:53:26 [INFO] Execution step: Duplicate Elimination (Datalog)
22:53:26 [INFO] Saved permanent table nonfirst (15) Permutation { idx_to_val: [], val_to_idx: [] } with 25 entries (3548)
22:53:26 [INFO] Rule duration: 0 ms
22:53:26 [INFO] <<< STEP 16: APPLYING RULE 6 nonfirst(?L2) :- nonfirst(?L1), next(?L1, ?L2) >>>
22:53:26 [INFO] Execution step: Body
22:53:26 [INFO] Saved temporary table: 4 entries (3416)
22:53:26 [INFO] Execution step: Duplicate Elimination (Datalog)
22:53:26 [INFO] Saved permanent table nonfirst (16) Permutation { idx_to_val: [], val_to_idx: [] } with 3 entries (3460)
22:53:26 [INFO] Rule duration: 0 ms
22:53:26 [INFO] <<< STEP 17: APPLYING RULE 6 nonfirst(?L2) :- nonfirst(?L1), next(?L1, ?L2) >>>
22:53:26 [INFO] Execution step: Body
22:53:26 [INFO] Saved temporary table: 1 entries (3404)
22:53:26 [INFO] Execution step: Duplicate Elimination (Datalog)
22:53:26 [INFO] Trie does not contain any elements
22:53:26 [INFO] Rule duration: 0 ms
22:53:26 [INFO] <<< STEP 18: APPLYING RULE 7 last(?Ln) :- next(?Ln, ?_BODY_1), Equal(?_BODY_1, <http://www.w3.org/1999/02/22-rdf-syntax-ns#nil>) >>>
22:53:26 [INFO] Execution step: Body
22:53:26 [INFO] Saved temporary table: 15348 entries (64792)
22:53:26 [INFO] Execution step: Duplicate Elimination (Datalog)
22:53:26 [INFO] Saved permanent table last (18) Permutation { idx_to_val: [], val_to_idx: [] } with 15348 entries (64840)
22:53:26 [INFO] Rule duration: 22 ms
22:53:26 [INFO] <<< STEP 19: APPLYING RULE 7 last(?Ln) :- next(?Ln, ?_BODY_1), Equal(?_BODY_1, <http://www.w3.org/1999/02/22-rdf-syntax-ns#nil>) >>>
22:53:26 [INFO] Execution step: Body
22:53:26 [INFO] Trie does not contain any elements
22:53:26 [INFO] Execution step: Duplicate Elimination (Datalog)
22:53:26 [INFO] Trie does not contain any elements
22:53:26 [INFO] Rule duration: 0 ms
22:53:26 [INFO] <<< STEP 20: APPLYING RULE 8 nonlast(?L) :- next(?L, ?Ln), last(?Ln) >>>
22:53:26 [INFO] Execution step: Body
22:53:26 [INFO] Saved temporary table: 15348 entries (64792)
22:53:26 [INFO] Execution step: Duplicate Elimination (Datalog)
22:53:26 [INFO] Saved permanent table nonlast (20) Permutation { idx_to_val: [], val_to_idx: [] } with 15348 entries (64840)
22:53:26 [INFO] Rule duration: 6 ms
22:53:26 [INFO] <<< STEP 21: APPLYING RULE 8 nonlast(?L) :- next(?L, ?Ln), last(?Ln) >>>
22:53:26 [INFO] Execution step: Body
22:53:26 [INFO] Trie does not contain any elements
22:53:26 [INFO] Execution step: Duplicate Elimination (Datalog)
22:53:26 [INFO] Trie does not contain any elements
22:53:26 [INFO] Rule duration: 0 ms
22:53:26 [INFO] <<< STEP 22: APPLYING RULE 9 nonlast(?L1) :- next(?L1, ?L2), nonlast(?L2) >>>
22:53:26 [INFO] Execution step: Body
22:53:26 [INFO] Saved temporary table: 1718 entries (10272)
22:53:26 [INFO] Execution step: Duplicate Elimination (Datalog)
22:53:26 [INFO] Saved permanent table nonlast (22) Permutation { idx_to_val: [], val_to_idx: [] } with 1718 entries (10320)
22:53:26 [INFO] Rule duration: 1 ms
22:53:26 [INFO] <<< STEP 23: APPLYING RULE 9 nonlast(?L1) :- next(?L1, ?L2), nonlast(?L2) >>>
22:53:26 [INFO] Execution step: Body
22:53:26 [INFO] Saved temporary table: 297 entries (4588)
22:53:26 [INFO] Execution step: Duplicate Elimination (Datalog)
22:53:26 [INFO] Saved permanent table nonlast (23) Permutation { idx_to_val: [], val_to_idx: [] } with 297 entries (4636)
22:53:26 [INFO] Rule duration: 0 ms
22:53:26 [INFO] <<< STEP 24: APPLYING RULE 9 nonlast(?L1) :- next(?L1, ?L2), nonlast(?L2) >>>
22:53:26 [INFO] Execution step: Body
22:53:26 [INFO] Saved temporary table: 25 entries (3500)
22:53:26 [INFO] Execution step: Duplicate Elimination (Datalog)
22:53:26 [INFO] Saved permanent table nonlast (24) Permutation { idx_to_val: [], val_to_idx: [] } with 25 entries (3548)
22:53:26 [INFO] Rule duration: 0 ms
22:53:26 [INFO] <<< STEP 25: APPLYING RULE 9 nonlast(?L1) :- next(?L1, ?L2), nonlast(?L2) >>>
22:53:26 [INFO] Execution step: Body
22:53:26 [INFO] Saved temporary table: 3 entries (3412)
22:53:26 [INFO] Execution step: Duplicate Elimination (Datalog)
22:53:26 [INFO] Saved permanent table nonlast (25) Permutation { idx_to_val: [], val_to_idx: [] } with 3 entries (3460)
22:53:26 [INFO] Rule duration: 0 ms
22:53:26 [INFO] <<< STEP 26: APPLYING RULE 9 nonlast(?L1) :- next(?L1, ?L2), nonlast(?L2) >>>
22:53:26 [INFO] Execution step: Body
22:53:26 [INFO] Trie does not contain any elements
22:53:26 [INFO] Execution step: Duplicate Elimination (Datalog)
22:53:26 [INFO] Trie does not contain any elements
22:53:26 [INFO] Rule duration: 0 ms
22:53:26 [INFO] <<< STEP 27: APPLYING RULE 10 in(?L, ?C) :- TRIPLE(?L, ?_BODY_1, ?C), Equal(?_BODY_1, <http://www.w3.org/1999/02/22-rdf-syntax-ns#first>) >>>
22:53:26 [INFO] Execution step: Body
22:53:26 [INFO] Saved temporary table: 32739 entries (269100)
22:53:26 [INFO] Execution step: Duplicate Elimination (Datalog)
22:53:26 [INFO] Saved permanent table in (27) Permutation { idx_to_val: [], val_to_idx: [] } with 32739 entries (269148)
22:53:26 [INFO] Rule duration: 13 ms
22:53:26 [INFO] <<< STEP 28: APPLYING RULE 10 in(?L, ?C) :- TRIPLE(?L, ?_BODY_1, ?C), Equal(?_BODY_1, <http://www.w3.org/1999/02/22-rdf-syntax-ns#first>) >>>
22:53:26 [INFO] Execution step: Body
22:53:26 [INFO] Trie does not contain any elements
22:53:26 [INFO] Execution step: Duplicate Elimination (Datalog)
22:53:26 [INFO] Trie does not contain any elements
22:53:26 [INFO] Rule duration: 0 ms
22:53:26 [INFO] <<< STEP 29: APPLYING RULE 11 synConj(?X, ?C1, ?C2), auxClass(?X) :- TRIPLE(?X, ?_BODY_1, ?L1), next(?L1, ?L2), last(?L2), in(?L1, ?C1), in(?L2, ?C2), Equal(?_BODY_1, <http://www.w3.org/2002/07/owl#intersectionOf>) >>>
22:53:26 [INFO] Execution step: Body
22:53:26 [INFO] Saved temporary table: 13630 entries (174536)
22:53:26 [INFO] Saved temporary table: 13630 entries (57920)
22:53:26 [INFO] Execution step: Duplicate Elimination (Datalog)
22:53:26 [INFO] Saved permanent table synConj (29) Permutation { idx_to_val: [], val_to_idx: [] } with 13630 entries (174584)
22:53:26 [INFO] Execution step: Duplicate Elimination (Datalog)
22:53:26 [INFO] Saved permanent table auxClass (29) Permutation { idx_to_val: [], val_to_idx: [] } with 13630 entries (57968)
22:53:26 [INFO] Rule duration: 131 ms
22:53:26 [INFO] <<< STEP 30: APPLYING RULE 11 synConj(?X, ?C1, ?C2), auxClass(?X) :- TRIPLE(?X, ?_BODY_1, ?L1), next(?L1, ?L2), last(?L2), in(?L1, ?C1), in(?L2, ?C2), Equal(?_BODY_1, <http://www.w3.org/2002/07/owl#intersectionOf>) >>>
22:53:26 [INFO] Execution step: Body
22:53:26 [INFO] Trie does not contain any elements
22:53:26 [INFO] Trie does not contain any elements
22:53:26 [INFO] Execution step: Duplicate Elimination (Datalog)
22:53:26 [INFO] Trie does not contain any elements
22:53:26 [INFO] Execution step: Duplicate Elimination (Datalog)
22:53:26 [INFO] Trie does not contain any elements
22:53:26 [INFO] Rule duration: 0 ms
22:53:26 [INFO] <<< STEP 31: APPLYING RULE 12 synConj(?X, ?C1, ?L2), auxClass(?X) :- TRIPLE(?X, ?_BODY_1, ?L1), next(?L1, ?L2), nonlast(?L2), in(?L1, ?C1), Equal(?_BODY_1, <http://www.w3.org/2002/07/owl#intersectionOf>) >>>
22:53:26 [INFO] Execution step: Body
22:53:26 [INFO] Saved temporary table: 1718 entries (10272)
22:53:26 [INFO] Saved temporary table: 1718 entries (31592)
22:53:26 [INFO] Execution step: Duplicate Elimination (Datalog)
22:53:26 [INFO] Saved permanent table auxClass (31) Permutation { idx_to_val: [], val_to_idx: [] } with 1718 entries (10320)
22:53:26 [INFO] Execution step: Duplicate Elimination (Datalog)
22:53:26 [INFO] Saved permanent table synConj (31) Permutation { idx_to_val: [], val_to_idx: [] } with 1718 entries (31640)
22:53:26 [INFO] Rule duration: 32 ms
22:53:26 [INFO] <<< STEP 32: APPLYING RULE 12 synConj(?X, ?C1, ?L2), auxClass(?X) :- TRIPLE(?X, ?_BODY_1, ?L1), next(?L1, ?L2), nonlast(?L2), in(?L1, ?C1), Equal(?_BODY_1, <http://www.w3.org/2002/07/owl#intersectionOf>) >>>
22:53:26 [INFO] Execution step: Body
22:53:26 [INFO] Trie does not contain any elements
22:53:26 [INFO] Trie does not contain any elements
22:53:26 [INFO] Execution step: Duplicate Elimination (Datalog)
22:53:26 [INFO] Trie does not contain any elements
22:53:26 [INFO] Execution step: Duplicate Elimination (Datalog)
22:53:26 [INFO] Trie does not contain any elements
22:53:26 [INFO] Rule duration: 0 ms
22:53:26 [INFO] <<< STEP 33: APPLYING RULE 13 synConj(?L1, ?C1, ?L2), auxClass(?L1) :- nonfirst(?L1), next(?L1, ?L2), nonlast(?L2), in(?L1, ?C1) >>>
22:53:26 [INFO] Execution step: Body
22:53:26 [INFO] Saved temporary table: 325 entries (4700)
22:53:26 [INFO] Saved temporary table: 325 entries (14876)
22:53:26 [INFO] Execution step: Duplicate Elimination (Datalog)
22:53:26 [INFO] Saved permanent table auxClass (33) Permutation { idx_to_val: [], val_to_idx: [] } with 325 entries (4748)
22:53:26 [INFO] Execution step: Duplicate Elimination (Datalog)
22:53:26 [INFO] Saved permanent table synConj (33) Permutation { idx_to_val: [], val_to_idx: [] } with 325 entries (14924)
22:53:26 [INFO] Rule duration: 11 ms
22:53:26 [INFO] <<< STEP 34: APPLYING RULE 13 synConj(?L1, ?C1, ?L2), auxClass(?L1) :- nonfirst(?L1), next(?L1, ?L2), nonlast(?L2), in(?L1, ?C1) >>>
22:53:26 [INFO] Execution step: Body
22:53:26 [INFO] Trie does not contain any elements
22:53:26 [INFO] Trie does not contain any elements
22:53:26 [INFO] Execution step: Duplicate Elimination (Datalog)
22:53:26 [INFO] Trie does not contain any elements
22:53:26 [INFO] Execution step: Duplicate Elimination (Datalog)
22:53:26 [INFO] Trie does not contain any elements
22:53:26 [INFO] Rule duration: 0 ms
22:53:26 [INFO] <<< STEP 35: APPLYING RULE 14 synConj(?L1, ?C1, ?C2), auxClass(?L1) :- nonfirst(?L1), next(?L1, ?L2), last(?L2), in(?L1, ?C1), in(?L2, ?C2) >>>
22:53:26 [INFO] Execution step: Body
22:53:26 [INFO] Saved temporary table: 1718 entries (31592)
22:53:26 [INFO] Saved temporary table: 1718 entries (10272)
22:53:26 [INFO] Execution step: Duplicate Elimination (Datalog)
22:53:26 [INFO] Saved permanent table synConj (35) Permutation { idx_to_val: [], val_to_idx: [] } with 1718 entries (31640)
22:53:26 [INFO] Execution step: Duplicate Elimination (Datalog)
22:53:26 [INFO] Saved permanent table auxClass (35) Permutation { idx_to_val: [], val_to_idx: [] } with 1718 entries (10320)
22:53:26 [INFO] Rule duration: 16 ms
22:53:26 [INFO] <<< STEP 36: APPLYING RULE 14 synConj(?L1, ?C1, ?C2), auxClass(?L1) :- nonfirst(?L1), next(?L1, ?L2), last(?L2), in(?L1, ?C1), in(?L2, ?C2) >>>
22:53:26 [INFO] Execution step: Body
22:53:26 [INFO] Trie does not contain any elements
22:53:26 [INFO] Trie does not contain any elements
22:53:26 [INFO] Execution step: Duplicate Elimination (Datalog)
22:53:26 [INFO] Trie does not contain any elements
22:53:26 [INFO] Execution step: Duplicate Elimination (Datalog)
22:53:26 [INFO] Trie does not contain any elements
22:53:26 [INFO] Rule duration: 0 ms
22:53:26 [INFO] <<< STEP 37: APPLYING RULE 22 prepareSco(?X, ?Y) :- TRIPLE(?X, ?_BODY_1, ?Y), Equal(?_BODY_1, <http://www.w3.org/2000/01/rdf-schema#subClassOf>) >>>
22:53:26 [INFO] Execution step: Body
22:53:26 [INFO] Saved temporary table: 25563 entries (290582)
22:53:26 [INFO] Execution step: Duplicate Elimination (Datalog)
22:53:26 [INFO] Saved permanent table prepareSco (37) Permutation { idx_to_val: [], val_to_idx: [] } with 25563 entries (290630)
22:53:26 [INFO] Rule duration: 9 ms
22:53:26 [INFO] <<< STEP 38: APPLYING RULE 22 prepareSco(?X, ?Y) :- TRIPLE(?X, ?_BODY_1, ?Y), Equal(?_BODY_1, <http://www.w3.org/2000/01/rdf-schema#subClassOf>) >>>
22:53:26 [INFO] Execution step: Body
22:53:26 [INFO] Trie does not contain any elements
22:53:26 [INFO] Execution step: Duplicate Elimination (Datalog)
22:53:26 [INFO] Trie does not contain any elements
22:53:26 [INFO] Rule duration: 0 ms
22:53:26 [INFO] <<< STEP 39: APPLYING RULE 23 prepareSco(?X, ?Y), prepareSco(?Y, ?X) :- TRIPLE(?X, ?_BODY_1, ?Y), Equal(?_BODY_1, <http://www.w3.org/2002/07/owl#equivalentClass>) >>>
22:53:26 [INFO] Execution step: Body
22:53:26 [INFO] Saved temporary table: 9968 entries (86932)
22:53:26 [INFO] Saved temporary table: 9968 entries (86932)
22:53:26 [INFO] Execution step: Duplicate Elimination (Datalog)
22:53:26 [INFO] Saved permanent table prepareSco (39) Permutation { idx_to_val: [], val_to_idx: [] } with 19936 entries (166724)
22:53:26 [INFO] Rule duration: 12 ms
22:53:26 [INFO] <<< STEP 40: APPLYING RULE 23 prepareSco(?X, ?Y), prepareSco(?Y, ?X) :- TRIPLE(?X, ?_BODY_1, ?Y), Equal(?_BODY_1, <http://www.w3.org/2002/07/owl#equivalentClass>) >>>
22:53:26 [INFO] Execution step: Body
22:53:26 [INFO] Trie does not contain any elements
22:53:26 [INFO] Trie does not contain any elements
22:53:26 [INFO] Execution step: Duplicate Elimination (Datalog)
22:53:26 [INFO] Trie does not contain any elements
22:53:26 [INFO] Rule duration: 0 ms
22:53:26 [INFO] <<< STEP 41: APPLYING RULE 25 http://rulewerk.semantic-web.org/normalForm/subClassOf(!C, <http://www.w3.org/2002/07/owl#Nothing>), http://rulewerk.semantic-web.org/normalForm/conj(!C, ?X, ?Y), http://rulewerk.semantic-web.org/normalForm/isSubClass(!C), http://rulewerk.semantic-web.org/normalForm/isSubClass(?X), http://rulewerk.semantic-web.org/normalForm/isSubClass(?Y) :- TRIPLE(?X, ?_BODY_1, ?Y), Equal(?_BODY_1, <http://www.w3.org/2002/07/owl#disjointWith>) >>>
22:53:26 [INFO] Execution step: Project/Reorder
22:53:26 [INFO] Trie does not contain any elements
22:53:26 [INFO] Execution step: Body
22:53:26 [INFO] Trie does not contain any elements
22:53:26 [INFO] Trie does not contain any elements
22:53:26 [INFO] Trie does not contain any elements
22:53:26 [INFO] Execution step: Head (Restricted): Updated Sat. Frontier
22:53:26 [INFO] Trie does not contain any elements
22:53:26 [INFO] Execution step: Head (Restricted): Nulls
22:53:26 [INFO] Trie does not contain any elements
22:53:26 [INFO] Trie does not contain any elements
22:53:26 [INFO] Trie does not contain any elements
22:53:26 [INFO] Execution step: Duplicate Elimination (Datalog)
22:53:26 [INFO] Trie does not contain any elements
22:53:26 [INFO] Execution step: Duplicate Elimination (Datalog)
22:53:26 [INFO] Trie does not contain any elements
22:53:26 [INFO] Execution step: Duplicate Elimination (Datalog)
22:53:26 [INFO] Trie does not contain any elements
22:53:26 [INFO] Rule duration: 0 ms
22:53:26 [INFO] <<< STEP 42: APPLYING RULE 15 http://rulewerk.semantic-web.org/normalForm/isMainClass(?X) :- class(?X), auxClass(?X) >>>
22:53:26 [INFO] Execution step: Project/Reorder
22:53:26 [INFO] Saved temporary table: 47009 entries (191484)
22:53:26 [INFO] Execution step: Body
22:53:26 [INFO] Saved temporary table: 23136 entries (95944)
22:53:26 [INFO] Execution step: Duplicate Elimination (Datalog)
22:53:26 [INFO] Saved permanent table http://rulewerk.semantic-web.org/normalForm/isMainClass (42) Permutation { idx_to_val: [], val_to_idx: [] } with 23136 entries (95992)
22:53:26 [INFO] Rule duration: 10 ms
22:53:26 [INFO] <<< STEP 43: APPLYING RULE 15 http://rulewerk.semantic-web.org/normalForm/isMainClass(?X) :- class(?X), auxClass(?X) >>>
22:53:26 [INFO] Execution step: Project/Reorder
22:53:26 [INFO] Saved temporary table: 47009 entries (191484)
22:53:26 [INFO] Execution step: Body
22:53:26 [INFO] Trie does not contain any elements
22:53:26 [INFO] Execution step: Duplicate Elimination (Datalog)
22:53:26 [INFO] Trie does not contain any elements
22:53:26 [INFO] Rule duration: 3 ms
22:53:26 [INFO] <<< STEP 44: APPLYING RULE 16 repOf(?X, ?X) :- http://rulewerk.semantic-web.org/normalForm/isMainClass(?X) >>>
22:53:26 [INFO] Execution step: Body
22:53:26 [INFO] Saved temporary table: 23136 entries (95944)
22:53:26 [INFO] Execution step: Duplicate Elimination (Datalog)
22:53:26 [INFO] Saved permanent table repOf (44) Permutation { idx_to_val: [], val_to_idx: [] } with 23136 entries (192324)
22:53:26 [INFO] Rule duration: 5 ms
22:53:26 [INFO] <<< STEP 45: APPLYING RULE 16 repOf(?X, ?X) :- http://rulewerk.semantic-web.org/normalForm/isMainClass(?X) >>>
22:53:26 [INFO] Execution step: Body
22:53:26 [INFO] Trie does not contain any elements
22:53:26 [INFO] Execution step: Duplicate Elimination (Datalog)
22:53:26 [INFO] Trie does not contain any elements
22:53:26 [INFO] Rule duration: 0 ms
22:53:26 [INFO] <<< STEP 46: APPLYING RULE 17 synExRep(?X, ?P, ?Rep) :- synEx(?Y, ?P, ?X), repOf(?Y, ?Rep) >>>
22:53:26 [INFO] Execution step: Body
22:53:26 [INFO] Saved temporary table: 24249 entries (301964)
22:53:26 [INFO] Execution step: Duplicate Elimination (Datalog)
22:53:26 [INFO] Saved permanent table synExRep (46) Permutation { idx_to_val: [], val_to_idx: [] } with 24249 entries (302012)
22:53:26 [INFO] Rule duration: 33 ms
22:53:26 [INFO] <<< STEP 47: APPLYING RULE 18 http://rulewerk.semantic-web.org/normalForm/exists(!New, ?P, ?Rep) :- synExRep(?X, ?P, ?Rep) >>>
22:53:26 [INFO] Execution step: Project/Reorder
22:53:26 [INFO] Trie does not contain any elements
22:53:26 [INFO] Execution step: Body
22:53:26 [INFO] Saved temporary table: 11233 entries (55794)
22:53:26 [INFO] Execution step: Head (Restricted): Updated Sat. Frontier
22:53:26 [INFO] Saved permanent table Restricted Chase Helper Table with 11233 entries (55842)
22:53:26 [INFO] Execution step: Head (Restricted): Nulls
22:53:26 [INFO] Saved temporary table: 11233 entries (100902)
22:53:26 [INFO] Execution step: Duplicate Elimination (Datalog)
22:53:26 [INFO] Saved permanent table http://rulewerk.semantic-web.org/normalForm/exists (47) Permutation { idx_to_val: [], val_to_idx: [] } with 11233 entries (100950)
22:53:26 [INFO] Rule duration: 40 ms
22:53:26 [INFO] <<< STEP 48: APPLYING RULE 19 repOf(?X, ?N) :- synExRep(?X, ?P, ?Rep), http://rulewerk.semantic-web.org/normalForm/exists(?N, ?P, ?Rep) >>>
22:53:26 [INFO] Execution step: Body
22:53:26 [INFO] Saved temporary table: 24249 entries (201180)
22:53:26 [INFO] Execution step: Duplicate Elimination (Datalog)
22:53:26 [INFO] Saved permanent table repOf (48) Permutation { idx_to_val: [], val_to_idx: [] } with 24249 entries (201228)
22:53:26 [INFO] Rule duration: 63 ms
22:53:26 [INFO] <<< STEP 49: APPLYING RULE 20 http://rulewerk.semantic-web.org/normalForm/conj(!New, ?R1, ?R2) :- synConj(?X, ?C1, ?C2), repOf(?C1, ?R1), repOf(?C2, ?R2) >>>
22:53:26 [INFO] Execution step: Project/Reorder
22:53:26 [INFO] Trie does not contain any elements
22:53:26 [INFO] Execution step: Body
22:53:26 [INFO] Saved temporary table: 8647 entries (73026)
22:53:26 [INFO] Execution step: Head (Restricted): Updated Sat. Frontier
22:53:26 [INFO] Saved permanent table Restricted Chase Helper Table with 8647 entries (73074)
22:53:26 [INFO] Execution step: Head (Restricted): Nulls
22:53:26 [INFO] Saved temporary table: 8647 entries (80214)
22:53:26 [INFO] Execution step: Duplicate Elimination (Datalog)
22:53:26 [INFO] Saved permanent table http://rulewerk.semantic-web.org/normalForm/conj (49) Permutation { idx_to_val: [], val_to_idx: [] } with 8647 entries (80262)
22:53:26 [INFO] Rule duration: 53 ms
22:53:26 [INFO] <<< STEP 50: APPLYING RULE 21 repOf(?X, ?N) :- synConj(?X, ?C1, ?C2), repOf(?C1, ?R1), repOf(?C2, ?R2), http://rulewerk.semantic-web.org/normalForm/conj(?N, ?R1, ?R2) >>>
22:53:26 [INFO] Execution step: Body
22:53:26 [INFO] Saved temporary table: 11646 entries (100356)
22:53:26 [INFO] Execution step: Duplicate Elimination (Datalog)
22:53:26 [INFO] Saved permanent table repOf (50) Permutation { idx_to_val: [], val_to_idx: [] } with 11646 entries (100404)
22:53:26 [INFO] Rule duration: 40 ms
22:53:26 [INFO] <<< STEP 51: APPLYING RULE 21 repOf(?X, ?N) :- synConj(?X, ?C1, ?C2), repOf(?C1, ?R1), repOf(?C2, ?R2), http://rulewerk.semantic-web.org/normalForm/conj(?N, ?R1, ?R2) >>>
22:53:26 [INFO] Execution step: Body
22:53:26 [INFO] Trie does not contain any elements
22:53:26 [INFO] Execution step: Duplicate Elimination (Datalog)
22:53:26 [INFO] Trie does not contain any elements
22:53:26 [INFO] Rule duration: 14 ms
22:53:26 [INFO] <<< STEP 52: APPLYING RULE 17 synExRep(?X, ?P, ?Rep) :- synEx(?Y, ?P, ?X), repOf(?Y, ?Rep) >>>
22:53:26 [INFO] Execution step: Body
22:53:26 [INFO] Saved temporary table: 4130 entries (60536)
22:53:26 [INFO] Execution step: Duplicate Elimination (Datalog)
22:53:26 [INFO] Saved permanent table synExRep (52) Permutation { idx_to_val: [], val_to_idx: [] } with 4130 entries (60584)
22:53:26 [INFO] Rule duration: 5 ms
22:53:26 [INFO] <<< STEP 53: APPLYING RULE 18 http://rulewerk.semantic-web.org/normalForm/exists(!New, ?P, ?Rep) :- synExRep(?X, ?P, ?Rep) >>>
22:53:26 [INFO] Execution step: Project/Reorder
22:53:26 [INFO] Trie does not contain any elements
22:53:26 [INFO] Execution step: Body
22:53:26 [INFO] Saved temporary table: 1997 entries (17278)
22:53:26 [INFO] Execution step: Head (Restricted): Updated Sat. Frontier
22:53:26 [INFO] Saved permanent table Restricted Chase Helper Table with 1997 entries (17326)
22:53:26 [INFO] Execution step: Head (Restricted): Nulls
22:53:26 [INFO] Saved temporary table: 1997 entries (27014)
22:53:26 [INFO] Execution step: Duplicate Elimination (Datalog)
22:53:26 [INFO] Saved permanent table http://rulewerk.semantic-web.org/normalForm/exists (53) Permutation { idx_to_val: [], val_to_idx: [] } with 1997 entries (27062)
22:53:26 [INFO] Rule duration: 5 ms
22:53:26 [INFO] <<< STEP 54: APPLYING RULE 19 repOf(?X, ?N) :- synExRep(?X, ?P, ?Rep), http://rulewerk.semantic-web.org/normalForm/exists(?N, ?P, ?Rep) >>>
22:53:26 [INFO] Execution step: Body
22:53:26 [INFO] Saved temporary table: 4130 entries (40228)
22:53:26 [INFO] Execution step: Duplicate Elimination (Datalog)
22:53:26 [INFO] Saved permanent table repOf (54) Permutation { idx_to_val: [], val_to_idx: [] } with 4130 entries (40276)
22:53:26 [INFO] Rule duration: 7 ms
22:53:26 [INFO] <<< STEP 55: APPLYING RULE 20 http://rulewerk.semantic-web.org/normalForm/conj(!New, ?R1, ?R2) :- synConj(?X, ?C1, ?C2), repOf(?C1, ?R1), repOf(?C2, ?R2) >>>
22:53:26 [INFO] Execution step: Project/Reorder
22:53:26 [INFO] Trie does not contain any elements
22:53:26 [INFO] Execution step: Body
22:53:26 [INFO] Saved temporary table: 3284 entries (32434)
22:53:26 [INFO] Execution step: Head (Restricted): Updated Sat. Frontier
22:53:26 [INFO] Saved permanent table Restricted Chase Helper Table with 3284 entries (32482)
22:53:26 [INFO] Execution step: Head (Restricted): Nulls
22:53:26 [INFO] Saved temporary table: 3284 entries (37310)
22:53:26 [INFO] Execution step: Duplicate Elimination (Datalog)
22:53:26 [INFO] Saved permanent table http://rulewerk.semantic-web.org/normalForm/conj (55) Permutation { idx_to_val: [], val_to_idx: [] } with 3284 entries (37358)
22:53:26 [INFO] Rule duration: 25 ms
22:53:26 [INFO] <<< STEP 56: APPLYING RULE 21 repOf(?X, ?N) :- synConj(?X, ?C1, ?C2), repOf(?C1, ?R1), repOf(?C2, ?R2), http://rulewerk.semantic-web.org/normalForm/conj(?N, ?R1, ?R2) >>>
22:53:26 [INFO] Execution step: Body
22:53:26 [INFO] Saved temporary table: 3813 entries (37692)
22:53:26 [INFO] Execution step: Duplicate Elimination (Datalog)
22:53:26 [INFO] Saved permanent table repOf (56) Permutation { idx_to_val: [], val_to_idx: [] } with 3813 entries (37740)
22:53:26 [INFO] Rule duration: 36 ms
22:53:26 [INFO] <<< STEP 57: APPLYING RULE 21 repOf(?X, ?N) :- synConj(?X, ?C1, ?C2), repOf(?C1, ?R1), repOf(?C2, ?R2), http://rulewerk.semantic-web.org/normalForm/conj(?N, ?R1, ?R2) >>>
22:53:26 [INFO] Execution step: Body
22:53:26 [INFO] Trie does not contain any elements
22:53:26 [INFO] Execution step: Duplicate Elimination (Datalog)
22:53:26 [INFO] Trie does not contain any elements
22:53:26 [INFO] Rule duration: 16 ms
22:53:26 [INFO] <<< STEP 58: APPLYING RULE 17 synExRep(?X, ?P, ?Rep) :- synEx(?Y, ?P, ?X), repOf(?Y, ?Rep) >>>
22:53:26 [INFO] Execution step: Body
22:53:26 [INFO] Saved temporary table: 855 entries (21236)
22:53:26 [INFO] Execution step: Duplicate Elimination (Datalog)
22:53:26 [INFO] Saved permanent table synExRep (58) Permutation { idx_to_val: [], val_to_idx: [] } with 855 entries (21284)
22:53:26 [INFO] Rule duration: 1 ms
22:53:26 [INFO] <<< STEP 59: APPLYING RULE 18 http://rulewerk.semantic-web.org/normalForm/exists(!New, ?P, ?Rep) :- synExRep(?X, ?P, ?Rep) >>>
22:53:26 [INFO] Execution step: Project/Reorder
22:53:26 [INFO] Trie does not contain any elements
22:53:26 [INFO] Execution step: Body
22:53:26 [INFO] Saved temporary table: 560 entries (10366)
22:53:26 [INFO] Execution step: Head (Restricted): Updated Sat. Frontier
22:53:26 [INFO] Saved permanent table Restricted Chase Helper Table with 560 entries (10414)
22:53:26 [INFO] Execution step: Head (Restricted): Nulls
22:53:26 [INFO] Saved temporary table: 560 entries (15518)
22:53:26 [INFO] Execution step: Duplicate Elimination (Datalog)
22:53:26 [INFO] Saved permanent table http://rulewerk.semantic-web.org/normalForm/exists (59) Permutation { idx_to_val: [], val_to_idx: [] } with 560 entries (15566)
22:53:26 [INFO] Rule duration: 1 ms
22:53:26 [INFO] <<< STEP 60: APPLYING RULE 19 repOf(?X, ?N) :- synExRep(?X, ?P, ?Rep), http://rulewerk.semantic-web.org/normalForm/exists(?N, ?P, ?Rep) >>>
22:53:26 [INFO] Execution step: Body
22:53:26 [INFO] Saved temporary table: 855 entries (14028)
22:53:26 [INFO] Execution step: Duplicate Elimination (Datalog)
22:53:26 [INFO] Saved permanent table repOf (60) Permutation { idx_to_val: [], val_to_idx: [] } with 855 entries (14076)
22:53:26 [INFO] Rule duration: 3 ms
22:53:26 [INFO] <<< STEP 61: APPLYING RULE 20 http://rulewerk.semantic-web.org/normalForm/conj(!New, ?R1, ?R2) :- synConj(?X, ?C1, ?C2), repOf(?C1, ?R1), repOf(?C2, ?R2) >>>
22:53:26 [INFO] Execution step: Project/Reorder
22:53:26 [INFO] Trie does not contain any elements
22:53:26 [INFO] Execution step: Body
22:53:26 [INFO] Saved temporary table: 1182 entries (17114)
22:53:26 [INFO] Execution step: Head (Restricted): Updated Sat. Frontier
22:53:26 [INFO] Saved permanent table Restricted Chase Helper Table with 1182 entries (17162)
22:53:26 [INFO] Execution step: Head (Restricted): Nulls
22:53:26 [INFO] Saved temporary table: 1182 entries (20494)
22:53:26 [INFO] Execution step: Duplicate Elimination (Datalog)
22:53:26 [INFO] Saved permanent table http://rulewerk.semantic-web.org/normalForm/conj (61) Permutation { idx_to_val: [], val_to_idx: [] } with 1182 entries (20542)
22:53:26 [INFO] Rule duration: 25 ms
22:53:26 [INFO] <<< STEP 62: APPLYING RULE 21 repOf(?X, ?N) :- synConj(?X, ?C1, ?C2), repOf(?C1, ?R1), repOf(?C2, ?R2), http://rulewerk.semantic-web.org/normalForm/conj(?N, ?R1, ?R2) >>>
22:53:26 [INFO] Execution step: Body
22:53:26 [INFO] Saved temporary table: 1305 entries (17628)
22:53:26 [INFO] Execution step: Duplicate Elimination (Datalog)
22:53:26 [INFO] Saved permanent table repOf (62) Permutation { idx_to_val: [], val_to_idx: [] } with 1305 entries (17676)
22:53:26 [INFO] Rule duration: 51 ms
22:53:26 [INFO] <<< STEP 63: APPLYING RULE 21 repOf(?X, ?N) :- synConj(?X, ?C1, ?C2), repOf(?C1, ?R1), repOf(?C2, ?R2), http://rulewerk.semantic-web.org/normalForm/conj(?N, ?R1, ?R2) >>>
22:53:26 [INFO] Execution step: Body
22:53:26 [INFO] Trie does not contain any elements
22:53:26 [INFO] Execution step: Duplicate Elimination (Datalog)
22:53:26 [INFO] Trie does not contain any elements
22:53:26 [INFO] Rule duration: 22 ms
22:53:26 [INFO] <<< STEP 64: APPLYING RULE 17 synExRep(?X, ?P, ?Rep) :- synEx(?Y, ?P, ?X), repOf(?Y, ?Rep) >>>
22:53:26 [INFO] Execution step: Body
22:53:26 [INFO] Saved temporary table: 266 entries (14168)
22:53:26 [INFO] Execution step: Duplicate Elimination (Datalog)
22:53:26 [INFO] Saved permanent table synExRep (64) Permutation { idx_to_val: [], val_to_idx: [] } with 266 entries (14216)
22:53:26 [INFO] Rule duration: 0 ms
22:53:26 [INFO] <<< STEP 65: APPLYING RULE 18 http://rulewerk.semantic-web.org/normalForm/exists(!New, ?P, ?Rep) :- synExRep(?X, ?P, ?Rep) >>>
22:53:26 [INFO] Execution step: Project/Reorder
22:53:26 [INFO] Trie does not contain any elements
22:53:26 [INFO] Execution step: Body
22:53:26 [INFO] Saved temporary table: 214 entries (9736)
22:53:26 [INFO] Execution step: Head (Restricted): Updated Sat. Frontier
22:53:26 [INFO] Saved permanent table Restricted Chase Helper Table with 214 entries (9784)
22:53:26 [INFO] Execution step: Head (Restricted): Nulls
22:53:26 [INFO] Saved temporary table: 214 entries (12750)
22:53:26 [INFO] Execution step: Duplicate Elimination (Datalog)
22:53:26 [INFO] Saved permanent table http://rulewerk.semantic-web.org/normalForm/exists (65) Permutation { idx_to_val: [], val_to_idx: [] } with 214 entries (12798)
22:53:26 [INFO] Rule duration: 0 ms
22:53:26 [INFO] <<< STEP 66: APPLYING RULE 19 repOf(?X, ?N) :- synExRep(?X, ?P, ?Rep), http://rulewerk.semantic-web.org/normalForm/exists(?N, ?P, ?Rep) >>>
22:53:26 [INFO] Execution step: Body
22:53:26 [INFO] Saved temporary table: 266 entries (9316)
22:53:26 [INFO] Execution step: Duplicate Elimination (Datalog)
22:53:26 [INFO] Saved permanent table repOf (66) Permutation { idx_to_val: [], val_to_idx: [] } with 266 entries (9364)
22:53:26 [INFO] Rule duration: 0 ms
22:53:26 [INFO] Execution step: Combining Tables
22:53:26 [INFO] Saved permanent table repOf (0-68) Permutation { idx_to_val: [], val_to_idx: [] } with 69400 entries (562436)
22:53:26 [INFO] <<< STEP 67: APPLYING RULE 20 http://rulewerk.semantic-web.org/normalForm/conj(!New, ?R1, ?R2) :- synConj(?X, ?C1, ?C2), repOf(?C1, ?R1), repOf(?C2, ?R2) >>>
22:53:26 [INFO] Execution step: Project/Reorder
22:53:26 [INFO] Trie does not contain any elements
22:53:26 [INFO] Execution step: Body
22:53:26 [INFO] Saved temporary table: 431 entries (10762)
22:53:26 [INFO] Execution step: Head (Restricted): Updated Sat. Frontier
22:53:26 [INFO] Saved permanent table Restricted Chase Helper Table with 431 entries (10810)
22:53:26 [INFO] Execution step: Head (Restricted): Nulls
22:53:26 [INFO] Saved temporary table: 431 entries (14486)
22:53:26 [INFO] Execution step: Duplicate Elimination (Datalog)
22:53:26 [INFO] Saved permanent table http://rulewerk.semantic-web.org/normalForm/conj (67) Permutation { idx_to_val: [], val_to_idx: [] } with 431 entries (14534)
22:53:26 [INFO] Rule duration: 17 ms
22:53:26 [INFO] <<< STEP 68: APPLYING RULE 21 repOf(?X, ?N) :- synConj(?X, ?C1, ?C2), repOf(?C1, ?R1), repOf(?C2, ?R2), http://rulewerk.semantic-web.org/normalForm/conj(?N, ?R1, ?R2) >>>
22:53:26 [INFO] Execution step: Body
22:53:26 [INFO] Saved temporary table: 478 entries (11012)
22:53:26 [INFO] Execution step: Duplicate Elimination (Datalog)
22:53:26 [INFO] Saved permanent table repOf (68) Permutation { idx_to_val: [], val_to_idx: [] } with 478 entries (11060)
22:53:26 [INFO] Rule duration: 45 ms
22:53:26 [INFO] <<< STEP 69: APPLYING RULE 21 repOf(?X, ?N) :- synConj(?X, ?C1, ?C2), repOf(?C1, ?R1), repOf(?C2, ?R2), http://rulewerk.semantic-web.org/normalForm/conj(?N, ?R1, ?R2) >>>
22:53:26 [INFO] Execution step: Body
22:53:27 [INFO] Trie does not contain any elements
22:53:27 [INFO] Execution step: Duplicate Elimination (Datalog)
22:53:27 [INFO] Trie does not contain any elements
22:53:27 [INFO] Rule duration: 30 ms
22:53:27 [INFO] <<< STEP 70: APPLYING RULE 17 synExRep(?X, ?P, ?Rep) :- synEx(?Y, ?P, ?X), repOf(?Y, ?Rep) >>>
22:53:27 [INFO] Execution step: Body
22:53:27 [INFO] Saved temporary table: 96 entries (12128)
22:53:27 [INFO] Execution step: Duplicate Elimination (Datalog)
22:53:27 [INFO] Saved permanent table synExRep (70) Permutation { idx_to_val: [], val_to_idx: [] } with 96 entries (12176)
22:53:27 [INFO] Rule duration: 0 ms
22:53:27 [INFO] <<< STEP 71: APPLYING RULE 18 http://rulewerk.semantic-web.org/normalForm/exists(!New, ?P, ?Rep) :- synExRep(?X, ?P, ?Rep) >>>
22:53:27 [INFO] Execution step: Project/Reorder
22:53:27 [INFO] Trie does not contain any elements
22:53:27 [INFO] Execution step: Body
22:53:27 [INFO] Saved temporary table: 89 entries (8352)
22:53:27 [INFO] Execution step: Head (Restricted): Updated Sat. Frontier
22:53:27 [INFO] Saved permanent table Restricted Chase Helper Table with 89 entries (8400)
22:53:27 [INFO] Execution step: Head (Restricted): Nulls
22:53:27 [INFO] Saved temporary table: 89 entries (11750)
22:53:27 [INFO] Execution step: Duplicate Elimination (Datalog)
22:53:27 [INFO] Saved permanent table http://rulewerk.semantic-web.org/normalForm/exists (71) Permutation { idx_to_val: [], val_to_idx: [] } with 89 entries (11798)
22:53:27 [INFO] Rule duration: 0 ms
22:53:27 [INFO] <<< STEP 72: APPLYING RULE 19 repOf(?X, ?N) :- synExRep(?X, ?P, ?Rep), http://rulewerk.semantic-web.org/normalForm/exists(?N, ?P, ?Rep) >>>
22:53:27 [INFO] Execution step: Body
22:53:27 [INFO] Saved temporary table: 96 entries (7956)
22:53:27 [INFO] Execution step: Duplicate Elimination (Datalog)
22:53:27 [INFO] Saved permanent table repOf (72) Permutation { idx_to_val: [], val_to_idx: [] } with 96 entries (8004)
22:53:27 [INFO] Rule duration: 0 ms
22:53:27 [INFO] <<< STEP 73: APPLYING RULE 20 http://rulewerk.semantic-web.org/normalForm/conj(!New, ?R1, ?R2) :- synConj(?X, ?C1, ?C2), repOf(?C1, ?R1), repOf(?C2, ?R2) >>>
22:53:27 [INFO] Execution step: Project/Reorder
22:53:27 [INFO] Trie does not contain any elements
22:53:27 [INFO] Execution step: Body
22:53:27 [INFO] Saved temporary table: 113 entries (8266)
22:53:27 [INFO] Execution step: Head (Restricted): Updated Sat. Frontier
22:53:27 [INFO] Saved permanent table Restricted Chase Helper Table with 113 entries (8314)
22:53:27 [INFO] Execution step: Head (Restricted): Nulls
22:53:27 [INFO] Saved temporary table: 113 entries (11942)
22:53:27 [INFO] Execution step: Duplicate Elimination (Datalog)
22:53:27 [INFO] Saved permanent table http://rulewerk.semantic-web.org/normalForm/conj (73) Permutation { idx_to_val: [], val_to_idx: [] } with 113 entries (11990)
22:53:27 [INFO] Rule duration: 16 ms
22:53:27 [INFO] <<< STEP 74: APPLYING RULE 21 repOf(?X, ?N) :- synConj(?X, ?C1, ?C2), repOf(?C1, ?R1), repOf(?C2, ?R2), http://rulewerk.semantic-web.org/normalForm/conj(?N, ?R1, ?R2) >>>
22:53:27 [INFO] Execution step: Body
22:53:27 [INFO] Saved temporary table: 113 entries (8092)
22:53:27 [INFO] Execution step: Duplicate Elimination (Datalog)
22:53:27 [INFO] Saved permanent table repOf (74) Permutation { idx_to_val: [], val_to_idx: [] } with 113 entries (8140)
22:53:27 [INFO] Rule duration: 36 ms
22:53:27 [INFO] <<< STEP 75: APPLYING RULE 21 repOf(?X, ?N) :- synConj(?X, ?C1, ?C2), repOf(?C1, ?R1), repOf(?C2, ?R2), http://rulewerk.semantic-web.org/normalForm/conj(?N, ?R1, ?R2) >>>
22:53:27 [INFO] Execution step: Body
22:53:27 [INFO] Trie does not contain any elements
22:53:27 [INFO] Execution step: Duplicate Elimination (Datalog)
22:53:27 [INFO] Trie does not contain any elements
22:53:27 [INFO] Rule duration: 27 ms
22:53:27 [INFO] <<< STEP 76: APPLYING RULE 17 synExRep(?X, ?P, ?Rep) :- synEx(?Y, ?P, ?X), repOf(?Y, ?Rep) >>>
22:53:27 [INFO] Execution step: Body
22:53:27 [INFO] Saved temporary table: 18 entries (12144)
22:53:27 [INFO] Execution step: Duplicate Elimination (Datalog)
22:53:27 [INFO] Saved permanent table synExRep (76) Permutation { idx_to_val: [], val_to_idx: [] } with 18 entries (12192)
22:53:27 [INFO] Rule duration: 0 ms
22:53:27 [INFO] <<< STEP 77: APPLYING RULE 18 http://rulewerk.semantic-web.org/normalForm/exists(!New, ?P, ?Rep) :- synExRep(?X, ?P, ?Rep) >>>
22:53:27 [INFO] Execution step: Project/Reorder
22:53:27 [INFO] Trie does not contain any elements
22:53:27 [INFO] Execution step: Body
22:53:27 [INFO] Saved temporary table: 18 entries (7132)
22:53:27 [INFO] Execution step: Head (Restricted): Updated Sat. Frontier
22:53:27 [INFO] Saved permanent table Restricted Chase Helper Table with 18 entries (7180)
22:53:27 [INFO] Execution step: Head (Restricted): Nulls
22:53:27 [INFO] Saved temporary table: 18 entries (12144)
22:53:27 [INFO] Execution step: Duplicate Elimination (Datalog)
22:53:27 [INFO] Saved permanent table http://rulewerk.semantic-web.org/normalForm/exists (77) Permutation { idx_to_val: [], val_to_idx: [] } with 18 entries (12192)
22:53:27 [INFO] Rule duration: 0 ms
22:53:27 [INFO] <<< STEP 78: APPLYING RULE 19 repOf(?X, ?N) :- synExRep(?X, ?P, ?Rep), http://rulewerk.semantic-web.org/normalForm/exists(?N, ?P, ?Rep) >>>
22:53:27 [INFO] Execution step: Body
22:53:27 [INFO] Saved temporary table: 18 entries (7808)
22:53:27 [INFO] Execution step: Duplicate Elimination (Datalog)
22:53:27 [INFO] Saved permanent table repOf (78) Permutation { idx_to_val: [], val_to_idx: [] } with 18 entries (7856)
22:53:27 [INFO] Rule duration: 0 ms
22:53:27 [INFO] <<< STEP 79: APPLYING RULE 20 http://rulewerk.semantic-web.org/normalForm/conj(!New, ?R1, ?R2) :- synConj(?X, ?C1, ?C2), repOf(?C1, ?R1), repOf(?C2, ?R2) >>>
22:53:27 [INFO] Execution step: Project/Reorder
22:53:27 [INFO] Trie does not contain any elements
22:53:27 [INFO] Execution step: Body
22:53:27 [INFO] Saved temporary table: 30 entries (7596)
22:53:27 [INFO] Execution step: Head (Restricted): Updated Sat. Frontier
22:53:27 [INFO] Saved permanent table Restricted Chase Helper Table with 30 entries (7644)
22:53:27 [INFO] Execution step: Head (Restricted): Nulls
22:53:27 [INFO] Saved temporary table: 30 entries (13440)
22:53:27 [INFO] Execution step: Duplicate Elimination (Datalog)
22:53:27 [INFO] Saved permanent table http://rulewerk.semantic-web.org/normalForm/conj (79) Permutation { idx_to_val: [], val_to_idx: [] } with 30 entries (13488)
22:53:27 [INFO] Rule duration: 8 ms
22:53:27 [INFO] <<< STEP 80: APPLYING RULE 21 repOf(?X, ?N) :- synConj(?X, ?C1, ?C2), repOf(?C1, ?R1), repOf(?C2, ?R2), http://rulewerk.semantic-web.org/normalForm/conj(?N, ?R1, ?R2) >>>
22:53:27 [INFO] Execution step: Body
22:53:27 [INFO] Saved temporary table: 30 entries (8480)
22:53:27 [INFO] Execution step: Duplicate Elimination (Datalog)
22:53:27 [INFO] Saved permanent table repOf (80) Permutation { idx_to_val: [], val_to_idx: [] } with 30 entries (8528)
22:53:27 [INFO] Rule duration: 28 ms
22:53:27 [INFO] <<< STEP 81: APPLYING RULE 21 repOf(?X, ?N) :- synConj(?X, ?C1, ?C2), repOf(?C1, ?R1), repOf(?C2, ?R2), http://rulewerk.semantic-web.org/normalForm/conj(?N, ?R1, ?R2) >>>
22:53:27 [INFO] Execution step: Body
22:53:27 [INFO] Trie does not contain any elements
22:53:27 [INFO] Execution step: Duplicate Elimination (Datalog)
22:53:27 [INFO] Trie does not contain any elements
22:53:27 [INFO] Rule duration: 27 ms
22:53:27 [INFO] <<< STEP 82: APPLYING RULE 17 synExRep(?X, ?P, ?Rep) :- synEx(?Y, ?P, ?X), repOf(?Y, ?Rep) >>>
22:53:27 [INFO] Execution step: Body
22:53:27 [INFO] Saved temporary table: 4 entries (10632)
22:53:27 [INFO] Execution step: Duplicate Elimination (Datalog)
22:53:27 [INFO] Saved permanent table synExRep (82) Permutation { idx_to_val: [], val_to_idx: [] } with 4 entries (10680)
22:53:27 [INFO] Rule duration: 0 ms
22:53:27 [INFO] <<< STEP 83: APPLYING RULE 18 http://rulewerk.semantic-web.org/normalForm/exists(!New, ?P, ?Rep) :- synExRep(?X, ?P, ?Rep) >>>
22:53:27 [INFO] Execution step: Project/Reorder
22:53:27 [INFO] Trie does not contain any elements
22:53:27 [INFO] Execution step: Body
22:53:27 [INFO] Saved temporary table: 4 entries (6920)
22:53:27 [INFO] Execution step: Head (Restricted): Updated Sat. Frontier
22:53:27 [INFO] Saved permanent table Restricted Chase Helper Table with 4 entries (6968)
22:53:27 [INFO] Execution step: Head (Restricted): Nulls
22:53:27 [INFO] Saved temporary table: 4 entries (10632)
22:53:27 [INFO] Execution step: Duplicate Elimination (Datalog)
22:53:27 [INFO] Saved permanent table http://rulewerk.semantic-web.org/normalForm/exists (83) Permutation { idx_to_val: [], val_to_idx: [] } with 4 entries (10680)
22:53:27 [INFO] Rule duration: 0 ms
22:53:27 [INFO] <<< STEP 84: APPLYING RULE 19 repOf(?X, ?N) :- synExRep(?X, ?P, ?Rep), http://rulewerk.semantic-web.org/normalForm/exists(?N, ?P, ?Rep) >>>
22:53:27 [INFO] Execution step: Body
22:53:27 [INFO] Saved temporary table: 4 entries (7024)
22:53:27 [INFO] Execution step: Duplicate Elimination (Datalog)
22:53:27 [INFO] Saved permanent table repOf (84) Permutation { idx_to_val: [], val_to_idx: [] } with 4 entries (7072)
22:53:27 [INFO] Rule duration: 0 ms
22:53:27 [INFO] <<< STEP 85: APPLYING RULE 20 http://rulewerk.semantic-web.org/normalForm/conj(!New, ?R1, ?R2) :- synConj(?X, ?C1, ?C2), repOf(?C1, ?R1), repOf(?C2, ?R2) >>>
22:53:27 [INFO] Execution step: Project/Reorder
22:53:27 [INFO] Trie does not contain any elements
22:53:27 [INFO] Execution step: Body
22:53:27 [INFO] Saved temporary table: 6 entries (7084)
22:53:27 [INFO] Execution step: Head (Restricted): Updated Sat. Frontier
22:53:27 [INFO] Saved permanent table Restricted Chase Helper Table with 6 entries (7132)
22:53:27 [INFO] Execution step: Head (Restricted): Nulls
22:53:27 [INFO] Saved temporary table: 6 entries (10848)
22:53:27 [INFO] Execution step: Duplicate Elimination (Datalog)
22:53:27 [INFO] Saved permanent table http://rulewerk.semantic-web.org/normalForm/conj (85) Permutation { idx_to_val: [], val_to_idx: [] } with 6 entries (10896)
22:53:27 [INFO] Rule duration: 9 ms
22:53:27 [INFO] <<< STEP 86: APPLYING RULE 21 repOf(?X, ?N) :- synConj(?X, ?C1, ?C2), repOf(?C1, ?R1), repOf(?C2, ?R2), http://rulewerk.semantic-web.org/normalForm/conj(?N, ?R1, ?R2) >>>
22:53:27 [INFO] Execution step: Body
22:53:27 [INFO] Saved temporary table: 6 entries (7136)
22:53:27 [INFO] Execution step: Duplicate Elimination (Datalog)
22:53:27 [INFO] Saved permanent table repOf (86) Permutation { idx_to_val: [], val_to_idx: [] } with 6 entries (7184)
22:53:27 [INFO] Rule duration: 28 ms
22:53:27 [INFO] <<< STEP 87: APPLYING RULE 21 repOf(?X, ?N) :- synConj(?X, ?C1, ?C2), repOf(?C1, ?R1), repOf(?C2, ?R2), http://rulewerk.semantic-web.org/normalForm/conj(?N, ?R1, ?R2) >>>
22:53:27 [INFO] Execution step: Body
22:53:27 [INFO] Trie does not contain any elements
22:53:27 [INFO] Execution step: Duplicate Elimination (Datalog)
22:53:27 [INFO] Trie does not contain any elements
22:53:27 [INFO] Rule duration: 24 ms
22:53:27 [INFO] <<< STEP 88: APPLYING RULE 17 synExRep(?X, ?P, ?Rep) :- synEx(?Y, ?P, ?X), repOf(?Y, ?Rep) >>>
22:53:27 [INFO] Execution step: Body
22:53:27 [INFO] Trie does not contain any elements
22:53:27 [INFO] Execution step: Duplicate Elimination (Datalog)
22:53:27 [INFO] Trie does not contain any elements
22:53:27 [INFO] Rule duration: 0 ms
22:53:27 [INFO] <<< STEP 89: APPLYING RULE 18 http://rulewerk.semantic-web.org/normalForm/exists(!New, ?P, ?Rep) :- synExRep(?X, ?P, ?Rep) >>>
22:53:27 [INFO] Execution step: Project/Reorder
22:53:27 [INFO] Trie does not contain any elements
22:53:27 [INFO] Execution step: Body
22:53:27 [INFO] Trie does not contain any elements
22:53:27 [INFO] Execution step: Head (Restricted): Updated Sat. Frontier
22:53:27 [INFO] Trie does not contain any elements
22:53:27 [INFO] Execution step: Head (Restricted): Nulls
22:53:27 [INFO] Trie does not contain any elements
22:53:27 [INFO] Execution step: Duplicate Elimination (Datalog)
22:53:27 [INFO] Trie does not contain any elements
22:53:27 [INFO] Rule duration: 0 ms
22:53:27 [INFO] <<< STEP 90: APPLYING RULE 19 repOf(?X, ?N) :- synExRep(?X, ?P, ?Rep), http://rulewerk.semantic-web.org/normalForm/exists(?N, ?P, ?Rep) >>>
22:53:27 [INFO] Execution step: Body
22:53:27 [INFO] Trie does not contain any elements
22:53:27 [INFO] Execution step: Duplicate Elimination (Datalog)
22:53:27 [INFO] Trie does not contain any elements
22:53:27 [INFO] Rule duration: 0 ms
22:53:27 [INFO] <<< STEP 91: APPLYING RULE 20 http://rulewerk.semantic-web.org/normalForm/conj(!New, ?R1, ?R2) :- synConj(?X, ?C1, ?C2), repOf(?C1, ?R1), repOf(?C2, ?R2) >>>
22:53:27 [INFO] Execution step: Project/Reorder
22:53:27 [INFO] Trie does not contain any elements
22:53:27 [INFO] Execution step: Body
22:53:27 [INFO] Trie does not contain any elements
22:53:27 [INFO] Execution step: Head (Restricted): Updated Sat. Frontier
22:53:27 [INFO] Trie does not contain any elements
22:53:27 [INFO] Execution step: Head (Restricted): Nulls
22:53:27 [INFO] Trie does not contain any elements
22:53:27 [INFO] Execution step: Duplicate Elimination (Datalog)
22:53:27 [INFO] Trie does not contain any elements
22:53:27 [INFO] Rule duration: 15 ms
22:53:27 [INFO] <<< STEP 92: APPLYING RULE 24 http://rulewerk.semantic-web.org/normalForm/subClassOf(?RX, ?RY), http://rulewerk.semantic-web.org/normalForm/isSubClass(?RX) :- prepareSco(?X, ?Y), repOf(?X, ?RX), repOf(?Y, ?RY) >>>
22:53:27 [INFO] Execution step: Body
22:53:27 [INFO] Saved temporary table: 32728 entries (134312)
22:53:27 [INFO] Saved temporary table: 45499 entries (581862)
22:53:27 [INFO] Execution step: Duplicate Elimination (Datalog)
22:53:27 [INFO] Saved permanent table http://rulewerk.semantic-web.org/normalForm/isSubClass (92) Permutation { idx_to_val: [], val_to_idx: [] } with 32728 entries (134360)
22:53:27 [INFO] Execution step: Duplicate Elimination (Datalog)
22:53:27 [INFO] Saved permanent table http://rulewerk.semantic-web.org/normalForm/subClassOf (92) Permutation { idx_to_val: [], val_to_idx: [] } with 45499 entries (581910)
22:53:27 [INFO] Rule duration: 172 ms
22:53:27 [INFO] <<< STEP 93: APPLYING RULE 24 http://rulewerk.semantic-web.org/normalForm/subClassOf(?RX, ?RY), http://rulewerk.semantic-web.org/normalForm/isSubClass(?RX) :- prepareSco(?X, ?Y), repOf(?X, ?RX), repOf(?Y, ?RY) >>>
22:53:27 [INFO] Execution step: Body
22:53:27 [INFO] Trie does not contain any elements
22:53:27 [INFO] Trie does not contain any elements
22:53:27 [INFO] Execution step: Duplicate Elimination (Datalog)
22:53:27 [INFO] Trie does not contain any elements
22:53:27 [INFO] Execution step: Duplicate Elimination (Datalog)
22:53:27 [INFO] Trie does not contain any elements
22:53:27 [INFO] Rule duration: 0 ms
22:53:27 [INFO] <<< STEP 94: APPLYING RULE 26 http://rulewerk.semantic-web.org/normalForm/isSubClass(?D) :- http://rulewerk.semantic-web.org/normalForm/exists(?C, ?P, ?D), http://rulewerk.semantic-web.org/normalForm/isSubClass(?C) >>>
22:53:27 [INFO] Execution step: Body
22:53:27 [INFO] Saved temporary table: 2 entries (3408)
22:53:27 [INFO] Execution step: Duplicate Elimination (Datalog)
22:53:27 [INFO] Trie does not contain any elements
22:53:27 [INFO] Rule duration: 9 ms
22:53:27 [INFO] <<< STEP 95: APPLYING RULE 27 http://rulewerk.semantic-web.org/normalForm/isSubClass(?C1), http://rulewerk.semantic-web.org/normalForm/isSubClass(?C2) :- http://rulewerk.semantic-web.org/normalForm/conj(?X, ?C1, ?C2), http://rulewerk.semantic-web.org/normalForm/isSubClass(?X) >>>
22:53:27 [INFO] Execution step: Body
22:53:27 [INFO] Saved temporary table: 2319 entries (12676)
22:53:27 [INFO] Saved temporary table: 6456 entries (29224)
22:53:27 [INFO] Execution step: Duplicate Elimination (Datalog)
22:53:27 [INFO] Saved permanent table http://rulewerk.semantic-web.org/normalForm/isSubClass (95) Permutation { idx_to_val: [], val_to_idx: [] } with 6461 entries (29292)
22:53:27 [INFO] Rule duration: 26 ms
22:53:27 [INFO] <<< STEP 96: APPLYING RULE 27 http://rulewerk.semantic-web.org/normalForm/isSubClass(?C1), http://rulewerk.semantic-web.org/normalForm/isSubClass(?C2) :- http://rulewerk.semantic-web.org/normalForm/conj(?X, ?C1, ?C2), http://rulewerk.semantic-web.org/normalForm/isSubClass(?X) >>>
22:53:27 [INFO] Execution step: Body
22:53:27 [INFO] Saved temporary table: 602 entries (5808)
22:53:27 [INFO] Saved temporary table: 899 entries (6996)
22:53:27 [INFO] Execution step: Duplicate Elimination (Datalog)
22:53:27 [INFO] Saved permanent table http://rulewerk.semantic-web.org/normalForm/isSubClass (96) Permutation { idx_to_val: [], val_to_idx: [] } with 974 entries (7344)
22:53:27 [INFO] Rule duration: 2 ms
22:53:27 [INFO] <<< STEP 97: APPLYING RULE 27 http://rulewerk.semantic-web.org/normalForm/isSubClass(?C1), http://rulewerk.semantic-web.org/normalForm/isSubClass(?C2) :- http://rulewerk.semantic-web.org/normalForm/conj(?X, ?C1, ?C2), http://rulewerk.semantic-web.org/normalForm/isSubClass(?X) >>>
22:53:27 [INFO] Execution step: Body
22:53:27 [INFO] Saved temporary table: 110 entries (3840)
22:53:27 [INFO] Saved temporary table: 165 entries (4060)
22:53:27 [INFO] Execution step: Duplicate Elimination (Datalog)
22:53:27 [INFO] Saved permanent table http://rulewerk.semantic-web.org/normalForm/isSubClass (97) Permutation { idx_to_val: [], val_to_idx: [] } with 146 entries (4032)
22:53:27 [INFO] Rule duration: 0 ms
22:53:27 [INFO] <<< STEP 98: APPLYING RULE 27 http://rulewerk.semantic-web.org/normalForm/isSubClass(?C1), http://rulewerk.semantic-web.org/normalForm/isSubClass(?C2) :- http://rulewerk.semantic-web.org/normalForm/conj(?X, ?C1, ?C2), http://rulewerk.semantic-web.org/normalForm/isSubClass(?X) >>>
22:53:27 [INFO] Execution step: Body
22:53:27 [INFO] Saved temporary table: 14 entries (3456)
22:53:27 [INFO] Saved temporary table: 15 entries (3460)
22:53:27 [INFO] Execution step: Duplicate Elimination (Datalog)
22:53:27 [INFO] Saved permanent table http://rulewerk.semantic-web.org/normalForm/isSubClass (98) Permutation { idx_to_val: [], val_to_idx: [] } with 8 entries (3480)
22:53:27 [INFO] Rule duration: 0 ms
22:53:27 [INFO] <<< STEP 99: APPLYING RULE 27 http://rulewerk.semantic-web.org/normalForm/isSubClass(?C1), http://rulewerk.semantic-web.org/normalForm/isSubClass(?C2) :- http://rulewerk.semantic-web.org/normalForm/conj(?X, ?C1, ?C2), http://rulewerk.semantic-web.org/normalForm/isSubClass(?X) >>>
22:53:27 [INFO] Execution step: Body
22:53:27 [INFO] Saved temporary table: 2 entries (3408)
22:53:27 [INFO] Saved temporary table: 2 entries (3408)
22:53:27 [INFO] Execution step: Duplicate Elimination (Datalog)
22:53:27 [INFO] Trie does not contain any elements
22:53:27 [INFO] Rule duration: 0 ms
22:53:27 [INFO] <<< STEP 100: APPLYING RULE 26 http://rulewerk.semantic-web.org/normalForm/isSubClass(?D) :- http://rulewerk.semantic-web.org/normalForm/exists(?C, ?P, ?D), http://rulewerk.semantic-web.org/normalForm/isSubClass(?C) >>>
22:53:27 [INFO] Execution step: Body
22:53:27 [INFO] Saved temporary table: 4510 entries (21440)
22:53:27 [INFO] Execution step: Duplicate Elimination (Datalog)
22:53:27 [INFO] Saved permanent table http://rulewerk.semantic-web.org/normalForm/isSubClass (100) Permutation { idx_to_val: [], val_to_idx: [] } with 1571 entries (9732)
22:53:27 [INFO] Rule duration: 10 ms
22:53:27 [INFO] <<< STEP 101: APPLYING RULE 26 http://rulewerk.semantic-web.org/normalForm/isSubClass(?D) :- http://rulewerk.semantic-web.org/normalForm/exists(?C, ?P, ?D), http://rulewerk.semantic-web.org/normalForm/isSubClass(?C) >>>
22:53:27 [INFO] Execution step: Body
22:53:27 [INFO] Trie does not contain any elements
22:53:27 [INFO] Execution step: Duplicate Elimination (Datalog)
22:53:27 [INFO] Trie does not contain any elements
22:53:27 [INFO] Rule duration: 0 ms
22:53:27 [INFO] <<< STEP 102: APPLYING RULE 27 http://rulewerk.semantic-web.org/normalForm/isSubClass(?C1), http://rulewerk.semantic-web.org/normalForm/isSubClass(?C2) :- http://rulewerk.semantic-web.org/normalForm/conj(?X, ?C1, ?C2), http://rulewerk.semantic-web.org/normalForm/isSubClass(?X) >>>
22:53:27 [INFO] Execution step: Body
22:53:27 [INFO] Saved temporary table: 447 entries (5188)
22:53:27 [INFO] Saved temporary table: 1358 entries (8832)
22:53:27 [INFO] Execution step: Duplicate Elimination (Datalog)
22:53:27 [INFO] Saved permanent table http://rulewerk.semantic-web.org/normalForm/isSubClass (102) Permutation { idx_to_val: [], val_to_idx: [] } with 1143 entries (8020)
22:53:27 [INFO] Rule duration: 3 ms
22:53:27 [INFO] <<< STEP 103: APPLYING RULE 27 http://rulewerk.semantic-web.org/normalForm/isSubClass(?C1), http://rulewerk.semantic-web.org/normalForm/isSubClass(?C2) :- http://rulewerk.semantic-web.org/normalForm/conj(?X, ?C1, ?C2), http://rulewerk.semantic-web.org/normalForm/isSubClass(?X) >>>
22:53:27 [INFO] Execution step: Body
22:53:27 [INFO] Saved temporary table: 89 entries (3756)
22:53:27 [INFO] Saved temporary table: 89 entries (3756)
22:53:27 [INFO] Execution step: Duplicate Elimination (Datalog)
22:53:27 [INFO] Saved permanent table http://rulewerk.semantic-web.org/normalForm/isSubClass (103) Permutation { idx_to_val: [], val_to_idx: [] } with 118 entries (3920)
22:53:27 [INFO] Rule duration: 0 ms
22:53:27 [INFO] Execution step: Combining Tables
22:53:27 [INFO] Saved permanent table http://rulewerk.semantic-web.org/normalForm/isSubClass (0-105) Permutation { idx_to_val: [], val_to_idx: [] } with 43149 entries (176044)
22:53:27 [INFO] <<< STEP 104: APPLYING RULE 27 http://rulewerk.semantic-web.org/normalForm/isSubClass(?C1), http://rulewerk.semantic-web.org/normalForm/isSubClass(?C2) :- http://rulewerk.semantic-web.org/normalForm/conj(?X, ?C1, ?C2), http://rulewerk.semantic-web.org/normalForm/isSubClass(?X) >>>
22:53:27 [INFO] Execution step: Body
22:53:27 [INFO] Saved temporary table: 2 entries (3408)
22:53:27 [INFO] Saved temporary table: 2 entries (3408)
22:53:27 [INFO] Execution step: Duplicate Elimination (Datalog)
22:53:27 [INFO] Saved permanent table http://rulewerk.semantic-web.org/normalForm/isSubClass (104) Permutation { idx_to_val: [], val_to_idx: [] } with 4 entries (3464)
22:53:27 [INFO] Rule duration: 0 ms
22:53:27 [INFO] <<< STEP 105: APPLYING RULE 27 http://rulewerk.semantic-web.org/normalForm/isSubClass(?C1), http://rulewerk.semantic-web.org/normalForm/isSubClass(?C2) :- http://rulewerk.semantic-web.org/normalForm/conj(?X, ?C1, ?C2), http://rulewerk.semantic-web.org/normalForm/isSubClass(?X) >>>
22:53:27 [INFO] Execution step: Body
22:53:27 [INFO] Trie does not contain any elements
22:53:27 [INFO] Trie does not contain any elements
22:53:27 [INFO] Execution step: Duplicate Elimination (Datalog)
22:53:27 [INFO] Trie does not contain any elements
22:53:27 [INFO] Rule duration: 0 ms
22:53:27 [INFO] <<< STEP 106: APPLYING RULE 26 http://rulewerk.semantic-web.org/normalForm/isSubClass(?D) :- http://rulewerk.semantic-web.org/normalForm/exists(?C, ?P, ?D), http://rulewerk.semantic-web.org/normalForm/isSubClass(?C) >>>
22:53:27 [INFO] Execution step: Body
22:53:27 [INFO] Saved temporary table: 1068 entries (7672)
22:53:27 [INFO] Execution step: Duplicate Elimination (Datalog)
22:53:27 [INFO] Saved permanent table http://rulewerk.semantic-web.org/normalForm/isSubClass (106) Permutation { idx_to_val: [], val_to_idx: [] } with 282 entries (4576)
22:53:27 [INFO] Rule duration: 2 ms
22:53:27 [INFO] <<< STEP 107: APPLYING RULE 26 http://rulewerk.semantic-web.org/normalForm/isSubClass(?D) :- http://rulewerk.semantic-web.org/normalForm/exists(?C, ?P, ?D), http://rulewerk.semantic-web.org/normalForm/isSubClass(?C) >>>
22:53:27 [INFO] Execution step: Body
22:53:27 [INFO] Trie does not contain any elements
22:53:27 [INFO] Execution step: Duplicate Elimination (Datalog)
22:53:27 [INFO] Trie does not contain any elements
22:53:27 [INFO] Rule duration: 0 ms
22:53:27 [INFO] <<< STEP 108: APPLYING RULE 27 http://rulewerk.semantic-web.org/normalForm/isSubClass(?C1), http://rulewerk.semantic-web.org/normalForm/isSubClass(?C2) :- http://rulewerk.semantic-web.org/normalForm/conj(?X, ?C1, ?C2), http://rulewerk.semantic-web.org/normalForm/isSubClass(?X) >>>
22:53:27 [INFO] Execution step: Body
22:53:27 [INFO] Saved temporary table: 93 entries (3772)
22:53:27 [INFO] Saved temporary table: 272 entries (4488)
22:53:27 [INFO] Execution step: Duplicate Elimination (Datalog)
22:53:27 [INFO] Saved permanent table http://rulewerk.semantic-web.org/normalForm/isSubClass (108) Permutation { idx_to_val: [], val_to_idx: [] } with 226 entries (4352)
22:53:27 [INFO] Rule duration: 0 ms
22:53:27 [INFO] <<< STEP 109: APPLYING RULE 27 http://rulewerk.semantic-web.org/normalForm/isSubClass(?C1), http://rulewerk.semantic-web.org/normalForm/isSubClass(?C2) :- http://rulewerk.semantic-web.org/normalForm/conj(?X, ?C1, ?C2), http://rulewerk.semantic-web.org/normalForm/isSubClass(?X) >>>
22:53:27 [INFO] Execution step: Body
22:53:27 [INFO] Saved temporary table: 30 entries (3520)
22:53:27 [INFO] Saved temporary table: 27 entries (3508)
22:53:27 [INFO] Execution step: Duplicate Elimination (Datalog)
22:53:27 [INFO] Saved permanent table http://rulewerk.semantic-web.org/normalForm/isSubClass (109) Permutation { idx_to_val: [], val_to_idx: [] } with 37 entries (3596)
22:53:27 [INFO] Rule duration: 0 ms
22:53:27 [INFO] <<< STEP 110: APPLYING RULE 27 http://rulewerk.semantic-web.org/normalForm/isSubClass(?C1), http://rulewerk.semantic-web.org/normalForm/isSubClass(?C2) :- http://rulewerk.semantic-web.org/normalForm/conj(?X, ?C1, ?C2), http://rulewerk.semantic-web.org/normalForm/isSubClass(?X) >>>
22:53:27 [INFO] Execution step: Body
22:53:27 [INFO] Saved temporary table: 3 entries (3412)
22:53:27 [INFO] Saved temporary table: 1 entries (3404)
22:53:27 [INFO] Execution step: Duplicate Elimination (Datalog)
22:53:27 [INFO] Trie does not contain any elements
22:53:27 [INFO] Rule duration: 0 ms
22:53:27 [INFO] <<< STEP 111: APPLYING RULE 26 http://rulewerk.semantic-web.org/normalForm/isSubClass(?D) :- http://rulewerk.semantic-web.org/normalForm/exists(?C, ?P, ?D), http://rulewerk.semantic-web.org/normalForm/isSubClass(?C) >>>
22:53:27 [INFO] Execution step: Body
22:53:27 [INFO] Saved temporary table: 216 entries (4264)
22:53:27 [INFO] Execution step: Duplicate Elimination (Datalog)
22:53:27 [INFO] Saved permanent table http://rulewerk.semantic-web.org/normalForm/isSubClass (111) Permutation { idx_to_val: [], val_to_idx: [] } with 102 entries (3856)
22:53:27 [INFO] Rule duration: 0 ms
22:53:27 [INFO] <<< STEP 112: APPLYING RULE 26 http://rulewerk.semantic-web.org/normalForm/isSubClass(?D) :- http://rulewerk.semantic-web.org/normalForm/exists(?C, ?P, ?D), http://rulewerk.semantic-web.org/normalForm/isSubClass(?C) >>>
22:53:27 [INFO] Execution step: Body
22:53:27 [INFO] Trie does not contain any elements
22:53:27 [INFO] Execution step: Duplicate Elimination (Datalog)
22:53:27 [INFO] Trie does not contain any elements
22:53:27 [INFO] Rule duration: 0 ms
22:53:27 [INFO] <<< STEP 113: APPLYING RULE 27 http://rulewerk.semantic-web.org/normalForm/isSubClass(?C1), http://rulewerk.semantic-web.org/normalForm/isSubClass(?C2) :- http://rulewerk.semantic-web.org/normalForm/conj(?X, ?C1, ?C2), http://rulewerk.semantic-web.org/normalForm/isSubClass(?X) >>>
22:53:27 [INFO] Execution step: Body
22:53:27 [INFO] Saved temporary table: 16 entries (3464)
22:53:27 [INFO] Saved temporary table: 85 entries (3740)
22:53:27 [INFO] Execution step: Duplicate Elimination (Datalog)
22:53:27 [INFO] Saved permanent table http://rulewerk.semantic-web.org/normalForm/isSubClass (113) Permutation { idx_to_val: [], val_to_idx: [] } with 76 entries (3752)
22:53:27 [INFO] Rule duration: 0 ms
22:53:27 [INFO] <<< STEP 114: APPLYING RULE 27 http://rulewerk.semantic-web.org/normalForm/isSubClass(?C1), http://rulewerk.semantic-web.org/normalForm/isSubClass(?C2) :- http://rulewerk.semantic-web.org/normalForm/conj(?X, ?C1, ?C2), http://rulewerk.semantic-web.org/normalForm/isSubClass(?X) >>>
22:53:27 [INFO] Execution step: Body
22:53:27 [INFO] Saved temporary table: 1 entries (3404)
22:53:27 [INFO] Saved temporary table: 1 entries (3404)
22:53:27 [INFO] Execution step: Duplicate Elimination (Datalog)
22:53:27 [INFO] Trie does not contain any elements
22:53:27 [INFO] Rule duration: 0 ms
22:53:27 [INFO] <<< STEP 115: APPLYING RULE 26 http://rulewerk.semantic-web.org/normalForm/isSubClass(?D) :- http://rulewerk.semantic-web.org/normalForm/exists(?C, ?P, ?D), http://rulewerk.semantic-web.org/normalForm/isSubClass(?C) >>>
22:53:27 [INFO] Execution step: Body
22:53:27 [INFO] Saved temporary table: 75 entries (3700)
22:53:27 [INFO] Execution step: Duplicate Elimination (Datalog)
22:53:27 [INFO] Saved permanent table http://rulewerk.semantic-web.org/normalForm/isSubClass (115) Permutation { idx_to_val: [], val_to_idx: [] } with 4 entries (3464)
22:53:27 [INFO] Rule duration: 0 ms
22:53:27 [INFO] <<< STEP 116: APPLYING RULE 26 http://rulewerk.semantic-web.org/normalForm/isSubClass(?D) :- http://rulewerk.semantic-web.org/normalForm/exists(?C, ?P, ?D), http://rulewerk.semantic-web.org/normalForm/isSubClass(?C) >>>
22:53:27 [INFO] Execution step: Body
22:53:27 [INFO] Trie does not contain any elements
22:53:27 [INFO] Execution step: Duplicate Elimination (Datalog)
22:53:27 [INFO] Trie does not contain any elements
22:53:27 [INFO] Rule duration: 0 ms
22:53:27 [INFO] <<< STEP 117: APPLYING RULE 27 http://rulewerk.semantic-web.org/normalForm/isSubClass(?C1), http://rulewerk.semantic-web.org/normalForm/isSubClass(?C2) :- http://rulewerk.semantic-web.org/normalForm/conj(?X, ?C1, ?C2), http://rulewerk.semantic-web.org/normalForm/isSubClass(?X) >>>
22:53:27 [INFO] Execution step: Body
22:53:27 [INFO] Saved temporary table: 3 entries (3412)
22:53:27 [INFO] Saved temporary table: 4 entries (3416)
22:53:27 [INFO] Execution step: Duplicate Elimination (Datalog)
22:53:27 [INFO] Saved permanent table http://rulewerk.semantic-web.org/normalForm/isSubClass (117) Permutation { idx_to_val: [], val_to_idx: [] } with 2 entries (3456)
22:53:27 [INFO] Rule duration: 0 ms
22:53:27 [INFO] Execution step: Combining Tables
22:53:27 [INFO] Saved permanent table http://rulewerk.semantic-web.org/normalForm/isSubClass (105-119) Permutation { idx_to_val: [], val_to_idx: [] } with 729 entries (6364)
22:53:27 [INFO] <<< STEP 118: APPLYING RULE 27 http://rulewerk.semantic-web.org/normalForm/isSubClass(?C1), http://rulewerk.semantic-web.org/normalForm/isSubClass(?C2) :- http://rulewerk.semantic-web.org/normalForm/conj(?X, ?C1, ?C2), http://rulewerk.semantic-web.org/normalForm/isSubClass(?X) >>>
22:53:27 [INFO] Execution step: Body
22:53:27 [INFO] Saved temporary table: 1 entries (3404)
22:53:27 [INFO] Saved temporary table: 1 entries (3404)
22:53:27 [INFO] Execution step: Duplicate Elimination (Datalog)
22:53:27 [INFO] Saved permanent table http://rulewerk.semantic-web.org/normalForm/isSubClass (118) Permutation { idx_to_val: [], val_to_idx: [] } with 1 entries (3452)
22:53:27 [INFO] Rule duration: 0 ms
22:53:27 [INFO] <<< STEP 119: APPLYING RULE 27 http://rulewerk.semantic-web.org/normalForm/isSubClass(?C1), http://rulewerk.semantic-web.org/normalForm/isSubClass(?C2) :- http://rulewerk.semantic-web.org/normalForm/conj(?X, ?C1, ?C2), http://rulewerk.semantic-web.org/normalForm/isSubClass(?X) >>>
22:53:27 [INFO] Execution step: Body
22:53:27 [INFO] Trie does not contain any elements
22:53:27 [INFO] Trie does not contain any elements
22:53:27 [INFO] Execution step: Duplicate Elimination (Datalog)
22:53:27 [INFO] Trie does not contain any elements
22:53:27 [INFO] Rule duration: 0 ms
22:53:27 [INFO] <<< STEP 120: APPLYING RULE 26 http://rulewerk.semantic-web.org/normalForm/isSubClass(?D) :- http://rulewerk.semantic-web.org/normalForm/exists(?C, ?P, ?D), http://rulewerk.semantic-web.org/normalForm/isSubClass(?C) >>>
22:53:27 [INFO] Execution step: Body
22:53:27 [INFO] Saved temporary table: 2 entries (3408)
22:53:27 [INFO] Execution step: Duplicate Elimination (Datalog)
22:53:27 [INFO] Trie does not contain any elements
22:53:27 [INFO] Rule duration: 0 ms
22:53:27 [INFO] <<< STEP 121: APPLYING RULE 28 R_11(?X_1, ?X_2, ?X_3) :- http://rulewerk.semantic-web.org/normalForm/isMainClass(?X_1), http://rulewerk.semantic-web.org/normalForm/isMainClass(?X_2), http://rulewerk.semantic-web.org/normalForm/isMainClass(?X_3) >>>
22:53:27 [INFO] Loading source SimpleTable { arity: 3, data: [AnyDataValue(Iri(IriDataValue("http://www.w3.org/2002/07/owl#intersectionOf"))), AnyDataValue(Iri(IriDataValue("http://www.w3.org/2002/07/owl#someValuesFrom"))), AnyDataValue(Iri(IriDataValue("c_1")))] }
22:53:27 [INFO] Execution step: Body
