07:58:26 [INFO] ----------------------------------------------
07:58:26 [INFO] Beginning transformation mtf_EXP_5500048
                Oracle:     EXP          Number of T: 57
                Debug Mode: false          u64 Seed:    5500048
                Number of generating transformations: 19
                Internal Seed:          [248, 148, 40, 235, 248, 76, 210, 5, 54, 210, 254, 148, 113, 44, 91, 39, 9, 0, 29, 163, 78, 250, 215, 52, 43, 23, 120, 166, 221, 227, 219, 205]
                Seed File: Currently not supported!
07:58:26 [INFO] ----------------------------------------------
07:58:26 [INFO] -------------- Reading Seed File: ------------
07:58:26 [INFO] "/home/leo_repp/masterthesis/nemo/nemo-metamorphic-testing/examples/datalogMtlWeather/datalogMtlWeather.rls"
07:58:26 [INFO] Renaming of rules complete
07:58:26 [INFO] --------- Finished Reading Seed file ---------
07:58:26 [INFO] ----------------------------------------------
07:58:26 [INFO] 
07:58:26 [INFO] ----------------------------------------------
07:58:26 [INFO] -------- Beginning Program Generation --------
07:58:26 [INFO] ----------------------------------------------
07:58:26 [INFO] 
07:58:26 [INFO] Removing old export statements
07:58:26 [INFO] Beginning inverse_stratum and ancestry computation starting at node R_OUT
07:58:26 [INFO] Ancestry and Inverse Stratum computation complete.
07:58:26 [INFO] Constructed lite ADG
07:58:26 [INFO] Generating Program...
07:58:26 [INFO] 
07:58:26 [INFO] 1 / 18
07:58:26 [INFO]   I Add Relational Node
07:58:26 [INFO]   Added new relation R_1
07:58:26 [INFO] 2 / 18
07:58:26 [INFO]   I Add Relational Node
07:58:26 [INFO]   Added new relation R_2
07:58:26 [INFO] 3 / 18
07:58:26 [INFO]   I Add Relational Node
07:58:26 [INFO]   Added new relation R_3
07:58:26 [INFO] 4 / 18
07:58:26 [INFO]   I Add Relational Node
07:58:26 [INFO]   Added new relation R_4
07:58:26 [INFO] 5 / 18
07:58:26 [INFO]   I Add Relational Node
07:58:26 [INFO]   Added new relation R_5
07:58:26 [INFO] 6 / 18
07:58:26 [INFO]   I Add Relational Node
07:58:26 [INFO]   Added new relation R_6
07:58:26 [INFO] 7 / 18
07:58:26 [INFO]   I Add Relational Node
07:58:26 [INFO]   Added new relation R_7
07:58:26 [INFO] 8 / 18
07:58:26 [INFO]   I Add Relational Node
07:58:26 [INFO]   Added new relation R_8
07:58:26 [INFO] 9 / 18
07:58:26 [INFO]   I Add Relational Node
07:58:26 [INFO]   Added new relation R_9
07:58:26 [INFO] 10 / 18
07:58:26 [INFO]   I Add Relational Node
07:58:26 [INFO]   Added new relation R_10
07:58:26 [INFO] 11 / 18
07:58:26 [INFO]   I Add Relational Node
07:58:26 [INFO]   Added new relation R_11
07:58:26 [INFO] 12 / 18
07:58:26 [INFO]   I Add Relational Node
07:58:26 [INFO]   Added new relation R_12
07:58:26 [INFO] 13 / 18
07:58:26 [INFO]   I Add Relational Node
07:58:26 [INFO]   Added new relation R_13
07:58:26 [INFO] 14 / 18
07:58:26 [INFO]   I Add Relational Node
07:58:26 [INFO]   Added new relation R_14
07:58:26 [INFO] 15 / 18
07:58:26 [INFO]   I Add Relational Node
07:58:26 [INFO]   Added new relation R_15
07:58:26 [INFO] 16 / 18
07:58:26 [INFO]   I Add Relational Node
07:58:26 [INFO]   Added new relation R_16
07:58:26 [INFO] 17 / 18
07:58:26 [INFO]   I Add Relational Node
07:58:26 [INFO]   Added new relation R_17
07:58:26 [INFO] 18 / 18
07:58:26 [INFO]   I Add Relational Node
07:58:26 [INFO]   Added new relation R_18
07:58:26 [INFO] 
07:58:26 [INFO] Adding a new rule for each relation other than the seed relations
07:58:26 [INFO] 
07:58:26 [INFO] 1 / 19
07:58:26 [INFO]   Generating new single body literal rule for R_OUT
07:58:26 [INFO]   Assigned relation R_OUT the artiy 4
07:58:26 [INFO]   Assigned relation R_8 the artiy 5
07:58:26 [INFO]   Added new rule of name r_GEN_1
07:58:26 [INFO]   R_OUT(?X_1, "StationA", ?X_3, ?X_4) :- R_8(?X_1, "StationA", ?X_3, "StationA", ?X_4) .
07:58:26 [INFO] 2 / 19
07:58:26 [INFO]   Generating new single body literal rule for R_1
07:58:26 [INFO]   Assigned relation R_1 the artiy 5
07:58:26 [INFO]   Added new rule of name r_GEN_2
07:58:26 [INFO]   R_1("StationA", ?X_4, ?X_5, ?X_3, ?X_4) :- HeavyWindAffectedState("StationA", ?X_4, "213.4"^^<http://www.w3.org/2001/XMLSchema#double>), HeavyWindAffectedState(?X_3, ?X_4, ?X_5) .
07:58:26 [INFO] 3 / 19
07:58:26 [INFO]   Generating new single body literal rule for R_2
07:58:26 [INFO]   Assigned relation R_2 the artiy 1
07:58:26 [INFO]   Assigned relation R_5 the artiy 3
07:58:26 [INFO]   Added new rule of name r_GEN_3
07:58:26 [INFO]   R_2(?X_1) :- R_5("StationA", ?Y_1, ?X_1) .
07:58:26 [INFO] 4 / 19
07:58:26 [INFO]   Generating new single body literal rule for R_3
07:58:26 [INFO]   Assigned relation R_3 the artiy 5
07:58:26 [INFO]   Assigned relation R_16 the artiy 6
07:58:26 [INFO]   Added new rule of name r_GEN_4
07:58:26 [INFO]   R_3(?X_3, ?X_5, ?X_2, ?X_1, ?X_4) :- R_16(?X_3, ?X_5, ?X_2, ?X_1, ?X_5, ?X_4) .
07:58:26 [INFO] 5 / 19
07:58:26 [INFO]   Generating new single body literal rule for R_4
07:58:26 [INFO]   Assigned relation R_4 the artiy 2
07:58:26 [INFO]   Added new rule of name r_GEN_5
07:58:26 [INFO]   R_4("111.7"^^<http://www.w3.org/2001/XMLSchema#double>, ?X_2) :- R_4("111.7"^^<http://www.w3.org/2001/XMLSchema#double>, ?X_2) .
07:58:26 [INFO] 6 / 19
07:58:26 [INFO]   Generating new single body literal rule for R_5
07:58:26 [INFO]   Added new rule of name r_GEN_6
07:58:26 [INFO]   R_5("111.7"^^<http://www.w3.org/2001/XMLSchema#double>, ?X_3, ?X_1) :- ExcessiveHeat("111.7"^^<http://www.w3.org/2001/XMLSchema#double>, ?X_3, ?X_1) .
07:58:26 [INFO] 7 / 19
07:58:26 [INFO]   Generating new single body literal rule for R_6
07:58:26 [INFO]   Assigned relation R_6 the artiy 2
07:58:26 [INFO]   Added new rule of name r_GEN_7
07:58:26 [INFO]   R_6(?X_2, ?X_1) :- R_4(?X_2, ?X_1) .
07:58:26 [INFO] 8 / 19
07:58:26 [INFO]   Generating new single body literal rule for R_7
07:58:26 [INFO]   Assigned relation R_7 the artiy 1
07:58:26 [INFO]   Added new rule of name r_GEN_8
07:58:26 [INFO]   R_7(?X_1) :- R_4(?X_1, ?X_1) .
07:58:26 [INFO] 9 / 19
07:58:26 [INFO]   Generating new single body literal rule for R_8
07:58:26 [INFO]   Added new rule of name r_GEN_9
07:58:26 [INFO]   R_8(?X_5, "112"^^<http://www.w3.org/2001/XMLSchema#double>, ?X_3, ?X_2, ?X_1) :- LocatedInState(?X_2, "112"^^<http://www.w3.org/2001/XMLSchema#double>, ?X_3, ?X_2), LocatedInState(?X_1, ?X_5, ?Y_1, ?X_1) .
07:58:26 [INFO] 10 / 19
07:58:26 [INFO]   Generating new single body literal rule for R_9
07:58:26 [INFO]   Assigned relation R_9 the artiy 5
07:58:26 [INFO]   Assigned relation R_18 the artiy 6
07:58:26 [INFO]   Added new rule of name r_GEN_10
07:58:26 [INFO]   R_9(?X_4, ?X_5, "StationA", ?X_1, ?X_2) :- R_18(?Y_1, ?X_5, "StationA", ?X_1, ?X_2, ?X_4) .
07:58:26 [INFO] 11 / 19
07:58:26 [INFO]   Generating new single body literal rule for R_10
07:58:26 [INFO]   Assigned relation R_10 the artiy 4
07:58:26 [INFO]   Added new rule of name r_GEN_11
07:58:26 [INFO]   R_10(?X_3, ?X_3, ?X_2, ?X_4) :- HeavyWindForce(?X_3, ?X_3, ?X_2), HeavyWindForce(?X_4, ?X_3, ?X_3) .
07:58:26 [INFO] 12 / 19
07:58:26 [INFO]   Generating new single body literal rule for R_11
07:58:26 [INFO]   Assigned relation R_11 the artiy 4
07:58:26 [INFO]   Added new rule of name r_GEN_12
07:58:26 [INFO]   R_11(?X_1, ?X_1, ?X_2, ?X_3) :- TempConstantOver24AtLeastFor1(?X_1, ?X_1, ?X_2), TempConstantOver24AtLeastFor1(?X_3, ?X_2, ?X_2) .
07:58:26 [INFO] 13 / 19
07:58:26 [INFO]   Generating new single body literal rule for R_12
07:58:26 [INFO]   Assigned relation R_12 the artiy 2
07:58:26 [INFO]   Added new rule of name r_GEN_13
07:58:26 [INFO]   R_12(?X_2, "0"^^<http://www.w3.org/2001/XMLSchema#double>) :- TempAbove41DiamondMinus1(?X_2, "0"^^<http://www.w3.org/2001/XMLSchema#double>, ?Y_1) .
07:58:26 [INFO] 14 / 19
07:58:26 [INFO]   Generating new single body literal rule for R_13
07:58:26 [INFO]   Assigned relation R_13 the artiy 2
07:58:26 [INFO]   Added new rule of name r_GEN_14
07:58:26 [INFO]   R_13(?X_1, ?X_2) :- LocatedInState(?Y_1, "111.7"^^<http://www.w3.org/2001/XMLSchema#double>, ?X_2, ?X_1) .
07:58:26 [INFO] 15 / 19
07:58:26 [INFO]   Generating new single body literal rule for R_14
07:58:26 [INFO]   Assigned relation R_14 the artiy 4
07:58:26 [INFO]   Added new rule of name r_GEN_15
07:58:26 [INFO]   R_14(?X_3, ?X_1, ?X_4, ?X_2) :- R_10(?X_3, ?X_1, ?X_4, ?X_2) .
07:58:26 [INFO] 16 / 19
07:58:26 [INFO]   Generating new single body literal rule for R_15
07:58:26 [INFO]   Assigned relation R_15 the artiy 2
07:58:26 [INFO]   Added new rule of name r_GEN_16
07:58:26 [INFO]   R_15("117.1"^^<http://www.w3.org/2001/XMLSchema#double>, ?X_1) :- R_3("117.1"^^<http://www.w3.org/2001/XMLSchema#double>, ?X_1, ?X_1, "StationA", "StationA") .
07:58:26 [INFO] 17 / 19
07:58:26 [INFO]   Generating new single body literal rule for R_16
07:58:26 [INFO]   Added new rule of name r_GEN_17
07:58:26 [INFO]   R_16(?X_1, ?X_6, ?X_5, ?X_2, ?X_3, "StationA") :- HeavyWindForce(?X_1, ?X_6, ?X_5), HeavyWindForce(?X_2, ?X_3, "StationA") .
07:58:26 [INFO] 18 / 19
07:58:26 [INFO]   Generating new single body literal rule for R_17
07:58:26 [INFO]   Assigned relation R_17 the artiy 1
07:58:26 [INFO]   Added new rule of name r_GEN_18
07:58:26 [INFO]   R_17(?X_1) :- R_5(?X_1, ?Y_1, ?X_1) .
07:58:26 [INFO] 19 / 19
07:58:26 [INFO]   Generating new single body literal rule for R_18
07:58:26 [INFO]   Added new rule of name r_GEN_19
07:58:26 [INFO]   R_18("1000"^^<http://www.w3.org/2001/XMLSchema#double>, ?X_2, ?X_4, ?X_6, ?X_5, ?X_1) :- HeavyWindForce("1000"^^<http://www.w3.org/2001/XMLSchema#double>, ?X_2, ?X_4), HeavyWindForce(?X_6, ?X_5, ?X_1) .
07:58:26 [INFO] 
07:58:26 [INFO] Adding a outgoing relational edge for each relation other than R_OUT
07:58:26 [INFO] 
07:58:26 [INFO] 1 / 28
07:58:26 [INFO]   Adding outgoing relational edge from ExcessiveHeat for r_GEN_8
07:58:26 [INFO]   Generated literal ExcessiveHeat("StationA", ?X_1, ?X_1) for rule r_GEN_8
07:58:26 [INFO] 2 / 28
07:58:26 [INFO]   Adding outgoing relational edge from HeatAffectedState for r_GEN_7
07:58:26 [INFO]   Generated literal HeatAffectedState(?X_1, ?Z_2, ?X_2) for rule r_GEN_7
07:58:26 [INFO] 3 / 28
07:58:26 [INFO]   Adding outgoing relational edge from HeavyWind for r_GEN_2
07:58:26 [INFO]   Generated literal HeavyWind(?X_4, ?Z_1, ?X_3) for rule r_GEN_2
07:58:26 [INFO] 4 / 28
07:58:26 [INFO]   Adding outgoing relational edge from HeavyWindAffectedState for r_GEN_12
07:58:26 [INFO]   Generated literal HeavyWindAffectedState(?X_2, ?Z_1, ?Z_4) for rule r_GEN_12
07:58:26 [INFO] 5 / 28
07:58:26 [INFO]   Adding outgoing relational edge from HeavyWindForce for r_GEN_1
07:58:26 [INFO]   Generated literal ~HeavyWindForce(?X_4, ?X_4, ?X_1) for rule r_GEN_1
07:58:26 [INFO] 6 / 28
07:58:26 [INFO]   Adding outgoing relational edge from LocatedInState for r_GEN_1
07:58:26 [INFO]   Generated literal ~LocatedInState(?X_1, ?X_4, ?X_4, ?X_4) for rule r_GEN_1
07:58:26 [INFO] 7 / 28
07:58:26 [INFO]   Adding outgoing relational edge from TempAbove24 for r_GEN_17
07:58:26 [INFO]   Generated literal TempAbove24(?Z_3, ?Z_2, ?X_1) for rule r_GEN_17
07:58:26 [INFO] 8 / 28
07:58:26 [INFO]   Adding outgoing relational edge from TempAbove41 for r_GEN_9
07:58:26 [INFO]   Generated literal TempAbove41(?X_1, ?Z_4, ?Y_1) for rule r_GEN_9
07:58:26 [INFO] 9 / 28
07:58:26 [INFO]   Adding outgoing relational edge from TempAbove41DiamondMinus1 for r_GEN_3
07:58:26 [INFO]   Generated literal ~TempAbove41DiamondMinus1(?X_1, ?X_1, ?Y_1) for rule r_GEN_3
07:58:26 [INFO] 10 / 28
07:58:26 [INFO]   Adding outgoing relational edge from TempConstantOver24AtLeastFor1 for r_GEN_5
07:58:26 [INFO]   Generated literal ~TempConstantOver24AtLeastFor1(?X_2, ?X_2, ?X_2) for rule r_GEN_5
07:58:26 [INFO] 11 / 28
07:58:26 [INFO]   Adding outgoing relational edge from R_1 for r_GEN_11
07:58:26 [INFO]   Generated literal R_1(?Z_3, ?X_2, ?X_3, ?X_3, ?X_2) for rule r_GEN_11
07:58:26 [INFO] 12 / 28
07:58:26 [INFO]   Adding outgoing relational edge from R_2 for r_GEN_18
07:58:26 [INFO]   Generated literal R_2(?Z_2) for rule r_GEN_18
07:58:26 [INFO] 13 / 28
07:58:26 [INFO]   Adding outgoing relational edge from R_3 for r_GEN_10
07:58:26 [INFO]   Generated literal ~R_3(?Y_1, ?X_4, ?X_5, ?X_1, ?X_1) for rule r_GEN_10
07:58:26 [INFO] 14 / 28
07:58:26 [INFO]   Adding outgoing relational edge from R_4 for r_GEN_16
07:58:26 [INFO]   Generated literal R_4(?X_1, ?Z_1) for rule r_GEN_16
07:58:26 [INFO] 15 / 28
07:58:26 [INFO]   Adding outgoing relational edge from R_5 for r_GEN_3
07:58:26 [INFO]   Generated literal R_5(?Z_1, ?X_1, ?Y_1) for rule r_GEN_3
07:58:26 [INFO] 16 / 28
07:58:26 [INFO]   Adding outgoing relational edge from R_6 for r_GEN_16
07:58:26 [INFO]   Generated literal ~R_6("111.7"^^<http://www.w3.org/2001/XMLSchema#double>, ?X_1) for rule r_GEN_16
07:58:26 [INFO] 17 / 28
07:58:26 [INFO]   Adding outgoing relational edge from R_7 for r_GEN_8
07:58:26 [INFO]   Generated literal R_7(?X_1) for rule r_GEN_8
07:58:26 [INFO] 18 / 28
07:58:26 [INFO]   Adding outgoing relational edge from R_8 for r_GEN_14
07:58:26 [INFO]   Generated literal R_8(?Z_2, ?X_1, ?X_2, ?X_2, ?X_2) for rule r_GEN_14
07:58:26 [INFO] 19 / 28
07:58:26 [INFO]   Adding outgoing relational edge from R_9 for r_GEN_19
07:58:26 [INFO]   Generated literal R_9(?X_1, ?X_1, ?X_5, ?X_1, ?X_2) for rule r_GEN_19
07:58:26 [INFO] 20 / 28
07:58:26 [INFO]   Adding outgoing relational edge from R_10 for r_GEN_13
07:58:26 [INFO]   Generated literal R_10(?X_2, ?Y_1, ?X_2, ?Z_1) for rule r_GEN_13
07:58:26 [INFO] 21 / 28
07:58:26 [INFO]   Adding outgoing relational edge from R_11 for r_GEN_9
07:58:26 [INFO]   Generated literal R_11(?X_5, ?X_1, ?X_5, ?Z_4) for rule r_GEN_9
07:58:26 [INFO] 22 / 28
07:58:26 [INFO]   Adding outgoing relational edge from R_12 for r_GEN_12
07:58:26 [INFO]   Generated literal ~R_12(?X_1, ?X_3) for rule r_GEN_12
07:58:26 [INFO] 23 / 28
07:58:26 [INFO]   Adding outgoing relational edge from R_13 for r_GEN_18
07:58:26 [INFO]   Generated literal R_13("215"^^<http://www.w3.org/2001/XMLSchema#double>, ?X_1) for rule r_GEN_18
07:58:26 [INFO] 24 / 28
07:58:26 [INFO]   Adding outgoing relational edge from R_14 for r_GEN_1
07:58:26 [INFO]   Generated literal ~R_14(?X_4, ?X_4, ?X_4, ?X_1) for rule r_GEN_1
07:58:26 [INFO] 25 / 28
07:58:26 [INFO]   Adding outgoing relational edge from R_15 for r_GEN_11
07:58:26 [INFO]   Generated literal R_15(?X_3, ?X_4) for rule r_GEN_11
07:58:26 [INFO] 26 / 28
07:58:26 [INFO]   Adding outgoing relational edge from R_16 for r_GEN_8
07:58:26 [INFO]   Generated literal R_16(?Z_1, ?X_1, "210"^^<http://www.w3.org/2001/XMLSchema#double>, ?Z_2, ?X_1, ?X_1) for rule r_GEN_8
07:58:26 [INFO] 27 / 28
07:58:26 [INFO]   Adding outgoing relational edge from R_17 for r_GEN_12
07:58:26 [INFO]   Generated literal R_17(?X_2) for rule r_GEN_12
07:58:26 [INFO] 28 / 28
07:58:26 [INFO]   Adding outgoing relational edge from R_18 for r_GEN_12
07:58:26 [INFO]   Generated literal R_18(?Z_3, ?X_2, ?X_1, ?Z_8, ?X_3, ?X_2) for rule r_GEN_12
07:58:26 [INFO] 
07:58:26 [INFO] Adding gen. size facts
07:58:26 [INFO] 
07:58:26 [INFO] 1 / 19
07:58:26 [INFO]   II Add Fact Node and Edge
07:58:26 [INFO]   Added new fact R_8("210"^^<http://www.w3.org/2001/XMLSchema#double>, "117"^^<http://www.w3.org/2001/XMLSchema#double>, c_1, 6057421534472946849, c_2).
07:58:26 [INFO] 2 / 19
07:58:26 [INFO]   II Add Fact Node and Edge
07:58:26 [INFO]   Added new fact R_5("str_1", "117"^^<http://www.w3.org/2001/XMLSchema#double>, "StationA").
07:58:26 [INFO] 3 / 19
07:58:26 [INFO]   II Add Fact Node and Edge
07:58:26 [INFO]   Added new fact R_7("str_1").
07:58:26 [INFO] 4 / 19
07:58:26 [INFO]   II Add Fact Node and Edge
07:58:26 [INFO]   Added new fact R_13(c_3, "112"^^<http://www.w3.org/2001/XMLSchema#double>).
07:58:26 [INFO] 5 / 19
07:58:26 [INFO]   II Add Fact Node and Edge
07:58:26 [INFO]   Added new fact R_12(c_4, 10557201542939293569).
07:58:26 [INFO] 6 / 19
07:58:26 [INFO]   II Add Fact Node and Edge
07:58:26 [INFO]   Added new fact R_15("111.7"^^<http://www.w3.org/2001/XMLSchema#double>, c_2).
07:58:26 [INFO] 7 / 19
07:58:26 [INFO]   II Add Fact Node and Edge
07:58:26 [INFO]   Added new fact R_12(c_5, c_6).
07:58:26 [INFO] 8 / 19
07:58:26 [INFO]   II Add Fact Node and Edge
07:58:26 [INFO]   Added new fact R_3("117.1"^^<http://www.w3.org/2001/XMLSchema#double>, c_7, c_8, "str_2", c_7).
07:58:26 [INFO] 9 / 19
07:58:26 [INFO]   II Add Fact Node and Edge
07:58:26 [INFO]   Added new fact R_15("112"^^<http://www.w3.org/2001/XMLSchema#double>, "1000"^^<http://www.w3.org/2001/XMLSchema#double>).
07:58:26 [INFO] 10 / 19
07:58:26 [INFO]   II Add Fact Node and Edge
07:58:26 [INFO]   Added new fact R_12(6057421534472946849, c_9).
07:58:26 [INFO] 11 / 19
07:58:26 [INFO]   II Add Fact Node and Edge
07:58:26 [INFO]   Added new fact R_16("str_3", c_10, "0"^^<http://www.w3.org/2001/XMLSchema#double>, 10557201542939293569, "112"^^<http://www.w3.org/2001/XMLSchema#double>, "113.4"^^<http://www.w3.org/2001/XMLSchema#double>).
07:58:26 [INFO] 12 / 19
07:58:26 [INFO]   II Add Fact Node and Edge
07:58:26 [INFO]   Added new fact R_7("StationA").
07:58:26 [INFO] 13 / 19
07:58:26 [INFO]   II Add Fact Node and Edge
07:58:26 [INFO]   Added new fact R_2(c_11).
07:58:26 [INFO] 14 / 19
07:58:26 [INFO]   II Add Fact Node and Edge
07:58:26 [INFO]   Added new fact R_13("str_1", c_12).
07:58:26 [INFO] 15 / 19
07:58:26 [INFO]   II Add Fact Node and Edge
07:58:26 [INFO]   Added new fact R_18("113.4"^^<http://www.w3.org/2001/XMLSchema#double>, "str_4", "str_1", "115.2"^^<http://www.w3.org/2001/XMLSchema#double>, c_13, "1000"^^<http://www.w3.org/2001/XMLSchema#double>).
07:58:26 [INFO] 16 / 19
07:58:26 [INFO]   II Add Fact Node and Edge
07:58:26 [INFO]   Added new fact R_3(c_5, "1000"^^<http://www.w3.org/2001/XMLSchema#double>, c_14, c_4, c_15).
07:58:26 [INFO] 17 / 19
07:58:26 [INFO]   II Add Fact Node and Edge
07:58:26 [INFO]   Added new fact R_16(c_5, 6168867212935495296, c_5, "StationA", "112"^^<http://www.w3.org/2001/XMLSchema#double>, c_16).
07:58:26 [INFO] 18 / 19
07:58:26 [INFO]   II Add Fact Node and Edge
07:58:26 [INFO]   Added new fact R_10(c_5, "111.7"^^<http://www.w3.org/2001/XMLSchema#double>, "StationA", "StationA").
07:58:26 [INFO] 19 / 19
07:58:26 [INFO]   II Add Fact Node and Edge
07:58:26 [INFO]   Added new fact R_5(c_9, c_17, c_18).
07:58:26 [INFO] 
07:58:26 [INFO] ----------------------------------------------
07:58:26 [INFO] ----------- Program Generation Done ----------
07:58:26 [INFO] ----------------------------------------------
07:58:26 [INFO] 
07:58:26 [INFO] ----------- Generated ADG Summary: -----------
07:58:26 [INFO] ADG Fact Nodes:                  19
07:58:26 [INFO] ADG Relational Nodes:            29
07:58:26 [INFO] ADG Fact Edges:                  19
07:58:26 [INFO] ADG Relational Edges:            53
07:58:26 [INFO] Number of inv. Strata:           3
07:58:26 [INFO] 
07:58:26 [INFO] Nodes with None Ancestry:        1
07:58:26 [INFO] Nodes with Positive Ancestry:    13
07:58:26 [INFO] Nodes with Negative Ancestry:    10
07:58:26 [INFO] Nodes with Unknown Ancestry:     5
07:58:26 [INFO] 
07:58:26 [INFO] Next rule name would be:         r_EXP_20
07:58:26 [INFO] Next predicate name would be:    R_19
07:58:26 [INFO] Next constant name would be:     c_19
07:58:26 [INFO] Next string would be:            "str_5"
07:58:26 [INFO] 
07:58:26 [INFO] Output predicate:                R_OUT
07:58:26 [INFO] Generated rule count:            19
07:58:26 [INFO] Rule count:                      25
07:58:26 [INFO] Average rel. arity:              3.2758620689655173
07:58:26 [INFO] Arity calc. may be inaccurate if arity > f64
07:58:26 [INFO] ----------------------------------------------
07:58:26 [INFO] 
07:58:26 [INFO] ------ Performed Gen. Transformations: -------
07:58:26 [INFO]  #      Type
07:58:26 [INFO]  19      Generate New Rule with Probably Single Lit
07:58:26 [INFO]  28      Generating an Outgoing Relational Edge
07:58:26 [INFO]  18      I     Add Relational Node
07:58:26 [INFO]  19      II    Add Fact Node and Edge
07:58:26 [INFO] ----------------------------------------------
07:58:26 [INFO] 
07:58:26 [INFO] Storing input ADG and input program
07:58:26 [INFO] 
07:58:26 [INFO] ----------------------------------------------
07:58:26 [INFO] --------- Beginning Transformations ----------
07:58:26 [INFO] --------  Oracle: EXP    Number: 57
07:58:26 [INFO] ----------------------------------------------
07:58:26 [INFO] 1 / 57
07:58:26 [INFO]   VII Modify Rule - Add Equality
07:58:26 [INFO]   Replaced var ?X_2 with var ?Y_1 in the rule r_GEN_13
07:58:26 [INFO] 2 / 57
07:58:26 [INFO]   I Add Relational Node
07:58:26 [INFO]   Added new relation R_21
07:58:26 [INFO] 3 / 57
07:58:26 [INFO]   I Add Relational Node
07:58:26 [INFO]   Added new relation R_22
07:58:26 [INFO] 4 / 57
07:58:26 [INFO]   II Add Fact Node and Edge
07:58:26 [INFO]   Added new fact R_17("StationA").
07:58:26 [INFO] 5 / 57
07:58:26 [INFO]   I Add Relational Node
07:58:26 [INFO]   Added new relation R_23
07:58:26 [INFO] 6 / 57
07:58:26 [INFO]   Xa Remove Relational Node - Rule Variant
07:58:26 [INFO]   Removing relational node R_7
07:58:26 [INFO]   Removing the Rule of the name r_GEN_8
07:58:26 [INFO]   Removing at least 4 relational edges.
07:58:26 [INFO] 7 / 57
07:58:26 [INFO]   XI Add Contradictory Rule
07:58:26 [INFO]   Added new contradictory rule of name r_EXP_22
07:58:26 [INFO]   R_13("str_4", ?X_2) :- R_15("str_4", ?X_2), ~R_15("str_4", ?X_2) .
07:58:26 [INFO] 8 / 57
07:58:26 [INFO]   IV Add Relational Edge - New Literal
07:58:26 [INFO]   Generated literal ~R_16(?X_2, ?X_3, ?X_2, ?X_4, ?X_4, ?X_3) for rule r_GEN_15
07:58:26 [INFO] 9 / 57
07:58:26 [INFO]   I Add Relational Node
07:58:26 [INFO]   Added new relation R_24
07:58:26 [INFO] 10 / 57
07:58:26 [INFO]   I Add Relational Node
07:58:26 [INFO]   Added new relation R_25
07:58:26 [INFO] 11 / 57
07:58:26 [INFO]   VIII Modify Rule - Remove Equality
07:58:26 [INFO]   Replaced a random number of var X_1 with var X_1_new_1 in the rule r_GEN_12
07:58:26 [INFO] 12 / 57
07:58:26 [INFO]   XI Add Contradictory Rule
07:58:26 [INFO]   Assigned relation R_22 the artiy 1
07:58:26 [INFO]   Added new contradictory rule of name r_EXP_23
07:58:26 [INFO]   R_4(?X_2, "str_1") :- R_22(?X_2), R_22("str_1"), ~R_22(?X_2) .
07:58:26 [INFO] 13 / 57
07:58:26 [INFO]   III Add Relational edges - New Rule
07:58:26 [INFO]   Assigned relation R_24 the artiy 5
07:58:26 [INFO]   Added new rule of name r_EXP_24
07:58:26 [INFO]   R_13(?X_2, c_1) :- R_24(?X_2, c_1, "StationA", "StationA", c_1), R_12("StationA", c_1), ~HeavyWindForce(c_1, "StationA", "StationA") .
07:58:26 [INFO] 14 / 57
07:58:26 [INFO]   III Add Relational edges - New Rule
07:58:26 [INFO]   Added new rule of name r_EXP_25
07:58:26 [INFO]   R_5(?X_1, ?X_2, c_17) :- TempAbove24(?X_1, ?X_2, ?X_1), TempAbove41(?X_1, c_17, ?X_1), R_4(?Y_1, "Ohio"), ~R_14(?X_1, ?X_1, c_14, ?Y_1), ~R_16(?X_1, c_14, ?Y_1, c_17, c_17, "Ohio"), ~R_22(?Y_1), ~R_24(?X_2, c_14, ?X_2, ?X_1, ?X_1) .
07:58:26 [INFO] 15 / 57
07:58:26 [INFO]   II Add Fact Node and Edge
07:58:26 [INFO]   Added new fact R_18("str_7", c_21, "str_8", c_22, "str_2", "str_9").
07:58:26 [INFO] 16 / 57
07:58:26 [INFO]   III Add Relational edges - New Rule
07:58:26 [INFO]   Added new rule of name r_EXP_26
07:58:26 [INFO]   R_13(?X_1, c_21) :- R_13(?X_1, ?Y_1), R_4(c_17, c_17), R_14(c_21, ?Y_1, ?Y_1, ?X_1), R_15(c_17, ?Y_1), HeavyWindForce(c_21, ?Y_1, c_21), ~R_15(?Y_1, c_17) .
07:58:26 [INFO] 17 / 57
07:58:26 [INFO]   III Add Relational edges - New Rule
07:58:26 [INFO]   Assigned relation R_23 the artiy 4
07:58:26 [INFO]   Assigned relation R_21 the artiy 6
07:58:26 [INFO]   Assigned relation R_25 the artiy 6
07:58:26 [INFO]   Added new rule of name r_EXP_27
07:58:26 [INFO]   R_17(c_5) :- LocatedInState(?Y_1, c_5, c_5, c_5), TempAbove41(c_5, c_5, c_12), R_1(c_5, ?Y_1, ?Y_1, ?Y_1, ?Y_1), ~R_15(c_5, ?Y_1), ~R_23(c_5, ?Y_1, c_5, c_5), ~R_21(?Y_1, c_5, "210"^^<http://www.w3.org/2001/XMLSchema#double>, c_5, c_5, ?Y_1), ~R_25("210"^^<http://www.w3.org/2001/XMLSchema#double>, ?Y_1, c_5, c_5, ?Y_1, c_5) .
07:58:26 [INFO] 18 / 57
07:58:26 [INFO]   XI Add Contradictory Rule
07:58:26 [INFO]   Added new contradictory rule of name r_EXP_28
07:58:26 [INFO]   R_24(?X_5, ?X_3, ?X_5, ?X_4, ?X_2) :- R_14(?X_5, ?X_4, ?X_5, ?X_4), R_14(?X_2, ?X_3, c_11, ?X_3), ~R_14(?X_5, ?X_4, ?X_5, ?X_4) .
07:58:26 [INFO] 19 / 57
07:58:26 [INFO]   I Add Relational Node
07:58:26 [INFO]   Added new relation R_26
07:58:26 [INFO] 20 / 57
07:58:26 [INFO]   I Add Relational Node
07:58:26 [INFO]   Added new relation R_27
07:58:26 [INFO] 21 / 57
07:58:26 [INFO]   III Add Relational edges - New Rule
07:58:26 [INFO]   Assigned relation R_26 the artiy 2
07:58:26 [INFO]   Added new rule of name r_EXP_29
07:58:26 [INFO]   R_OUT(?X_4, ?X_3, ?X_1, ?X_1) :- R_26(?X_4, ?X_3), HeavyWindForce(?X_1, ?X_1, ?X_1), ~HeavyWind(?X_3, ?X_1, ?X_1) .
07:58:26 [INFO] 22 / 57
07:58:26 [INFO]   III Add Relational edges - New Rule
07:58:26 [INFO]   Added new rule of name r_EXP_30
07:58:26 [INFO]   R_9(?X_1, "215"^^<http://www.w3.org/2001/XMLSchema#double>, ?X_3, ?X_2, ?X_2) :- R_24(?X_3, ?Y_1, ?X_3, ?X_2, ?X_2), R_25(?X_3, ?Y_1, ?X_3, ?X_2, ?X_2, c_16), HeavyWind(?X_1, ?X_1, c_16), R_8(?X_3, ?Y_1, ?Y_1, ?Y_1, ?X_2), R_9(?X_2, ?Y_1, ?X_2, ?X_3, "215"^^<http://www.w3.org/2001/XMLSchema#double>), ~R_21(?X_3, ?Y_1, ?Y_1, ?Y_1, ?Y_1, ?X_3), ~R_24(?X_2, ?Y_1, c_1, c_16, ?X_3) .
07:58:26 [INFO] 23 / 57
07:58:26 [INFO]   III Add Relational edges - New Rule
07:58:26 [INFO]   Added new rule of name r_EXP_31
07:58:26 [INFO]   R_5(?X_2, ?X_1, ?X_3) :- R_13(?X_2, c_10), R_23(?Y_1, ?Y_1, ?Y_1, ?X_2), HeavyWindForce(c_10, c_10, ?X_2), R_10(?X_1, ?Y_1, ?X_2, ?Y_1), R_12(?X_3, ?X_2), R_22(?X_3), ~R_1(?Y_1, c_10, ?X_2, ?X_2, "StationA") .
07:58:26 [INFO] 24 / 57
07:58:26 [INFO]   XI Add Contradictory Rule
07:58:26 [INFO]   Added new contradictory rule of name r_EXP_32
07:58:26 [INFO]   R_1("117.1"^^<http://www.w3.org/2001/XMLSchema#double>, ?X_3, ?X_4, ?X_2, ?X_3) :- R_4("117.1"^^<http://www.w3.org/2001/XMLSchema#double>, ?X_3), R_4(?X_4, ?X_2), R_4(?X_3, ?X_4), ~R_4("117.1"^^<http://www.w3.org/2001/XMLSchema#double>, ?X_3) .
07:58:26 [INFO] 25 / 57
07:58:26 [INFO]   III Add Relational edges - New Rule
07:58:26 [INFO]   Added new rule of name r_EXP_33
07:58:26 [INFO]   R_13("str_7", ?X_1) :- R_1(?X_1, "StationA", "str_7", ?Y_1, ?X_1), R_15("StationA", "str_7"), R_18("str_7", "str_7", ?X_1, "StationA", ?X_1, "StationA"), R_OUT(?X_1, "StationA", "StationA", ?X_1), R_22(?X_1), TempAbove24("StationA", "StationA", ?Y_1) .
07:58:26 [INFO] 26 / 57
07:58:26 [INFO]   II Add Fact Node and Edge
07:58:26 [INFO]   Added new fact R_18(c_12, "str_7", 14626672440688883568, c_11, c_23, c_24).
07:58:26 [INFO] 27 / 57
07:58:26 [INFO]   I Add Relational Node
07:58:26 [INFO]   Added new relation R_28
07:58:26 [INFO] 28 / 57
07:58:26 [INFO]   I Add Relational Node
07:58:26 [INFO]   Added new relation R_29
07:58:26 [INFO] 29 / 57
07:58:26 [INFO]   III Add Relational edges - New Rule
07:58:26 [INFO]   Added new rule of name r_EXP_34
07:58:26 [INFO]   R_11(?X_1, ?X_3, "StationA", ?X_4) :- R_OUT(?X_1, ?X_3, "StationA", ?X_4) .
07:58:26 [INFO] 30 / 57
07:58:26 [INFO]   XI Add Contradictory Rule
07:58:26 [INFO]   Assigned relation R_28 the artiy 4
07:58:26 [INFO]   Added new contradictory rule of name r_EXP_35
07:58:26 [INFO]   R_18(?X_2, ?X_6, ?X_5, "str_4", ?X_3, ?X_5) :- R_28(?X_2, ?X_6, ?X_5, "str_4"), R_28(?X_3, ?X_5, ?X_3, ?X_3), ~R_28(?X_2, ?X_6, ?X_5, "str_4") .
07:58:26 [INFO] 31 / 57
07:58:26 [INFO]   VIII Modify Rule - Remove Equality
07:58:26 [INFO]   Replaced a random number of var Y_1 with var Y_1_new_1 in the rule r_EXP_33
07:58:26 [INFO] 32 / 57
07:58:26 [INFO]   I Add Relational Node
07:58:26 [INFO]   Added new relation R_30
07:58:26 [INFO] 33 / 57
07:58:26 [INFO]   XI Add Contradictory Rule
07:58:26 [INFO]   Added new contradictory rule of name r_EXP_36
07:58:26 [INFO]   R_5(c_4, ?X_2, ?X_3) :- TempAbove41DiamondMinus1(c_4, ?X_2, ?X_3), ~TempAbove41DiamondMinus1(c_4, ?X_2, ?X_3) .
07:58:26 [INFO] 34 / 57
07:58:26 [INFO]   VIII Modify Rule - Remove Equality
07:58:26 [INFO]   Replaced a random number of var X_2 with var X_2_new_1 in the rule r_GEN_9
07:58:26 [INFO] 35 / 57
07:58:26 [INFO]   III Add Relational edges - New Rule
07:58:26 [INFO]   Assigned relation R_30 the artiy 6
07:58:26 [INFO]   Added new rule of name r_EXP_37
07:58:26 [INFO]   R_5(?X_3, "str_1", ?X_1) :- R_26("str_1", c_12), R_23(c_12, ?X_1, ?X_1, c_12), R_4("str_1", ?X_3), R_26("str_1", ?X_1), ~ExcessiveHeat("str_8", ?X_1, c_12), ~HeatAffectedState(?X_1, c_12, ?X_1), ~R_30("str_1", ?X_3, "str_1", c_12, c_12, c_12), ~TempAbove41DiamondMinus1(?X_1, c_12, c_12) .
07:58:26 [INFO] 36 / 57
07:58:26 [INFO]   VIII Modify Rule - Remove Equality
07:58:26 [INFO]   Replaced a random number of var X_3 with var X_3_new_1 in the rule r_GEN_12
07:58:26 [INFO] 37 / 57
07:58:26 [INFO]   III Add Relational edges - New Rule
07:58:26 [INFO]   Added new rule of name r_EXP_38
07:58:26 [INFO]   R_17(?X_1) :- ExcessiveHeat(?Y_1, ?X_1, ?X_1), R_3(?Y_1, ?Y_1, c_3, c_3, ?X_1), R_5(?X_1, c_3, c_3), ~R_4(c_3, c_3), ~HeavyWindAffectedState(c_3, c_3, ?X_1) .
07:58:26 [INFO] 38 / 57
07:58:26 [INFO]   VI Remove Relational Edge - Single Literal
07:58:26 [INFO]   Found the rule of the name r_EXP_37
07:58:26 [INFO]   Removed relational edge NodeIndex(52): (R_26 -> R_5)
07:58:26 [INFO]   Attempting to remove the literal +R_26(, "str_1", c_12) from the rule r_EXP_37
07:58:26 [INFO] 39 / 57
07:58:26 [INFO]   VIII Modify Rule - Remove Equality
07:58:26 [INFO]   Replaced a random number of var Y_1 with var Y_1_new_1 in the rule r_EXP_26
07:58:26 [INFO] 40 / 57
07:58:26 [INFO]   I Add Relational Node
07:58:26 [INFO]   Added new relation R_31
07:58:26 [INFO] 41 / 57
07:58:26 [INFO]   XI Add Contradictory Rule
07:58:26 [INFO]   Added new contradictory rule of name r_EXP_39
07:58:26 [INFO]   R_14(?X_2, ?X_1, ?X_4, ?X_1) :- R_28(?X_2, ?X_1, ?X_4, ?X_1), ~R_28(?X_2, ?X_1, ?X_4, ?X_1) .
07:58:26 [INFO] 42 / 57
07:58:26 [INFO]   II Add Fact Node and Edge
07:58:26 [INFO]   Added new fact R_18("StationA", c_25, "1000"^^<http://www.w3.org/2001/XMLSchema#double>, c_26, "str_10", c_27).
07:58:26 [INFO] 43 / 57
07:58:26 [INFO]   II Add Fact Node and Edge
07:58:26 [INFO]   Added new fact R_26("str_5", 6563804769285749065).
07:58:26 [INFO] 44 / 57
07:58:26 [INFO]   II Add Fact Node and Edge
07:58:26 [INFO]   Assigned relation R_31 the artiy 2
07:58:26 [INFO]   Added new fact R_31(c_23, 17509588449971579942).
07:58:26 [INFO] 45 / 57
07:58:26 [INFO]   XI Add Contradictory Rule
07:58:26 [INFO]   Added new contradictory rule of name r_EXP_40
07:58:26 [INFO]   R_3(?X_5, ?X_1, ?X_3, ?X_4, ?X_2) :- ExcessiveHeat(?X_5, ?X_1, ?X_3), ExcessiveHeat(?X_4, ?X_4, ?X_2), ~ExcessiveHeat(?X_5, ?X_1, ?X_3) .
07:58:26 [INFO] 46 / 57
07:58:26 [INFO]   III Add Relational edges - New Rule
07:58:26 [INFO]   Assigned relation R_29 the artiy 5
07:58:26 [INFO]   Added new rule of name r_EXP_41
07:58:26 [INFO]   R_17(?X_1) :- R_29(c_10, ?X_1, ?X_1, ?X_1, ?X_1), R_14(c_10, ?X_1, c_10, ?Y_1), ~R_26(c_10, c_5), ~R_31(c_10, c_10), ~R_21(?X_1, ?X_1, c_10, c_5, ?X_1, c_5), ~R_28(?X_1, c_5, ?Y_1, ?X_1) .
07:58:26 [INFO] 47 / 57
07:58:26 [INFO]   IX Remove Fact Node and Edge
07:58:26 [INFO]   Removed fact R_31(c_23, 17509588449971579942). from the program
07:58:26 [INFO]   Removed fact R_31(c_23, 17509588449971579942). from the ADG.
07:58:26 [INFO] 48 / 57
07:58:26 [INFO]   VIII Modify Rule - Remove Equality
07:58:26 [INFO]   Replaced a random number of var X_1_new_1 with var X_1_new_1_new_1 in the rule r_GEN_12
07:58:26 [INFO] 49 / 57
07:58:26 [INFO]   XI Add Contradictory Rule
07:58:26 [INFO]   Added new contradictory rule of name r_EXP_42
07:58:26 [INFO]   R_12(?X_2, ?X_1) :- TempAbove41DiamondMinus1(?X_2, c_10, ?X_1), ~TempAbove41DiamondMinus1(?X_2, c_10, ?X_1) .
07:58:26 [INFO] 50 / 57
07:58:26 [INFO]   II Add Fact Node and Edge
07:58:26 [INFO]   Added new fact R_29("str_11", c_28, "117"^^<http://www.w3.org/2001/XMLSchema#double>, c_29, "str_4").
07:58:26 [INFO] 51 / 57
07:58:26 [INFO]   XI Add Contradictory Rule
07:58:26 [INFO]   Added new contradictory rule of name r_EXP_43
07:58:26 [INFO]   R_15(c_8, ?X_2) :- TempAbove41DiamondMinus1(c_8, ?Y_1, ?X_2), ~TempAbove41DiamondMinus1(c_8, ?Y_1, ?X_2) .
07:58:26 [INFO] 52 / 57
07:58:26 [INFO]   II Add Fact Node and Edge
07:58:26 [INFO]   Added new fact R_29(c_19, c_30, "str_12", "str_13", c_27).
07:58:26 [INFO] 53 / 57
07:58:26 [INFO]   II Add Fact Node and Edge
07:58:26 [INFO]   Added new fact R_OUT(c_22, 7327879995966042279, "StationA", "StationA").
07:58:26 [INFO] 54 / 57
07:58:26 [INFO]   III Add Relational edges - New Rule
07:58:26 [INFO]   Assigned relation R_27 the artiy 4
07:58:26 [INFO]   Added new rule of name r_EXP_44
07:58:26 [INFO]   R_2(?X_1) :- R_17(?X_1), ~R_24(c_7, ?X_1, ?X_1, ?X_1, ?X_1), ~R_22(c_7), ~R_27(c_7, ?X_1, ?X_1, c_7) .
07:58:26 [INFO] 55 / 57
07:58:26 [INFO]   I Add Relational Node
07:58:26 [INFO]   Added new relation R_32
07:58:26 [INFO] 56 / 57
07:58:26 [INFO]   VIII Modify Rule - Remove Equality
07:58:26 [INFO]   Replaced a random number of var X_1 with var X_1_new_1 in the rule r_EXP_33
07:58:26 [INFO] 57 / 57
07:58:26 [INFO]   I Add Relational Node
07:58:26 [INFO]   Added new relation R_33
07:58:26 [INFO] ----------------------------------------------
07:58:26 [INFO] ------------ Transformations Done ------------
07:58:26 [INFO] ----------------------------------------------
07:58:26 [INFO]  Ressources required: 
                
07:58:26 [INFO] ---------- Transformed ADG Summary: ----------
07:58:26 [INFO] ADG Fact Nodes:                  25
07:58:26 [INFO] ADG Relational Nodes:            41
07:58:26 [INFO] ADG Fact Edges:                  25
07:58:26 [INFO] ADG Relational Edges:            145
07:58:26 [INFO] Number of inv. Strata:           4
07:58:26 [INFO] 
07:58:26 [INFO] Nodes with None Ancestry:        0
07:58:26 [INFO] Nodes with Positive Ancestry:    11
07:58:26 [INFO] Nodes with Negative Ancestry:    4
07:58:26 [INFO] Nodes with Unknown Ancestry:     24
07:58:26 [INFO] 
07:58:26 [INFO] Next rule name would be:         r_EXP_45
07:58:26 [INFO] Next predicate name would be:    R_34
07:58:26 [INFO] Next constant name would be:     c_31
07:58:26 [INFO] Next string would be:            "str_14"
07:58:26 [INFO] 
07:58:26 [INFO] Output predicate:                R_OUT
07:58:26 [INFO] Rule count:                      47
07:58:26 [INFO] Average rel. arity:              3.5
07:58:26 [INFO] Arity calc. may be inaccurate if arity > f64
07:58:26 [INFO] ----------------------------------------------
07:58:26 [INFO] 
07:58:26 [INFO] --------- Performed Transformations: ---------
07:58:26 [INFO]  #      Type
07:58:26 [INFO]  47      Failed Transformation Attempts
07:58:26 [INFO]  13      I     Add Relational Node
07:58:26 [INFO]  9      II    Add Fact Node and Edge
07:58:26 [INFO]  13      III   Add Relational edges - New Rule
07:58:26 [INFO]  1      IV    Add Relational Edge - New Literal
07:58:26 [INFO]  1      IX    Remove Fact Node and Edge
07:58:26 [INFO]  0      V     Remove Relational Edges - Whole Rule
07:58:26 [INFO]  1      VI    Remove Relational Edge - Single Literal
07:58:26 [INFO]  1      VII   Modify Rule - Add Equality
07:58:26 [INFO]  7      VIII  Modify Rule - Remove Equality
07:58:26 [INFO]  10      XI   Add Contradictory Rule
07:58:26 [INFO]  1      Xa     Remove Relational Node Rule Variant - None anc only
07:58:26 [INFO] ----------------------------------------------
07:58:26 [INFO] 
07:58:26 [INFO] Writing output ADG and file.
07:58:26 [INFO] 
07:58:26 [INFO] ----------------------------------------------
07:58:26 [INFO] -- Beginning Nemo Execution - Input Program --
07:58:26 [INFO] ----------------------------------------------
07:58:26 [INFO] Stratified program: [[0, 1, 2, 3, 4, 5, 6, 7, 10, 11], [9, 12, 13, 14, 17], [8, 15, 18, 22], [16, 19, 20, 21, 23]]
07:58:26 [INFO] <<< STEP 1: APPLYING RULE 0 TempAbove41DiamondMinus1(?Station, ?Start, ?_HEAD_1) :- TempAbove41(?Station, ?Start, ?End), Equal(?_HEAD_1, NumericSum(?End, "1"^^<http://www.w3.org/2001/XMLSchema#double>)) >>>
07:58:26 [INFO] Loading source SimpleTable { arity: 3, data: [AnyDataValue(PlainString(StringDataValue("StationA"))), AnyDataValue(Double(DoubleDataValue(213.4))), AnyDataValue(Double(DoubleDataValue(213.5)))] }
07:58:26 [INFO] Execution step: Body
07:58:26 [INFO] Saved temporary table: 1 entries (10316)
07:58:26 [INFO] Execution step: Duplicate Elimination (Datalog)
07:58:26 [INFO] Saved permanent table TempAbove41DiamondMinus1 (1) Permutation { idx_to_val: [], val_to_idx: [] } with 1 entries (10364)
07:58:26 [INFO] Rule duration: 0 ms
07:58:26 [INFO] <<< STEP 2: APPLYING RULE 0 TempAbove41DiamondMinus1(?Station, ?Start, ?_HEAD_1) :- TempAbove41(?Station, ?Start, ?End), Equal(?_HEAD_1, NumericSum(?End, "1"^^<http://www.w3.org/2001/XMLSchema#double>)) >>>
07:58:26 [INFO] Execution step: Body
07:58:26 [INFO] Trie does not contain any elements
07:58:26 [INFO] Execution step: Duplicate Elimination (Datalog)
07:58:26 [INFO] Trie does not contain any elements
07:58:26 [INFO] Rule duration: 0 ms
07:58:26 [INFO] <<< STEP 3: APPLYING RULE 1 TempConstantOver24AtLeastFor1(?Station, ?_HEAD_1, ?End) :- TempAbove24(?Station, ?Start, ?End), NumericLessthan(NumericSum(?Start, "1"^^<http://www.w3.org/2001/XMLSchema#double>), ?End), Equal(?_HEAD_1, NumericSum(?Start, "1"^^<http://www.w3.org/2001/XMLSchema#double>)) >>>
07:58:26 [INFO] Loading source SimpleTable { arity: 3, data: [AnyDataValue(PlainString(StringDataValue("StationA"))), AnyDataValue(Double(DoubleDataValue(210.0))), AnyDataValue(Double(DoubleDataValue(215.0)))] }
07:58:26 [INFO] Execution step: Body
07:58:26 [INFO] Saved temporary table: 1 entries (10316)
07:58:26 [INFO] Execution step: Duplicate Elimination (Datalog)
07:58:26 [INFO] Saved permanent table TempConstantOver24AtLeastFor1 (3) Permutation { idx_to_val: [], val_to_idx: [] } with 1 entries (10364)
07:58:26 [INFO] Rule duration: 0 ms
07:58:26 [INFO] <<< STEP 4: APPLYING RULE 1 TempConstantOver24AtLeastFor1(?Station, ?_HEAD_1, ?End) :- TempAbove24(?Station, ?Start, ?End), NumericLessthan(NumericSum(?Start, "1"^^<http://www.w3.org/2001/XMLSchema#double>), ?End), Equal(?_HEAD_1, NumericSum(?Start, "1"^^<http://www.w3.org/2001/XMLSchema#double>)) >>>
07:58:26 [INFO] Execution step: Body
07:58:26 [INFO] Trie does not contain any elements
07:58:26 [INFO] Execution step: Duplicate Elimination (Datalog)
07:58:26 [INFO] Trie does not contain any elements
07:58:26 [INFO] Rule duration: 0 ms
07:58:26 [INFO] <<< STEP 5: APPLYING RULE 2 ExcessiveHeat(?Station, ?_HEAD_1, ?_HEAD_2) :- TempAbove41DiamondMinus1(?Station, ?Start41, ?End41), TempConstantOver24AtLeastFor1(?Station, ?Start24, ?End24), NumericLessthan(?Start41, ?End24), NumericLessthan(?Start24, ?End41), Equal(?_HEAD_1, NumericSubtraction(NumericMaximum(?Start24, ?Start41), "1"^^<http://www.w3.org/2001/XMLSchema#double>)), Equal(?_HEAD_2, NumericMinimum(?End41, ?End24)) >>>
07:58:26 [INFO] Execution step: Body
07:58:26 [INFO] Saved temporary table: 1 entries (10316)
07:58:26 [INFO] Execution step: Duplicate Elimination (Datalog)
07:58:26 [INFO] Saved permanent table ExcessiveHeat (5) Permutation { idx_to_val: [], val_to_idx: [] } with 1 entries (10364)
07:58:26 [INFO] Rule duration: 0 ms
07:58:26 [INFO] <<< STEP 6: APPLYING RULE 2 ExcessiveHeat(?Station, ?_HEAD_1, ?_HEAD_2) :- TempAbove41DiamondMinus1(?Station, ?Start41, ?End41), TempConstantOver24AtLeastFor1(?Station, ?Start24, ?End24), NumericLessthan(?Start41, ?End24), NumericLessthan(?Start24, ?End41), Equal(?_HEAD_1, NumericSubtraction(NumericMaximum(?Start24, ?Start41), "1"^^<http://www.w3.org/2001/XMLSchema#double>)), Equal(?_HEAD_2, NumericMinimum(?End41, ?End24)) >>>
07:58:26 [INFO] Execution step: Body
07:58:26 [INFO] Trie does not contain any elements
07:58:26 [INFO] Execution step: Duplicate Elimination (Datalog)
07:58:26 [INFO] Trie does not contain any elements
07:58:26 [INFO] Rule duration: 0 ms
07:58:26 [INFO] <<< STEP 7: APPLYING RULE 3 HeatAffectedState(?State, ?_HEAD_1, ?_HEAD_2) :- ExcessiveHeat(?Station, ?StartHeat, ?EndHeat), LocatedInState(?Station, ?State, ?StartIn, ?EndIn), NumericLessthan(?StartHeat, ?EndIn), NumericLessthan(?StartIn, ?EndHeat), Equal(?_HEAD_1, NumericMaximum(?StartHeat, ?StartIn)), Equal(?_HEAD_2, NumericMinimum(?EndHeat, ?EndIn)) >>>
07:58:26 [INFO] Loading source SimpleTable { arity: 4, data: [AnyDataValue(PlainString(StringDataValue("StationA"))), AnyDataValue(PlainString(StringDataValue("Ohio"))), AnyDataValue(Double(DoubleDataValue(0.0))), AnyDataValue(Double(DoubleDataValue(1000.0)))] }
07:58:26 [INFO] Execution step: Body
07:58:26 [INFO] Saved temporary table: 1 entries (10316)
07:58:26 [INFO] Execution step: Duplicate Elimination (Datalog)
07:58:26 [INFO] Saved permanent table HeatAffectedState (7) Permutation { idx_to_val: [], val_to_idx: [] } with 1 entries (10364)
07:58:26 [INFO] Rule duration: 0 ms
07:58:26 [INFO] <<< STEP 8: APPLYING RULE 3 HeatAffectedState(?State, ?_HEAD_1, ?_HEAD_2) :- ExcessiveHeat(?Station, ?StartHeat, ?EndHeat), LocatedInState(?Station, ?State, ?StartIn, ?EndIn), NumericLessthan(?StartHeat, ?EndIn), NumericLessthan(?StartIn, ?EndHeat), Equal(?_HEAD_1, NumericMaximum(?StartHeat, ?StartIn)), Equal(?_HEAD_2, NumericMinimum(?EndHeat, ?EndIn)) >>>
07:58:26 [INFO] Execution step: Body
07:58:26 [INFO] Trie does not contain any elements
07:58:26 [INFO] Execution step: Duplicate Elimination (Datalog)
07:58:26 [INFO] Trie does not contain any elements
07:58:26 [INFO] Rule duration: 0 ms
07:58:26 [INFO] <<< STEP 9: APPLYING RULE 4 HeavyWind(?Station, ?Start, ?End) :- HeavyWindForce(?Station, ?Start, ?End), NumericLessthan(NumericSum(?Start, "1"^^<http://www.w3.org/2001/XMLSchema#double>), ?End) >>>
07:58:26 [INFO] Loading source SimpleTable { arity: 3, data: [AnyDataValue(PlainString(StringDataValue("StationA"))), AnyDataValue(Double(DoubleDataValue(111.7))), AnyDataValue(Double(DoubleDataValue(112.0))), AnyDataValue(PlainString(StringDataValue("StationA"))), AnyDataValue(Double(DoubleDataValue(113.4))), AnyDataValue(Double(DoubleDataValue(115.2))), AnyDataValue(PlainString(StringDataValue("StationA"))), AnyDataValue(Double(DoubleDataValue(115.3))), AnyDataValue(Double(DoubleDataValue(117.0))), AnyDataValue(PlainString(StringDataValue("StationA"))), AnyDataValue(Double(DoubleDataValue(117.1))), AnyDataValue(Double(DoubleDataValue(118.0)))] }
07:58:26 [INFO] Execution step: Body
07:58:26 [INFO] Saved temporary table: 2 entries (10380)
07:58:26 [INFO] Execution step: Duplicate Elimination (Datalog)
07:58:26 [INFO] Saved permanent table HeavyWind (9) Permutation { idx_to_val: [], val_to_idx: [] } with 2 entries (10428)
07:58:26 [INFO] Rule duration: 0 ms
07:58:26 [INFO] <<< STEP 10: APPLYING RULE 4 HeavyWind(?Station, ?Start, ?End) :- HeavyWindForce(?Station, ?Start, ?End), NumericLessthan(NumericSum(?Start, "1"^^<http://www.w3.org/2001/XMLSchema#double>), ?End) >>>
07:58:26 [INFO] Execution step: Body
07:58:26 [INFO] Trie does not contain any elements
07:58:26 [INFO] Execution step: Duplicate Elimination (Datalog)
07:58:26 [INFO] Trie does not contain any elements
07:58:26 [INFO] Rule duration: 0 ms
07:58:26 [INFO] <<< STEP 11: APPLYING RULE 5 HeavyWindAffectedState(?State, ?_HEAD_1, ?_HEAD_2) :- HeavyWind(?Station, ?StartWind, ?EndWind), LocatedInState(?Station, ?State, ?StartIn, ?EndIn), NumericLessthan(?StartWind, ?EndIn), NumericLessthan(?StartIn, ?EndWind), Equal(?_HEAD_1, NumericMaximum(?StartWind, ?StartIn)), Equal(?_HEAD_2, NumericMinimum(?EndWind, ?EndIn)) >>>
07:58:26 [INFO] Execution step: Body
07:58:26 [INFO] Saved temporary table: 2 entries (10380)
07:58:26 [INFO] Execution step: Duplicate Elimination (Datalog)
07:58:26 [INFO] Saved permanent table HeavyWindAffectedState (11) Permutation { idx_to_val: [], val_to_idx: [] } with 2 entries (10428)
07:58:26 [INFO] Rule duration: 0 ms
07:58:26 [INFO] <<< STEP 12: APPLYING RULE 5 HeavyWindAffectedState(?State, ?_HEAD_1, ?_HEAD_2) :- HeavyWind(?Station, ?StartWind, ?EndWind), LocatedInState(?Station, ?State, ?StartIn, ?EndIn), NumericLessthan(?StartWind, ?EndIn), NumericLessthan(?StartIn, ?EndWind), Equal(?_HEAD_1, NumericMaximum(?StartWind, ?StartIn)), Equal(?_HEAD_2, NumericMinimum(?EndWind, ?EndIn)) >>>
07:58:26 [INFO] Execution step: Body
07:58:26 [INFO] Trie does not contain any elements
07:58:26 [INFO] Execution step: Duplicate Elimination (Datalog)
07:58:26 [INFO] Trie does not contain any elements
07:58:26 [INFO] Rule duration: 0 ms
07:58:26 [INFO] <<< STEP 13: APPLYING RULE 11 R_16(?X_1, ?X_6, ?X_5, ?X_2, ?X_3, "StationA") :- HeavyWindForce(?X_1, ?X_6, ?X_5), HeavyWindForce(?X_2, ?X_3, ?_BODY_1), TempAbove24(?Z_3, ?Z_2, ?X_1), Equal(?_BODY_1, "StationA") >>>
07:58:26 [INFO] Loading source SimpleTable { arity: 6, data: [AnyDataValue(PlainString(StringDataValue("str_3"))), AnyDataValue(Iri(IriDataValue("c_10"))), AnyDataValue(Double(DoubleDataValue(0.0))), AnyDataValue(UnsignedLong(UnsignedLongDataValue(10557201542939293569))), AnyDataValue(Double(DoubleDataValue(112.0))), AnyDataValue(Double(DoubleDataValue(113.4))), AnyDataValue(Iri(IriDataValue("c_5"))), AnyDataValue(UnsignedLong(UnsignedLongDataValue(6168867212935495296))), AnyDataValue(Iri(IriDataValue("c_5"))), AnyDataValue(PlainString(StringDataValue("StationA"))), AnyDataValue(Double(DoubleDataValue(112.0))), AnyDataValue(Iri(IriDataValue("c_16")))] }
07:58:26 [INFO] Execution step: Body
07:58:26 [INFO] Trie does not contain any elements
07:58:26 [INFO] Execution step: Duplicate Elimination (Datalog)
07:58:26 [INFO] Trie does not contain any elements
07:58:26 [INFO] Rule duration: 0 ms
07:58:26 [INFO] <<< STEP 14: APPLYING RULE 6 R_3(?X_3, ?X_5, ?X_2, ?X_1, ?X_4) :- R_16(?X_3, ?X_5, ?X_2, ?X_1, ?_BODY_1, ?X_4), Equal(?_BODY_1, ?X_5) >>>
07:58:26 [INFO] Loading source SimpleTable { arity: 5, data: [AnyDataValue(Double(DoubleDataValue(117.1))), AnyDataValue(Iri(IriDataValue("c_7"))), AnyDataValue(Iri(IriDataValue("c_8"))), AnyDataValue(PlainString(StringDataValue("str_2"))), AnyDataValue(Iri(IriDataValue("c_7"))), AnyDataValue(Iri(IriDataValue("c_5"))), AnyDataValue(Double(DoubleDataValue(1000.0))), AnyDataValue(Iri(IriDataValue("c_14"))), AnyDataValue(Iri(IriDataValue("c_4"))), AnyDataValue(Iri(IriDataValue("c_15")))] }
07:58:26 [INFO] Execution step: Body
07:58:26 [INFO] Trie does not contain any elements
07:58:26 [INFO] Execution step: Duplicate Elimination (Datalog)
07:58:26 [INFO] Trie does not contain any elements
07:58:26 [INFO] Rule duration: 0 ms
07:58:26 [INFO] <<< STEP 15: APPLYING RULE 7 R_5("111.7"^^<http://www.w3.org/2001/XMLSchema#double>, ?X_3, ?X_1) :- ExcessiveHeat(?_BODY_1, ?X_3, ?X_1), Equal(?_BODY_1, "111.7"^^<http://www.w3.org/2001/XMLSchema#double>) >>>
07:58:26 [INFO] Loading source SimpleTable { arity: 3, data: [AnyDataValue(PlainString(StringDataValue("str_1"))), AnyDataValue(Double(DoubleDataValue(117.0))), AnyDataValue(PlainString(StringDataValue("StationA"))), AnyDataValue(Iri(IriDataValue("c_9"))), AnyDataValue(Iri(IriDataValue("c_17"))), AnyDataValue(Iri(IriDataValue("c_18")))] }
07:58:26 [INFO] Execution step: Body
07:58:26 [INFO] Trie does not contain any elements
07:58:26 [INFO] Execution step: Duplicate Elimination (Datalog)
07:58:26 [INFO] Trie does not contain any elements
07:58:26 [INFO] Rule duration: 0 ms
07:58:26 [INFO] <<< STEP 16: APPLYING RULE 10 R_1("StationA", ?X_4, ?X_5, ?X_3, ?X_4) :- HeavyWindAffectedState(?_BODY_1, ?X_4, ?_BODY_2), HeavyWindAffectedState(?X_3, ?X_4, ?X_5), HeavyWind(?X_4, ?Z_1, ?X_3), Equal(?_BODY_1, "StationA"), Equal(?_BODY_2, "213.4"^^<http://www.w3.org/2001/XMLSchema#double>) >>>
07:58:26 [INFO] Execution step: Body
07:58:26 [INFO] Trie does not contain any elements
07:58:26 [INFO] Execution step: Duplicate Elimination (Datalog)
07:58:26 [INFO] Trie does not contain any elements
07:58:26 [INFO] Rule duration: 0 ms
07:58:26 [INFO] <<< STEP 17: APPLYING RULE 12 R_4("111.7"^^<http://www.w3.org/2001/XMLSchema#double>, ?X_2) :- R_4(?_BODY_1, ?X_2), TempConstantOver24AtLeastFor1(?X_2, ?_BODY_2, ?_BODY_3), Equal(?_BODY_1, "111.7"^^<http://www.w3.org/2001/XMLSchema#double>), Equal(?_BODY_2, ?X_2), Equal(?_BODY_3, ?X_2) >>>
07:58:26 [INFO] Execution step: Project/Reorder
07:58:26 [INFO] Saved temporary table: 1 entries (10364)
07:58:26 [INFO] Execution step: Body
07:58:26 [INFO] Trie does not contain any elements
07:58:26 [INFO] Execution step: Duplicate Elimination (Datalog)
07:58:26 [INFO] Trie does not contain any elements
07:58:26 [INFO] Rule duration: 0 ms
07:58:26 [INFO] <<< STEP 18: APPLYING RULE 9 R_6(?X_2, ?X_1) :- R_4(?X_2, ?X_1), HeatAffectedState(?X_1, ?Z_2, ?X_2) >>>
07:58:26 [INFO] Execution step: Body
07:58:26 [INFO] Trie does not contain any elements
07:58:26 [INFO] Execution step: Duplicate Elimination (Datalog)
07:58:26 [INFO] Trie does not contain any elements
07:58:26 [INFO] Rule duration: 0 ms
07:58:26 [INFO] <<< STEP 19: APPLYING RULE 13 R_9(?X_4, ?X_5, "StationA", ?X_1, ?X_2) :- R_18(?Y_1, ?X_5, ?_BODY_1, ?X_1, ?X_2, ?X_4), R_3(?Y_1, ?X_4, ?X_5, ?X_1, ?_BODY_2), Equal(?_BODY_1, "StationA"), Equal(?_BODY_2, ?X_1) >>>
07:58:26 [INFO] Loading source SimpleTable { arity: 6, data: [AnyDataValue(Double(DoubleDataValue(113.4))), AnyDataValue(PlainString(StringDataValue("str_4"))), AnyDataValue(PlainString(StringDataValue("str_1"))), AnyDataValue(Double(DoubleDataValue(115.2))), AnyDataValue(Iri(IriDataValue("c_13"))), AnyDataValue(Double(DoubleDataValue(1000.0)))] }
07:58:26 [INFO] Execution step: Project/Reorder
07:58:26 [INFO] Saved temporary table: 2 entries (17432)
07:58:26 [INFO] Execution step: Body
07:58:26 [INFO] Trie does not contain any elements
07:58:26 [INFO] Execution step: Duplicate Elimination (Datalog)
07:58:26 [INFO] Trie does not contain any elements
07:58:26 [INFO] Rule duration: 0 ms
07:58:26 [INFO] <<< STEP 20: APPLYING RULE 17 R_18("1000"^^<http://www.w3.org/2001/XMLSchema#double>, ?X_2, ?X_4, ?X_6, ?X_5, ?X_1) :- HeavyWindForce(?_BODY_1, ?X_2, ?X_4), HeavyWindForce(?X_6, ?X_5, ?X_1), R_9(?X_1, ?_BODY_2, ?X_5, ?_BODY_3, ?X_2), Equal(?_BODY_1, "1000"^^<http://www.w3.org/2001/XMLSchema#double>), Equal(?_BODY_2, ?X_1), Equal(?_BODY_3, ?X_1) >>>
07:58:26 [INFO] Execution step: Body
07:58:26 [INFO] Trie does not contain any elements
07:58:26 [INFO] Execution step: Duplicate Elimination (Datalog)
07:58:26 [INFO] Trie does not contain any elements
07:58:26 [INFO] Rule duration: 0 ms
07:58:26 [INFO] <<< STEP 21: APPLYING RULE 14 R_2(?X_1) :- R_5(?_BODY_1, ?Y_1, ?X_1), R_5(?Z_1, ?X_1, ?Y_1), TempAbove41DiamondMinus1(?X_1, ?_BODY_2, ?Y_1), Equal(?_BODY_1, "StationA"), Equal(?_BODY_2, ?X_1) >>>
07:58:26 [INFO] Loading source SimpleTable { arity: 1, data: [AnyDataValue(Iri(IriDataValue("c_11")))] }
07:58:26 [INFO] Execution step: Project/Reorder
07:58:26 [INFO] Saved temporary table: 1 entries (10316)
07:58:26 [INFO] Execution step: Body
07:58:26 [INFO] Trie does not contain any elements
07:58:26 [INFO] Execution step: Duplicate Elimination (Datalog)
07:58:26 [INFO] Trie does not contain any elements
07:58:26 [INFO] Rule duration: 0 ms
07:58:26 [INFO] <<< STEP 22: APPLYING RULE 15 R_15("117.1"^^<http://www.w3.org/2001/XMLSchema#double>, ?X_1) :- R_3(?_BODY_1, ?X_1, ?_BODY_2, ?_BODY_3, ?_BODY_4), R_4(?X_1, ?Z_1), R_6(?_BODY_5, ?X_1), Equal(?_BODY_1, "117.1"^^<http://www.w3.org/2001/XMLSchema#double>), Equal(?_BODY_2, ?X_1), Equal(?_BODY_3, "StationA"), Equal(?_BODY_4, "StationA"), Equal(?_BODY_5, "111.7"^^<http://www.w3.org/2001/XMLSchema#double>) >>>
07:58:26 [INFO] Loading source SimpleTable { arity: 2, data: [AnyDataValue(Double(DoubleDataValue(111.7))), AnyDataValue(Iri(IriDataValue("c_2"))), AnyDataValue(Double(DoubleDataValue(112.0))), AnyDataValue(Double(DoubleDataValue(1000.0)))] }
07:58:26 [INFO] Execution step: Project/Reorder
07:58:26 [INFO] Trie does not contain any elements
07:58:26 [INFO] Execution step: Body
07:58:26 [INFO] Trie does not contain any elements
07:58:26 [INFO] Execution step: Duplicate Elimination (Datalog)
07:58:26 [INFO] Trie does not contain any elements
07:58:26 [INFO] Rule duration: 0 ms
07:58:26 [INFO] <<< STEP 23: APPLYING RULE 22 R_10(?X_3, ?X_3, ?X_2, ?X_4) :- HeavyWindForce(?X_3, ?_BODY_1, ?X_2), HeavyWindForce(?X_4, ?X_3, ?_BODY_2), R_1(?Z_3, ?X_2, ?X_3, ?_BODY_3, ?_BODY_4), R_15(?X_3, ?X_4), Equal(?_BODY_1, ?X_3), Equal(?_BODY_2, ?X_3), Equal(?_BODY_3, ?X_3), Equal(?_BODY_4, ?X_2) >>>
07:58:26 [INFO] Loading source SimpleTable { arity: 4, data: [AnyDataValue(Iri(IriDataValue("c_5"))), AnyDataValue(Double(DoubleDataValue(111.7))), AnyDataValue(PlainString(StringDataValue("StationA"))), AnyDataValue(PlainString(StringDataValue("StationA")))] }
07:58:26 [INFO] Execution step: Body
07:58:26 [INFO] Trie does not contain any elements
07:58:26 [INFO] Execution step: Duplicate Elimination (Datalog)
07:58:26 [INFO] Trie does not contain any elements
07:58:26 [INFO] Rule duration: 0 ms
07:58:26 [INFO] <<< STEP 24: APPLYING RULE 8 R_14(?X_3, ?X_1, ?X_4, ?X_2) :- R_10(?X_3, ?X_1, ?X_4, ?X_2) >>>
07:58:26 [INFO] Execution step: Body
07:58:26 [INFO] Saved temporary table: 1 entries (13764)
07:58:26 [INFO] Execution step: Duplicate Elimination (Datalog)
07:58:26 [INFO] Saved permanent table R_14 (24) Permutation { idx_to_val: [], val_to_idx: [] } with 1 entries (13812)
07:58:26 [INFO] Rule duration: 0 ms
07:58:26 [INFO] <<< STEP 25: APPLYING RULE 8 R_14(?X_3, ?X_1, ?X_4, ?X_2) :- R_10(?X_3, ?X_1, ?X_4, ?X_2) >>>
07:58:26 [INFO] Execution step: Body
07:58:26 [INFO] Trie does not contain any elements
07:58:26 [INFO] Execution step: Duplicate Elimination (Datalog)
07:58:26 [INFO] Trie does not contain any elements
07:58:26 [INFO] Rule duration: 0 ms
07:58:26 [INFO] <<< STEP 26: APPLYING RULE 18 R_12(?X_2, "0"^^<http://www.w3.org/2001/XMLSchema#double>) :- TempAbove41DiamondMinus1(?X_2, ?_BODY_1, ?Y_1), R_10(?X_2, ?Y_1, ?_BODY_2, ?Z_1), Equal(?_BODY_1, "0"^^<http://www.w3.org/2001/XMLSchema#double>), Equal(?_BODY_2, ?X_2) >>>
07:58:26 [INFO] Loading source SimpleTable { arity: 2, data: [AnyDataValue(Iri(IriDataValue("c_4"))), AnyDataValue(UnsignedLong(UnsignedLongDataValue(10557201542939293569))), AnyDataValue(Iri(IriDataValue("c_5"))), AnyDataValue(Iri(IriDataValue("c_6"))), AnyDataValue(UnsignedLong(UnsignedLongDataValue(6057421534472946849))), AnyDataValue(Iri(IriDataValue("c_9")))] }
07:58:26 [INFO] Execution step: Body
07:58:26 [INFO] Trie does not contain any elements
07:58:26 [INFO] Execution step: Duplicate Elimination (Datalog)
07:58:26 [INFO] Trie does not contain any elements
07:58:26 [INFO] Rule duration: 0 ms
07:58:26 [INFO] <<< STEP 27: APPLYING RULE 16 R_13(?X_1, ?X_2) :- LocatedInState(?Y_1, ?_BODY_1, ?X_2, ?X_1), R_8(?Z_2, ?X_1, ?X_2, ?_BODY_2, ?_BODY_3), Equal(?_BODY_1, "111.7"^^<http://www.w3.org/2001/XMLSchema#double>), Equal(?_BODY_2, ?X_2), Equal(?_BODY_3, ?X_2) >>>
07:58:26 [INFO] Loading source SimpleTable { arity: 5, data: [AnyDataValue(Double(DoubleDataValue(210.0))), AnyDataValue(Double(DoubleDataValue(117.0))), AnyDataValue(Iri(IriDataValue("c_1"))), AnyDataValue(UnsignedLong(UnsignedLongDataValue(6057421534472946849))), AnyDataValue(Iri(IriDataValue("c_2")))] }
07:58:26 [INFO] Loading source SimpleTable { arity: 2, data: [AnyDataValue(Iri(IriDataValue("c_3"))), AnyDataValue(Double(DoubleDataValue(112.0))), AnyDataValue(PlainString(StringDataValue("str_1"))), AnyDataValue(Iri(IriDataValue("c_12")))] }
07:58:26 [INFO] Execution step: Body
07:58:26 [INFO] Trie does not contain any elements
07:58:26 [INFO] Execution step: Duplicate Elimination (Datalog)
07:58:26 [INFO] Trie does not contain any elements
07:58:26 [INFO] Rule duration: 0 ms
07:58:26 [INFO] <<< STEP 28: APPLYING RULE 19 R_8(?X_5, "112"^^<http://www.w3.org/2001/XMLSchema#double>, ?X_3, ?X_2, ?X_1) :- LocatedInState(?X_2, ?_BODY_1, ?X_3, ?_BODY_2), LocatedInState(?X_1, ?X_5, ?Y_1, ?_BODY_3), TempAbove41(?X_1, ?Z_4, ?Y_1), R_11(?X_5, ?X_1, ?_BODY_4, ?Z_4), Equal(?_BODY_1, "112"^^<http://www.w3.org/2001/XMLSchema#double>), Equal(?_BODY_2, ?X_2), Equal(?_BODY_3, ?X_1), Equal(?_BODY_4, ?X_5) >>>
07:58:26 [INFO] Execution step: Body
07:58:26 [INFO] Trie does not contain any elements
07:58:26 [INFO] Execution step: Duplicate Elimination (Datalog)
07:58:26 [INFO] Trie does not contain any elements
07:58:26 [INFO] Rule duration: 0 ms
07:58:26 [INFO] <<< STEP 29: APPLYING RULE 20 R_17(?X_1) :- R_5(?X_1, ?Y_1, ?_BODY_1), R_2(?Z_2), R_13(?_BODY_2, ?X_1), Equal(?_BODY_1, ?X_1), Equal(?_BODY_2, "215"^^<http://www.w3.org/2001/XMLSchema#double>) >>>
07:58:26 [INFO] Execution step: Body
07:58:26 [INFO] Trie does not contain any elements
07:58:26 [INFO] Execution step: Duplicate Elimination (Datalog)
07:58:26 [INFO] Trie does not contain any elements
07:58:26 [INFO] Rule duration: 0 ms
07:58:26 [INFO] <<< STEP 30: APPLYING RULE 23 R_11(?X_1, ?X_1, ?X_2, ?X_3) :- TempConstantOver24AtLeastFor1(?X_1, ?_BODY_1, ?X_2), TempConstantOver24AtLeastFor1(?X_3, ?X_2, ?_BODY_2), HeavyWindAffectedState(?X_2, ?Z_1, ?Z_4), R_17(?X_2), R_18(?Z_3, ?X_2, ?X_1, ?Z_8, ?X_3, ?_BODY_3), R_12(?X_1, ?X_3), Equal(?_BODY_1, ?X_1), Equal(?_BODY_2, ?X_2), Equal(?_BODY_3, ?X_2) >>>
07:58:26 [INFO] Execution step: Project/Reorder
07:58:26 [INFO] Saved temporary table: 3 entries (6972)
07:58:26 [INFO] Execution step: Body
07:58:26 [INFO] Trie does not contain any elements
07:58:26 [INFO] Execution step: Duplicate Elimination (Datalog)
07:58:26 [INFO] Trie does not contain any elements
07:58:26 [INFO] Rule duration: 0 ms
07:58:26 [INFO] <<< STEP 31: APPLYING RULE 21 R_OUT(?X_1, "StationA", ?X_3, ?X_4) :- R_8(?X_1, ?_BODY_1, ?X_3, ?_BODY_2, ?X_4), HeavyWindForce(?X_4, ?_BODY_3, ?X_1), LocatedInState(?X_1, ?X_4, ?_BODY_4, ?_BODY_5), R_14(?X_4, ?_BODY_6, ?_BODY_7, ?X_1), Equal(?_BODY_1, "StationA"), Equal(?_BODY_2, "StationA"), Equal(?_BODY_3, ?X_4), Equal(?_BODY_4, ?X_4), Equal(?_BODY_5, ?X_4), Equal(?_BODY_6, ?X_4), Equal(?_BODY_7, ?X_4) >>>
07:58:26 [INFO] Execution step: Project/Reorder
07:58:26 [INFO] Saved temporary table: 4 entries (10664)
07:58:26 [INFO] Execution step: Project/Reorder
07:58:26 [INFO] Saved temporary table: 1 entries (13816)
07:58:26 [INFO] Execution step: Project/Reorder
07:58:26 [INFO] Saved temporary table: 1 entries (13764)
07:58:26 [INFO] Execution step: Body
07:58:26 [INFO] Trie does not contain any elements
07:58:26 [INFO] Execution step: Duplicate Elimination (Datalog)
07:58:26 [INFO] Trie does not contain any elements
07:58:26 [INFO] Rule duration: 0 ms
07:58:26 [INFO] ----------------------------------------------
07:58:26 [INFO] --- Finished Nemo Execution - Input Program --
07:58:26 [INFO] Output size: 0
07:58:26 [INFO] ----------------------------------------------
07:58:26 [INFO] 
07:58:26 [INFO] ----------------------------------------------
07:58:26 [INFO] Beginning Nemo Execution - Transformed Program
07:58:26 [INFO] ----------------------------------------------
07:58:26 [INFO] Stratified program: [[0, 1, 2, 3, 4, 5, 6, 7, 9, 10, 23, 33, 39], [8, 11, 28, 34, 37, 40, 43, 44], [14, 19, 20, 22, 31, 41], [21, 24, 26, 27], [12, 13, 15, 16, 17, 18, 25, 29, 30, 32, 35, 36, 38, 42, 45, 46]]
07:58:26 [INFO] Loading source SimpleTable { arity: 4, data: [AnyDataValue(Iri(IriDataValue("c_22"))), AnyDataValue(UnsignedLong(UnsignedLongDataValue(7327879995966042279))), AnyDataValue(PlainString(StringDataValue("StationA"))), AnyDataValue(PlainString(StringDataValue("StationA")))] }
07:58:26 [INFO] Execution step: Combining Tables
07:58:26 [INFO] Saved permanent table R_OUT (0-1) Permutation { idx_to_val: [], val_to_idx: [] } with 1 entries (13812)
07:58:26 [INFO] <<< STEP 1: APPLYING RULE 0 TempAbove41DiamondMinus1(?Station, ?Start, ?_HEAD_1) :- TempAbove41(?Station, ?Start, ?End), Equal(?_HEAD_1, NumericSum(?End, "1"^^<http://www.w3.org/2001/XMLSchema#double>)) >>>
07:58:26 [INFO] Loading source SimpleTable { arity: 3, data: [AnyDataValue(PlainString(StringDataValue("StationA"))), AnyDataValue(Double(DoubleDataValue(213.4))), AnyDataValue(Double(DoubleDataValue(213.5)))] }
07:58:26 [INFO] Execution step: Body
07:58:26 [INFO] Saved temporary table: 1 entries (10316)
07:58:26 [INFO] Execution step: Duplicate Elimination (Datalog)
07:58:26 [INFO] Saved permanent table TempAbove41DiamondMinus1 (1) Permutation { idx_to_val: [], val_to_idx: [] } with 1 entries (10364)
07:58:26 [INFO] Rule duration: 0 ms
07:58:26 [INFO] <<< STEP 2: APPLYING RULE 0 TempAbove41DiamondMinus1(?Station, ?Start, ?_HEAD_1) :- TempAbove41(?Station, ?Start, ?End), Equal(?_HEAD_1, NumericSum(?End, "1"^^<http://www.w3.org/2001/XMLSchema#double>)) >>>
07:58:26 [INFO] Execution step: Body
07:58:26 [INFO] Trie does not contain any elements
07:58:26 [INFO] Execution step: Duplicate Elimination (Datalog)
07:58:26 [INFO] Trie does not contain any elements
07:58:26 [INFO] Rule duration: 0 ms
07:58:26 [INFO] <<< STEP 3: APPLYING RULE 1 TempConstantOver24AtLeastFor1(?Station, ?_HEAD_1, ?End) :- TempAbove24(?Station, ?Start, ?End), NumericLessthan(NumericSum(?Start, "1"^^<http://www.w3.org/2001/XMLSchema#double>), ?End), Equal(?_HEAD_1, NumericSum(?Start, "1"^^<http://www.w3.org/2001/XMLSchema#double>)) >>>
07:58:26 [INFO] Loading source SimpleTable { arity: 3, data: [AnyDataValue(PlainString(StringDataValue("StationA"))), AnyDataValue(Double(DoubleDataValue(210.0))), AnyDataValue(Double(DoubleDataValue(215.0)))] }
07:58:26 [INFO] Execution step: Body
07:58:26 [INFO] Saved temporary table: 1 entries (10316)
07:58:26 [INFO] Execution step: Duplicate Elimination (Datalog)
07:58:26 [INFO] Saved permanent table TempConstantOver24AtLeastFor1 (3) Permutation { idx_to_val: [], val_to_idx: [] } with 1 entries (10364)
07:58:26 [INFO] Rule duration: 0 ms
07:58:26 [INFO] <<< STEP 4: APPLYING RULE 1 TempConstantOver24AtLeastFor1(?Station, ?_HEAD_1, ?End) :- TempAbove24(?Station, ?Start, ?End), NumericLessthan(NumericSum(?Start, "1"^^<http://www.w3.org/2001/XMLSchema#double>), ?End), Equal(?_HEAD_1, NumericSum(?Start, "1"^^<http://www.w3.org/2001/XMLSchema#double>)) >>>
07:58:26 [INFO] Execution step: Body
07:58:26 [INFO] Trie does not contain any elements
07:58:26 [INFO] Execution step: Duplicate Elimination (Datalog)
07:58:26 [INFO] Trie does not contain any elements
07:58:26 [INFO] Rule duration: 0 ms
07:58:26 [INFO] <<< STEP 5: APPLYING RULE 2 ExcessiveHeat(?Station, ?_HEAD_1, ?_HEAD_2) :- TempAbove41DiamondMinus1(?Station, ?Start41, ?End41), TempConstantOver24AtLeastFor1(?Station, ?Start24, ?End24), NumericLessthan(?Start41, ?End24), NumericLessthan(?Start24, ?End41), Equal(?_HEAD_1, NumericSubtraction(NumericMaximum(?Start24, ?Start41), "1"^^<http://www.w3.org/2001/XMLSchema#double>)), Equal(?_HEAD_2, NumericMinimum(?End41, ?End24)) >>>
07:58:26 [INFO] Execution step: Body
07:58:26 [INFO] Saved temporary table: 1 entries (10316)
07:58:26 [INFO] Execution step: Duplicate Elimination (Datalog)
07:58:26 [INFO] Saved permanent table ExcessiveHeat (5) Permutation { idx_to_val: [], val_to_idx: [] } with 1 entries (10364)
07:58:26 [INFO] Rule duration: 0 ms
07:58:26 [INFO] <<< STEP 6: APPLYING RULE 2 ExcessiveHeat(?Station, ?_HEAD_1, ?_HEAD_2) :- TempAbove41DiamondMinus1(?Station, ?Start41, ?End41), TempConstantOver24AtLeastFor1(?Station, ?Start24, ?End24), NumericLessthan(?Start41, ?End24), NumericLessthan(?Start24, ?End41), Equal(?_HEAD_1, NumericSubtraction(NumericMaximum(?Start24, ?Start41), "1"^^<http://www.w3.org/2001/XMLSchema#double>)), Equal(?_HEAD_2, NumericMinimum(?End41, ?End24)) >>>
07:58:26 [INFO] Execution step: Body
07:58:26 [INFO] Trie does not contain any elements
07:58:26 [INFO] Execution step: Duplicate Elimination (Datalog)
07:58:26 [INFO] Trie does not contain any elements
07:58:26 [INFO] Rule duration: 0 ms
07:58:26 [INFO] <<< STEP 7: APPLYING RULE 3 HeatAffectedState(?State, ?_HEAD_1, ?_HEAD_2) :- ExcessiveHeat(?Station, ?StartHeat, ?EndHeat), LocatedInState(?Station, ?State, ?StartIn, ?EndIn), NumericLessthan(?StartHeat, ?EndIn), NumericLessthan(?StartIn, ?EndHeat), Equal(?_HEAD_1, NumericMaximum(?StartHeat, ?StartIn)), Equal(?_HEAD_2, NumericMinimum(?EndHeat, ?EndIn)) >>>
07:58:26 [INFO] Loading source SimpleTable { arity: 4, data: [AnyDataValue(PlainString(StringDataValue("StationA"))), AnyDataValue(PlainString(StringDataValue("Ohio"))), AnyDataValue(Double(DoubleDataValue(0.0))), AnyDataValue(Double(DoubleDataValue(1000.0)))] }
07:58:26 [INFO] Execution step: Body
07:58:26 [INFO] Saved temporary table: 1 entries (10316)
07:58:26 [INFO] Execution step: Duplicate Elimination (Datalog)
07:58:26 [INFO] Saved permanent table HeatAffectedState (7) Permutation { idx_to_val: [], val_to_idx: [] } with 1 entries (10364)
07:58:26 [INFO] Rule duration: 0 ms
07:58:26 [INFO] <<< STEP 8: APPLYING RULE 3 HeatAffectedState(?State, ?_HEAD_1, ?_HEAD_2) :- ExcessiveHeat(?Station, ?StartHeat, ?EndHeat), LocatedInState(?Station, ?State, ?StartIn, ?EndIn), NumericLessthan(?StartHeat, ?EndIn), NumericLessthan(?StartIn, ?EndHeat), Equal(?_HEAD_1, NumericMaximum(?StartHeat, ?StartIn)), Equal(?_HEAD_2, NumericMinimum(?EndHeat, ?EndIn)) >>>
07:58:26 [INFO] Execution step: Body
07:58:26 [INFO] Trie does not contain any elements
07:58:26 [INFO] Execution step: Duplicate Elimination (Datalog)
07:58:26 [INFO] Trie does not contain any elements
07:58:26 [INFO] Rule duration: 0 ms
07:58:26 [INFO] <<< STEP 9: APPLYING RULE 4 HeavyWind(?Station, ?Start, ?End) :- HeavyWindForce(?Station, ?Start, ?End), NumericLessthan(NumericSum(?Start, "1"^^<http://www.w3.org/2001/XMLSchema#double>), ?End) >>>
07:58:26 [INFO] Loading source SimpleTable { arity: 3, data: [AnyDataValue(PlainString(StringDataValue("StationA"))), AnyDataValue(Double(DoubleDataValue(111.7))), AnyDataValue(Double(DoubleDataValue(112.0))), AnyDataValue(PlainString(StringDataValue("StationA"))), AnyDataValue(Double(DoubleDataValue(113.4))), AnyDataValue(Double(DoubleDataValue(115.2))), AnyDataValue(PlainString(StringDataValue("StationA"))), AnyDataValue(Double(DoubleDataValue(115.3))), AnyDataValue(Double(DoubleDataValue(117.0))), AnyDataValue(PlainString(StringDataValue("StationA"))), AnyDataValue(Double(DoubleDataValue(117.1))), AnyDataValue(Double(DoubleDataValue(118.0)))] }
07:58:26 [INFO] Execution step: Body
07:58:26 [INFO] Saved temporary table: 2 entries (10380)
07:58:26 [INFO] Execution step: Duplicate Elimination (Datalog)
07:58:26 [INFO] Saved permanent table HeavyWind (9) Permutation { idx_to_val: [], val_to_idx: [] } with 2 entries (10428)
07:58:26 [INFO] Rule duration: 0 ms
07:58:26 [INFO] <<< STEP 10: APPLYING RULE 4 HeavyWind(?Station, ?Start, ?End) :- HeavyWindForce(?Station, ?Start, ?End), NumericLessthan(NumericSum(?Start, "1"^^<http://www.w3.org/2001/XMLSchema#double>), ?End) >>>
07:58:26 [INFO] Execution step: Body
07:58:26 [INFO] Trie does not contain any elements
07:58:26 [INFO] Execution step: Duplicate Elimination (Datalog)
07:58:26 [INFO] Trie does not contain any elements
07:58:26 [INFO] Rule duration: 0 ms
07:58:26 [INFO] <<< STEP 11: APPLYING RULE 5 HeavyWindAffectedState(?State, ?_HEAD_1, ?_HEAD_2) :- HeavyWind(?Station, ?StartWind, ?EndWind), LocatedInState(?Station, ?State, ?StartIn, ?EndIn), NumericLessthan(?StartWind, ?EndIn), NumericLessthan(?StartIn, ?EndWind), Equal(?_HEAD_1, NumericMaximum(?StartWind, ?StartIn)), Equal(?_HEAD_2, NumericMinimum(?EndWind, ?EndIn)) >>>
07:58:26 [INFO] Execution step: Body
07:58:26 [INFO] Saved temporary table: 2 entries (10380)
07:58:26 [INFO] Execution step: Duplicate Elimination (Datalog)
07:58:26 [INFO] Saved permanent table HeavyWindAffectedState (11) Permutation { idx_to_val: [], val_to_idx: [] } with 2 entries (10428)
07:58:26 [INFO] Rule duration: 0 ms
07:58:26 [INFO] <<< STEP 12: APPLYING RULE 5 HeavyWindAffectedState(?State, ?_HEAD_1, ?_HEAD_2) :- HeavyWind(?Station, ?StartWind, ?EndWind), LocatedInState(?Station, ?State, ?StartIn, ?EndIn), NumericLessthan(?StartWind, ?EndIn), NumericLessthan(?StartIn, ?EndWind), Equal(?_HEAD_1, NumericMaximum(?StartWind, ?StartIn)), Equal(?_HEAD_2, NumericMinimum(?EndWind, ?EndIn)) >>>
07:58:26 [INFO] Execution step: Body
07:58:26 [INFO] Trie does not contain any elements
07:58:26 [INFO] Execution step: Duplicate Elimination (Datalog)
07:58:26 [INFO] Trie does not contain any elements
07:58:26 [INFO] Rule duration: 0 ms
07:58:26 [INFO] <<< STEP 13: APPLYING RULE 10 R_16(?X_1, ?X_6, ?X_5, ?X_2, ?X_3, "StationA") :- HeavyWindForce(?X_1, ?X_6, ?X_5), HeavyWindForce(?X_2, ?X_3, ?_BODY_1), TempAbove24(?Z_3, ?Z_2, ?X_1), Equal(?_BODY_1, "StationA") >>>
07:58:26 [INFO] Loading source SimpleTable { arity: 6, data: [AnyDataValue(PlainString(StringDataValue("str_3"))), AnyDataValue(Iri(IriDataValue("c_10"))), AnyDataValue(Double(DoubleDataValue(0.0))), AnyDataValue(UnsignedLong(UnsignedLongDataValue(10557201542939293569))), AnyDataValue(Double(DoubleDataValue(112.0))), AnyDataValue(Double(DoubleDataValue(113.4))), AnyDataValue(Iri(IriDataValue("c_5"))), AnyDataValue(UnsignedLong(UnsignedLongDataValue(6168867212935495296))), AnyDataValue(Iri(IriDataValue("c_5"))), AnyDataValue(PlainString(StringDataValue("StationA"))), AnyDataValue(Double(DoubleDataValue(112.0))), AnyDataValue(Iri(IriDataValue("c_16")))] }
07:58:26 [INFO] Execution step: Body
07:58:26 [INFO] Trie does not contain any elements
07:58:26 [INFO] Execution step: Duplicate Elimination (Datalog)
07:58:26 [INFO] Trie does not contain any elements
07:58:26 [INFO] Rule duration: 0 ms
07:58:26 [INFO] <<< STEP 14: APPLYING RULE 6 R_3(?X_3, ?X_5, ?X_2, ?X_1, ?X_4) :- R_16(?X_3, ?X_5, ?X_2, ?X_1, ?_BODY_1, ?X_4), Equal(?_BODY_1, ?X_5) >>>
07:58:26 [INFO] Loading source SimpleTable { arity: 5, data: [AnyDataValue(Double(DoubleDataValue(117.1))), AnyDataValue(Iri(IriDataValue("c_7"))), AnyDataValue(Iri(IriDataValue("c_8"))), AnyDataValue(PlainString(StringDataValue("str_2"))), AnyDataValue(Iri(IriDataValue("c_7"))), AnyDataValue(Iri(IriDataValue("c_5"))), AnyDataValue(Double(DoubleDataValue(1000.0))), AnyDataValue(Iri(IriDataValue("c_14"))), AnyDataValue(Iri(IriDataValue("c_4"))), AnyDataValue(Iri(IriDataValue("c_15")))] }
07:58:26 [INFO] Execution step: Body
07:58:26 [INFO] Trie does not contain any elements
07:58:26 [INFO] Execution step: Duplicate Elimination (Datalog)
07:58:26 [INFO] Trie does not contain any elements
07:58:26 [INFO] Rule duration: 0 ms
07:58:26 [INFO] <<< STEP 15: APPLYING RULE 7 R_5("111.7"^^<http://www.w3.org/2001/XMLSchema#double>, ?X_3, ?X_1) :- ExcessiveHeat(?_BODY_1, ?X_3, ?X_1), Equal(?_BODY_1, "111.7"^^<http://www.w3.org/2001/XMLSchema#double>) >>>
07:58:26 [INFO] Loading source SimpleTable { arity: 3, data: [AnyDataValue(PlainString(StringDataValue("str_1"))), AnyDataValue(Double(DoubleDataValue(117.0))), AnyDataValue(PlainString(StringDataValue("StationA"))), AnyDataValue(Iri(IriDataValue("c_9"))), AnyDataValue(Iri(IriDataValue("c_17"))), AnyDataValue(Iri(IriDataValue("c_18")))] }
07:58:26 [INFO] Execution step: Body
07:58:26 [INFO] Trie does not contain any elements
07:58:26 [INFO] Execution step: Duplicate Elimination (Datalog)
07:58:26 [INFO] Trie does not contain any elements
07:58:26 [INFO] Rule duration: 0 ms
07:58:26 [INFO] <<< STEP 16: APPLYING RULE 9 R_1("StationA", ?X_4, ?X_5, ?X_3, ?X_4) :- HeavyWindAffectedState(?_BODY_1, ?X_4, ?_BODY_2), HeavyWindAffectedState(?X_3, ?X_4, ?X_5), HeavyWind(?X_4, ?Z_1, ?X_3), Equal(?_BODY_1, "StationA"), Equal(?_BODY_2, "213.4"^^<http://www.w3.org/2001/XMLSchema#double>) >>>
07:58:26 [INFO] Execution step: Body
07:58:26 [INFO] Trie does not contain any elements
07:58:26 [INFO] Execution step: Duplicate Elimination (Datalog)
07:58:26 [INFO] Trie does not contain any elements
07:58:26 [INFO] Rule duration: 0 ms
07:58:26 [INFO] <<< STEP 17: APPLYING RULE 23 R_4(?X_2, "str_1") :- R_22(?X_2), R_22(?_BODY_1), R_22(?X_2), Equal(?_BODY_1, "str_1") >>>
07:58:26 [INFO] Execution step: Project/Reorder
07:58:26 [INFO] Trie does not contain any elements
07:58:26 [INFO] Execution step: Body
07:58:26 [INFO] Trie does not contain any elements
07:58:26 [INFO] Execution step: Duplicate Elimination (Datalog)
07:58:26 [INFO] Trie does not contain any elements
07:58:26 [INFO] Rule duration: 0 ms
07:58:26 [INFO] <<< STEP 18: APPLYING RULE 33 R_18(?X_2, ?X_6, ?X_5, "str_4", ?X_3, ?X_5) :- R_28(?X_2, ?X_6, ?X_5, ?_BODY_1), R_28(?X_3, ?X_5, ?_BODY_2, ?_BODY_3), R_28(?X_2, ?X_6, ?X_5, ?_BODY_4), Equal(?_BODY_1, "str_4"), Equal(?_BODY_2, ?X_3), Equal(?_BODY_3, ?X_3), Equal(?_BODY_4, "str_4") >>>
07:58:26 [INFO] Loading source SimpleTable { arity: 6, data: [AnyDataValue(Double(DoubleDataValue(113.4))), AnyDataValue(PlainString(StringDataValue("str_4"))), AnyDataValue(PlainString(StringDataValue("str_1"))), AnyDataValue(Double(DoubleDataValue(115.2))), AnyDataValue(Iri(IriDataValue("c_13"))), AnyDataValue(Double(DoubleDataValue(1000.0))), AnyDataValue(PlainString(StringDataValue("str_7"))), AnyDataValue(Iri(IriDataValue("c_21"))), AnyDataValue(PlainString(StringDataValue("str_8"))), AnyDataValue(Iri(IriDataValue("c_22"))), AnyDataValue(PlainString(StringDataValue("str_2"))), AnyDataValue(PlainString(StringDataValue("str_9"))), AnyDataValue(Iri(IriDataValue("c_12"))), AnyDataValue(PlainString(StringDataValue("str_7"))), AnyDataValue(UnsignedLong(UnsignedLongDataValue(14626672440688883568))), AnyDataValue(Iri(IriDataValue("c_11"))), AnyDataValue(Iri(IriDataValue("c_23"))), AnyDataValue(Iri(IriDataValue("c_24"))), AnyDataValue(PlainString(StringDataValue("StationA"))), AnyDataValue(Iri(IriDataValue("c_25"))), AnyDataValue(Double(DoubleDataValue(1000.0))), AnyDataValue(Iri(IriDataValue("c_26"))), AnyDataValue(PlainString(StringDataValue("str_10"))), AnyDataValue(Iri(IriDataValue("c_27")))] }
07:58:26 [INFO] Execution step: Project/Reorder
07:58:26 [INFO] Trie does not contain any elements
07:58:26 [INFO] Execution step: Body
07:58:26 [INFO] Trie does not contain any elements
07:58:26 [INFO] Execution step: Duplicate Elimination (Datalog)
07:58:26 [INFO] Trie does not contain any elements
07:58:26 [INFO] Rule duration: 0 ms
07:58:26 [INFO] <<< STEP 19: APPLYING RULE 39 R_14(?X_2, ?X_1, ?X_4, ?X_1) :- R_28(?X_2, ?X_1, ?X_4, ?_BODY_1), R_28(?X_2, ?X_1, ?X_4, ?_BODY_2), Equal(?_BODY_1, ?X_1), Equal(?_BODY_2, ?X_1) >>>
07:58:26 [INFO] Execution step: Project/Reorder
07:58:26 [INFO] Trie does not contain any elements
07:58:26 [INFO] Execution step: Body
07:58:26 [INFO] Trie does not contain any elements
07:58:26 [INFO] Execution step: Duplicate Elimination (Datalog)
07:58:26 [INFO] Trie does not contain any elements
07:58:26 [INFO] Rule duration: 0 ms
07:58:26 [INFO] <<< STEP 20: APPLYING RULE 11 R_4("111.7"^^<http://www.w3.org/2001/XMLSchema#double>, ?X_2) :- R_4(?_BODY_1, ?X_2), TempConstantOver24AtLeastFor1(?X_2, ?_BODY_2, ?_BODY_3), Equal(?_BODY_1, "111.7"^^<http://www.w3.org/2001/XMLSchema#double>), Equal(?_BODY_2, ?X_2), Equal(?_BODY_3, ?X_2) >>>
07:58:26 [INFO] Execution step: Project/Reorder
07:58:26 [INFO] Saved temporary table: 1 entries (10364)
07:58:26 [INFO] Execution step: Body
07:58:26 [INFO] Trie does not contain any elements
07:58:26 [INFO] Execution step: Duplicate Elimination (Datalog)
07:58:26 [INFO] Trie does not contain any elements
07:58:26 [INFO] Rule duration: 0 ms
07:58:26 [INFO] <<< STEP 21: APPLYING RULE 8 R_6(?X_2, ?X_1) :- R_4(?X_2, ?X_1), HeatAffectedState(?X_1, ?Z_2, ?X_2) >>>
07:58:26 [INFO] Execution step: Body
07:58:26 [INFO] Trie does not contain any elements
07:58:26 [INFO] Execution step: Duplicate Elimination (Datalog)
07:58:26 [INFO] Trie does not contain any elements
07:58:26 [INFO] Rule duration: 0 ms
07:58:26 [INFO] <<< STEP 22: APPLYING RULE 28 R_OUT(?X_4, ?X_3, ?X_1, ?X_1) :- R_26(?X_4, ?X_3), HeavyWindForce(?X_1, ?_BODY_1, ?_BODY_2), HeavyWind(?X_3, ?X_1, ?_BODY_3), Equal(?_BODY_1, ?X_1), Equal(?_BODY_2, ?X_1), Equal(?_BODY_3, ?X_1) >>>
07:58:26 [INFO] Loading source SimpleTable { arity: 2, data: [AnyDataValue(PlainString(StringDataValue("str_5"))), AnyDataValue(UnsignedLong(UnsignedLongDataValue(6563804769285749065)))] }
07:58:26 [INFO] Execution step: Project/Reorder
07:58:26 [INFO] Saved temporary table: 2 entries (10432)
07:58:26 [INFO] Execution step: Body
07:58:26 [INFO] Trie does not contain any elements
07:58:26 [INFO] Execution step: Duplicate Elimination (Datalog)
07:58:26 [INFO] Trie does not contain any elements
07:58:26 [INFO] Rule duration: 0 ms
07:58:26 [INFO] <<< STEP 23: APPLYING RULE 34 R_5(c_4, ?X_2, ?X_3) :- TempAbove41DiamondMinus1(?_BODY_1, ?X_2, ?X_3), TempAbove41DiamondMinus1(?_BODY_2, ?X_2, ?X_3), Equal(?_BODY_1, c_4), Equal(?_BODY_2, c_4) >>>
07:58:26 [INFO] Execution step: Project/Reorder
07:58:26 [INFO] Saved temporary table: 1 entries (10316)
07:58:26 [INFO] Execution step: Body
07:58:26 [INFO] Trie does not contain any elements
07:58:26 [INFO] Execution step: Duplicate Elimination (Datalog)
07:58:26 [INFO] Trie does not contain any elements
07:58:26 [INFO] Rule duration: 0 ms
07:58:26 [INFO] <<< STEP 24: APPLYING RULE 37 R_5(?X_3, "str_1", ?X_1) :- R_23(?_BODY_1, ?X_1, ?_BODY_2, ?_BODY_3), R_4(?_BODY_4, ?X_3), R_26(?_BODY_5, ?X_1), ExcessiveHeat(?_BODY_6, ?X_1, ?_BODY_7), HeatAffectedState(?X_1, ?_BODY_8, ?_BODY_9), R_30(?_BODY_10, ?X_3, ?_BODY_11, ?_BODY_12, ?_BODY_13, ?_BODY_14), TempAbove41DiamondMinus1(?X_1, ?_BODY_15, ?_BODY_16), Equal(?_BODY_1, c_12), Equal(?_BODY_2, ?X_1), Equal(?_BODY_3, c_12), Equal(?_BODY_4, "str_1"), Equal(?_BODY_5, "str_1"), Equal(?_BODY_6, "str_8"), Equal(?_BODY_7, c_12), Equal(?_BODY_8, c_12), Equal(?_BODY_9, ?X_1), Equal(?_BODY_10, "str_1"), Equal(?_BODY_11, "str_1"), Equal(?_BODY_12, c_12), Equal(?_BODY_13, c_12), Equal(?_BODY_14, c_12), Equal(?_BODY_15, c_12), Equal(?_BODY_16, c_12) >>>
07:58:26 [INFO] Execution step: Project/Reorder
07:58:26 [INFO] Saved temporary table: 1 entries (10316)
07:58:26 [INFO] Execution step: Project/Reorder
07:58:26 [INFO] Saved temporary table: 1 entries (10364)
07:58:26 [INFO] Execution step: Project/Reorder
07:58:26 [INFO] Trie does not contain any elements
07:58:26 [INFO] Execution step: Project/Reorder
07:58:26 [INFO] Saved temporary table: 1 entries (10364)
07:58:26 [INFO] Execution step: Body
07:58:26 [INFO] Trie does not contain any elements
07:58:26 [INFO] Execution step: Duplicate Elimination (Datalog)
07:58:26 [INFO] Trie does not contain any elements
07:58:26 [INFO] Rule duration: 0 ms
07:58:26 [INFO] <<< STEP 25: APPLYING RULE 40 R_3(?X_5, ?X_1, ?X_3, ?X_4, ?X_2) :- ExcessiveHeat(?X_5, ?X_1, ?X_3), ExcessiveHeat(?X_4, ?_BODY_1, ?X_2), ExcessiveHeat(?X_5, ?X_1, ?X_3), Equal(?_BODY_1, ?X_4) >>>
07:58:26 [INFO] Execution step: Project/Reorder
07:58:26 [INFO] Saved temporary table: 1 entries (10316)
07:58:26 [INFO] Execution step: Body
07:58:26 [INFO] Trie does not contain any elements
07:58:26 [INFO] Execution step: Duplicate Elimination (Datalog)
07:58:26 [INFO] Trie does not contain any elements
07:58:26 [INFO] Rule duration: 0 ms
07:58:26 [INFO] <<< STEP 26: APPLYING RULE 43 R_12(?X_2, ?X_1) :- TempAbove41DiamondMinus1(?X_2, ?_BODY_1, ?X_1), TempAbove41DiamondMinus1(?X_2, ?_BODY_2, ?X_1), Equal(?_BODY_1, c_10), Equal(?_BODY_2, c_10) >>>
07:58:26 [INFO] Loading source SimpleTable { arity: 2, data: [AnyDataValue(Iri(IriDataValue("c_4"))), AnyDataValue(UnsignedLong(UnsignedLongDataValue(10557201542939293569))), AnyDataValue(Iri(IriDataValue("c_5"))), AnyDataValue(Iri(IriDataValue("c_6"))), AnyDataValue(UnsignedLong(UnsignedLongDataValue(6057421534472946849))), AnyDataValue(Iri(IriDataValue("c_9")))] }
07:58:26 [INFO] Execution step: Project/Reorder
07:58:26 [INFO] Saved temporary table: 1 entries (10316)
07:58:26 [INFO] Execution step: Body
07:58:26 [INFO] Trie does not contain any elements
07:58:26 [INFO] Execution step: Duplicate Elimination (Datalog)
07:58:26 [INFO] Trie does not contain any elements
07:58:26 [INFO] Rule duration: 0 ms
07:58:26 [INFO] <<< STEP 27: APPLYING RULE 44 R_15(c_8, ?X_2) :- TempAbove41DiamondMinus1(?_BODY_1, ?Y_1, ?X_2), TempAbove41DiamondMinus1(?_BODY_2, ?Y_1, ?X_2), Equal(?_BODY_1, c_8), Equal(?_BODY_2, c_8) >>>
07:58:26 [INFO] Loading source SimpleTable { arity: 2, data: [AnyDataValue(Double(DoubleDataValue(111.7))), AnyDataValue(Iri(IriDataValue("c_2"))), AnyDataValue(Double(DoubleDataValue(112.0))), AnyDataValue(Double(DoubleDataValue(1000.0)))] }
07:58:26 [INFO] Execution step: Project/Reorder
07:58:26 [INFO] Saved temporary table: 1 entries (10316)
07:58:26 [INFO] Execution step: Body
07:58:26 [INFO] Trie does not contain any elements
07:58:26 [INFO] Execution step: Duplicate Elimination (Datalog)
07:58:26 [INFO] Trie does not contain any elements
07:58:26 [INFO] Rule duration: 0 ms
07:58:26 [INFO] <<< STEP 28: APPLYING RULE 14 R_15("117.1"^^<http://www.w3.org/2001/XMLSchema#double>, ?X_1) :- R_3(?_BODY_1, ?X_1, ?_BODY_2, ?_BODY_3, ?_BODY_4), R_4(?X_1, ?Z_1), R_6(?_BODY_5, ?X_1), Equal(?_BODY_1, "117.1"^^<http://www.w3.org/2001/XMLSchema#double>), Equal(?_BODY_2, ?X_1), Equal(?_BODY_3, "StationA"), Equal(?_BODY_4, "StationA"), Equal(?_BODY_5, "111.7"^^<http://www.w3.org/2001/XMLSchema#double>) >>>
07:58:26 [INFO] Execution step: Project/Reorder
07:58:26 [INFO] Trie does not contain any elements
07:58:26 [INFO] Execution step: Body
07:58:26 [INFO] Trie does not contain any elements
07:58:26 [INFO] Execution step: Duplicate Elimination (Datalog)
07:58:26 [INFO] Trie does not contain any elements
07:58:26 [INFO] Rule duration: 0 ms
07:58:26 [INFO] <<< STEP 29: APPLYING RULE 31 R_1("117.1"^^<http://www.w3.org/2001/XMLSchema#double>, ?X_3, ?X_4, ?X_2, ?X_3) :- R_4(?_BODY_1, ?X_3), R_4(?X_4, ?X_2), R_4(?X_3, ?X_4), R_4(?_BODY_2, ?X_3), Equal(?_BODY_1, "117.1"^^<http://www.w3.org/2001/XMLSchema#double>), Equal(?_BODY_2, "117.1"^^<http://www.w3.org/2001/XMLSchema#double>) >>>
07:58:26 [INFO] Execution step: Project/Reorder
07:58:26 [INFO] Trie does not contain any elements
07:58:26 [INFO] Execution step: Body
07:58:26 [INFO] Trie does not contain any elements
07:58:26 [INFO] Execution step: Duplicate Elimination (Datalog)
07:58:26 [INFO] Trie does not contain any elements
07:58:26 [INFO] Rule duration: 0 ms
07:58:26 [INFO] <<< STEP 30: APPLYING RULE 19 R_10(?X_3, ?X_3, ?X_2, ?X_4) :- HeavyWindForce(?X_3, ?_BODY_1, ?X_2), HeavyWindForce(?X_4, ?X_3, ?_BODY_2), R_1(?Z_3, ?X_2, ?X_3, ?_BODY_3, ?_BODY_4), R_15(?X_3, ?X_4), Equal(?_BODY_1, ?X_3), Equal(?_BODY_2, ?X_3), Equal(?_BODY_3, ?X_3), Equal(?_BODY_4, ?X_2) >>>
07:58:26 [INFO] Loading source SimpleTable { arity: 4, data: [AnyDataValue(Iri(IriDataValue("c_5"))), AnyDataValue(Double(DoubleDataValue(111.7))), AnyDataValue(PlainString(StringDataValue("StationA"))), AnyDataValue(PlainString(StringDataValue("StationA")))] }
07:58:26 [INFO] Execution step: Body
07:58:26 [INFO] Trie does not contain any elements
07:58:26 [INFO] Execution step: Duplicate Elimination (Datalog)
07:58:26 [INFO] Trie does not contain any elements
07:58:26 [INFO] Rule duration: 0 ms
07:58:26 [INFO] <<< STEP 31: APPLYING RULE 20 R_12(?Y_1, "0"^^<http://www.w3.org/2001/XMLSchema#double>) :- TempAbove41DiamondMinus1(?Y_1, ?_BODY_1, ?_BODY_2), R_10(?Y_1, ?_BODY_3, ?_BODY_4, ?Z_1), Equal(?_BODY_1, "0"^^<http://www.w3.org/2001/XMLSchema#double>), Equal(?_BODY_2, ?Y_1), Equal(?_BODY_3, ?Y_1), Equal(?_BODY_4, ?Y_1) >>>
07:58:26 [INFO] Execution step: Body
07:58:26 [INFO] Trie does not contain any elements
07:58:26 [INFO] Execution step: Duplicate Elimination (Datalog)
07:58:26 [INFO] Trie does not contain any elements
07:58:26 [INFO] Rule duration: 0 ms
07:58:26 [INFO] <<< STEP 32: APPLYING RULE 22 R_14(?X_3, ?X_1, ?X_4, ?X_2) :- R_10(?X_3, ?X_1, ?X_4, ?X_2), R_16(?X_2, ?X_3, ?_BODY_1, ?X_4, ?_BODY_2, ?_BODY_3), Equal(?_BODY_1, ?X_2), Equal(?_BODY_2, ?X_4), Equal(?_BODY_3, ?X_3) >>>
07:58:26 [INFO] Execution step: Project/Reorder
07:58:26 [INFO] Saved temporary table: 2 entries (20948)
07:58:26 [INFO] Execution step: Body
07:58:26 [INFO] Saved temporary table: 1 entries (13764)
07:58:26 [INFO] Execution step: Duplicate Elimination (Datalog)
07:58:26 [INFO] Saved permanent table R_14 (32) Permutation { idx_to_val: [], val_to_idx: [] } with 1 entries (13812)
07:58:26 [INFO] Rule duration: 0 ms
07:58:26 [INFO] <<< STEP 33: APPLYING RULE 22 R_14(?X_3, ?X_1, ?X_4, ?X_2) :- R_10(?X_3, ?X_1, ?X_4, ?X_2), R_16(?X_2, ?X_3, ?_BODY_1, ?X_4, ?_BODY_2, ?_BODY_3), Equal(?_BODY_1, ?X_2), Equal(?_BODY_2, ?X_4), Equal(?_BODY_3, ?X_3) >>>
07:58:26 [INFO] Execution step: Project/Reorder
07:58:26 [INFO] Saved temporary table: 2 entries (20948)
07:58:26 [INFO] Execution step: Body
07:58:26 [INFO] Trie does not contain any elements
07:58:26 [INFO] Execution step: Duplicate Elimination (Datalog)
07:58:26 [INFO] Trie does not contain any elements
07:58:26 [INFO] Rule duration: 0 ms
07:58:26 [INFO] <<< STEP 34: APPLYING RULE 41 R_17(?X_1) :- R_29(?_BODY_1, ?X_1, ?_BODY_2, ?_BODY_3, ?_BODY_4), R_14(?_BODY_5, ?X_1, ?_BODY_6, ?Y_1), R_26(?_BODY_7, ?_BODY_8), R_31(?_BODY_9, ?_BODY_10), R_21(?X_1, ?_BODY_11, ?_BODY_12, ?_BODY_13, ?_BODY_14, ?_BODY_15), R_28(?X_1, ?_BODY_16, ?Y_1, ?_BODY_17), Equal(?_BODY_1, c_10), Equal(?_BODY_2, ?X_1), Equal(?_BODY_3, ?X_1), Equal(?_BODY_4, ?X_1), Equal(?_BODY_5, c_10), Equal(?_BODY_6, c_10), Equal(?_BODY_7, c_10), Equal(?_BODY_8, c_5), Equal(?_BODY_9, c_10), Equal(?_BODY_10, c_10), Equal(?_BODY_11, ?X_1), Equal(?_BODY_12, c_10), Equal(?_BODY_13, c_5), Equal(?_BODY_14, ?X_1), Equal(?_BODY_15, c_5), Equal(?_BODY_16, c_5), Equal(?_BODY_17, ?X_1) >>>
07:58:26 [INFO] Loading source SimpleTable { arity: 5, data: [AnyDataValue(PlainString(StringDataValue("str_11"))), AnyDataValue(Iri(IriDataValue("c_28"))), AnyDataValue(Double(DoubleDataValue(117.0))), AnyDataValue(Iri(IriDataValue("c_29"))), AnyDataValue(PlainString(StringDataValue("str_4"))), AnyDataValue(Iri(IriDataValue("c_19"))), AnyDataValue(Iri(IriDataValue("c_30"))), AnyDataValue(PlainString(StringDataValue("str_12"))), AnyDataValue(PlainString(StringDataValue("str_13"))), AnyDataValue(Iri(IriDataValue("c_27")))] }
07:58:26 [INFO] Loading source SimpleTable { arity: 1, data: [AnyDataValue(PlainString(StringDataValue("StationA")))] }
07:58:26 [INFO] Execution step: Project/Reorder
07:58:26 [INFO] Saved temporary table: 1 entries (6908)
07:58:26 [INFO] Execution step: Project/Reorder
07:58:26 [INFO] Trie does not contain any elements
07:58:26 [INFO] Execution step: Project/Reorder
07:58:26 [INFO] Trie does not contain any elements
07:58:26 [INFO] Execution step: Project/Reorder
07:58:26 [INFO] Trie does not contain any elements
07:58:26 [INFO] Execution step: Body
07:58:26 [INFO] Trie does not contain any elements
07:58:26 [INFO] Execution step: Duplicate Elimination (Datalog)
07:58:26 [INFO] Trie does not contain any elements
07:58:26 [INFO] Rule duration: 0 ms
07:58:26 [INFO] <<< STEP 35: APPLYING RULE 21 R_13("str_4", ?X_2) :- R_15(?_BODY_1, ?X_2), R_15(?_BODY_2, ?X_2), Equal(?_BODY_1, "str_4"), Equal(?_BODY_2, "str_4") >>>
07:58:26 [INFO] Loading source SimpleTable { arity: 2, data: [AnyDataValue(Iri(IriDataValue("c_3"))), AnyDataValue(Double(DoubleDataValue(112.0))), AnyDataValue(PlainString(StringDataValue("str_1"))), AnyDataValue(Iri(IriDataValue("c_12")))] }
07:58:26 [INFO] Execution step: Project/Reorder
07:58:26 [INFO] Saved temporary table: 2 entries (6924)
07:58:26 [INFO] Execution step: Body
07:58:26 [INFO] Trie does not contain any elements
07:58:26 [INFO] Execution step: Duplicate Elimination (Datalog)
07:58:26 [INFO] Trie does not contain any elements
07:58:26 [INFO] Rule duration: 0 ms
07:58:26 [INFO] <<< STEP 36: APPLYING RULE 27 R_24(?X_5, ?X_3, ?X_5, ?X_4, ?X_2) :- R_14(?X_5, ?X_4, ?_BODY_1, ?_BODY_2), R_14(?X_2, ?X_3, ?_BODY_3, ?_BODY_4), R_14(?X_5, ?X_4, ?_BODY_5, ?_BODY_6), Equal(?_BODY_1, ?X_5), Equal(?_BODY_2, ?X_4), Equal(?_BODY_3, c_11), Equal(?_BODY_4, ?X_3), Equal(?_BODY_5, ?X_5), Equal(?_BODY_6, ?X_4) >>>
07:58:26 [INFO] Execution step: Project/Reorder
07:58:26 [INFO] Saved temporary table: 1 entries (13812)
07:58:26 [INFO] Execution step: Body
07:58:26 [INFO] Trie does not contain any elements
07:58:26 [INFO] Execution step: Duplicate Elimination (Datalog)
07:58:26 [INFO] Trie does not contain any elements
07:58:26 [INFO] Rule duration: 0 ms
07:58:26 [INFO] <<< STEP 37: APPLYING RULE 24 R_13(?X_2, c_1) :- R_24(?X_2, ?_BODY_1, ?_BODY_2, ?_BODY_3, ?_BODY_4), R_12(?_BODY_5, ?_BODY_6), HeavyWindForce(?_BODY_7, ?_BODY_8, ?_BODY_9), Equal(?_BODY_1, c_1), Equal(?_BODY_2, "StationA"), Equal(?_BODY_3, "StationA"), Equal(?_BODY_4, c_1), Equal(?_BODY_5, "StationA"), Equal(?_BODY_6, c_1), Equal(?_BODY_7, c_1), Equal(?_BODY_8, "StationA"), Equal(?_BODY_9, "StationA") >>>
07:58:26 [INFO] Execution step: Project/Reorder
07:58:26 [INFO] Saved temporary table: 4 entries (10556)
07:58:26 [INFO] Execution step: Body
07:58:26 [INFO] Trie does not contain any elements
07:58:26 [INFO] Execution step: Duplicate Elimination (Datalog)
07:58:26 [INFO] Trie does not contain any elements
07:58:26 [INFO] Rule duration: 0 ms
07:58:26 [INFO] <<< STEP 38: APPLYING RULE 26 R_17(c_5) :- LocatedInState(?Y_1, ?_BODY_1, ?_BODY_2, ?_BODY_3), TempAbove41(?_BODY_4, ?_BODY_5, ?_BODY_6), R_1(?_BODY_7, ?Y_1, ?_BODY_8, ?_BODY_9, ?_BODY_10), R_15(?_BODY_11, ?Y_1), R_23(?_BODY_12, ?Y_1, ?_BODY_13, ?_BODY_14), R_21(?Y_1, ?_BODY_15, ?_BODY_16, ?_BODY_17, ?_BODY_18, ?_BODY_19), R_25(?_BODY_20, ?Y_1, ?_BODY_21, ?_BODY_22, ?_BODY_23, ?_BODY_24), Equal(?_BODY_1, c_5), Equal(?_BODY_2, c_5), Equal(?_BODY_3, c_5), Equal(?_BODY_4, c_5), Equal(?_BODY_5, c_5), Equal(?_BODY_6, c_12), Equal(?_BODY_7, c_5), Equal(?_BODY_8, ?Y_1), Equal(?_BODY_9, ?Y_1), Equal(?_BODY_10, ?Y_1), Equal(?_BODY_11, c_5), Equal(?_BODY_12, c_5), Equal(?_BODY_13, c_5), Equal(?_BODY_14, c_5), Equal(?_BODY_15, c_5), Equal(?_BODY_16, "210"^^<http://www.w3.org/2001/XMLSchema#double>), Equal(?_BODY_17, c_5), Equal(?_BODY_18, c_5), Equal(?_BODY_19, ?Y_1), Equal(?_BODY_20, "210"^^<http://www.w3.org/2001/XMLSchema#double>), Equal(?_BODY_21, c_5), Equal(?_BODY_22, c_5), Equal(?_BODY_23, ?Y_1), Equal(?_BODY_24, c_5) >>>
07:58:26 [INFO] Execution step: Project/Reorder
07:58:26 [INFO] Saved temporary table: 2 entries (6924)
07:58:26 [INFO] Execution step: Project/Reorder
07:58:26 [INFO] Trie does not contain any elements
07:58:26 [INFO] Execution step: Project/Reorder
07:58:26 [INFO] Trie does not contain any elements
07:58:26 [INFO] Execution step: Project/Reorder
07:58:26 [INFO] Trie does not contain any elements
07:58:26 [INFO] Execution step: Body
07:58:26 [INFO] Trie does not contain any elements
07:58:26 [INFO] Execution step: Duplicate Elimination (Datalog)
07:58:26 [INFO] Trie does not contain any elements
07:58:26 [INFO] Rule duration: 0 ms
07:58:26 [INFO] <<< STEP 39: APPLYING RULE 25 R_5(?X_1, ?X_2, c_17) :- TempAbove24(?X_1, ?X_2, ?_BODY_1), TempAbove41(?X_1, ?_BODY_2, ?_BODY_3), R_4(?Y_1, ?_BODY_4), R_14(?X_1, ?_BODY_5, ?_BODY_6, ?Y_1), R_16(?X_1, ?_BODY_7, ?Y_1, ?_BODY_8, ?_BODY_9, ?_BODY_10), R_22(?Y_1), R_24(?X_2, ?_BODY_11, ?_BODY_12, ?X_1, ?_BODY_13), Equal(?_BODY_1, ?X_1), Equal(?_BODY_2, c_17), Equal(?_BODY_3, ?X_1), Equal(?_BODY_4, "Ohio"), Equal(?_BODY_5, ?X_1), Equal(?_BODY_6, c_14), Equal(?_BODY_7, c_14), Equal(?_BODY_8, c_17), Equal(?_BODY_9, c_17), Equal(?_BODY_10, "Ohio"), Equal(?_BODY_11, c_14), Equal(?_BODY_12, ?X_2), Equal(?_BODY_13, ?X_1) >>>
07:58:26 [INFO] Execution step: Project/Reorder
07:58:26 [INFO] Saved temporary table: 1 entries (13764)
07:58:26 [INFO] Execution step: Project/Reorder
07:58:26 [INFO] Saved temporary table: 2 entries (20948)
07:58:26 [INFO] Execution step: Project/Reorder
07:58:26 [INFO] Trie does not contain any elements
07:58:26 [INFO] Execution step: Project/Reorder
07:58:26 [INFO] Trie does not contain any elements
07:58:26 [INFO] Execution step: Body
07:58:26 [INFO] Trie does not contain any elements
07:58:26 [INFO] Execution step: Duplicate Elimination (Datalog)
07:58:26 [INFO] Trie does not contain any elements
07:58:26 [INFO] Rule duration: 0 ms
07:58:26 [INFO] <<< STEP 40: APPLYING RULE 12 R_9(?X_4, ?X_5, "StationA", ?X_1, ?X_2) :- R_18(?Y_1, ?X_5, ?_BODY_1, ?X_1, ?X_2, ?X_4), R_3(?Y_1, ?X_4, ?X_5, ?X_1, ?_BODY_2), Equal(?_BODY_1, "StationA"), Equal(?_BODY_2, ?X_1) >>>
07:58:26 [INFO] Execution step: Project/Reorder
07:58:26 [INFO] Saved temporary table: 2 entries (17432)
07:58:26 [INFO] Execution step: Body
07:58:26 [INFO] Trie does not contain any elements
07:58:26 [INFO] Execution step: Duplicate Elimination (Datalog)
07:58:26 [INFO] Trie does not contain any elements
07:58:26 [INFO] Rule duration: 0 ms
07:58:26 [INFO] <<< STEP 41: APPLYING RULE 13 R_2(?X_1) :- R_5(?_BODY_1, ?Y_1, ?X_1), R_5(?Z_1, ?X_1, ?Y_1), TempAbove41DiamondMinus1(?X_1, ?_BODY_2, ?Y_1), Equal(?_BODY_1, "StationA"), Equal(?_BODY_2, ?X_1) >>>
07:58:26 [INFO] Loading source SimpleTable { arity: 1, data: [AnyDataValue(Iri(IriDataValue("c_11")))] }
07:58:26 [INFO] Execution step: Project/Reorder
07:58:26 [INFO] Saved temporary table: 1 entries (10316)
07:58:26 [INFO] Execution step: Body
07:58:26 [INFO] Trie does not contain any elements
07:58:26 [INFO] Execution step: Duplicate Elimination (Datalog)
07:58:26 [INFO] Trie does not contain any elements
07:58:26 [INFO] Rule duration: 0 ms
07:58:26 [INFO] <<< STEP 42: APPLYING RULE 15 R_13(?X_1, ?X_2) :- LocatedInState(?Y_1, ?_BODY_1, ?X_2, ?X_1), R_8(?Z_2, ?X_1, ?X_2, ?_BODY_2, ?_BODY_3), Equal(?_BODY_1, "111.7"^^<http://www.w3.org/2001/XMLSchema#double>), Equal(?_BODY_2, ?X_2), Equal(?_BODY_3, ?X_2) >>>
07:58:26 [INFO] Loading source SimpleTable { arity: 5, data: [AnyDataValue(Double(DoubleDataValue(210.0))), AnyDataValue(Double(DoubleDataValue(117.0))), AnyDataValue(Iri(IriDataValue("c_1"))), AnyDataValue(UnsignedLong(UnsignedLongDataValue(6057421534472946849))), AnyDataValue(Iri(IriDataValue("c_2")))] }
07:58:26 [INFO] Execution step: Body
07:58:26 [INFO] Trie does not contain any elements
07:58:26 [INFO] Execution step: Duplicate Elimination (Datalog)
07:58:26 [INFO] Trie does not contain any elements
07:58:26 [INFO] Rule duration: 0 ms
07:58:26 [INFO] <<< STEP 43: APPLYING RULE 16 R_18("1000"^^<http://www.w3.org/2001/XMLSchema#double>, ?X_2, ?X_4, ?X_6, ?X_5, ?X_1) :- HeavyWindForce(?_BODY_1, ?X_2, ?X_4), HeavyWindForce(?X_6, ?X_5, ?X_1), R_9(?X_1, ?_BODY_2, ?X_5, ?_BODY_3, ?X_2), Equal(?_BODY_1, "1000"^^<http://www.w3.org/2001/XMLSchema#double>), Equal(?_BODY_2, ?X_1), Equal(?_BODY_3, ?X_1) >>>
07:58:26 [INFO] Execution step: Body
07:58:26 [INFO] Trie does not contain any elements
07:58:26 [INFO] Execution step: Duplicate Elimination (Datalog)
07:58:26 [INFO] Trie does not contain any elements
07:58:26 [INFO] Rule duration: 0 ms
07:58:26 [INFO] <<< STEP 44: APPLYING RULE 17 R_17(?X_1) :- R_5(?X_1, ?Y_1, ?_BODY_1), R_2(?Z_2), R_13(?_BODY_2, ?X_1), Equal(?_BODY_1, ?X_1), Equal(?_BODY_2, "215"^^<http://www.w3.org/2001/XMLSchema#double>) >>>
07:58:26 [INFO] Execution step: Body
07:58:26 [INFO] Trie does not contain any elements
07:58:26 [INFO] Execution step: Duplicate Elimination (Datalog)
07:58:26 [INFO] Trie does not contain any elements
07:58:26 [INFO] Rule duration: 0 ms
07:58:26 [INFO] <<< STEP 45: APPLYING RULE 18 R_OUT(?X_1, "StationA", ?X_3, ?X_4) :- R_8(?X_1, ?_BODY_1, ?X_3, ?_BODY_2, ?X_4), HeavyWindForce(?X_4, ?_BODY_3, ?X_1), LocatedInState(?X_1, ?X_4, ?_BODY_4, ?_BODY_5), R_14(?X_4, ?_BODY_6, ?_BODY_7, ?X_1), Equal(?_BODY_1, "StationA"), Equal(?_BODY_2, "StationA"), Equal(?_BODY_3, ?X_4), Equal(?_BODY_4, ?X_4), Equal(?_BODY_5, ?X_4), Equal(?_BODY_6, ?X_4), Equal(?_BODY_7, ?X_4) >>>
07:58:26 [INFO] Execution step: Project/Reorder
07:58:26 [INFO] Saved temporary table: 4 entries (10664)
07:58:26 [INFO] Execution step: Project/Reorder
07:58:26 [INFO] Saved temporary table: 1 entries (13816)
07:58:26 [INFO] Execution step: Project/Reorder
07:58:26 [INFO] Saved temporary table: 1 entries (13764)
07:58:26 [INFO] Execution step: Body
07:58:26 [INFO] Trie does not contain any elements
07:58:26 [INFO] Execution step: Duplicate Elimination (Datalog)
07:58:26 [INFO] Trie does not contain any elements
07:58:26 [INFO] Rule duration: 0 ms
07:58:26 [INFO] <<< STEP 46: APPLYING RULE 29 R_9(?X_1, "215"^^<http://www.w3.org/2001/XMLSchema#double>, ?X_3, ?X_2, ?X_2) :- R_24(?X_3, ?Y_1, ?_BODY_1, ?X_2, ?_BODY_2), R_25(?X_3, ?Y_1, ?_BODY_3, ?X_2, ?_BODY_4, ?_BODY_5), HeavyWind(?X_1, ?_BODY_6, ?_BODY_7), R_8(?X_3, ?Y_1, ?_BODY_8, ?_BODY_9, ?X_2), R_9(?X_2, ?Y_1, ?_BODY_10, ?X_3, ?_BODY_11), R_21(?X_3, ?Y_1, ?_BODY_12, ?_BODY_13, ?_BODY_14, ?_BODY_15), R_24(?X_2, ?Y_1, ?_BODY_16, ?_BODY_17, ?X_3), Equal(?_BODY_1, ?X_3), Equal(?_BODY_2, ?X_2), Equal(?_BODY_3, ?X_3), Equal(?_BODY_4, ?X_2), Equal(?_BODY_5, c_16), Equal(?_BODY_6, ?X_1), Equal(?_BODY_7, c_16), Equal(?_BODY_8, ?Y_1), Equal(?_BODY_9, ?Y_1), Equal(?_BODY_10, ?X_2), Equal(?_BODY_11, "215"^^<http://www.w3.org/2001/XMLSchema#double>), Equal(?_BODY_12, ?Y_1), Equal(?_BODY_13, ?Y_1), Equal(?_BODY_14, ?Y_1), Equal(?_BODY_15, ?X_3), Equal(?_BODY_16, c_1), Equal(?_BODY_17, c_16) >>>
07:58:26 [INFO] Execution step: Project/Reorder
07:58:26 [INFO] Trie does not contain any elements
07:58:26 [INFO] Execution step: Project/Reorder
07:58:26 [INFO] Trie does not contain any elements
07:58:26 [INFO] Execution step: Body
07:58:26 [INFO] Trie does not contain any elements
07:58:26 [INFO] Execution step: Duplicate Elimination (Datalog)
07:58:26 [INFO] Trie does not contain any elements
07:58:26 [INFO] Rule duration: 0 ms
07:58:26 [INFO] <<< STEP 47: APPLYING RULE 30 R_5(?X_2, ?X_1, ?X_3) :- R_13(?X_2, ?_BODY_1), R_23(?Y_1, ?_BODY_2, ?_BODY_3, ?X_2), HeavyWindForce(?_BODY_4, ?_BODY_5, ?X_2), R_10(?X_1, ?Y_1, ?X_2, ?_BODY_6), R_12(?X_3, ?X_2), R_22(?X_3), R_1(?Y_1, ?_BODY_7, ?X_2, ?_BODY_8, ?_BODY_9), Equal(?_BODY_1, c_10), Equal(?_BODY_2, ?Y_1), Equal(?_BODY_3, ?Y_1), Equal(?_BODY_4, c_10), Equal(?_BODY_5, c_10), Equal(?_BODY_6, ?Y_1), Equal(?_BODY_7, c_10), Equal(?_BODY_8, ?X_2), Equal(?_BODY_9, "StationA") >>>
07:58:26 [INFO] Execution step: Project/Reorder
07:58:26 [INFO] Trie does not contain any elements
07:58:26 [INFO] Execution step: Body
07:58:26 [INFO] Trie does not contain any elements
07:58:26 [INFO] Execution step: Duplicate Elimination (Datalog)
07:58:26 [INFO] Trie does not contain any elements
07:58:26 [INFO] Rule duration: 0 ms
07:58:26 [INFO] <<< STEP 48: APPLYING RULE 32 R_11(?X_1, ?X_3, "StationA", ?X_4) :- R_OUT(?X_1, ?X_3, ?_BODY_1, ?X_4), Equal(?_BODY_1, "StationA") >>>
07:58:26 [INFO] Execution step: Body
07:58:26 [INFO] Saved temporary table: 1 entries (10312)
07:58:26 [INFO] Execution step: Duplicate Elimination (Datalog)
07:58:26 [INFO] Saved permanent table R_11 (48) Permutation { idx_to_val: [], val_to_idx: [] } with 1 entries (13812)
07:58:26 [INFO] Rule duration: 0 ms
07:58:26 [INFO] <<< STEP 49: APPLYING RULE 35 R_8(?X_5, "112"^^<http://www.w3.org/2001/XMLSchema#double>, ?X_3, ?X_2, ?X_1) :- LocatedInState(?X_2_new_1, ?_BODY_1, ?X_3, ?X_2), LocatedInState(?X_1, ?X_5, ?Y_1, ?_BODY_2), TempAbove41(?X_1, ?Z_4, ?Y_1), R_11(?X_5, ?X_1, ?_BODY_3, ?Z_4), Equal(?_BODY_1, "112"^^<http://www.w3.org/2001/XMLSchema#double>), Equal(?_BODY_2, ?X_1), Equal(?_BODY_3, ?X_5) >>>
07:58:26 [INFO] Execution step: Body
07:58:26 [INFO] Trie does not contain any elements
07:58:26 [INFO] Execution step: Duplicate Elimination (Datalog)
07:58:26 [INFO] Trie does not contain any elements
07:58:26 [INFO] Rule duration: 0 ms
07:58:26 [INFO] <<< STEP 50: APPLYING RULE 36 R_17(?X_1) :- ExcessiveHeat(?Y_1, ?X_1, ?_BODY_1), R_3(?Y_1, ?_BODY_2, ?_BODY_3, ?_BODY_4, ?X_1), R_5(?X_1, ?_BODY_5, ?_BODY_6), R_4(?_BODY_7, ?_BODY_8), HeavyWindAffectedState(?_BODY_9, ?_BODY_10, ?X_1), Equal(?_BODY_1, ?X_1), Equal(?_BODY_2, ?Y_1), Equal(?_BODY_3, c_3), Equal(?_BODY_4, c_3), Equal(?_BODY_5, c_3), Equal(?_BODY_6, c_3), Equal(?_BODY_7, c_3), Equal(?_BODY_8, c_3), Equal(?_BODY_9, c_3), Equal(?_BODY_10, c_3) >>>
07:58:26 [INFO] Execution step: Project/Reorder
07:58:26 [INFO] Trie does not contain any elements
07:58:26 [INFO] Execution step: Project/Reorder
07:58:26 [INFO] Saved temporary table: 2 entries (10432)
07:58:26 [INFO] Execution step: Body
07:58:26 [INFO] Trie does not contain any elements
07:58:26 [INFO] Execution step: Duplicate Elimination (Datalog)
07:58:26 [INFO] Trie does not contain any elements
07:58:26 [INFO] Rule duration: 0 ms
07:58:26 [INFO] <<< STEP 51: APPLYING RULE 38 R_13(?X_1, c_21) :- R_13(?X_1, ?Y_1_new_1), R_4(?_BODY_1, ?_BODY_2), R_14(?_BODY_3, ?Y_1_new_1, ?_BODY_4, ?X_1), R_15(?_BODY_5, ?Y_1_new_1), HeavyWindForce(?_BODY_6, ?Y_1, ?_BODY_7), R_15(?Y_1, ?_BODY_8), Equal(?_BODY_1, c_17), Equal(?_BODY_2, c_17), Equal(?_BODY_3, c_21), Equal(?_BODY_4, ?Y_1_new_1), Equal(?_BODY_5, c_17), Equal(?_BODY_6, c_21), Equal(?_BODY_7, c_21), Equal(?_BODY_8, c_17) >>>
07:58:26 [INFO] Execution step: Project/Reorder
07:58:26 [INFO] Saved temporary table: 2 entries (6972)
07:58:26 [INFO] Execution step: Body
07:58:26 [INFO] Trie does not contain any elements
07:58:26 [INFO] Execution step: Duplicate Elimination (Datalog)
07:58:26 [INFO] Trie does not contain any elements
07:58:26 [INFO] Rule duration: 0 ms
07:58:26 [INFO] <<< STEP 52: APPLYING RULE 42 R_11(?X_1, ?X_1, ?X_2, ?X_3) :- TempConstantOver24AtLeastFor1(?X_1, ?X_1_new_1_new_1, ?X_2), TempConstantOver24AtLeastFor1(?X_3_new_1, ?X_2, ?_BODY_1), HeavyWindAffectedState(?X_2, ?Z_1, ?Z_4), R_17(?X_2), R_18(?Z_3, ?X_2, ?X_1_new_1, ?Z_8, ?X_3, ?_BODY_2), R_12(?X_1, ?X_3), Equal(?_BODY_1, ?X_2), Equal(?_BODY_2, ?X_2) >>>
07:58:26 [INFO] Execution step: Project/Reorder
07:58:26 [INFO] Saved temporary table: 3 entries (6972)
07:58:26 [INFO] Execution step: Body
07:58:26 [INFO] Trie does not contain any elements
07:58:26 [INFO] Execution step: Duplicate Elimination (Datalog)
07:58:26 [INFO] Trie does not contain any elements
07:58:26 [INFO] Rule duration: 0 ms
07:58:26 [INFO] <<< STEP 53: APPLYING RULE 45 R_2(?X_1) :- R_17(?X_1), R_24(?_BODY_1, ?X_1, ?_BODY_2, ?_BODY_3, ?_BODY_4), R_22(?_BODY_5), R_27(?_BODY_6, ?X_1, ?_BODY_7, ?_BODY_8), Equal(?_BODY_1, c_7), Equal(?_BODY_2, ?X_1), Equal(?_BODY_3, ?X_1), Equal(?_BODY_4, ?X_1), Equal(?_BODY_5, c_7), Equal(?_BODY_6, c_7), Equal(?_BODY_7, ?X_1), Equal(?_BODY_8, c_7) >>>
07:58:26 [INFO] Execution step: Project/Reorder
07:58:26 [INFO] Trie does not contain any elements
07:58:26 [INFO] Execution step: Project/Reorder
07:58:26 [INFO] Trie does not contain any elements
07:58:26 [INFO] Execution step: Project/Reorder
07:58:26 [INFO] Trie does not contain any elements
07:58:26 [INFO] Execution step: Body
07:58:26 [INFO] Saved temporary table: 1 entries (3404)
07:58:26 [INFO] Execution step: Duplicate Elimination (Datalog)
07:58:26 [INFO] Saved permanent table R_2 (53) Permutation { idx_to_val: [], val_to_idx: [] } with 1 entries (3452)
07:58:26 [INFO] Rule duration: 0 ms
07:58:26 [INFO] <<< STEP 54: APPLYING RULE 46 R_13("str_7", ?X_1_new_1) :- R_1(?X_1_new_1, ?_BODY_1, ?_BODY_2, ?Y_1, ?X_1), R_15(?_BODY_3, ?_BODY_4), R_18(?_BODY_5, ?_BODY_6, ?X_1, ?_BODY_7, ?X_1_new_1, ?_BODY_8), R_OUT(?X_1_new_1, ?_BODY_9, ?_BODY_10, ?_BODY_11), R_22(?X_1), TempAbove24(?_BODY_12, ?_BODY_13, ?Y_1_new_1), Equal(?_BODY_1, "StationA"), Equal(?_BODY_2, "str_7"), Equal(?_BODY_3, "StationA"), Equal(?_BODY_4, "str_7"), Equal(?_BODY_5, "str_7"), Equal(?_BODY_6, "str_7"), Equal(?_BODY_7, "StationA"), Equal(?_BODY_8, "StationA"), Equal(?_BODY_9, "StationA"), Equal(?_BODY_10, "StationA"), Equal(?_BODY_11, ?X_1_new_1), Equal(?_BODY_12, "StationA"), Equal(?_BODY_13, "StationA") >>>
07:58:26 [INFO] Execution step: Body
07:58:26 [INFO] Trie does not contain any elements
07:58:26 [INFO] Execution step: Duplicate Elimination (Datalog)
07:58:26 [INFO] Trie does not contain any elements
07:58:26 [INFO] Rule duration: 0 ms
07:58:26 [INFO] <<< STEP 55: APPLYING RULE 12 R_9(?X_4, ?X_5, "StationA", ?X_1, ?X_2) :- R_18(?Y_1, ?X_5, ?_BODY_1, ?X_1, ?X_2, ?X_4), R_3(?Y_1, ?X_4, ?X_5, ?X_1, ?_BODY_2), Equal(?_BODY_1, "StationA"), Equal(?_BODY_2, ?X_1) >>>
07:58:26 [INFO] Execution step: Project/Reorder
07:58:26 [INFO] Saved temporary table: 2 entries (17432)
07:58:26 [INFO] Execution step: Body
07:58:26 [INFO] Trie does not contain any elements
07:58:26 [INFO] Execution step: Duplicate Elimination (Datalog)
07:58:26 [INFO] Trie does not contain any elements
07:58:26 [INFO] Rule duration: 0 ms
07:58:26 [INFO] <<< STEP 56: APPLYING RULE 13 R_2(?X_1) :- R_5(?_BODY_1, ?Y_1, ?X_1), R_5(?Z_1, ?X_1, ?Y_1), TempAbove41DiamondMinus1(?X_1, ?_BODY_2, ?Y_1), Equal(?_BODY_1, "StationA"), Equal(?_BODY_2, ?X_1) >>>
07:58:26 [INFO] Execution step: Project/Reorder
07:58:26 [INFO] Saved temporary table: 1 entries (10316)
07:58:26 [INFO] Execution step: Body
07:58:26 [INFO] Trie does not contain any elements
07:58:26 [INFO] Execution step: Duplicate Elimination (Datalog)
07:58:26 [INFO] Trie does not contain any elements
07:58:26 [INFO] Rule duration: 0 ms
07:58:26 [INFO] <<< STEP 57: APPLYING RULE 15 R_13(?X_1, ?X_2) :- LocatedInState(?Y_1, ?_BODY_1, ?X_2, ?X_1), R_8(?Z_2, ?X_1, ?X_2, ?_BODY_2, ?_BODY_3), Equal(?_BODY_1, "111.7"^^<http://www.w3.org/2001/XMLSchema#double>), Equal(?_BODY_2, ?X_2), Equal(?_BODY_3, ?X_2) >>>
07:58:26 [INFO] Execution step: Body
07:58:26 [INFO] Trie does not contain any elements
07:58:26 [INFO] Execution step: Duplicate Elimination (Datalog)
07:58:26 [INFO] Trie does not contain any elements
07:58:26 [INFO] Rule duration: 0 ms
07:58:26 [INFO] <<< STEP 58: APPLYING RULE 16 R_18("1000"^^<http://www.w3.org/2001/XMLSchema#double>, ?X_2, ?X_4, ?X_6, ?X_5, ?X_1) :- HeavyWindForce(?_BODY_1, ?X_2, ?X_4), HeavyWindForce(?X_6, ?X_5, ?X_1), R_9(?X_1, ?_BODY_2, ?X_5, ?_BODY_3, ?X_2), Equal(?_BODY_1, "1000"^^<http://www.w3.org/2001/XMLSchema#double>), Equal(?_BODY_2, ?X_1), Equal(?_BODY_3, ?X_1) >>>
07:58:26 [INFO] Execution step: Body
07:58:26 [INFO] Trie does not contain any elements
07:58:26 [INFO] Execution step: Duplicate Elimination (Datalog)
07:58:26 [INFO] Trie does not contain any elements
07:58:26 [INFO] Rule duration: 0 ms
07:58:26 [INFO] <<< STEP 59: APPLYING RULE 17 R_17(?X_1) :- R_5(?X_1, ?Y_1, ?_BODY_1), R_2(?Z_2), R_13(?_BODY_2, ?X_1), Equal(?_BODY_1, ?X_1), Equal(?_BODY_2, "215"^^<http://www.w3.org/2001/XMLSchema#double>) >>>
07:58:26 [INFO] Execution step: Body
07:58:26 [INFO] Trie does not contain any elements
07:58:26 [INFO] Execution step: Duplicate Elimination (Datalog)
07:58:26 [INFO] Trie does not contain any elements
07:58:26 [INFO] Rule duration: 0 ms
07:58:26 [INFO] <<< STEP 60: APPLYING RULE 18 R_OUT(?X_1, "StationA", ?X_3, ?X_4) :- R_8(?X_1, ?_BODY_1, ?X_3, ?_BODY_2, ?X_4), HeavyWindForce(?X_4, ?_BODY_3, ?X_1), LocatedInState(?X_1, ?X_4, ?_BODY_4, ?_BODY_5), R_14(?X_4, ?_BODY_6, ?_BODY_7, ?X_1), Equal(?_BODY_1, "StationA"), Equal(?_BODY_2, "StationA"), Equal(?_BODY_3, ?X_4), Equal(?_BODY_4, ?X_4), Equal(?_BODY_5, ?X_4), Equal(?_BODY_6, ?X_4), Equal(?_BODY_7, ?X_4) >>>
07:58:26 [INFO] Execution step: Project/Reorder
07:58:26 [INFO] Saved temporary table: 4 entries (10664)
07:58:26 [INFO] Execution step: Project/Reorder
07:58:26 [INFO] Saved temporary table: 1 entries (13816)
07:58:26 [INFO] Execution step: Project/Reorder
07:58:26 [INFO] Saved temporary table: 1 entries (13764)
07:58:26 [INFO] Execution step: Body
07:58:26 [INFO] Trie does not contain any elements
07:58:26 [INFO] Execution step: Duplicate Elimination (Datalog)
07:58:26 [INFO] Trie does not contain any elements
07:58:26 [INFO] Rule duration: 0 ms
07:58:26 [INFO] <<< STEP 61: APPLYING RULE 29 R_9(?X_1, "215"^^<http://www.w3.org/2001/XMLSchema#double>, ?X_3, ?X_2, ?X_2) :- R_24(?X_3, ?Y_1, ?_BODY_1, ?X_2, ?_BODY_2), R_25(?X_3, ?Y_1, ?_BODY_3, ?X_2, ?_BODY_4, ?_BODY_5), HeavyWind(?X_1, ?_BODY_6, ?_BODY_7), R_8(?X_3, ?Y_1, ?_BODY_8, ?_BODY_9, ?X_2), R_9(?X_2, ?Y_1, ?_BODY_10, ?X_3, ?_BODY_11), R_21(?X_3, ?Y_1, ?_BODY_12, ?_BODY_13, ?_BODY_14, ?_BODY_15), R_24(?X_2, ?Y_1, ?_BODY_16, ?_BODY_17, ?X_3), Equal(?_BODY_1, ?X_3), Equal(?_BODY_2, ?X_2), Equal(?_BODY_3, ?X_3), Equal(?_BODY_4, ?X_2), Equal(?_BODY_5, c_16), Equal(?_BODY_6, ?X_1), Equal(?_BODY_7, c_16), Equal(?_BODY_8, ?Y_1), Equal(?_BODY_9, ?Y_1), Equal(?_BODY_10, ?X_2), Equal(?_BODY_11, "215"^^<http://www.w3.org/2001/XMLSchema#double>), Equal(?_BODY_12, ?Y_1), Equal(?_BODY_13, ?Y_1), Equal(?_BODY_14, ?Y_1), Equal(?_BODY_15, ?X_3), Equal(?_BODY_16, c_1), Equal(?_BODY_17, c_16) >>>
07:58:26 [INFO] Execution step: Project/Reorder
07:58:26 [INFO] Trie does not contain any elements
07:58:26 [INFO] Execution step: Project/Reorder
07:58:26 [INFO] Trie does not contain any elements
07:58:26 [INFO] Execution step: Body
07:58:26 [INFO] Trie does not contain any elements
07:58:26 [INFO] Execution step: Duplicate Elimination (Datalog)
07:58:26 [INFO] Trie does not contain any elements
07:58:26 [INFO] Rule duration: 0 ms
07:58:26 [INFO] <<< STEP 62: APPLYING RULE 30 R_5(?X_2, ?X_1, ?X_3) :- R_13(?X_2, ?_BODY_1), R_23(?Y_1, ?_BODY_2, ?_BODY_3, ?X_2), HeavyWindForce(?_BODY_4, ?_BODY_5, ?X_2), R_10(?X_1, ?Y_1, ?X_2, ?_BODY_6), R_12(?X_3, ?X_2), R_22(?X_3), R_1(?Y_1, ?_BODY_7, ?X_2, ?_BODY_8, ?_BODY_9), Equal(?_BODY_1, c_10), Equal(?_BODY_2, ?Y_1), Equal(?_BODY_3, ?Y_1), Equal(?_BODY_4, c_10), Equal(?_BODY_5, c_10), Equal(?_BODY_6, ?Y_1), Equal(?_BODY_7, c_10), Equal(?_BODY_8, ?X_2), Equal(?_BODY_9, "StationA") >>>
07:58:26 [INFO] Execution step: Project/Reorder
07:58:26 [INFO] Trie does not contain any elements
07:58:26 [INFO] Execution step: Body
07:58:26 [INFO] Trie does not contain any elements
07:58:26 [INFO] Execution step: Duplicate Elimination (Datalog)
07:58:26 [INFO] Trie does not contain any elements
07:58:26 [INFO] Rule duration: 0 ms
07:58:26 [INFO] <<< STEP 63: APPLYING RULE 32 R_11(?X_1, ?X_3, "StationA", ?X_4) :- R_OUT(?X_1, ?X_3, ?_BODY_1, ?X_4), Equal(?_BODY_1, "StationA") >>>
07:58:26 [INFO] Execution step: Body
07:58:26 [INFO] Trie does not contain any elements
07:58:26 [INFO] Execution step: Duplicate Elimination (Datalog)
07:58:26 [INFO] Trie does not contain any elements
07:58:26 [INFO] Rule duration: 0 ms
07:58:26 [INFO] <<< STEP 64: APPLYING RULE 35 R_8(?X_5, "112"^^<http://www.w3.org/2001/XMLSchema#double>, ?X_3, ?X_2, ?X_1) :- LocatedInState(?X_2_new_1, ?_BODY_1, ?X_3, ?X_2), LocatedInState(?X_1, ?X_5, ?Y_1, ?_BODY_2), TempAbove41(?X_1, ?Z_4, ?Y_1), R_11(?X_5, ?X_1, ?_BODY_3, ?Z_4), Equal(?_BODY_1, "112"^^<http://www.w3.org/2001/XMLSchema#double>), Equal(?_BODY_2, ?X_1), Equal(?_BODY_3, ?X_5) >>>
07:58:26 [INFO] Execution step: Body
07:58:26 [INFO] Trie does not contain any elements
07:58:26 [INFO] Execution step: Duplicate Elimination (Datalog)
07:58:26 [INFO] Trie does not contain any elements
07:58:26 [INFO] Rule duration: 0 ms
07:58:26 [INFO] <<< STEP 65: APPLYING RULE 36 R_17(?X_1) :- ExcessiveHeat(?Y_1, ?X_1, ?_BODY_1), R_3(?Y_1, ?_BODY_2, ?_BODY_3, ?_BODY_4, ?X_1), R_5(?X_1, ?_BODY_5, ?_BODY_6), R_4(?_BODY_7, ?_BODY_8), HeavyWindAffectedState(?_BODY_9, ?_BODY_10, ?X_1), Equal(?_BODY_1, ?X_1), Equal(?_BODY_2, ?Y_1), Equal(?_BODY_3, c_3), Equal(?_BODY_4, c_3), Equal(?_BODY_5, c_3), Equal(?_BODY_6, c_3), Equal(?_BODY_7, c_3), Equal(?_BODY_8, c_3), Equal(?_BODY_9, c_3), Equal(?_BODY_10, c_3) >>>
07:58:26 [INFO] Execution step: Project/Reorder
07:58:26 [INFO] Trie does not contain any elements
07:58:26 [INFO] Execution step: Project/Reorder
07:58:26 [INFO] Saved temporary table: 2 entries (10432)
07:58:26 [INFO] Execution step: Body
07:58:26 [INFO] Trie does not contain any elements
07:58:26 [INFO] Execution step: Duplicate Elimination (Datalog)
07:58:26 [INFO] Trie does not contain any elements
07:58:26 [INFO] Rule duration: 0 ms
07:58:26 [INFO] <<< STEP 66: APPLYING RULE 38 R_13(?X_1, c_21) :- R_13(?X_1, ?Y_1_new_1), R_4(?_BODY_1, ?_BODY_2), R_14(?_BODY_3, ?Y_1_new_1, ?_BODY_4, ?X_1), R_15(?_BODY_5, ?Y_1_new_1), HeavyWindForce(?_BODY_6, ?Y_1, ?_BODY_7), R_15(?Y_1, ?_BODY_8), Equal(?_BODY_1, c_17), Equal(?_BODY_2, c_17), Equal(?_BODY_3, c_21), Equal(?_BODY_4, ?Y_1_new_1), Equal(?_BODY_5, c_17), Equal(?_BODY_6, c_21), Equal(?_BODY_7, c_21), Equal(?_BODY_8, c_17) >>>
07:58:26 [INFO] Execution step: Project/Reorder
07:58:26 [INFO] Saved temporary table: 2 entries (6972)
07:58:26 [INFO] Execution step: Body
07:58:26 [INFO] Trie does not contain any elements
07:58:26 [INFO] Execution step: Duplicate Elimination (Datalog)
07:58:26 [INFO] Trie does not contain any elements
07:58:26 [INFO] Rule duration: 0 ms
07:58:26 [INFO] <<< STEP 67: APPLYING RULE 42 R_11(?X_1, ?X_1, ?X_2, ?X_3) :- TempConstantOver24AtLeastFor1(?X_1, ?X_1_new_1_new_1, ?X_2), TempConstantOver24AtLeastFor1(?X_3_new_1, ?X_2, ?_BODY_1), HeavyWindAffectedState(?X_2, ?Z_1, ?Z_4), R_17(?X_2), R_18(?Z_3, ?X_2, ?X_1_new_1, ?Z_8, ?X_3, ?_BODY_2), R_12(?X_1, ?X_3), Equal(?_BODY_1, ?X_2), Equal(?_BODY_2, ?X_2) >>>
07:58:26 [INFO] Execution step: Project/Reorder
07:58:26 [INFO] Saved temporary table: 3 entries (6972)
07:58:26 [INFO] Execution step: Body
07:58:26 [INFO] Trie does not contain any elements
07:58:26 [INFO] Execution step: Duplicate Elimination (Datalog)
07:58:26 [INFO] Trie does not contain any elements
07:58:26 [INFO] Rule duration: 0 ms
07:58:26 [INFO] <<< STEP 68: APPLYING RULE 45 R_2(?X_1) :- R_17(?X_1), R_24(?_BODY_1, ?X_1, ?_BODY_2, ?_BODY_3, ?_BODY_4), R_22(?_BODY_5), R_27(?_BODY_6, ?X_1, ?_BODY_7, ?_BODY_8), Equal(?_BODY_1, c_7), Equal(?_BODY_2, ?X_1), Equal(?_BODY_3, ?X_1), Equal(?_BODY_4, ?X_1), Equal(?_BODY_5, c_7), Equal(?_BODY_6, c_7), Equal(?_BODY_7, ?X_1), Equal(?_BODY_8, c_7) >>>
07:58:26 [INFO] Execution step: Project/Reorder
07:58:26 [INFO] Trie does not contain any elements
07:58:26 [INFO] Execution step: Project/Reorder
07:58:26 [INFO] Trie does not contain any elements
07:58:26 [INFO] Execution step: Project/Reorder
07:58:26 [INFO] Trie does not contain any elements
07:58:26 [INFO] Execution step: Body
07:58:26 [INFO] Trie does not contain any elements
07:58:26 [INFO] Execution step: Duplicate Elimination (Datalog)
07:58:26 [INFO] Trie does not contain any elements
07:58:26 [INFO] Rule duration: 0 ms
07:58:26 [INFO] Execution step: Combining Tables
07:58:26 [INFO] Saved permanent table R_OUT (0-1) Permutation { idx_to_val: [], val_to_idx: [] } with 1 entries (13812)
07:58:26 [INFO] ----------------------------------------------
07:58:26 [INFO]  Finished Nemo Execution - Transformed Program
07:58:26 [INFO] Output size: 1
07:58:26 [INFO] ----------------------------------------------
07:58:26 [INFO] 
07:58:26 [INFO] ----------------------------------------------
07:58:26 [INFO] ------------ Asserting Oracle EXP ------------
07:58:26 [INFO] ----------------------------------------------
07:58:26 [INFO] All good, output is expanding
07:58:26 [INFO] old_dir "/home/leo_repp/masterthesis/nemo/nemo-metamorphic-testing/benchmark_500k_r"
