18:32:02 [INFO] ----------------------------------------------
18:32:02 [INFO] Beginning transformation mtf_EXP_5500005
                Oracle:     EXP          Number of T: 14
                Debug Mode: false          u64 Seed:    5500005
                Number of generating transformations: 16
                Internal Seed:          [216, 166, 202, 112, 149, 147, 7, 219, 127, 185, 178, 237, 112, 1, 12, 222, 106, 118, 248, 172, 29, 129, 5, 130, 190, 30, 9, 124, 117, 78, 22, 212]
                Seed File: Currently not supported!
18:32:02 [INFO] ----------------------------------------------
18:32:02 [INFO] -------------- Reading Seed File: ------------
18:32:02 [INFO] "/home/leo_repp/masterthesis/nemo/nemo-metamorphic-testing/examples/owl-el/from-preprocessed-csv/el-calc.rls"
18:32:02 [INFO] Renaming of rules complete
18:32:02 [INFO] --------- Finished Reading Seed file ---------
18:32:02 [INFO] ----------------------------------------------
18:32:02 [INFO] 
18:32:02 [INFO] ----------------------------------------------
18:32:02 [INFO] -------- Beginning Program Generation --------
18:32:02 [INFO] ----------------------------------------------
18:32:02 [INFO] 
18:32:02 [INFO] Removing old export statements
18:32:02 [INFO] Beginning inverse_stratum and ancestry computation starting at node R_OUT
18:32:02 [INFO] Ancestry and Inverse Stratum computation complete.
18:32:02 [INFO] Constructed lite ADG
18:32:02 [INFO] Generating Program...
18:32:02 [INFO] 
18:32:02 [INFO] 1 / 15
18:32:02 [INFO]   I Add Relational Node
18:32:02 [INFO]   Added new relation R_1
18:32:02 [INFO] 2 / 15
18:32:02 [INFO]   I Add Relational Node
18:32:02 [INFO]   Added new relation R_2
18:32:02 [INFO] 3 / 15
18:32:02 [INFO]   I Add Relational Node
18:32:02 [INFO]   Added new relation R_3
18:32:02 [INFO] 4 / 15
18:32:02 [INFO]   I Add Relational Node
18:32:02 [INFO]   Added new relation R_4
18:32:02 [INFO] 5 / 15
18:32:02 [INFO]   I Add Relational Node
18:32:02 [INFO]   Added new relation R_5
18:32:02 [INFO] 6 / 15
18:32:02 [INFO]   I Add Relational Node
18:32:02 [INFO]   Added new relation R_6
18:32:02 [INFO] 7 / 15
18:32:02 [INFO]   I Add Relational Node
18:32:02 [INFO]   Added new relation R_7
18:32:02 [INFO] 8 / 15
18:32:02 [INFO]   I Add Relational Node
18:32:02 [INFO]   Added new relation R_8
18:32:02 [INFO] 9 / 15
18:32:02 [INFO]   I Add Relational Node
18:32:02 [INFO]   Added new relation R_9
18:32:02 [INFO] 10 / 15
18:32:02 [INFO]   I Add Relational Node
18:32:02 [INFO]   Added new relation R_10
18:32:02 [INFO] 11 / 15
18:32:02 [INFO]   I Add Relational Node
18:32:02 [INFO]   Added new relation R_11
18:32:02 [INFO] 12 / 15
18:32:02 [INFO]   I Add Relational Node
18:32:02 [INFO]   Added new relation R_12
18:32:02 [INFO] 13 / 15
18:32:02 [INFO]   I Add Relational Node
18:32:02 [INFO]   Added new relation R_13
18:32:02 [INFO] 14 / 15
18:32:02 [INFO]   I Add Relational Node
18:32:02 [INFO]   Added new relation R_14
18:32:02 [INFO] 15 / 15
18:32:02 [INFO]   I Add Relational Node
18:32:02 [INFO]   Added new relation R_15
18:32:02 [INFO] 
18:32:02 [INFO] Adding a new rule for each relation other than the seed relations
18:32:02 [INFO] 
18:32:02 [INFO] 1 / 16
18:32:02 [INFO]   Generating new single body literal rule for R_OUT
18:32:02 [INFO]   Assigned relation R_OUT the artiy 2
18:32:02 [INFO]   Assigned relation R_13 the artiy 2
18:32:02 [INFO]   Added new rule of name r_GEN_1
18:32:02 [INFO]   R_OUT(?X_1, ?X_2) :- R_13(?X_1, ?X_2) .
18:32:02 [INFO] 2 / 16
18:32:02 [INFO]   Generating new single body literal rule for R_1
18:32:02 [INFO]   Assigned relation R_1 the artiy 4
18:32:02 [INFO]   Assigned relation R_7 the artiy 4
18:32:02 [INFO]   Added new rule of name r_GEN_2
18:32:02 [INFO]   R_1(?X_4, ?X_1, ?X_2, ?X_4) :- R_7(?X_4, ?X_1, ?X_2, ?X_4) .
18:32:02 [INFO] 3 / 16
18:32:02 [INFO]   Generating new single body literal rule for R_2
18:32:02 [INFO]   Assigned relation R_2 the artiy 6
18:32:02 [INFO]   Added new rule of name r_GEN_3
18:32:02 [INFO]   R_2(?X_5, ?X_1, ?X_1, ?X_6, ?X_3, ?X_2) :- http://rulewerk.semantic-web.org/inferred/subClassOf(?X_5, ?X_1), http://rulewerk.semantic-web.org/inferred/subClassOf(?X_1, ?X_6), http://rulewerk.semantic-web.org/inferred/subClassOf(?X_3, ?X_2) .
18:32:02 [INFO] 4 / 16
18:32:02 [INFO]   Generating new single body literal rule for R_3
18:32:02 [INFO]   Assigned relation R_3 the artiy 5
18:32:02 [INFO]   Added new rule of name r_GEN_4
18:32:02 [INFO]   R_3(?X_1, ?X_4, ?X_5, ?X_2, ?X_3) :- R_13(?X_3, ?X_4), R_13(?X_5, ?X_2), R_13(?X_3, ?X_1) .
18:32:02 [INFO] 5 / 16
18:32:02 [INFO]   Generating new single body literal rule for R_4
18:32:02 [INFO]   Assigned relation R_4 the artiy 2
18:32:02 [INFO]   Added new rule of name r_GEN_5
18:32:02 [INFO]   R_4("<http://www.w3.org/2002/07/owl#Nothing>", ?X_2) :- http://rulewerk.semantic-web.org/normalForm/isSubClass("<http://www.w3.org/2002/07/owl#Nothing>"), http://rulewerk.semantic-web.org/normalForm/isSubClass(?X_2) .
18:32:02 [INFO] 6 / 16
18:32:02 [INFO]   Generating new single body literal rule for R_5
18:32:02 [INFO]   Assigned relation R_5 the artiy 4
18:32:02 [INFO]   Added new rule of name r_GEN_6
18:32:02 [INFO]   R_5(?X_4, ?X_3, ?X_1, ?X_2) :- http://rulewerk.semantic-web.org/normalForm/isSubClass(?X_4), http://rulewerk.semantic-web.org/normalForm/isSubClass(?X_3), http://rulewerk.semantic-web.org/normalForm/isSubClass(?X_1), http://rulewerk.semantic-web.org/normalForm/isSubClass(?X_2) .
18:32:02 [INFO] 7 / 16
18:32:02 [INFO]   Generating new single body literal rule for R_6
18:32:02 [INFO]   Assigned relation R_6 the artiy 1
18:32:02 [INFO]   Added new rule of name r_GEN_7
18:32:02 [INFO]   R_6(?X_1) :- R_6(?X_1) .
18:32:02 [INFO] 8 / 16
18:32:02 [INFO]   Generating new single body literal rule for R_7
18:32:02 [INFO]   Added new rule of name r_GEN_8
18:32:02 [INFO]   R_7(?X_4, ?X_1, ?X_2, ?X_1) :- R_1(?X_4, ?X_1, ?X_2, ?X_1) .
18:32:02 [INFO] 9 / 16
18:32:02 [INFO]   Generating new single body literal rule for R_8
18:32:02 [INFO]   Assigned relation R_8 the artiy 1
18:32:02 [INFO]   Added new rule of name r_GEN_9
18:32:02 [INFO]   R_8("<http://www.w3.org/2002/07/owl#Nothing>") :- R_3("<http://www.w3.org/2002/07/owl#Nothing>", "<http://www.w3.org/2002/07/owl#Nothing>", ?Y_1, ?Y_1, ?Y_1) .
18:32:02 [INFO] 10 / 16
18:32:02 [INFO]   Generating new single body literal rule for R_9
18:32:02 [INFO]   Assigned relation R_9 the artiy 5
18:32:02 [INFO]   Added new rule of name r_GEN_10
18:32:02 [INFO]   R_9(?X_3, ?X_5, ?X_2, ?X_1, ?X_4) :- R_2(?X_3, ?X_5, ?X_2, "<http://www.w3.org/2002/07/owl#Nothing>", ?X_4, ?X_1) .
18:32:02 [INFO] 11 / 16
18:32:02 [INFO]   Generating new single body literal rule for R_10
18:32:02 [INFO]   Assigned relation R_10 the artiy 5
18:32:02 [INFO]   Added new rule of name r_GEN_11
18:32:02 [INFO]   R_10(?X_2, ?X_1, "<http://www.w3.org/2002/07/owl#Nothing>", ?X_5, ?X_4) :- mainSubClassOf(?X_2, ?X_1), mainSubClassOf("<http://www.w3.org/2002/07/owl#Nothing>", ?X_5), mainSubClassOf("<http://www.w3.org/2002/07/owl#Nothing>", ?X_4) .
18:32:02 [INFO] 12 / 16
18:32:02 [INFO]   Generating new single body literal rule for R_11
18:32:02 [INFO]   Assigned relation R_11 the artiy 1
18:32:02 [INFO]   Added new rule of name r_GEN_12
18:32:02 [INFO]   R_11(?X_1) :- http://rulewerk.semantic-web.org/normalForm/subClassOf(?X_1, ?X_1) .
18:32:02 [INFO] 13 / 16
18:32:02 [INFO]   Generating new single body literal rule for R_12
18:32:02 [INFO]   Assigned relation R_12 the artiy 3
18:32:02 [INFO]   Added new rule of name r_GEN_13
18:32:02 [INFO]   R_12(?X_2, ?X_1, ?X_3) :- http://rulewerk.semantic-web.org/inferred/subClassOf(?X_2, ?Y_1), http://rulewerk.semantic-web.org/inferred/subClassOf(?X_3, ?X_1) .
18:32:02 [INFO] 14 / 16
18:32:02 [INFO]   Generating new single body literal rule for R_13
18:32:02 [INFO]   Added new rule of name r_GEN_14
18:32:02 [INFO]   R_13("<http://www.w3.org/2002/07/owl#Nothing>", ?X_2) :- R_1("<http://www.w3.org/2002/07/owl#Nothing>", ?X_2, ?X_2, ?X_2) .
18:32:02 [INFO] 15 / 16
18:32:02 [INFO]   Generating new single body literal rule for R_14
18:32:02 [INFO]   Assigned relation R_14 the artiy 2
18:32:02 [INFO]   Added new rule of name r_GEN_15
18:32:02 [INFO]   R_14(?X_2, ?X_2) :- http://rulewerk.semantic-web.org/normalForm/subProp(?X_2, ?X_2) .
18:32:02 [INFO] 16 / 16
18:32:02 [INFO]   Generating new single body literal rule for R_15
18:32:02 [INFO]   Assigned relation R_15 the artiy 6
18:32:02 [INFO]   Added new rule of name r_GEN_16
18:32:02 [INFO]   R_15(?X_6, "<http://www.w3.org/2002/07/owl#Nothing>", ?X_4, ?X_2, ?X_3, ?X_4) :- R_1(?X_6, "<http://www.w3.org/2002/07/owl#Nothing>", ?X_4, ?X_2), R_1(?X_3, ?X_4, "<http://www.w3.org/2002/07/owl#Nothing>", "<http://www.w3.org/2002/07/owl#Nothing>") .
18:32:02 [INFO] 
18:32:02 [INFO] Adding a outgoing relational edge for each relation other than R_OUT
18:32:02 [INFO] 
18:32:02 [INFO] 1 / 26
18:32:02 [INFO]   Adding outgoing relational edge from http://rulewerk.semantic-web.org/inferred/ex for r_GEN_14
18:32:02 [INFO]   Generated literal http://rulewerk.semantic-web.org/inferred/ex(?X_2, ?X_2, "<http://www.w3.org/2002/07/owl#Nothing>") for rule r_GEN_14
18:32:02 [INFO] 2 / 26
18:32:02 [INFO]   Adding outgoing relational edge from http://rulewerk.semantic-web.org/inferred/init for r_GEN_6
18:32:02 [INFO]   Generated literal http://rulewerk.semantic-web.org/inferred/init(?X_1) for rule r_GEN_6
18:32:02 [INFO] 3 / 26
18:32:02 [INFO]   Adding outgoing relational edge from http://rulewerk.semantic-web.org/inferred/subClassOf for r_GEN_13
18:32:02 [INFO]   Generated literal ~http://rulewerk.semantic-web.org/inferred/subClassOf(?Y_1, ?X_3) for rule r_GEN_13
18:32:02 [INFO] 4 / 26
18:32:02 [INFO]   Adding outgoing relational edge from http://rulewerk.semantic-web.org/normalForm/conj for r_GEN_11
18:32:02 [INFO]   Generated literal http://rulewerk.semantic-web.org/normalForm/conj(?X_2, ?Z_2, ?X_4) for rule r_GEN_11
18:32:02 [INFO] 5 / 26
18:32:02 [INFO]   Adding outgoing relational edge from http://rulewerk.semantic-web.org/normalForm/exists for r_GEN_12
18:32:02 [INFO]   Generated literal http://rulewerk.semantic-web.org/normalForm/exists(?X_1, "<http://www.w3.org/2002/07/owl#Nothing>", ?X_1) for rule r_GEN_12
18:32:02 [INFO] 6 / 26
18:32:02 [INFO]   Adding outgoing relational edge from http://rulewerk.semantic-web.org/normalForm/isMainClass for r_GEN_3
18:32:02 [INFO]   Generated literal http://rulewerk.semantic-web.org/normalForm/isMainClass(?X_5) for rule r_GEN_3
18:32:02 [INFO] 7 / 26
18:32:02 [INFO]   Adding outgoing relational edge from http://rulewerk.semantic-web.org/normalForm/isSubClass for r_GEN_1
18:32:02 [INFO]   Generated literal http://rulewerk.semantic-web.org/normalForm/isSubClass(?Z_2) for rule r_GEN_1
18:32:02 [INFO] 8 / 26
18:32:02 [INFO]   Adding outgoing relational edge from http://rulewerk.semantic-web.org/normalForm/subClassOf for r_GEN_11
18:32:02 [INFO]   Generated literal http://rulewerk.semantic-web.org/normalForm/subClassOf(?Z_2, ?X_5) for rule r_GEN_11
18:32:02 [INFO] 9 / 26
18:32:02 [INFO]   Adding outgoing relational edge from http://rulewerk.semantic-web.org/normalForm/subProp for r_GEN_12
18:32:02 [INFO]   Generated literal http://rulewerk.semantic-web.org/normalForm/subProp("<http://www.w3.org/2002/07/owl#Nothing>", ?X_1) for rule r_GEN_12
18:32:02 [INFO] 10 / 26
18:32:02 [INFO]   Adding outgoing relational edge from http://rulewerk.semantic-web.org/normalForm/subPropChain for r_GEN_8
18:32:02 [INFO]   Generated literal ~http://rulewerk.semantic-web.org/normalForm/subPropChain(?X_4, ?X_1, "<http://www.w3.org/2002/07/owl#Nothing>") for rule r_GEN_8
18:32:02 [INFO] 11 / 26
18:32:02 [INFO]   Adding outgoing relational edge from mainSubClassOf for r_GEN_4
18:32:02 [INFO]   Generated literal ~mainSubClassOf(?X_4, ?X_3) for rule r_GEN_4
18:32:02 [INFO] 12 / 26
18:32:02 [INFO]   Adding outgoing relational edge from R_1 for r_GEN_11
18:32:02 [INFO]   Generated literal R_1(?X_2, ?X_4, ?X_2, ?Z_2) for rule r_GEN_11
18:32:02 [INFO] 13 / 26
18:32:02 [INFO]   Adding outgoing relational edge from R_2 for r_GEN_12
18:32:02 [INFO]   Generated literal R_2("<http://www.w3.org/2002/07/owl#Nothing>", ?X_1, ?Z_1, ?X_1, ?X_1, ?Z_2) for rule r_GEN_12
18:32:02 [INFO] 14 / 26
18:32:02 [INFO]   Adding outgoing relational edge from R_3 for r_GEN_6
18:32:02 [INFO]   Generated literal R_3("<http://www.w3.org/2002/07/owl#Nothing>", ?Z_2, ?X_3, ?Z_1, ?X_3) for rule r_GEN_6
18:32:02 [INFO] 15 / 26
18:32:02 [INFO]   Adding outgoing relational edge from R_4 for r_GEN_1
18:32:02 [INFO]   Generated literal ~R_4(?X_2, ?X_1) for rule r_GEN_1
18:32:02 [INFO] 16 / 26
18:32:02 [INFO]   Adding outgoing relational edge from R_5 for r_GEN_7
18:32:02 [INFO]   Generated literal ~R_5("<http://www.w3.org/2002/07/owl#Nothing>", ?X_1, ?X_1, ?X_1) for rule r_GEN_7
18:32:02 [INFO] 17 / 26
18:32:02 [INFO]   Adding outgoing relational edge from R_6 for r_GEN_11
18:32:02 [INFO]   Generated literal ~R_6(?X_4) for rule r_GEN_11
18:32:02 [INFO] 18 / 26
18:32:02 [INFO]   Adding outgoing relational edge from R_7 for r_GEN_6
18:32:02 [INFO]   Generated literal R_7(?Z_1, ?X_3, ?X_1, ?Z_6) for rule r_GEN_6
18:32:02 [INFO] 19 / 26
18:32:02 [INFO]   Adding outgoing relational edge from R_8 for r_GEN_14
18:32:02 [INFO]   Generated literal R_8(?Z_2) for rule r_GEN_14
18:32:02 [INFO] 20 / 26
18:32:02 [INFO]   Adding outgoing relational edge from R_9 for r_GEN_11
18:32:02 [INFO]   Generated literal R_9("<http://www.w3.org/2002/07/owl#Nothing>", ?X_5, ?Z_5, ?X_2, ?X_2) for rule r_GEN_11
18:32:02 [INFO] 21 / 26
18:32:02 [INFO]   Adding outgoing relational edge from R_10 for r_GEN_1
18:32:02 [INFO]   Generated literal ~R_10(?X_1, ?X_2, ?Z_2, ?X_2, ?X_1) for rule r_GEN_1
18:32:02 [INFO] 22 / 26
18:32:02 [INFO]   Adding outgoing relational edge from R_11 for r_GEN_7
18:32:02 [INFO]   Generated literal R_11(?X_1) for rule r_GEN_7
18:32:02 [INFO] 23 / 26
18:32:02 [INFO]   Adding outgoing relational edge from R_12 for r_GEN_10
18:32:02 [INFO]   Generated literal ~R_12(?X_1, ?X_4, ?X_3) for rule r_GEN_10
18:32:02 [INFO] 24 / 26
18:32:02 [INFO]   Adding outgoing relational edge from R_13 for r_GEN_16
18:32:02 [INFO]   Generated literal R_13(?X_3, ?X_3) for rule r_GEN_16
18:32:02 [INFO] 25 / 26
18:32:02 [INFO]   Adding outgoing relational edge from R_14 for r_GEN_7
18:32:02 [INFO]   Generated literal ~R_14(?X_1, "<http://www.w3.org/2002/07/owl#Nothing>") for rule r_GEN_7
18:32:02 [INFO] 26 / 26
18:32:02 [INFO]   Adding outgoing relational edge from R_15 for r_GEN_1
18:32:02 [INFO]   Generated literal ~R_15(?X_1, ?X_1, ?X_2, ?X_2, ?X_2, ?X_2) for rule r_GEN_1
18:32:02 [INFO] 
18:32:02 [INFO] Adding gen. size facts
18:32:02 [INFO] 
18:32:02 [INFO] 1 / 16
18:32:02 [INFO]   II Add Fact Node and Edge
18:32:02 [INFO]   Added new fact R_11("<http://www.w3.org/2002/07/owl#Nothing>").
18:32:02 [INFO] 2 / 16
18:32:02 [INFO]   II Add Fact Node and Edge
18:32:02 [INFO]   Added new fact R_15(c_1, c_1, c_2, c_2, c_3, 15180691571406793590).
18:32:02 [INFO] 3 / 16
18:32:02 [INFO]   II Add Fact Node and Edge
18:32:02 [INFO]   Added new fact R_OUT(6262239436571997688, 15180691571406793590).
18:32:02 [INFO] 4 / 16
18:32:02 [INFO]   II Add Fact Node and Edge
18:32:02 [INFO]   Added new fact R_6("str_1").
18:32:02 [INFO] 5 / 16
18:32:02 [INFO]   II Add Fact Node and Edge
18:32:02 [INFO]   Added new fact R_9(15180691571406793590, "str_2", c_4, 15180691571406793590, c_5).
18:32:02 [INFO] 6 / 16
18:32:02 [INFO]   II Add Fact Node and Edge
18:32:02 [INFO]   Added new fact R_5(c_1, c_2, c_6, "str_3").
18:32:02 [INFO] 7 / 16
18:32:02 [INFO]   II Add Fact Node and Edge
18:32:02 [INFO]   Added new fact R_9("str_4", c_7, c_8, "str_5", c_7).
18:32:02 [INFO] 8 / 16
18:32:02 [INFO]   II Add Fact Node and Edge
18:32:02 [INFO]   Added new fact R_11("str_6").
18:32:02 [INFO] 9 / 16
18:32:02 [INFO]   II Add Fact Node and Edge
18:32:02 [INFO]   Added new fact R_10("str_2", "str_7", "str_5", 6262239436571997688, "str_5").
18:32:02 [INFO] 10 / 16
18:32:02 [INFO]   II Add Fact Node and Edge
18:32:02 [INFO]   Added new fact R_6(c_1).
18:32:02 [INFO] 11 / 16
18:32:02 [INFO]   II Add Fact Node and Edge
18:32:02 [INFO]   Added new fact R_OUT(c_6, c_2).
18:32:02 [INFO] 12 / 16
18:32:02 [INFO]   II Add Fact Node and Edge
18:32:02 [INFO]   Added new fact R_15(6262239436571997688, "str_8", 15180691571406793590, "str_7", c_1, c_7).
18:32:02 [INFO] 13 / 16
18:32:02 [INFO]   II Add Fact Node and Edge
18:32:02 [INFO]   Added new fact R_5("str_9", "str_4", c_9, 9334811866438200470).
18:32:02 [INFO] 14 / 16
18:32:02 [INFO]   II Add Fact Node and Edge
18:32:02 [INFO]   Added new fact R_5("str_3", "str_2", "str_10", c_10).
18:32:02 [INFO] 15 / 16
18:32:02 [INFO]   II Add Fact Node and Edge
18:32:02 [INFO]   Added new fact R_5("str_11", "str_4", "str_12", "str_11").
18:32:02 [INFO] 16 / 16
18:32:02 [INFO]   II Add Fact Node and Edge
18:32:02 [INFO]   Added new fact R_5(11403660068209668759, "<http://www.w3.org/2002/07/owl#Nothing>", c_11, c_6).
18:32:02 [INFO] 
18:32:02 [INFO] ----------------------------------------------
18:32:02 [INFO] ----------- Program Generation Done ----------
18:32:02 [INFO] ----------------------------------------------
18:32:02 [INFO] 
18:32:02 [INFO] ----------- Generated ADG Summary: -----------
18:32:02 [INFO] ADG Fact Nodes:                  16
18:32:02 [INFO] ADG Relational Nodes:            27
18:32:02 [INFO] ADG Fact Edges:                  16
18:32:02 [INFO] ADG Relational Edges:            54
18:32:02 [INFO] Number of inv. Strata:           4
18:32:02 [INFO] 
18:32:02 [INFO] Nodes with None Ancestry:        0
18:32:02 [INFO] Nodes with Positive Ancestry:    5
18:32:02 [INFO] Nodes with Negative Ancestry:    8
18:32:02 [INFO] Nodes with Unknown Ancestry:     14
18:32:02 [INFO] 
18:32:02 [INFO] Next rule name would be:         r_EXP_17
18:32:02 [INFO] Next predicate name would be:    R_16
18:32:02 [INFO] Next constant name would be:     c_12
18:32:02 [INFO] Next string would be:            "str_13"
18:32:02 [INFO] 
18:32:02 [INFO] Output predicate:                R_OUT
18:32:02 [INFO] Generated rule count:            16
18:32:02 [INFO] Rule count:                      28
18:32:02 [INFO] Average rel. arity:              2.814814814814815
18:32:02 [INFO] Arity calc. may be inaccurate if arity > f64
18:32:02 [INFO] ----------------------------------------------
18:32:02 [INFO] 
18:32:02 [INFO] ------ Performed Gen. Transformations: -------
18:32:02 [INFO]  #      Type
18:32:02 [INFO]  16      Generate New Rule with Probably Single Lit
18:32:02 [INFO]  26      Generating an Outgoing Relational Edge
18:32:02 [INFO]  15      I     Add Relational Node
18:32:02 [INFO]  16      II    Add Fact Node and Edge
18:32:02 [INFO] ----------------------------------------------
18:32:02 [INFO] 
18:32:02 [INFO] Storing input ADG and input program
18:32:02 [INFO] 
18:32:02 [INFO] ----------------------------------------------
18:32:02 [INFO] --------- Beginning Transformations ----------
18:32:02 [INFO] --------  Oracle: EXP    Number: 14
18:32:02 [INFO] ----------------------------------------------
18:32:02 [INFO] 1 / 14
18:32:02 [INFO]   IV Add Relational Edge - New Literal
18:32:02 [INFO]   Generated literal ~R_8(?Z_2) for rule r_GEN_6
18:32:02 [INFO] 2 / 14
18:32:02 [INFO]   VII Modify Rule - Add Equality
18:32:02 [INFO]   Replaced var ?X_4 with var ?X_5 in the rule r_GEN_11
18:32:02 [INFO] 3 / 14
18:32:02 [INFO]   II Add Fact Node and Edge
18:32:02 [INFO]   Added new fact R_6(c_5).
18:32:02 [INFO] 4 / 14
18:32:02 [INFO]   III Add Relational edges - New Rule
18:32:02 [INFO]   Added new rule of name r_EXP_19
18:32:02 [INFO]   R_OUT(c_1, ?X_2) :- http://rulewerk.semantic-web.org/normalForm/conj(c_1, ?X_2, "str_4"), R_10(c_1, c_1, "str_4", ?X_2, ?X_2), R_2(c_1, "str_4", c_1, ?Y_1, ?X_2, c_1), R_8(c_1), ~http://rulewerk.semantic-web.org/normalForm/conj(?X_2, "str_4", ?X_2), ~http://rulewerk.semantic-web.org/normalForm/subPropChain(?X_2, ?X_2, ?X_2), ~http://rulewerk.semantic-web.org/inferred/subClassOf(c_1, "str_4") .
18:32:02 [INFO] 5 / 14
18:32:02 [INFO]   IV Add Relational Edge - New Literal
18:32:02 [INFO]   Generated literal R_8(?X_2) for rule r_GEN_5
18:32:02 [INFO] 6 / 14
18:32:02 [INFO]   VII Modify Rule - Add Equality
18:32:02 [INFO]   Replaced var ?X_2 with var ?X_4 in the rule r_GEN_16
18:32:02 [INFO] 7 / 14
18:32:02 [INFO]   IV Add Relational Edge - New Literal
18:32:02 [INFO]   Generated literal mainSubClassOf(?X_2, ?Z_1) for rule r_GEN_5
18:32:02 [INFO] 8 / 14
18:32:02 [INFO]   VII Modify Rule - Add Equality
18:32:02 [INFO]   Replaced var ?X_6 with var ?X_4 in the rule r_GEN_16
18:32:02 [INFO] 9 / 14
18:32:02 [INFO]   VII Modify Rule - Add Equality
18:32:02 [INFO]   Replaced var ?X_2 with var ?Z_1 in the rule r_GEN_5
18:32:02 [INFO] 10 / 14
18:32:02 [INFO]   IX Remove Fact Node and Edge
18:32:02 [INFO]   Removed fact R_15(6262239436571997688, "str_8", 15180691571406793590, "str_7", c_1, c_7). from the program
18:32:02 [INFO]   Removed fact R_15(6262239436571997688, "str_8", 15180691571406793590, "str_7", c_1, c_7). from the ADG.
18:32:02 [INFO] 11 / 14
18:32:02 [INFO]   II Add Fact Node and Edge
18:32:02 [INFO]   Added new fact R_OUT(c_12, 8115123755028148039).
18:32:02 [INFO] 12 / 14
18:32:02 [INFO]   XI Add Contradictory Rule
18:32:02 [INFO]   Added new contradictory rule of name r_EXP_20
18:32:02 [INFO]   R_3(?X_1, c_1, ?X_3, ?X_5, ?X_5) :- http://rulewerk.semantic-web.org/normalForm/isMainClass(?X_1), http://rulewerk.semantic-web.org/normalForm/isMainClass(c_1), http://rulewerk.semantic-web.org/normalForm/isMainClass(?X_3), http://rulewerk.semantic-web.org/normalForm/isMainClass(?X_5), http://rulewerk.semantic-web.org/normalForm/isMainClass(?X_5), ~http://rulewerk.semantic-web.org/normalForm/isMainClass(?X_1) .
18:32:02 [INFO] 13 / 14
18:32:02 [INFO]   II Add Fact Node and Edge
18:32:02 [INFO]   Added new fact R_OUT("str_1", 15378534532632396843).
18:32:02 [INFO] 14 / 14
18:32:02 [INFO]   VII Modify Rule - Add Equality
18:32:02 [INFO]   Replaced var ?X_3 with var ?X_4 in the rule r_GEN_16
18:32:02 [INFO] ----------------------------------------------
18:32:02 [INFO] ------------ Transformations Done ------------
18:32:02 [INFO] ----------------------------------------------
18:32:02 [INFO]  Ressources required: 
                data/isMainClass.csv.gz
                data/isSubClass.csv.gz
                data/conj.csv.gz
                data/exists.csv.gz
                data/subClassOf.csv.gz
                data/subPropChain.csv.gz
                data/subProp.csv.gz
                
18:32:02 [INFO] ---------- Transformed ADG Summary: ----------
18:32:02 [INFO] ADG Fact Nodes:                  18
18:32:02 [INFO] ADG Relational Nodes:            27
18:32:02 [INFO] ADG Fact Edges:                  18
18:32:02 [INFO] ADG Relational Edges:            70
18:32:02 [INFO] Number of inv. Strata:           5
18:32:02 [INFO] 
18:32:02 [INFO] Nodes with None Ancestry:        0
18:32:02 [INFO] Nodes with Positive Ancestry:    1
18:32:02 [INFO] Nodes with Negative Ancestry:    2
18:32:02 [INFO] Nodes with Unknown Ancestry:     24
18:32:02 [INFO] 
18:32:02 [INFO] Next rule name would be:         r_EXP_21
18:32:02 [INFO] Next predicate name would be:    R_18
18:32:02 [INFO] Next constant name would be:     c_14
18:32:02 [INFO] Next string would be:            "str_15"
18:32:02 [INFO] 
18:32:02 [INFO] Output predicate:                R_OUT
18:32:02 [INFO] Rule count:                      30
18:32:02 [INFO] Average rel. arity:              2.814814814814815
18:32:02 [INFO] Arity calc. may be inaccurate if arity > f64
18:32:02 [INFO] ----------------------------------------------
18:32:02 [INFO] 
18:32:02 [INFO] --------- Performed Transformations: ---------
18:32:02 [INFO]  #      Type
18:32:02 [INFO]  7      Failed Transformation Attempts
18:32:02 [INFO]  0      I     Add Relational Node
18:32:02 [INFO]  3      II    Add Fact Node and Edge
18:32:02 [INFO]  1      III   Add Relational edges - New Rule
18:32:02 [INFO]  3      IV    Add Relational Edge - New Literal
18:32:02 [INFO]  1      IX    Remove Fact Node and Edge
18:32:02 [INFO]  0      V     Remove Relational Edges - Whole Rule
18:32:02 [INFO]  0      VI    Remove Relational Edge - Single Literal
18:32:02 [INFO]  5      VII   Modify Rule - Add Equality
18:32:02 [INFO]  0      VIII  Modify Rule - Remove Equality
18:32:02 [INFO]  1      XI   Add Contradictory Rule
18:32:02 [INFO]  0      Xa     Remove Relational Node Rule Variant - None anc only
18:32:02 [INFO] ----------------------------------------------
18:32:02 [INFO] 
18:32:02 [INFO] Writing output ADG and file.
18:32:02 [INFO] 
18:32:02 [INFO] ----------------------------------------------
18:32:02 [INFO] -- Beginning Nemo Execution - Input Program --
18:32:02 [INFO] ----------------------------------------------
18:32:02 [INFO] Stratified program: [[0, 1, 2, 3, 4, 5, 6, 7, 8, 9, 10, 11, 12, 13, 15, 17, 18, 20], [14, 16, 19, 21, 22, 25], [24, 26], [23], [27]]
18:32:02 [INFO] Loading source SimpleTable { arity: 2, data: [AnyDataValue(UnsignedLong(UnsignedLongDataValue(6262239436571997688))), AnyDataValue(UnsignedLong(UnsignedLongDataValue(15180691571406793590))), AnyDataValue(Iri(IriDataValue("c_6"))), AnyDataValue(Iri(IriDataValue("c_2")))] }
18:32:02 [INFO] Execution step: Combining Tables
18:32:02 [INFO] Saved permanent table R_OUT (0-1) Permutation { idx_to_val: [], val_to_idx: [] } with 2 entries (6972)
18:32:02 [INFO] <<< STEP 1: APPLYING RULE 0 http://rulewerk.semantic-web.org/inferred/init(?C) :- http://rulewerk.semantic-web.org/normalForm/isMainClass(?C) >>>
18:32:02 [INFO] Loading source DsvReader { read: "<unspecified std::io::Read>", delimiter: 44, escape: None, value formats: DsvValueFormats([Anything]) }
18:32:02 [INFO] Starting data import
18:32:02 [INFO] Finished import: processed 23136 lines (dropped 0)
18:32:02 [INFO] Execution step: Body
18:32:02 [INFO] Saved temporary table: 23136 entries (3462)
18:32:02 [INFO] Execution step: Duplicate Elimination (Datalog)
18:32:02 [INFO] Saved permanent table http://rulewerk.semantic-web.org/inferred/init (1) Permutation { idx_to_val: [], val_to_idx: [] } with 23136 entries (3510)
18:32:02 [INFO] Rule duration: 35 ms
18:32:02 [INFO] <<< STEP 2: APPLYING RULE 0 http://rulewerk.semantic-web.org/inferred/init(?C) :- http://rulewerk.semantic-web.org/normalForm/isMainClass(?C) >>>
18:32:02 [INFO] Execution step: Body
18:32:02 [INFO] Trie does not contain any elements
18:32:02 [INFO] Execution step: Duplicate Elimination (Datalog)
18:32:02 [INFO] Trie does not contain any elements
18:32:02 [INFO] Rule duration: 0 ms
18:32:02 [INFO] <<< STEP 3: APPLYING RULE 3 http://rulewerk.semantic-web.org/inferred/subClassOf(?C, "<http://www.w3.org/2002/07/owl#Thing>") :- http://rulewerk.semantic-web.org/normalForm/isMainClass(?C) >>>
18:32:02 [INFO] Execution step: Body
18:32:02 [INFO] Saved temporary table: 23136 entries (3462)
18:32:02 [INFO] Execution step: Duplicate Elimination (Datalog)
18:32:02 [INFO] Saved permanent table http://rulewerk.semantic-web.org/inferred/subClassOf (3) Permutation { idx_to_val: [], val_to_idx: [] } with 23136 entries (7360)
18:32:02 [INFO] Rule duration: 5 ms
18:32:02 [INFO] <<< STEP 4: APPLYING RULE 3 http://rulewerk.semantic-web.org/inferred/subClassOf(?C, "<http://www.w3.org/2002/07/owl#Thing>") :- http://rulewerk.semantic-web.org/normalForm/isMainClass(?C) >>>
18:32:02 [INFO] Execution step: Body
18:32:02 [INFO] Trie does not contain any elements
18:32:02 [INFO] Execution step: Duplicate Elimination (Datalog)
18:32:02 [INFO] Trie does not contain any elements
18:32:02 [INFO] Rule duration: 0 ms
18:32:02 [INFO] <<< STEP 5: APPLYING RULE 1 http://rulewerk.semantic-web.org/inferred/init(?C) :- http://rulewerk.semantic-web.org/inferred/ex(?E, ?R, ?C) >>>
18:32:02 [INFO] Execution step: Body
18:32:02 [INFO] Trie does not contain any elements
18:32:02 [INFO] Execution step: Duplicate Elimination (Datalog)
18:32:02 [INFO] Trie does not contain any elements
18:32:02 [INFO] Rule duration: 0 ms
18:32:02 [INFO] <<< STEP 6: APPLYING RULE 2 http://rulewerk.semantic-web.org/inferred/subClassOf(?C, ?C) :- http://rulewerk.semantic-web.org/inferred/init(?C) >>>
18:32:02 [INFO] Execution step: Body
18:32:02 [INFO] Saved temporary table: 23136 entries (3462)
18:32:02 [INFO] Execution step: Duplicate Elimination (Datalog)
18:32:02 [INFO] Saved permanent table http://rulewerk.semantic-web.org/inferred/subClassOf (6) Permutation { idx_to_val: [], val_to_idx: [] } with 23136 entries (7360)
18:32:02 [INFO] Rule duration: 7 ms
18:32:02 [INFO] <<< STEP 7: APPLYING RULE 4 http://rulewerk.semantic-web.org/inferred/subClassOf(?C, ?D1), http://rulewerk.semantic-web.org/inferred/subClassOf(?C, ?D2) :- http://rulewerk.semantic-web.org/inferred/subClassOf(?C, ?Y), http://rulewerk.semantic-web.org/normalForm/conj(?Y, ?D1, ?D2) >>>
18:32:02 [INFO] Loading source DsvReader { read: "<unspecified std::io::Read>", delimiter: 44, escape: None, value formats: DsvValueFormats([Anything, Anything, Anything]) }
18:32:02 [INFO] Starting data import
18:32:02 [INFO] Finished import: processed 13693 lines (dropped 0)
18:32:02 [INFO] Execution step: Body
18:32:02 [INFO] Trie does not contain any elements
18:32:02 [INFO] Trie does not contain any elements
18:32:02 [INFO] Execution step: Duplicate Elimination (Datalog)
18:32:02 [INFO] Trie does not contain any elements
18:32:02 [INFO] Rule duration: 54 ms
18:32:02 [INFO] <<< STEP 8: APPLYING RULE 5 http://rulewerk.semantic-web.org/inferred/subClassOf(?C, ?I) :- http://rulewerk.semantic-web.org/inferred/subClassOf(?C, ?D1), http://rulewerk.semantic-web.org/inferred/subClassOf(?C, ?D2), http://rulewerk.semantic-web.org/normalForm/conj(?I, ?D1, ?D2), http://rulewerk.semantic-web.org/normalForm/isSubClass(?I) >>>
18:32:02 [INFO] Loading source DsvReader { read: "<unspecified std::io::Read>", delimiter: 44, escape: None, value formats: DsvValueFormats([Anything]) }
18:32:02 [INFO] Starting data import
18:32:02 [INFO] Finished import: processed 43883 lines (dropped 0)
18:32:02 [INFO] Execution step: Body
18:32:02 [INFO] Trie does not contain any elements
18:32:02 [INFO] Execution step: Duplicate Elimination (Datalog)
18:32:02 [INFO] Trie does not contain any elements
18:32:02 [INFO] Rule duration: 54 ms
18:32:02 [INFO] <<< STEP 9: APPLYING RULE 6 http://rulewerk.semantic-web.org/inferred/ex(?E, ?R, ?C) :- http://rulewerk.semantic-web.org/inferred/subClassOf(?E, ?Y), http://rulewerk.semantic-web.org/normalForm/exists(?Y, ?R, ?C) >>>
18:32:02 [INFO] Loading source DsvReader { read: "<unspecified std::io::Read>", delimiter: 44, escape: None, value formats: DsvValueFormats([Anything, Anything, Anything]) }
18:32:02 [INFO] Starting data import
18:32:02 [INFO] Finished import: processed 14115 lines (dropped 0)
18:32:02 [INFO] Execution step: Body
18:32:02 [INFO] Trie does not contain any elements
18:32:02 [INFO] Execution step: Duplicate Elimination (Datalog)
18:32:02 [INFO] Trie does not contain any elements
18:32:02 [INFO] Rule duration: 43 ms
18:32:02 [INFO] <<< STEP 10: APPLYING RULE 7 http://rulewerk.semantic-web.org/inferred/subClassOf(?E, ?Y) :- http://rulewerk.semantic-web.org/inferred/ex(?E, ?R, ?C), http://rulewerk.semantic-web.org/inferred/subClassOf(?C, ?D), http://rulewerk.semantic-web.org/normalForm/subProp(?R, ?S), http://rulewerk.semantic-web.org/normalForm/exists(?Y, ?S, ?D), http://rulewerk.semantic-web.org/normalForm/isSubClass(?Y) >>>
18:32:02 [INFO] Loading source DsvReader { read: "<unspecified std::io::Read>", delimiter: 44, escape: None, value formats: DsvValueFormats([Anything, Anything]) }
18:32:02 [INFO] Starting data import
18:32:02 [INFO] Finished import: processed 3154 lines (dropped 0)
18:32:02 [INFO] Execution step: Body
18:32:02 [INFO] Trie does not contain any elements
18:32:02 [INFO] Execution step: Duplicate Elimination (Datalog)
18:32:02 [INFO] Trie does not contain any elements
18:32:02 [INFO] Rule duration: 14 ms
18:32:02 [INFO] <<< STEP 11: APPLYING RULE 8 http://rulewerk.semantic-web.org/inferred/ex(?E, ?S, ?D) :- http://rulewerk.semantic-web.org/inferred/ex(?E, ?R1, ?C), http://rulewerk.semantic-web.org/inferred/ex(?C, ?R2, ?D), http://rulewerk.semantic-web.org/normalForm/subProp(?R1, ?S1), http://rulewerk.semantic-web.org/normalForm/subProp(?R2, ?S2), http://rulewerk.semantic-web.org/normalForm/subPropChain(?S1, ?S2, ?S) >>>
18:32:02 [INFO] Loading source DsvReader { read: "<unspecified std::io::Read>", delimiter: 44, escape: None, value formats: DsvValueFormats([Anything, Anything, Anything]) }
18:32:02 [INFO] Starting data import
18:32:02 [INFO] Finished import: processed 0 lines (dropped 0)
18:32:02 [INFO] Execution step: Body
18:32:02 [INFO] Trie does not contain any elements
18:32:02 [INFO] Execution step: Duplicate Elimination (Datalog)
18:32:02 [INFO] Trie does not contain any elements
18:32:02 [INFO] Rule duration: 0 ms
18:32:02 [INFO] <<< STEP 12: APPLYING RULE 9 http://rulewerk.semantic-web.org/inferred/subClassOf(?C, ?E) :- http://rulewerk.semantic-web.org/inferred/subClassOf(?C, ?D), http://rulewerk.semantic-web.org/normalForm/subClassOf(?D, ?E) >>>
18:32:02 [INFO] Loading source DsvReader { read: "<unspecified std::io::Read>", delimiter: 44, escape: None, value formats: DsvValueFormats([Anything, Anything]) }
18:32:02 [INFO] Starting data import
18:32:02 [INFO] Finished import: processed 45499 lines (dropped 0)
18:32:02 [INFO] Execution step: Body
18:32:02 [INFO] Saved temporary table: 35531 entries (334448)
18:32:02 [INFO] Execution step: Duplicate Elimination (Datalog)
18:32:02 [INFO] Saved permanent table http://rulewerk.semantic-web.org/inferred/subClassOf (12) Permutation { idx_to_val: [], val_to_idx: [] } with 35531 entries (334496)
18:32:02 [INFO] Rule duration: 121 ms
18:32:02 [INFO] <<< STEP 13: APPLYING RULE 9 http://rulewerk.semantic-web.org/inferred/subClassOf(?C, ?E) :- http://rulewerk.semantic-web.org/inferred/subClassOf(?C, ?D), http://rulewerk.semantic-web.org/normalForm/subClassOf(?D, ?E) >>>
18:32:02 [INFO] Execution step: Body
18:32:02 [INFO] Saved temporary table: 29052 entries (308526)
18:32:02 [INFO] Execution step: Duplicate Elimination (Datalog)
18:32:02 [INFO] Saved permanent table http://rulewerk.semantic-web.org/inferred/subClassOf (13) Permutation { idx_to_val: [], val_to_idx: [] } with 19069 entries (247902)
18:32:02 [INFO] Rule duration: 51 ms
18:32:02 [INFO] <<< STEP 14: APPLYING RULE 9 http://rulewerk.semantic-web.org/inferred/subClassOf(?C, ?E) :- http://rulewerk.semantic-web.org/inferred/subClassOf(?C, ?D), http://rulewerk.semantic-web.org/normalForm/subClassOf(?D, ?E) >>>
18:32:02 [INFO] Execution step: Body
18:32:02 [INFO] Saved temporary table: 21017 entries (255394)
18:32:02 [INFO] Execution step: Duplicate Elimination (Datalog)
18:32:02 [INFO] Saved permanent table http://rulewerk.semantic-web.org/inferred/subClassOf (14) Permutation { idx_to_val: [], val_to_idx: [] } with 19134 entries (231314)
18:32:02 [INFO] Rule duration: 32 ms
18:32:02 [INFO] <<< STEP 15: APPLYING RULE 9 http://rulewerk.semantic-web.org/inferred/subClassOf(?C, ?E) :- http://rulewerk.semantic-web.org/inferred/subClassOf(?C, ?D), http://rulewerk.semantic-web.org/normalForm/subClassOf(?D, ?E) >>>
18:32:02 [INFO] Execution step: Body
18:32:02 [INFO] Saved temporary table: 20666 entries (232234)
18:32:02 [INFO] Execution step: Duplicate Elimination (Datalog)
18:32:02 [INFO] Saved permanent table http://rulewerk.semantic-web.org/inferred/subClassOf (15) Permutation { idx_to_val: [], val_to_idx: [] } with 18219 entries (198746)
18:32:02 [INFO] Rule duration: 28 ms
18:32:02 [INFO] <<< STEP 16: APPLYING RULE 9 http://rulewerk.semantic-web.org/inferred/subClassOf(?C, ?E) :- http://rulewerk.semantic-web.org/inferred/subClassOf(?C, ?D), http://rulewerk.semantic-web.org/normalForm/subClassOf(?D, ?E) >>>
18:32:02 [INFO] Execution step: Body
18:32:02 [INFO] Saved temporary table: 16776 entries (192362)
18:32:02 [INFO] Execution step: Duplicate Elimination (Datalog)
18:32:02 [INFO] Saved permanent table http://rulewerk.semantic-web.org/inferred/subClassOf (16) Permutation { idx_to_val: [], val_to_idx: [] } with 15549 entries (180338)
18:32:02 [INFO] Rule duration: 16 ms
18:32:02 [INFO] <<< STEP 17: APPLYING RULE 9 http://rulewerk.semantic-web.org/inferred/subClassOf(?C, ?E) :- http://rulewerk.semantic-web.org/inferred/subClassOf(?C, ?D), http://rulewerk.semantic-web.org/normalForm/subClassOf(?D, ?E) >>>
18:32:02 [INFO] Execution step: Body
18:32:02 [INFO] Saved temporary table: 13777 entries (170322)
18:32:02 [INFO] Execution step: Duplicate Elimination (Datalog)
18:32:02 [INFO] Saved permanent table http://rulewerk.semantic-web.org/inferred/subClassOf (17) Permutation { idx_to_val: [], val_to_idx: [] } with 13188 entries (167678)
18:32:02 [INFO] Rule duration: 20 ms
18:32:02 [INFO] Execution step: Combining Tables
18:32:02 [INFO] Saved permanent table http://rulewerk.semantic-web.org/inferred/subClassOf (0-19) Permutation { idx_to_val: [], val_to_idx: [] } with 166962 entries (860176)
18:32:02 [INFO] <<< STEP 18: APPLYING RULE 9 http://rulewerk.semantic-web.org/inferred/subClassOf(?C, ?E) :- http://rulewerk.semantic-web.org/inferred/subClassOf(?C, ?D), http://rulewerk.semantic-web.org/normalForm/subClassOf(?D, ?E) >>>
18:32:02 [INFO] Execution step: Body
18:32:02 [INFO] Saved temporary table: 12121 entries (156534)
18:32:02 [INFO] Execution step: Duplicate Elimination (Datalog)
18:32:02 [INFO] Saved permanent table http://rulewerk.semantic-web.org/inferred/subClassOf (18) Permutation { idx_to_val: [], val_to_idx: [] } with 11570 entries (154270)
18:32:02 [INFO] Rule duration: 8 ms
18:32:02 [INFO] <<< STEP 19: APPLYING RULE 9 http://rulewerk.semantic-web.org/inferred/subClassOf(?C, ?E) :- http://rulewerk.semantic-web.org/inferred/subClassOf(?C, ?D), http://rulewerk.semantic-web.org/normalForm/subClassOf(?D, ?E) >>>
18:32:03 [INFO] Execution step: Body
18:32:03 [INFO] Saved temporary table: 10098 entries (137510)
18:32:03 [INFO] Execution step: Duplicate Elimination (Datalog)
18:32:03 [INFO] Saved permanent table http://rulewerk.semantic-web.org/inferred/subClassOf (19) Permutation { idx_to_val: [], val_to_idx: [] } with 9551 entries (135286)
18:32:03 [INFO] Rule duration: 76 ms
18:32:03 [INFO] <<< STEP 20: APPLYING RULE 9 http://rulewerk.semantic-web.org/inferred/subClassOf(?C, ?E) :- http://rulewerk.semantic-web.org/inferred/subClassOf(?C, ?D), http://rulewerk.semantic-web.org/normalForm/subClassOf(?D, ?E) >>>
18:32:03 [INFO] Execution step: Body
18:32:03 [INFO] Saved temporary table: 9708 entries (123110)
18:32:03 [INFO] Execution step: Duplicate Elimination (Datalog)
18:32:03 [INFO] Saved permanent table http://rulewerk.semantic-web.org/inferred/subClassOf (20) Permutation { idx_to_val: [], val_to_idx: [] } with 9383 entries (121858)
18:32:03 [INFO] Rule duration: 13 ms
18:32:03 [INFO] <<< STEP 21: APPLYING RULE 9 http://rulewerk.semantic-web.org/inferred/subClassOf(?C, ?E) :- http://rulewerk.semantic-web.org/inferred/subClassOf(?C, ?D), http://rulewerk.semantic-web.org/normalForm/subClassOf(?D, ?E) >>>
18:32:03 [INFO] Execution step: Body
18:32:03 [INFO] Saved temporary table: 7095 entries (100658)
18:32:03 [INFO] Execution step: Duplicate Elimination (Datalog)
18:32:03 [INFO] Saved permanent table http://rulewerk.semantic-web.org/inferred/subClassOf (21) Permutation { idx_to_val: [], val_to_idx: [] } with 6941 entries (100090)
18:32:03 [INFO] Rule duration: 12 ms
18:32:03 [INFO] <<< STEP 22: APPLYING RULE 9 http://rulewerk.semantic-web.org/inferred/subClassOf(?C, ?E) :- http://rulewerk.semantic-web.org/inferred/subClassOf(?C, ?D), http://rulewerk.semantic-web.org/normalForm/subClassOf(?D, ?E) >>>
18:32:03 [INFO] Execution step: Body
18:32:03 [INFO] Saved temporary table: 5795 entries (81730)
18:32:03 [INFO] Execution step: Duplicate Elimination (Datalog)
18:32:03 [INFO] Saved permanent table http://rulewerk.semantic-web.org/inferred/subClassOf (22) Permutation { idx_to_val: [], val_to_idx: [] } with 5703 entries (81410)
18:32:03 [INFO] Rule duration: 9 ms
18:32:03 [INFO] <<< STEP 23: APPLYING RULE 9 http://rulewerk.semantic-web.org/inferred/subClassOf(?C, ?E) :- http://rulewerk.semantic-web.org/inferred/subClassOf(?C, ?D), http://rulewerk.semantic-web.org/normalForm/subClassOf(?D, ?E) >>>
18:32:03 [INFO] Execution step: Body
18:32:03 [INFO] Saved temporary table: 4332 entries (65618)
18:32:03 [INFO] Execution step: Duplicate Elimination (Datalog)
18:32:03 [INFO] Saved permanent table http://rulewerk.semantic-web.org/inferred/subClassOf (23) Permutation { idx_to_val: [], val_to_idx: [] } with 4320 entries (65618)
18:32:03 [INFO] Rule duration: 8 ms
18:32:03 [INFO] <<< STEP 24: APPLYING RULE 9 http://rulewerk.semantic-web.org/inferred/subClassOf(?C, ?E) :- http://rulewerk.semantic-web.org/inferred/subClassOf(?C, ?D), http://rulewerk.semantic-web.org/normalForm/subClassOf(?D, ?E) >>>
18:32:03 [INFO] Execution step: Body
18:32:03 [INFO] Saved temporary table: 2755 entries (43458)
18:32:03 [INFO] Execution step: Duplicate Elimination (Datalog)
18:32:03 [INFO] Saved permanent table http://rulewerk.semantic-web.org/inferred/subClassOf (24) Permutation { idx_to_val: [], val_to_idx: [] } with 2751 entries (43490)
18:32:03 [INFO] Rule duration: 4 ms
18:32:03 [INFO] <<< STEP 25: APPLYING RULE 9 http://rulewerk.semantic-web.org/inferred/subClassOf(?C, ?E) :- http://rulewerk.semantic-web.org/inferred/subClassOf(?C, ?D), http://rulewerk.semantic-web.org/normalForm/subClassOf(?D, ?E) >>>
18:32:03 [INFO] Execution step: Body
18:32:03 [INFO] Saved temporary table: 1875 entries (33170)
18:32:03 [INFO] Execution step: Duplicate Elimination (Datalog)
18:32:03 [INFO] Saved permanent table http://rulewerk.semantic-web.org/inferred/subClassOf (25) Permutation { idx_to_val: [], val_to_idx: [] } with 1875 entries (33218)
18:32:03 [INFO] Rule duration: 2 ms
18:32:03 [INFO] Execution step: Combining Tables
18:32:03 [INFO] Saved permanent table http://rulewerk.semantic-web.org/inferred/subClassOf (19-27) Permutation { idx_to_val: [], val_to_idx: [] } with 40524 entries (259178)
18:32:03 [INFO] <<< STEP 26: APPLYING RULE 9 http://rulewerk.semantic-web.org/inferred/subClassOf(?C, ?E) :- http://rulewerk.semantic-web.org/inferred/subClassOf(?C, ?D), http://rulewerk.semantic-web.org/normalForm/subClassOf(?D, ?E) >>>
18:32:03 [INFO] Execution step: Body
18:32:03 [INFO] Saved temporary table: 1252 entries (23946)
18:32:03 [INFO] Execution step: Duplicate Elimination (Datalog)
18:32:03 [INFO] Saved permanent table http://rulewerk.semantic-web.org/inferred/subClassOf (26) Permutation { idx_to_val: [], val_to_idx: [] } with 1251 entries (23978)
18:32:03 [INFO] Rule duration: 1 ms
18:32:03 [INFO] <<< STEP 27: APPLYING RULE 9 http://rulewerk.semantic-web.org/inferred/subClassOf(?C, ?E) :- http://rulewerk.semantic-web.org/inferred/subClassOf(?C, ?D), http://rulewerk.semantic-web.org/normalForm/subClassOf(?D, ?E) >>>
18:32:03 [INFO] Execution step: Body
18:32:03 [INFO] Saved temporary table: 877 entries (18426)
18:32:03 [INFO] Execution step: Duplicate Elimination (Datalog)
18:32:03 [INFO] Saved permanent table http://rulewerk.semantic-web.org/inferred/subClassOf (27) Permutation { idx_to_val: [], val_to_idx: [] } with 877 entries (18474)
18:32:03 [INFO] Rule duration: 1 ms
18:32:03 [INFO] <<< STEP 28: APPLYING RULE 9 http://rulewerk.semantic-web.org/inferred/subClassOf(?C, ?E) :- http://rulewerk.semantic-web.org/inferred/subClassOf(?C, ?D), http://rulewerk.semantic-web.org/normalForm/subClassOf(?D, ?E) >>>
18:32:03 [INFO] Execution step: Body
18:32:03 [INFO] Saved temporary table: 457 entries (14130)
18:32:03 [INFO] Execution step: Duplicate Elimination (Datalog)
18:32:03 [INFO] Saved permanent table http://rulewerk.semantic-web.org/inferred/subClassOf (28) Permutation { idx_to_val: [], val_to_idx: [] } with 457 entries (14178)
18:32:03 [INFO] Rule duration: 0 ms
18:32:03 [INFO] <<< STEP 29: APPLYING RULE 9 http://rulewerk.semantic-web.org/inferred/subClassOf(?C, ?E) :- http://rulewerk.semantic-web.org/inferred/subClassOf(?C, ?D), http://rulewerk.semantic-web.org/normalForm/subClassOf(?D, ?E) >>>
18:32:03 [INFO] Execution step: Body
18:32:03 [INFO] Saved temporary table: 312 entries (11690)
18:32:03 [INFO] Execution step: Duplicate Elimination (Datalog)
18:32:03 [INFO] Saved permanent table http://rulewerk.semantic-web.org/inferred/subClassOf (29) Permutation { idx_to_val: [], val_to_idx: [] } with 312 entries (11738)
18:32:03 [INFO] Rule duration: 0 ms
18:32:03 [INFO] <<< STEP 30: APPLYING RULE 9 http://rulewerk.semantic-web.org/inferred/subClassOf(?C, ?E) :- http://rulewerk.semantic-web.org/inferred/subClassOf(?C, ?D), http://rulewerk.semantic-web.org/normalForm/subClassOf(?D, ?E) >>>
18:32:03 [INFO] Execution step: Body
18:32:03 [INFO] Saved temporary table: 171 entries (9698)
18:32:03 [INFO] Execution step: Duplicate Elimination (Datalog)
18:32:03 [INFO] Saved permanent table http://rulewerk.semantic-web.org/inferred/subClassOf (30) Permutation { idx_to_val: [], val_to_idx: [] } with 171 entries (9746)
18:32:03 [INFO] Rule duration: 0 ms
18:32:03 [INFO] <<< STEP 31: APPLYING RULE 9 http://rulewerk.semantic-web.org/inferred/subClassOf(?C, ?E) :- http://rulewerk.semantic-web.org/inferred/subClassOf(?C, ?D), http://rulewerk.semantic-web.org/normalForm/subClassOf(?D, ?E) >>>
18:32:03 [INFO] Execution step: Body
18:32:03 [INFO] Saved temporary table: 47 entries (9432)
18:32:03 [INFO] Execution step: Duplicate Elimination (Datalog)
18:32:03 [INFO] Saved permanent table http://rulewerk.semantic-web.org/inferred/subClassOf (31) Permutation { idx_to_val: [], val_to_idx: [] } with 47 entries (9480)
18:32:03 [INFO] Rule duration: 0 ms
18:32:03 [INFO] <<< STEP 32: APPLYING RULE 9 http://rulewerk.semantic-web.org/inferred/subClassOf(?C, ?E) :- http://rulewerk.semantic-web.org/inferred/subClassOf(?C, ?D), http://rulewerk.semantic-web.org/normalForm/subClassOf(?D, ?E) >>>
18:32:03 [INFO] Execution step: Body
18:32:03 [INFO] Saved temporary table: 31 entries (8536)
18:32:03 [INFO] Execution step: Duplicate Elimination (Datalog)
18:32:03 [INFO] Saved permanent table http://rulewerk.semantic-web.org/inferred/subClassOf (32) Permutation { idx_to_val: [], val_to_idx: [] } with 31 entries (8584)
18:32:03 [INFO] Rule duration: 0 ms
18:32:03 [INFO] <<< STEP 33: APPLYING RULE 9 http://rulewerk.semantic-web.org/inferred/subClassOf(?C, ?E) :- http://rulewerk.semantic-web.org/inferred/subClassOf(?C, ?D), http://rulewerk.semantic-web.org/normalForm/subClassOf(?D, ?E) >>>
18:32:03 [INFO] Execution step: Body
18:32:03 [INFO] Saved temporary table: 11 entries (7416)
18:32:03 [INFO] Execution step: Duplicate Elimination (Datalog)
18:32:03 [INFO] Saved permanent table http://rulewerk.semantic-web.org/inferred/subClassOf (33) Permutation { idx_to_val: [], val_to_idx: [] } with 11 entries (7464)
18:32:03 [INFO] Rule duration: 0 ms
18:32:03 [INFO] Execution step: Combining Tables
18:32:03 [INFO] Saved permanent table http://rulewerk.semantic-web.org/inferred/subClassOf (27-35) Permutation { idx_to_val: [], val_to_idx: [] } with 1906 entries (22590)
18:32:03 [INFO] <<< STEP 34: APPLYING RULE 9 http://rulewerk.semantic-web.org/inferred/subClassOf(?C, ?E) :- http://rulewerk.semantic-web.org/inferred/subClassOf(?C, ?D), http://rulewerk.semantic-web.org/normalForm/subClassOf(?D, ?E) >>>
18:32:03 [INFO] Execution step: Body
18:32:03 [INFO] Saved temporary table: 2 entries (6912)
18:32:03 [INFO] Execution step: Duplicate Elimination (Datalog)
18:32:03 [INFO] Saved permanent table http://rulewerk.semantic-web.org/inferred/subClassOf (34) Permutation { idx_to_val: [], val_to_idx: [] } with 2 entries (6960)
18:32:03 [INFO] Rule duration: 0 ms
18:32:03 [INFO] <<< STEP 35: APPLYING RULE 9 http://rulewerk.semantic-web.org/inferred/subClassOf(?C, ?E) :- http://rulewerk.semantic-web.org/inferred/subClassOf(?C, ?D), http://rulewerk.semantic-web.org/normalForm/subClassOf(?D, ?E) >>>
18:32:03 [INFO] Execution step: Body
18:32:03 [INFO] Trie does not contain any elements
18:32:03 [INFO] Execution step: Duplicate Elimination (Datalog)
18:32:03 [INFO] Trie does not contain any elements
18:32:03 [INFO] Rule duration: 0 ms
18:32:03 [INFO] <<< STEP 36: APPLYING RULE 10 http://rulewerk.semantic-web.org/inferred/subClassOf(?E, "<http://www.w3.org/2002/07/owl#Nothing>") :- http://rulewerk.semantic-web.org/inferred/ex(?E, ?R, ?C), http://rulewerk.semantic-web.org/inferred/subClassOf(?C, ?_BODY_1), Equal(?_BODY_1, "<http://www.w3.org/2002/07/owl#Nothing>") >>>
18:32:03 [INFO] Execution step: Body
18:32:03 [INFO] Trie does not contain any elements
18:32:03 [INFO] Execution step: Duplicate Elimination (Datalog)
18:32:03 [INFO] Trie does not contain any elements
18:32:03 [INFO] Rule duration: 0 ms
18:32:03 [INFO] <<< STEP 37: APPLYING RULE 1 http://rulewerk.semantic-web.org/inferred/init(?C) :- http://rulewerk.semantic-web.org/inferred/ex(?E, ?R, ?C) >>>
18:32:03 [INFO] Execution step: Body
18:32:03 [INFO] Trie does not contain any elements
18:32:03 [INFO] Execution step: Duplicate Elimination (Datalog)
18:32:03 [INFO] Trie does not contain any elements
18:32:03 [INFO] Rule duration: 0 ms
18:32:03 [INFO] <<< STEP 38: APPLYING RULE 2 http://rulewerk.semantic-web.org/inferred/subClassOf(?C, ?C) :- http://rulewerk.semantic-web.org/inferred/init(?C) >>>
18:32:03 [INFO] Execution step: Body
18:32:03 [INFO] Trie does not contain any elements
18:32:03 [INFO] Execution step: Duplicate Elimination (Datalog)
18:32:03 [INFO] Trie does not contain any elements
18:32:03 [INFO] Rule duration: 0 ms
18:32:03 [INFO] <<< STEP 39: APPLYING RULE 4 http://rulewerk.semantic-web.org/inferred/subClassOf(?C, ?D1), http://rulewerk.semantic-web.org/inferred/subClassOf(?C, ?D2) :- http://rulewerk.semantic-web.org/inferred/subClassOf(?C, ?Y), http://rulewerk.semantic-web.org/normalForm/conj(?Y, ?D1, ?D2) >>>
18:32:03 [INFO] Execution step: Body
18:32:03 [INFO] Saved temporary table: 13819 entries (117740)
18:32:03 [INFO] Saved temporary table: 13819 entries (117740)
18:32:03 [INFO] Execution step: Duplicate Elimination (Datalog)
18:32:03 [INFO] Saved permanent table http://rulewerk.semantic-web.org/inferred/subClassOf (39) Permutation { idx_to_val: [], val_to_idx: [] } with 27638 entries (173064)
18:32:03 [INFO] Rule duration: 24 ms
18:32:03 [INFO] <<< STEP 40: APPLYING RULE 4 http://rulewerk.semantic-web.org/inferred/subClassOf(?C, ?D1), http://rulewerk.semantic-web.org/inferred/subClassOf(?C, ?D2) :- http://rulewerk.semantic-web.org/inferred/subClassOf(?C, ?Y), http://rulewerk.semantic-web.org/normalForm/conj(?Y, ?D1, ?D2) >>>
18:32:03 [INFO] Execution step: Body
18:32:03 [INFO] Saved temporary table: 1521 entries (19370)
18:32:03 [INFO] Saved temporary table: 1521 entries (19370)
18:32:03 [INFO] Execution step: Duplicate Elimination (Datalog)
18:32:03 [INFO] Saved permanent table http://rulewerk.semantic-web.org/inferred/subClassOf (40) Permutation { idx_to_val: [], val_to_idx: [] } with 3042 entries (25502)
18:32:03 [INFO] Rule duration: 16 ms
18:32:03 [INFO] <<< STEP 41: APPLYING RULE 4 http://rulewerk.semantic-web.org/inferred/subClassOf(?C, ?D1), http://rulewerk.semantic-web.org/inferred/subClassOf(?C, ?D2) :- http://rulewerk.semantic-web.org/inferred/subClassOf(?C, ?Y), http://rulewerk.semantic-web.org/normalForm/conj(?Y, ?D1, ?D2) >>>
18:32:03 [INFO] Execution step: Body
18:32:03 [INFO] Saved temporary table: 339 entries (9900)
18:32:03 [INFO] Saved temporary table: 339 entries (9900)
18:32:03 [INFO] Execution step: Duplicate Elimination (Datalog)
18:32:03 [INFO] Saved permanent table http://rulewerk.semantic-web.org/inferred/subClassOf (41) Permutation { idx_to_val: [], val_to_idx: [] } with 678 entries (11304)
18:32:03 [INFO] Rule duration: 3 ms
18:32:03 [INFO] <<< STEP 42: APPLYING RULE 4 http://rulewerk.semantic-web.org/inferred/subClassOf(?C, ?D1), http://rulewerk.semantic-web.org/inferred/subClassOf(?C, ?D2) :- http://rulewerk.semantic-web.org/inferred/subClassOf(?C, ?Y), http://rulewerk.semantic-web.org/normalForm/conj(?Y, ?D1, ?D2) >>>
18:32:03 [INFO] Execution step: Body
18:32:03 [INFO] Saved temporary table: 27 entries (8312)
18:32:03 [INFO] Saved temporary table: 27 entries (8312)
18:32:03 [INFO] Execution step: Duplicate Elimination (Datalog)
18:32:03 [INFO] Saved permanent table http://rulewerk.semantic-web.org/inferred/subClassOf (42) Permutation { idx_to_val: [], val_to_idx: [] } with 54 entries (8468)
18:32:03 [INFO] Rule duration: 0 ms
18:32:03 [INFO] <<< STEP 43: APPLYING RULE 4 http://rulewerk.semantic-web.org/inferred/subClassOf(?C, ?D1), http://rulewerk.semantic-web.org/inferred/subClassOf(?C, ?D2) :- http://rulewerk.semantic-web.org/inferred/subClassOf(?C, ?Y), http://rulewerk.semantic-web.org/normalForm/conj(?Y, ?D1, ?D2) >>>
18:32:03 [INFO] Execution step: Body
18:32:03 [INFO] Saved temporary table: 3 entries (6968)
18:32:03 [INFO] Saved temporary table: 3 entries (6968)
18:32:03 [INFO] Execution step: Duplicate Elimination (Datalog)
18:32:03 [INFO] Saved permanent table http://rulewerk.semantic-web.org/inferred/subClassOf (43) Permutation { idx_to_val: [], val_to_idx: [] } with 6 entries (7028)
18:32:03 [INFO] Rule duration: 0 ms
18:32:03 [INFO] <<< STEP 44: APPLYING RULE 4 http://rulewerk.semantic-web.org/inferred/subClassOf(?C, ?D1), http://rulewerk.semantic-web.org/inferred/subClassOf(?C, ?D2) :- http://rulewerk.semantic-web.org/inferred/subClassOf(?C, ?Y), http://rulewerk.semantic-web.org/normalForm/conj(?Y, ?D1, ?D2) >>>
18:32:03 [INFO] Execution step: Body
18:32:03 [INFO] Trie does not contain any elements
18:32:03 [INFO] Trie does not contain any elements
18:32:03 [INFO] Execution step: Duplicate Elimination (Datalog)
18:32:03 [INFO] Trie does not contain any elements
18:32:03 [INFO] Rule duration: 0 ms
18:32:03 [INFO] <<< STEP 45: APPLYING RULE 5 http://rulewerk.semantic-web.org/inferred/subClassOf(?C, ?I) :- http://rulewerk.semantic-web.org/inferred/subClassOf(?C, ?D1), http://rulewerk.semantic-web.org/inferred/subClassOf(?C, ?D2), http://rulewerk.semantic-web.org/normalForm/conj(?I, ?D1, ?D2), http://rulewerk.semantic-web.org/normalForm/isSubClass(?I) >>>
18:32:03 [INFO] Execution step: Body
18:32:03 [INFO] Saved temporary table: 38256 entries (397910)
18:32:03 [INFO] Execution step: Duplicate Elimination (Datalog)
18:32:03 [INFO] Saved permanent table http://rulewerk.semantic-web.org/inferred/subClassOf (45) Permutation { idx_to_val: [], val_to_idx: [] } with 22547 entries (197230)
18:32:03 [INFO] Rule duration: 183 ms
18:32:03 [INFO] <<< STEP 46: APPLYING RULE 5 http://rulewerk.semantic-web.org/inferred/subClassOf(?C, ?I) :- http://rulewerk.semantic-web.org/inferred/subClassOf(?C, ?D1), http://rulewerk.semantic-web.org/inferred/subClassOf(?C, ?D2), http://rulewerk.semantic-web.org/normalForm/conj(?I, ?D1, ?D2), http://rulewerk.semantic-web.org/normalForm/isSubClass(?I) >>>
18:32:03 [INFO] Execution step: Body
18:32:03 [INFO] Saved temporary table: 597 entries (12076)
18:32:03 [INFO] Execution step: Duplicate Elimination (Datalog)
18:32:03 [INFO] Saved permanent table http://rulewerk.semantic-web.org/inferred/subClassOf (46) Permutation { idx_to_val: [], val_to_idx: [] } with 597 entries (12124)
18:32:03 [INFO] Rule duration: 21 ms
18:32:03 [INFO] Execution step: Combining Tables
18:32:03 [INFO] Saved permanent table http://rulewerk.semantic-web.org/inferred/subClassOf (35-48) Permutation { idx_to_val: [], val_to_idx: [] } with 54562 entries (463182)
18:32:03 [INFO] <<< STEP 47: APPLYING RULE 5 http://rulewerk.semantic-web.org/inferred/subClassOf(?C, ?I) :- http://rulewerk.semantic-web.org/inferred/subClassOf(?C, ?D1), http://rulewerk.semantic-web.org/inferred/subClassOf(?C, ?D2), http://rulewerk.semantic-web.org/normalForm/conj(?I, ?D1, ?D2), http://rulewerk.semantic-web.org/normalForm/isSubClass(?I) >>>
18:32:03 [INFO] Execution step: Body
18:32:03 [INFO] Saved temporary table: 13 entries (7528)
18:32:03 [INFO] Execution step: Duplicate Elimination (Datalog)
18:32:03 [INFO] Saved permanent table http://rulewerk.semantic-web.org/inferred/subClassOf (47) Permutation { idx_to_val: [], val_to_idx: [] } with 13 entries (7576)
18:32:03 [INFO] Rule duration: 2 ms
18:32:03 [INFO] <<< STEP 48: APPLYING RULE 5 http://rulewerk.semantic-web.org/inferred/subClassOf(?C, ?I) :- http://rulewerk.semantic-web.org/inferred/subClassOf(?C, ?D1), http://rulewerk.semantic-web.org/inferred/subClassOf(?C, ?D2), http://rulewerk.semantic-web.org/normalForm/conj(?I, ?D1, ?D2), http://rulewerk.semantic-web.org/normalForm/isSubClass(?I) >>>
18:32:03 [INFO] Execution step: Body
18:32:03 [INFO] Trie does not contain any elements
18:32:03 [INFO] Execution step: Duplicate Elimination (Datalog)
18:32:03 [INFO] Trie does not contain any elements
18:32:03 [INFO] Rule duration: 0 ms
18:32:03 [INFO] <<< STEP 49: APPLYING RULE 6 http://rulewerk.semantic-web.org/inferred/ex(?E, ?R, ?C) :- http://rulewerk.semantic-web.org/inferred/subClassOf(?E, ?Y), http://rulewerk.semantic-web.org/normalForm/exists(?Y, ?R, ?C) >>>
18:32:03 [INFO] Execution step: Body
18:32:03 [INFO] Saved temporary table: 56942 entries (1066076)
18:32:03 [INFO] Execution step: Duplicate Elimination (Datalog)
18:32:03 [INFO] Saved permanent table http://rulewerk.semantic-web.org/inferred/ex (49) Permutation { idx_to_val: [], val_to_idx: [] } with 56942 entries (1066124)
18:32:03 [INFO] Rule duration: 79 ms
18:32:03 [INFO] <<< STEP 50: APPLYING RULE 7 http://rulewerk.semantic-web.org/inferred/subClassOf(?E, ?Y) :- http://rulewerk.semantic-web.org/inferred/ex(?E, ?R, ?C), http://rulewerk.semantic-web.org/inferred/subClassOf(?C, ?D), http://rulewerk.semantic-web.org/normalForm/subProp(?R, ?S), http://rulewerk.semantic-web.org/normalForm/exists(?Y, ?S, ?D), http://rulewerk.semantic-web.org/normalForm/isSubClass(?Y) >>>
18:32:03 [INFO] Execution step: Body
18:32:03 [INFO] Saved temporary table: 80403 entries (542294)
18:32:03 [INFO] Execution step: Duplicate Elimination (Datalog)
18:32:03 [INFO] Saved permanent table http://rulewerk.semantic-web.org/inferred/subClassOf (50) Permutation { idx_to_val: [], val_to_idx: [] } with 50490 entries (355430)
18:32:03 [INFO] Rule duration: 361 ms
18:32:03 [INFO] <<< STEP 51: APPLYING RULE 7 http://rulewerk.semantic-web.org/inferred/subClassOf(?E, ?Y) :- http://rulewerk.semantic-web.org/inferred/ex(?E, ?R, ?C), http://rulewerk.semantic-web.org/inferred/subClassOf(?C, ?D), http://rulewerk.semantic-web.org/normalForm/subProp(?R, ?S), http://rulewerk.semantic-web.org/normalForm/exists(?Y, ?S, ?D), http://rulewerk.semantic-web.org/normalForm/isSubClass(?Y) >>>
18:32:03 [INFO] Execution step: Body
18:32:03 [INFO] Trie does not contain any elements
18:32:03 [INFO] Execution step: Duplicate Elimination (Datalog)
18:32:03 [INFO] Trie does not contain any elements
18:32:03 [INFO] Rule duration: 7 ms
18:32:03 [INFO] <<< STEP 52: APPLYING RULE 8 http://rulewerk.semantic-web.org/inferred/ex(?E, ?S, ?D) :- http://rulewerk.semantic-web.org/inferred/ex(?E, ?R1, ?C), http://rulewerk.semantic-web.org/inferred/ex(?C, ?R2, ?D), http://rulewerk.semantic-web.org/normalForm/subProp(?R1, ?S1), http://rulewerk.semantic-web.org/normalForm/subProp(?R2, ?S2), http://rulewerk.semantic-web.org/normalForm/subPropChain(?S1, ?S2, ?S) >>>
18:32:03 [INFO] Execution step: Body
18:32:03 [INFO] Trie does not contain any elements
18:32:03 [INFO] Execution step: Duplicate Elimination (Datalog)
18:32:03 [INFO] Trie does not contain any elements
18:32:03 [INFO] Rule duration: 30 ms
18:32:03 [INFO] <<< STEP 53: APPLYING RULE 9 http://rulewerk.semantic-web.org/inferred/subClassOf(?C, ?E) :- http://rulewerk.semantic-web.org/inferred/subClassOf(?C, ?D), http://rulewerk.semantic-web.org/normalForm/subClassOf(?D, ?E) >>>
18:32:03 [INFO] Execution step: Body
18:32:03 [INFO] Saved temporary table: 42314 entries (413986)
18:32:03 [INFO] Execution step: Duplicate Elimination (Datalog)
18:32:03 [INFO] Saved permanent table http://rulewerk.semantic-web.org/inferred/subClassOf (53) Permutation { idx_to_val: [], val_to_idx: [] } with 42263 entries (413830)
18:32:03 [INFO] Rule duration: 87 ms
18:32:03 [INFO] <<< STEP 54: APPLYING RULE 9 http://rulewerk.semantic-web.org/inferred/subClassOf(?C, ?E) :- http://rulewerk.semantic-web.org/inferred/subClassOf(?C, ?D), http://rulewerk.semantic-web.org/normalForm/subClassOf(?D, ?E) >>>
18:32:03 [INFO] Execution step: Body
18:32:03 [INFO] Saved temporary table: 46744 entries (431706)
18:32:03 [INFO] Execution step: Duplicate Elimination (Datalog)
18:32:03 [INFO] Saved permanent table http://rulewerk.semantic-web.org/inferred/subClassOf (54) Permutation { idx_to_val: [], val_to_idx: [] } with 20299 entries (227286)
18:32:03 [INFO] Rule duration: 57 ms
18:32:03 [INFO] <<< STEP 55: APPLYING RULE 9 http://rulewerk.semantic-web.org/inferred/subClassOf(?C, ?E) :- http://rulewerk.semantic-web.org/inferred/subClassOf(?C, ?D), http://rulewerk.semantic-web.org/normalForm/subClassOf(?D, ?E) >>>
18:32:03 [INFO] Execution step: Body
18:32:03 [INFO] Saved temporary table: 12074 entries (165946)
18:32:03 [INFO] Execution step: Duplicate Elimination (Datalog)
18:32:03 [INFO] Saved permanent table http://rulewerk.semantic-web.org/inferred/subClassOf (55) Permutation { idx_to_val: [], val_to_idx: [] } with 11687 entries (161506)
18:32:03 [INFO] Rule duration: 24 ms
18:32:03 [INFO] <<< STEP 56: APPLYING RULE 9 http://rulewerk.semantic-web.org/inferred/subClassOf(?C, ?E) :- http://rulewerk.semantic-web.org/inferred/subClassOf(?C, ?D), http://rulewerk.semantic-web.org/normalForm/subClassOf(?D, ?E) >>>
18:32:03 [INFO] Execution step: Body
18:32:03 [INFO] Saved temporary table: 14149 entries (168102)
18:32:03 [INFO] Execution step: Duplicate Elimination (Datalog)
18:32:04 [INFO] Saved permanent table http://rulewerk.semantic-web.org/inferred/subClassOf (56) Permutation { idx_to_val: [], val_to_idx: [] } with 14012 entries (167386)
18:32:04 [INFO] Rule duration: 22 ms
18:32:04 [INFO] <<< STEP 57: APPLYING RULE 9 http://rulewerk.semantic-web.org/inferred/subClassOf(?C, ?E) :- http://rulewerk.semantic-web.org/inferred/subClassOf(?C, ?D), http://rulewerk.semantic-web.org/normalForm/subClassOf(?D, ?E) >>>
18:32:04 [INFO] Execution step: Body
18:32:04 [INFO] Saved temporary table: 10900 entries (152838)
18:32:04 [INFO] Execution step: Duplicate Elimination (Datalog)
18:32:04 [INFO] Saved permanent table http://rulewerk.semantic-web.org/inferred/subClassOf (57) Permutation { idx_to_val: [], val_to_idx: [] } with 10605 entries (151682)
18:32:04 [INFO] Rule duration: 26 ms
18:32:04 [INFO] <<< STEP 58: APPLYING RULE 9 http://rulewerk.semantic-web.org/inferred/subClassOf(?C, ?E) :- http://rulewerk.semantic-web.org/inferred/subClassOf(?C, ?D), http://rulewerk.semantic-web.org/normalForm/subClassOf(?D, ?E) >>>
18:32:04 [INFO] Execution step: Body
18:32:04 [INFO] Saved temporary table: 6992 entries (106006)
18:32:04 [INFO] Execution step: Duplicate Elimination (Datalog)
18:32:04 [INFO] Saved permanent table http://rulewerk.semantic-web.org/inferred/subClassOf (58) Permutation { idx_to_val: [], val_to_idx: [] } with 6791 entries (105250)
18:32:04 [INFO] Rule duration: 15 ms
18:32:04 [INFO] Execution step: Combining Tables
18:32:04 [INFO] Saved permanent table http://rulewerk.semantic-web.org/inferred/subClassOf (48-60) Permutation { idx_to_val: [], val_to_idx: [] } with 156147 entries (870866)
18:32:04 [INFO] <<< STEP 59: APPLYING RULE 9 http://rulewerk.semantic-web.org/inferred/subClassOf(?C, ?E) :- http://rulewerk.semantic-web.org/inferred/subClassOf(?C, ?D), http://rulewerk.semantic-web.org/normalForm/subClassOf(?D, ?E) >>>
18:32:04 [INFO] Execution step: Body
18:32:04 [INFO] Saved temporary table: 6614 entries (98230)
18:32:04 [INFO] Execution step: Duplicate Elimination (Datalog)
18:32:04 [INFO] Saved permanent table http://rulewerk.semantic-web.org/inferred/subClassOf (59) Permutation { idx_to_val: [], val_to_idx: [] } with 6439 entries (97578)
18:32:04 [INFO] Rule duration: 17 ms
18:32:04 [INFO] <<< STEP 60: APPLYING RULE 9 http://rulewerk.semantic-web.org/inferred/subClassOf(?C, ?E) :- http://rulewerk.semantic-web.org/inferred/subClassOf(?C, ?D), http://rulewerk.semantic-web.org/normalForm/subClassOf(?D, ?E) >>>
18:32:04 [INFO] Execution step: Body
18:32:04 [INFO] Saved temporary table: 3654 entries (61250)
18:32:04 [INFO] Execution step: Duplicate Elimination (Datalog)
18:32:04 [INFO] Saved permanent table http://rulewerk.semantic-web.org/inferred/subClassOf (60) Permutation { idx_to_val: [], val_to_idx: [] } with 3636 entries (61226)
18:32:04 [INFO] Rule duration: 13 ms
18:32:04 [INFO] <<< STEP 61: APPLYING RULE 9 http://rulewerk.semantic-web.org/inferred/subClassOf(?C, ?E) :- http://rulewerk.semantic-web.org/inferred/subClassOf(?C, ?D), http://rulewerk.semantic-web.org/normalForm/subClassOf(?D, ?E) >>>
18:32:04 [INFO] Execution step: Body
18:32:04 [INFO] Saved temporary table: 3460 entries (50538)
18:32:04 [INFO] Execution step: Duplicate Elimination (Datalog)
18:32:04 [INFO] Saved permanent table http://rulewerk.semantic-web.org/inferred/subClassOf (61) Permutation { idx_to_val: [], val_to_idx: [] } with 3460 entries (50586)
18:32:04 [INFO] Rule duration: 7 ms
18:32:04 [INFO] <<< STEP 62: APPLYING RULE 9 http://rulewerk.semantic-web.org/inferred/subClassOf(?C, ?E) :- http://rulewerk.semantic-web.org/inferred/subClassOf(?C, ?D), http://rulewerk.semantic-web.org/normalForm/subClassOf(?D, ?E) >>>
18:32:04 [INFO] Execution step: Body
18:32:04 [INFO] Saved temporary table: 2411 entries (42082)
18:32:04 [INFO] Execution step: Duplicate Elimination (Datalog)
18:32:04 [INFO] Saved permanent table http://rulewerk.semantic-web.org/inferred/subClassOf (62) Permutation { idx_to_val: [], val_to_idx: [] } with 2411 entries (42130)
18:32:04 [INFO] Rule duration: 7 ms
18:32:04 [INFO] <<< STEP 63: APPLYING RULE 9 http://rulewerk.semantic-web.org/inferred/subClassOf(?C, ?E) :- http://rulewerk.semantic-web.org/inferred/subClassOf(?C, ?D), http://rulewerk.semantic-web.org/normalForm/subClassOf(?D, ?E) >>>
18:32:04 [INFO] Execution step: Body
18:32:04 [INFO] Saved temporary table: 1437 entries (28058)
18:32:04 [INFO] Execution step: Duplicate Elimination (Datalog)
18:32:04 [INFO] Saved permanent table http://rulewerk.semantic-web.org/inferred/subClassOf (63) Permutation { idx_to_val: [], val_to_idx: [] } with 1437 entries (28106)
18:32:04 [INFO] Rule duration: 5 ms
18:32:04 [INFO] <<< STEP 64: APPLYING RULE 9 http://rulewerk.semantic-web.org/inferred/subClassOf(?C, ?E) :- http://rulewerk.semantic-web.org/inferred/subClassOf(?C, ?D), http://rulewerk.semantic-web.org/normalForm/subClassOf(?D, ?E) >>>
18:32:04 [INFO] Execution step: Body
18:32:04 [INFO] Saved temporary table: 1137 entries (23306)
18:32:04 [INFO] Execution step: Duplicate Elimination (Datalog)
18:32:04 [INFO] Saved permanent table http://rulewerk.semantic-web.org/inferred/subClassOf (64) Permutation { idx_to_val: [], val_to_idx: [] } with 1137 entries (23354)
18:32:04 [INFO] Rule duration: 3 ms
18:32:04 [INFO] <<< STEP 65: APPLYING RULE 9 http://rulewerk.semantic-web.org/inferred/subClassOf(?C, ?E) :- http://rulewerk.semantic-web.org/inferred/subClassOf(?C, ?D), http://rulewerk.semantic-web.org/normalForm/subClassOf(?D, ?E) >>>
18:32:04 [INFO] Execution step: Body
18:32:04 [INFO] Saved temporary table: 436 entries (10676)
18:32:04 [INFO] Execution step: Duplicate Elimination (Datalog)
18:32:04 [INFO] Saved permanent table http://rulewerk.semantic-web.org/inferred/subClassOf (65) Permutation { idx_to_val: [], val_to_idx: [] } with 436 entries (10724)
18:32:04 [INFO] Rule duration: 1 ms
18:32:04 [INFO] <<< STEP 66: APPLYING RULE 9 http://rulewerk.semantic-web.org/inferred/subClassOf(?C, ?E) :- http://rulewerk.semantic-web.org/inferred/subClassOf(?C, ?D), http://rulewerk.semantic-web.org/normalForm/subClassOf(?D, ?E) >>>
18:32:04 [INFO] Execution step: Body
18:32:04 [INFO] Saved temporary table: 243 entries (9132)
18:32:04 [INFO] Execution step: Duplicate Elimination (Datalog)
18:32:04 [INFO] Saved permanent table http://rulewerk.semantic-web.org/inferred/subClassOf (66) Permutation { idx_to_val: [], val_to_idx: [] } with 243 entries (9180)
18:32:04 [INFO] Rule duration: 0 ms
18:32:04 [INFO] Execution step: Combining Tables
18:32:04 [INFO] Saved permanent table http://rulewerk.semantic-web.org/inferred/subClassOf (60-68) Permutation { idx_to_val: [], val_to_idx: [] } with 12760 entries (97722)
18:32:04 [INFO] <<< STEP 67: APPLYING RULE 9 http://rulewerk.semantic-web.org/inferred/subClassOf(?C, ?E) :- http://rulewerk.semantic-web.org/inferred/subClassOf(?C, ?D), http://rulewerk.semantic-web.org/normalForm/subClassOf(?D, ?E) >>>
18:32:04 [INFO] Execution step: Body
18:32:04 [INFO] Saved temporary table: 273 entries (9986)
18:32:04 [INFO] Execution step: Duplicate Elimination (Datalog)
18:32:04 [INFO] Saved permanent table http://rulewerk.semantic-web.org/inferred/subClassOf (67) Permutation { idx_to_val: [], val_to_idx: [] } with 273 entries (10034)
18:32:04 [INFO] Rule duration: 1 ms
18:32:04 [INFO] <<< STEP 68: APPLYING RULE 9 http://rulewerk.semantic-web.org/inferred/subClassOf(?C, ?E) :- http://rulewerk.semantic-web.org/inferred/subClassOf(?C, ?D), http://rulewerk.semantic-web.org/normalForm/subClassOf(?D, ?E) >>>
18:32:04 [INFO] Execution step: Body
18:32:04 [INFO] Saved temporary table: 63 entries (7502)
18:32:04 [INFO] Execution step: Duplicate Elimination (Datalog)
18:32:04 [INFO] Saved permanent table http://rulewerk.semantic-web.org/inferred/subClassOf (68) Permutation { idx_to_val: [], val_to_idx: [] } with 63 entries (7550)
18:32:04 [INFO] Rule duration: 0 ms
18:32:04 [INFO] <<< STEP 69: APPLYING RULE 9 http://rulewerk.semantic-web.org/inferred/subClassOf(?C, ?E) :- http://rulewerk.semantic-web.org/inferred/subClassOf(?C, ?D), http://rulewerk.semantic-web.org/normalForm/subClassOf(?D, ?E) >>>
18:32:04 [INFO] Execution step: Body
18:32:04 [INFO] Saved temporary table: 63 entries (7502)
18:32:04 [INFO] Execution step: Duplicate Elimination (Datalog)
18:32:04 [INFO] Saved permanent table http://rulewerk.semantic-web.org/inferred/subClassOf (69) Permutation { idx_to_val: [], val_to_idx: [] } with 63 entries (7550)
18:32:04 [INFO] Rule duration: 0 ms
18:32:04 [INFO] <<< STEP 70: APPLYING RULE 9 http://rulewerk.semantic-web.org/inferred/subClassOf(?C, ?E) :- http://rulewerk.semantic-web.org/inferred/subClassOf(?C, ?D), http://rulewerk.semantic-web.org/normalForm/subClassOf(?D, ?E) >>>
18:32:04 [INFO] Execution step: Body
18:32:04 [INFO] Saved temporary table: 189 entries (8196)
18:32:04 [INFO] Execution step: Duplicate Elimination (Datalog)
18:32:04 [INFO] Saved permanent table http://rulewerk.semantic-web.org/inferred/subClassOf (70) Permutation { idx_to_val: [], val_to_idx: [] } with 189 entries (8244)
18:32:04 [INFO] Rule duration: 0 ms
18:32:04 [INFO] <<< STEP 71: APPLYING RULE 9 http://rulewerk.semantic-web.org/inferred/subClassOf(?C, ?E) :- http://rulewerk.semantic-web.org/inferred/subClassOf(?C, ?D), http://rulewerk.semantic-web.org/normalForm/subClassOf(?D, ?E) >>>
18:32:04 [INFO] Execution step: Body
18:32:04 [INFO] Saved temporary table: 63 entries (7502)
18:32:04 [INFO] Execution step: Duplicate Elimination (Datalog)
18:32:04 [INFO] Saved permanent table http://rulewerk.semantic-web.org/inferred/subClassOf (71) Permutation { idx_to_val: [], val_to_idx: [] } with 63 entries (7550)
18:32:04 [INFO] Rule duration: 0 ms
18:32:04 [INFO] <<< STEP 72: APPLYING RULE 9 http://rulewerk.semantic-web.org/inferred/subClassOf(?C, ?E) :- http://rulewerk.semantic-web.org/inferred/subClassOf(?C, ?D), http://rulewerk.semantic-web.org/normalForm/subClassOf(?D, ?E) >>>
18:32:04 [INFO] Execution step: Body
18:32:04 [INFO] Saved temporary table: 63 entries (7502)
18:32:04 [INFO] Execution step: Duplicate Elimination (Datalog)
18:32:04 [INFO] Saved permanent table http://rulewerk.semantic-web.org/inferred/subClassOf (72) Permutation { idx_to_val: [], val_to_idx: [] } with 63 entries (7550)
18:32:04 [INFO] Rule duration: 0 ms
18:32:04 [INFO] <<< STEP 73: APPLYING RULE 9 http://rulewerk.semantic-web.org/inferred/subClassOf(?C, ?E) :- http://rulewerk.semantic-web.org/inferred/subClassOf(?C, ?D), http://rulewerk.semantic-web.org/normalForm/subClassOf(?D, ?E) >>>
18:32:04 [INFO] Execution step: Body
18:32:04 [INFO] Saved temporary table: 63 entries (7502)
18:32:04 [INFO] Execution step: Duplicate Elimination (Datalog)
18:32:04 [INFO] Saved permanent table http://rulewerk.semantic-web.org/inferred/subClassOf (73) Permutation { idx_to_val: [], val_to_idx: [] } with 63 entries (7550)
18:32:04 [INFO] Rule duration: 0 ms
18:32:04 [INFO] <<< STEP 74: APPLYING RULE 9 http://rulewerk.semantic-web.org/inferred/subClassOf(?C, ?E) :- http://rulewerk.semantic-web.org/inferred/subClassOf(?C, ?D), http://rulewerk.semantic-web.org/normalForm/subClassOf(?D, ?E) >>>
18:32:04 [INFO] Execution step: Body
18:32:04 [INFO] Trie does not contain any elements
18:32:04 [INFO] Execution step: Duplicate Elimination (Datalog)
18:32:04 [INFO] Trie does not contain any elements
18:32:04 [INFO] Rule duration: 0 ms
18:32:04 [INFO] <<< STEP 75: APPLYING RULE 10 http://rulewerk.semantic-web.org/inferred/subClassOf(?E, "<http://www.w3.org/2002/07/owl#Nothing>") :- http://rulewerk.semantic-web.org/inferred/ex(?E, ?R, ?C), http://rulewerk.semantic-web.org/inferred/subClassOf(?C, ?_BODY_1), Equal(?_BODY_1, "<http://www.w3.org/2002/07/owl#Nothing>") >>>
18:32:04 [INFO] Execution step: Body
18:32:04 [INFO] Trie does not contain any elements
18:32:04 [INFO] Execution step: Duplicate Elimination (Datalog)
18:32:04 [INFO] Trie does not contain any elements
18:32:04 [INFO] Rule duration: 12 ms
18:32:04 [INFO] <<< STEP 76: APPLYING RULE 1 http://rulewerk.semantic-web.org/inferred/init(?C) :- http://rulewerk.semantic-web.org/inferred/ex(?E, ?R, ?C) >>>
18:32:04 [INFO] Execution step: Body
18:32:04 [INFO] Saved temporary table: 8012 entries (35448)
18:32:04 [INFO] Execution step: Duplicate Elimination (Datalog)
18:32:04 [INFO] Saved permanent table http://rulewerk.semantic-web.org/inferred/init (76) Permutation { idx_to_val: [], val_to_idx: [] } with 2396 entries (13032)
18:32:04 [INFO] Rule duration: 1 ms
18:32:04 [INFO] <<< STEP 77: APPLYING RULE 2 http://rulewerk.semantic-web.org/inferred/subClassOf(?C, ?C) :- http://rulewerk.semantic-web.org/inferred/init(?C) >>>
18:32:04 [INFO] Execution step: Body
18:32:04 [INFO] Saved temporary table: 2396 entries (12984)
18:32:04 [INFO] Execution step: Duplicate Elimination (Datalog)
18:32:04 [INFO] Saved permanent table http://rulewerk.semantic-web.org/inferred/subClassOf (77) Permutation { idx_to_val: [], val_to_idx: [] } with 2396 entries (26404)
18:32:04 [INFO] Rule duration: 1 ms
18:32:04 [INFO] Execution step: Combining Tables
18:32:04 [INFO] Saved permanent table http://rulewerk.semantic-web.org/inferred/subClassOf (68-79) Permutation { idx_to_val: [], val_to_idx: [] } with 2900 entries (28690)
18:32:04 [INFO] <<< STEP 78: APPLYING RULE 4 http://rulewerk.semantic-web.org/inferred/subClassOf(?C, ?D1), http://rulewerk.semantic-web.org/inferred/subClassOf(?C, ?D2) :- http://rulewerk.semantic-web.org/inferred/subClassOf(?C, ?Y), http://rulewerk.semantic-web.org/normalForm/conj(?Y, ?D1, ?D2) >>>
18:32:04 [INFO] Execution step: Body
18:32:04 [INFO] Saved temporary table: 22756 entries (279546)
18:32:04 [INFO] Saved temporary table: 27543 entries (298694)
18:32:04 [INFO] Execution step: Duplicate Elimination (Datalog)
18:32:04 [INFO] Saved permanent table http://rulewerk.semantic-web.org/inferred/subClassOf (78) Permutation { idx_to_val: [], val_to_idx: [] } with 13982 entries (148654)
18:32:04 [INFO] Rule duration: 87 ms
18:32:04 [INFO] <<< STEP 79: APPLYING RULE 4 http://rulewerk.semantic-web.org/inferred/subClassOf(?C, ?D1), http://rulewerk.semantic-web.org/inferred/subClassOf(?C, ?D2) :- http://rulewerk.semantic-web.org/inferred/subClassOf(?C, ?Y), http://rulewerk.semantic-web.org/normalForm/conj(?Y, ?D1, ?D2) >>>
18:32:04 [INFO] Execution step: Body
18:32:04 [INFO] Saved temporary table: 703 entries (12812)
18:32:04 [INFO] Saved temporary table: 703 entries (12812)
18:32:04 [INFO] Execution step: Duplicate Elimination (Datalog)
18:32:04 [INFO] Saved permanent table http://rulewerk.semantic-web.org/inferred/subClassOf (79) Permutation { idx_to_val: [], val_to_idx: [] } with 1352 entries (21022)
18:32:04 [INFO] Rule duration: 6 ms
18:32:04 [INFO] <<< STEP 80: APPLYING RULE 4 http://rulewerk.semantic-web.org/inferred/subClassOf(?C, ?D1), http://rulewerk.semantic-web.org/inferred/subClassOf(?C, ?D2) :- http://rulewerk.semantic-web.org/inferred/subClassOf(?C, ?Y), http://rulewerk.semantic-web.org/normalForm/conj(?Y, ?D1, ?D2) >>>
18:32:04 [INFO] Execution step: Body
18:32:04 [INFO] Saved temporary table: 108 entries (8052)
18:32:04 [INFO] Saved temporary table: 108 entries (8052)
18:32:04 [INFO] Execution step: Duplicate Elimination (Datalog)
18:32:04 [INFO] Saved permanent table http://rulewerk.semantic-web.org/inferred/subClassOf (80) Permutation { idx_to_val: [], val_to_idx: [] } with 206 entries (9298)
18:32:04 [INFO] Rule duration: 1 ms
18:32:04 [INFO] <<< STEP 81: APPLYING RULE 4 http://rulewerk.semantic-web.org/inferred/subClassOf(?C, ?D1), http://rulewerk.semantic-web.org/inferred/subClassOf(?C, ?D2) :- http://rulewerk.semantic-web.org/inferred/subClassOf(?C, ?Y), http://rulewerk.semantic-web.org/normalForm/conj(?Y, ?D1, ?D2) >>>
18:32:04 [INFO] Execution step: Body
18:32:04 [INFO] Saved temporary table: 14 entries (7584)
18:32:04 [INFO] Saved temporary table: 14 entries (7584)
18:32:04 [INFO] Execution step: Duplicate Elimination (Datalog)
18:32:04 [INFO] Saved permanent table http://rulewerk.semantic-web.org/inferred/subClassOf (81) Permutation { idx_to_val: [], val_to_idx: [] } with 27 entries (7684)
18:32:04 [INFO] Rule duration: 0 ms
18:32:04 [INFO] <<< STEP 82: APPLYING RULE 4 http://rulewerk.semantic-web.org/inferred/subClassOf(?C, ?D1), http://rulewerk.semantic-web.org/inferred/subClassOf(?C, ?D2) :- http://rulewerk.semantic-web.org/inferred/subClassOf(?C, ?Y), http://rulewerk.semantic-web.org/normalForm/conj(?Y, ?D1, ?D2) >>>
18:32:04 [INFO] Execution step: Body
18:32:04 [INFO] Trie does not contain any elements
18:32:04 [INFO] Trie does not contain any elements
18:32:04 [INFO] Execution step: Duplicate Elimination (Datalog)
18:32:04 [INFO] Trie does not contain any elements
18:32:04 [INFO] Rule duration: 0 ms
18:32:04 [INFO] <<< STEP 83: APPLYING RULE 5 http://rulewerk.semantic-web.org/inferred/subClassOf(?C, ?I) :- http://rulewerk.semantic-web.org/inferred/subClassOf(?C, ?D1), http://rulewerk.semantic-web.org/inferred/subClassOf(?C, ?D2), http://rulewerk.semantic-web.org/normalForm/conj(?I, ?D1, ?D2), http://rulewerk.semantic-web.org/normalForm/isSubClass(?I) >>>
18:32:04 [INFO] Execution step: Body
18:32:04 [INFO] Saved temporary table: 57922 entries (467850)
18:32:04 [INFO] Execution step: Duplicate Elimination (Datalog)
18:32:04 [INFO] Saved permanent table http://rulewerk.semantic-web.org/inferred/subClassOf (83) Permutation { idx_to_val: [], val_to_idx: [] } with 50411 entries (382558)
18:32:04 [INFO] Rule duration: 298 ms
18:32:04 [INFO] <<< STEP 84: APPLYING RULE 5 http://rulewerk.semantic-web.org/inferred/subClassOf(?C, ?I) :- http://rulewerk.semantic-web.org/inferred/subClassOf(?C, ?D1), http://rulewerk.semantic-web.org/inferred/subClassOf(?C, ?D2), http://rulewerk.semantic-web.org/normalForm/conj(?I, ?D1, ?D2), http://rulewerk.semantic-web.org/normalForm/isSubClass(?I) >>>
18:32:04 [INFO] Execution step: Body
18:32:04 [INFO] Saved temporary table: 2094 entries (38306)
18:32:04 [INFO] Execution step: Duplicate Elimination (Datalog)
18:32:04 [INFO] Saved permanent table http://rulewerk.semantic-web.org/inferred/subClassOf (84) Permutation { idx_to_val: [], val_to_idx: [] } with 2094 entries (38354)
18:32:04 [INFO] Rule duration: 123 ms
18:32:04 [INFO] <<< STEP 85: APPLYING RULE 5 http://rulewerk.semantic-web.org/inferred/subClassOf(?C, ?I) :- http://rulewerk.semantic-web.org/inferred/subClassOf(?C, ?D1), http://rulewerk.semantic-web.org/inferred/subClassOf(?C, ?D2), http://rulewerk.semantic-web.org/normalForm/conj(?I, ?D1, ?D2), http://rulewerk.semantic-web.org/normalForm/isSubClass(?I) >>>
18:32:04 [INFO] Execution step: Body
18:32:04 [INFO] Saved temporary table: 26 entries (8204)
18:32:04 [INFO] Execution step: Duplicate Elimination (Datalog)
18:32:04 [INFO] Saved permanent table http://rulewerk.semantic-web.org/inferred/subClassOf (85) Permutation { idx_to_val: [], val_to_idx: [] } with 26 entries (8252)
18:32:04 [INFO] Rule duration: 18 ms
18:32:04 [INFO] <<< STEP 86: APPLYING RULE 5 http://rulewerk.semantic-web.org/inferred/subClassOf(?C, ?I) :- http://rulewerk.semantic-web.org/inferred/subClassOf(?C, ?D1), http://rulewerk.semantic-web.org/inferred/subClassOf(?C, ?D2), http://rulewerk.semantic-web.org/normalForm/conj(?I, ?D1, ?D2), http://rulewerk.semantic-web.org/normalForm/isSubClass(?I) >>>
18:32:04 [INFO] Execution step: Body
18:32:04 [INFO] Trie does not contain any elements
18:32:04 [INFO] Execution step: Duplicate Elimination (Datalog)
18:32:04 [INFO] Trie does not contain any elements
18:32:04 [INFO] Rule duration: 0 ms
18:32:04 [INFO] <<< STEP 87: APPLYING RULE 6 http://rulewerk.semantic-web.org/inferred/ex(?E, ?R, ?C) :- http://rulewerk.semantic-web.org/inferred/subClassOf(?E, ?Y), http://rulewerk.semantic-web.org/normalForm/exists(?Y, ?R, ?C) >>>
18:32:04 [INFO] Execution step: Body
18:32:04 [INFO] Saved temporary table: 81489 entries (1256340)
18:32:04 [INFO] Execution step: Duplicate Elimination (Datalog)
18:32:04 [INFO] Saved permanent table http://rulewerk.semantic-web.org/inferred/ex (87) Permutation { idx_to_val: [], val_to_idx: [] } with 81489 entries (1256388)
18:32:04 [INFO] Rule duration: 181 ms
18:32:04 [INFO] <<< STEP 88: APPLYING RULE 7 http://rulewerk.semantic-web.org/inferred/subClassOf(?E, ?Y) :- http://rulewerk.semantic-web.org/inferred/ex(?E, ?R, ?C), http://rulewerk.semantic-web.org/inferred/subClassOf(?C, ?D), http://rulewerk.semantic-web.org/normalForm/subProp(?R, ?S), http://rulewerk.semantic-web.org/normalForm/exists(?Y, ?S, ?D), http://rulewerk.semantic-web.org/normalForm/isSubClass(?Y) >>>
18:32:04 [INFO] Execution step: Body
18:32:05 [INFO] Saved temporary table: 133147 entries (770034)
18:32:05 [INFO] Execution step: Duplicate Elimination (Datalog)
18:32:05 [INFO] Saved permanent table http://rulewerk.semantic-web.org/inferred/subClassOf (88) Permutation { idx_to_val: [], val_to_idx: [] } with 54923 entries (393346)
18:32:05 [INFO] Rule duration: 919 ms
18:32:05 [INFO] Execution step: Combining Tables
18:32:05 [INFO] Saved permanent table http://rulewerk.semantic-web.org/inferred/subClassOf (79-90) Permutation { idx_to_val: [], val_to_idx: [] } with 109039 entries (675498)
18:32:05 [INFO] <<< STEP 89: APPLYING RULE 7 http://rulewerk.semantic-web.org/inferred/subClassOf(?E, ?Y) :- http://rulewerk.semantic-web.org/inferred/ex(?E, ?R, ?C), http://rulewerk.semantic-web.org/inferred/subClassOf(?C, ?D), http://rulewerk.semantic-web.org/normalForm/subProp(?R, ?S), http://rulewerk.semantic-web.org/normalForm/exists(?Y, ?S, ?D), http://rulewerk.semantic-web.org/normalForm/isSubClass(?Y) >>>
18:32:05 [INFO] Execution step: Body
18:32:05 [INFO] Trie does not contain any elements
18:32:05 [INFO] Execution step: Duplicate Elimination (Datalog)
18:32:05 [INFO] Trie does not contain any elements
18:32:05 [INFO] Rule duration: 12 ms
18:32:05 [INFO] <<< STEP 90: APPLYING RULE 8 http://rulewerk.semantic-web.org/inferred/ex(?E, ?S, ?D) :- http://rulewerk.semantic-web.org/inferred/ex(?E, ?R1, ?C), http://rulewerk.semantic-web.org/inferred/ex(?C, ?R2, ?D), http://rulewerk.semantic-web.org/normalForm/subProp(?R1, ?S1), http://rulewerk.semantic-web.org/normalForm/subProp(?R2, ?S2), http://rulewerk.semantic-web.org/normalForm/subPropChain(?S1, ?S2, ?S) >>>
18:32:05 [INFO] Execution step: Body
18:32:05 [INFO] Trie does not contain any elements
18:32:05 [INFO] Execution step: Duplicate Elimination (Datalog)
18:32:05 [INFO] Trie does not contain any elements
18:32:05 [INFO] Rule duration: 43 ms
18:32:05 [INFO] <<< STEP 91: APPLYING RULE 9 http://rulewerk.semantic-web.org/inferred/subClassOf(?C, ?E) :- http://rulewerk.semantic-web.org/inferred/subClassOf(?C, ?D), http://rulewerk.semantic-web.org/normalForm/subClassOf(?D, ?E) >>>
18:32:05 [INFO] Execution step: Body
18:32:05 [INFO] Saved temporary table: 55642 entries (456990)
18:32:05 [INFO] Execution step: Duplicate Elimination (Datalog)
18:32:05 [INFO] Saved permanent table http://rulewerk.semantic-web.org/inferred/subClassOf (91) Permutation { idx_to_val: [], val_to_idx: [] } with 55619 entries (456946)
18:32:05 [INFO] Rule duration: 84 ms
18:32:05 [INFO] <<< STEP 92: APPLYING RULE 9 http://rulewerk.semantic-web.org/inferred/subClassOf(?C, ?E) :- http://rulewerk.semantic-web.org/inferred/subClassOf(?C, ?D), http://rulewerk.semantic-web.org/normalForm/subClassOf(?D, ?E) >>>
18:32:05 [INFO] Execution step: Body
18:32:05 [INFO] Saved temporary table: 60292 entries (475590)
18:32:05 [INFO] Execution step: Duplicate Elimination (Datalog)
18:32:06 [INFO] Saved permanent table http://rulewerk.semantic-web.org/inferred/subClassOf (92) Permutation { idx_to_val: [], val_to_idx: [] } with 10740 entries (140126)
18:32:06 [INFO] Rule duration: 74 ms
18:32:06 [INFO] <<< STEP 93: APPLYING RULE 9 http://rulewerk.semantic-web.org/inferred/subClassOf(?C, ?E) :- http://rulewerk.semantic-web.org/inferred/subClassOf(?C, ?D), http://rulewerk.semantic-web.org/normalForm/subClassOf(?D, ?E) >>>
18:32:06 [INFO] Execution step: Body
18:32:06 [INFO] Saved temporary table: 6177 entries (82850)
18:32:06 [INFO] Execution step: Duplicate Elimination (Datalog)
18:32:06 [INFO] Saved permanent table http://rulewerk.semantic-web.org/inferred/subClassOf (93) Permutation { idx_to_val: [], val_to_idx: [] } with 5620 entries (79494)
18:32:06 [INFO] Rule duration: 14 ms
18:32:06 [INFO] <<< STEP 94: APPLYING RULE 9 http://rulewerk.semantic-web.org/inferred/subClassOf(?C, ?E) :- http://rulewerk.semantic-web.org/inferred/subClassOf(?C, ?D), http://rulewerk.semantic-web.org/normalForm/subClassOf(?D, ?E) >>>
18:32:06 [INFO] Execution step: Body
18:32:06 [INFO] Saved temporary table: 6714 entries (81290)
18:32:06 [INFO] Execution step: Duplicate Elimination (Datalog)
18:32:06 [INFO] Saved permanent table http://rulewerk.semantic-web.org/inferred/subClassOf (94) Permutation { idx_to_val: [], val_to_idx: [] } with 6647 entries (81058)
18:32:06 [INFO] Rule duration: 16 ms
18:32:06 [INFO] <<< STEP 95: APPLYING RULE 9 http://rulewerk.semantic-web.org/inferred/subClassOf(?C, ?E) :- http://rulewerk.semantic-web.org/inferred/subClassOf(?C, ?D), http://rulewerk.semantic-web.org/normalForm/subClassOf(?D, ?E) >>>
18:32:06 [INFO] Execution step: Body
18:32:06 [INFO] Saved temporary table: 5579 entries (76102)
18:32:06 [INFO] Execution step: Duplicate Elimination (Datalog)
18:32:06 [INFO] Saved permanent table http://rulewerk.semantic-web.org/inferred/subClassOf (95) Permutation { idx_to_val: [], val_to_idx: [] } with 5294 entries (75010)
18:32:06 [INFO] Rule duration: 17 ms
18:32:06 [INFO] <<< STEP 96: APPLYING RULE 9 http://rulewerk.semantic-web.org/inferred/subClassOf(?C, ?E) :- http://rulewerk.semantic-web.org/inferred/subClassOf(?C, ?D), http://rulewerk.semantic-web.org/normalForm/subClassOf(?D, ?E) >>>
18:32:06 [INFO] Execution step: Body
18:32:06 [INFO] Saved temporary table: 4220 entries (65386)
18:32:06 [INFO] Execution step: Duplicate Elimination (Datalog)
18:32:06 [INFO] Saved permanent table http://rulewerk.semantic-web.org/inferred/subClassOf (96) Permutation { idx_to_val: [], val_to_idx: [] } with 3912 entries (64202)
18:32:06 [INFO] Rule duration: 14 ms
18:32:06 [INFO] <<< STEP 97: APPLYING RULE 9 http://rulewerk.semantic-web.org/inferred/subClassOf(?C, ?E) :- http://rulewerk.semantic-web.org/inferred/subClassOf(?C, ?D), http://rulewerk.semantic-web.org/normalForm/subClassOf(?D, ?E) >>>
18:32:06 [INFO] Execution step: Body
18:32:06 [INFO] Saved temporary table: 3491 entries (54670)
18:32:06 [INFO] Execution step: Duplicate Elimination (Datalog)
18:32:06 [INFO] Saved permanent table http://rulewerk.semantic-web.org/inferred/subClassOf (97) Permutation { idx_to_val: [], val_to_idx: [] } with 3247 entries (53742)
18:32:06 [INFO] Rule duration: 11 ms
18:32:06 [INFO] <<< STEP 98: APPLYING RULE 9 http://rulewerk.semantic-web.org/inferred/subClassOf(?C, ?E) :- http://rulewerk.semantic-web.org/inferred/subClassOf(?C, ?D), http://rulewerk.semantic-web.org/normalForm/subClassOf(?D, ?E) >>>
18:32:06 [INFO] Execution step: Body
18:32:06 [INFO] Saved temporary table: 1658 entries (32122)
18:32:06 [INFO] Execution step: Duplicate Elimination (Datalog)
18:32:06 [INFO] Saved permanent table http://rulewerk.semantic-web.org/inferred/subClassOf (98) Permutation { idx_to_val: [], val_to_idx: [] } with 1602 entries (31946)
18:32:06 [INFO] Rule duration: 7 ms
18:32:06 [INFO] Execution step: Combining Tables
18:32:06 [INFO] Saved permanent table http://rulewerk.semantic-web.org/inferred/subClassOf (90-100) Permutation { idx_to_val: [], val_to_idx: [] } with 92681 entries (605194)
18:32:06 [INFO] <<< STEP 99: APPLYING RULE 9 http://rulewerk.semantic-web.org/inferred/subClassOf(?C, ?E) :- http://rulewerk.semantic-web.org/inferred/subClassOf(?C, ?D), http://rulewerk.semantic-web.org/normalForm/subClassOf(?D, ?E) >>>
18:32:06 [INFO] Execution step: Body
18:32:06 [INFO] Saved temporary table: 1245 entries (23366)
18:32:06 [INFO] Execution step: Duplicate Elimination (Datalog)
18:32:06 [INFO] Saved permanent table http://rulewerk.semantic-web.org/inferred/subClassOf (99) Permutation { idx_to_val: [], val_to_idx: [] } with 1240 entries (23394)
18:32:06 [INFO] Rule duration: 4 ms
18:32:06 [INFO] <<< STEP 100: APPLYING RULE 9 http://rulewerk.semantic-web.org/inferred/subClassOf(?C, ?E) :- http://rulewerk.semantic-web.org/inferred/subClassOf(?C, ?D), http://rulewerk.semantic-web.org/normalForm/subClassOf(?D, ?E) >>>
18:32:06 [INFO] Execution step: Body
18:32:06 [INFO] Saved temporary table: 883 entries (19986)
18:32:06 [INFO] Execution step: Duplicate Elimination (Datalog)
18:32:06 [INFO] Saved permanent table http://rulewerk.semantic-web.org/inferred/subClassOf (100) Permutation { idx_to_val: [], val_to_idx: [] } with 883 entries (20034)
18:32:06 [INFO] Rule duration: 3 ms
18:32:06 [INFO] <<< STEP 101: APPLYING RULE 9 http://rulewerk.semantic-web.org/inferred/subClassOf(?C, ?E) :- http://rulewerk.semantic-web.org/inferred/subClassOf(?C, ?D), http://rulewerk.semantic-web.org/normalForm/subClassOf(?D, ?E) >>>
18:32:06 [INFO] Execution step: Body
18:32:06 [INFO] Saved temporary table: 550 entries (14274)
18:32:06 [INFO] Execution step: Duplicate Elimination (Datalog)
18:32:06 [INFO] Saved permanent table http://rulewerk.semantic-web.org/inferred/subClassOf (101) Permutation { idx_to_val: [], val_to_idx: [] } with 550 entries (14322)
18:32:06 [INFO] Rule duration: 2 ms
18:32:06 [INFO] <<< STEP 102: APPLYING RULE 9 http://rulewerk.semantic-web.org/inferred/subClassOf(?C, ?E) :- http://rulewerk.semantic-web.org/inferred/subClassOf(?C, ?D), http://rulewerk.semantic-web.org/normalForm/subClassOf(?D, ?E) >>>
18:32:06 [INFO] Execution step: Body
18:32:06 [INFO] Saved temporary table: 402 entries (12962)
18:32:06 [INFO] Execution step: Duplicate Elimination (Datalog)
18:32:06 [INFO] Saved permanent table http://rulewerk.semantic-web.org/inferred/subClassOf (102) Permutation { idx_to_val: [], val_to_idx: [] } with 402 entries (13010)
18:32:06 [INFO] Rule duration: 2 ms
18:32:06 [INFO] <<< STEP 103: APPLYING RULE 9 http://rulewerk.semantic-web.org/inferred/subClassOf(?C, ?E) :- http://rulewerk.semantic-web.org/inferred/subClassOf(?C, ?D), http://rulewerk.semantic-web.org/normalForm/subClassOf(?D, ?E) >>>
18:32:06 [INFO] Execution step: Body
18:32:06 [INFO] Saved temporary table: 185 entries (8668)
18:32:06 [INFO] Execution step: Duplicate Elimination (Datalog)
18:32:06 [INFO] Saved permanent table http://rulewerk.semantic-web.org/inferred/subClassOf (103) Permutation { idx_to_val: [], val_to_idx: [] } with 185 entries (8716)
18:32:06 [INFO] Rule duration: 1 ms
18:32:06 [INFO] <<< STEP 104: APPLYING RULE 9 http://rulewerk.semantic-web.org/inferred/subClassOf(?C, ?E) :- http://rulewerk.semantic-web.org/inferred/subClassOf(?C, ?D), http://rulewerk.semantic-web.org/normalForm/subClassOf(?D, ?E) >>>
18:32:06 [INFO] Execution step: Body
18:32:06 [INFO] Saved temporary table: 120 entries (8148)
18:32:06 [INFO] Execution step: Duplicate Elimination (Datalog)
18:32:06 [INFO] Saved permanent table http://rulewerk.semantic-web.org/inferred/subClassOf (104) Permutation { idx_to_val: [], val_to_idx: [] } with 120 entries (8196)
18:32:06 [INFO] Rule duration: 0 ms
18:32:06 [INFO] <<< STEP 105: APPLYING RULE 9 http://rulewerk.semantic-web.org/inferred/subClassOf(?C, ?E) :- http://rulewerk.semantic-web.org/inferred/subClassOf(?C, ?D), http://rulewerk.semantic-web.org/normalForm/subClassOf(?D, ?E) >>>
18:32:06 [INFO] Execution step: Body
18:32:06 [INFO] Saved temporary table: 97 entries (9736)
18:32:06 [INFO] Execution step: Duplicate Elimination (Datalog)
18:32:06 [INFO] Saved permanent table http://rulewerk.semantic-web.org/inferred/subClassOf (105) Permutation { idx_to_val: [], val_to_idx: [] } with 97 entries (9784)
18:32:06 [INFO] Rule duration: 0 ms
18:32:06 [INFO] <<< STEP 106: APPLYING RULE 9 http://rulewerk.semantic-web.org/inferred/subClassOf(?C, ?E) :- http://rulewerk.semantic-web.org/inferred/subClassOf(?C, ?D), http://rulewerk.semantic-web.org/normalForm/subClassOf(?D, ?E) >>>
18:32:06 [INFO] Execution step: Body
18:32:06 [INFO] Saved temporary table: 24 entries (8144)
18:32:06 [INFO] Execution step: Duplicate Elimination (Datalog)
18:32:06 [INFO] Saved permanent table http://rulewerk.semantic-web.org/inferred/subClassOf (106) Permutation { idx_to_val: [], val_to_idx: [] } with 24 entries (8192)
18:32:06 [INFO] Rule duration: 0 ms
18:32:06 [INFO] Execution step: Combining Tables
18:32:06 [INFO] Saved permanent table http://rulewerk.semantic-web.org/inferred/subClassOf (100-108) Permutation { idx_to_val: [], val_to_idx: [] } with 2261 entries (25546)
18:32:06 [INFO] <<< STEP 107: APPLYING RULE 9 http://rulewerk.semantic-web.org/inferred/subClassOf(?C, ?E) :- http://rulewerk.semantic-web.org/inferred/subClassOf(?C, ?D), http://rulewerk.semantic-web.org/normalForm/subClassOf(?D, ?E) >>>
18:32:06 [INFO] Execution step: Body
18:32:06 [INFO] Saved temporary table: 24 entries (8144)
18:32:06 [INFO] Execution step: Duplicate Elimination (Datalog)
18:32:06 [INFO] Saved permanent table http://rulewerk.semantic-web.org/inferred/subClassOf (107) Permutation { idx_to_val: [], val_to_idx: [] } with 24 entries (8192)
18:32:06 [INFO] Rule duration: 0 ms
18:32:06 [INFO] <<< STEP 108: APPLYING RULE 9 http://rulewerk.semantic-web.org/inferred/subClassOf(?C, ?E) :- http://rulewerk.semantic-web.org/inferred/subClassOf(?C, ?D), http://rulewerk.semantic-web.org/normalForm/subClassOf(?D, ?E) >>>
18:32:06 [INFO] Execution step: Body
18:32:06 [INFO] Saved temporary table: 72 entries (8336)
18:32:06 [INFO] Execution step: Duplicate Elimination (Datalog)
18:32:06 [INFO] Saved permanent table http://rulewerk.semantic-web.org/inferred/subClassOf (108) Permutation { idx_to_val: [], val_to_idx: [] } with 72 entries (8384)
18:32:06 [INFO] Rule duration: 0 ms
18:32:06 [INFO] <<< STEP 109: APPLYING RULE 9 http://rulewerk.semantic-web.org/inferred/subClassOf(?C, ?E) :- http://rulewerk.semantic-web.org/inferred/subClassOf(?C, ?D), http://rulewerk.semantic-web.org/normalForm/subClassOf(?D, ?E) >>>
18:32:06 [INFO] Execution step: Body
18:32:06 [INFO] Saved temporary table: 24 entries (8144)
18:32:06 [INFO] Execution step: Duplicate Elimination (Datalog)
18:32:06 [INFO] Saved permanent table http://rulewerk.semantic-web.org/inferred/subClassOf (109) Permutation { idx_to_val: [], val_to_idx: [] } with 24 entries (8192)
18:32:06 [INFO] Rule duration: 0 ms
18:32:06 [INFO] <<< STEP 110: APPLYING RULE 9 http://rulewerk.semantic-web.org/inferred/subClassOf(?C, ?E) :- http://rulewerk.semantic-web.org/inferred/subClassOf(?C, ?D), http://rulewerk.semantic-web.org/normalForm/subClassOf(?D, ?E) >>>
18:32:06 [INFO] Execution step: Body
18:32:06 [INFO] Saved temporary table: 24 entries (8144)
18:32:06 [INFO] Execution step: Duplicate Elimination (Datalog)
18:32:06 [INFO] Saved permanent table http://rulewerk.semantic-web.org/inferred/subClassOf (110) Permutation { idx_to_val: [], val_to_idx: [] } with 24 entries (8192)
18:32:06 [INFO] Rule duration: 0 ms
18:32:06 [INFO] <<< STEP 111: APPLYING RULE 9 http://rulewerk.semantic-web.org/inferred/subClassOf(?C, ?E) :- http://rulewerk.semantic-web.org/inferred/subClassOf(?C, ?D), http://rulewerk.semantic-web.org/normalForm/subClassOf(?D, ?E) >>>
18:32:06 [INFO] Execution step: Body
18:32:06 [INFO] Saved temporary table: 24 entries (8144)
18:32:06 [INFO] Execution step: Duplicate Elimination (Datalog)
18:32:06 [INFO] Saved permanent table http://rulewerk.semantic-web.org/inferred/subClassOf (111) Permutation { idx_to_val: [], val_to_idx: [] } with 24 entries (8192)
18:32:06 [INFO] Rule duration: 0 ms
18:32:06 [INFO] <<< STEP 112: APPLYING RULE 9 http://rulewerk.semantic-web.org/inferred/subClassOf(?C, ?E) :- http://rulewerk.semantic-web.org/inferred/subClassOf(?C, ?D), http://rulewerk.semantic-web.org/normalForm/subClassOf(?D, ?E) >>>
18:32:06 [INFO] Execution step: Body
18:32:06 [INFO] Trie does not contain any elements
18:32:06 [INFO] Execution step: Duplicate Elimination (Datalog)
18:32:06 [INFO] Trie does not contain any elements
18:32:06 [INFO] Rule duration: 0 ms
18:32:06 [INFO] <<< STEP 113: APPLYING RULE 10 http://rulewerk.semantic-web.org/inferred/subClassOf(?E, "<http://www.w3.org/2002/07/owl#Nothing>") :- http://rulewerk.semantic-web.org/inferred/ex(?E, ?R, ?C), http://rulewerk.semantic-web.org/inferred/subClassOf(?C, ?_BODY_1), Equal(?_BODY_1, "<http://www.w3.org/2002/07/owl#Nothing>") >>>
18:32:06 [INFO] Execution step: Body
18:32:06 [INFO] Trie does not contain any elements
18:32:06 [INFO] Execution step: Duplicate Elimination (Datalog)
18:32:06 [INFO] Trie does not contain any elements
18:32:06 [INFO] Rule duration: 25 ms
18:32:06 [INFO] <<< STEP 114: APPLYING RULE 1 http://rulewerk.semantic-web.org/inferred/init(?C) :- http://rulewerk.semantic-web.org/inferred/ex(?E, ?R, ?C) >>>
18:32:06 [INFO] Execution step: Body
18:32:06 [INFO] Saved temporary table: 3323 entries (16692)
18:32:06 [INFO] Execution step: Duplicate Elimination (Datalog)
18:32:06 [INFO] Saved permanent table http://rulewerk.semantic-web.org/inferred/init (114) Permutation { idx_to_val: [], val_to_idx: [] } with 335 entries (4788)
18:32:06 [INFO] Rule duration: 1 ms
18:32:06 [INFO] <<< STEP 115: APPLYING RULE 2 http://rulewerk.semantic-web.org/inferred/subClassOf(?C, ?C) :- http://rulewerk.semantic-web.org/inferred/init(?C) >>>
18:32:06 [INFO] Execution step: Body
18:32:06 [INFO] Saved temporary table: 335 entries (4740)
18:32:06 [INFO] Execution step: Duplicate Elimination (Datalog)
18:32:06 [INFO] Saved permanent table http://rulewerk.semantic-web.org/inferred/subClassOf (115) Permutation { idx_to_val: [], val_to_idx: [] } with 335 entries (9916)
18:32:06 [INFO] Rule duration: 0 ms
18:32:06 [INFO] <<< STEP 116: APPLYING RULE 4 http://rulewerk.semantic-web.org/inferred/subClassOf(?C, ?D1), http://rulewerk.semantic-web.org/inferred/subClassOf(?C, ?D2) :- http://rulewerk.semantic-web.org/inferred/subClassOf(?C, ?Y), http://rulewerk.semantic-web.org/normalForm/conj(?Y, ?D1, ?D2) >>>
18:32:06 [INFO] Execution step: Body
18:32:06 [INFO] Saved temporary table: 31368 entries (333554)
18:32:06 [INFO] Saved temporary table: 47733 entries (399014)
18:32:06 [INFO] Execution step: Duplicate Elimination (Datalog)
18:32:06 [INFO] Saved permanent table http://rulewerk.semantic-web.org/inferred/subClassOf (116) Permutation { idx_to_val: [], val_to_idx: [] } with 5435 entries (63406)
18:32:06 [INFO] Rule duration: 124 ms
18:32:06 [INFO] <<< STEP 117: APPLYING RULE 4 http://rulewerk.semantic-web.org/inferred/subClassOf(?C, ?D1), http://rulewerk.semantic-web.org/inferred/subClassOf(?C, ?D2) :- http://rulewerk.semantic-web.org/inferred/subClassOf(?C, ?Y), http://rulewerk.semantic-web.org/normalForm/conj(?Y, ?D1, ?D2) >>>
18:32:06 [INFO] Execution step: Body
18:32:06 [INFO] Saved temporary table: 330 entries (9828)
18:32:06 [INFO] Saved temporary table: 330 entries (9828)
18:32:06 [INFO] Execution step: Duplicate Elimination (Datalog)
18:32:06 [INFO] Saved permanent table http://rulewerk.semantic-web.org/inferred/subClassOf (117) Permutation { idx_to_val: [], val_to_idx: [] } with 576 entries (13442)
18:32:06 [INFO] Rule duration: 4 ms
18:32:06 [INFO] Execution step: Combining Tables
18:32:06 [INFO] Saved permanent table http://rulewerk.semantic-web.org/inferred/subClassOf (108-119) Permutation { idx_to_val: [], val_to_idx: [] } with 6490 entries (67914)
18:32:06 [INFO] <<< STEP 118: APPLYING RULE 4 http://rulewerk.semantic-web.org/inferred/subClassOf(?C, ?D1), http://rulewerk.semantic-web.org/inferred/subClassOf(?C, ?D2) :- http://rulewerk.semantic-web.org/inferred/subClassOf(?C, ?Y), http://rulewerk.semantic-web.org/normalForm/conj(?Y, ?D1, ?D2) >>>
18:32:06 [INFO] Execution step: Body
18:32:06 [INFO] Saved temporary table: 45 entries (9320)
18:32:06 [INFO] Saved temporary table: 45 entries (9320)
18:32:06 [INFO] Execution step: Duplicate Elimination (Datalog)
18:32:06 [INFO] Saved permanent table http://rulewerk.semantic-web.org/inferred/subClassOf (118) Permutation { idx_to_val: [], val_to_idx: [] } with 76 entries (9492)
18:32:06 [INFO] Rule duration: 1 ms
18:32:06 [INFO] <<< STEP 119: APPLYING RULE 4 http://rulewerk.semantic-web.org/inferred/subClassOf(?C, ?D1), http://rulewerk.semantic-web.org/inferred/subClassOf(?C, ?D2) :- http://rulewerk.semantic-web.org/inferred/subClassOf(?C, ?Y), http://rulewerk.semantic-web.org/normalForm/conj(?Y, ?D1, ?D2) >>>
18:32:06 [INFO] Execution step: Body
18:32:06 [INFO] Saved temporary table: 2 entries (6912)
18:32:06 [INFO] Saved temporary table: 2 entries (6912)
18:32:06 [INFO] Execution step: Duplicate Elimination (Datalog)
18:32:06 [INFO] Saved permanent table http://rulewerk.semantic-web.org/inferred/subClassOf (119) Permutation { idx_to_val: [], val_to_idx: [] } with 3 entries (6964)
18:32:06 [INFO] Rule duration: 0 ms
18:32:06 [INFO] <<< STEP 120: APPLYING RULE 4 http://rulewerk.semantic-web.org/inferred/subClassOf(?C, ?D1), http://rulewerk.semantic-web.org/inferred/subClassOf(?C, ?D2) :- http://rulewerk.semantic-web.org/inferred/subClassOf(?C, ?Y), http://rulewerk.semantic-web.org/normalForm/conj(?Y, ?D1, ?D2) >>>
18:32:06 [INFO] Execution step: Body
18:32:06 [INFO] Trie does not contain any elements
18:32:06 [INFO] Trie does not contain any elements
18:32:06 [INFO] Execution step: Duplicate Elimination (Datalog)
18:32:06 [INFO] Trie does not contain any elements
18:32:06 [INFO] Rule duration: 0 ms
18:32:06 [INFO] <<< STEP 121: APPLYING RULE 5 http://rulewerk.semantic-web.org/inferred/subClassOf(?C, ?I) :- http://rulewerk.semantic-web.org/inferred/subClassOf(?C, ?D1), http://rulewerk.semantic-web.org/inferred/subClassOf(?C, ?D2), http://rulewerk.semantic-web.org/normalForm/conj(?I, ?D1, ?D2), http://rulewerk.semantic-web.org/normalForm/isSubClass(?I) >>>
18:32:06 [INFO] Execution step: Body
18:32:06 [INFO] Saved temporary table: 54925 entries (390138)
18:32:06 [INFO] Execution step: Duplicate Elimination (Datalog)
18:32:06 [INFO] Saved permanent table http://rulewerk.semantic-web.org/inferred/subClassOf (121) Permutation { idx_to_val: [], val_to_idx: [] } with 51723 entries (364550)
18:32:06 [INFO] Rule duration: 440 ms
18:32:06 [INFO] <<< STEP 122: APPLYING RULE 5 http://rulewerk.semantic-web.org/inferred/subClassOf(?C, ?I) :- http://rulewerk.semantic-web.org/inferred/subClassOf(?C, ?D1), http://rulewerk.semantic-web.org/inferred/subClassOf(?C, ?D2), http://rulewerk.semantic-web.org/normalForm/conj(?I, ?D1, ?D2), http://rulewerk.semantic-web.org/normalForm/isSubClass(?I) >>>
18:32:06 [INFO] Execution step: Body
18:32:06 [INFO] Saved temporary table: 2751 entries (44978)
18:32:06 [INFO] Execution step: Duplicate Elimination (Datalog)
18:32:06 [INFO] Saved permanent table http://rulewerk.semantic-web.org/inferred/subClassOf (122) Permutation { idx_to_val: [], val_to_idx: [] } with 2751 entries (45026)
18:32:06 [INFO] Rule duration: 166 ms
18:32:06 [INFO] <<< STEP 123: APPLYING RULE 5 http://rulewerk.semantic-web.org/inferred/subClassOf(?C, ?I) :- http://rulewerk.semantic-web.org/inferred/subClassOf(?C, ?D1), http://rulewerk.semantic-web.org/inferred/subClassOf(?C, ?D2), http://rulewerk.semantic-web.org/normalForm/conj(?I, ?D1, ?D2), http://rulewerk.semantic-web.org/normalForm/isSubClass(?I) >>>
18:32:06 [INFO] Execution step: Body
18:32:06 [INFO] Saved temporary table: 40 entries (8728)
18:32:06 [INFO] Execution step: Duplicate Elimination (Datalog)
18:32:06 [INFO] Saved permanent table http://rulewerk.semantic-web.org/inferred/subClassOf (123) Permutation { idx_to_val: [], val_to_idx: [] } with 40 entries (8776)
18:32:06 [INFO] Rule duration: 53 ms
18:32:06 [INFO] <<< STEP 124: APPLYING RULE 5 http://rulewerk.semantic-web.org/inferred/subClassOf(?C, ?I) :- http://rulewerk.semantic-web.org/inferred/subClassOf(?C, ?D1), http://rulewerk.semantic-web.org/inferred/subClassOf(?C, ?D2), http://rulewerk.semantic-web.org/normalForm/conj(?I, ?D1, ?D2), http://rulewerk.semantic-web.org/normalForm/isSubClass(?I) >>>
18:32:06 [INFO] Execution step: Body
18:32:06 [INFO] Trie does not contain any elements
18:32:06 [INFO] Execution step: Duplicate Elimination (Datalog)
18:32:06 [INFO] Trie does not contain any elements
18:32:06 [INFO] Rule duration: 1 ms
18:32:06 [INFO] <<< STEP 125: APPLYING RULE 6 http://rulewerk.semantic-web.org/inferred/ex(?E, ?R, ?C) :- http://rulewerk.semantic-web.org/inferred/subClassOf(?E, ?Y), http://rulewerk.semantic-web.org/normalForm/exists(?Y, ?R, ?C) >>>
18:32:07 [INFO] Execution step: Body
18:32:07 [INFO] Saved temporary table: 69041 entries (1021508)
18:32:07 [INFO] Execution step: Duplicate Elimination (Datalog)
18:32:07 [INFO] Saved permanent table http://rulewerk.semantic-web.org/inferred/ex (125) Permutation { idx_to_val: [], val_to_idx: [] } with 69041 entries (1021556)
18:32:07 [INFO] Rule duration: 88 ms
18:32:07 [INFO] <<< STEP 126: APPLYING RULE 7 http://rulewerk.semantic-web.org/inferred/subClassOf(?E, ?Y) :- http://rulewerk.semantic-web.org/inferred/ex(?E, ?R, ?C), http://rulewerk.semantic-web.org/inferred/subClassOf(?C, ?D), http://rulewerk.semantic-web.org/normalForm/subProp(?R, ?S), http://rulewerk.semantic-web.org/normalForm/exists(?Y, ?S, ?D), http://rulewerk.semantic-web.org/normalForm/isSubClass(?Y) >>>
18:32:07 [INFO] Execution step: Body
18:32:08 [INFO] Saved temporary table: 137794 entries (760830)
18:32:08 [INFO] Execution step: Duplicate Elimination (Datalog)
18:32:08 [INFO] Saved permanent table http://rulewerk.semantic-web.org/inferred/subClassOf (126) Permutation { idx_to_val: [], val_to_idx: [] } with 58001 entries (395542)
18:32:08 [INFO] Rule duration: 1146 ms
18:32:08 [INFO] <<< STEP 127: APPLYING RULE 7 http://rulewerk.semantic-web.org/inferred/subClassOf(?E, ?Y) :- http://rulewerk.semantic-web.org/inferred/ex(?E, ?R, ?C), http://rulewerk.semantic-web.org/inferred/subClassOf(?C, ?D), http://rulewerk.semantic-web.org/normalForm/subProp(?R, ?S), http://rulewerk.semantic-web.org/normalForm/exists(?Y, ?S, ?D), http://rulewerk.semantic-web.org/normalForm/isSubClass(?Y) >>>
18:32:08 [INFO] Execution step: Body
18:32:08 [INFO] Trie does not contain any elements
18:32:08 [INFO] Execution step: Duplicate Elimination (Datalog)
18:32:08 [INFO] Trie does not contain any elements
18:32:08 [INFO] Rule duration: 21 ms
18:32:08 [INFO] <<< STEP 128: APPLYING RULE 8 http://rulewerk.semantic-web.org/inferred/ex(?E, ?S, ?D) :- http://rulewerk.semantic-web.org/inferred/ex(?E, ?R1, ?C), http://rulewerk.semantic-web.org/inferred/ex(?C, ?R2, ?D), http://rulewerk.semantic-web.org/normalForm/subProp(?R1, ?S1), http://rulewerk.semantic-web.org/normalForm/subProp(?R2, ?S2), http://rulewerk.semantic-web.org/normalForm/subPropChain(?S1, ?S2, ?S) >>>
18:32:08 [INFO] Execution step: Body
18:32:08 [INFO] Trie does not contain any elements
18:32:08 [INFO] Execution step: Duplicate Elimination (Datalog)
18:32:08 [INFO] Trie does not contain any elements
18:32:08 [INFO] Rule duration: 46 ms
18:32:08 [INFO] <<< STEP 129: APPLYING RULE 9 http://rulewerk.semantic-web.org/inferred/subClassOf(?C, ?E) :- http://rulewerk.semantic-web.org/inferred/subClassOf(?C, ?D), http://rulewerk.semantic-web.org/normalForm/subClassOf(?D, ?E) >>>
18:32:08 [INFO] Execution step: Body
18:32:08 [INFO] Saved temporary table: 48888 entries (357530)
18:32:08 [INFO] Execution step: Duplicate Elimination (Datalog)
18:32:08 [INFO] Saved permanent table http://rulewerk.semantic-web.org/inferred/subClassOf (129) Permutation { idx_to_val: [], val_to_idx: [] } with 48872 entries (357514)
18:32:08 [INFO] Rule duration: 145 ms
18:32:08 [INFO] <<< STEP 130: APPLYING RULE 9 http://rulewerk.semantic-web.org/inferred/subClassOf(?C, ?E) :- http://rulewerk.semantic-web.org/inferred/subClassOf(?C, ?D), http://rulewerk.semantic-web.org/normalForm/subClassOf(?D, ?E) >>>
18:32:08 [INFO] Execution step: Body
18:32:08 [INFO] Saved temporary table: 55358 entries (383410)
18:32:08 [INFO] Execution step: Duplicate Elimination (Datalog)
18:32:08 [INFO] Saved permanent table http://rulewerk.semantic-web.org/inferred/subClassOf (130) Permutation { idx_to_val: [], val_to_idx: [] } with 7206 entries (88238)
18:32:08 [INFO] Rule duration: 98 ms
18:32:08 [INFO] Execution step: Combining Tables
18:32:08 [INFO] Saved permanent table http://rulewerk.semantic-web.org/inferred/subClassOf (119-132) Permutation { idx_to_val: [], val_to_idx: [] } with 168596 entries (872518)
18:32:08 [INFO] <<< STEP 131: APPLYING RULE 9 http://rulewerk.semantic-web.org/inferred/subClassOf(?C, ?E) :- http://rulewerk.semantic-web.org/inferred/subClassOf(?C, ?D), http://rulewerk.semantic-web.org/normalForm/subClassOf(?D, ?E) >>>
18:32:08 [INFO] Execution step: Body
18:32:08 [INFO] Saved temporary table: 2747 entries (42082)
18:32:08 [INFO] Execution step: Duplicate Elimination (Datalog)
18:32:08 [INFO] Saved permanent table http://rulewerk.semantic-web.org/inferred/subClassOf (131) Permutation { idx_to_val: [], val_to_idx: [] } with 2439 entries (40322)
18:32:08 [INFO] Rule duration: 8 ms
18:32:08 [INFO] <<< STEP 132: APPLYING RULE 9 http://rulewerk.semantic-web.org/inferred/subClassOf(?C, ?E) :- http://rulewerk.semantic-web.org/inferred/subClassOf(?C, ?D), http://rulewerk.semantic-web.org/normalForm/subClassOf(?D, ?E) >>>
18:32:08 [INFO] Execution step: Body
18:32:08 [INFO] Saved temporary table: 4224 entries (47294)
18:32:08 [INFO] Execution step: Duplicate Elimination (Datalog)
18:32:08 [INFO] Saved permanent table http://rulewerk.semantic-web.org/inferred/subClassOf (132) Permutation { idx_to_val: [], val_to_idx: [] } with 4185 entries (47138)
18:32:08 [INFO] Rule duration: 9 ms
18:32:08 [INFO] <<< STEP 133: APPLYING RULE 9 http://rulewerk.semantic-web.org/inferred/subClassOf(?C, ?E) :- http://rulewerk.semantic-web.org/inferred/subClassOf(?C, ?D), http://rulewerk.semantic-web.org/normalForm/subClassOf(?D, ?E) >>>
18:32:08 [INFO] Execution step: Body
18:32:08 [INFO] Saved temporary table: 2431 entries (39978)
18:32:08 [INFO] Execution step: Duplicate Elimination (Datalog)
18:32:08 [INFO] Saved permanent table http://rulewerk.semantic-web.org/inferred/subClassOf (133) Permutation { idx_to_val: [], val_to_idx: [] } with 2342 entries (39646)
18:32:08 [INFO] Rule duration: 12 ms
18:32:08 [INFO] <<< STEP 134: APPLYING RULE 9 http://rulewerk.semantic-web.org/inferred/subClassOf(?C, ?E) :- http://rulewerk.semantic-web.org/inferred/subClassOf(?C, ?D), http://rulewerk.semantic-web.org/normalForm/subClassOf(?D, ?E) >>>
18:32:08 [INFO] Execution step: Body
18:32:08 [INFO] Saved temporary table: 2019 entries (37094)
18:32:08 [INFO] Execution step: Duplicate Elimination (Datalog)
18:32:08 [INFO] Saved permanent table http://rulewerk.semantic-web.org/inferred/subClassOf (134) Permutation { idx_to_val: [], val_to_idx: [] } with 1966 entries (36930)
18:32:08 [INFO] Rule duration: 9 ms
18:32:08 [INFO] <<< STEP 135: APPLYING RULE 9 http://rulewerk.semantic-web.org/inferred/subClassOf(?C, ?E) :- http://rulewerk.semantic-web.org/inferred/subClassOf(?C, ?D), http://rulewerk.semantic-web.org/normalForm/subClassOf(?D, ?E) >>>
18:32:08 [INFO] Execution step: Body
18:32:08 [INFO] Saved temporary table: 1875 entries (34886)
18:32:08 [INFO] Execution step: Duplicate Elimination (Datalog)
18:32:08 [INFO] Saved permanent table http://rulewerk.semantic-web.org/inferred/subClassOf (135) Permutation { idx_to_val: [], val_to_idx: [] } with 1783 entries (34566)
18:32:08 [INFO] Rule duration: 9 ms
18:32:08 [INFO] <<< STEP 136: APPLYING RULE 9 http://rulewerk.semantic-web.org/inferred/subClassOf(?C, ?E) :- http://rulewerk.semantic-web.org/inferred/subClassOf(?C, ?D), http://rulewerk.semantic-web.org/normalForm/subClassOf(?D, ?E) >>>
18:32:08 [INFO] Execution step: Body
18:32:08 [INFO] Saved temporary table: 545 entries (15442)
18:32:08 [INFO] Execution step: Duplicate Elimination (Datalog)
18:32:08 [INFO] Saved permanent table http://rulewerk.semantic-web.org/inferred/subClassOf (136) Permutation { idx_to_val: [], val_to_idx: [] } with 535 entries (15450)
18:32:08 [INFO] Rule duration: 4 ms
18:32:08 [INFO] <<< STEP 137: APPLYING RULE 9 http://rulewerk.semantic-web.org/inferred/subClassOf(?C, ?E) :- http://rulewerk.semantic-web.org/inferred/subClassOf(?C, ?D), http://rulewerk.semantic-web.org/normalForm/subClassOf(?D, ?E) >>>
18:32:08 [INFO] Execution step: Body
18:32:08 [INFO] Saved temporary table: 397 entries (11994)
18:32:08 [INFO] Execution step: Duplicate Elimination (Datalog)
18:32:08 [INFO] Saved permanent table http://rulewerk.semantic-web.org/inferred/subClassOf (137) Permutation { idx_to_val: [], val_to_idx: [] } with 397 entries (12042)
18:32:08 [INFO] Rule duration: 2 ms
18:32:08 [INFO] <<< STEP 138: APPLYING RULE 9 http://rulewerk.semantic-web.org/inferred/subClassOf(?C, ?E) :- http://rulewerk.semantic-web.org/inferred/subClassOf(?C, ?D), http://rulewerk.semantic-web.org/normalForm/subClassOf(?D, ?E) >>>
18:32:08 [INFO] Execution step: Body
18:32:08 [INFO] Saved temporary table: 258 entries (10826)
18:32:08 [INFO] Execution step: Duplicate Elimination (Datalog)
18:32:08 [INFO] Saved permanent table http://rulewerk.semantic-web.org/inferred/subClassOf (138) Permutation { idx_to_val: [], val_to_idx: [] } with 258 entries (10874)
18:32:08 [INFO] Rule duration: 2 ms
18:32:08 [INFO] Execution step: Combining Tables
18:32:08 [INFO] Saved permanent table http://rulewerk.semantic-web.org/inferred/subClassOf (132-140) Permutation { idx_to_val: [], val_to_idx: [] } with 11466 entries (76262)
18:32:08 [INFO] <<< STEP 139: APPLYING RULE 9 http://rulewerk.semantic-web.org/inferred/subClassOf(?C, ?E) :- http://rulewerk.semantic-web.org/inferred/subClassOf(?C, ?D), http://rulewerk.semantic-web.org/normalForm/subClassOf(?D, ?E) >>>
18:32:08 [INFO] Execution step: Body
18:32:08 [INFO] Saved temporary table: 99 entries (8690)
18:32:08 [INFO] Execution step: Duplicate Elimination (Datalog)
18:32:08 [INFO] Saved permanent table http://rulewerk.semantic-web.org/inferred/subClassOf (139) Permutation { idx_to_val: [], val_to_idx: [] } with 99 entries (8738)
18:32:08 [INFO] Rule duration: 1 ms
18:32:08 [INFO] <<< STEP 140: APPLYING RULE 9 http://rulewerk.semantic-web.org/inferred/subClassOf(?C, ?E) :- http://rulewerk.semantic-web.org/inferred/subClassOf(?C, ?D), http://rulewerk.semantic-web.org/normalForm/subClassOf(?D, ?E) >>>
18:32:08 [INFO] Execution step: Body
18:32:08 [INFO] Saved temporary table: 85 entries (7868)
18:32:08 [INFO] Execution step: Duplicate Elimination (Datalog)
18:32:08 [INFO] Saved permanent table http://rulewerk.semantic-web.org/inferred/subClassOf (140) Permutation { idx_to_val: [], val_to_idx: [] } with 85 entries (7916)
18:32:08 [INFO] Rule duration: 0 ms
18:32:08 [INFO] <<< STEP 141: APPLYING RULE 9 http://rulewerk.semantic-web.org/inferred/subClassOf(?C, ?E) :- http://rulewerk.semantic-web.org/inferred/subClassOf(?C, ?D), http://rulewerk.semantic-web.org/normalForm/subClassOf(?D, ?E) >>>
18:32:08 [INFO] Execution step: Body
18:32:08 [INFO] Saved temporary table: 21 entries (7976)
18:32:08 [INFO] Execution step: Duplicate Elimination (Datalog)
18:32:08 [INFO] Saved permanent table http://rulewerk.semantic-web.org/inferred/subClassOf (141) Permutation { idx_to_val: [], val_to_idx: [] } with 21 entries (8024)
18:32:08 [INFO] Rule duration: 0 ms
18:32:08 [INFO] <<< STEP 142: APPLYING RULE 9 http://rulewerk.semantic-web.org/inferred/subClassOf(?C, ?E) :- http://rulewerk.semantic-web.org/inferred/subClassOf(?C, ?D), http://rulewerk.semantic-web.org/normalForm/subClassOf(?D, ?E) >>>
18:32:08 [INFO] Execution step: Body
18:32:08 [INFO] Saved temporary table: 3 entries (6968)
18:32:08 [INFO] Execution step: Duplicate Elimination (Datalog)
18:32:08 [INFO] Saved permanent table http://rulewerk.semantic-web.org/inferred/subClassOf (142) Permutation { idx_to_val: [], val_to_idx: [] } with 3 entries (7016)
18:32:08 [INFO] Rule duration: 0 ms
18:32:08 [INFO] <<< STEP 143: APPLYING RULE 9 http://rulewerk.semantic-web.org/inferred/subClassOf(?C, ?E) :- http://rulewerk.semantic-web.org/inferred/subClassOf(?C, ?D), http://rulewerk.semantic-web.org/normalForm/subClassOf(?D, ?E) >>>
18:32:08 [INFO] Execution step: Body
18:32:08 [INFO] Saved temporary table: 6 entries (6928)
18:32:08 [INFO] Execution step: Duplicate Elimination (Datalog)
18:32:08 [INFO] Saved permanent table http://rulewerk.semantic-web.org/inferred/subClassOf (143) Permutation { idx_to_val: [], val_to_idx: [] } with 6 entries (6976)
18:32:08 [INFO] Rule duration: 0 ms
18:32:08 [INFO] <<< STEP 144: APPLYING RULE 9 http://rulewerk.semantic-web.org/inferred/subClassOf(?C, ?E) :- http://rulewerk.semantic-web.org/inferred/subClassOf(?C, ?D), http://rulewerk.semantic-web.org/normalForm/subClassOf(?D, ?E) >>>
18:32:08 [INFO] Execution step: Body
18:32:08 [INFO] Saved temporary table: 2 entries (6912)
18:32:08 [INFO] Execution step: Duplicate Elimination (Datalog)
18:32:08 [INFO] Saved permanent table http://rulewerk.semantic-web.org/inferred/subClassOf (144) Permutation { idx_to_val: [], val_to_idx: [] } with 2 entries (6960)
18:32:08 [INFO] Rule duration: 0 ms
18:32:08 [INFO] <<< STEP 145: APPLYING RULE 9 http://rulewerk.semantic-web.org/inferred/subClassOf(?C, ?E) :- http://rulewerk.semantic-web.org/inferred/subClassOf(?C, ?D), http://rulewerk.semantic-web.org/normalForm/subClassOf(?D, ?E) >>>
18:32:08 [INFO] Execution step: Body
18:32:08 [INFO] Saved temporary table: 2 entries (6912)
18:32:08 [INFO] Execution step: Duplicate Elimination (Datalog)
18:32:08 [INFO] Saved permanent table http://rulewerk.semantic-web.org/inferred/subClassOf (145) Permutation { idx_to_val: [], val_to_idx: [] } with 2 entries (6960)
18:32:08 [INFO] Rule duration: 0 ms
18:32:08 [INFO] <<< STEP 146: APPLYING RULE 9 http://rulewerk.semantic-web.org/inferred/subClassOf(?C, ?E) :- http://rulewerk.semantic-web.org/inferred/subClassOf(?C, ?D), http://rulewerk.semantic-web.org/normalForm/subClassOf(?D, ?E) >>>
18:32:08 [INFO] Execution step: Body
18:32:08 [INFO] Saved temporary table: 6 entries (6928)
18:32:08 [INFO] Execution step: Duplicate Elimination (Datalog)
18:32:08 [INFO] Saved permanent table http://rulewerk.semantic-web.org/inferred/subClassOf (146) Permutation { idx_to_val: [], val_to_idx: [] } with 6 entries (6976)
18:32:08 [INFO] Rule duration: 0 ms
18:32:08 [INFO] Execution step: Combining Tables
18:32:08 [INFO] Saved permanent table http://rulewerk.semantic-web.org/inferred/subClassOf (140-148) Permutation { idx_to_val: [], val_to_idx: [] } with 125 entries (8698)
18:32:08 [INFO] <<< STEP 147: APPLYING RULE 9 http://rulewerk.semantic-web.org/inferred/subClassOf(?C, ?E) :- http://rulewerk.semantic-web.org/inferred/subClassOf(?C, ?D), http://rulewerk.semantic-web.org/normalForm/subClassOf(?D, ?E) >>>
18:32:08 [INFO] Execution step: Body
18:32:08 [INFO] Saved temporary table: 2 entries (6912)
18:32:08 [INFO] Execution step: Duplicate Elimination (Datalog)
18:32:08 [INFO] Saved permanent table http://rulewerk.semantic-web.org/inferred/subClassOf (147) Permutation { idx_to_val: [], val_to_idx: [] } with 2 entries (6960)
18:32:08 [INFO] Rule duration: 0 ms
18:32:08 [INFO] <<< STEP 148: APPLYING RULE 9 http://rulewerk.semantic-web.org/inferred/subClassOf(?C, ?E) :- http://rulewerk.semantic-web.org/inferred/subClassOf(?C, ?D), http://rulewerk.semantic-web.org/normalForm/subClassOf(?D, ?E) >>>
18:32:08 [INFO] Execution step: Body
18:32:08 [INFO] Saved temporary table: 2 entries (6912)
18:32:08 [INFO] Execution step: Duplicate Elimination (Datalog)
18:32:08 [INFO] Saved permanent table http://rulewerk.semantic-web.org/inferred/subClassOf (148) Permutation { idx_to_val: [], val_to_idx: [] } with 2 entries (6960)
18:32:08 [INFO] Rule duration: 0 ms
18:32:08 [INFO] <<< STEP 149: APPLYING RULE 9 http://rulewerk.semantic-web.org/inferred/subClassOf(?C, ?E) :- http://rulewerk.semantic-web.org/inferred/subClassOf(?C, ?D), http://rulewerk.semantic-web.org/normalForm/subClassOf(?D, ?E) >>>
18:32:08 [INFO] Execution step: Body
18:32:08 [INFO] Saved temporary table: 2 entries (6912)
18:32:08 [INFO] Execution step: Duplicate Elimination (Datalog)
18:32:08 [INFO] Saved permanent table http://rulewerk.semantic-web.org/inferred/subClassOf (149) Permutation { idx_to_val: [], val_to_idx: [] } with 2 entries (6960)
18:32:08 [INFO] Rule duration: 0 ms
18:32:08 [INFO] <<< STEP 150: APPLYING RULE 9 http://rulewerk.semantic-web.org/inferred/subClassOf(?C, ?E) :- http://rulewerk.semantic-web.org/inferred/subClassOf(?C, ?D), http://rulewerk.semantic-web.org/normalForm/subClassOf(?D, ?E) >>>
18:32:08 [INFO] Execution step: Body
18:32:08 [INFO] Trie does not contain any elements
18:32:08 [INFO] Execution step: Duplicate Elimination (Datalog)
18:32:08 [INFO] Trie does not contain any elements
18:32:08 [INFO] Rule duration: 0 ms
18:32:08 [INFO] <<< STEP 151: APPLYING RULE 10 http://rulewerk.semantic-web.org/inferred/subClassOf(?E, "<http://www.w3.org/2002/07/owl#Nothing>") :- http://rulewerk.semantic-web.org/inferred/ex(?E, ?R, ?C), http://rulewerk.semantic-web.org/inferred/subClassOf(?C, ?_BODY_1), Equal(?_BODY_1, "<http://www.w3.org/2002/07/owl#Nothing>") >>>
18:32:08 [INFO] Execution step: Body
18:32:08 [INFO] Trie does not contain any elements
18:32:08 [INFO] Execution step: Duplicate Elimination (Datalog)
18:32:08 [INFO] Trie does not contain any elements
18:32:08 [INFO] Rule duration: 24 ms
18:32:08 [INFO] <<< STEP 152: APPLYING RULE 1 http://rulewerk.semantic-web.org/inferred/init(?C) :- http://rulewerk.semantic-web.org/inferred/ex(?E, ?R, ?C) >>>
18:32:08 [INFO] Execution step: Body
18:32:08 [INFO] Saved temporary table: 1677 entries (10108)
18:32:08 [INFO] Execution step: Duplicate Elimination (Datalog)
18:32:08 [INFO] Saved permanent table http://rulewerk.semantic-web.org/inferred/init (152) Permutation { idx_to_val: [], val_to_idx: [] } with 92 entries (3816)
18:32:08 [INFO] Rule duration: 0 ms
18:32:08 [INFO] <<< STEP 153: APPLYING RULE 2 http://rulewerk.semantic-web.org/inferred/subClassOf(?C, ?C) :- http://rulewerk.semantic-web.org/inferred/init(?C) >>>
18:32:08 [INFO] Execution step: Body
18:32:08 [INFO] Saved temporary table: 92 entries (3768)
18:32:08 [INFO] Execution step: Duplicate Elimination (Datalog)
18:32:08 [INFO] Saved permanent table http://rulewerk.semantic-web.org/inferred/subClassOf (153) Permutation { idx_to_val: [], val_to_idx: [] } with 92 entries (7972)
18:32:08 [INFO] Rule duration: 0 ms
18:32:08 [INFO] <<< STEP 154: APPLYING RULE 4 http://rulewerk.semantic-web.org/inferred/subClassOf(?C, ?D1), http://rulewerk.semantic-web.org/inferred/subClassOf(?C, ?D2) :- http://rulewerk.semantic-web.org/inferred/subClassOf(?C, ?Y), http://rulewerk.semantic-web.org/normalForm/conj(?Y, ?D1, ?D2) >>>
18:32:08 [INFO] Execution step: Body
18:32:08 [INFO] Saved temporary table: 31710 entries (292034)
18:32:08 [INFO] Saved temporary table: 45444 entries (346970)
18:32:08 [INFO] Execution step: Duplicate Elimination (Datalog)
18:32:08 [INFO] Saved permanent table http://rulewerk.semantic-web.org/inferred/subClassOf (154) Permutation { idx_to_val: [], val_to_idx: [] } with 1875 entries (26534)
18:32:08 [INFO] Rule duration: 153 ms
18:32:08 [INFO] <<< STEP 155: APPLYING RULE 4 http://rulewerk.semantic-web.org/inferred/subClassOf(?C, ?D1), http://rulewerk.semantic-web.org/inferred/subClassOf(?C, ?D2) :- http://rulewerk.semantic-web.org/inferred/subClassOf(?C, ?Y), http://rulewerk.semantic-web.org/normalForm/conj(?Y, ?D1, ?D2) >>>
18:32:08 [INFO] Execution step: Body
18:32:08 [INFO] Saved temporary table: 50 entries (7588)
18:32:08 [INFO] Saved temporary table: 50 entries (7588)
18:32:08 [INFO] Execution step: Duplicate Elimination (Datalog)
18:32:08 [INFO] Saved permanent table http://rulewerk.semantic-web.org/inferred/subClassOf (155) Permutation { idx_to_val: [], val_to_idx: [] } with 86 entries (8122)
18:32:08 [INFO] Rule duration: 1 ms
18:32:08 [INFO] <<< STEP 156: APPLYING RULE 4 http://rulewerk.semantic-web.org/inferred/subClassOf(?C, ?D1), http://rulewerk.semantic-web.org/inferred/subClassOf(?C, ?D2) :- http://rulewerk.semantic-web.org/inferred/subClassOf(?C, ?Y), http://rulewerk.semantic-web.org/normalForm/conj(?Y, ?D1, ?D2) >>>
18:32:08 [INFO] Execution step: Body
18:32:08 [INFO] Saved temporary table: 7 entries (7192)
18:32:08 [INFO] Saved temporary table: 7 entries (7192)
18:32:08 [INFO] Execution step: Duplicate Elimination (Datalog)
18:32:08 [INFO] Saved permanent table http://rulewerk.semantic-web.org/inferred/subClassOf (156) Permutation { idx_to_val: [], val_to_idx: [] } with 9 entries (7248)
18:32:08 [INFO] Rule duration: 0 ms
18:32:08 [INFO] <<< STEP 157: APPLYING RULE 4 http://rulewerk.semantic-web.org/inferred/subClassOf(?C, ?D1), http://rulewerk.semantic-web.org/inferred/subClassOf(?C, ?D2) :- http://rulewerk.semantic-web.org/inferred/subClassOf(?C, ?Y), http://rulewerk.semantic-web.org/normalForm/conj(?Y, ?D1, ?D2) >>>
18:32:08 [INFO] Execution step: Body
18:32:08 [INFO] Trie does not contain any elements
18:32:08 [INFO] Trie does not contain any elements
18:32:08 [INFO] Execution step: Duplicate Elimination (Datalog)
18:32:08 [INFO] Trie does not contain any elements
18:32:08 [INFO] Rule duration: 0 ms
18:32:08 [INFO] <<< STEP 158: APPLYING RULE 5 http://rulewerk.semantic-web.org/inferred/subClassOf(?C, ?I) :- http://rulewerk.semantic-web.org/inferred/subClassOf(?C, ?D1), http://rulewerk.semantic-web.org/inferred/subClassOf(?C, ?D2), http://rulewerk.semantic-web.org/normalForm/conj(?I, ?D1, ?D2), http://rulewerk.semantic-web.org/normalForm/isSubClass(?I) >>>
18:32:08 [INFO] Execution step: Body
18:32:09 [INFO] Saved temporary table: 54918 entries (353726)
18:32:09 [INFO] Execution step: Duplicate Elimination (Datalog)
18:32:09 [INFO] Saved permanent table http://rulewerk.semantic-web.org/inferred/subClassOf (158) Permutation { idx_to_val: [], val_to_idx: [] } with 53873 entries (346030)
18:32:09 [INFO] Rule duration: 544 ms
18:32:09 [INFO] Execution step: Combining Tables
18:32:09 [INFO] Saved permanent table http://rulewerk.semantic-web.org/inferred/subClassOf (148-160) Permutation { idx_to_val: [], val_to_idx: [] } with 55939 entries (357858)
18:32:09 [INFO] <<< STEP 159: APPLYING RULE 5 http://rulewerk.semantic-web.org/inferred/subClassOf(?C, ?I) :- http://rulewerk.semantic-web.org/inferred/subClassOf(?C, ?D1), http://rulewerk.semantic-web.org/inferred/subClassOf(?C, ?D2), http://rulewerk.semantic-web.org/normalForm/conj(?I, ?D1, ?D2), http://rulewerk.semantic-web.org/normalForm/isSubClass(?I) >>>
18:32:09 [INFO] Execution step: Body
18:32:09 [INFO] Saved temporary table: 3356 entries (53110)
18:32:09 [INFO] Execution step: Duplicate Elimination (Datalog)
18:32:09 [INFO] Saved permanent table http://rulewerk.semantic-web.org/inferred/subClassOf (159) Permutation { idx_to_val: [], val_to_idx: [] } with 3356 entries (53158)
18:32:09 [INFO] Rule duration: 241 ms
18:32:09 [INFO] <<< STEP 160: APPLYING RULE 5 http://rulewerk.semantic-web.org/inferred/subClassOf(?C, ?I) :- http://rulewerk.semantic-web.org/inferred/subClassOf(?C, ?D1), http://rulewerk.semantic-web.org/inferred/subClassOf(?C, ?D2), http://rulewerk.semantic-web.org/normalForm/conj(?I, ?D1, ?D2), http://rulewerk.semantic-web.org/normalForm/isSubClass(?I) >>>
18:32:09 [INFO] Execution step: Body
18:32:09 [INFO] Saved temporary table: 28 entries (8264)
18:32:09 [INFO] Execution step: Duplicate Elimination (Datalog)
18:32:09 [INFO] Saved permanent table http://rulewerk.semantic-web.org/inferred/subClassOf (160) Permutation { idx_to_val: [], val_to_idx: [] } with 28 entries (8312)
18:32:09 [INFO] Rule duration: 71 ms
18:32:09 [INFO] <<< STEP 161: APPLYING RULE 5 http://rulewerk.semantic-web.org/inferred/subClassOf(?C, ?I) :- http://rulewerk.semantic-web.org/inferred/subClassOf(?C, ?D1), http://rulewerk.semantic-web.org/inferred/subClassOf(?C, ?D2), http://rulewerk.semantic-web.org/normalForm/conj(?I, ?D1, ?D2), http://rulewerk.semantic-web.org/normalForm/isSubClass(?I) >>>
18:32:09 [INFO] Execution step: Body
18:32:09 [INFO] Saved temporary table: 3 entries (6864)
18:32:09 [INFO] Execution step: Duplicate Elimination (Datalog)
18:32:09 [INFO] Saved permanent table http://rulewerk.semantic-web.org/inferred/subClassOf (161) Permutation { idx_to_val: [], val_to_idx: [] } with 3 entries (6912)
18:32:09 [INFO] Rule duration: 1 ms
18:32:09 [INFO] <<< STEP 162: APPLYING RULE 5 http://rulewerk.semantic-web.org/inferred/subClassOf(?C, ?I) :- http://rulewerk.semantic-web.org/inferred/subClassOf(?C, ?D1), http://rulewerk.semantic-web.org/inferred/subClassOf(?C, ?D2), http://rulewerk.semantic-web.org/normalForm/conj(?I, ?D1, ?D2), http://rulewerk.semantic-web.org/normalForm/isSubClass(?I) >>>
18:32:09 [INFO] Execution step: Body
18:32:09 [INFO] Trie does not contain any elements
18:32:09 [INFO] Execution step: Duplicate Elimination (Datalog)
18:32:09 [INFO] Trie does not contain any elements
18:32:09 [INFO] Rule duration: 0 ms
18:32:09 [INFO] <<< STEP 163: APPLYING RULE 6 http://rulewerk.semantic-web.org/inferred/ex(?E, ?R, ?C) :- http://rulewerk.semantic-web.org/inferred/subClassOf(?E, ?Y), http://rulewerk.semantic-web.org/normalForm/exists(?Y, ?R, ?C) >>>
18:32:09 [INFO] Execution step: Body
18:32:09 [INFO] Saved temporary table: 66419 entries (979400)
18:32:09 [INFO] Execution step: Duplicate Elimination (Datalog)
18:32:09 [INFO] Saved permanent table http://rulewerk.semantic-web.org/inferred/ex (163) Permutation { idx_to_val: [], val_to_idx: [] } with 66419 entries (979448)
18:32:09 [INFO] Rule duration: 98 ms
18:32:09 [INFO] <<< STEP 164: APPLYING RULE 7 http://rulewerk.semantic-web.org/inferred/subClassOf(?E, ?Y) :- http://rulewerk.semantic-web.org/inferred/ex(?E, ?R, ?C), http://rulewerk.semantic-web.org/inferred/subClassOf(?C, ?D), http://rulewerk.semantic-web.org/normalForm/subProp(?R, ?S), http://rulewerk.semantic-web.org/normalForm/exists(?Y, ?S, ?D), http://rulewerk.semantic-web.org/normalForm/isSubClass(?Y) >>>
18:32:09 [INFO] Execution step: Body
18:32:10 [INFO] Saved temporary table: 104301 entries (595250)
18:32:10 [INFO] Execution step: Duplicate Elimination (Datalog)
18:32:10 [INFO] Saved permanent table http://rulewerk.semantic-web.org/inferred/subClassOf (164) Permutation { idx_to_val: [], val_to_idx: [] } with 18110 entries (160162)
18:32:10 [INFO] Rule duration: 598 ms
18:32:10 [INFO] <<< STEP 165: APPLYING RULE 7 http://rulewerk.semantic-web.org/inferred/subClassOf(?E, ?Y) :- http://rulewerk.semantic-web.org/inferred/ex(?E, ?R, ?C), http://rulewerk.semantic-web.org/inferred/subClassOf(?C, ?D), http://rulewerk.semantic-web.org/normalForm/subProp(?R, ?S), http://rulewerk.semantic-web.org/normalForm/exists(?Y, ?S, ?D), http://rulewerk.semantic-web.org/normalForm/isSubClass(?Y) >>>
18:32:10 [INFO] Execution step: Body
18:32:10 [INFO] Trie does not contain any elements
18:32:10 [INFO] Execution step: Duplicate Elimination (Datalog)
18:32:10 [INFO] Trie does not contain any elements
18:32:10 [INFO] Rule duration: 9 ms
18:32:10 [INFO] <<< STEP 166: APPLYING RULE 8 http://rulewerk.semantic-web.org/inferred/ex(?E, ?S, ?D) :- http://rulewerk.semantic-web.org/inferred/ex(?E, ?R1, ?C), http://rulewerk.semantic-web.org/inferred/ex(?C, ?R2, ?D), http://rulewerk.semantic-web.org/normalForm/subProp(?R1, ?S1), http://rulewerk.semantic-web.org/normalForm/subProp(?R2, ?S2), http://rulewerk.semantic-web.org/normalForm/subPropChain(?S1, ?S2, ?S) >>>
18:32:10 [INFO] Execution step: Body
18:32:10 [INFO] Trie does not contain any elements
18:32:10 [INFO] Execution step: Duplicate Elimination (Datalog)
18:32:10 [INFO] Trie does not contain any elements
18:32:10 [INFO] Rule duration: 26 ms
18:32:10 [INFO] <<< STEP 167: APPLYING RULE 9 http://rulewerk.semantic-web.org/inferred/subClassOf(?C, ?E) :- http://rulewerk.semantic-web.org/inferred/subClassOf(?C, ?D), http://rulewerk.semantic-web.org/normalForm/subClassOf(?D, ?E) >>>
18:32:10 [INFO] Execution step: Body
18:32:10 [INFO] Saved temporary table: 46213 entries (313722)
18:32:10 [INFO] Execution step: Duplicate Elimination (Datalog)
18:32:10 [INFO] Saved permanent table http://rulewerk.semantic-web.org/inferred/subClassOf (167) Permutation { idx_to_val: [], val_to_idx: [] } with 46209 entries (313754)
18:32:10 [INFO] Rule duration: 77 ms
18:32:10 [INFO] <<< STEP 168: APPLYING RULE 9 http://rulewerk.semantic-web.org/inferred/subClassOf(?C, ?E) :- http://rulewerk.semantic-web.org/inferred/subClassOf(?C, ?D), http://rulewerk.semantic-web.org/normalForm/subClassOf(?D, ?E) >>>
18:32:10 [INFO] Execution step: Body
18:32:10 [INFO] Saved temporary table: 50609 entries (331306)
18:32:10 [INFO] Execution step: Duplicate Elimination (Datalog)
18:32:10 [INFO] Saved permanent table http://rulewerk.semantic-web.org/inferred/subClassOf (168) Permutation { idx_to_val: [], val_to_idx: [] } with 4055 entries (56674)
18:32:10 [INFO] Rule duration: 73 ms
18:32:10 [INFO] <<< STEP 169: APPLYING RULE 9 http://rulewerk.semantic-web.org/inferred/subClassOf(?C, ?E) :- http://rulewerk.semantic-web.org/inferred/subClassOf(?C, ?D), http://rulewerk.semantic-web.org/normalForm/subClassOf(?D, ?E) >>>
18:32:10 [INFO] Execution step: Body
18:32:10 [INFO] Saved temporary table: 989 entries (19990)
18:32:10 [INFO] Execution step: Duplicate Elimination (Datalog)
18:32:10 [INFO] Saved permanent table http://rulewerk.semantic-web.org/inferred/subClassOf (169) Permutation { idx_to_val: [], val_to_idx: [] } with 897 entries (19322)
18:32:10 [INFO] Rule duration: 5 ms
18:32:10 [INFO] <<< STEP 170: APPLYING RULE 9 http://rulewerk.semantic-web.org/inferred/subClassOf(?C, ?E) :- http://rulewerk.semantic-web.org/inferred/subClassOf(?C, ?D), http://rulewerk.semantic-web.org/normalForm/subClassOf(?D, ?E) >>>
18:32:10 [INFO] Execution step: Body
18:32:10 [INFO] Saved temporary table: 1692 entries (22418)
18:32:10 [INFO] Execution step: Duplicate Elimination (Datalog)
18:32:10 [INFO] Saved permanent table http://rulewerk.semantic-web.org/inferred/subClassOf (170) Permutation { idx_to_val: [], val_to_idx: [] } with 1688 entries (22450)
18:32:10 [INFO] Rule duration: 7 ms
18:32:10 [INFO] Execution step: Combining Tables
18:32:10 [INFO] Saved permanent table http://rulewerk.semantic-web.org/inferred/subClassOf (160-172) Permutation { idx_to_val: [], val_to_idx: [] } with 70990 entries (427458)
18:32:10 [INFO] <<< STEP 171: APPLYING RULE 9 http://rulewerk.semantic-web.org/inferred/subClassOf(?C, ?E) :- http://rulewerk.semantic-web.org/inferred/subClassOf(?C, ?D), http://rulewerk.semantic-web.org/normalForm/subClassOf(?D, ?E) >>>
18:32:10 [INFO] Execution step: Body
18:32:10 [INFO] Saved temporary table: 744 entries (18530)
18:32:10 [INFO] Execution step: Duplicate Elimination (Datalog)
18:32:10 [INFO] Saved permanent table http://rulewerk.semantic-web.org/inferred/subClassOf (171) Permutation { idx_to_val: [], val_to_idx: [] } with 737 entries (18550)
18:32:10 [INFO] Rule duration: 6 ms
18:32:10 [INFO] <<< STEP 172: APPLYING RULE 9 http://rulewerk.semantic-web.org/inferred/subClassOf(?C, ?E) :- http://rulewerk.semantic-web.org/inferred/subClassOf(?C, ?D), http://rulewerk.semantic-web.org/normalForm/subClassOf(?D, ?E) >>>
18:32:10 [INFO] Execution step: Body
18:32:10 [INFO] Saved temporary table: 706 entries (18198)
18:32:10 [INFO] Execution step: Duplicate Elimination (Datalog)
18:32:10 [INFO] Saved permanent table http://rulewerk.semantic-web.org/inferred/subClassOf (172) Permutation { idx_to_val: [], val_to_idx: [] } with 704 entries (18238)
18:32:10 [INFO] Rule duration: 6 ms
18:32:10 [INFO] <<< STEP 173: APPLYING RULE 9 http://rulewerk.semantic-web.org/inferred/subClassOf(?C, ?E) :- http://rulewerk.semantic-web.org/inferred/subClassOf(?C, ?D), http://rulewerk.semantic-web.org/normalForm/subClassOf(?D, ?E) >>>
18:32:10 [INFO] Execution step: Body
18:32:10 [INFO] Saved temporary table: 632 entries (16990)
18:32:10 [INFO] Execution step: Duplicate Elimination (Datalog)
18:32:10 [INFO] Saved permanent table http://rulewerk.semantic-web.org/inferred/subClassOf (173) Permutation { idx_to_val: [], val_to_idx: [] } with 619 entries (12228)
18:32:10 [INFO] Rule duration: 6 ms
18:32:10 [INFO] <<< STEP 174: APPLYING RULE 9 http://rulewerk.semantic-web.org/inferred/subClassOf(?C, ?E) :- http://rulewerk.semantic-web.org/inferred/subClassOf(?C, ?D), http://rulewerk.semantic-web.org/normalForm/subClassOf(?D, ?E) >>>
18:32:10 [INFO] Execution step: Body
18:32:10 [INFO] Saved temporary table: 102 entries (8714)
18:32:10 [INFO] Execution step: Duplicate Elimination (Datalog)
18:32:10 [INFO] Saved permanent table http://rulewerk.semantic-web.org/inferred/subClassOf (174) Permutation { idx_to_val: [], val_to_idx: [] } with 102 entries (8762)
18:32:10 [INFO] Rule duration: 2 ms
18:32:10 [INFO] <<< STEP 175: APPLYING RULE 9 http://rulewerk.semantic-web.org/inferred/subClassOf(?C, ?E) :- http://rulewerk.semantic-web.org/inferred/subClassOf(?C, ?D), http://rulewerk.semantic-web.org/normalForm/subClassOf(?D, ?E) >>>
18:32:10 [INFO] Execution step: Body
18:32:10 [INFO] Saved temporary table: 37 entries (8456)
18:32:10 [INFO] Execution step: Duplicate Elimination (Datalog)
18:32:10 [INFO] Saved permanent table http://rulewerk.semantic-web.org/inferred/subClassOf (175) Permutation { idx_to_val: [], val_to_idx: [] } with 37 entries (8504)
18:32:10 [INFO] Rule duration: 0 ms
18:32:10 [INFO] <<< STEP 176: APPLYING RULE 9 http://rulewerk.semantic-web.org/inferred/subClassOf(?C, ?E) :- http://rulewerk.semantic-web.org/inferred/subClassOf(?C, ?D), http://rulewerk.semantic-web.org/normalForm/subClassOf(?D, ?E) >>>
18:32:10 [INFO] Execution step: Body
18:32:10 [INFO] Saved temporary table: 22 entries (8032)
18:32:10 [INFO] Execution step: Duplicate Elimination (Datalog)
18:32:10 [INFO] Saved permanent table http://rulewerk.semantic-web.org/inferred/subClassOf (176) Permutation { idx_to_val: [], val_to_idx: [] } with 22 entries (8080)
18:32:10 [INFO] Rule duration: 0 ms
18:32:10 [INFO] <<< STEP 177: APPLYING RULE 9 http://rulewerk.semantic-web.org/inferred/subClassOf(?C, ?E) :- http://rulewerk.semantic-web.org/inferred/subClassOf(?C, ?D), http://rulewerk.semantic-web.org/normalForm/subClassOf(?D, ?E) >>>
18:32:10 [INFO] Execution step: Body
18:32:10 [INFO] Saved temporary table: 7 entries (7192)
18:32:10 [INFO] Execution step: Duplicate Elimination (Datalog)
18:32:10 [INFO] Saved permanent table http://rulewerk.semantic-web.org/inferred/subClassOf (177) Permutation { idx_to_val: [], val_to_idx: [] } with 7 entries (7240)
18:32:10 [INFO] Rule duration: 0 ms
18:32:10 [INFO] <<< STEP 178: APPLYING RULE 9 http://rulewerk.semantic-web.org/inferred/subClassOf(?C, ?E) :- http://rulewerk.semantic-web.org/inferred/subClassOf(?C, ?D), http://rulewerk.semantic-web.org/normalForm/subClassOf(?D, ?E) >>>
18:32:10 [INFO] Execution step: Body
18:32:10 [INFO] Saved temporary table: 5 entries (7080)
18:32:10 [INFO] Execution step: Duplicate Elimination (Datalog)
18:32:10 [INFO] Saved permanent table http://rulewerk.semantic-web.org/inferred/subClassOf (178) Permutation { idx_to_val: [], val_to_idx: [] } with 5 entries (7128)
18:32:10 [INFO] Rule duration: 0 ms
18:32:10 [INFO] Execution step: Combining Tables
18:32:10 [INFO] Saved permanent table http://rulewerk.semantic-web.org/inferred/subClassOf (172-180) Permutation { idx_to_val: [], val_to_idx: [] } with 1496 entries (21406)
18:32:10 [INFO] <<< STEP 179: APPLYING RULE 9 http://rulewerk.semantic-web.org/inferred/subClassOf(?C, ?E) :- http://rulewerk.semantic-web.org/inferred/subClassOf(?C, ?D), http://rulewerk.semantic-web.org/normalForm/subClassOf(?D, ?E) >>>
18:32:10 [INFO] Execution step: Body
18:32:10 [INFO] Saved temporary table: 1 entries (6856)
18:32:10 [INFO] Execution step: Duplicate Elimination (Datalog)
18:32:10 [INFO] Saved permanent table http://rulewerk.semantic-web.org/inferred/subClassOf (179) Permutation { idx_to_val: [], val_to_idx: [] } with 1 entries (6904)
18:32:10 [INFO] Rule duration: 0 ms
18:32:10 [INFO] <<< STEP 180: APPLYING RULE 9 http://rulewerk.semantic-web.org/inferred/subClassOf(?C, ?E) :- http://rulewerk.semantic-web.org/inferred/subClassOf(?C, ?D), http://rulewerk.semantic-web.org/normalForm/subClassOf(?D, ?E) >>>
18:32:10 [INFO] Execution step: Body
18:32:10 [INFO] Saved temporary table: 1 entries (6856)
18:32:10 [INFO] Execution step: Duplicate Elimination (Datalog)
18:32:10 [INFO] Saved permanent table http://rulewerk.semantic-web.org/inferred/subClassOf (180) Permutation { idx_to_val: [], val_to_idx: [] } with 1 entries (6904)
18:32:10 [INFO] Rule duration: 0 ms
18:32:10 [INFO] <<< STEP 181: APPLYING RULE 9 http://rulewerk.semantic-web.org/inferred/subClassOf(?C, ?E) :- http://rulewerk.semantic-web.org/inferred/subClassOf(?C, ?D), http://rulewerk.semantic-web.org/normalForm/subClassOf(?D, ?E) >>>
18:32:10 [INFO] Execution step: Body
18:32:10 [INFO] Saved temporary table: 3 entries (6864)
18:32:10 [INFO] Execution step: Duplicate Elimination (Datalog)
18:32:10 [INFO] Saved permanent table http://rulewerk.semantic-web.org/inferred/subClassOf (181) Permutation { idx_to_val: [], val_to_idx: [] } with 3 entries (6912)
18:32:10 [INFO] Rule duration: 0 ms
18:32:10 [INFO] <<< STEP 182: APPLYING RULE 9 http://rulewerk.semantic-web.org/inferred/subClassOf(?C, ?E) :- http://rulewerk.semantic-web.org/inferred/subClassOf(?C, ?D), http://rulewerk.semantic-web.org/normalForm/subClassOf(?D, ?E) >>>
18:32:10 [INFO] Execution step: Body
18:32:10 [INFO] Saved temporary table: 1 entries (6856)
18:32:10 [INFO] Execution step: Duplicate Elimination (Datalog)
18:32:10 [INFO] Saved permanent table http://rulewerk.semantic-web.org/inferred/subClassOf (182) Permutation { idx_to_val: [], val_to_idx: [] } with 1 entries (6904)
18:32:10 [INFO] Rule duration: 0 ms
18:32:10 [INFO] <<< STEP 183: APPLYING RULE 9 http://rulewerk.semantic-web.org/inferred/subClassOf(?C, ?E) :- http://rulewerk.semantic-web.org/inferred/subClassOf(?C, ?D), http://rulewerk.semantic-web.org/normalForm/subClassOf(?D, ?E) >>>
18:32:10 [INFO] Execution step: Body
18:32:10 [INFO] Saved temporary table: 1 entries (6856)
18:32:10 [INFO] Execution step: Duplicate Elimination (Datalog)
18:32:10 [INFO] Saved permanent table http://rulewerk.semantic-web.org/inferred/subClassOf (183) Permutation { idx_to_val: [], val_to_idx: [] } with 1 entries (6904)
18:32:10 [INFO] Rule duration: 0 ms
18:32:10 [INFO] <<< STEP 184: APPLYING RULE 9 http://rulewerk.semantic-web.org/inferred/subClassOf(?C, ?E) :- http://rulewerk.semantic-web.org/inferred/subClassOf(?C, ?D), http://rulewerk.semantic-web.org/normalForm/subClassOf(?D, ?E) >>>
18:32:10 [INFO] Execution step: Body
18:32:10 [INFO] Saved temporary table: 3 entries (6864)
18:32:10 [INFO] Execution step: Duplicate Elimination (Datalog)
18:32:10 [INFO] Saved permanent table http://rulewerk.semantic-web.org/inferred/subClassOf (184) Permutation { idx_to_val: [], val_to_idx: [] } with 3 entries (6912)
18:32:10 [INFO] Rule duration: 0 ms
18:32:10 [INFO] <<< STEP 185: APPLYING RULE 9 http://rulewerk.semantic-web.org/inferred/subClassOf(?C, ?E) :- http://rulewerk.semantic-web.org/inferred/subClassOf(?C, ?D), http://rulewerk.semantic-web.org/normalForm/subClassOf(?D, ?E) >>>
18:32:10 [INFO] Execution step: Body
18:32:10 [INFO] Saved temporary table: 1 entries (6856)
18:32:10 [INFO] Execution step: Duplicate Elimination (Datalog)
18:32:10 [INFO] Saved permanent table http://rulewerk.semantic-web.org/inferred/subClassOf (185) Permutation { idx_to_val: [], val_to_idx: [] } with 1 entries (6904)
18:32:10 [INFO] Rule duration: 0 ms
18:32:10 [INFO] <<< STEP 186: APPLYING RULE 9 http://rulewerk.semantic-web.org/inferred/subClassOf(?C, ?E) :- http://rulewerk.semantic-web.org/inferred/subClassOf(?C, ?D), http://rulewerk.semantic-web.org/normalForm/subClassOf(?D, ?E) >>>
18:32:10 [INFO] Execution step: Body
18:32:10 [INFO] Saved temporary table: 1 entries (6856)
18:32:10 [INFO] Execution step: Duplicate Elimination (Datalog)
18:32:10 [INFO] Saved permanent table http://rulewerk.semantic-web.org/inferred/subClassOf (186) Permutation { idx_to_val: [], val_to_idx: [] } with 1 entries (6904)
18:32:10 [INFO] Rule duration: 0 ms
18:32:10 [INFO] Execution step: Combining Tables
18:32:10 [INFO] Saved permanent table http://rulewerk.semantic-web.org/inferred/subClassOf (180-188) Permutation { idx_to_val: [], val_to_idx: [] } with 11 entries (6944)
18:32:10 [INFO] <<< STEP 187: APPLYING RULE 9 http://rulewerk.semantic-web.org/inferred/subClassOf(?C, ?E) :- http://rulewerk.semantic-web.org/inferred/subClassOf(?C, ?D), http://rulewerk.semantic-web.org/normalForm/subClassOf(?D, ?E) >>>
18:32:10 [INFO] Execution step: Body
18:32:10 [INFO] Saved temporary table: 1 entries (6856)
18:32:10 [INFO] Execution step: Duplicate Elimination (Datalog)
18:32:10 [INFO] Saved permanent table http://rulewerk.semantic-web.org/inferred/subClassOf (187) Permutation { idx_to_val: [], val_to_idx: [] } with 1 entries (6904)
18:32:10 [INFO] Rule duration: 0 ms
18:32:10 [INFO] <<< STEP 188: APPLYING RULE 9 http://rulewerk.semantic-web.org/inferred/subClassOf(?C, ?E) :- http://rulewerk.semantic-web.org/inferred/subClassOf(?C, ?D), http://rulewerk.semantic-web.org/normalForm/subClassOf(?D, ?E) >>>
18:32:10 [INFO] Execution step: Body
18:32:10 [INFO] Trie does not contain any elements
18:32:10 [INFO] Execution step: Duplicate Elimination (Datalog)
18:32:10 [INFO] Trie does not contain any elements
18:32:10 [INFO] Rule duration: 0 ms
18:32:10 [INFO] <<< STEP 189: APPLYING RULE 10 http://rulewerk.semantic-web.org/inferred/subClassOf(?E, "<http://www.w3.org/2002/07/owl#Nothing>") :- http://rulewerk.semantic-web.org/inferred/ex(?E, ?R, ?C), http://rulewerk.semantic-web.org/inferred/subClassOf(?C, ?_BODY_1), Equal(?_BODY_1, "<http://www.w3.org/2002/07/owl#Nothing>") >>>
18:32:10 [INFO] Execution step: Body
18:32:10 [INFO] Trie does not contain any elements
18:32:10 [INFO] Execution step: Duplicate Elimination (Datalog)
18:32:10 [INFO] Trie does not contain any elements
18:32:10 [INFO] Rule duration: 15 ms
18:32:10 [INFO] <<< STEP 190: APPLYING RULE 1 http://rulewerk.semantic-web.org/inferred/init(?C) :- http://rulewerk.semantic-web.org/inferred/ex(?E, ?R, ?C) >>>
18:32:10 [INFO] Execution step: Body
18:32:10 [INFO] Saved temporary table: 988 entries (7352)
18:32:10 [INFO] Execution step: Duplicate Elimination (Datalog)
18:32:10 [INFO] Saved permanent table http://rulewerk.semantic-web.org/inferred/init (190) Permutation { idx_to_val: [], val_to_idx: [] } with 4 entries (3464)
18:32:10 [INFO] Rule duration: 0 ms
18:32:10 [INFO] <<< STEP 191: APPLYING RULE 2 http://rulewerk.semantic-web.org/inferred/subClassOf(?C, ?C) :- http://rulewerk.semantic-web.org/inferred/init(?C) >>>
18:32:10 [INFO] Execution step: Body
18:32:10 [INFO] Saved temporary table: 4 entries (3416)
18:32:10 [INFO] Execution step: Duplicate Elimination (Datalog)
18:32:10 [INFO] Saved permanent table http://rulewerk.semantic-web.org/inferred/subClassOf (191) Permutation { idx_to_val: [], val_to_idx: [] } with 4 entries (7072)
18:32:10 [INFO] Rule duration: 0 ms
18:32:10 [INFO] <<< STEP 192: APPLYING RULE 4 http://rulewerk.semantic-web.org/inferred/subClassOf(?C, ?D1), http://rulewerk.semantic-web.org/inferred/subClassOf(?C, ?D2) :- http://rulewerk.semantic-web.org/inferred/subClassOf(?C, ?Y), http://rulewerk.semantic-web.org/normalForm/conj(?Y, ?D1, ?D2) >>>
18:32:10 [INFO] Execution step: Body
18:32:10 [INFO] Saved temporary table: 30489 entries (254414)
18:32:10 [INFO] Saved temporary table: 45784 entries (315594)
18:32:10 [INFO] Execution step: Duplicate Elimination (Datalog)
18:32:10 [INFO] Saved permanent table http://rulewerk.semantic-web.org/inferred/subClassOf (192) Permutation { idx_to_val: [], val_to_idx: [] } with 502 entries (12342)
18:32:10 [INFO] Rule duration: 141 ms
18:32:10 [INFO] <<< STEP 193: APPLYING RULE 4 http://rulewerk.semantic-web.org/inferred/subClassOf(?C, ?D1), http://rulewerk.semantic-web.org/inferred/subClassOf(?C, ?D2) :- http://rulewerk.semantic-web.org/inferred/subClassOf(?C, ?Y), http://rulewerk.semantic-web.org/normalForm/conj(?Y, ?D1, ?D2) >>>
18:32:10 [INFO] Execution step: Body
18:32:10 [INFO] Saved temporary table: 10 entries (7360)
18:32:10 [INFO] Saved temporary table: 10 entries (7360)
18:32:10 [INFO] Execution step: Duplicate Elimination (Datalog)
18:32:10 [INFO] Saved permanent table http://rulewerk.semantic-web.org/inferred/subClassOf (193) Permutation { idx_to_val: [], val_to_idx: [] } with 18 entries (7440)
18:32:10 [INFO] Rule duration: 0 ms
18:32:10 [INFO] <<< STEP 194: APPLYING RULE 4 http://rulewerk.semantic-web.org/inferred/subClassOf(?C, ?D1), http://rulewerk.semantic-web.org/inferred/subClassOf(?C, ?D2) :- http://rulewerk.semantic-web.org/inferred/subClassOf(?C, ?Y), http://rulewerk.semantic-web.org/normalForm/conj(?Y, ?D1, ?D2) >>>
18:32:10 [INFO] Execution step: Body
18:32:10 [INFO] Saved temporary table: 2 entries (6912)
18:32:10 [INFO] Saved temporary table: 2 entries (6912)
18:32:10 [INFO] Execution step: Duplicate Elimination (Datalog)
18:32:10 [INFO] Saved permanent table http://rulewerk.semantic-web.org/inferred/subClassOf (194) Permutation { idx_to_val: [], val_to_idx: [] } with 3 entries (6964)
18:32:10 [INFO] Rule duration: 0 ms
18:32:10 [INFO] <<< STEP 195: APPLYING RULE 4 http://rulewerk.semantic-web.org/inferred/subClassOf(?C, ?D1), http://rulewerk.semantic-web.org/inferred/subClassOf(?C, ?D2) :- http://rulewerk.semantic-web.org/inferred/subClassOf(?C, ?Y), http://rulewerk.semantic-web.org/normalForm/conj(?Y, ?D1, ?D2) >>>
18:32:10 [INFO] Execution step: Body
18:32:10 [INFO] Trie does not contain any elements
18:32:10 [INFO] Trie does not contain any elements
18:32:10 [INFO] Execution step: Duplicate Elimination (Datalog)
18:32:10 [INFO] Trie does not contain any elements
18:32:10 [INFO] Rule duration: 0 ms
18:32:10 [INFO] <<< STEP 196: APPLYING RULE 5 http://rulewerk.semantic-web.org/inferred/subClassOf(?C, ?I) :- http://rulewerk.semantic-web.org/inferred/subClassOf(?C, ?D1), http://rulewerk.semantic-web.org/inferred/subClassOf(?C, ?D2), http://rulewerk.semantic-web.org/normalForm/conj(?I, ?D1, ?D2), http://rulewerk.semantic-web.org/normalForm/isSubClass(?I) >>>
18:32:10 [INFO] Execution step: Body
18:32:11 [INFO] Saved temporary table: 26984 entries (188830)
18:32:11 [INFO] Execution step: Duplicate Elimination (Datalog)
18:32:11 [INFO] Saved permanent table http://rulewerk.semantic-web.org/inferred/subClassOf (196) Permutation { idx_to_val: [], val_to_idx: [] } with 26709 entries (186638)
18:32:11 [INFO] Rule duration: 390 ms
18:32:11 [INFO] <<< STEP 197: APPLYING RULE 5 http://rulewerk.semantic-web.org/inferred/subClassOf(?C, ?I) :- http://rulewerk.semantic-web.org/inferred/subClassOf(?C, ?D1), http://rulewerk.semantic-web.org/inferred/subClassOf(?C, ?D2), http://rulewerk.semantic-web.org/normalForm/conj(?I, ?D1, ?D2), http://rulewerk.semantic-web.org/normalForm/isSubClass(?I) >>>
18:32:11 [INFO] Execution step: Body
18:32:11 [INFO] Saved temporary table: 2580 entries (36818)
18:32:11 [INFO] Execution step: Duplicate Elimination (Datalog)
18:32:11 [INFO] Saved permanent table http://rulewerk.semantic-web.org/inferred/subClassOf (197) Permutation { idx_to_val: [], val_to_idx: [] } with 2580 entries (36866)
18:32:11 [INFO] Rule duration: 182 ms
18:32:11 [INFO] <<< STEP 198: APPLYING RULE 5 http://rulewerk.semantic-web.org/inferred/subClassOf(?C, ?I) :- http://rulewerk.semantic-web.org/inferred/subClassOf(?C, ?D1), http://rulewerk.semantic-web.org/inferred/subClassOf(?C, ?D2), http://rulewerk.semantic-web.org/normalForm/conj(?I, ?D1, ?D2), http://rulewerk.semantic-web.org/normalForm/isSubClass(?I) >>>
18:32:11 [INFO] Execution step: Body
18:32:11 [INFO] Saved temporary table: 7 entries (7192)
18:32:11 [INFO] Execution step: Duplicate Elimination (Datalog)
18:32:11 [INFO] Saved permanent table http://rulewerk.semantic-web.org/inferred/subClassOf (198) Permutation { idx_to_val: [], val_to_idx: [] } with 7 entries (7240)
18:32:11 [INFO] Rule duration: 59 ms
18:32:11 [INFO] Execution step: Combining Tables
18:32:11 [INFO] Saved permanent table http://rulewerk.semantic-web.org/inferred/subClassOf (188-200) Permutation { idx_to_val: [], val_to_idx: [] } with 29823 entries (200234)
18:32:11 [INFO] <<< STEP 199: APPLYING RULE 5 http://rulewerk.semantic-web.org/inferred/subClassOf(?C, ?I) :- http://rulewerk.semantic-web.org/inferred/subClassOf(?C, ?D1), http://rulewerk.semantic-web.org/inferred/subClassOf(?C, ?D2), http://rulewerk.semantic-web.org/normalForm/conj(?I, ?D1, ?D2), http://rulewerk.semantic-web.org/normalForm/isSubClass(?I) >>>
18:32:11 [INFO] Execution step: Body
18:32:11 [INFO] Trie does not contain any elements
18:32:11 [INFO] Execution step: Duplicate Elimination (Datalog)
18:32:11 [INFO] Trie does not contain any elements
18:32:11 [INFO] Rule duration: 1 ms
18:32:11 [INFO] <<< STEP 200: APPLYING RULE 6 http://rulewerk.semantic-web.org/inferred/ex(?E, ?R, ?C) :- http://rulewerk.semantic-web.org/inferred/subClassOf(?E, ?Y), http://rulewerk.semantic-web.org/normalForm/exists(?Y, ?R, ?C) >>>
18:32:11 [INFO] Execution step: Body
18:32:11 [INFO] Saved temporary table: 22389 entries (388968)
18:32:11 [INFO] Execution step: Duplicate Elimination (Datalog)
18:32:11 [INFO] Saved permanent table http://rulewerk.semantic-web.org/inferred/ex (200) Permutation { idx_to_val: [], val_to_idx: [] } with 22389 entries (389016)
18:32:11 [INFO] Rule duration: 43 ms
18:32:11 [INFO] <<< STEP 201: APPLYING RULE 7 http://rulewerk.semantic-web.org/inferred/subClassOf(?E, ?Y) :- http://rulewerk.semantic-web.org/inferred/ex(?E, ?R, ?C), http://rulewerk.semantic-web.org/inferred/subClassOf(?C, ?D), http://rulewerk.semantic-web.org/normalForm/subProp(?R, ?S), http://rulewerk.semantic-web.org/normalForm/exists(?Y, ?S, ?D), http://rulewerk.semantic-web.org/normalForm/isSubClass(?Y) >>>
18:32:11 [INFO] Execution step: Body
18:32:11 [INFO] Saved temporary table: 50875 entries (314178)
18:32:11 [INFO] Execution step: Duplicate Elimination (Datalog)
18:32:11 [INFO] Saved permanent table http://rulewerk.semantic-web.org/inferred/subClassOf (201) Permutation { idx_to_val: [], val_to_idx: [] } with 7641 entries (83978)
18:32:11 [INFO] Rule duration: 401 ms
18:32:11 [INFO] <<< STEP 202: APPLYING RULE 7 http://rulewerk.semantic-web.org/inferred/subClassOf(?E, ?Y) :- http://rulewerk.semantic-web.org/inferred/ex(?E, ?R, ?C), http://rulewerk.semantic-web.org/inferred/subClassOf(?C, ?D), http://rulewerk.semantic-web.org/normalForm/subProp(?R, ?S), http://rulewerk.semantic-web.org/normalForm/exists(?Y, ?S, ?D), http://rulewerk.semantic-web.org/normalForm/isSubClass(?Y) >>>
18:32:11 [INFO] Execution step: Body
18:32:11 [INFO] Trie does not contain any elements
18:32:11 [INFO] Execution step: Duplicate Elimination (Datalog)
18:32:11 [INFO] Trie does not contain any elements
18:32:11 [INFO] Rule duration: 3 ms
18:32:11 [INFO] <<< STEP 203: APPLYING RULE 8 http://rulewerk.semantic-web.org/inferred/ex(?E, ?S, ?D) :- http://rulewerk.semantic-web.org/inferred/ex(?E, ?R1, ?C), http://rulewerk.semantic-web.org/inferred/ex(?C, ?R2, ?D), http://rulewerk.semantic-web.org/normalForm/subProp(?R1, ?S1), http://rulewerk.semantic-web.org/normalForm/subProp(?R2, ?S2), http://rulewerk.semantic-web.org/normalForm/subPropChain(?S1, ?S2, ?S) >>>
18:32:11 [INFO] Execution step: Body
18:32:11 [INFO] Trie does not contain any elements
18:32:11 [INFO] Execution step: Duplicate Elimination (Datalog)
18:32:11 [INFO] Trie does not contain any elements
18:32:11 [INFO] Rule duration: 7 ms
18:32:11 [INFO] <<< STEP 204: APPLYING RULE 9 http://rulewerk.semantic-web.org/inferred/subClassOf(?C, ?E) :- http://rulewerk.semantic-web.org/inferred/subClassOf(?C, ?D), http://rulewerk.semantic-web.org/normalForm/subClassOf(?D, ?E) >>>
18:32:11 [INFO] Execution step: Body
18:32:11 [INFO] Saved temporary table: 21281 entries (163306)
18:32:11 [INFO] Execution step: Duplicate Elimination (Datalog)
18:32:11 [INFO] Saved permanent table http://rulewerk.semantic-web.org/inferred/subClassOf (204) Permutation { idx_to_val: [], val_to_idx: [] } with 21281 entries (163354)
18:32:11 [INFO] Rule duration: 54 ms
18:32:11 [INFO] <<< STEP 205: APPLYING RULE 9 http://rulewerk.semantic-web.org/inferred/subClassOf(?C, ?E) :- http://rulewerk.semantic-web.org/inferred/subClassOf(?C, ?D), http://rulewerk.semantic-web.org/normalForm/subClassOf(?D, ?E) >>>
18:32:11 [INFO] Execution step: Body
18:32:11 [INFO] Saved temporary table: 23595 entries (172562)
18:32:11 [INFO] Execution step: Duplicate Elimination (Datalog)
18:32:11 [INFO] Saved permanent table http://rulewerk.semantic-web.org/inferred/subClassOf (205) Permutation { idx_to_val: [], val_to_idx: [] } with 1338 entries (24686)
18:32:11 [INFO] Rule duration: 40 ms
18:32:11 [INFO] <<< STEP 206: APPLYING RULE 9 http://rulewerk.semantic-web.org/inferred/subClassOf(?C, ?E) :- http://rulewerk.semantic-web.org/inferred/subClassOf(?C, ?D), http://rulewerk.semantic-web.org/normalForm/subClassOf(?D, ?E) >>>
18:32:11 [INFO] Execution step: Body
18:32:11 [INFO] Saved temporary table: 284 entries (11278)
18:32:11 [INFO] Execution step: Duplicate Elimination (Datalog)
18:32:11 [INFO] Saved permanent table http://rulewerk.semantic-web.org/inferred/subClassOf (206) Permutation { idx_to_val: [], val_to_idx: [] } with 256 entries (11154)
18:32:11 [INFO] Rule duration: 2 ms
18:32:11 [INFO] <<< STEP 207: APPLYING RULE 9 http://rulewerk.semantic-web.org/inferred/subClassOf(?C, ?E) :- http://rulewerk.semantic-web.org/inferred/subClassOf(?C, ?D), http://rulewerk.semantic-web.org/normalForm/subClassOf(?D, ?E) >>>
18:32:11 [INFO] Execution step: Body
18:32:11 [INFO] Saved temporary table: 502 entries (12090)
18:32:11 [INFO] Execution step: Duplicate Elimination (Datalog)
18:32:11 [INFO] Saved permanent table http://rulewerk.semantic-web.org/inferred/subClassOf (207) Permutation { idx_to_val: [], val_to_idx: [] } with 502 entries (12138)
18:32:11 [INFO] Rule duration: 1 ms
18:32:11 [INFO] <<< STEP 208: APPLYING RULE 9 http://rulewerk.semantic-web.org/inferred/subClassOf(?C, ?E) :- http://rulewerk.semantic-web.org/inferred/subClassOf(?C, ?D), http://rulewerk.semantic-web.org/normalForm/subClassOf(?D, ?E) >>>
18:32:11 [INFO] Execution step: Body
18:32:11 [INFO] Saved temporary table: 254 entries (11098)
18:32:11 [INFO] Execution step: Duplicate Elimination (Datalog)
18:32:11 [INFO] Saved permanent table http://rulewerk.semantic-web.org/inferred/subClassOf (208) Permutation { idx_to_val: [], val_to_idx: [] } with 252 entries (11138)
18:32:11 [INFO] Rule duration: 1 ms
18:32:11 [INFO] <<< STEP 209: APPLYING RULE 9 http://rulewerk.semantic-web.org/inferred/subClassOf(?C, ?E) :- http://rulewerk.semantic-web.org/inferred/subClassOf(?C, ?D), http://rulewerk.semantic-web.org/normalForm/subClassOf(?D, ?E) >>>
18:32:11 [INFO] Execution step: Body
18:32:11 [INFO] Saved temporary table: 250 entries (11058)
18:32:11 [INFO] Execution step: Duplicate Elimination (Datalog)
18:32:11 [INFO] Saved permanent table http://rulewerk.semantic-web.org/inferred/subClassOf (209) Permutation { idx_to_val: [], val_to_idx: [] } with 250 entries (11106)
18:32:11 [INFO] Rule duration: 1 ms
18:32:11 [INFO] <<< STEP 210: APPLYING RULE 9 http://rulewerk.semantic-web.org/inferred/subClassOf(?C, ?E) :- http://rulewerk.semantic-web.org/inferred/subClassOf(?C, ?D), http://rulewerk.semantic-web.org/normalForm/subClassOf(?D, ?E) >>>
18:32:11 [INFO] Execution step: Body
18:32:11 [INFO] Saved temporary table: 258 entries (11066)
18:32:11 [INFO] Execution step: Duplicate Elimination (Datalog)
18:32:11 [INFO] Saved permanent table http://rulewerk.semantic-web.org/inferred/subClassOf (210) Permutation { idx_to_val: [], val_to_idx: [] } with 252 entries (11090)
18:32:11 [INFO] Rule duration: 1 ms
18:32:11 [INFO] Execution step: Combining Tables
18:32:11 [INFO] Saved permanent table http://rulewerk.semantic-web.org/inferred/subClassOf (200-212) Permutation { idx_to_val: [], val_to_idx: [] } with 31772 entries (222274)
18:32:11 [INFO] <<< STEP 211: APPLYING RULE 9 http://rulewerk.semantic-web.org/inferred/subClassOf(?C, ?E) :- http://rulewerk.semantic-web.org/inferred/subClassOf(?C, ?D), http://rulewerk.semantic-web.org/normalForm/subClassOf(?D, ?E) >>>
18:32:11 [INFO] Execution step: Body
18:32:11 [INFO] Saved temporary table: 108 entries (8052)
18:32:11 [INFO] Execution step: Duplicate Elimination (Datalog)
18:32:11 [INFO] Saved permanent table http://rulewerk.semantic-web.org/inferred/subClassOf (211) Permutation { idx_to_val: [], val_to_idx: [] } with 108 entries (8100)
18:32:11 [INFO] Rule duration: 0 ms
18:32:11 [INFO] <<< STEP 212: APPLYING RULE 9 http://rulewerk.semantic-web.org/inferred/subClassOf(?C, ?E) :- http://rulewerk.semantic-web.org/inferred/subClassOf(?C, ?D), http://rulewerk.semantic-web.org/normalForm/subClassOf(?D, ?E) >>>
18:32:11 [INFO] Execution step: Body
18:32:11 [INFO] Saved temporary table: 5 entries (7080)
18:32:11 [INFO] Execution step: Duplicate Elimination (Datalog)
18:32:11 [INFO] Saved permanent table http://rulewerk.semantic-web.org/inferred/subClassOf (212) Permutation { idx_to_val: [], val_to_idx: [] } with 5 entries (7128)
18:32:11 [INFO] Rule duration: 0 ms
18:32:11 [INFO] <<< STEP 213: APPLYING RULE 9 http://rulewerk.semantic-web.org/inferred/subClassOf(?C, ?E) :- http://rulewerk.semantic-web.org/inferred/subClassOf(?C, ?D), http://rulewerk.semantic-web.org/normalForm/subClassOf(?D, ?E) >>>
18:32:11 [INFO] Execution step: Body
18:32:11 [INFO] Saved temporary table: 5 entries (7080)
18:32:11 [INFO] Execution step: Duplicate Elimination (Datalog)
18:32:11 [INFO] Saved permanent table http://rulewerk.semantic-web.org/inferred/subClassOf (213) Permutation { idx_to_val: [], val_to_idx: [] } with 5 entries (7128)
18:32:11 [INFO] Rule duration: 0 ms
18:32:11 [INFO] <<< STEP 214: APPLYING RULE 9 http://rulewerk.semantic-web.org/inferred/subClassOf(?C, ?E) :- http://rulewerk.semantic-web.org/inferred/subClassOf(?C, ?D), http://rulewerk.semantic-web.org/normalForm/subClassOf(?D, ?E) >>>
18:32:11 [INFO] Execution step: Body
18:32:11 [INFO] Trie does not contain any elements
18:32:11 [INFO] Execution step: Duplicate Elimination (Datalog)
18:32:11 [INFO] Trie does not contain any elements
18:32:11 [INFO] Rule duration: 0 ms
18:32:11 [INFO] <<< STEP 215: APPLYING RULE 10 http://rulewerk.semantic-web.org/inferred/subClassOf(?E, "<http://www.w3.org/2002/07/owl#Nothing>") :- http://rulewerk.semantic-web.org/inferred/ex(?E, ?R, ?C), http://rulewerk.semantic-web.org/inferred/subClassOf(?C, ?_BODY_1), Equal(?_BODY_1, "<http://www.w3.org/2002/07/owl#Nothing>") >>>
18:32:11 [INFO] Execution step: Body
18:32:11 [INFO] Trie does not contain any elements
18:32:11 [INFO] Execution step: Duplicate Elimination (Datalog)
18:32:11 [INFO] Trie does not contain any elements
18:32:11 [INFO] Rule duration: 7 ms
18:32:11 [INFO] <<< STEP 216: APPLYING RULE 1 http://rulewerk.semantic-web.org/inferred/init(?C) :- http://rulewerk.semantic-web.org/inferred/ex(?E, ?R, ?C) >>>
18:32:11 [INFO] Execution step: Body
18:32:11 [INFO] Saved temporary table: 487 entries (5348)
18:32:11 [INFO] Execution step: Duplicate Elimination (Datalog)
18:32:11 [INFO] Trie does not contain any elements
18:32:11 [INFO] Rule duration: 0 ms
18:32:11 [INFO] <<< STEP 217: APPLYING RULE 2 http://rulewerk.semantic-web.org/inferred/subClassOf(?C, ?C) :- http://rulewerk.semantic-web.org/inferred/init(?C) >>>
18:32:11 [INFO] Execution step: Body
18:32:11 [INFO] Trie does not contain any elements
18:32:11 [INFO] Execution step: Duplicate Elimination (Datalog)
18:32:11 [INFO] Trie does not contain any elements
18:32:11 [INFO] Rule duration: 0 ms
18:32:11 [INFO] <<< STEP 218: APPLYING RULE 4 http://rulewerk.semantic-web.org/inferred/subClassOf(?C, ?D1), http://rulewerk.semantic-web.org/inferred/subClassOf(?C, ?D2) :- http://rulewerk.semantic-web.org/inferred/subClassOf(?C, ?Y), http://rulewerk.semantic-web.org/normalForm/conj(?Y, ?D1, ?D2) >>>
18:32:11 [INFO] Execution step: Body
18:32:12 [INFO] Saved temporary table: 17479 entries (149766)
18:32:12 [INFO] Saved temporary table: 21175 entries (164550)
18:32:12 [INFO] Execution step: Duplicate Elimination (Datalog)
18:32:12 [INFO] Saved permanent table http://rulewerk.semantic-web.org/inferred/subClassOf (218) Permutation { idx_to_val: [], val_to_idx: [] } with 25 entries (7676)
18:32:12 [INFO] Rule duration: 90 ms
18:32:12 [INFO] <<< STEP 219: APPLYING RULE 4 http://rulewerk.semantic-web.org/inferred/subClassOf(?C, ?D1), http://rulewerk.semantic-web.org/inferred/subClassOf(?C, ?D2) :- http://rulewerk.semantic-web.org/inferred/subClassOf(?C, ?Y), http://rulewerk.semantic-web.org/normalForm/conj(?Y, ?D1, ?D2) >>>
18:32:12 [INFO] Execution step: Body
18:32:12 [INFO] Saved temporary table: 1 entries (6856)
18:32:12 [INFO] Saved temporary table: 1 entries (6856)
18:32:12 [INFO] Execution step: Duplicate Elimination (Datalog)
18:32:12 [INFO] Saved permanent table http://rulewerk.semantic-web.org/inferred/subClassOf (219) Permutation { idx_to_val: [], val_to_idx: [] } with 2 entries (6908)
18:32:12 [INFO] Rule duration: 1 ms
18:32:12 [INFO] <<< STEP 220: APPLYING RULE 4 http://rulewerk.semantic-web.org/inferred/subClassOf(?C, ?D1), http://rulewerk.semantic-web.org/inferred/subClassOf(?C, ?D2) :- http://rulewerk.semantic-web.org/inferred/subClassOf(?C, ?Y), http://rulewerk.semantic-web.org/normalForm/conj(?Y, ?D1, ?D2) >>>
18:32:12 [INFO] Execution step: Body
18:32:12 [INFO] Trie does not contain any elements
18:32:12 [INFO] Trie does not contain any elements
18:32:12 [INFO] Execution step: Duplicate Elimination (Datalog)
18:32:12 [INFO] Trie does not contain any elements
18:32:12 [INFO] Rule duration: 0 ms
18:32:12 [INFO] <<< STEP 221: APPLYING RULE 5 http://rulewerk.semantic-web.org/inferred/subClassOf(?C, ?I) :- http://rulewerk.semantic-web.org/inferred/subClassOf(?C, ?D1), http://rulewerk.semantic-web.org/inferred/subClassOf(?C, ?D2), http://rulewerk.semantic-web.org/normalForm/conj(?I, ?D1, ?D2), http://rulewerk.semantic-web.org/normalForm/isSubClass(?I) >>>
18:32:12 [INFO] Execution step: Body
18:32:12 [INFO] Saved temporary table: 10310 entries (85618)
18:32:12 [INFO] Execution step: Duplicate Elimination (Datalog)
18:32:12 [INFO] Saved permanent table http://rulewerk.semantic-web.org/inferred/subClassOf (221) Permutation { idx_to_val: [], val_to_idx: [] } with 10295 entries (85606)
18:32:12 [INFO] Rule duration: 299 ms
18:32:12 [INFO] <<< STEP 222: APPLYING RULE 5 http://rulewerk.semantic-web.org/inferred/subClassOf(?C, ?I) :- http://rulewerk.semantic-web.org/inferred/subClassOf(?C, ?D1), http://rulewerk.semantic-web.org/inferred/subClassOf(?C, ?D2), http://rulewerk.semantic-web.org/normalForm/conj(?I, ?D1, ?D2), http://rulewerk.semantic-web.org/normalForm/isSubClass(?I) >>>
18:32:12 [INFO] Execution step: Body
18:32:12 [INFO] Saved temporary table: 1197 entries (21158)
18:32:12 [INFO] Execution step: Duplicate Elimination (Datalog)
18:32:12 [INFO] Saved permanent table http://rulewerk.semantic-web.org/inferred/subClassOf (222) Permutation { idx_to_val: [], val_to_idx: [] } with 1197 entries (21206)
18:32:12 [INFO] Rule duration: 117 ms
18:32:12 [INFO] <<< STEP 223: APPLYING RULE 5 http://rulewerk.semantic-web.org/inferred/subClassOf(?C, ?I) :- http://rulewerk.semantic-web.org/inferred/subClassOf(?C, ?D1), http://rulewerk.semantic-web.org/inferred/subClassOf(?C, ?D2), http://rulewerk.semantic-web.org/normalForm/conj(?I, ?D1, ?D2), http://rulewerk.semantic-web.org/normalForm/isSubClass(?I) >>>
18:32:12 [INFO] Execution step: Body
18:32:12 [INFO] Saved temporary table: 10 entries (7360)
18:32:12 [INFO] Execution step: Duplicate Elimination (Datalog)
18:32:12 [INFO] Saved permanent table http://rulewerk.semantic-web.org/inferred/subClassOf (223) Permutation { idx_to_val: [], val_to_idx: [] } with 10 entries (7408)
18:32:12 [INFO] Rule duration: 26 ms
18:32:12 [INFO] Execution step: Combining Tables
18:32:12 [INFO] Saved permanent table http://rulewerk.semantic-web.org/inferred/subClassOf (212-225) Permutation { idx_to_val: [], val_to_idx: [] } with 11539 entries (90582)
18:32:12 [INFO] <<< STEP 224: APPLYING RULE 5 http://rulewerk.semantic-web.org/inferred/subClassOf(?C, ?I) :- http://rulewerk.semantic-web.org/inferred/subClassOf(?C, ?D1), http://rulewerk.semantic-web.org/inferred/subClassOf(?C, ?D2), http://rulewerk.semantic-web.org/normalForm/conj(?I, ?D1, ?D2), http://rulewerk.semantic-web.org/normalForm/isSubClass(?I) >>>
18:32:12 [INFO] Execution step: Body
18:32:12 [INFO] Trie does not contain any elements
18:32:12 [INFO] Execution step: Duplicate Elimination (Datalog)
18:32:12 [INFO] Trie does not contain any elements
18:32:12 [INFO] Rule duration: 1 ms
18:32:12 [INFO] <<< STEP 225: APPLYING RULE 6 http://rulewerk.semantic-web.org/inferred/ex(?E, ?R, ?C) :- http://rulewerk.semantic-web.org/inferred/subClassOf(?E, ?Y), http://rulewerk.semantic-web.org/normalForm/exists(?Y, ?R, ?C) >>>
18:32:12 [INFO] Execution step: Body
18:32:12 [INFO] Saved temporary table: 8897 entries (173552)
18:32:12 [INFO] Execution step: Duplicate Elimination (Datalog)
18:32:12 [INFO] Saved permanent table http://rulewerk.semantic-web.org/inferred/ex (225) Permutation { idx_to_val: [], val_to_idx: [] } with 8897 entries (173600)
18:32:12 [INFO] Rule duration: 36 ms
18:32:12 [INFO] <<< STEP 226: APPLYING RULE 7 http://rulewerk.semantic-web.org/inferred/subClassOf(?E, ?Y) :- http://rulewerk.semantic-web.org/inferred/ex(?E, ?R, ?C), http://rulewerk.semantic-web.org/inferred/subClassOf(?C, ?D), http://rulewerk.semantic-web.org/normalForm/subProp(?R, ?S), http://rulewerk.semantic-web.org/normalForm/exists(?Y, ?S, ?D), http://rulewerk.semantic-web.org/normalForm/isSubClass(?Y) >>>
18:32:12 [INFO] Execution step: Body
18:32:12 [INFO] Saved temporary table: 18389 entries (136438)
18:32:12 [INFO] Execution step: Duplicate Elimination (Datalog)
18:32:12 [INFO] Saved permanent table http://rulewerk.semantic-web.org/inferred/subClassOf (226) Permutation { idx_to_val: [], val_to_idx: [] } with 2027 entries (29698)
18:32:12 [INFO] Rule duration: 162 ms
18:32:12 [INFO] <<< STEP 227: APPLYING RULE 7 http://rulewerk.semantic-web.org/inferred/subClassOf(?E, ?Y) :- http://rulewerk.semantic-web.org/inferred/ex(?E, ?R, ?C), http://rulewerk.semantic-web.org/inferred/subClassOf(?C, ?D), http://rulewerk.semantic-web.org/normalForm/subProp(?R, ?S), http://rulewerk.semantic-web.org/normalForm/exists(?Y, ?S, ?D), http://rulewerk.semantic-web.org/normalForm/isSubClass(?Y) >>>
18:32:12 [INFO] Execution step: Body
18:32:12 [INFO] Trie does not contain any elements
18:32:12 [INFO] Execution step: Duplicate Elimination (Datalog)
18:32:12 [INFO] Trie does not contain any elements
18:32:12 [INFO] Rule duration: 2 ms
18:32:12 [INFO] <<< STEP 228: APPLYING RULE 8 http://rulewerk.semantic-web.org/inferred/ex(?E, ?S, ?D) :- http://rulewerk.semantic-web.org/inferred/ex(?E, ?R1, ?C), http://rulewerk.semantic-web.org/inferred/ex(?C, ?R2, ?D), http://rulewerk.semantic-web.org/normalForm/subProp(?R1, ?S1), http://rulewerk.semantic-web.org/normalForm/subProp(?R2, ?S2), http://rulewerk.semantic-web.org/normalForm/subPropChain(?S1, ?S2, ?S) >>>
18:32:12 [INFO] Execution step: Body
18:32:12 [INFO] Trie does not contain any elements
18:32:12 [INFO] Execution step: Duplicate Elimination (Datalog)
18:32:12 [INFO] Trie does not contain any elements
18:32:12 [INFO] Rule duration: 2 ms
18:32:12 [INFO] <<< STEP 229: APPLYING RULE 9 http://rulewerk.semantic-web.org/inferred/subClassOf(?C, ?E) :- http://rulewerk.semantic-web.org/inferred/subClassOf(?C, ?D), http://rulewerk.semantic-web.org/normalForm/subClassOf(?D, ?E) >>>
18:32:12 [INFO] Execution step: Body
18:32:12 [INFO] Saved temporary table: 8028 entries (73886)
18:32:12 [INFO] Execution step: Duplicate Elimination (Datalog)
18:32:12 [INFO] Saved permanent table http://rulewerk.semantic-web.org/inferred/subClassOf (229) Permutation { idx_to_val: [], val_to_idx: [] } with 8028 entries (73934)
18:32:12 [INFO] Rule duration: 19 ms
18:32:12 [INFO] <<< STEP 230: APPLYING RULE 9 http://rulewerk.semantic-web.org/inferred/subClassOf(?C, ?E) :- http://rulewerk.semantic-web.org/inferred/subClassOf(?C, ?D), http://rulewerk.semantic-web.org/normalForm/subClassOf(?D, ?E) >>>
18:32:12 [INFO] Execution step: Body
18:32:12 [INFO] Saved temporary table: 8955 entries (77594)
18:32:12 [INFO] Execution step: Duplicate Elimination (Datalog)
18:32:12 [INFO] Saved permanent table http://rulewerk.semantic-web.org/inferred/subClassOf (230) Permutation { idx_to_val: [], val_to_idx: [] } with 642 entries (16166)
18:32:12 [INFO] Rule duration: 26 ms
18:32:12 [INFO] <<< STEP 231: APPLYING RULE 9 http://rulewerk.semantic-web.org/inferred/subClassOf(?C, ?E) :- http://rulewerk.semantic-web.org/inferred/subClassOf(?C, ?D), http://rulewerk.semantic-web.org/normalForm/subClassOf(?D, ?E) >>>
18:32:12 [INFO] Execution step: Body
18:32:12 [INFO] Saved temporary table: 15 entries (7588)
18:32:12 [INFO] Execution step: Duplicate Elimination (Datalog)
18:32:12 [INFO] Saved permanent table http://rulewerk.semantic-web.org/inferred/subClassOf (231) Permutation { idx_to_val: [], val_to_idx: [] } with 14 entries (7632)
18:32:12 [INFO] Rule duration: 1 ms
18:32:12 [INFO] <<< STEP 232: APPLYING RULE 9 http://rulewerk.semantic-web.org/inferred/subClassOf(?C, ?E) :- http://rulewerk.semantic-web.org/inferred/subClassOf(?C, ?D), http://rulewerk.semantic-web.org/normalForm/subClassOf(?D, ?E) >>>
18:32:12 [INFO] Execution step: Body
18:32:12 [INFO] Saved temporary table: 26 entries (7632)
18:32:12 [INFO] Execution step: Duplicate Elimination (Datalog)
18:32:12 [INFO] Saved permanent table http://rulewerk.semantic-web.org/inferred/subClassOf (232) Permutation { idx_to_val: [], val_to_idx: [] } with 26 entries (7680)
18:32:12 [INFO] Rule duration: 0 ms
18:32:12 [INFO] <<< STEP 233: APPLYING RULE 9 http://rulewerk.semantic-web.org/inferred/subClassOf(?C, ?E) :- http://rulewerk.semantic-web.org/inferred/subClassOf(?C, ?D), http://rulewerk.semantic-web.org/normalForm/subClassOf(?D, ?E) >>>
18:32:12 [INFO] Execution step: Body
18:32:12 [INFO] Saved temporary table: 15 entries (7588)
18:32:12 [INFO] Execution step: Duplicate Elimination (Datalog)
18:32:12 [INFO] Saved permanent table http://rulewerk.semantic-web.org/inferred/subClassOf (233) Permutation { idx_to_val: [], val_to_idx: [] } with 15 entries (7636)
18:32:12 [INFO] Rule duration: 0 ms
18:32:12 [INFO] <<< STEP 234: APPLYING RULE 9 http://rulewerk.semantic-web.org/inferred/subClassOf(?C, ?E) :- http://rulewerk.semantic-web.org/inferred/subClassOf(?C, ?D), http://rulewerk.semantic-web.org/normalForm/subClassOf(?D, ?E) >>>
18:32:12 [INFO] Execution step: Body
18:32:12 [INFO] Saved temporary table: 15 entries (7588)
18:32:12 [INFO] Execution step: Duplicate Elimination (Datalog)
18:32:12 [INFO] Saved permanent table http://rulewerk.semantic-web.org/inferred/subClassOf (234) Permutation { idx_to_val: [], val_to_idx: [] } with 15 entries (7636)
18:32:12 [INFO] Rule duration: 0 ms
18:32:12 [INFO] <<< STEP 235: APPLYING RULE 9 http://rulewerk.semantic-web.org/inferred/subClassOf(?C, ?E) :- http://rulewerk.semantic-web.org/inferred/subClassOf(?C, ?D), http://rulewerk.semantic-web.org/normalForm/subClassOf(?D, ?E) >>>
18:32:12 [INFO] Execution step: Body
18:32:12 [INFO] Saved temporary table: 15 entries (7588)
18:32:12 [INFO] Execution step: Duplicate Elimination (Datalog)
18:32:12 [INFO] Saved permanent table http://rulewerk.semantic-web.org/inferred/subClassOf (235) Permutation { idx_to_val: [], val_to_idx: [] } with 14 entries (7632)
18:32:12 [INFO] Rule duration: 0 ms
18:32:12 [INFO] Execution step: Combining Tables
18:32:12 [INFO] Saved permanent table http://rulewerk.semantic-web.org/inferred/subClassOf (225-237) Permutation { idx_to_val: [], val_to_idx: [] } with 10781 entries (90622)
18:32:12 [INFO] <<< STEP 236: APPLYING RULE 9 http://rulewerk.semantic-web.org/inferred/subClassOf(?C, ?E) :- http://rulewerk.semantic-web.org/inferred/subClassOf(?C, ?D), http://rulewerk.semantic-web.org/normalForm/subClassOf(?D, ?E) >>>
18:32:12 [INFO] Execution step: Body
18:32:12 [INFO] Saved temporary table: 7 entries (7192)
18:32:12 [INFO] Execution step: Duplicate Elimination (Datalog)
18:32:12 [INFO] Saved permanent table http://rulewerk.semantic-web.org/inferred/subClassOf (236) Permutation { idx_to_val: [], val_to_idx: [] } with 7 entries (7240)
18:32:12 [INFO] Rule duration: 0 ms
18:32:12 [INFO] <<< STEP 237: APPLYING RULE 9 http://rulewerk.semantic-web.org/inferred/subClassOf(?C, ?E) :- http://rulewerk.semantic-web.org/inferred/subClassOf(?C, ?D), http://rulewerk.semantic-web.org/normalForm/subClassOf(?D, ?E) >>>
18:32:12 [INFO] Execution step: Body
18:32:12 [INFO] Trie does not contain any elements
18:32:12 [INFO] Execution step: Duplicate Elimination (Datalog)
18:32:12 [INFO] Trie does not contain any elements
18:32:12 [INFO] Rule duration: 0 ms
18:32:12 [INFO] <<< STEP 238: APPLYING RULE 10 http://rulewerk.semantic-web.org/inferred/subClassOf(?E, "<http://www.w3.org/2002/07/owl#Nothing>") :- http://rulewerk.semantic-web.org/inferred/ex(?E, ?R, ?C), http://rulewerk.semantic-web.org/inferred/subClassOf(?C, ?_BODY_1), Equal(?_BODY_1, "<http://www.w3.org/2002/07/owl#Nothing>") >>>
18:32:12 [INFO] Execution step: Body
18:32:12 [INFO] Trie does not contain any elements
18:32:12 [INFO] Execution step: Duplicate Elimination (Datalog)
18:32:12 [INFO] Trie does not contain any elements
18:32:12 [INFO] Rule duration: 4 ms
18:32:12 [INFO] <<< STEP 239: APPLYING RULE 1 http://rulewerk.semantic-web.org/inferred/init(?C) :- http://rulewerk.semantic-web.org/inferred/ex(?E, ?R, ?C) >>>
18:32:12 [INFO] Execution step: Body
18:32:12 [INFO] Saved temporary table: 300 entries (4600)
18:32:12 [INFO] Execution step: Duplicate Elimination (Datalog)
18:32:12 [INFO] Trie does not contain any elements
18:32:12 [INFO] Rule duration: 0 ms
18:32:12 [INFO] <<< STEP 240: APPLYING RULE 2 http://rulewerk.semantic-web.org/inferred/subClassOf(?C, ?C) :- http://rulewerk.semantic-web.org/inferred/init(?C) >>>
18:32:12 [INFO] Execution step: Body
18:32:12 [INFO] Trie does not contain any elements
18:32:12 [INFO] Execution step: Duplicate Elimination (Datalog)
18:32:12 [INFO] Trie does not contain any elements
18:32:12 [INFO] Rule duration: 0 ms
18:32:12 [INFO] <<< STEP 241: APPLYING RULE 4 http://rulewerk.semantic-web.org/inferred/subClassOf(?C, ?D1), http://rulewerk.semantic-web.org/inferred/subClassOf(?C, ?D2) :- http://rulewerk.semantic-web.org/inferred/subClassOf(?C, ?Y), http://rulewerk.semantic-web.org/normalForm/conj(?Y, ?D1, ?D2) >>>
18:32:12 [INFO] Execution step: Body
18:32:12 [INFO] Saved temporary table: 7818 entries (75650)
18:32:12 [INFO] Saved temporary table: 9120 entries (80858)
18:32:12 [INFO] Execution step: Duplicate Elimination (Datalog)
18:32:12 [INFO] Trie does not contain any elements
18:32:12 [INFO] Rule duration: 37 ms
18:32:12 [INFO] <<< STEP 242: APPLYING RULE 5 http://rulewerk.semantic-web.org/inferred/subClassOf(?C, ?I) :- http://rulewerk.semantic-web.org/inferred/subClassOf(?C, ?D1), http://rulewerk.semantic-web.org/inferred/subClassOf(?C, ?D2), http://rulewerk.semantic-web.org/normalForm/conj(?I, ?D1, ?D2), http://rulewerk.semantic-web.org/normalForm/isSubClass(?I) >>>
18:32:12 [INFO] Execution step: Body
18:32:12 [INFO] Saved temporary table: 2992 entries (34938)
18:32:12 [INFO] Execution step: Duplicate Elimination (Datalog)
18:32:12 [INFO] Saved permanent table http://rulewerk.semantic-web.org/inferred/subClassOf (242) Permutation { idx_to_val: [], val_to_idx: [] } with 2992 entries (34986)
18:32:12 [INFO] Rule duration: 122 ms
18:32:12 [INFO] <<< STEP 243: APPLYING RULE 5 http://rulewerk.semantic-web.org/inferred/subClassOf(?C, ?I) :- http://rulewerk.semantic-web.org/inferred/subClassOf(?C, ?D1), http://rulewerk.semantic-web.org/inferred/subClassOf(?C, ?D2), http://rulewerk.semantic-web.org/normalForm/conj(?I, ?D1, ?D2), http://rulewerk.semantic-web.org/normalForm/isSubClass(?I) >>>
18:32:12 [INFO] Execution step: Body
18:32:12 [INFO] Saved temporary table: 418 entries (13122)
18:32:12 [INFO] Execution step: Duplicate Elimination (Datalog)
18:32:13 [INFO] Saved permanent table http://rulewerk.semantic-web.org/inferred/subClassOf (243) Permutation { idx_to_val: [], val_to_idx: [] } with 418 entries (13170)
18:32:13 [INFO] Rule duration: 54 ms
18:32:13 [INFO] <<< STEP 244: APPLYING RULE 5 http://rulewerk.semantic-web.org/inferred/subClassOf(?C, ?I) :- http://rulewerk.semantic-web.org/inferred/subClassOf(?C, ?D1), http://rulewerk.semantic-web.org/inferred/subClassOf(?C, ?D2), http://rulewerk.semantic-web.org/normalForm/conj(?I, ?D1, ?D2), http://rulewerk.semantic-web.org/normalForm/isSubClass(?I) >>>
18:32:13 [INFO] Execution step: Body
18:32:13 [INFO] Trie does not contain any elements
18:32:13 [INFO] Execution step: Duplicate Elimination (Datalog)
18:32:13 [INFO] Trie does not contain any elements
18:32:13 [INFO] Rule duration: 10 ms
18:32:13 [INFO] <<< STEP 245: APPLYING RULE 6 http://rulewerk.semantic-web.org/inferred/ex(?E, ?R, ?C) :- http://rulewerk.semantic-web.org/inferred/subClassOf(?E, ?Y), http://rulewerk.semantic-web.org/normalForm/exists(?Y, ?R, ?C) >>>
18:32:13 [INFO] Execution step: Body
18:32:13 [INFO] Saved temporary table: 2661 entries (64620)
18:32:13 [INFO] Execution step: Duplicate Elimination (Datalog)
18:32:13 [INFO] Saved permanent table http://rulewerk.semantic-web.org/inferred/ex (245) Permutation { idx_to_val: [], val_to_idx: [] } with 2661 entries (64668)
18:32:13 [INFO] Rule duration: 8 ms
18:32:13 [INFO] <<< STEP 246: APPLYING RULE 7 http://rulewerk.semantic-web.org/inferred/subClassOf(?E, ?Y) :- http://rulewerk.semantic-web.org/inferred/ex(?E, ?R, ?C), http://rulewerk.semantic-web.org/inferred/subClassOf(?C, ?D), http://rulewerk.semantic-web.org/normalForm/subProp(?R, ?S), http://rulewerk.semantic-web.org/normalForm/exists(?Y, ?S, ?D), http://rulewerk.semantic-web.org/normalForm/isSubClass(?Y) >>>
18:32:13 [INFO] Execution step: Body
18:32:13 [INFO] Saved temporary table: 7039 entries (55314)
18:32:13 [INFO] Execution step: Duplicate Elimination (Datalog)
18:32:13 [INFO] Saved permanent table http://rulewerk.semantic-web.org/inferred/subClassOf (246) Permutation { idx_to_val: [], val_to_idx: [] } with 1136 entries (18262)
18:32:13 [INFO] Rule duration: 56 ms
18:32:13 [INFO] <<< STEP 247: APPLYING RULE 7 http://rulewerk.semantic-web.org/inferred/subClassOf(?E, ?Y) :- http://rulewerk.semantic-web.org/inferred/ex(?E, ?R, ?C), http://rulewerk.semantic-web.org/inferred/subClassOf(?C, ?D), http://rulewerk.semantic-web.org/normalForm/subProp(?R, ?S), http://rulewerk.semantic-web.org/normalForm/exists(?Y, ?S, ?D), http://rulewerk.semantic-web.org/normalForm/isSubClass(?Y) >>>
18:32:13 [INFO] Execution step: Body
18:32:13 [INFO] Trie does not contain any elements
18:32:13 [INFO] Execution step: Duplicate Elimination (Datalog)
18:32:13 [INFO] Trie does not contain any elements
18:32:13 [INFO] Rule duration: 2 ms
18:32:13 [INFO] <<< STEP 248: APPLYING RULE 8 http://rulewerk.semantic-web.org/inferred/ex(?E, ?S, ?D) :- http://rulewerk.semantic-web.org/inferred/ex(?E, ?R1, ?C), http://rulewerk.semantic-web.org/inferred/ex(?C, ?R2, ?D), http://rulewerk.semantic-web.org/normalForm/subProp(?R1, ?S1), http://rulewerk.semantic-web.org/normalForm/subProp(?R2, ?S2), http://rulewerk.semantic-web.org/normalForm/subPropChain(?S1, ?S2, ?S) >>>
18:32:13 [INFO] Execution step: Body
18:32:13 [INFO] Trie does not contain any elements
18:32:13 [INFO] Execution step: Duplicate Elimination (Datalog)
18:32:13 [INFO] Trie does not contain any elements
18:32:13 [INFO] Rule duration: 1 ms
18:32:13 [INFO] <<< STEP 249: APPLYING RULE 9 http://rulewerk.semantic-web.org/inferred/subClassOf(?C, ?E) :- http://rulewerk.semantic-web.org/inferred/subClassOf(?C, ?D), http://rulewerk.semantic-web.org/normalForm/subClassOf(?D, ?E) >>>
18:32:13 [INFO] Execution step: Body
18:32:13 [INFO] Saved temporary table: 2193 entries (28094)
18:32:13 [INFO] Execution step: Duplicate Elimination (Datalog)
18:32:13 [INFO] Saved permanent table http://rulewerk.semantic-web.org/inferred/subClassOf (249) Permutation { idx_to_val: [], val_to_idx: [] } with 2193 entries (28142)
18:32:13 [INFO] Rule duration: 9 ms
18:32:13 [INFO] <<< STEP 250: APPLYING RULE 9 http://rulewerk.semantic-web.org/inferred/subClassOf(?C, ?E) :- http://rulewerk.semantic-web.org/inferred/subClassOf(?C, ?D), http://rulewerk.semantic-web.org/normalForm/subClassOf(?D, ?E) >>>
18:32:13 [INFO] Execution step: Body
18:32:13 [INFO] Saved temporary table: 2446 entries (29106)
18:32:13 [INFO] Execution step: Duplicate Elimination (Datalog)
18:32:13 [INFO] Saved permanent table http://rulewerk.semantic-web.org/inferred/subClassOf (250) Permutation { idx_to_val: [], val_to_idx: [] } with 132 entries (9146)
18:32:13 [INFO] Rule duration: 8 ms
18:32:13 [INFO] <<< STEP 251: APPLYING RULE 9 http://rulewerk.semantic-web.org/inferred/subClassOf(?C, ?E) :- http://rulewerk.semantic-web.org/inferred/subClassOf(?C, ?D), http://rulewerk.semantic-web.org/normalForm/subClassOf(?D, ?E) >>>
18:32:13 [INFO] Execution step: Body
18:32:13 [INFO] Trie does not contain any elements
18:32:13 [INFO] Execution step: Duplicate Elimination (Datalog)
18:32:13 [INFO] Trie does not contain any elements
18:32:13 [INFO] Rule duration: 0 ms
18:32:13 [INFO] <<< STEP 252: APPLYING RULE 10 http://rulewerk.semantic-web.org/inferred/subClassOf(?E, "<http://www.w3.org/2002/07/owl#Nothing>") :- http://rulewerk.semantic-web.org/inferred/ex(?E, ?R, ?C), http://rulewerk.semantic-web.org/inferred/subClassOf(?C, ?_BODY_1), Equal(?_BODY_1, "<http://www.w3.org/2002/07/owl#Nothing>") >>>
18:32:13 [INFO] Execution step: Body
18:32:13 [INFO] Trie does not contain any elements
18:32:13 [INFO] Execution step: Duplicate Elimination (Datalog)
18:32:13 [INFO] Trie does not contain any elements
18:32:13 [INFO] Rule duration: 2 ms
18:32:13 [INFO] <<< STEP 253: APPLYING RULE 1 http://rulewerk.semantic-web.org/inferred/init(?C) :- http://rulewerk.semantic-web.org/inferred/ex(?E, ?R, ?C) >>>
18:32:13 [INFO] Execution step: Body
18:32:13 [INFO] Saved temporary table: 143 entries (3972)
18:32:13 [INFO] Execution step: Duplicate Elimination (Datalog)
18:32:13 [INFO] Trie does not contain any elements
18:32:13 [INFO] Rule duration: 0 ms
18:32:13 [INFO] <<< STEP 254: APPLYING RULE 2 http://rulewerk.semantic-web.org/inferred/subClassOf(?C, ?C) :- http://rulewerk.semantic-web.org/inferred/init(?C) >>>
18:32:13 [INFO] Execution step: Body
18:32:13 [INFO] Trie does not contain any elements
18:32:13 [INFO] Execution step: Duplicate Elimination (Datalog)
18:32:13 [INFO] Trie does not contain any elements
18:32:13 [INFO] Rule duration: 0 ms
18:32:13 [INFO] <<< STEP 255: APPLYING RULE 4 http://rulewerk.semantic-web.org/inferred/subClassOf(?C, ?D1), http://rulewerk.semantic-web.org/inferred/subClassOf(?C, ?D2) :- http://rulewerk.semantic-web.org/inferred/subClassOf(?C, ?Y), http://rulewerk.semantic-web.org/normalForm/conj(?Y, ?D1, ?D2) >>>
18:32:13 [INFO] Execution step: Body
18:32:13 [INFO] Saved temporary table: 2870 entries (34450)
18:32:13 [INFO] Saved temporary table: 2725 entries (33870)
18:32:13 [INFO] Execution step: Duplicate Elimination (Datalog)
18:32:13 [INFO] Trie does not contain any elements
18:32:13 [INFO] Rule duration: 17 ms
18:32:13 [INFO] <<< STEP 256: APPLYING RULE 5 http://rulewerk.semantic-web.org/inferred/subClassOf(?C, ?I) :- http://rulewerk.semantic-web.org/inferred/subClassOf(?C, ?D1), http://rulewerk.semantic-web.org/inferred/subClassOf(?C, ?D2), http://rulewerk.semantic-web.org/normalForm/conj(?I, ?D1, ?D2), http://rulewerk.semantic-web.org/normalForm/isSubClass(?I) >>>
18:32:13 [INFO] Execution step: Body
18:32:13 [INFO] Saved temporary table: 1118 entries (18394)
18:32:13 [INFO] Execution step: Duplicate Elimination (Datalog)
18:32:13 [INFO] Saved permanent table http://rulewerk.semantic-web.org/inferred/subClassOf (256) Permutation { idx_to_val: [], val_to_idx: [] } with 1118 entries (18442)
18:32:13 [INFO] Rule duration: 53 ms
18:32:13 [INFO] <<< STEP 257: APPLYING RULE 5 http://rulewerk.semantic-web.org/inferred/subClassOf(?C, ?I) :- http://rulewerk.semantic-web.org/inferred/subClassOf(?C, ?D1), http://rulewerk.semantic-web.org/inferred/subClassOf(?C, ?D2), http://rulewerk.semantic-web.org/normalForm/conj(?I, ?D1, ?D2), http://rulewerk.semantic-web.org/normalForm/isSubClass(?I) >>>
18:32:13 [INFO] Execution step: Body
18:32:13 [INFO] Saved temporary table: 108 entries (8702)
18:32:13 [INFO] Execution step: Duplicate Elimination (Datalog)
18:32:13 [INFO] Saved permanent table http://rulewerk.semantic-web.org/inferred/subClassOf (257) Permutation { idx_to_val: [], val_to_idx: [] } with 108 entries (8750)
18:32:13 [INFO] Rule duration: 19 ms
18:32:13 [INFO] Execution step: Combining Tables
18:32:13 [INFO] Saved permanent table http://rulewerk.semantic-web.org/inferred/subClassOf (237-259) Permutation { idx_to_val: [], val_to_idx: [] } with 8097 entries (57458)
18:32:13 [INFO] <<< STEP 258: APPLYING RULE 5 http://rulewerk.semantic-web.org/inferred/subClassOf(?C, ?I) :- http://rulewerk.semantic-web.org/inferred/subClassOf(?C, ?D1), http://rulewerk.semantic-web.org/inferred/subClassOf(?C, ?D2), http://rulewerk.semantic-web.org/normalForm/conj(?I, ?D1, ?D2), http://rulewerk.semantic-web.org/normalForm/isSubClass(?I) >>>
18:32:13 [INFO] Execution step: Body
18:32:13 [INFO] Trie does not contain any elements
18:32:13 [INFO] Execution step: Duplicate Elimination (Datalog)
18:32:13 [INFO] Trie does not contain any elements
18:32:13 [INFO] Rule duration: 5 ms
18:32:13 [INFO] <<< STEP 259: APPLYING RULE 6 http://rulewerk.semantic-web.org/inferred/ex(?E, ?R, ?C) :- http://rulewerk.semantic-web.org/inferred/subClassOf(?E, ?Y), http://rulewerk.semantic-web.org/normalForm/exists(?Y, ?R, ?C) >>>
18:32:13 [INFO] Execution step: Body
18:32:13 [INFO] Saved temporary table: 1268 entries (33884)
18:32:13 [INFO] Execution step: Duplicate Elimination (Datalog)
18:32:13 [INFO] Saved permanent table http://rulewerk.semantic-web.org/inferred/ex (259) Permutation { idx_to_val: [], val_to_idx: [] } with 1268 entries (33932)
18:32:13 [INFO] Rule duration: 3 ms
18:32:13 [INFO] Execution step: Combining Tables
18:32:13 [INFO] Saved permanent table http://rulewerk.semantic-web.org/inferred/ex (0-261) Permutation { idx_to_val: [], val_to_idx: [] } with 309106 entries (3432676)
18:32:13 [INFO] <<< STEP 260: APPLYING RULE 7 http://rulewerk.semantic-web.org/inferred/subClassOf(?E, ?Y) :- http://rulewerk.semantic-web.org/inferred/ex(?E, ?R, ?C), http://rulewerk.semantic-web.org/inferred/subClassOf(?C, ?D), http://rulewerk.semantic-web.org/normalForm/subProp(?R, ?S), http://rulewerk.semantic-web.org/normalForm/exists(?Y, ?S, ?D), http://rulewerk.semantic-web.org/normalForm/isSubClass(?Y) >>>
18:32:13 [INFO] Execution step: Body
18:32:13 [INFO] Saved temporary table: 2095 entries (22998)
18:32:13 [INFO] Execution step: Duplicate Elimination (Datalog)
18:32:13 [INFO] Saved permanent table http://rulewerk.semantic-web.org/inferred/subClassOf (260) Permutation { idx_to_val: [], val_to_idx: [] } with 243 entries (9866)
18:32:13 [INFO] Rule duration: 25 ms
18:32:13 [INFO] <<< STEP 261: APPLYING RULE 7 http://rulewerk.semantic-web.org/inferred/subClassOf(?E, ?Y) :- http://rulewerk.semantic-web.org/inferred/ex(?E, ?R, ?C), http://rulewerk.semantic-web.org/inferred/subClassOf(?C, ?D), http://rulewerk.semantic-web.org/normalForm/subProp(?R, ?S), http://rulewerk.semantic-web.org/normalForm/exists(?Y, ?S, ?D), http://rulewerk.semantic-web.org/normalForm/isSubClass(?Y) >>>
18:32:13 [INFO] Execution step: Body
18:32:13 [INFO] Trie does not contain any elements
18:32:13 [INFO] Execution step: Duplicate Elimination (Datalog)
18:32:13 [INFO] Trie does not contain any elements
18:32:13 [INFO] Rule duration: 146 ms
18:32:13 [INFO] <<< STEP 262: APPLYING RULE 8 http://rulewerk.semantic-web.org/inferred/ex(?E, ?S, ?D) :- http://rulewerk.semantic-web.org/inferred/ex(?E, ?R1, ?C), http://rulewerk.semantic-web.org/inferred/ex(?C, ?R2, ?D), http://rulewerk.semantic-web.org/normalForm/subProp(?R1, ?S1), http://rulewerk.semantic-web.org/normalForm/subProp(?R2, ?S2), http://rulewerk.semantic-web.org/normalForm/subPropChain(?S1, ?S2, ?S) >>>
18:32:13 [INFO] Execution step: Body
18:32:13 [INFO] Trie does not contain any elements
18:32:13 [INFO] Execution step: Duplicate Elimination (Datalog)
18:32:13 [INFO] Trie does not contain any elements
18:32:13 [INFO] Rule duration: 124 ms
18:32:13 [INFO] <<< STEP 263: APPLYING RULE 9 http://rulewerk.semantic-web.org/inferred/subClassOf(?C, ?E) :- http://rulewerk.semantic-web.org/inferred/subClassOf(?C, ?D), http://rulewerk.semantic-web.org/normalForm/subClassOf(?D, ?E) >>>
18:32:13 [INFO] Execution step: Body
18:32:13 [INFO] Saved temporary table: 810 entries (17066)
18:32:13 [INFO] Execution step: Duplicate Elimination (Datalog)
18:32:13 [INFO] Saved permanent table http://rulewerk.semantic-web.org/inferred/subClassOf (263) Permutation { idx_to_val: [], val_to_idx: [] } with 810 entries (17114)
18:32:13 [INFO] Rule duration: 5 ms
18:32:13 [INFO] <<< STEP 264: APPLYING RULE 9 http://rulewerk.semantic-web.org/inferred/subClassOf(?C, ?E) :- http://rulewerk.semantic-web.org/inferred/subClassOf(?C, ?D), http://rulewerk.semantic-web.org/normalForm/subClassOf(?D, ?E) >>>
18:32:13 [INFO] Execution step: Body
18:32:13 [INFO] Saved temporary table: 873 entries (17318)
18:32:13 [INFO] Execution step: Duplicate Elimination (Datalog)
18:32:13 [INFO] Saved permanent table http://rulewerk.semantic-web.org/inferred/subClassOf (264) Permutation { idx_to_val: [], val_to_idx: [] } with 55 entries (7676)
18:32:13 [INFO] Rule duration: 4 ms
18:32:13 [INFO] <<< STEP 265: APPLYING RULE 9 http://rulewerk.semantic-web.org/inferred/subClassOf(?C, ?E) :- http://rulewerk.semantic-web.org/inferred/subClassOf(?C, ?D), http://rulewerk.semantic-web.org/normalForm/subClassOf(?D, ?E) >>>
18:32:13 [INFO] Execution step: Body
18:32:13 [INFO] Trie does not contain any elements
18:32:13 [INFO] Execution step: Duplicate Elimination (Datalog)
18:32:13 [INFO] Trie does not contain any elements
18:32:13 [INFO] Rule duration: 0 ms
18:32:13 [INFO] <<< STEP 266: APPLYING RULE 10 http://rulewerk.semantic-web.org/inferred/subClassOf(?E, "<http://www.w3.org/2002/07/owl#Nothing>") :- http://rulewerk.semantic-web.org/inferred/ex(?E, ?R, ?C), http://rulewerk.semantic-web.org/inferred/subClassOf(?C, ?_BODY_1), Equal(?_BODY_1, "<http://www.w3.org/2002/07/owl#Nothing>") >>>
18:32:13 [INFO] Execution step: Body
18:32:13 [INFO] Trie does not contain any elements
18:32:13 [INFO] Execution step: Duplicate Elimination (Datalog)
18:32:13 [INFO] Trie does not contain any elements
18:32:13 [INFO] Rule duration: 1 ms
18:32:13 [INFO] <<< STEP 267: APPLYING RULE 1 http://rulewerk.semantic-web.org/inferred/init(?C) :- http://rulewerk.semantic-web.org/inferred/ex(?E, ?R, ?C) >>>
18:32:13 [INFO] Execution step: Body
18:32:13 [INFO] Saved temporary table: 77 entries (3708)
18:32:13 [INFO] Execution step: Duplicate Elimination (Datalog)
18:32:13 [INFO] Trie does not contain any elements
18:32:13 [INFO] Rule duration: 0 ms
18:32:13 [INFO] <<< STEP 268: APPLYING RULE 2 http://rulewerk.semantic-web.org/inferred/subClassOf(?C, ?C) :- http://rulewerk.semantic-web.org/inferred/init(?C) >>>
18:32:13 [INFO] Execution step: Body
18:32:13 [INFO] Trie does not contain any elements
18:32:13 [INFO] Execution step: Duplicate Elimination (Datalog)
18:32:13 [INFO] Trie does not contain any elements
18:32:13 [INFO] Rule duration: 0 ms
18:32:13 [INFO] <<< STEP 269: APPLYING RULE 4 http://rulewerk.semantic-web.org/inferred/subClassOf(?C, ?D1), http://rulewerk.semantic-web.org/inferred/subClassOf(?C, ?D2) :- http://rulewerk.semantic-web.org/inferred/subClassOf(?C, ?Y), http://rulewerk.semantic-web.org/normalForm/conj(?Y, ?D1, ?D2) >>>
18:32:13 [INFO] Execution step: Body
18:32:13 [INFO] Saved temporary table: 1061 entries (18166)
18:32:13 [INFO] Saved temporary table: 940 entries (17682)
18:32:13 [INFO] Execution step: Duplicate Elimination (Datalog)
18:32:13 [INFO] Trie does not contain any elements
18:32:13 [INFO] Rule duration: 7 ms
18:32:13 [INFO] <<< STEP 270: APPLYING RULE 5 http://rulewerk.semantic-web.org/inferred/subClassOf(?C, ?I) :- http://rulewerk.semantic-web.org/inferred/subClassOf(?C, ?D1), http://rulewerk.semantic-web.org/inferred/subClassOf(?C, ?D2), http://rulewerk.semantic-web.org/normalForm/conj(?I, ?D1, ?D2), http://rulewerk.semantic-web.org/normalForm/isSubClass(?I) >>>
18:32:13 [INFO] Execution step: Body
18:32:13 [INFO] Saved temporary table: 338 entries (10210)
18:32:13 [INFO] Execution step: Duplicate Elimination (Datalog)
18:32:13 [INFO] Saved permanent table http://rulewerk.semantic-web.org/inferred/subClassOf (270) Permutation { idx_to_val: [], val_to_idx: [] } with 338 entries (10258)
18:32:13 [INFO] Rule duration: 25 ms
18:32:13 [INFO] <<< STEP 271: APPLYING RULE 5 http://rulewerk.semantic-web.org/inferred/subClassOf(?C, ?I) :- http://rulewerk.semantic-web.org/inferred/subClassOf(?C, ?D1), http://rulewerk.semantic-web.org/inferred/subClassOf(?C, ?D2), http://rulewerk.semantic-web.org/normalForm/conj(?I, ?D1, ?D2), http://rulewerk.semantic-web.org/normalForm/isSubClass(?I) >>>
18:32:13 [INFO] Execution step: Body
18:32:13 [INFO] Saved temporary table: 48 entries (9488)
18:32:13 [INFO] Execution step: Duplicate Elimination (Datalog)
18:32:13 [INFO] Saved permanent table http://rulewerk.semantic-web.org/inferred/subClassOf (271) Permutation { idx_to_val: [], val_to_idx: [] } with 48 entries (9536)
18:32:13 [INFO] Rule duration: 9 ms
18:32:13 [INFO] <<< STEP 272: APPLYING RULE 5 http://rulewerk.semantic-web.org/inferred/subClassOf(?C, ?I) :- http://rulewerk.semantic-web.org/inferred/subClassOf(?C, ?D1), http://rulewerk.semantic-web.org/inferred/subClassOf(?C, ?D2), http://rulewerk.semantic-web.org/normalForm/conj(?I, ?D1, ?D2), http://rulewerk.semantic-web.org/normalForm/isSubClass(?I) >>>
18:32:13 [INFO] Execution step: Body
18:32:13 [INFO] Trie does not contain any elements
18:32:13 [INFO] Execution step: Duplicate Elimination (Datalog)
18:32:13 [INFO] Trie does not contain any elements
18:32:13 [INFO] Rule duration: 4 ms
18:32:13 [INFO] <<< STEP 273: APPLYING RULE 6 http://rulewerk.semantic-web.org/inferred/ex(?E, ?R, ?C) :- http://rulewerk.semantic-web.org/inferred/subClassOf(?E, ?Y), http://rulewerk.semantic-web.org/normalForm/exists(?Y, ?R, ?C) >>>
18:32:13 [INFO] Execution step: Body
18:32:13 [INFO] Saved temporary table: 298 entries (16516)
18:32:13 [INFO] Execution step: Duplicate Elimination (Datalog)
18:32:13 [INFO] Saved permanent table http://rulewerk.semantic-web.org/inferred/ex (273) Permutation { idx_to_val: [], val_to_idx: [] } with 298 entries (16564)
18:32:13 [INFO] Rule duration: 1 ms
18:32:13 [INFO] <<< STEP 274: APPLYING RULE 7 http://rulewerk.semantic-web.org/inferred/subClassOf(?E, ?Y) :- http://rulewerk.semantic-web.org/inferred/ex(?E, ?R, ?C), http://rulewerk.semantic-web.org/inferred/subClassOf(?C, ?D), http://rulewerk.semantic-web.org/normalForm/subProp(?R, ?S), http://rulewerk.semantic-web.org/normalForm/exists(?Y, ?S, ?D), http://rulewerk.semantic-web.org/normalForm/isSubClass(?Y) >>>
18:32:13 [INFO] Execution step: Body
18:32:13 [INFO] Saved temporary table: 667 entries (11946)
18:32:13 [INFO] Execution step: Duplicate Elimination (Datalog)
18:32:13 [INFO] Saved permanent table http://rulewerk.semantic-web.org/inferred/subClassOf (274) Permutation { idx_to_val: [], val_to_idx: [] } with 134 entries (8518)
18:32:13 [INFO] Rule duration: 10 ms
18:32:13 [INFO] <<< STEP 275: APPLYING RULE 7 http://rulewerk.semantic-web.org/inferred/subClassOf(?E, ?Y) :- http://rulewerk.semantic-web.org/inferred/ex(?E, ?R, ?C), http://rulewerk.semantic-web.org/inferred/subClassOf(?C, ?D), http://rulewerk.semantic-web.org/normalForm/subProp(?R, ?S), http://rulewerk.semantic-web.org/normalForm/exists(?Y, ?S, ?D), http://rulewerk.semantic-web.org/normalForm/isSubClass(?Y) >>>
18:32:13 [INFO] Execution step: Body
18:32:13 [INFO] Trie does not contain any elements
18:32:13 [INFO] Execution step: Duplicate Elimination (Datalog)
18:32:13 [INFO] Trie does not contain any elements
18:32:13 [INFO] Rule duration: 1 ms
18:32:13 [INFO] <<< STEP 276: APPLYING RULE 8 http://rulewerk.semantic-web.org/inferred/ex(?E, ?S, ?D) :- http://rulewerk.semantic-web.org/inferred/ex(?E, ?R1, ?C), http://rulewerk.semantic-web.org/inferred/ex(?C, ?R2, ?D), http://rulewerk.semantic-web.org/normalForm/subProp(?R1, ?S1), http://rulewerk.semantic-web.org/normalForm/subProp(?R2, ?S2), http://rulewerk.semantic-web.org/normalForm/subPropChain(?S1, ?S2, ?S) >>>
18:32:13 [INFO] Execution step: Body
18:32:13 [INFO] Trie does not contain any elements
18:32:13 [INFO] Execution step: Duplicate Elimination (Datalog)
18:32:13 [INFO] Trie does not contain any elements
18:32:13 [INFO] Rule duration: 0 ms
18:32:13 [INFO] <<< STEP 277: APPLYING RULE 9 http://rulewerk.semantic-web.org/inferred/subClassOf(?C, ?E) :- http://rulewerk.semantic-web.org/inferred/subClassOf(?C, ?D), http://rulewerk.semantic-web.org/normalForm/subClassOf(?D, ?E) >>>
18:32:13 [INFO] Execution step: Body
18:32:13 [INFO] Saved temporary table: 276 entries (9950)
18:32:13 [INFO] Execution step: Duplicate Elimination (Datalog)
18:32:13 [INFO] Saved permanent table http://rulewerk.semantic-web.org/inferred/subClassOf (277) Permutation { idx_to_val: [], val_to_idx: [] } with 276 entries (9998)
18:32:13 [INFO] Rule duration: 3 ms
18:32:13 [INFO] <<< STEP 278: APPLYING RULE 9 http://rulewerk.semantic-web.org/inferred/subClassOf(?C, ?E) :- http://rulewerk.semantic-web.org/inferred/subClassOf(?C, ?D), http://rulewerk.semantic-web.org/normalForm/subClassOf(?D, ?E) >>>
18:32:13 [INFO] Execution step: Body
18:32:13 [INFO] Saved temporary table: 328 entries (10158)
18:32:13 [INFO] Execution step: Duplicate Elimination (Datalog)
18:32:13 [INFO] Saved permanent table http://rulewerk.semantic-web.org/inferred/subClassOf (278) Permutation { idx_to_val: [], val_to_idx: [] } with 21 entries (7816)
18:32:13 [INFO] Rule duration: 2 ms
18:32:13 [INFO] Execution step: Combining Tables
18:32:13 [INFO] Saved permanent table http://rulewerk.semantic-web.org/inferred/subClassOf (259-280) Permutation { idx_to_val: [], val_to_idx: [] } with 1925 entries (22270)
18:32:13 [INFO] <<< STEP 279: APPLYING RULE 9 http://rulewerk.semantic-web.org/inferred/subClassOf(?C, ?E) :- http://rulewerk.semantic-web.org/inferred/subClassOf(?C, ?D), http://rulewerk.semantic-web.org/normalForm/subClassOf(?D, ?E) >>>
18:32:13 [INFO] Execution step: Body
18:32:13 [INFO] Trie does not contain any elements
18:32:13 [INFO] Execution step: Duplicate Elimination (Datalog)
18:32:13 [INFO] Trie does not contain any elements
18:32:13 [INFO] Rule duration: 0 ms
18:32:13 [INFO] <<< STEP 280: APPLYING RULE 10 http://rulewerk.semantic-web.org/inferred/subClassOf(?E, "<http://www.w3.org/2002/07/owl#Nothing>") :- http://rulewerk.semantic-web.org/inferred/ex(?E, ?R, ?C), http://rulewerk.semantic-web.org/inferred/subClassOf(?C, ?_BODY_1), Equal(?_BODY_1, "<http://www.w3.org/2002/07/owl#Nothing>") >>>
18:32:13 [INFO] Execution step: Body
18:32:13 [INFO] Trie does not contain any elements
18:32:13 [INFO] Execution step: Duplicate Elimination (Datalog)
18:32:13 [INFO] Trie does not contain any elements
18:32:13 [INFO] Rule duration: 0 ms
18:32:13 [INFO] <<< STEP 281: APPLYING RULE 1 http://rulewerk.semantic-web.org/inferred/init(?C) :- http://rulewerk.semantic-web.org/inferred/ex(?E, ?R, ?C) >>>
18:32:13 [INFO] Execution step: Body
18:32:13 [INFO] Saved temporary table: 44 entries (3576)
18:32:13 [INFO] Execution step: Duplicate Elimination (Datalog)
18:32:13 [INFO] Trie does not contain any elements
18:32:13 [INFO] Rule duration: 0 ms
18:32:13 [INFO] <<< STEP 282: APPLYING RULE 2 http://rulewerk.semantic-web.org/inferred/subClassOf(?C, ?C) :- http://rulewerk.semantic-web.org/inferred/init(?C) >>>
18:32:13 [INFO] Execution step: Body
18:32:13 [INFO] Trie does not contain any elements
18:32:13 [INFO] Execution step: Duplicate Elimination (Datalog)
18:32:13 [INFO] Trie does not contain any elements
18:32:13 [INFO] Rule duration: 0 ms
18:32:13 [INFO] <<< STEP 283: APPLYING RULE 4 http://rulewerk.semantic-web.org/inferred/subClassOf(?C, ?D1), http://rulewerk.semantic-web.org/inferred/subClassOf(?C, ?D2) :- http://rulewerk.semantic-web.org/inferred/subClassOf(?C, ?Y), http://rulewerk.semantic-web.org/normalForm/conj(?Y, ?D1, ?D2) >>>
18:32:13 [INFO] Execution step: Body
18:32:13 [INFO] Saved temporary table: 335 entries (10198)
18:32:13 [INFO] Saved temporary table: 297 entries (10046)
18:32:13 [INFO] Execution step: Duplicate Elimination (Datalog)
18:32:13 [INFO] Trie does not contain any elements
18:32:13 [INFO] Rule duration: 3 ms
18:32:13 [INFO] <<< STEP 284: APPLYING RULE 5 http://rulewerk.semantic-web.org/inferred/subClassOf(?C, ?I) :- http://rulewerk.semantic-web.org/inferred/subClassOf(?C, ?D1), http://rulewerk.semantic-web.org/inferred/subClassOf(?C, ?D2), http://rulewerk.semantic-web.org/normalForm/conj(?I, ?D1, ?D2), http://rulewerk.semantic-web.org/normalForm/isSubClass(?I) >>>
18:32:13 [INFO] Execution step: Body
18:32:13 [INFO] Saved temporary table: 142 entries (8574)
18:32:13 [INFO] Execution step: Duplicate Elimination (Datalog)
18:32:13 [INFO] Saved permanent table http://rulewerk.semantic-web.org/inferred/subClassOf (284) Permutation { idx_to_val: [], val_to_idx: [] } with 142 entries (8622)
18:32:13 [INFO] Rule duration: 7 ms
18:32:13 [INFO] <<< STEP 285: APPLYING RULE 5 http://rulewerk.semantic-web.org/inferred/subClassOf(?C, ?I) :- http://rulewerk.semantic-web.org/inferred/subClassOf(?C, ?D1), http://rulewerk.semantic-web.org/inferred/subClassOf(?C, ?D2), http://rulewerk.semantic-web.org/normalForm/conj(?I, ?D1, ?D2), http://rulewerk.semantic-web.org/normalForm/isSubClass(?I) >>>
18:32:13 [INFO] Execution step: Body
18:32:13 [INFO] Saved temporary table: 30 entries (8480)
18:32:13 [INFO] Execution step: Duplicate Elimination (Datalog)
18:32:13 [INFO] Saved permanent table http://rulewerk.semantic-web.org/inferred/subClassOf (285) Permutation { idx_to_val: [], val_to_idx: [] } with 30 entries (8528)
18:32:13 [INFO] Rule duration: 3 ms
18:32:13 [INFO] <<< STEP 286: APPLYING RULE 5 http://rulewerk.semantic-web.org/inferred/subClassOf(?C, ?I) :- http://rulewerk.semantic-web.org/inferred/subClassOf(?C, ?D1), http://rulewerk.semantic-web.org/inferred/subClassOf(?C, ?D2), http://rulewerk.semantic-web.org/normalForm/conj(?I, ?D1, ?D2), http://rulewerk.semantic-web.org/normalForm/isSubClass(?I) >>>
18:32:13 [INFO] Execution step: Body
18:32:13 [INFO] Trie does not contain any elements
18:32:13 [INFO] Execution step: Duplicate Elimination (Datalog)
18:32:13 [INFO] Trie does not contain any elements
18:32:13 [INFO] Rule duration: 1 ms
18:32:13 [INFO] <<< STEP 287: APPLYING RULE 6 http://rulewerk.semantic-web.org/inferred/ex(?E, ?R, ?C) :- http://rulewerk.semantic-web.org/inferred/subClassOf(?E, ?Y), http://rulewerk.semantic-web.org/normalForm/exists(?Y, ?R, ?C) >>>
18:32:13 [INFO] Execution step: Body
18:32:13 [INFO] Saved temporary table: 155 entries (13448)
18:32:13 [INFO] Execution step: Duplicate Elimination (Datalog)
18:32:13 [INFO] Saved permanent table http://rulewerk.semantic-web.org/inferred/ex (287) Permutation { idx_to_val: [], val_to_idx: [] } with 155 entries (13496)
18:32:13 [INFO] Rule duration: 0 ms
18:32:13 [INFO] <<< STEP 288: APPLYING RULE 7 http://rulewerk.semantic-web.org/inferred/subClassOf(?E, ?Y) :- http://rulewerk.semantic-web.org/inferred/ex(?E, ?R, ?C), http://rulewerk.semantic-web.org/inferred/subClassOf(?C, ?D), http://rulewerk.semantic-web.org/normalForm/subProp(?R, ?S), http://rulewerk.semantic-web.org/normalForm/exists(?Y, ?S, ?D), http://rulewerk.semantic-web.org/normalForm/isSubClass(?Y) >>>
18:32:13 [INFO] Execution step: Body
18:32:13 [INFO] Saved temporary table: 213 entries (8978)
18:32:13 [INFO] Execution step: Duplicate Elimination (Datalog)
18:32:13 [INFO] Saved permanent table http://rulewerk.semantic-web.org/inferred/subClassOf (288) Permutation { idx_to_val: [], val_to_idx: [] } with 36 entries (8344)
18:32:13 [INFO] Rule duration: 3 ms
18:32:13 [INFO] <<< STEP 289: APPLYING RULE 7 http://rulewerk.semantic-web.org/inferred/subClassOf(?E, ?Y) :- http://rulewerk.semantic-web.org/inferred/ex(?E, ?R, ?C), http://rulewerk.semantic-web.org/inferred/subClassOf(?C, ?D), http://rulewerk.semantic-web.org/normalForm/subProp(?R, ?S), http://rulewerk.semantic-web.org/normalForm/exists(?Y, ?S, ?D), http://rulewerk.semantic-web.org/normalForm/isSubClass(?Y) >>>
18:32:13 [INFO] Execution step: Body
18:32:13 [INFO] Trie does not contain any elements
18:32:13 [INFO] Execution step: Duplicate Elimination (Datalog)
18:32:13 [INFO] Trie does not contain any elements
18:32:13 [INFO] Rule duration: 0 ms
18:32:13 [INFO] <<< STEP 290: APPLYING RULE 8 http://rulewerk.semantic-web.org/inferred/ex(?E, ?S, ?D) :- http://rulewerk.semantic-web.org/inferred/ex(?E, ?R1, ?C), http://rulewerk.semantic-web.org/inferred/ex(?C, ?R2, ?D), http://rulewerk.semantic-web.org/normalForm/subProp(?R1, ?S1), http://rulewerk.semantic-web.org/normalForm/subProp(?R2, ?S2), http://rulewerk.semantic-web.org/normalForm/subPropChain(?S1, ?S2, ?S) >>>
18:32:13 [INFO] Execution step: Body
18:32:13 [INFO] Trie does not contain any elements
18:32:13 [INFO] Execution step: Duplicate Elimination (Datalog)
18:32:13 [INFO] Trie does not contain any elements
18:32:13 [INFO] Rule duration: 0 ms
18:32:13 [INFO] <<< STEP 291: APPLYING RULE 9 http://rulewerk.semantic-web.org/inferred/subClassOf(?C, ?E) :- http://rulewerk.semantic-web.org/inferred/subClassOf(?C, ?D), http://rulewerk.semantic-web.org/normalForm/subClassOf(?D, ?E) >>>
18:32:13 [INFO] Execution step: Body
18:32:13 [INFO] Saved temporary table: 89 entries (8314)
18:32:13 [INFO] Execution step: Duplicate Elimination (Datalog)
18:32:13 [INFO] Saved permanent table http://rulewerk.semantic-web.org/inferred/subClassOf (291) Permutation { idx_to_val: [], val_to_idx: [] } with 89 entries (8362)
18:32:13 [INFO] Rule duration: 1 ms
18:32:13 [INFO] <<< STEP 292: APPLYING RULE 9 http://rulewerk.semantic-web.org/inferred/subClassOf(?C, ?E) :- http://rulewerk.semantic-web.org/inferred/subClassOf(?C, ?D), http://rulewerk.semantic-web.org/normalForm/subClassOf(?D, ?E) >>>
18:32:13 [INFO] Execution step: Body
18:32:13 [INFO] Saved temporary table: 116 entries (8422)
18:32:13 [INFO] Execution step: Duplicate Elimination (Datalog)
18:32:13 [INFO] Saved permanent table http://rulewerk.semantic-web.org/inferred/subClassOf (292) Permutation { idx_to_val: [], val_to_idx: [] } with 27 entries (8360)
18:32:13 [INFO] Rule duration: 1 ms
18:32:13 [INFO] <<< STEP 293: APPLYING RULE 9 http://rulewerk.semantic-web.org/inferred/subClassOf(?C, ?E) :- http://rulewerk.semantic-web.org/inferred/subClassOf(?C, ?D), http://rulewerk.semantic-web.org/normalForm/subClassOf(?D, ?E) >>>
18:32:13 [INFO] Execution step: Body
18:32:13 [INFO] Trie does not contain any elements
18:32:13 [INFO] Execution step: Duplicate Elimination (Datalog)
18:32:13 [INFO] Trie does not contain any elements
18:32:13 [INFO] Rule duration: 0 ms
18:32:13 [INFO] <<< STEP 294: APPLYING RULE 10 http://rulewerk.semantic-web.org/inferred/subClassOf(?E, "<http://www.w3.org/2002/07/owl#Nothing>") :- http://rulewerk.semantic-web.org/inferred/ex(?E, ?R, ?C), http://rulewerk.semantic-web.org/inferred/subClassOf(?C, ?_BODY_1), Equal(?_BODY_1, "<http://www.w3.org/2002/07/owl#Nothing>") >>>
18:32:13 [INFO] Execution step: Body
18:32:13 [INFO] Trie does not contain any elements
18:32:13 [INFO] Execution step: Duplicate Elimination (Datalog)
18:32:13 [INFO] Trie does not contain any elements
18:32:13 [INFO] Rule duration: 0 ms
18:32:13 [INFO] <<< STEP 295: APPLYING RULE 1 http://rulewerk.semantic-web.org/inferred/init(?C) :- http://rulewerk.semantic-web.org/inferred/ex(?E, ?R, ?C) >>>
18:32:13 [INFO] Execution step: Body
18:32:13 [INFO] Saved temporary table: 26 entries (3504)
18:32:13 [INFO] Execution step: Duplicate Elimination (Datalog)
18:32:13 [INFO] Trie does not contain any elements
18:32:13 [INFO] Rule duration: 0 ms
18:32:13 [INFO] <<< STEP 296: APPLYING RULE 2 http://rulewerk.semantic-web.org/inferred/subClassOf(?C, ?C) :- http://rulewerk.semantic-web.org/inferred/init(?C) >>>
18:32:13 [INFO] Execution step: Body
18:32:13 [INFO] Trie does not contain any elements
18:32:13 [INFO] Execution step: Duplicate Elimination (Datalog)
18:32:13 [INFO] Trie does not contain any elements
18:32:13 [INFO] Rule duration: 0 ms
18:32:13 [INFO] <<< STEP 297: APPLYING RULE 4 http://rulewerk.semantic-web.org/inferred/subClassOf(?C, ?D1), http://rulewerk.semantic-web.org/inferred/subClassOf(?C, ?D2) :- http://rulewerk.semantic-web.org/inferred/subClassOf(?C, ?Y), http://rulewerk.semantic-web.org/normalForm/conj(?Y, ?D1, ?D2) >>>
18:32:13 [INFO] Execution step: Body
18:32:13 [INFO] Saved temporary table: 161 entries (8650)
18:32:13 [INFO] Saved temporary table: 136 entries (8550)
18:32:13 [INFO] Execution step: Duplicate Elimination (Datalog)
18:32:13 [INFO] Trie does not contain any elements
18:32:13 [INFO] Rule duration: 1 ms
18:32:13 [INFO] <<< STEP 298: APPLYING RULE 5 http://rulewerk.semantic-web.org/inferred/subClassOf(?C, ?I) :- http://rulewerk.semantic-web.org/inferred/subClassOf(?C, ?D1), http://rulewerk.semantic-web.org/inferred/subClassOf(?C, ?D2), http://rulewerk.semantic-web.org/normalForm/conj(?I, ?D1, ?D2), http://rulewerk.semantic-web.org/normalForm/isSubClass(?I) >>>
18:32:13 [INFO] Execution step: Body
18:32:13 [INFO] Saved temporary table: 78 entries (8880)
18:32:13 [INFO] Execution step: Duplicate Elimination (Datalog)
18:32:13 [INFO] Saved permanent table http://rulewerk.semantic-web.org/inferred/subClassOf (298) Permutation { idx_to_val: [], val_to_idx: [] } with 78 entries (8928)
18:32:13 [INFO] Rule duration: 4 ms
18:32:13 [INFO] <<< STEP 299: APPLYING RULE 5 http://rulewerk.semantic-web.org/inferred/subClassOf(?C, ?I) :- http://rulewerk.semantic-web.org/inferred/subClassOf(?C, ?D1), http://rulewerk.semantic-web.org/inferred/subClassOf(?C, ?D2), http://rulewerk.semantic-web.org/normalForm/conj(?I, ?D1, ?D2), http://rulewerk.semantic-web.org/normalForm/isSubClass(?I) >>>
18:32:13 [INFO] Execution step: Body
18:32:13 [INFO] Saved temporary table: 26 entries (8256)
18:32:13 [INFO] Execution step: Duplicate Elimination (Datalog)
18:32:13 [INFO] Saved permanent table http://rulewerk.semantic-web.org/inferred/subClassOf (299) Permutation { idx_to_val: [], val_to_idx: [] } with 26 entries (8304)
18:32:13 [INFO] Rule duration: 2 ms
18:32:13 [INFO] <<< STEP 300: APPLYING RULE 5 http://rulewerk.semantic-web.org/inferred/subClassOf(?C, ?I) :- http://rulewerk.semantic-web.org/inferred/subClassOf(?C, ?D1), http://rulewerk.semantic-web.org/inferred/subClassOf(?C, ?D2), http://rulewerk.semantic-web.org/normalForm/conj(?I, ?D1, ?D2), http://rulewerk.semantic-web.org/normalForm/isSubClass(?I) >>>
18:32:13 [INFO] Execution step: Body
18:32:13 [INFO] Trie does not contain any elements
18:32:13 [INFO] Execution step: Duplicate Elimination (Datalog)
18:32:13 [INFO] Trie does not contain any elements
18:32:13 [INFO] Rule duration: 1 ms
18:32:13 [INFO] <<< STEP 301: APPLYING RULE 6 http://rulewerk.semantic-web.org/inferred/ex(?E, ?R, ?C) :- http://rulewerk.semantic-web.org/inferred/subClassOf(?E, ?Y), http://rulewerk.semantic-web.org/normalForm/exists(?Y, ?R, ?C) >>>
18:32:13 [INFO] Execution step: Body
18:32:13 [INFO] Saved temporary table: 63 entries (13374)
18:32:13 [INFO] Execution step: Duplicate Elimination (Datalog)
18:32:13 [INFO] Saved permanent table http://rulewerk.semantic-web.org/inferred/ex (301) Permutation { idx_to_val: [], val_to_idx: [] } with 63 entries (13422)
18:32:13 [INFO] Rule duration: 0 ms
18:32:13 [INFO] <<< STEP 302: APPLYING RULE 7 http://rulewerk.semantic-web.org/inferred/subClassOf(?E, ?Y) :- http://rulewerk.semantic-web.org/inferred/ex(?E, ?R, ?C), http://rulewerk.semantic-web.org/inferred/subClassOf(?C, ?D), http://rulewerk.semantic-web.org/normalForm/subProp(?R, ?S), http://rulewerk.semantic-web.org/normalForm/exists(?Y, ?S, ?D), http://rulewerk.semantic-web.org/normalForm/isSubClass(?Y) >>>
18:32:13 [INFO] Execution step: Body
18:32:13 [INFO] Saved temporary table: 219 entries (9912)
18:32:13 [INFO] Execution step: Duplicate Elimination (Datalog)
18:32:13 [INFO] Saved permanent table http://rulewerk.semantic-web.org/inferred/subClassOf (302) Permutation { idx_to_val: [], val_to_idx: [] } with 70 entries (8792)
18:32:13 [INFO] Rule duration: 2 ms
18:32:13 [INFO] Execution step: Combining Tables
18:32:13 [INFO] Saved permanent table http://rulewerk.semantic-web.org/inferred/subClassOf (280-304) Permutation { idx_to_val: [], val_to_idx: [] } with 498 entries (10190)
18:32:13 [INFO] <<< STEP 303: APPLYING RULE 7 http://rulewerk.semantic-web.org/inferred/subClassOf(?E, ?Y) :- http://rulewerk.semantic-web.org/inferred/ex(?E, ?R, ?C), http://rulewerk.semantic-web.org/inferred/subClassOf(?C, ?D), http://rulewerk.semantic-web.org/normalForm/subProp(?R, ?S), http://rulewerk.semantic-web.org/normalForm/exists(?Y, ?S, ?D), http://rulewerk.semantic-web.org/normalForm/isSubClass(?Y) >>>
18:32:13 [INFO] Execution step: Body
18:32:13 [INFO] Trie does not contain any elements
18:32:13 [INFO] Execution step: Duplicate Elimination (Datalog)
18:32:13 [INFO] Trie does not contain any elements
18:32:13 [INFO] Rule duration: 0 ms
18:32:13 [INFO] <<< STEP 304: APPLYING RULE 8 http://rulewerk.semantic-web.org/inferred/ex(?E, ?S, ?D) :- http://rulewerk.semantic-web.org/inferred/ex(?E, ?R1, ?C), http://rulewerk.semantic-web.org/inferred/ex(?C, ?R2, ?D), http://rulewerk.semantic-web.org/normalForm/subProp(?R1, ?S1), http://rulewerk.semantic-web.org/normalForm/subProp(?R2, ?S2), http://rulewerk.semantic-web.org/normalForm/subPropChain(?S1, ?S2, ?S) >>>
18:32:13 [INFO] Execution step: Body
18:32:13 [INFO] Trie does not contain any elements
18:32:13 [INFO] Execution step: Duplicate Elimination (Datalog)
18:32:13 [INFO] Trie does not contain any elements
18:32:13 [INFO] Rule duration: 0 ms
18:32:13 [INFO] <<< STEP 305: APPLYING RULE 9 http://rulewerk.semantic-web.org/inferred/subClassOf(?C, ?E) :- http://rulewerk.semantic-web.org/inferred/subClassOf(?C, ?D), http://rulewerk.semantic-web.org/normalForm/subClassOf(?D, ?E) >>>
18:32:13 [INFO] Execution step: Body
18:32:13 [INFO] Saved temporary table: 73 entries (8860)
18:32:13 [INFO] Execution step: Duplicate Elimination (Datalog)
18:32:13 [INFO] Saved permanent table http://rulewerk.semantic-web.org/inferred/subClassOf (305) Permutation { idx_to_val: [], val_to_idx: [] } with 73 entries (8908)
18:32:13 [INFO] Rule duration: 0 ms
18:32:13 [INFO] <<< STEP 306: APPLYING RULE 9 http://rulewerk.semantic-web.org/inferred/subClassOf(?C, ?E) :- http://rulewerk.semantic-web.org/inferred/subClassOf(?C, ?D), http://rulewerk.semantic-web.org/normalForm/subClassOf(?D, ?E) >>>
18:32:13 [INFO] Execution step: Body
18:32:13 [INFO] Saved temporary table: 79 entries (8884)
18:32:13 [INFO] Execution step: Duplicate Elimination (Datalog)
18:32:13 [INFO] Saved permanent table http://rulewerk.semantic-web.org/inferred/subClassOf (306) Permutation { idx_to_val: [], val_to_idx: [] } with 1 entries (6904)
18:32:13 [INFO] Rule duration: 0 ms
18:32:13 [INFO] <<< STEP 307: APPLYING RULE 9 http://rulewerk.semantic-web.org/inferred/subClassOf(?C, ?E) :- http://rulewerk.semantic-web.org/inferred/subClassOf(?C, ?D), http://rulewerk.semantic-web.org/normalForm/subClassOf(?D, ?E) >>>
18:32:13 [INFO] Execution step: Body
18:32:13 [INFO] Trie does not contain any elements
18:32:13 [INFO] Execution step: Duplicate Elimination (Datalog)
18:32:13 [INFO] Trie does not contain any elements
18:32:13 [INFO] Rule duration: 0 ms
18:32:13 [INFO] <<< STEP 308: APPLYING RULE 10 http://rulewerk.semantic-web.org/inferred/subClassOf(?E, "<http://www.w3.org/2002/07/owl#Nothing>") :- http://rulewerk.semantic-web.org/inferred/ex(?E, ?R, ?C), http://rulewerk.semantic-web.org/inferred/subClassOf(?C, ?_BODY_1), Equal(?_BODY_1, "<http://www.w3.org/2002/07/owl#Nothing>") >>>
18:32:13 [INFO] Execution step: Body
18:32:13 [INFO] Trie does not contain any elements
18:32:13 [INFO] Execution step: Duplicate Elimination (Datalog)
18:32:13 [INFO] Trie does not contain any elements
18:32:13 [INFO] Rule duration: 0 ms
18:32:13 [INFO] <<< STEP 309: APPLYING RULE 1 http://rulewerk.semantic-web.org/inferred/init(?C) :- http://rulewerk.semantic-web.org/inferred/ex(?E, ?R, ?C) >>>
18:32:13 [INFO] Execution step: Body
18:32:13 [INFO] Saved temporary table: 10 entries (3440)
18:32:13 [INFO] Execution step: Duplicate Elimination (Datalog)
18:32:13 [INFO] Trie does not contain any elements
18:32:13 [INFO] Rule duration: 0 ms
18:32:13 [INFO] <<< STEP 310: APPLYING RULE 2 http://rulewerk.semantic-web.org/inferred/subClassOf(?C, ?C) :- http://rulewerk.semantic-web.org/inferred/init(?C) >>>
18:32:13 [INFO] Execution step: Body
18:32:13 [INFO] Trie does not contain any elements
18:32:13 [INFO] Execution step: Duplicate Elimination (Datalog)
18:32:13 [INFO] Trie does not contain any elements
18:32:13 [INFO] Rule duration: 0 ms
18:32:13 [INFO] <<< STEP 311: APPLYING RULE 4 http://rulewerk.semantic-web.org/inferred/subClassOf(?C, ?D1), http://rulewerk.semantic-web.org/inferred/subClassOf(?C, ?D2) :- http://rulewerk.semantic-web.org/inferred/subClassOf(?C, ?Y), http://rulewerk.semantic-web.org/normalForm/conj(?Y, ?D1, ?D2) >>>
18:32:13 [INFO] Execution step: Body
18:32:13 [INFO] Saved temporary table: 97 entries (8956)
18:32:13 [INFO] Saved temporary table: 72 entries (8856)
18:32:13 [INFO] Execution step: Duplicate Elimination (Datalog)
18:32:13 [INFO] Trie does not contain any elements
18:32:13 [INFO] Rule duration: 1 ms
18:32:13 [INFO] <<< STEP 312: APPLYING RULE 5 http://rulewerk.semantic-web.org/inferred/subClassOf(?C, ?I) :- http://rulewerk.semantic-web.org/inferred/subClassOf(?C, ?D1), http://rulewerk.semantic-web.org/inferred/subClassOf(?C, ?D2), http://rulewerk.semantic-web.org/normalForm/conj(?I, ?D1, ?D2), http://rulewerk.semantic-web.org/normalForm/isSubClass(?I) >>>
18:32:13 [INFO] Execution step: Body
18:32:13 [INFO] Saved temporary table: 56 entries (8688)
18:32:13 [INFO] Execution step: Duplicate Elimination (Datalog)
18:32:13 [INFO] Saved permanent table http://rulewerk.semantic-web.org/inferred/subClassOf (312) Permutation { idx_to_val: [], val_to_idx: [] } with 56 entries (8736)
18:32:13 [INFO] Rule duration: 2 ms
18:32:13 [INFO] <<< STEP 313: APPLYING RULE 5 http://rulewerk.semantic-web.org/inferred/subClassOf(?C, ?I) :- http://rulewerk.semantic-web.org/inferred/subClassOf(?C, ?D1), http://rulewerk.semantic-web.org/inferred/subClassOf(?C, ?D2), http://rulewerk.semantic-web.org/normalForm/conj(?I, ?D1, ?D2), http://rulewerk.semantic-web.org/normalForm/isSubClass(?I) >>>
18:32:13 [INFO] Execution step: Body
18:32:13 [INFO] Saved temporary table: 5 entries (7080)
18:32:13 [INFO] Execution step: Duplicate Elimination (Datalog)
18:32:13 [INFO] Saved permanent table http://rulewerk.semantic-web.org/inferred/subClassOf (313) Permutation { idx_to_val: [], val_to_idx: [] } with 5 entries (7128)
18:32:13 [INFO] Rule duration: 1 ms
18:32:13 [INFO] <<< STEP 314: APPLYING RULE 5 http://rulewerk.semantic-web.org/inferred/subClassOf(?C, ?I) :- http://rulewerk.semantic-web.org/inferred/subClassOf(?C, ?D1), http://rulewerk.semantic-web.org/inferred/subClassOf(?C, ?D2), http://rulewerk.semantic-web.org/normalForm/conj(?I, ?D1, ?D2), http://rulewerk.semantic-web.org/normalForm/isSubClass(?I) >>>
18:32:13 [INFO] Execution step: Body
18:32:13 [INFO] Trie does not contain any elements
18:32:13 [INFO] Execution step: Duplicate Elimination (Datalog)
18:32:13 [INFO] Trie does not contain any elements
18:32:13 [INFO] Rule duration: 1 ms
18:32:13 [INFO] <<< STEP 315: APPLYING RULE 6 http://rulewerk.semantic-web.org/inferred/ex(?E, ?R, ?C) :- http://rulewerk.semantic-web.org/inferred/subClassOf(?E, ?Y), http://rulewerk.semantic-web.org/normalForm/exists(?Y, ?R, ?C) >>>
18:32:13 [INFO] Execution step: Body
18:32:13 [INFO] Saved temporary table: 71 entries (13916)
18:32:13 [INFO] Execution step: Duplicate Elimination (Datalog)
18:32:13 [INFO] Saved permanent table http://rulewerk.semantic-web.org/inferred/ex (315) Permutation { idx_to_val: [], val_to_idx: [] } with 71 entries (13964)
18:32:13 [INFO] Rule duration: 0 ms
18:32:13 [INFO] <<< STEP 316: APPLYING RULE 7 http://rulewerk.semantic-web.org/inferred/subClassOf(?E, ?Y) :- http://rulewerk.semantic-web.org/inferred/ex(?E, ?R, ?C), http://rulewerk.semantic-web.org/inferred/subClassOf(?C, ?D), http://rulewerk.semantic-web.org/normalForm/subProp(?R, ?S), http://rulewerk.semantic-web.org/normalForm/exists(?Y, ?S, ?D), http://rulewerk.semantic-web.org/normalForm/isSubClass(?Y) >>>
18:32:13 [INFO] Execution step: Body
18:32:13 [INFO] Saved temporary table: 86 entries (8860)
18:32:13 [INFO] Execution step: Duplicate Elimination (Datalog)
18:32:13 [INFO] Trie does not contain any elements
18:32:13 [INFO] Rule duration: 1 ms
18:32:13 [INFO] <<< STEP 317: APPLYING RULE 8 http://rulewerk.semantic-web.org/inferred/ex(?E, ?S, ?D) :- http://rulewerk.semantic-web.org/inferred/ex(?E, ?R1, ?C), http://rulewerk.semantic-web.org/inferred/ex(?C, ?R2, ?D), http://rulewerk.semantic-web.org/normalForm/subProp(?R1, ?S1), http://rulewerk.semantic-web.org/normalForm/subProp(?R2, ?S2), http://rulewerk.semantic-web.org/normalForm/subPropChain(?S1, ?S2, ?S) >>>
18:32:13 [INFO] Execution step: Body
18:32:13 [INFO] Trie does not contain any elements
18:32:13 [INFO] Execution step: Duplicate Elimination (Datalog)
18:32:13 [INFO] Trie does not contain any elements
18:32:13 [INFO] Rule duration: 0 ms
18:32:13 [INFO] <<< STEP 318: APPLYING RULE 9 http://rulewerk.semantic-web.org/inferred/subClassOf(?C, ?E) :- http://rulewerk.semantic-web.org/inferred/subClassOf(?C, ?D), http://rulewerk.semantic-web.org/normalForm/subClassOf(?D, ?E) >>>
18:32:13 [INFO] Execution step: Body
18:32:13 [INFO] Saved temporary table: 31 entries (8536)
18:32:13 [INFO] Execution step: Duplicate Elimination (Datalog)
18:32:13 [INFO] Saved permanent table http://rulewerk.semantic-web.org/inferred/subClassOf (318) Permutation { idx_to_val: [], val_to_idx: [] } with 31 entries (8584)
18:32:13 [INFO] Rule duration: 0 ms
18:32:13 [INFO] <<< STEP 319: APPLYING RULE 9 http://rulewerk.semantic-web.org/inferred/subClassOf(?C, ?E) :- http://rulewerk.semantic-web.org/inferred/subClassOf(?C, ?D), http://rulewerk.semantic-web.org/normalForm/subClassOf(?D, ?E) >>>
18:32:13 [INFO] Execution step: Body
18:32:13 [INFO] Saved temporary table: 36 entries (8556)
18:32:13 [INFO] Execution step: Duplicate Elimination (Datalog)
18:32:13 [INFO] Saved permanent table http://rulewerk.semantic-web.org/inferred/subClassOf (319) Permutation { idx_to_val: [], val_to_idx: [] } with 5 entries (7128)
18:32:13 [INFO] Rule duration: 0 ms
18:32:13 [INFO] <<< STEP 320: APPLYING RULE 9 http://rulewerk.semantic-web.org/inferred/subClassOf(?C, ?E) :- http://rulewerk.semantic-web.org/inferred/subClassOf(?C, ?D), http://rulewerk.semantic-web.org/normalForm/subClassOf(?D, ?E) >>>
18:32:13 [INFO] Execution step: Body
18:32:13 [INFO] Trie does not contain any elements
18:32:13 [INFO] Execution step: Duplicate Elimination (Datalog)
18:32:13 [INFO] Trie does not contain any elements
18:32:13 [INFO] Rule duration: 0 ms
18:32:13 [INFO] <<< STEP 321: APPLYING RULE 10 http://rulewerk.semantic-web.org/inferred/subClassOf(?E, "<http://www.w3.org/2002/07/owl#Nothing>") :- http://rulewerk.semantic-web.org/inferred/ex(?E, ?R, ?C), http://rulewerk.semantic-web.org/inferred/subClassOf(?C, ?_BODY_1), Equal(?_BODY_1, "<http://www.w3.org/2002/07/owl#Nothing>") >>>
18:32:13 [INFO] Execution step: Body
18:32:13 [INFO] Trie does not contain any elements
18:32:13 [INFO] Execution step: Duplicate Elimination (Datalog)
18:32:13 [INFO] Trie does not contain any elements
18:32:13 [INFO] Rule duration: 0 ms
18:32:13 [INFO] <<< STEP 322: APPLYING RULE 1 http://rulewerk.semantic-web.org/inferred/init(?C) :- http://rulewerk.semantic-web.org/inferred/ex(?E, ?R, ?C) >>>
18:32:13 [INFO] Execution step: Body
18:32:13 [INFO] Saved temporary table: 5 entries (3420)
18:32:13 [INFO] Execution step: Duplicate Elimination (Datalog)
18:32:13 [INFO] Trie does not contain any elements
18:32:13 [INFO] Rule duration: 0 ms
18:32:13 [INFO] <<< STEP 323: APPLYING RULE 2 http://rulewerk.semantic-web.org/inferred/subClassOf(?C, ?C) :- http://rulewerk.semantic-web.org/inferred/init(?C) >>>
18:32:13 [INFO] Execution step: Body
18:32:13 [INFO] Trie does not contain any elements
18:32:13 [INFO] Execution step: Duplicate Elimination (Datalog)
18:32:13 [INFO] Trie does not contain any elements
18:32:13 [INFO] Rule duration: 0 ms
18:32:13 [INFO] <<< STEP 324: APPLYING RULE 4 http://rulewerk.semantic-web.org/inferred/subClassOf(?C, ?D1), http://rulewerk.semantic-web.org/inferred/subClassOf(?C, ?D2) :- http://rulewerk.semantic-web.org/inferred/subClassOf(?C, ?Y), http://rulewerk.semantic-web.org/normalForm/conj(?Y, ?D1, ?D2) >>>
18:32:13 [INFO] Execution step: Body
18:32:13 [INFO] Saved temporary table: 61 entries (8708)
18:32:13 [INFO] Saved temporary table: 49 entries (8660)
18:32:13 [INFO] Execution step: Duplicate Elimination (Datalog)
18:32:13 [INFO] Trie does not contain any elements
18:32:13 [INFO] Rule duration: 1 ms
18:32:13 [INFO] <<< STEP 325: APPLYING RULE 5 http://rulewerk.semantic-web.org/inferred/subClassOf(?C, ?I) :- http://rulewerk.semantic-web.org/inferred/subClassOf(?C, ?D1), http://rulewerk.semantic-web.org/inferred/subClassOf(?C, ?D2), http://rulewerk.semantic-web.org/normalForm/conj(?I, ?D1, ?D2), http://rulewerk.semantic-web.org/normalForm/isSubClass(?I) >>>
18:32:13 [INFO] Execution step: Body
18:32:13 [INFO] Saved temporary table: 13 entries (7112)
18:32:13 [INFO] Execution step: Duplicate Elimination (Datalog)
18:32:13 [INFO] Saved permanent table http://rulewerk.semantic-web.org/inferred/subClassOf (325) Permutation { idx_to_val: [], val_to_idx: [] } with 13 entries (7160)
18:32:13 [INFO] Rule duration: 2 ms
18:32:13 [INFO] <<< STEP 326: APPLYING RULE 5 http://rulewerk.semantic-web.org/inferred/subClassOf(?C, ?I) :- http://rulewerk.semantic-web.org/inferred/subClassOf(?C, ?D1), http://rulewerk.semantic-web.org/inferred/subClassOf(?C, ?D2), http://rulewerk.semantic-web.org/normalForm/conj(?I, ?D1, ?D2), http://rulewerk.semantic-web.org/normalForm/isSubClass(?I) >>>
18:32:13 [INFO] Execution step: Body
18:32:13 [INFO] Saved temporary table: 5 entries (7080)
18:32:13 [INFO] Execution step: Duplicate Elimination (Datalog)
18:32:13 [INFO] Saved permanent table http://rulewerk.semantic-web.org/inferred/subClassOf (326) Permutation { idx_to_val: [], val_to_idx: [] } with 5 entries (7128)
18:32:13 [INFO] Rule duration: 1 ms
18:32:13 [INFO] Execution step: Combining Tables
18:32:13 [INFO] Saved permanent table http://rulewerk.semantic-web.org/inferred/subClassOf (304-328) Permutation { idx_to_val: [], val_to_idx: [] } with 189 entries (9632)
18:32:13 [INFO] <<< STEP 327: APPLYING RULE 5 http://rulewerk.semantic-web.org/inferred/subClassOf(?C, ?I) :- http://rulewerk.semantic-web.org/inferred/subClassOf(?C, ?D1), http://rulewerk.semantic-web.org/inferred/subClassOf(?C, ?D2), http://rulewerk.semantic-web.org/normalForm/conj(?I, ?D1, ?D2), http://rulewerk.semantic-web.org/normalForm/isSubClass(?I) >>>
18:32:13 [INFO] Execution step: Body
18:32:13 [INFO] Trie does not contain any elements
18:32:13 [INFO] Execution step: Duplicate Elimination (Datalog)
18:32:13 [INFO] Trie does not contain any elements
18:32:13 [INFO] Rule duration: 1 ms
18:32:13 [INFO] <<< STEP 328: APPLYING RULE 6 http://rulewerk.semantic-web.org/inferred/ex(?E, ?R, ?C) :- http://rulewerk.semantic-web.org/inferred/subClassOf(?E, ?Y), http://rulewerk.semantic-web.org/normalForm/exists(?Y, ?R, ?C) >>>
18:32:13 [INFO] Execution step: Body
18:32:13 [INFO] Saved temporary table: 5 entries (10740)
18:32:13 [INFO] Execution step: Duplicate Elimination (Datalog)
18:32:13 [INFO] Saved permanent table http://rulewerk.semantic-web.org/inferred/ex (328) Permutation { idx_to_val: [], val_to_idx: [] } with 5 entries (10788)
18:32:13 [INFO] Rule duration: 0 ms
18:32:13 [INFO] <<< STEP 329: APPLYING RULE 7 http://rulewerk.semantic-web.org/inferred/subClassOf(?E, ?Y) :- http://rulewerk.semantic-web.org/inferred/ex(?E, ?R, ?C), http://rulewerk.semantic-web.org/inferred/subClassOf(?C, ?D), http://rulewerk.semantic-web.org/normalForm/subProp(?R, ?S), http://rulewerk.semantic-web.org/normalForm/exists(?Y, ?S, ?D), http://rulewerk.semantic-web.org/normalForm/isSubClass(?Y) >>>
18:32:13 [INFO] Execution step: Body
18:32:13 [INFO] Saved temporary table: 20 entries (7140)
18:32:13 [INFO] Execution step: Duplicate Elimination (Datalog)
18:32:13 [INFO] Saved permanent table http://rulewerk.semantic-web.org/inferred/subClassOf (329) Permutation { idx_to_val: [], val_to_idx: [] } with 15 entries (7168)
18:32:13 [INFO] Rule duration: 1 ms
18:32:13 [INFO] <<< STEP 330: APPLYING RULE 7 http://rulewerk.semantic-web.org/inferred/subClassOf(?E, ?Y) :- http://rulewerk.semantic-web.org/inferred/ex(?E, ?R, ?C), http://rulewerk.semantic-web.org/inferred/subClassOf(?C, ?D), http://rulewerk.semantic-web.org/normalForm/subProp(?R, ?S), http://rulewerk.semantic-web.org/normalForm/exists(?Y, ?S, ?D), http://rulewerk.semantic-web.org/normalForm/isSubClass(?Y) >>>
18:32:13 [INFO] Execution step: Body
18:32:13 [INFO] Trie does not contain any elements
18:32:13 [INFO] Execution step: Duplicate Elimination (Datalog)
18:32:13 [INFO] Trie does not contain any elements
18:32:13 [INFO] Rule duration: 0 ms
18:32:13 [INFO] <<< STEP 331: APPLYING RULE 8 http://rulewerk.semantic-web.org/inferred/ex(?E, ?S, ?D) :- http://rulewerk.semantic-web.org/inferred/ex(?E, ?R1, ?C), http://rulewerk.semantic-web.org/inferred/ex(?C, ?R2, ?D), http://rulewerk.semantic-web.org/normalForm/subProp(?R1, ?S1), http://rulewerk.semantic-web.org/normalForm/subProp(?R2, ?S2), http://rulewerk.semantic-web.org/normalForm/subPropChain(?S1, ?S2, ?S) >>>
18:32:13 [INFO] Execution step: Body
18:32:13 [INFO] Trie does not contain any elements
18:32:13 [INFO] Execution step: Duplicate Elimination (Datalog)
18:32:13 [INFO] Trie does not contain any elements
18:32:13 [INFO] Rule duration: 0 ms
18:32:13 [INFO] <<< STEP 332: APPLYING RULE 9 http://rulewerk.semantic-web.org/inferred/subClassOf(?C, ?E) :- http://rulewerk.semantic-web.org/inferred/subClassOf(?C, ?D), http://rulewerk.semantic-web.org/normalForm/subClassOf(?D, ?E) >>>
18:32:13 [INFO] Execution step: Body
18:32:13 [INFO] Saved temporary table: 10 entries (7100)
18:32:13 [INFO] Execution step: Duplicate Elimination (Datalog)
18:32:13 [INFO] Saved permanent table http://rulewerk.semantic-web.org/inferred/subClassOf (332) Permutation { idx_to_val: [], val_to_idx: [] } with 10 entries (7148)
18:32:13 [INFO] Rule duration: 0 ms
18:32:13 [INFO] <<< STEP 333: APPLYING RULE 9 http://rulewerk.semantic-web.org/inferred/subClassOf(?C, ?E) :- http://rulewerk.semantic-web.org/inferred/subClassOf(?C, ?D), http://rulewerk.semantic-web.org/normalForm/subClassOf(?D, ?E) >>>
18:32:13 [INFO] Execution step: Body
18:32:13 [INFO] Saved temporary table: 10 entries (7100)
18:32:13 [INFO] Execution step: Duplicate Elimination (Datalog)
18:32:13 [INFO] Trie does not contain any elements
18:32:13 [INFO] Rule duration: 0 ms
18:32:13 [INFO] <<< STEP 334: APPLYING RULE 10 http://rulewerk.semantic-web.org/inferred/subClassOf(?E, "<http://www.w3.org/2002/07/owl#Nothing>") :- http://rulewerk.semantic-web.org/inferred/ex(?E, ?R, ?C), http://rulewerk.semantic-web.org/inferred/subClassOf(?C, ?_BODY_1), Equal(?_BODY_1, "<http://www.w3.org/2002/07/owl#Nothing>") >>>
18:32:13 [INFO] Execution step: Body
18:32:13 [INFO] Trie does not contain any elements
18:32:13 [INFO] Execution step: Duplicate Elimination (Datalog)
18:32:13 [INFO] Trie does not contain any elements
18:32:13 [INFO] Rule duration: 0 ms
18:32:13 [INFO] <<< STEP 335: APPLYING RULE 1 http://rulewerk.semantic-web.org/inferred/init(?C) :- http://rulewerk.semantic-web.org/inferred/ex(?E, ?R, ?C) >>>
18:32:13 [INFO] Execution step: Body
18:32:13 [INFO] Saved temporary table: 1 entries (3404)
18:32:13 [INFO] Execution step: Duplicate Elimination (Datalog)
18:32:13 [INFO] Trie does not contain any elements
18:32:13 [INFO] Rule duration: 0 ms
18:32:13 [INFO] <<< STEP 336: APPLYING RULE 2 http://rulewerk.semantic-web.org/inferred/subClassOf(?C, ?C) :- http://rulewerk.semantic-web.org/inferred/init(?C) >>>
18:32:13 [INFO] Execution step: Body
18:32:13 [INFO] Trie does not contain any elements
18:32:13 [INFO] Execution step: Duplicate Elimination (Datalog)
18:32:13 [INFO] Trie does not contain any elements
18:32:13 [INFO] Rule duration: 0 ms
18:32:13 [INFO] <<< STEP 337: APPLYING RULE 4 http://rulewerk.semantic-web.org/inferred/subClassOf(?C, ?D1), http://rulewerk.semantic-web.org/inferred/subClassOf(?C, ?D2) :- http://rulewerk.semantic-web.org/inferred/subClassOf(?C, ?Y), http://rulewerk.semantic-web.org/normalForm/conj(?Y, ?D1, ?D2) >>>
18:32:13 [INFO] Execution step: Body
18:32:13 [INFO] Saved temporary table: 18 entries (7132)
18:32:13 [INFO] Saved temporary table: 10 entries (7100)
18:32:13 [INFO] Execution step: Duplicate Elimination (Datalog)
18:32:13 [INFO] Trie does not contain any elements
18:32:13 [INFO] Rule duration: 0 ms
18:32:13 [INFO] <<< STEP 338: APPLYING RULE 5 http://rulewerk.semantic-web.org/inferred/subClassOf(?C, ?I) :- http://rulewerk.semantic-web.org/inferred/subClassOf(?C, ?D1), http://rulewerk.semantic-web.org/inferred/subClassOf(?C, ?D2), http://rulewerk.semantic-web.org/normalForm/conj(?I, ?D1, ?D2), http://rulewerk.semantic-web.org/normalForm/isSubClass(?I) >>>
18:32:13 [INFO] Execution step: Body
18:32:13 [INFO] Saved temporary table: 15 entries (7120)
18:32:13 [INFO] Execution step: Duplicate Elimination (Datalog)
18:32:13 [INFO] Saved permanent table http://rulewerk.semantic-web.org/inferred/subClassOf (338) Permutation { idx_to_val: [], val_to_idx: [] } with 15 entries (7168)
18:32:13 [INFO] Rule duration: 1 ms
18:32:13 [INFO] <<< STEP 339: APPLYING RULE 5 http://rulewerk.semantic-web.org/inferred/subClassOf(?C, ?I) :- http://rulewerk.semantic-web.org/inferred/subClassOf(?C, ?D1), http://rulewerk.semantic-web.org/inferred/subClassOf(?C, ?D2), http://rulewerk.semantic-web.org/normalForm/conj(?I, ?D1, ?D2), http://rulewerk.semantic-web.org/normalForm/isSubClass(?I) >>>
18:32:13 [INFO] Execution step: Body
18:32:13 [INFO] Trie does not contain any elements
18:32:13 [INFO] Execution step: Duplicate Elimination (Datalog)
18:32:13 [INFO] Trie does not contain any elements
18:32:13 [INFO] Rule duration: 1 ms
18:32:13 [INFO] <<< STEP 340: APPLYING RULE 6 http://rulewerk.semantic-web.org/inferred/ex(?E, ?R, ?C) :- http://rulewerk.semantic-web.org/inferred/subClassOf(?E, ?Y), http://rulewerk.semantic-web.org/normalForm/exists(?Y, ?R, ?C) >>>
18:32:13 [INFO] Execution step: Body
18:32:13 [INFO] Saved temporary table: 15 entries (10780)
18:32:13 [INFO] Execution step: Duplicate Elimination (Datalog)
18:32:13 [INFO] Saved permanent table http://rulewerk.semantic-web.org/inferred/ex (340) Permutation { idx_to_val: [], val_to_idx: [] } with 15 entries (10828)
18:32:13 [INFO] Rule duration: 0 ms
18:32:13 [INFO] <<< STEP 341: APPLYING RULE 7 http://rulewerk.semantic-web.org/inferred/subClassOf(?E, ?Y) :- http://rulewerk.semantic-web.org/inferred/ex(?E, ?R, ?C), http://rulewerk.semantic-web.org/inferred/subClassOf(?C, ?D), http://rulewerk.semantic-web.org/normalForm/subProp(?R, ?S), http://rulewerk.semantic-web.org/normalForm/exists(?Y, ?S, ?D), http://rulewerk.semantic-web.org/normalForm/isSubClass(?Y) >>>
18:32:13 [INFO] Execution step: Body
18:32:13 [INFO] Saved temporary table: 15 entries (7120)
18:32:13 [INFO] Execution step: Duplicate Elimination (Datalog)
18:32:13 [INFO] Trie does not contain any elements
18:32:13 [INFO] Rule duration: 1 ms
18:32:13 [INFO] <<< STEP 342: APPLYING RULE 8 http://rulewerk.semantic-web.org/inferred/ex(?E, ?S, ?D) :- http://rulewerk.semantic-web.org/inferred/ex(?E, ?R1, ?C), http://rulewerk.semantic-web.org/inferred/ex(?C, ?R2, ?D), http://rulewerk.semantic-web.org/normalForm/subProp(?R1, ?S1), http://rulewerk.semantic-web.org/normalForm/subProp(?R2, ?S2), http://rulewerk.semantic-web.org/normalForm/subPropChain(?S1, ?S2, ?S) >>>
18:32:13 [INFO] Execution step: Body
18:32:13 [INFO] Trie does not contain any elements
18:32:13 [INFO] Execution step: Duplicate Elimination (Datalog)
18:32:13 [INFO] Trie does not contain any elements
18:32:13 [INFO] Rule duration: 0 ms
18:32:13 [INFO] <<< STEP 343: APPLYING RULE 9 http://rulewerk.semantic-web.org/inferred/subClassOf(?C, ?E) :- http://rulewerk.semantic-web.org/inferred/subClassOf(?C, ?D), http://rulewerk.semantic-web.org/normalForm/subClassOf(?D, ?E) >>>
18:32:13 [INFO] Execution step: Body
18:32:13 [INFO] Saved temporary table: 5 entries (7080)
18:32:13 [INFO] Execution step: Duplicate Elimination (Datalog)
18:32:13 [INFO] Saved permanent table http://rulewerk.semantic-web.org/inferred/subClassOf (343) Permutation { idx_to_val: [], val_to_idx: [] } with 5 entries (7128)
18:32:13 [INFO] Rule duration: 0 ms
18:32:13 [INFO] <<< STEP 344: APPLYING RULE 9 http://rulewerk.semantic-web.org/inferred/subClassOf(?C, ?E) :- http://rulewerk.semantic-web.org/inferred/subClassOf(?C, ?D), http://rulewerk.semantic-web.org/normalForm/subClassOf(?D, ?E) >>>
18:32:13 [INFO] Execution step: Body
18:32:13 [INFO] Saved temporary table: 5 entries (7080)
18:32:13 [INFO] Execution step: Duplicate Elimination (Datalog)
18:32:13 [INFO] Trie does not contain any elements
18:32:13 [INFO] Rule duration: 0 ms
18:32:13 [INFO] <<< STEP 345: APPLYING RULE 10 http://rulewerk.semantic-web.org/inferred/subClassOf(?E, "<http://www.w3.org/2002/07/owl#Nothing>") :- http://rulewerk.semantic-web.org/inferred/ex(?E, ?R, ?C), http://rulewerk.semantic-web.org/inferred/subClassOf(?C, ?_BODY_1), Equal(?_BODY_1, "<http://www.w3.org/2002/07/owl#Nothing>") >>>
18:32:13 [INFO] Execution step: Body
18:32:13 [INFO] Trie does not contain any elements
18:32:13 [INFO] Execution step: Duplicate Elimination (Datalog)
18:32:13 [INFO] Trie does not contain any elements
18:32:13 [INFO] Rule duration: 0 ms
18:32:13 [INFO] <<< STEP 346: APPLYING RULE 1 http://rulewerk.semantic-web.org/inferred/init(?C) :- http://rulewerk.semantic-web.org/inferred/ex(?E, ?R, ?C) >>>
18:32:13 [INFO] Execution step: Body
18:32:13 [INFO] Saved temporary table: 3 entries (3412)
18:32:13 [INFO] Execution step: Duplicate Elimination (Datalog)
18:32:13 [INFO] Trie does not contain any elements
18:32:13 [INFO] Rule duration: 0 ms
18:32:13 [INFO] <<< STEP 347: APPLYING RULE 2 http://rulewerk.semantic-web.org/inferred/subClassOf(?C, ?C) :- http://rulewerk.semantic-web.org/inferred/init(?C) >>>
18:32:13 [INFO] Execution step: Body
18:32:13 [INFO] Trie does not contain any elements
18:32:13 [INFO] Execution step: Duplicate Elimination (Datalog)
18:32:13 [INFO] Trie does not contain any elements
18:32:13 [INFO] Rule duration: 0 ms
18:32:13 [INFO] <<< STEP 348: APPLYING RULE 4 http://rulewerk.semantic-web.org/inferred/subClassOf(?C, ?D1), http://rulewerk.semantic-web.org/inferred/subClassOf(?C, ?D2) :- http://rulewerk.semantic-web.org/inferred/subClassOf(?C, ?Y), http://rulewerk.semantic-web.org/normalForm/conj(?Y, ?D1, ?D2) >>>
18:32:13 [INFO] Execution step: Body
18:32:13 [INFO] Saved temporary table: 15 entries (7120)
18:32:13 [INFO] Saved temporary table: 10 entries (7100)
18:32:13 [INFO] Execution step: Duplicate Elimination (Datalog)
18:32:13 [INFO] Trie does not contain any elements
18:32:13 [INFO] Rule duration: 1 ms
18:32:13 [INFO] <<< STEP 349: APPLYING RULE 5 http://rulewerk.semantic-web.org/inferred/subClassOf(?C, ?I) :- http://rulewerk.semantic-web.org/inferred/subClassOf(?C, ?D1), http://rulewerk.semantic-web.org/inferred/subClassOf(?C, ?D2), http://rulewerk.semantic-web.org/normalForm/conj(?I, ?D1, ?D2), http://rulewerk.semantic-web.org/normalForm/isSubClass(?I) >>>
18:32:13 [INFO] Execution step: Body
18:32:13 [INFO] Trie does not contain any elements
18:32:13 [INFO] Execution step: Duplicate Elimination (Datalog)
18:32:13 [INFO] Trie does not contain any elements
18:32:13 [INFO] Rule duration: 1 ms
18:32:13 [INFO] <<< STEP 350: APPLYING RULE 6 http://rulewerk.semantic-web.org/inferred/ex(?E, ?R, ?C) :- http://rulewerk.semantic-web.org/inferred/subClassOf(?E, ?Y), http://rulewerk.semantic-web.org/normalForm/exists(?Y, ?R, ?C) >>>
18:32:13 [INFO] Execution step: Body
18:32:13 [INFO] Trie does not contain any elements
18:32:13 [INFO] Execution step: Duplicate Elimination (Datalog)
18:32:13 [INFO] Trie does not contain any elements
18:32:13 [INFO] Rule duration: 0 ms
18:32:13 [INFO] <<< STEP 351: APPLYING RULE 7 http://rulewerk.semantic-web.org/inferred/subClassOf(?E, ?Y) :- http://rulewerk.semantic-web.org/inferred/ex(?E, ?R, ?C), http://rulewerk.semantic-web.org/inferred/subClassOf(?C, ?D), http://rulewerk.semantic-web.org/normalForm/subProp(?R, ?S), http://rulewerk.semantic-web.org/normalForm/exists(?Y, ?S, ?D), http://rulewerk.semantic-web.org/normalForm/isSubClass(?Y) >>>
18:32:13 [INFO] Execution step: Body
18:32:13 [INFO] Trie does not contain any elements
18:32:13 [INFO] Execution step: Duplicate Elimination (Datalog)
18:32:13 [INFO] Trie does not contain any elements
18:32:13 [INFO] Rule duration: 1 ms
18:32:13 [INFO] <<< STEP 352: APPLYING RULE 8 http://rulewerk.semantic-web.org/inferred/ex(?E, ?S, ?D) :- http://rulewerk.semantic-web.org/inferred/ex(?E, ?R1, ?C), http://rulewerk.semantic-web.org/inferred/ex(?C, ?R2, ?D), http://rulewerk.semantic-web.org/normalForm/subProp(?R1, ?S1), http://rulewerk.semantic-web.org/normalForm/subProp(?R2, ?S2), http://rulewerk.semantic-web.org/normalForm/subPropChain(?S1, ?S2, ?S) >>>
18:32:13 [INFO] Execution step: Body
18:32:13 [INFO] Trie does not contain any elements
18:32:13 [INFO] Execution step: Duplicate Elimination (Datalog)
18:32:13 [INFO] Trie does not contain any elements
18:32:13 [INFO] Rule duration: 0 ms
18:32:13 [INFO] <<< STEP 353: APPLYING RULE 11 mainSubClassOf(?A, ?B) :- http://rulewerk.semantic-web.org/inferred/subClassOf(?A, ?B), http://rulewerk.semantic-web.org/normalForm/isMainClass(?A), http://rulewerk.semantic-web.org/normalForm/isMainClass(?B) >>>
18:32:13 [INFO] Execution step: Body
18:32:14 [INFO] Saved temporary table: 455126 entries (2012784)
18:32:14 [INFO] Execution step: Duplicate Elimination (Datalog)
18:32:14 [INFO] Saved permanent table mainSubClassOf (353) Permutation { idx_to_val: [], val_to_idx: [] } with 455126 entries (2012832)
18:32:14 [INFO] Rule duration: 376 ms
18:32:14 [INFO] <<< STEP 354: APPLYING RULE 11 mainSubClassOf(?A, ?B) :- http://rulewerk.semantic-web.org/inferred/subClassOf(?A, ?B), http://rulewerk.semantic-web.org/normalForm/isMainClass(?A), http://rulewerk.semantic-web.org/normalForm/isMainClass(?B) >>>
18:32:14 [INFO] Execution step: Body
18:32:14 [INFO] Trie does not contain any elements
18:32:14 [INFO] Execution step: Duplicate Elimination (Datalog)
18:32:14 [INFO] Trie does not contain any elements
18:32:14 [INFO] Rule duration: 0 ms
18:32:14 [INFO] <<< STEP 355: APPLYING RULE 12 R_1(?X_4, ?X_1, ?X_2, ?X_4) :- R_7(?X_4, ?X_1, ?X_2, ?_BODY_1), Equal(?_BODY_1, ?X_4) >>>
18:32:14 [INFO] Execution step: Body
18:32:14 [INFO] Trie does not contain any elements
18:32:14 [INFO] Execution step: Duplicate Elimination (Datalog)
18:32:14 [INFO] Trie does not contain any elements
18:32:14 [INFO] Rule duration: 0 ms
18:32:14 [INFO] <<< STEP 356: APPLYING RULE 18 R_7(?X_4, ?X_1, ?X_2, ?X_1) :- R_1(?X_4, ?X_1, ?X_2, ?_BODY_1), http://rulewerk.semantic-web.org/normalForm/subPropChain(?X_4, ?X_1, ?_BODY_2), Equal(?_BODY_1, ?X_1), Equal(?_BODY_2, "<http://www.w3.org/2002/07/owl#Nothing>") >>>
18:32:14 [INFO] Execution step: Project/Reorder
18:32:14 [INFO] Trie does not contain any elements
18:32:14 [INFO] Execution step: Body
18:32:14 [INFO] Trie does not contain any elements
18:32:14 [INFO] Execution step: Duplicate Elimination (Datalog)
18:32:14 [INFO] Trie does not contain any elements
18:32:14 [INFO] Rule duration: 0 ms
18:32:14 [INFO] <<< STEP 357: APPLYING RULE 13 R_4("<http://www.w3.org/2002/07/owl#Nothing>", ?X_2) :- http://rulewerk.semantic-web.org/normalForm/isSubClass(?_BODY_1), http://rulewerk.semantic-web.org/normalForm/isSubClass(?X_2), Equal(?_BODY_1, "<http://www.w3.org/2002/07/owl#Nothing>") >>>
18:32:14 [INFO] Execution step: Body
18:32:14 [INFO] Trie does not contain any elements
18:32:14 [INFO] Execution step: Duplicate Elimination (Datalog)
18:32:14 [INFO] Trie does not contain any elements
18:32:14 [INFO] Rule duration: 6 ms
18:32:14 [INFO] <<< STEP 358: APPLYING RULE 15 R_14(?X_2, ?X_2) :- http://rulewerk.semantic-web.org/normalForm/subProp(?X_2, ?_BODY_1), Equal(?_BODY_1, ?X_2) >>>
18:32:14 [INFO] Execution step: Body
18:32:14 [INFO] Saved temporary table: 378 entries (4912)
18:32:14 [INFO] Execution step: Duplicate Elimination (Datalog)
18:32:14 [INFO] Saved permanent table R_14 (358) Permutation { idx_to_val: [], val_to_idx: [] } with 378 entries (10260)
18:32:14 [INFO] Rule duration: 3 ms
18:32:14 [INFO] <<< STEP 359: APPLYING RULE 15 R_14(?X_2, ?X_2) :- http://rulewerk.semantic-web.org/normalForm/subProp(?X_2, ?_BODY_1), Equal(?_BODY_1, ?X_2) >>>
18:32:14 [INFO] Execution step: Body
18:32:14 [INFO] Trie does not contain any elements
18:32:14 [INFO] Execution step: Duplicate Elimination (Datalog)
18:32:14 [INFO] Trie does not contain any elements
18:32:14 [INFO] Rule duration: 0 ms
18:32:14 [INFO] <<< STEP 360: APPLYING RULE 17 R_2(?X_5, ?X_1, ?X_1, ?X_6, ?X_3, ?X_2) :- http://rulewerk.semantic-web.org/inferred/subClassOf(?X_5, ?X_1), http://rulewerk.semantic-web.org/inferred/subClassOf(?X_1, ?X_6), http://rulewerk.semantic-web.org/inferred/subClassOf(?X_3, ?X_2), http://rulewerk.semantic-web.org/normalForm/isMainClass(?X_5) >>>
18:32:14 [INFO] Execution step: Body
