15:01:09 [INFO] ----------------------------------------------
15:01:09 [INFO] Beginning transformation mtf_EXP_54
    Oracle:     EXP      Number of T: 32
    Debug Mode: true      u64 Seed:    54
    Internal Seed:        [219, 248, 87, 172, 25, 91, 80, 154, 117, 125, 77, 245, 89, 77, 139, 1, 4, 16, 180, 31, 67, 241, 113, 211, 54, 138, 39, 65, 65, 141, 165, 37]
    Seed File: Currently not supported!
15:01:09 [INFO] ----------------------------------------------
15:01:09 [INFO] Renaming of rules complete
15:01:09 [INFO] Choosing a predicate to export!
15:01:09 [INFO] Found export: success
15:01:09 [INFO] Output names (0): 
15:01:09 [INFO] Using the randomly chosen export predicate of 1: success
15:01:09 [INFO] Beginning inverse_stratum and ancestry computation starting at node success
15:01:09 [INFO] Ancestry and Inverse Stratum computation complete.
15:01:09 [DEBUG] (1) nemo_metamorphic_testing::transformations::annotated_dependency_graphs:     The following relational nodes were computed:
15:01:09 [DEBUG] (1) nemo_metamorphic_testing::transformations::annotated_dependency_graphs:   (allowedDiff, 2, +)
15:01:09 [DEBUG] (1) nemo_metamorphic_testing::transformations::annotated_dependency_graphs:   (canChangeAt, 0, +)
15:01:09 [DEBUG] (1) nemo_metamorphic_testing::transformations::annotated_dependency_graphs:   (choseB, 1, ?)
15:01:09 [DEBUG] (1) nemo_metamorphic_testing::transformations::annotated_dependency_graphs:   (choseU, 1, ?)
15:01:09 [DEBUG] (1) nemo_metamorphic_testing::transformations::annotated_dependency_graphs:   (elevator, 0, +)
15:01:09 [DEBUG] (1) nemo_metamorphic_testing::transformations::annotated_dependency_graphs:   (mustChangeAt, 1, ?)
15:01:09 [DEBUG] (1) nemo_metamorphic_testing::transformations::annotated_dependency_graphs:   (platformHeight, 1, -)
15:01:09 [DEBUG] (1) nemo_metamorphic_testing::transformations::annotated_dependency_graphs:   (seeTVTower, None, None)
15:01:09 [DEBUG] (1) nemo_metamorphic_testing::transformations::annotated_dependency_graphs:   (success, 0, +)
15:01:09 [DEBUG] (1) nemo_metamorphic_testing::transformations::annotated_dependency_graphs:   (tooLargeGap, 1, -)
15:01:09 [DEBUG] (1) nemo_metamorphic_testing::transformations::annotated_dependency_graphs:   (validC, 0, +)
15:01:09 [DEBUG] (1) nemo_metamorphic_testing::transformations::annotated_dependency_graphs: Writing ADG to file
15:01:09 [INFO] ----------------------------------------------
15:01:09 [INFO] --------- Beginning Transformations ----------
15:01:09 [INFO] --------  Oracle: EXP    Number: 32
15:01:09 [INFO] ----------------------------------------------
15:01:09 [DEBUG] (1) nemo_metamorphic_testing::transformations::annotated_dependency_graphs: Verifying ADG
15:01:09 [DEBUG] (1) nemo_metamorphic_testing::transformations::annotated_dependency_graphs: Writing ADG to file
15:01:09 [DEBUG] (1) nemo_metamorphic_testing: ADG edge verification succeeded
15:01:09 [DEBUG] (1) nemo_metamorphic_testing: RNG position: 0
15:01:09 [INFO] 1 / 32
15:01:09 [DEBUG] (1) nemo_metamorphic_testing::transformations::annotated_dependency_graphs: LEQ negative ancestry relational nodes:
15:01:09 [DEBUG] (1) nemo_metamorphic_testing::transformations::annotated_dependency_graphs: (allowedDiff, 2, +)
15:01:09 [DEBUG] (1) nemo_metamorphic_testing::transformations::annotated_dependency_graphs: (canChangeAt, 0, +)
15:01:09 [DEBUG] (1) nemo_metamorphic_testing::transformations::annotated_dependency_graphs: (choseB, 1, ?)
15:01:09 [DEBUG] (1) nemo_metamorphic_testing::transformations::annotated_dependency_graphs: (choseU, 1, ?)
15:01:09 [DEBUG] (1) nemo_metamorphic_testing::transformations::annotated_dependency_graphs: (elevator, 0, +)
15:01:09 [DEBUG] (1) nemo_metamorphic_testing::transformations::annotated_dependency_graphs: (mustChangeAt, 1, ?)
15:01:09 [DEBUG] (1) nemo_metamorphic_testing::transformations::annotated_dependency_graphs: (platformHeight, 1, -)
15:01:09 [DEBUG] (1) nemo_metamorphic_testing::transformations::annotated_dependency_graphs: (seeTVTower, None, None)
15:01:09 [DEBUG] (1) nemo_metamorphic_testing::transformations::annotated_dependency_graphs: (success, 0, +)
15:01:09 [DEBUG] (1) nemo_metamorphic_testing::transformations::annotated_dependency_graphs: (tooLargeGap, 1, -)
15:01:09 [DEBUG] (1) nemo_metamorphic_testing::transformations::annotated_dependency_graphs: (validC, 0, +)
15:01:09 [DEBUG] (1) nemo_metamorphic_testing::transformations::annotated_dependency_graphs: [Tag { origin: File { start: 837, end: 851 }, tag: "platformHeight" }, Tag { origin: File { start: 1032, end: 1042 }, tag: "seeTVTower" }, Tag { origin: File { start: 787, end: 798 }, tag: "tooLargeGap" }]
15:01:09 [DEBUG] (1) nemo_metamorphic_testing::transformations::modify_rule_add_equality:     Incoming edges by rule name: [r_10 : [choseB, ]; r_9 : [choseB, ]; ]
15:01:09 [INFO]   VII Modify Rule - Add Equality
15:01:09 [DEBUG] (1) nemo_metamorphic_testing::transformations::modify_rule_add_equality:   Found vars for into equality: [?x,  ]
15:01:09 [INFO]   Aborting the introduction of an equality - rule has too few variables!
15:01:09 [DEBUG] (1) nemo_metamorphic_testing::transformations::modify_rule_add_equality:     The rule in question: seeTVTower(s) :- choseB(?x, "alexanderplatz") .
15:01:09 [DEBUG] (1) nemo_metamorphic_testing::transformations::annotated_dependency_graphs: Verifying ADG
15:01:09 [DEBUG] (1) nemo_metamorphic_testing::transformations::annotated_dependency_graphs: Writing ADG to file
15:01:09 [DEBUG] (1) nemo_metamorphic_testing: ADG edge verification succeeded
15:01:09 [DEBUG] (1) nemo_metamorphic_testing: RNG position: 3
15:01:09 [INFO] 2 / 32
15:01:09 [INFO]   III Add Relational edges - New Rule
15:01:09 [DEBUG] (1) nemo_metamorphic_testing::transformations::add_relational_edge_new_rule:   Adding the literal seeTVTower->canChangeAt) : (r_EXP_1,+,, "alexanderplatz")
15:01:09 [DEBUG] (1) nemo_metamorphic_testing::transformations::add_relational_edge_new_rule:   Adding the literal seeTVTower->canChangeAt) : (r_EXP_1,+,, "alexanderplatz")
15:01:09 [DEBUG] (1) nemo_metamorphic_testing::transformations::add_relational_edge_new_rule:   Adding the literal success->canChangeAt) : (r_EXP_1,+,, "alexanderplatz")
15:01:09 [DEBUG] (1) nemo_metamorphic_testing::transformations::add_relational_edge_new_rule:   Adding the literal choseU->canChangeAt) : (r_EXP_1,+,, trainHeight, "alexanderplatz")
15:01:09 [DEBUG] (1) nemo_metamorphic_testing::transformations::add_relational_edge_new_rule:   Adding the literal elevator->canChangeAt) : (r_EXP_1,+,, "alexanderplatz")
15:01:09 [DEBUG] (1) nemo_metamorphic_testing::transformations::add_relational_edge_new_rule:   Adding the literal tooLargeGap->canChangeAt) : (r_EXP_1,-,, "alexanderplatz")
15:01:09 [DEBUG] (1) nemo_metamorphic_testing::transformations::add_relational_edge_new_rule:   Adding the literal choseB->canChangeAt) : (r_EXP_1,-,, "alexanderplatz", "alexanderplatz")
15:01:09 [INFO]   Added new rule of name r_EXP_1
15:01:09 [INFO]   canChangeAt("alexanderplatz") :- seeTVTower("alexanderplatz"), seeTVTower("alexanderplatz"), success("alexanderplatz"), choseU(trainHeight, "alexanderplatz"), elevator("alexanderplatz"), ~tooLargeGap("alexanderplatz"), ~choseB("alexanderplatz", "alexanderplatz") .
15:01:09 [DEBUG] (1) nemo_metamorphic_testing::transformations::annotated_dependency_graphs: Writing ADG to file
15:01:09 [DEBUG] (1) nemo_metamorphic_testing::transformations::annotated_dependency_graphs: Writing ADG restricted to Incoming from canChangeAt
15:01:09 [DEBUG] (1) nemo_metamorphic_testing::transformations::annotated_dependency_graphs: Verifying ADG
15:01:09 [DEBUG] (1) nemo_metamorphic_testing::transformations::annotated_dependency_graphs: Writing ADG to file
15:01:10 [DEBUG] (1) nemo_metamorphic_testing: ADG edge verification succeeded
15:01:10 [DEBUG] (1) nemo_metamorphic_testing: RNG position: 65
15:01:10 [INFO] 3 / 32
15:01:10 [INFO]   I Add Relational Node
15:01:10 [INFO]   Added new relation R_1
15:01:10 [DEBUG] (1) nemo_metamorphic_testing::transformations::annotated_dependency_graphs: Verifying ADG
15:01:10 [DEBUG] (1) nemo_metamorphic_testing::transformations::annotated_dependency_graphs: Writing ADG to file
15:01:10 [DEBUG] (1) nemo_metamorphic_testing: ADG edge verification succeeded
15:01:10 [DEBUG] (1) nemo_metamorphic_testing: RNG position: 66
15:01:10 [INFO] 4 / 32
15:01:10 [DEBUG] (1) nemo_metamorphic_testing::transformations::annotated_dependency_graphs: LEQ negative ancestry relational nodes:
15:01:10 [DEBUG] (1) nemo_metamorphic_testing::transformations::annotated_dependency_graphs: (allowedDiff, 2, +)
15:01:10 [DEBUG] (1) nemo_metamorphic_testing::transformations::annotated_dependency_graphs: (canChangeAt, 0, +)
15:01:10 [DEBUG] (1) nemo_metamorphic_testing::transformations::annotated_dependency_graphs: (choseB, 1, ?)
15:01:10 [DEBUG] (1) nemo_metamorphic_testing::transformations::annotated_dependency_graphs: (choseU, 1, ?)
15:01:10 [DEBUG] (1) nemo_metamorphic_testing::transformations::annotated_dependency_graphs: (elevator, 0, +)
15:01:10 [DEBUG] (1) nemo_metamorphic_testing::transformations::annotated_dependency_graphs: (mustChangeAt, 1, ?)
15:01:10 [DEBUG] (1) nemo_metamorphic_testing::transformations::annotated_dependency_graphs: (platformHeight, 1, -)
15:01:10 [DEBUG] (1) nemo_metamorphic_testing::transformations::annotated_dependency_graphs: (seeTVTower, 0, +)
15:01:10 [DEBUG] (1) nemo_metamorphic_testing::transformations::annotated_dependency_graphs: (success, 0, +)
15:01:10 [DEBUG] (1) nemo_metamorphic_testing::transformations::annotated_dependency_graphs: (tooLargeGap, 1, -)
15:01:10 [DEBUG] (1) nemo_metamorphic_testing::transformations::annotated_dependency_graphs: (validC, 0, +)
15:01:10 [DEBUG] (1) nemo_metamorphic_testing::transformations::annotated_dependency_graphs: (R_1, None, None)
15:01:10 [DEBUG] (1) nemo_metamorphic_testing::transformations::annotated_dependency_graphs: [Tag { origin: File { start: 837, end: 851 }, tag: "platformHeight" }, Tag { origin: File { start: 787, end: 798 }, tag: "tooLargeGap" }, Tag { origin: Created, tag: "R_1" }]
15:01:10 [DEBUG] (1) nemo_metamorphic_testing::transformations::remove_relational_edges_whole_rule:     Incoming edges by rule name: [r_6 : [allowedDiff, platformHeight, ]; ]
15:01:10 [INFO]   V Remove Relational Edges - Whole Rule
15:01:10 [INFO]   Removing the Rule of the name r_6
15:01:10 [DEBUG] (1) nemo_metamorphic_testing::transformations::remove_relational_edges_whole_rule:    tooLargeGap(?y) :- platformHeight(?y, ?h), ~allowedDiff(?h, trainHeight) .
15:01:10 [DEBUG] (1) nemo_metamorphic_testing::transformations::remove_relational_edges_whole_rule: Literals we reset: ["allowedDiff", "platformHeight"]
15:01:10 [DEBUG] (1) nemo_metamorphic_testing::transformations::annotated_dependency_graphs: Verifying ADG
15:01:10 [DEBUG] (1) nemo_metamorphic_testing::transformations::annotated_dependency_graphs: Writing ADG to file
15:01:10 [DEBUG] (1) nemo_metamorphic_testing: ADG edge verification succeeded
15:01:10 [DEBUG] (1) nemo_metamorphic_testing: RNG position: 67
15:01:10 [INFO] 5 / 32
15:01:10 [DEBUG] (1) nemo_metamorphic_testing::transformations::modify_rule_remove_equality:     Incoming edges by rule name: [r_4 : [choseB, choseU, ]; r_3 : [choseU, choseB, ]; r_2 : [mustChangeAt, validC, validC, ]; r_1 : [canChangeAt, mustChangeAt, validC, validC, ]; ]
15:01:10 [INFO]   VIII Modify Rule - Remove Equality
15:01:10 [DEBUG] (1) nemo_metamorphic_testing::transformations::modify_rule_remove_equality: pos edges by tag: {Tag { origin: File { start: 523, end: 534 }, tag: "canChangeAt" }: [EdgeIndex(8)], Tag { origin: File { start: 506, end: 518 }, tag: "mustChangeAt" }: [EdgeIndex(7)], Tag { origin: File { start: 460, end: 466 }, tag: "validC" }: [EdgeIndex(6), EdgeIndex(5)]}
15:01:10 [DEBUG] (1) nemo_metamorphic_testing::transformations::modify_rule_remove_equality: neg edges by tag: {}
15:01:10 [INFO]   Replaced a random number of var y with var y_new_1 in the rule r_1
15:01:10 [DEBUG] (1) nemo_metamorphic_testing::transformations::modify_rule_remove_equality:   Old Rule: validC(?x, ?z) :- validC(?x, ?y), validC(?y, ?z), mustChangeAt(?y), canChangeAt(?y) .
15:01:10 [DEBUG] (1) nemo_metamorphic_testing::transformations::modify_rule_remove_equality:   New Rule: validC(?x, ?z) :- validC(?x, ?y), validC(?y, ?z), mustChangeAt(?y), canChangeAt(?y_new_1) .
15:01:10 [DEBUG] (1) nemo_metamorphic_testing::transformations::annotated_dependency_graphs: Verifying ADG
15:01:10 [DEBUG] (1) nemo_metamorphic_testing::transformations::annotated_dependency_graphs: Writing ADG to file
15:01:10 [DEBUG] (1) nemo_metamorphic_testing: ADG edge verification succeeded
15:01:10 [DEBUG] (1) nemo_metamorphic_testing: RNG position: 74
15:01:10 [INFO] 6 / 32
15:01:10 [DEBUG] (1) nemo_metamorphic_testing::transformations::remove_relational_edge_single_literal:     Incoming edges by rule name: [r_4 : [choseB, choseU, ]; r_3 : [choseU, choseB, ]; r_2 : [mustChangeAt, validC, validC, ]; r_1 : [canChangeAt, mustChangeAt, validC, validC, ]; ]
15:01:10 [DEBUG] (1) nemo_metamorphic_testing::transformations::remove_relational_edge_single_literal: Zip {
    a: Cloned {
        it: Iter(
            [
                EdgeIndex(13),
                EdgeIndex(12),
            ],
        ),
    },
    b: IntoIter(
        [
            (r_3, -, (?x, ?y, )),
            (r_3, +, (?x, ?y, )),
        ],
    ),
}
15:01:10 [DEBUG] (1) nemo_metamorphic_testing::transformations::annotated_dependency_graphs: LEQ negative ancestry relational nodes:
15:01:10 [DEBUG] (1) nemo_metamorphic_testing::transformations::annotated_dependency_graphs: (allowedDiff, None, None)
15:01:10 [DEBUG] (1) nemo_metamorphic_testing::transformations::annotated_dependency_graphs: (canChangeAt, 0, +)
15:01:10 [DEBUG] (1) nemo_metamorphic_testing::transformations::annotated_dependency_graphs: (choseB, 1, ?)
15:01:10 [DEBUG] (1) nemo_metamorphic_testing::transformations::annotated_dependency_graphs: (choseU, 1, ?)
15:01:10 [DEBUG] (1) nemo_metamorphic_testing::transformations::annotated_dependency_graphs: (elevator, 0, +)
15:01:10 [DEBUG] (1) nemo_metamorphic_testing::transformations::annotated_dependency_graphs: (mustChangeAt, 1, ?)
15:01:10 [DEBUG] (1) nemo_metamorphic_testing::transformations::annotated_dependency_graphs: (platformHeight, None, None)
15:01:10 [DEBUG] (1) nemo_metamorphic_testing::transformations::annotated_dependency_graphs: (seeTVTower, 0, +)
15:01:10 [DEBUG] (1) nemo_metamorphic_testing::transformations::annotated_dependency_graphs: (success, 0, +)
15:01:10 [DEBUG] (1) nemo_metamorphic_testing::transformations::annotated_dependency_graphs: (tooLargeGap, 1, -)
15:01:10 [DEBUG] (1) nemo_metamorphic_testing::transformations::annotated_dependency_graphs: (validC, 0, +)
15:01:10 [DEBUG] (1) nemo_metamorphic_testing::transformations::annotated_dependency_graphs: (R_1, None, None)
15:01:10 [DEBUG] (1) nemo_metamorphic_testing::transformations::annotated_dependency_graphs: [Tag { origin: File { start: 860, end: 871 }, tag: "allowedDiff" }, Tag { origin: File { start: 837, end: 851 }, tag: "platformHeight" }, Tag { origin: File { start: 787, end: 798 }, tag: "tooLargeGap" }, Tag { origin: Created, tag: "R_1" }]
15:01:10 [DEBUG] (1) nemo_metamorphic_testing::transformations::annotated_dependency_graphs: LEQ negative ancestry relational nodes:
15:01:10 [DEBUG] (1) nemo_metamorphic_testing::transformations::annotated_dependency_graphs: (allowedDiff, None, None)
15:01:10 [DEBUG] (1) nemo_metamorphic_testing::transformations::annotated_dependency_graphs: (canChangeAt, 0, +)
15:01:10 [DEBUG] (1) nemo_metamorphic_testing::transformations::annotated_dependency_graphs: (choseB, 1, ?)
15:01:10 [DEBUG] (1) nemo_metamorphic_testing::transformations::annotated_dependency_graphs: (choseU, 1, ?)
15:01:10 [DEBUG] (1) nemo_metamorphic_testing::transformations::annotated_dependency_graphs: (elevator, 0, +)
15:01:10 [DEBUG] (1) nemo_metamorphic_testing::transformations::annotated_dependency_graphs: (mustChangeAt, 1, ?)
15:01:10 [DEBUG] (1) nemo_metamorphic_testing::transformations::annotated_dependency_graphs: (platformHeight, None, None)
15:01:10 [DEBUG] (1) nemo_metamorphic_testing::transformations::annotated_dependency_graphs: (seeTVTower, 0, +)
15:01:10 [DEBUG] (1) nemo_metamorphic_testing::transformations::annotated_dependency_graphs: (success, 0, +)
15:01:10 [DEBUG] (1) nemo_metamorphic_testing::transformations::annotated_dependency_graphs: (tooLargeGap, 1, -)
15:01:10 [DEBUG] (1) nemo_metamorphic_testing::transformations::annotated_dependency_graphs: (validC, 0, +)
15:01:10 [DEBUG] (1) nemo_metamorphic_testing::transformations::annotated_dependency_graphs: (R_1, None, None)
15:01:10 [DEBUG] (1) nemo_metamorphic_testing::transformations::annotated_dependency_graphs: [Tag { origin: File { start: 860, end: 871 }, tag: "allowedDiff" }, Tag { origin: File { start: 837, end: 851 }, tag: "platformHeight" }, Tag { origin: File { start: 787, end: 798 }, tag: "tooLargeGap" }, Tag { origin: Created, tag: "R_1" }]
15:01:10 [INFO]   II Add Fact Node and Edge
15:01:10 [INFO]   Added new fact canChangeAt(c_1).
15:01:10 [DEBUG] (1) nemo_metamorphic_testing::transformations::annotated_dependency_graphs: Verifying ADG
15:01:10 [DEBUG] (1) nemo_metamorphic_testing::transformations::annotated_dependency_graphs: Writing ADG to file
15:01:10 [DEBUG] (1) nemo_metamorphic_testing: ADG edge verification succeeded
15:01:10 [DEBUG] (1) nemo_metamorphic_testing: RNG position: 85
15:01:10 [INFO] 7 / 32
15:01:10 [DEBUG] (1) nemo_metamorphic_testing::transformations::annotated_dependency_graphs: LEQ negative ancestry relational nodes:
15:01:10 [DEBUG] (1) nemo_metamorphic_testing::transformations::annotated_dependency_graphs: (allowedDiff, None, None)
15:01:10 [DEBUG] (1) nemo_metamorphic_testing::transformations::annotated_dependency_graphs: (canChangeAt, 0, +)
15:01:10 [DEBUG] (1) nemo_metamorphic_testing::transformations::annotated_dependency_graphs: (choseB, 1, ?)
15:01:10 [DEBUG] (1) nemo_metamorphic_testing::transformations::annotated_dependency_graphs: (choseU, 1, ?)
15:01:10 [DEBUG] (1) nemo_metamorphic_testing::transformations::annotated_dependency_graphs: (elevator, 0, +)
15:01:10 [DEBUG] (1) nemo_metamorphic_testing::transformations::annotated_dependency_graphs: (mustChangeAt, 1, ?)
15:01:10 [DEBUG] (1) nemo_metamorphic_testing::transformations::annotated_dependency_graphs: (platformHeight, None, None)
15:01:10 [DEBUG] (1) nemo_metamorphic_testing::transformations::annotated_dependency_graphs: (seeTVTower, 0, +)
15:01:10 [DEBUG] (1) nemo_metamorphic_testing::transformations::annotated_dependency_graphs: (success, 0, +)
15:01:10 [DEBUG] (1) nemo_metamorphic_testing::transformations::annotated_dependency_graphs: (tooLargeGap, 1, -)
15:01:10 [DEBUG] (1) nemo_metamorphic_testing::transformations::annotated_dependency_graphs: (validC, 0, +)
15:01:10 [DEBUG] (1) nemo_metamorphic_testing::transformations::annotated_dependency_graphs: (R_1, None, None)
15:01:10 [DEBUG] (1) nemo_metamorphic_testing::transformations::annotated_dependency_graphs: [Tag { origin: File { start: 860, end: 871 }, tag: "allowedDiff" }, Tag { origin: File { start: 837, end: 851 }, tag: "platformHeight" }, Tag { origin: File { start: 787, end: 798 }, tag: "tooLargeGap" }, Tag { origin: Created, tag: "R_1" }]
15:01:10 [DEBUG] (1) nemo_metamorphic_testing::transformations::annotated_dependency_graphs: LEQ negative ancestry relational nodes:
15:01:10 [DEBUG] (1) nemo_metamorphic_testing::transformations::annotated_dependency_graphs: (allowedDiff, None, None)
15:01:10 [DEBUG] (1) nemo_metamorphic_testing::transformations::annotated_dependency_graphs: (canChangeAt, 0, +)
15:01:10 [DEBUG] (1) nemo_metamorphic_testing::transformations::annotated_dependency_graphs: (choseB, 1, ?)
15:01:10 [DEBUG] (1) nemo_metamorphic_testing::transformations::annotated_dependency_graphs: (choseU, 1, ?)
15:01:10 [DEBUG] (1) nemo_metamorphic_testing::transformations::annotated_dependency_graphs: (elevator, 0, +)
15:01:10 [DEBUG] (1) nemo_metamorphic_testing::transformations::annotated_dependency_graphs: (mustChangeAt, 1, ?)
15:01:10 [DEBUG] (1) nemo_metamorphic_testing::transformations::annotated_dependency_graphs: (platformHeight, None, None)
15:01:10 [DEBUG] (1) nemo_metamorphic_testing::transformations::annotated_dependency_graphs: (seeTVTower, 0, +)
15:01:10 [DEBUG] (1) nemo_metamorphic_testing::transformations::annotated_dependency_graphs: (success, 0, +)
15:01:10 [DEBUG] (1) nemo_metamorphic_testing::transformations::annotated_dependency_graphs: (tooLargeGap, 1, -)
15:01:10 [DEBUG] (1) nemo_metamorphic_testing::transformations::annotated_dependency_graphs: (validC, 0, +)
15:01:10 [DEBUG] (1) nemo_metamorphic_testing::transformations::annotated_dependency_graphs: (R_1, None, None)
15:01:10 [DEBUG] (1) nemo_metamorphic_testing::transformations::annotated_dependency_graphs: [Tag { origin: File { start: 860, end: 871 }, tag: "allowedDiff" }, Tag { origin: File { start: 837, end: 851 }, tag: "platformHeight" }, Tag { origin: File { start: 787, end: 798 }, tag: "tooLargeGap" }, Tag { origin: Created, tag: "R_1" }]
15:01:10 [INFO]   I Add Relational Node
15:01:10 [INFO]   Added new relation R_2
15:01:10 [DEBUG] (1) nemo_metamorphic_testing::transformations::annotated_dependency_graphs: Verifying ADG
15:01:10 [DEBUG] (1) nemo_metamorphic_testing::transformations::annotated_dependency_graphs: Writing ADG to file
15:01:10 [DEBUG] (1) nemo_metamorphic_testing: ADG edge verification succeeded
15:01:10 [DEBUG] (1) nemo_metamorphic_testing: RNG position: 88
15:01:10 [INFO] 8 / 32
15:01:10 [INFO]   III Add Relational edges - New Rule
15:01:10 [DEBUG] (1) nemo_metamorphic_testing::transformations::add_relational_edge_new_rule:   Adding the literal mustChangeAt->validC) : (r_EXP_2,+,, "kottbusser_tor")
15:01:10 [DEBUG] (1) nemo_metamorphic_testing::transformations::add_relational_edge_new_rule:   Adding the literal seeTVTower->validC) : (r_EXP_2,+,, "kottbusser_tor")
15:01:10 [DEBUG] (1) nemo_metamorphic_testing::transformations::add_relational_edge_new_rule:   Adding the literal mustChangeAt->validC) : (r_EXP_2,+,, c_1)
15:01:10 [DEBUG] (1) nemo_metamorphic_testing::transformations::add_relational_edge_new_rule:   Adding the literal choseU->validC) : (r_EXP_2,+,, ?Y_1, ?X_1)
15:01:10 [DEBUG] (1) nemo_metamorphic_testing::transformations::add_relational_edge_new_rule:   Adding the literal elevator->validC) : (r_EXP_2,-,, c_1)
15:01:10 [DEBUG] (1) nemo_metamorphic_testing::transformations::add_relational_edge_new_rule:   Adding the literal mustChangeAt->validC) : (r_EXP_2,-,, ?Y_1)
15:01:10 [DEBUG] (1) nemo_metamorphic_testing::transformations::add_relational_edge_new_rule:   Adding the literal tooLargeGap->validC) : (r_EXP_2,-,, "kottbusser_tor")
15:01:10 [INFO]   Added new rule of name r_EXP_2
15:01:10 [INFO]   validC(?X_1, "kottbusser_tor") :- mustChangeAt("kottbusser_tor"), seeTVTower("kottbusser_tor"), mustChangeAt(c_1), choseU(?Y_1, ?X_1), ~elevator(c_1), ~mustChangeAt(?Y_1), ~tooLargeGap("kottbusser_tor") .
15:01:10 [DEBUG] (1) nemo_metamorphic_testing::transformations::annotated_dependency_graphs: Writing ADG to file
15:01:10 [DEBUG] (1) nemo_metamorphic_testing::transformations::annotated_dependency_graphs: Writing ADG restricted to Incoming from validC
15:01:10 [DEBUG] (1) nemo_metamorphic_testing::transformations::annotated_dependency_graphs: Verifying ADG
15:01:10 [DEBUG] (1) nemo_metamorphic_testing::transformations::annotated_dependency_graphs: Writing ADG to file
15:01:10 [DEBUG] (1) nemo_metamorphic_testing: ADG edge verification succeeded
15:01:10 [DEBUG] (1) nemo_metamorphic_testing: RNG position: 160
15:01:10 [INFO] 9 / 32
15:01:10 [DEBUG] (1) nemo_metamorphic_testing::transformations::annotated_dependency_graphs: LEQ negative ancestry relational nodes:
15:01:10 [DEBUG] (1) nemo_metamorphic_testing::transformations::annotated_dependency_graphs: (allowedDiff, None, None)
15:01:10 [DEBUG] (1) nemo_metamorphic_testing::transformations::annotated_dependency_graphs: (canChangeAt, 0, +)
15:01:10 [DEBUG] (1) nemo_metamorphic_testing::transformations::annotated_dependency_graphs: (choseB, 1, ?)
15:01:10 [DEBUG] (1) nemo_metamorphic_testing::transformations::annotated_dependency_graphs: (choseU, 1, ?)
15:01:10 [DEBUG] (1) nemo_metamorphic_testing::transformations::annotated_dependency_graphs: (elevator, 1, ?)
15:01:10 [DEBUG] (1) nemo_metamorphic_testing::transformations::annotated_dependency_graphs: (mustChangeAt, 1, ?)
15:01:10 [DEBUG] (1) nemo_metamorphic_testing::transformations::annotated_dependency_graphs: (platformHeight, None, None)
15:01:10 [DEBUG] (1) nemo_metamorphic_testing::transformations::annotated_dependency_graphs: (seeTVTower, 0, +)
15:01:10 [DEBUG] (1) nemo_metamorphic_testing::transformations::annotated_dependency_graphs: (success, 0, +)
15:01:10 [DEBUG] (1) nemo_metamorphic_testing::transformations::annotated_dependency_graphs: (tooLargeGap, 1, -)
15:01:10 [DEBUG] (1) nemo_metamorphic_testing::transformations::annotated_dependency_graphs: (validC, 0, +)
15:01:10 [DEBUG] (1) nemo_metamorphic_testing::transformations::annotated_dependency_graphs: (R_1, None, None)
15:01:10 [DEBUG] (1) nemo_metamorphic_testing::transformations::annotated_dependency_graphs: (R_2, None, None)
15:01:10 [DEBUG] (1) nemo_metamorphic_testing::transformations::annotated_dependency_graphs: [Tag { origin: File { start: 860, end: 871 }, tag: "allowedDiff" }, Tag { origin: File { start: 837, end: 851 }, tag: "platformHeight" }, Tag { origin: File { start: 787, end: 798 }, tag: "tooLargeGap" }, Tag { origin: Created, tag: "R_1" }, Tag { origin: Created, tag: "R_2" }]
15:01:10 [DEBUG] (1) nemo_metamorphic_testing::transformations::modify_rule_remove_equality:     Incoming edges by rule name: [r_EXP_2 : [tooLargeGap, mustChangeAt, elevator, choseU, mustChangeAt, seeTVTower, mustChangeAt, ]; r_4 : [choseB, choseU, ]; r_3 : [choseU, choseB, ]; r_2 : [mustChangeAt, validC, validC, ]; r_1 : [canChangeAt, mustChangeAt, validC, validC, ]; ]
15:01:10 [INFO]   VIII Modify Rule - Remove Equality
15:01:10 [DEBUG] (1) nemo_metamorphic_testing::transformations::modify_rule_remove_equality: pos edges by tag: {Tag { origin: File { start: 460, end: 466 }, tag: "validC" }: [EdgeIndex(10), EdgeIndex(9)]}
15:01:10 [DEBUG] (1) nemo_metamorphic_testing::transformations::modify_rule_remove_equality: neg edges by tag: {Tag { origin: File { start: 506, end: 518 }, tag: "mustChangeAt" }: [EdgeIndex(11)]}
15:01:10 [INFO]   Replaced a random number of var y with var y_new_1 in the rule r_2
15:01:10 [DEBUG] (1) nemo_metamorphic_testing::transformations::modify_rule_remove_equality:   Old Rule: validC(?x, ?z) :- validC(?x, ?y), validC(?y, ?z), ~mustChangeAt(?y) .
15:01:10 [DEBUG] (1) nemo_metamorphic_testing::transformations::modify_rule_remove_equality:   New Rule: validC(?x, ?z) :- validC(?x, ?y_new_1), validC(?y, ?z), ~mustChangeAt(?y) .
15:01:10 [DEBUG] (1) nemo_metamorphic_testing::transformations::annotated_dependency_graphs: Verifying ADG
15:01:10 [DEBUG] (1) nemo_metamorphic_testing::transformations::annotated_dependency_graphs: Writing ADG to file
15:01:10 [DEBUG] (1) nemo_metamorphic_testing: ADG edge verification succeeded
15:01:10 [DEBUG] (1) nemo_metamorphic_testing: RNG position: 166
15:01:10 [INFO] 10 / 32
15:01:10 [DEBUG] (1) nemo_metamorphic_testing::transformations::remove_relational_edge_single_literal:     Incoming edges by rule name: [r_EXP_1 : [choseB, tooLargeGap, elevator, choseU, success, seeTVTower, seeTVTower, ]; r_5 : [tooLargeGap, elevator, ]; ]
15:01:10 [DEBUG] (1) nemo_metamorphic_testing::transformations::remove_relational_edge_single_literal: Zip {
    a: Cloned {
        it: Iter(
            [
                EdgeIndex(33),
                EdgeIndex(32),
                EdgeIndex(31),
                EdgeIndex(30),
                EdgeIndex(29),
                EdgeIndex(28),
                EdgeIndex(27),
            ],
        ),
    },
    b: IntoIter(
        [
            (r_EXP_1, -, ("alexanderplatz", "alexanderplatz", )),
            (r_EXP_1, -, ("alexanderplatz", )),
            (r_EXP_1, +, ("alexanderplatz", )),
            (r_EXP_1, +, (trainHeight, "alexanderplatz", )),
            (r_EXP_1, +, ("alexanderplatz", )),
            (r_EXP_1, +, ("alexanderplatz", )),
            (r_EXP_1, +, ("alexanderplatz", )),
        ],
    ),
}
15:01:10 [INFO]   VI Remove Relational Edge - Single Literal
15:01:10 [INFO]   Found the rule of the name r_EXP_1
15:01:10 [DEBUG] (1) nemo_metamorphic_testing::transformations::remove_relational_edge_single_literal:    Old rule:   canChangeAt("alexanderplatz") :- seeTVTower("alexanderplatz"), seeTVTower("alexanderplatz"), success("alexanderplatz"), choseU(trainHeight, "alexanderplatz"), elevator("alexanderplatz"), ~tooLargeGap("alexanderplatz"), ~choseB("alexanderplatz", "alexanderplatz") .
15:01:10 [INFO]   Removed relational edge NodeIndex(7): (seeTVTower -> canChangeAt)
15:01:10 [DEBUG] (1) nemo_metamorphic_testing::transformations::annotated_dependency_graphs: Writing ADG restricted to Incoming from validC
15:01:10 [DEBUG] (1) nemo_metamorphic_testing::transformations::annotated_dependency_graphs: Writing ADG restricted to Incoming from canChangeAt
15:01:10 [DEBUG] (1) nemo_metamorphic_testing::transformations::annotated_dependency_graphs: Writing ADG restricted to Incoming from canChangeAt
15:01:10 [DEBUG] (1) nemo_metamorphic_testing::transformations::annotated_dependency_graphs: Writing ADG restricted to Incoming from seeTVTower
15:01:10 [DEBUG] (1) nemo_metamorphic_testing::transformations::annotated_dependency_graphs: Writing ADG restricted to Incoming from seeTVTower
15:01:10 [DEBUG] (1) nemo_metamorphic_testing::transformations::annotated_dependency_graphs: Writing ADG restricted to Incoming from mustChangeAt
15:01:10 [DEBUG] (1) nemo_metamorphic_testing::transformations::annotated_dependency_graphs: Writing ADG restricted to Incoming from mustChangeAt
15:01:10 [DEBUG] (1) nemo_metamorphic_testing::transformations::annotated_dependency_graphs: Writing ADG restricted to Incoming from validC
15:01:10 [DEBUG] (1) nemo_metamorphic_testing::transformations::annotated_dependency_graphs: Writing ADG restricted to Incoming from validC
15:01:10 [INFO]   Attempting to remove the literal +seeTVTower(, "alexanderplatz") from the rule r_EXP_1
15:01:10 [DEBUG] (1) nemo_metamorphic_testing::transformations::remove_relational_edge_single_literal:     Modified rule: canChangeAt("alexanderplatz") :- success("alexanderplatz"), choseU(trainHeight, "alexanderplatz"), elevator("alexanderplatz"), ~tooLargeGap("alexanderplatz"), ~choseB("alexanderplatz", "alexanderplatz") .
15:01:10 [DEBUG] (1) nemo_metamorphic_testing::transformations::annotated_dependency_graphs: Verifying ADG
15:01:10 [DEBUG] (1) nemo_metamorphic_testing::transformations::annotated_dependency_graphs: Writing ADG to file
15:01:10 [DEBUG] (1) nemo_metamorphic_testing: ADG edge verification succeeded
15:01:10 [DEBUG] (1) nemo_metamorphic_testing: RNG position: 170
15:01:10 [INFO] 11 / 32
15:01:10 [DEBUG] (1) nemo_metamorphic_testing::transformations::modify_rule_remove_equality:     Incoming edges by rule name: [r_EXP_2 : [tooLargeGap, mustChangeAt, elevator, choseU, mustChangeAt, seeTVTower, mustChangeAt, ]; r_4 : [choseB, choseU, ]; r_3 : [choseU, choseB, ]; r_2 : [mustChangeAt, validC, validC, ]; r_1 : [canChangeAt, mustChangeAt, validC, validC, ]; ]
15:01:10 [INFO]   VIII Modify Rule - Remove Equality
15:01:10 [DEBUG] (1) nemo_metamorphic_testing::transformations::modify_rule_remove_equality: pos edges by tag: {Tag { origin: File { start: 523, end: 534 }, tag: "canChangeAt" }: [EdgeIndex(8)], Tag { origin: File { start: 506, end: 518 }, tag: "mustChangeAt" }: [EdgeIndex(7)], Tag { origin: File { start: 460, end: 466 }, tag: "validC" }: [EdgeIndex(6), EdgeIndex(5)]}
15:01:10 [DEBUG] (1) nemo_metamorphic_testing::transformations::modify_rule_remove_equality: neg edges by tag: {}
15:01:10 [INFO]   Replaced a random number of var y with var y_new_2 in the rule r_1
15:01:10 [DEBUG] (1) nemo_metamorphic_testing::transformations::modify_rule_remove_equality:   Old Rule: validC(?x, ?z) :- validC(?x, ?y), validC(?y, ?z), mustChangeAt(?y), canChangeAt(?y_new_1) .
15:01:10 [DEBUG] (1) nemo_metamorphic_testing::transformations::modify_rule_remove_equality:   New Rule: validC(?x, ?z) :- validC(?x, ?y_new_2), validC(?y, ?z), mustChangeAt(?y_new_2), canChangeAt(?y_new_1) .
15:01:10 [DEBUG] (1) nemo_metamorphic_testing::transformations::annotated_dependency_graphs: Verifying ADG
15:01:10 [DEBUG] (1) nemo_metamorphic_testing::transformations::annotated_dependency_graphs: Writing ADG to file
15:01:10 [DEBUG] (1) nemo_metamorphic_testing: ADG edge verification succeeded
15:01:10 [DEBUG] (1) nemo_metamorphic_testing: RNG position: 174
15:01:10 [INFO] 12 / 32
15:01:10 [INFO]   III Add Relational edges - New Rule
15:01:10 [INFO]   Assigned relation R_2 the artiy 1
15:01:10 [DEBUG] (1) nemo_metamorphic_testing::transformations::add_relational_edge_new_rule:   Adding the literal seeTVTower->canChangeAt) : (r_EXP_3,+,, ?X_1)
15:01:10 [DEBUG] (1) nemo_metamorphic_testing::transformations::add_relational_edge_new_rule:   Adding the literal canChangeAt->canChangeAt) : (r_EXP_3,+,, ?Y_1)
15:01:10 [DEBUG] (1) nemo_metamorphic_testing::transformations::add_relational_edge_new_rule:   Adding the literal seeTVTower->canChangeAt) : (r_EXP_3,+,, "alexanderplatz")
15:01:10 [DEBUG] (1) nemo_metamorphic_testing::transformations::add_relational_edge_new_rule:   Adding the literal platformHeight->canChangeAt) : (r_EXP_3,+,, "alexanderplatz", ?Y_1)
15:01:10 [DEBUG] (1) nemo_metamorphic_testing::transformations::add_relational_edge_new_rule:   Adding the literal elevator->canChangeAt) : (r_EXP_3,+,, ?Y_1)
15:01:10 [DEBUG] (1) nemo_metamorphic_testing::transformations::add_relational_edge_new_rule:   Adding the literal R_2->canChangeAt) : (r_EXP_3,+,, ?X_1)
15:01:10 [DEBUG] (1) nemo_metamorphic_testing::transformations::add_relational_edge_new_rule:   Adding the literal allowedDiff->canChangeAt) : (r_EXP_3,-,, "alexanderplatz", ?Y_1)
15:01:10 [DEBUG] (1) nemo_metamorphic_testing::transformations::add_relational_edge_new_rule:   Adding the literal mustChangeAt->canChangeAt) : (r_EXP_3,-,, ?Y_1)
15:01:10 [DEBUG] (1) nemo_metamorphic_testing::transformations::add_relational_edge_new_rule:   Adding the literal tooLargeGap->canChangeAt) : (r_EXP_3,-,, "alexanderplatz")
15:01:10 [DEBUG] (1) nemo_metamorphic_testing::transformations::add_relational_edge_new_rule:   Adding the literal elevator->canChangeAt) : (r_EXP_3,-,, "alexanderplatz")
15:01:10 [INFO]   Added new rule of name r_EXP_3
15:01:10 [INFO]   canChangeAt(?X_1) :- seeTVTower(?X_1), canChangeAt(?Y_1), seeTVTower("alexanderplatz"), platformHeight("alexanderplatz", ?Y_1), elevator(?Y_1), R_2(?X_1), ~allowedDiff("alexanderplatz", ?Y_1), ~mustChangeAt(?Y_1), ~tooLargeGap("alexanderplatz"), ~elevator("alexanderplatz") .
15:01:10 [DEBUG] (1) nemo_metamorphic_testing::transformations::annotated_dependency_graphs: Writing ADG to file
15:01:10 [DEBUG] (1) nemo_metamorphic_testing::transformations::annotated_dependency_graphs: Writing ADG restricted to Incoming from canChangeAt
15:01:10 [DEBUG] (1) nemo_metamorphic_testing::transformations::annotated_dependency_graphs: Verifying ADG
15:01:10 [DEBUG] (1) nemo_metamorphic_testing::transformations::annotated_dependency_graphs: Writing ADG to file
15:01:10 [DEBUG] (1) nemo_metamorphic_testing: ADG edge verification succeeded
15:01:10 [DEBUG] (1) nemo_metamorphic_testing: RNG position: 249
15:01:10 [INFO] 13 / 32
15:01:10 [INFO]   II Add Fact Node and Edge
15:01:10 [INFO]   Added new fact R_2("str_1").
15:01:10 [DEBUG] (1) nemo_metamorphic_testing::transformations::annotated_dependency_graphs: Verifying ADG
15:01:10 [DEBUG] (1) nemo_metamorphic_testing::transformations::annotated_dependency_graphs: Writing ADG to file
15:01:10 [DEBUG] (1) nemo_metamorphic_testing: ADG edge verification succeeded
15:01:10 [DEBUG] (1) nemo_metamorphic_testing: RNG position: 257
15:01:10 [INFO] 14 / 32
15:01:10 [DEBUG] (1) nemo_metamorphic_testing::transformations::annotated_dependency_graphs: LEQ negative ancestry relational nodes:
15:01:10 [DEBUG] (1) nemo_metamorphic_testing::transformations::annotated_dependency_graphs: (allowedDiff, 1, -)
15:01:10 [DEBUG] (1) nemo_metamorphic_testing::transformations::annotated_dependency_graphs: (canChangeAt, 0, +)
15:01:10 [DEBUG] (1) nemo_metamorphic_testing::transformations::annotated_dependency_graphs: (choseB, 1, ?)
15:01:10 [DEBUG] (1) nemo_metamorphic_testing::transformations::annotated_dependency_graphs: (choseU, 1, ?)
15:01:10 [DEBUG] (1) nemo_metamorphic_testing::transformations::annotated_dependency_graphs: (elevator, 1, ?)
15:01:10 [DEBUG] (1) nemo_metamorphic_testing::transformations::annotated_dependency_graphs: (mustChangeAt, 1, ?)
15:01:10 [DEBUG] (1) nemo_metamorphic_testing::transformations::annotated_dependency_graphs: (platformHeight, 0, +)
15:01:10 [DEBUG] (1) nemo_metamorphic_testing::transformations::annotated_dependency_graphs: (seeTVTower, 0, +)
15:01:10 [DEBUG] (1) nemo_metamorphic_testing::transformations::annotated_dependency_graphs: (success, 0, +)
15:01:10 [DEBUG] (1) nemo_metamorphic_testing::transformations::annotated_dependency_graphs: (tooLargeGap, 1, -)
15:01:10 [DEBUG] (1) nemo_metamorphic_testing::transformations::annotated_dependency_graphs: (validC, 0, +)
15:01:10 [DEBUG] (1) nemo_metamorphic_testing::transformations::annotated_dependency_graphs: (R_1, None, None)
15:01:10 [DEBUG] (1) nemo_metamorphic_testing::transformations::annotated_dependency_graphs: (R_2, 0, +)
15:01:10 [DEBUG] (1) nemo_metamorphic_testing::transformations::annotated_dependency_graphs: [Tag { origin: File { start: 860, end: 871 }, tag: "allowedDiff" }, Tag { origin: File { start: 787, end: 798 }, tag: "tooLargeGap" }, Tag { origin: Created, tag: "R_1" }]
15:01:10 [INFO]   III Add Relational edges - New Rule
15:01:10 [INFO]   Assigned relation R_1 the artiy 2
15:01:10 [DEBUG] (1) nemo_metamorphic_testing::transformations::add_relational_edge_new_rule:   Adding the literal R_1->canChangeAt) : (r_EXP_4,+,, ?Y_1, ?X_1)
15:01:10 [DEBUG] (1) nemo_metamorphic_testing::transformations::add_relational_edge_new_rule:   Adding the literal canChangeAt->canChangeAt) : (r_EXP_4,+,, ?Y_1)
15:01:10 [DEBUG] (1) nemo_metamorphic_testing::transformations::add_relational_edge_new_rule:   Adding the literal choseB->canChangeAt) : (r_EXP_4,+,, "alexanderplatz", "alexanderplatz")
15:01:10 [DEBUG] (1) nemo_metamorphic_testing::transformations::add_relational_edge_new_rule:   Adding the literal choseU->canChangeAt) : (r_EXP_4,+,, ?X_1, "alexanderplatz")
15:01:10 [DEBUG] (1) nemo_metamorphic_testing::transformations::add_relational_edge_new_rule:   Adding the literal elevator->canChangeAt) : (r_EXP_4,+,, ?Y_1)
15:01:10 [DEBUG] (1) nemo_metamorphic_testing::transformations::add_relational_edge_new_rule:   Adding the literal seeTVTower->canChangeAt) : (r_EXP_4,+,, ?X_1)
15:01:10 [INFO]   Added new rule of name r_EXP_4
15:01:10 [INFO]   canChangeAt(?X_1) :- R_1(?Y_1, ?X_1), canChangeAt(?Y_1), choseB("alexanderplatz", "alexanderplatz"), choseU(?X_1, "alexanderplatz"), elevator(?Y_1), seeTVTower(?X_1) .
15:01:10 [DEBUG] (1) nemo_metamorphic_testing::transformations::annotated_dependency_graphs: Writing ADG to file
15:01:10 [DEBUG] (1) nemo_metamorphic_testing::transformations::annotated_dependency_graphs: Writing ADG restricted to Incoming from canChangeAt
15:01:10 [DEBUG] (1) nemo_metamorphic_testing::transformations::annotated_dependency_graphs: Verifying ADG
15:01:10 [DEBUG] (1) nemo_metamorphic_testing::transformations::annotated_dependency_graphs: Writing ADG to file
15:01:10 [DEBUG] (1) nemo_metamorphic_testing: ADG edge verification succeeded
15:01:10 [DEBUG] (1) nemo_metamorphic_testing: RNG position: 339
15:01:10 [INFO] 15 / 32
15:01:10 [DEBUG] (1) nemo_metamorphic_testing::transformations::annotated_dependency_graphs: LEQ negative ancestry relational nodes:
15:01:10 [DEBUG] (1) nemo_metamorphic_testing::transformations::annotated_dependency_graphs: (allowedDiff, 1, -)
15:01:10 [DEBUG] (1) nemo_metamorphic_testing::transformations::annotated_dependency_graphs: (canChangeAt, 0, +)
15:01:10 [DEBUG] (1) nemo_metamorphic_testing::transformations::annotated_dependency_graphs: (choseB, 1, ?)
15:01:10 [DEBUG] (1) nemo_metamorphic_testing::transformations::annotated_dependency_graphs: (choseU, 1, ?)
15:01:10 [DEBUG] (1) nemo_metamorphic_testing::transformations::annotated_dependency_graphs: (elevator, 1, ?)
15:01:10 [DEBUG] (1) nemo_metamorphic_testing::transformations::annotated_dependency_graphs: (mustChangeAt, 1, ?)
15:01:10 [DEBUG] (1) nemo_metamorphic_testing::transformations::annotated_dependency_graphs: (platformHeight, 0, +)
15:01:10 [DEBUG] (1) nemo_metamorphic_testing::transformations::annotated_dependency_graphs: (seeTVTower, 0, +)
15:01:10 [DEBUG] (1) nemo_metamorphic_testing::transformations::annotated_dependency_graphs: (success, 0, +)
15:01:10 [DEBUG] (1) nemo_metamorphic_testing::transformations::annotated_dependency_graphs: (tooLargeGap, 1, -)
15:01:10 [DEBUG] (1) nemo_metamorphic_testing::transformations::annotated_dependency_graphs: (validC, 0, +)
15:01:10 [DEBUG] (1) nemo_metamorphic_testing::transformations::annotated_dependency_graphs: (R_1, 0, +)
15:01:10 [DEBUG] (1) nemo_metamorphic_testing::transformations::annotated_dependency_graphs: (R_2, 0, +)
15:01:10 [DEBUG] (1) nemo_metamorphic_testing::transformations::annotated_dependency_graphs: [Tag { origin: File { start: 860, end: 871 }, tag: "allowedDiff" }, Tag { origin: File { start: 787, end: 798 }, tag: "tooLargeGap" }]
15:01:10 [DEBUG] (1) nemo_metamorphic_testing::transformations::modify_rule_remove_equality:     Incoming edges by rule name: [r_EXP_4 : [seeTVTower, elevator, choseU, choseB, canChangeAt, R_1, ]; r_EXP_3 : [elevator, tooLargeGap, mustChangeAt, allowedDiff, R_2, elevator, platformHeight, seeTVTower, canChangeAt, seeTVTower, ]; r_EXP_1 : [choseB, tooLargeGap, elevator, choseU, success, seeTVTower, ]; r_5 : [tooLargeGap, elevator, ]; ]
15:01:10 [INFO]   VIII Modify Rule - Remove Equality
15:01:10 [DEBUG] (1) nemo_metamorphic_testing::transformations::modify_rule_remove_equality: pos edges by tag: {Tag { origin: Created, tag: "R_2" }: [EdgeIndex(44)], Tag { origin: File { start: 773, end: 781 }, tag: "elevator" }: [EdgeIndex(43)], Tag { origin: File { start: 837, end: 851 }, tag: "platformHeight" }: [EdgeIndex(42)], Tag { origin: File { start: 1032, end: 1042 }, tag: "seeTVTower" }: [EdgeIndex(41), EdgeIndex(28)], Tag { origin: File { start: 523, end: 534 }, tag: "canChangeAt" }: [EdgeIndex(40)]}
15:01:10 [DEBUG] (1) nemo_metamorphic_testing::transformations::modify_rule_remove_equality: neg edges by tag: {Tag { origin: File { start: 773, end: 781 }, tag: "elevator" }: [EdgeIndex(48)], Tag { origin: File { start: 787, end: 798 }, tag: "tooLargeGap" }: [EdgeIndex(47)], Tag { origin: File { start: 506, end: 518 }, tag: "mustChangeAt" }: [EdgeIndex(46)], Tag { origin: File { start: 860, end: 871 }, tag: "allowedDiff" }: [EdgeIndex(45)]}
15:01:10 [INFO]   Replaced a random number of var X_1 with var X_1_new_1 in the rule r_EXP_3
15:01:10 [DEBUG] (1) nemo_metamorphic_testing::transformations::modify_rule_remove_equality:   Old Rule: canChangeAt(?X_1) :- seeTVTower(?X_1), canChangeAt(?Y_1), seeTVTower("alexanderplatz"), platformHeight("alexanderplatz", ?Y_1), elevator(?Y_1), R_2(?X_1), ~allowedDiff("alexanderplatz", ?Y_1), ~mustChangeAt(?Y_1), ~tooLargeGap("alexanderplatz"), ~elevator("alexanderplatz") .
15:01:10 [DEBUG] (1) nemo_metamorphic_testing::transformations::modify_rule_remove_equality:   New Rule: canChangeAt(?X_1) :- seeTVTower(?X_1), canChangeAt(?Y_1), seeTVTower("alexanderplatz"), platformHeight("alexanderplatz", ?Y_1), elevator(?Y_1), R_2(?X_1_new_1), ~allowedDiff("alexanderplatz", ?Y_1), ~mustChangeAt(?Y_1), ~tooLargeGap("alexanderplatz"), ~elevator("alexanderplatz") .
15:01:10 [DEBUG] (1) nemo_metamorphic_testing::transformations::annotated_dependency_graphs: Verifying ADG
15:01:10 [DEBUG] (1) nemo_metamorphic_testing::transformations::annotated_dependency_graphs: Writing ADG to file
15:01:10 [DEBUG] (1) nemo_metamorphic_testing: ADG edge verification succeeded
15:01:10 [DEBUG] (1) nemo_metamorphic_testing: RNG position: 348
15:01:10 [INFO] 16 / 32
15:01:10 [DEBUG] (1) nemo_metamorphic_testing::transformations::annotated_dependency_graphs: LEQ negative ancestry relational nodes:
15:01:10 [DEBUG] (1) nemo_metamorphic_testing::transformations::annotated_dependency_graphs: (allowedDiff, 1, -)
15:01:10 [DEBUG] (1) nemo_metamorphic_testing::transformations::annotated_dependency_graphs: (canChangeAt, 0, +)
15:01:10 [DEBUG] (1) nemo_metamorphic_testing::transformations::annotated_dependency_graphs: (choseB, 1, ?)
15:01:10 [DEBUG] (1) nemo_metamorphic_testing::transformations::annotated_dependency_graphs: (choseU, 1, ?)
15:01:10 [DEBUG] (1) nemo_metamorphic_testing::transformations::annotated_dependency_graphs: (elevator, 1, ?)
15:01:10 [DEBUG] (1) nemo_metamorphic_testing::transformations::annotated_dependency_graphs: (mustChangeAt, 1, ?)
15:01:10 [DEBUG] (1) nemo_metamorphic_testing::transformations::annotated_dependency_graphs: (platformHeight, 0, +)
15:01:10 [DEBUG] (1) nemo_metamorphic_testing::transformations::annotated_dependency_graphs: (seeTVTower, 0, +)
15:01:10 [DEBUG] (1) nemo_metamorphic_testing::transformations::annotated_dependency_graphs: (success, 0, +)
15:01:10 [DEBUG] (1) nemo_metamorphic_testing::transformations::annotated_dependency_graphs: (tooLargeGap, 1, -)
15:01:10 [DEBUG] (1) nemo_metamorphic_testing::transformations::annotated_dependency_graphs: (validC, 0, +)
15:01:10 [DEBUG] (1) nemo_metamorphic_testing::transformations::annotated_dependency_graphs: (R_1, 0, +)
15:01:10 [DEBUG] (1) nemo_metamorphic_testing::transformations::annotated_dependency_graphs: (R_2, 0, +)
15:01:10 [DEBUG] (1) nemo_metamorphic_testing::transformations::annotated_dependency_graphs: [Tag { origin: File { start: 860, end: 871 }, tag: "allowedDiff" }, Tag { origin: File { start: 787, end: 798 }, tag: "tooLargeGap" }]
15:01:10 [INFO]   II Add Fact Node and Edge
15:01:10 [INFO]   Added new fact validC("alexanderplatz", 15810513514542129491).
15:01:10 [DEBUG] (1) nemo_metamorphic_testing::transformations::annotated_dependency_graphs: Verifying ADG
15:01:10 [DEBUG] (1) nemo_metamorphic_testing::transformations::annotated_dependency_graphs: Writing ADG to file
15:01:10 [DEBUG] (1) nemo_metamorphic_testing: ADG edge verification succeeded
15:01:10 [DEBUG] (1) nemo_metamorphic_testing: RNG position: 362
15:01:10 [INFO] 17 / 32
15:01:10 [DEBUG] (1) nemo_metamorphic_testing::transformations::modify_rule_remove_equality:     Incoming edges by rule name: [r_EXP_2 : [tooLargeGap, mustChangeAt, elevator, choseU, mustChangeAt, seeTVTower, mustChangeAt, ]; r_4 : [choseB, choseU, ]; r_3 : [choseU, choseB, ]; r_2 : [mustChangeAt, validC, validC, ]; r_1 : [canChangeAt, mustChangeAt, validC, validC, ]; ]
15:01:10 [INFO]   VIII Modify Rule - Remove Equality
15:01:10 [DEBUG] (1) nemo_metamorphic_testing::transformations::modify_rule_remove_equality: pos edges by tag: {Tag { origin: File { start: 523, end: 534 }, tag: "canChangeAt" }: [EdgeIndex(8)], Tag { origin: File { start: 506, end: 518 }, tag: "mustChangeAt" }: [EdgeIndex(7)], Tag { origin: File { start: 460, end: 466 }, tag: "validC" }: [EdgeIndex(6), EdgeIndex(5)]}
15:01:10 [DEBUG] (1) nemo_metamorphic_testing::transformations::modify_rule_remove_equality: neg edges by tag: {}
15:01:10 [INFO]   Replaced a random number of var y_new_2 with var y_new_2_new_1 in the rule r_1
15:01:10 [DEBUG] (1) nemo_metamorphic_testing::transformations::modify_rule_remove_equality:   Old Rule: validC(?x, ?z) :- validC(?x, ?y_new_2), validC(?y, ?z), mustChangeAt(?y_new_2), canChangeAt(?y_new_1) .
15:01:10 [DEBUG] (1) nemo_metamorphic_testing::transformations::modify_rule_remove_equality:   New Rule: validC(?x, ?z) :- validC(?x, ?y_new_2_new_1), validC(?y, ?z), mustChangeAt(?y_new_2), canChangeAt(?y_new_1) .
15:01:10 [DEBUG] (1) nemo_metamorphic_testing::transformations::annotated_dependency_graphs: Verifying ADG
15:01:10 [DEBUG] (1) nemo_metamorphic_testing::transformations::annotated_dependency_graphs: Writing ADG to file
15:01:10 [DEBUG] (1) nemo_metamorphic_testing: ADG edge verification succeeded
15:01:10 [DEBUG] (1) nemo_metamorphic_testing: RNG position: 365
15:01:10 [INFO] 18 / 32
15:01:10 [DEBUG] (1) nemo_metamorphic_testing::transformations::annotated_dependency_graphs: LEQ negative ancestry relational nodes:
15:01:10 [DEBUG] (1) nemo_metamorphic_testing::transformations::annotated_dependency_graphs: (allowedDiff, 1, -)
15:01:10 [DEBUG] (1) nemo_metamorphic_testing::transformations::annotated_dependency_graphs: (canChangeAt, 0, +)
15:01:10 [DEBUG] (1) nemo_metamorphic_testing::transformations::annotated_dependency_graphs: (choseB, 1, ?)
15:01:10 [DEBUG] (1) nemo_metamorphic_testing::transformations::annotated_dependency_graphs: (choseU, 1, ?)
15:01:10 [DEBUG] (1) nemo_metamorphic_testing::transformations::annotated_dependency_graphs: (elevator, 1, ?)
15:01:10 [DEBUG] (1) nemo_metamorphic_testing::transformations::annotated_dependency_graphs: (mustChangeAt, 1, ?)
15:01:10 [DEBUG] (1) nemo_metamorphic_testing::transformations::annotated_dependency_graphs: (platformHeight, 0, +)
15:01:10 [DEBUG] (1) nemo_metamorphic_testing::transformations::annotated_dependency_graphs: (seeTVTower, 0, +)
15:01:10 [DEBUG] (1) nemo_metamorphic_testing::transformations::annotated_dependency_graphs: (success, 0, +)
15:01:10 [DEBUG] (1) nemo_metamorphic_testing::transformations::annotated_dependency_graphs: (tooLargeGap, 1, -)
15:01:10 [DEBUG] (1) nemo_metamorphic_testing::transformations::annotated_dependency_graphs: (validC, 0, +)
15:01:10 [DEBUG] (1) nemo_metamorphic_testing::transformations::annotated_dependency_graphs: (R_1, 0, +)
15:01:10 [DEBUG] (1) nemo_metamorphic_testing::transformations::annotated_dependency_graphs: (R_2, 0, +)
15:01:10 [DEBUG] (1) nemo_metamorphic_testing::transformations::annotated_dependency_graphs: [Tag { origin: File { start: 860, end: 871 }, tag: "allowedDiff" }, Tag { origin: File { start: 787, end: 798 }, tag: "tooLargeGap" }]
15:01:10 [INFO]   I Add Relational Node
15:01:10 [INFO]   Added new relation R_3
15:01:10 [DEBUG] (1) nemo_metamorphic_testing::transformations::annotated_dependency_graphs: Verifying ADG
15:01:10 [DEBUG] (1) nemo_metamorphic_testing::transformations::annotated_dependency_graphs: Writing ADG to file
15:01:10 [DEBUG] (1) nemo_metamorphic_testing: ADG edge verification succeeded
15:01:10 [DEBUG] (1) nemo_metamorphic_testing: RNG position: 367
15:01:10 [INFO] 19 / 32
15:01:10 [INFO]   III Add Relational edges - New Rule
15:01:10 [INFO]   Assigned relation R_3 the artiy 2
15:01:10 [DEBUG] (1) nemo_metamorphic_testing::transformations::add_relational_edge_new_rule:   Adding the literal R_1->R_3) : (r_EXP_5,+,, ?X_1, ?X_1)
15:01:10 [DEBUG] (1) nemo_metamorphic_testing::transformations::add_relational_edge_new_rule:   Adding the literal canChangeAt->R_3) : (r_EXP_5,+,, c_1)
15:01:10 [INFO]   Added new rule of name r_EXP_5
15:01:10 [INFO]   R_3(?X_1, ?X_1) :- R_1(?X_1, ?X_1), canChangeAt(c_1) .
15:01:10 [DEBUG] (1) nemo_metamorphic_testing::transformations::annotated_dependency_graphs: Writing ADG to file
15:01:10 [DEBUG] (1) nemo_metamorphic_testing::transformations::annotated_dependency_graphs: Writing ADG restricted to Incoming from R_3
15:01:10 [DEBUG] (1) nemo_metamorphic_testing::transformations::annotated_dependency_graphs: Verifying ADG
15:01:10 [DEBUG] (1) nemo_metamorphic_testing::transformations::annotated_dependency_graphs: Writing ADG to file
15:01:10 [DEBUG] (1) nemo_metamorphic_testing: ADG edge verification succeeded
15:01:10 [DEBUG] (1) nemo_metamorphic_testing: RNG position: 451
15:01:10 [INFO] 20 / 32
15:01:10 [DEBUG] (1) nemo_metamorphic_testing::transformations::remove_relational_edge_single_literal:     Incoming edges by rule name: [r_EXP_2 : [tooLargeGap, mustChangeAt, elevator, choseU, mustChangeAt, seeTVTower, mustChangeAt, ]; r_4 : [choseB, choseU, ]; r_3 : [choseU, choseB, ]; r_2 : [mustChangeAt, validC, validC, ]; r_1 : [canChangeAt, mustChangeAt, validC, validC, ]; ]
15:01:10 [DEBUG] (1) nemo_metamorphic_testing::transformations::remove_relational_edge_single_literal: Zip {
    a: Cloned {
        it: Iter(
            [
                EdgeIndex(13),
                EdgeIndex(12),
            ],
        ),
    },
    b: IntoIter(
        [
            (r_3, -, (?x, ?y, )),
            (r_3, +, (?x, ?y, )),
        ],
    ),
}
15:01:10 [DEBUG] (1) nemo_metamorphic_testing::transformations::annotated_dependency_graphs: LEQ negative ancestry relational nodes:
15:01:10 [DEBUG] (1) nemo_metamorphic_testing::transformations::annotated_dependency_graphs: (allowedDiff, 1, -)
15:01:10 [DEBUG] (1) nemo_metamorphic_testing::transformations::annotated_dependency_graphs: (canChangeAt, 0, +)
15:01:10 [DEBUG] (1) nemo_metamorphic_testing::transformations::annotated_dependency_graphs: (choseB, 1, ?)
15:01:10 [DEBUG] (1) nemo_metamorphic_testing::transformations::annotated_dependency_graphs: (choseU, 1, ?)
15:01:10 [DEBUG] (1) nemo_metamorphic_testing::transformations::annotated_dependency_graphs: (elevator, 1, ?)
15:01:10 [DEBUG] (1) nemo_metamorphic_testing::transformations::annotated_dependency_graphs: (mustChangeAt, 1, ?)
15:01:10 [DEBUG] (1) nemo_metamorphic_testing::transformations::annotated_dependency_graphs: (platformHeight, 0, +)
15:01:10 [DEBUG] (1) nemo_metamorphic_testing::transformations::annotated_dependency_graphs: (seeTVTower, 0, +)
15:01:10 [DEBUG] (1) nemo_metamorphic_testing::transformations::annotated_dependency_graphs: (success, 0, +)
15:01:10 [DEBUG] (1) nemo_metamorphic_testing::transformations::annotated_dependency_graphs: (tooLargeGap, 1, -)
15:01:10 [DEBUG] (1) nemo_metamorphic_testing::transformations::annotated_dependency_graphs: (validC, 0, +)
15:01:10 [DEBUG] (1) nemo_metamorphic_testing::transformations::annotated_dependency_graphs: (R_1, 0, +)
15:01:10 [DEBUG] (1) nemo_metamorphic_testing::transformations::annotated_dependency_graphs: (R_2, 0, +)
15:01:10 [DEBUG] (1) nemo_metamorphic_testing::transformations::annotated_dependency_graphs: (R_3, 0, n)
15:01:10 [DEBUG] (1) nemo_metamorphic_testing::transformations::annotated_dependency_graphs: [Tag { origin: File { start: 860, end: 871 }, tag: "allowedDiff" }, Tag { origin: File { start: 787, end: 798 }, tag: "tooLargeGap" }, Tag { origin: Created, tag: "R_3" }]
15:01:10 [DEBUG] (1) nemo_metamorphic_testing::transformations::modify_rule_add_equality:     Incoming edges by rule name: [r_EXP_5 : [canChangeAt, R_1, ]; ]
15:01:10 [INFO]   VII Modify Rule - Add Equality
15:01:10 [DEBUG] (1) nemo_metamorphic_testing::transformations::modify_rule_add_equality:   Found vars for into equality: [?X_1,  ]
15:01:10 [INFO]   Aborting the introduction of an equality - rule has too few variables!
15:01:10 [DEBUG] (1) nemo_metamorphic_testing::transformations::modify_rule_add_equality:     The rule in question: R_3(?X_1, ?X_1) :- R_1(?X_1, ?X_1), canChangeAt(c_1) .
15:01:10 [DEBUG] (1) nemo_metamorphic_testing::transformations::annotated_dependency_graphs: Verifying ADG
15:01:10 [DEBUG] (1) nemo_metamorphic_testing::transformations::annotated_dependency_graphs: Writing ADG to file
15:01:10 [DEBUG] (1) nemo_metamorphic_testing: ADG edge verification succeeded
15:01:10 [DEBUG] (1) nemo_metamorphic_testing: RNG position: 455
15:01:10 [INFO] 21 / 32
15:01:10 [INFO]   I Add Relational Node
15:01:10 [INFO]   Added new relation R_4
15:01:10 [DEBUG] (1) nemo_metamorphic_testing::transformations::annotated_dependency_graphs: Verifying ADG
15:01:10 [DEBUG] (1) nemo_metamorphic_testing::transformations::annotated_dependency_graphs: Writing ADG to file
15:01:10 [DEBUG] (1) nemo_metamorphic_testing: ADG edge verification succeeded
15:01:10 [DEBUG] (1) nemo_metamorphic_testing: RNG position: 456
15:01:10 [INFO] 22 / 32
15:01:10 [DEBUG] (1) nemo_metamorphic_testing::transformations::annotated_dependency_graphs: LEQ negative ancestry relational nodes:
15:01:10 [DEBUG] (1) nemo_metamorphic_testing::transformations::annotated_dependency_graphs: (allowedDiff, 1, -)
15:01:10 [DEBUG] (1) nemo_metamorphic_testing::transformations::annotated_dependency_graphs: (canChangeAt, 0, +)
15:01:10 [DEBUG] (1) nemo_metamorphic_testing::transformations::annotated_dependency_graphs: (choseB, 1, ?)
15:01:10 [DEBUG] (1) nemo_metamorphic_testing::transformations::annotated_dependency_graphs: (choseU, 1, ?)
15:01:10 [DEBUG] (1) nemo_metamorphic_testing::transformations::annotated_dependency_graphs: (elevator, 1, ?)
15:01:10 [DEBUG] (1) nemo_metamorphic_testing::transformations::annotated_dependency_graphs: (mustChangeAt, 1, ?)
15:01:10 [DEBUG] (1) nemo_metamorphic_testing::transformations::annotated_dependency_graphs: (platformHeight, 0, +)
15:01:10 [DEBUG] (1) nemo_metamorphic_testing::transformations::annotated_dependency_graphs: (seeTVTower, 0, +)
15:01:10 [DEBUG] (1) nemo_metamorphic_testing::transformations::annotated_dependency_graphs: (success, 0, +)
15:01:10 [DEBUG] (1) nemo_metamorphic_testing::transformations::annotated_dependency_graphs: (tooLargeGap, 1, -)
15:01:10 [DEBUG] (1) nemo_metamorphic_testing::transformations::annotated_dependency_graphs: (validC, 0, +)
15:01:10 [DEBUG] (1) nemo_metamorphic_testing::transformations::annotated_dependency_graphs: (R_1, 0, +)
15:01:10 [DEBUG] (1) nemo_metamorphic_testing::transformations::annotated_dependency_graphs: (R_2, 0, +)
15:01:10 [DEBUG] (1) nemo_metamorphic_testing::transformations::annotated_dependency_graphs: (R_3, 0, n)
15:01:10 [DEBUG] (1) nemo_metamorphic_testing::transformations::annotated_dependency_graphs: (R_4, None, None)
15:01:10 [DEBUG] (1) nemo_metamorphic_testing::transformations::annotated_dependency_graphs: [Tag { origin: File { start: 860, end: 871 }, tag: "allowedDiff" }, Tag { origin: File { start: 787, end: 798 }, tag: "tooLargeGap" }, Tag { origin: Created, tag: "R_3" }, Tag { origin: Created, tag: "R_4" }]
15:01:10 [DEBUG] (1) nemo_metamorphic_testing::transformations::add_relational_edge_new_literal:     Incoming edges by rule name: [r_EXP_5 : [canChangeAt, R_1, ]; ]
15:01:10 [INFO]   IV Add Relational Edge - New Literal
15:01:10 [DEBUG] (1) nemo_metamorphic_testing::transformations::add_relational_edge_new_literal:   Options for literal vector: [?X_1, ?X_1, ?X_1, ?X_1, ?X_1, trainHeight,  ]
15:01:10 [INFO]   Generated literal ~choseB(?X_1, trainHeight) for rule r_EXP_5
15:01:10 [DEBUG] (1) nemo_metamorphic_testing::transformations::add_relational_edge_new_literal:    Old Rule: R_3(?X_1, ?X_1) :- R_1(?X_1, ?X_1), canChangeAt(c_1) .
15:01:10 [DEBUG] (1) nemo_metamorphic_testing::transformations::add_relational_edge_new_literal:    New Rule: R_3(?X_1, ?X_1) :- R_1(?X_1, ?X_1), canChangeAt(c_1), ~choseB(?X_1, trainHeight) .
15:01:10 [DEBUG] (1) nemo_metamorphic_testing::transformations::annotated_dependency_graphs: Writing ADG to file
15:01:10 [DEBUG] (1) nemo_metamorphic_testing::transformations::annotated_dependency_graphs: Writing ADG restricted to Incoming from R_3
15:01:10 [DEBUG] (1) nemo_metamorphic_testing::transformations::annotated_dependency_graphs: Verifying ADG
15:01:10 [DEBUG] (1) nemo_metamorphic_testing::transformations::annotated_dependency_graphs: Writing ADG to file
15:01:10 [DEBUG] (1) nemo_metamorphic_testing: ADG edge verification succeeded
15:01:10 [DEBUG] (1) nemo_metamorphic_testing: RNG position: 475
15:01:10 [INFO] 23 / 32
15:01:10 [INFO]   I Add Relational Node
15:01:10 [INFO]   Added new relation R_5
15:01:10 [DEBUG] (1) nemo_metamorphic_testing::transformations::annotated_dependency_graphs: Verifying ADG
15:01:10 [DEBUG] (1) nemo_metamorphic_testing::transformations::annotated_dependency_graphs: Writing ADG to file
15:01:10 [DEBUG] (1) nemo_metamorphic_testing: ADG edge verification succeeded
15:01:10 [DEBUG] (1) nemo_metamorphic_testing: RNG position: 476
15:01:10 [INFO] 24 / 32
15:01:10 [DEBUG] (1) nemo_metamorphic_testing::transformations::annotated_dependency_graphs: LEQ negative ancestry relational nodes:
15:01:10 [DEBUG] (1) nemo_metamorphic_testing::transformations::annotated_dependency_graphs: (allowedDiff, 1, -)
15:01:10 [DEBUG] (1) nemo_metamorphic_testing::transformations::annotated_dependency_graphs: (canChangeAt, 0, +)
15:01:10 [DEBUG] (1) nemo_metamorphic_testing::transformations::annotated_dependency_graphs: (choseB, 1, ?)
15:01:10 [DEBUG] (1) nemo_metamorphic_testing::transformations::annotated_dependency_graphs: (choseU, 1, ?)
15:01:10 [DEBUG] (1) nemo_metamorphic_testing::transformations::annotated_dependency_graphs: (elevator, 1, ?)
15:01:10 [DEBUG] (1) nemo_metamorphic_testing::transformations::annotated_dependency_graphs: (mustChangeAt, 1, ?)
15:01:10 [DEBUG] (1) nemo_metamorphic_testing::transformations::annotated_dependency_graphs: (platformHeight, 0, +)
15:01:10 [DEBUG] (1) nemo_metamorphic_testing::transformations::annotated_dependency_graphs: (seeTVTower, 0, +)
15:01:10 [DEBUG] (1) nemo_metamorphic_testing::transformations::annotated_dependency_graphs: (success, 0, +)
15:01:10 [DEBUG] (1) nemo_metamorphic_testing::transformations::annotated_dependency_graphs: (tooLargeGap, 1, -)
15:01:10 [DEBUG] (1) nemo_metamorphic_testing::transformations::annotated_dependency_graphs: (validC, 0, +)
15:01:10 [DEBUG] (1) nemo_metamorphic_testing::transformations::annotated_dependency_graphs: (R_1, 0, +)
15:01:10 [DEBUG] (1) nemo_metamorphic_testing::transformations::annotated_dependency_graphs: (R_2, 0, +)
15:01:10 [DEBUG] (1) nemo_metamorphic_testing::transformations::annotated_dependency_graphs: (R_3, 0, n)
15:01:10 [DEBUG] (1) nemo_metamorphic_testing::transformations::annotated_dependency_graphs: (R_4, None, None)
15:01:10 [DEBUG] (1) nemo_metamorphic_testing::transformations::annotated_dependency_graphs: (R_5, None, None)
15:01:10 [DEBUG] (1) nemo_metamorphic_testing::transformations::annotated_dependency_graphs: [Tag { origin: File { start: 860, end: 871 }, tag: "allowedDiff" }, Tag { origin: File { start: 787, end: 798 }, tag: "tooLargeGap" }, Tag { origin: Created, tag: "R_3" }, Tag { origin: Created, tag: "R_4" }, Tag { origin: Created, tag: "R_5" }]
15:01:10 [DEBUG] (1) nemo_metamorphic_testing::transformations::remove_relational_edges_whole_rule:     Incoming edges by rule name: [r_EXP_5 : [choseB, canChangeAt, R_1, ]; ]
15:01:10 [INFO]   V Remove Relational Edges - Whole Rule
15:01:10 [INFO]   Removing the Rule of the name r_EXP_5
15:01:10 [DEBUG] (1) nemo_metamorphic_testing::transformations::remove_relational_edges_whole_rule:    R_3(?X_1, ?X_1) :- R_1(?X_1, ?X_1), canChangeAt(c_1), ~choseB(?X_1, trainHeight) .
15:01:10 [DEBUG] (1) nemo_metamorphic_testing::transformations::remove_relational_edges_whole_rule: Literals we reset: ["choseB", "canChangeAt", "seeTVTower", "elevator", "choseU", "R_1", "tooLargeGap", "mustChangeAt", "allowedDiff", "R_2", "platformHeight", "success", "validC"]
15:01:10 [DEBUG] (1) nemo_metamorphic_testing::transformations::annotated_dependency_graphs: Writing ADG restricted to Incoming from canChangeAt
15:01:10 [DEBUG] (1) nemo_metamorphic_testing::transformations::annotated_dependency_graphs: Writing ADG restricted to Incoming from canChangeAt
15:01:10 [DEBUG] (1) nemo_metamorphic_testing::transformations::annotated_dependency_graphs: Writing ADG restricted to Incoming from seeTVTower
15:01:10 [DEBUG] (1) nemo_metamorphic_testing::transformations::annotated_dependency_graphs: Writing ADG restricted to Incoming from seeTVTower
15:01:10 [DEBUG] (1) nemo_metamorphic_testing::transformations::annotated_dependency_graphs: Writing ADG restricted to Incoming from mustChangeAt
15:01:10 [DEBUG] (1) nemo_metamorphic_testing::transformations::annotated_dependency_graphs: Writing ADG restricted to Incoming from mustChangeAt
15:01:10 [DEBUG] (1) nemo_metamorphic_testing::transformations::annotated_dependency_graphs: Writing ADG restricted to Incoming from validC
15:01:10 [DEBUG] (1) nemo_metamorphic_testing::transformations::annotated_dependency_graphs: Writing ADG restricted to Incoming from validC
15:01:10 [DEBUG] (1) nemo_metamorphic_testing::transformations::annotated_dependency_graphs: Writing ADG restricted to Incoming from canChangeAt
15:01:10 [DEBUG] (1) nemo_metamorphic_testing::transformations::annotated_dependency_graphs: Writing ADG restricted to Incoming from canChangeAt
15:01:10 [DEBUG] (1) nemo_metamorphic_testing::transformations::annotated_dependency_graphs: Writing ADG restricted to Incoming from validC
15:01:10 [DEBUG] (1) nemo_metamorphic_testing::transformations::annotated_dependency_graphs: Writing ADG restricted to Incoming from canChangeAt
15:01:10 [DEBUG] (1) nemo_metamorphic_testing::transformations::annotated_dependency_graphs: Writing ADG restricted to Incoming from canChangeAt
15:01:10 [DEBUG] (1) nemo_metamorphic_testing::transformations::annotated_dependency_graphs: Writing ADG restricted to Incoming from canChangeAt
15:01:10 [DEBUG] (1) nemo_metamorphic_testing::transformations::annotated_dependency_graphs: Writing ADG restricted to Incoming from validC
15:01:10 [DEBUG] (1) nemo_metamorphic_testing::transformations::annotated_dependency_graphs: Writing ADG restricted to Incoming from canChangeAt
15:01:10 [DEBUG] (1) nemo_metamorphic_testing::transformations::annotated_dependency_graphs: Writing ADG restricted to Incoming from canChangeAt
15:01:10 [DEBUG] (1) nemo_metamorphic_testing::transformations::annotated_dependency_graphs: Writing ADG restricted to Incoming from canChangeAt
15:01:10 [DEBUG] (1) nemo_metamorphic_testing::transformations::annotated_dependency_graphs: Writing ADG restricted to Incoming from canChangeAt
15:01:10 [DEBUG] (1) nemo_metamorphic_testing::transformations::annotated_dependency_graphs: Writing ADG restricted to Incoming from validC
15:01:10 [DEBUG] (1) nemo_metamorphic_testing::transformations::annotated_dependency_graphs: Writing ADG restricted to Incoming from canChangeAt
15:01:10 [DEBUG] (1) nemo_metamorphic_testing::transformations::annotated_dependency_graphs: Writing ADG restricted to Incoming from canChangeAt
15:01:10 [DEBUG] (1) nemo_metamorphic_testing::transformations::annotated_dependency_graphs: Writing ADG restricted to Incoming from canChangeAt
15:01:10 [DEBUG] (1) nemo_metamorphic_testing::transformations::annotated_dependency_graphs: Writing ADG restricted to Incoming from validC
15:01:10 [DEBUG] (1) nemo_metamorphic_testing::transformations::annotated_dependency_graphs: Writing ADG restricted to Incoming from canChangeAt
15:01:10 [DEBUG] (1) nemo_metamorphic_testing::transformations::annotated_dependency_graphs: Writing ADG restricted to Incoming from mustChangeAt
15:01:10 [DEBUG] (1) nemo_metamorphic_testing::transformations::annotated_dependency_graphs: Writing ADG restricted to Incoming from mustChangeAt
15:01:10 [DEBUG] (1) nemo_metamorphic_testing::transformations::annotated_dependency_graphs: Writing ADG restricted to Incoming from validC
15:01:10 [DEBUG] (1) nemo_metamorphic_testing::transformations::annotated_dependency_graphs: Writing ADG restricted to Incoming from validC
15:01:10 [DEBUG] (1) nemo_metamorphic_testing::transformations::annotated_dependency_graphs: Writing ADG restricted to Incoming from canChangeAt
15:01:10 [DEBUG] (1) nemo_metamorphic_testing::transformations::annotated_dependency_graphs: Writing ADG restricted to Incoming from canChangeAt
15:01:10 [DEBUG] (1) nemo_metamorphic_testing::transformations::annotated_dependency_graphs: Writing ADG restricted to Incoming from validC
15:01:10 [DEBUG] (1) nemo_metamorphic_testing::transformations::annotated_dependency_graphs: Writing ADG restricted to Incoming from canChangeAt
15:01:10 [DEBUG] (1) nemo_metamorphic_testing::transformations::annotated_dependency_graphs: Writing ADG restricted to Incoming from canChangeAt
15:01:10 [DEBUG] (1) nemo_metamorphic_testing::transformations::annotated_dependency_graphs: Writing ADG restricted to Incoming from canChangeAt
15:01:10 [DEBUG] (1) nemo_metamorphic_testing::transformations::annotated_dependency_graphs: Writing ADG restricted to Incoming from validC
15:01:10 [DEBUG] (1) nemo_metamorphic_testing::transformations::annotated_dependency_graphs: Writing ADG restricted to Incoming from validC
15:01:10 [DEBUG] (1) nemo_metamorphic_testing::transformations::annotated_dependency_graphs: Writing ADG restricted to Incoming from validC
15:01:10 [DEBUG] (1) nemo_metamorphic_testing::transformations::annotated_dependency_graphs: Writing ADG restricted to Incoming from validC
15:01:10 [DEBUG] (1) nemo_metamorphic_testing::transformations::annotated_dependency_graphs: Writing ADG restricted to Incoming from validC
15:01:10 [DEBUG] (1) nemo_metamorphic_testing::transformations::annotated_dependency_graphs: Writing ADG restricted to Incoming from canChangeAt
15:01:10 [DEBUG] (1) nemo_metamorphic_testing::transformations::annotated_dependency_graphs: Writing ADG restricted to Incoming from canChangeAt
15:01:10 [DEBUG] (1) nemo_metamorphic_testing::transformations::annotated_dependency_graphs: Writing ADG restricted to Incoming from canChangeAt
15:01:10 [DEBUG] (1) nemo_metamorphic_testing::transformations::annotated_dependency_graphs: Writing ADG restricted to Incoming from canChangeAt
15:01:10 [DEBUG] (1) nemo_metamorphic_testing::transformations::annotated_dependency_graphs: Writing ADG restricted to Incoming from success
15:01:10 [DEBUG] (1) nemo_metamorphic_testing::transformations::annotated_dependency_graphs: Writing ADG restricted to Incoming from validC
15:01:10 [DEBUG] (1) nemo_metamorphic_testing::transformations::annotated_dependency_graphs: Writing ADG restricted to Incoming from validC
15:01:10 [DEBUG] (1) nemo_metamorphic_testing::transformations::annotated_dependency_graphs: Writing ADG restricted to Incoming from validC
15:01:10 [DEBUG] (1) nemo_metamorphic_testing::transformations::annotated_dependency_graphs: Writing ADG restricted to Incoming from validC
15:01:10 [DEBUG] (1) nemo_metamorphic_testing::transformations::annotated_dependency_graphs: Verifying ADG
15:01:10 [DEBUG] (1) nemo_metamorphic_testing::transformations::annotated_dependency_graphs: Writing ADG to file
15:01:10 [DEBUG] (1) nemo_metamorphic_testing: ADG edge verification succeeded
15:01:10 [DEBUG] (1) nemo_metamorphic_testing: RNG position: 477
15:01:10 [INFO] 25 / 32
15:01:10 [INFO]   III Add Relational edges - New Rule
15:01:10 [DEBUG] (1) nemo_metamorphic_testing::transformations::add_relational_edge_new_rule:   Adding the literal mustChangeAt->canChangeAt) : (r_EXP_6,+,, "jungfernheide")
15:01:10 [INFO]   Added new rule of name r_EXP_6
15:01:10 [INFO]   canChangeAt("jungfernheide") :- mustChangeAt("jungfernheide") .
15:01:10 [DEBUG] (1) nemo_metamorphic_testing::transformations::annotated_dependency_graphs: Writing ADG to file
15:01:10 [DEBUG] (1) nemo_metamorphic_testing::transformations::annotated_dependency_graphs: Writing ADG restricted to Incoming from canChangeAt
15:01:10 [DEBUG] (1) nemo_metamorphic_testing::transformations::annotated_dependency_graphs: Verifying ADG
15:01:10 [DEBUG] (1) nemo_metamorphic_testing::transformations::annotated_dependency_graphs: Writing ADG to file
15:01:10 [DEBUG] (1) nemo_metamorphic_testing: ADG edge verification succeeded
15:01:10 [DEBUG] (1) nemo_metamorphic_testing: RNG position: 561
15:01:10 [INFO] 26 / 32
15:01:10 [DEBUG] (1) nemo_metamorphic_testing::transformations::annotated_dependency_graphs: LEQ negative ancestry relational nodes:
15:01:10 [DEBUG] (1) nemo_metamorphic_testing::transformations::annotated_dependency_graphs: (allowedDiff, 1, -)
15:01:10 [DEBUG] (1) nemo_metamorphic_testing::transformations::annotated_dependency_graphs: (canChangeAt, 0, +)
15:01:10 [DEBUG] (1) nemo_metamorphic_testing::transformations::annotated_dependency_graphs: (choseB, 1, ?)
15:01:10 [DEBUG] (1) nemo_metamorphic_testing::transformations::annotated_dependency_graphs: (choseU, 1, ?)
15:01:10 [DEBUG] (1) nemo_metamorphic_testing::transformations::annotated_dependency_graphs: (elevator, 1, ?)
15:01:10 [DEBUG] (1) nemo_metamorphic_testing::transformations::annotated_dependency_graphs: (mustChangeAt, 1, ?)
15:01:10 [DEBUG] (1) nemo_metamorphic_testing::transformations::annotated_dependency_graphs: (platformHeight, 0, +)
15:01:10 [DEBUG] (1) nemo_metamorphic_testing::transformations::annotated_dependency_graphs: (seeTVTower, 0, +)
15:01:10 [DEBUG] (1) nemo_metamorphic_testing::transformations::annotated_dependency_graphs: (success, 0, +)
15:01:10 [DEBUG] (1) nemo_metamorphic_testing::transformations::annotated_dependency_graphs: (tooLargeGap, 1, -)
15:01:10 [DEBUG] (1) nemo_metamorphic_testing::transformations::annotated_dependency_graphs: (validC, 0, +)
15:01:10 [DEBUG] (1) nemo_metamorphic_testing::transformations::annotated_dependency_graphs: (R_1, 0, +)
15:01:10 [DEBUG] (1) nemo_metamorphic_testing::transformations::annotated_dependency_graphs: (R_2, 0, +)
15:01:10 [DEBUG] (1) nemo_metamorphic_testing::transformations::annotated_dependency_graphs: (R_3, 0, n)
15:01:10 [DEBUG] (1) nemo_metamorphic_testing::transformations::annotated_dependency_graphs: (R_4, None, None)
15:01:10 [DEBUG] (1) nemo_metamorphic_testing::transformations::annotated_dependency_graphs: (R_5, None, None)
15:01:10 [DEBUG] (1) nemo_metamorphic_testing::transformations::annotated_dependency_graphs: [Tag { origin: File { start: 860, end: 871 }, tag: "allowedDiff" }, Tag { origin: File { start: 787, end: 798 }, tag: "tooLargeGap" }, Tag { origin: Created, tag: "R_3" }, Tag { origin: Created, tag: "R_4" }, Tag { origin: Created, tag: "R_5" }]
15:01:10 [DEBUG] (1) nemo_metamorphic_testing::transformations::annotated_dependency_graphs: LEQ negative ancestry relational nodes:
15:01:10 [DEBUG] (1) nemo_metamorphic_testing::transformations::annotated_dependency_graphs: (allowedDiff, 1, -)
15:01:10 [DEBUG] (1) nemo_metamorphic_testing::transformations::annotated_dependency_graphs: (canChangeAt, 0, +)
15:01:10 [DEBUG] (1) nemo_metamorphic_testing::transformations::annotated_dependency_graphs: (choseB, 1, ?)
15:01:10 [DEBUG] (1) nemo_metamorphic_testing::transformations::annotated_dependency_graphs: (choseU, 1, ?)
15:01:10 [DEBUG] (1) nemo_metamorphic_testing::transformations::annotated_dependency_graphs: (elevator, 1, ?)
15:01:10 [DEBUG] (1) nemo_metamorphic_testing::transformations::annotated_dependency_graphs: (mustChangeAt, 1, ?)
15:01:10 [DEBUG] (1) nemo_metamorphic_testing::transformations::annotated_dependency_graphs: (platformHeight, 0, +)
15:01:10 [DEBUG] (1) nemo_metamorphic_testing::transformations::annotated_dependency_graphs: (seeTVTower, 0, +)
15:01:10 [DEBUG] (1) nemo_metamorphic_testing::transformations::annotated_dependency_graphs: (success, 0, +)
15:01:10 [DEBUG] (1) nemo_metamorphic_testing::transformations::annotated_dependency_graphs: (tooLargeGap, 1, -)
15:01:10 [DEBUG] (1) nemo_metamorphic_testing::transformations::annotated_dependency_graphs: (validC, 0, +)
15:01:10 [DEBUG] (1) nemo_metamorphic_testing::transformations::annotated_dependency_graphs: (R_1, 0, +)
15:01:10 [DEBUG] (1) nemo_metamorphic_testing::transformations::annotated_dependency_graphs: (R_2, 0, +)
15:01:10 [DEBUG] (1) nemo_metamorphic_testing::transformations::annotated_dependency_graphs: (R_3, 0, n)
15:01:10 [DEBUG] (1) nemo_metamorphic_testing::transformations::annotated_dependency_graphs: (R_4, None, None)
15:01:10 [DEBUG] (1) nemo_metamorphic_testing::transformations::annotated_dependency_graphs: (R_5, None, None)
15:01:10 [DEBUG] (1) nemo_metamorphic_testing::transformations::annotated_dependency_graphs: [Tag { origin: File { start: 860, end: 871 }, tag: "allowedDiff" }, Tag { origin: File { start: 787, end: 798 }, tag: "tooLargeGap" }, Tag { origin: Created, tag: "R_3" }, Tag { origin: Created, tag: "R_4" }, Tag { origin: Created, tag: "R_5" }]
15:01:10 [DEBUG] (1) nemo_metamorphic_testing::transformations::annotated_dependency_graphs: LEQ negative ancestry relational nodes:
15:01:10 [DEBUG] (1) nemo_metamorphic_testing::transformations::annotated_dependency_graphs: (allowedDiff, 1, -)
15:01:10 [DEBUG] (1) nemo_metamorphic_testing::transformations::annotated_dependency_graphs: (canChangeAt, 0, +)
15:01:10 [DEBUG] (1) nemo_metamorphic_testing::transformations::annotated_dependency_graphs: (choseB, 1, ?)
15:01:10 [DEBUG] (1) nemo_metamorphic_testing::transformations::annotated_dependency_graphs: (choseU, 1, ?)
15:01:10 [DEBUG] (1) nemo_metamorphic_testing::transformations::annotated_dependency_graphs: (elevator, 1, ?)
15:01:10 [DEBUG] (1) nemo_metamorphic_testing::transformations::annotated_dependency_graphs: (mustChangeAt, 1, ?)
15:01:10 [DEBUG] (1) nemo_metamorphic_testing::transformations::annotated_dependency_graphs: (platformHeight, 0, +)
15:01:10 [DEBUG] (1) nemo_metamorphic_testing::transformations::annotated_dependency_graphs: (seeTVTower, 0, +)
15:01:10 [DEBUG] (1) nemo_metamorphic_testing::transformations::annotated_dependency_graphs: (success, 0, +)
15:01:10 [DEBUG] (1) nemo_metamorphic_testing::transformations::annotated_dependency_graphs: (tooLargeGap, 1, -)
15:01:10 [DEBUG] (1) nemo_metamorphic_testing::transformations::annotated_dependency_graphs: (validC, 0, +)
15:01:10 [DEBUG] (1) nemo_metamorphic_testing::transformations::annotated_dependency_graphs: (R_1, 0, +)
15:01:10 [DEBUG] (1) nemo_metamorphic_testing::transformations::annotated_dependency_graphs: (R_2, 0, +)
15:01:10 [DEBUG] (1) nemo_metamorphic_testing::transformations::annotated_dependency_graphs: (R_3, 0, n)
15:01:10 [DEBUG] (1) nemo_metamorphic_testing::transformations::annotated_dependency_graphs: (R_4, None, None)
15:01:10 [DEBUG] (1) nemo_metamorphic_testing::transformations::annotated_dependency_graphs: (R_5, None, None)
15:01:10 [DEBUG] (1) nemo_metamorphic_testing::transformations::annotated_dependency_graphs: [Tag { origin: File { start: 860, end: 871 }, tag: "allowedDiff" }, Tag { origin: File { start: 787, end: 798 }, tag: "tooLargeGap" }, Tag { origin: Created, tag: "R_3" }, Tag { origin: Created, tag: "R_4" }, Tag { origin: Created, tag: "R_5" }]
15:01:10 [INFO]   III Add Relational edges - New Rule
15:01:10 [INFO]   Assigned relation R_3 the artiy 1
15:01:10 [DEBUG] (1) nemo_metamorphic_testing::transformations::add_relational_edge_new_rule:   Adding the literal mustChangeAt->R_3) : (r_EXP_7,+,, "str_1")
15:01:10 [DEBUG] (1) nemo_metamorphic_testing::transformations::add_relational_edge_new_rule:   Adding the literal R_1->R_3) : (r_EXP_7,+,, ?X_1, ?X_1)
15:01:10 [DEBUG] (1) nemo_metamorphic_testing::transformations::add_relational_edge_new_rule:   Adding the literal allowedDiff->R_3) : (r_EXP_7,-,, ?X_1, ?X_1)
15:01:10 [DEBUG] (1) nemo_metamorphic_testing::transformations::add_relational_edge_new_rule:   Adding the literal choseU->R_3) : (r_EXP_7,-,, ?X_1, ?X_1)
15:01:10 [DEBUG] (1) nemo_metamorphic_testing::transformations::add_relational_edge_new_rule:   Adding the literal seeTVTower->R_3) : (r_EXP_7,-,, "str_1")
15:01:10 [INFO]   Added new rule of name r_EXP_7
15:01:10 [INFO]   R_3(?X_1) :- mustChangeAt("str_1"), R_1(?X_1, ?X_1), ~allowedDiff(?X_1, ?X_1), ~choseU(?X_1, ?X_1), ~seeTVTower("str_1") .
15:01:10 [DEBUG] (1) nemo_metamorphic_testing::transformations::annotated_dependency_graphs: Writing ADG to file
15:01:10 [DEBUG] (1) nemo_metamorphic_testing::transformations::annotated_dependency_graphs: Writing ADG restricted to Incoming from R_3
15:01:10 [DEBUG] (1) nemo_metamorphic_testing::transformations::annotated_dependency_graphs: Verifying ADG
15:01:10 [DEBUG] (1) nemo_metamorphic_testing::transformations::annotated_dependency_graphs: Writing ADG to file
15:01:10 [DEBUG] (1) nemo_metamorphic_testing: ADG edge verification succeeded
15:01:10 [DEBUG] (1) nemo_metamorphic_testing: RNG position: 658
15:01:10 [INFO] 27 / 32
15:01:10 [INFO]   I Add Relational Node
15:01:10 [INFO]   Added new relation R_6
15:01:10 [DEBUG] (1) nemo_metamorphic_testing::transformations::annotated_dependency_graphs: Verifying ADG
15:01:10 [DEBUG] (1) nemo_metamorphic_testing::transformations::annotated_dependency_graphs: Writing ADG to file
15:01:10 [DEBUG] (1) nemo_metamorphic_testing: ADG edge verification succeeded
15:01:10 [DEBUG] (1) nemo_metamorphic_testing: RNG position: 659
15:01:10 [INFO] 28 / 32
15:01:10 [DEBUG] (1) nemo_metamorphic_testing::transformations::remove_relational_edge_single_literal:     Incoming edges by rule name: [r_EXP_4 : [seeTVTower, elevator, choseU, choseB, canChangeAt, R_1, ]; r_EXP_3 : [elevator, tooLargeGap, mustChangeAt, allowedDiff, R_2, elevator, platformHeight, seeTVTower, canChangeAt, seeTVTower, ]; r_EXP_1 : [choseB, tooLargeGap, elevator, choseU, success, seeTVTower, ]; r_5 : [tooLargeGap, elevator, ]; ]
15:01:10 [DEBUG] (1) nemo_metamorphic_testing::transformations::remove_relational_edge_single_literal: Zip {
    a: Cloned {
        it: Iter(
            [
                EdgeIndex(48),
                EdgeIndex(47),
                EdgeIndex(46),
                EdgeIndex(45),
                EdgeIndex(44),
                EdgeIndex(43),
                EdgeIndex(42),
                EdgeIndex(41),
                EdgeIndex(40),
                EdgeIndex(28),
            ],
        ),
    },
    b: IntoIter(
        [
            (r_EXP_3, -, ("alexanderplatz", )),
            (r_EXP_3, -, ("alexanderplatz", )),
            (r_EXP_3, -, (?Y_1, )),
            (r_EXP_3, -, ("alexanderplatz", ?Y_1, )),
            (r_EXP_3, +, (?X_1_new_1, )),
            (r_EXP_3, +, (?Y_1, )),
            (r_EXP_3, +, ("alexanderplatz", ?Y_1, )),
            (r_EXP_3, +, ("alexanderplatz", )),
            (r_EXP_3, +, (?Y_1, )),
            (r_EXP_3, +, (?X_1, )),
        ],
    ),
}
15:01:10 [INFO]   VI Remove Relational Edge - Single Literal
15:01:10 [INFO]   Found the rule of the name r_EXP_3
15:01:10 [DEBUG] (1) nemo_metamorphic_testing::transformations::remove_relational_edge_single_literal:    Old rule:   canChangeAt(?X_1) :- seeTVTower(?X_1), canChangeAt(?Y_1), seeTVTower("alexanderplatz"), platformHeight("alexanderplatz", ?Y_1), elevator(?Y_1), R_2(?X_1_new_1), ~allowedDiff("alexanderplatz", ?Y_1), ~mustChangeAt(?Y_1), ~tooLargeGap("alexanderplatz"), ~elevator("alexanderplatz") .
15:01:10 [INFO]   Removed relational edge NodeIndex(9): (tooLargeGap -> canChangeAt)
15:01:10 [DEBUG] (1) nemo_metamorphic_testing::transformations::annotated_dependency_graphs: Writing ADG restricted to Incoming from validC
15:01:10 [DEBUG] (1) nemo_metamorphic_testing::transformations::annotated_dependency_graphs: Writing ADG restricted to Incoming from canChangeAt
15:01:10 [DEBUG] (1) nemo_metamorphic_testing::transformations::annotated_dependency_graphs: Writing ADG restricted to Incoming from canChangeAt
15:01:10 [INFO]   Attempting to remove the literal -tooLargeGap(, "alexanderplatz") from the rule r_EXP_3
15:01:10 [DEBUG] (1) nemo_metamorphic_testing::transformations::remove_relational_edge_single_literal:     Modified rule: canChangeAt(?X_1) :- seeTVTower(?X_1), canChangeAt(?Y_1), seeTVTower("alexanderplatz"), platformHeight("alexanderplatz", ?Y_1), elevator(?Y_1), R_2(?X_1_new_1), ~allowedDiff("alexanderplatz", ?Y_1), ~mustChangeAt(?Y_1), ~elevator("alexanderplatz") .
15:01:10 [DEBUG] (1) nemo_metamorphic_testing::transformations::annotated_dependency_graphs: Verifying ADG
15:01:10 [DEBUG] (1) nemo_metamorphic_testing::transformations::annotated_dependency_graphs: Writing ADG to file
15:01:10 [DEBUG] (1) nemo_metamorphic_testing: ADG edge verification succeeded
15:01:10 [DEBUG] (1) nemo_metamorphic_testing: RNG position: 663
15:01:10 [INFO] 29 / 32
15:01:10 [DEBUG] (1) nemo_metamorphic_testing::transformations::remove_relational_edge_single_literal:     Incoming edges by rule name: [r_EXP_7 : [seeTVTower, choseU, allowedDiff, R_1, mustChangeAt, ]; ]
15:01:10 [DEBUG] (1) nemo_metamorphic_testing::transformations::remove_relational_edge_single_literal: Zip {
    a: Cloned {
        it: Iter(
            [
                EdgeIndex(62),
                EdgeIndex(61),
                EdgeIndex(60),
                EdgeIndex(59),
                EdgeIndex(58),
            ],
        ),
    },
    b: IntoIter(
        [
            (r_EXP_7, -, ("str_1", )),
            (r_EXP_7, -, (?X_1, ?X_1, )),
            (r_EXP_7, -, (?X_1, ?X_1, )),
            (r_EXP_7, +, (?X_1, ?X_1, )),
            (r_EXP_7, +, ("str_1", )),
        ],
    ),
}
15:01:10 [INFO]   VI Remove Relational Edge - Single Literal
15:01:10 [INFO]   Found the rule of the name r_EXP_7
15:01:10 [DEBUG] (1) nemo_metamorphic_testing::transformations::remove_relational_edge_single_literal:    Old rule:   R_3(?X_1) :- mustChangeAt("str_1"), R_1(?X_1, ?X_1), ~allowedDiff(?X_1, ?X_1), ~choseU(?X_1, ?X_1), ~seeTVTower("str_1") .
15:01:10 [INFO]   Removed relational edge NodeIndex(5): (mustChangeAt -> R_3)
15:01:10 [DEBUG] (1) nemo_metamorphic_testing::transformations::annotated_dependency_graphs: Writing ADG restricted to Incoming from canChangeAt
15:01:10 [DEBUG] (1) nemo_metamorphic_testing::transformations::annotated_dependency_graphs: Writing ADG restricted to Incoming from canChangeAt
15:01:10 [DEBUG] (1) nemo_metamorphic_testing::transformations::annotated_dependency_graphs: Writing ADG restricted to Incoming from validC
15:01:10 [DEBUG] (1) nemo_metamorphic_testing::transformations::annotated_dependency_graphs: Writing ADG restricted to Incoming from validC
15:01:10 [DEBUG] (1) nemo_metamorphic_testing::transformations::annotated_dependency_graphs: Writing ADG restricted to Incoming from validC
15:01:10 [DEBUG] (1) nemo_metamorphic_testing::transformations::annotated_dependency_graphs: Writing ADG restricted to Incoming from validC
15:01:10 [DEBUG] (1) nemo_metamorphic_testing::transformations::annotated_dependency_graphs: Writing ADG restricted to Incoming from validC
15:01:10 [DEBUG] (1) nemo_metamorphic_testing::transformations::annotated_dependency_graphs: Writing ADG restricted to Incoming from R_3
15:01:10 [DEBUG] (1) nemo_metamorphic_testing::transformations::annotated_dependency_graphs: Writing ADG restricted to Incoming from canChangeAt
15:01:10 [DEBUG] (1) nemo_metamorphic_testing::transformations::annotated_dependency_graphs: Writing ADG restricted to Incoming from validC
15:01:10 [DEBUG] (1) nemo_metamorphic_testing::transformations::annotated_dependency_graphs: Writing ADG restricted to Incoming from canChangeAt
15:01:10 [DEBUG] (1) nemo_metamorphic_testing::transformations::annotated_dependency_graphs: Writing ADG restricted to Incoming from mustChangeAt
15:01:10 [DEBUG] (1) nemo_metamorphic_testing::transformations::annotated_dependency_graphs: Writing ADG restricted to Incoming from mustChangeAt
15:01:10 [DEBUG] (1) nemo_metamorphic_testing::transformations::annotated_dependency_graphs: Writing ADG restricted to Incoming from validC
15:01:10 [DEBUG] (1) nemo_metamorphic_testing::transformations::annotated_dependency_graphs: Writing ADG restricted to Incoming from validC
15:01:10 [DEBUG] (1) nemo_metamorphic_testing::transformations::annotated_dependency_graphs: Writing ADG restricted to Incoming from canChangeAt
15:01:10 [DEBUG] (1) nemo_metamorphic_testing::transformations::annotated_dependency_graphs: Writing ADG restricted to Incoming from canChangeAt
15:01:10 [DEBUG] (1) nemo_metamorphic_testing::transformations::annotated_dependency_graphs: Writing ADG restricted to Incoming from seeTVTower
15:01:10 [DEBUG] (1) nemo_metamorphic_testing::transformations::annotated_dependency_graphs: Writing ADG restricted to Incoming from seeTVTower
15:01:10 [DEBUG] (1) nemo_metamorphic_testing::transformations::annotated_dependency_graphs: Writing ADG restricted to Incoming from mustChangeAt
15:01:10 [DEBUG] (1) nemo_metamorphic_testing::transformations::annotated_dependency_graphs: Writing ADG restricted to Incoming from mustChangeAt
15:01:10 [DEBUG] (1) nemo_metamorphic_testing::transformations::annotated_dependency_graphs: Writing ADG restricted to Incoming from validC
15:01:10 [DEBUG] (1) nemo_metamorphic_testing::transformations::annotated_dependency_graphs: Writing ADG restricted to Incoming from validC
15:01:10 [INFO]   Attempting to remove the literal +mustChangeAt(, "str_1") from the rule r_EXP_7
15:01:10 [DEBUG] (1) nemo_metamorphic_testing::transformations::remove_relational_edge_single_literal:     Modified rule: R_3(?X_1) :- R_1(?X_1, ?X_1), ~allowedDiff(?X_1, ?X_1), ~choseU(?X_1, ?X_1), ~seeTVTower("str_1") .
15:01:10 [DEBUG] (1) nemo_metamorphic_testing::transformations::annotated_dependency_graphs: Verifying ADG
15:01:10 [DEBUG] (1) nemo_metamorphic_testing::transformations::annotated_dependency_graphs: Writing ADG to file
15:01:10 [DEBUG] (1) nemo_metamorphic_testing: ADG edge verification succeeded
15:01:10 [DEBUG] (1) nemo_metamorphic_testing: RNG position: 666
15:01:10 [INFO] 30 / 32
15:01:10 [INFO]   II Add Fact Node and Edge
15:01:10 [INFO]   Added new fact platformHeight("alexanderplatz", c_2).
15:01:10 [DEBUG] (1) nemo_metamorphic_testing::transformations::annotated_dependency_graphs: Verifying ADG
15:01:10 [DEBUG] (1) nemo_metamorphic_testing::transformations::annotated_dependency_graphs: Writing ADG to file
15:01:10 [DEBUG] (1) nemo_metamorphic_testing: ADG edge verification succeeded
15:01:10 [DEBUG] (1) nemo_metamorphic_testing: RNG position: 675
15:01:10 [INFO] 31 / 32
15:01:10 [DEBUG] (1) nemo_metamorphic_testing::transformations::annotated_dependency_graphs: LEQ negative ancestry relational nodes:
15:01:10 [DEBUG] (1) nemo_metamorphic_testing::transformations::annotated_dependency_graphs: (allowedDiff, 1, -)
15:01:10 [DEBUG] (1) nemo_metamorphic_testing::transformations::annotated_dependency_graphs: (canChangeAt, 0, +)
15:01:10 [DEBUG] (1) nemo_metamorphic_testing::transformations::annotated_dependency_graphs: (choseB, 1, ?)
15:01:10 [DEBUG] (1) nemo_metamorphic_testing::transformations::annotated_dependency_graphs: (choseU, 1, ?)
15:01:10 [DEBUG] (1) nemo_metamorphic_testing::transformations::annotated_dependency_graphs: (elevator, 1, ?)
15:01:10 [DEBUG] (1) nemo_metamorphic_testing::transformations::annotated_dependency_graphs: (mustChangeAt, 1, ?)
15:01:10 [DEBUG] (1) nemo_metamorphic_testing::transformations::annotated_dependency_graphs: (platformHeight, 0, +)
15:01:10 [DEBUG] (1) nemo_metamorphic_testing::transformations::annotated_dependency_graphs: (seeTVTower, 1, +)
15:01:10 [DEBUG] (1) nemo_metamorphic_testing::transformations::annotated_dependency_graphs: (success, 0, +)
15:01:10 [DEBUG] (1) nemo_metamorphic_testing::transformations::annotated_dependency_graphs: (tooLargeGap, 1, -)
15:01:10 [DEBUG] (1) nemo_metamorphic_testing::transformations::annotated_dependency_graphs: (validC, 0, +)
15:01:10 [DEBUG] (1) nemo_metamorphic_testing::transformations::annotated_dependency_graphs: (R_1, 0, +)
15:01:10 [DEBUG] (1) nemo_metamorphic_testing::transformations::annotated_dependency_graphs: (R_2, 0, +)
15:01:10 [DEBUG] (1) nemo_metamorphic_testing::transformations::annotated_dependency_graphs: (R_3, 0, n)
15:01:10 [DEBUG] (1) nemo_metamorphic_testing::transformations::annotated_dependency_graphs: (R_4, None, None)
15:01:10 [DEBUG] (1) nemo_metamorphic_testing::transformations::annotated_dependency_graphs: (R_5, None, None)
15:01:10 [DEBUG] (1) nemo_metamorphic_testing::transformations::annotated_dependency_graphs: (R_6, None, None)
15:01:10 [DEBUG] (1) nemo_metamorphic_testing::transformations::annotated_dependency_graphs: [Tag { origin: File { start: 860, end: 871 }, tag: "allowedDiff" }, Tag { origin: File { start: 787, end: 798 }, tag: "tooLargeGap" }, Tag { origin: Created, tag: "R_3" }, Tag { origin: Created, tag: "R_4" }, Tag { origin: Created, tag: "R_5" }, Tag { origin: Created, tag: "R_6" }]
15:01:10 [DEBUG] (1) nemo_metamorphic_testing::transformations::modify_rule_add_equality:     Incoming edges by rule name: [r_EXP_7 : [seeTVTower, choseU, allowedDiff, R_1, ]; ]
15:01:10 [INFO]   VII Modify Rule - Add Equality
15:01:10 [DEBUG] (1) nemo_metamorphic_testing::transformations::modify_rule_add_equality:   Found vars for into equality: [?X_1,  ]
15:01:10 [INFO]   Aborting the introduction of an equality - rule has too few variables!
15:01:10 [DEBUG] (1) nemo_metamorphic_testing::transformations::modify_rule_add_equality:     The rule in question: R_3(?X_1) :- R_1(?X_1, ?X_1), ~allowedDiff(?X_1, ?X_1), ~choseU(?X_1, ?X_1), ~seeTVTower("str_1") .
15:01:10 [DEBUG] (1) nemo_metamorphic_testing::transformations::annotated_dependency_graphs: Verifying ADG
15:01:10 [DEBUG] (1) nemo_metamorphic_testing::transformations::annotated_dependency_graphs: Writing ADG to file
15:01:10 [DEBUG] (1) nemo_metamorphic_testing: ADG edge verification succeeded
15:01:10 [DEBUG] (1) nemo_metamorphic_testing: RNG position: 676
15:01:10 [INFO] 32 / 32
15:01:10 [INFO]   II Add Fact Node and Edge
15:01:10 [INFO]   Assigned relation R_6 the artiy 1
15:01:10 [INFO]   Added new fact R_6("alexanderplatz").
15:01:10 [INFO] ----------------------------------------------
15:01:10 [INFO] ------------ Transformations Done ------------
15:01:10 [INFO] ----------------------------------------------
15:01:10 [INFO]  Ressources required: 
        data/choseU.csv
        data/choseB.csv
        data/elevator.csv
        data/platformHeight.csv
        data/allowedDiff.csv
        
15:01:10 [INFO] ---------------- ADG Summary: ----------------
15:01:10 [INFO] ADG Fact Nodes:                  10
15:01:10 [INFO] ADG Relational Nodes:            17
15:01:10 [INFO] ADG Fact Edges:                  10
15:01:10 [INFO] ADG Relational Edges:            53
15:01:10 [INFO] 
15:01:10 [INFO] Next rule name would be:         r_EXP_8
15:01:10 [INFO] Next predicate name would be:    R_7
15:01:10 [INFO] Next constant name would be:     c_3
15:01:10 [INFO] Next string would be:            "str_2"
15:01:10 [INFO] 
15:01:10 [INFO] Output predicate:                success
15:01:10 [INFO] Rule count:                      16
15:01:10 [INFO] Average arity:                   1
15:01:10 [INFO] --------- Performed Transformations: ---------
15:01:10 [INFO]  #      Type
15:01:10 [INFO]  14      None - Transformation not applicable
15:01:10 [INFO]  6      I     Add Relational Node
15:01:10 [INFO]  5      II    Add Fact Node and Edge
15:01:10 [INFO]  7      III   Add Relational edges - New Rule
15:01:10 [INFO]  1      IV    Add Relational Edge - New Literal
15:01:10 [INFO]  2      V     Remove Relational Edges - Whole Rule
15:01:10 [INFO]  3      VI    Remove Relational Edge - Single Literal
15:01:10 [INFO]  3      VII   Modify Rule - Add Equality
15:01:10 [INFO]  5      VIII  Modify Rule - Remove Equality
15:01:10 [INFO] ----------------------------------------------
15:01:10 [DEBUG] (1) nemo_metamorphic_testing::transformations::annotated_dependency_graphs: Writing ADG to file
15:01:10 [INFO] ----------------------------------------------
15:01:10 [INFO] -- Beginning Nemo Execution - Input Program --
15:01:10 [INFO] ----------------------------------------------
15:01:10 [INFO] Stratified program: [[2, 3, 5, 6, 7], [0, 1, 4, 8]]
15:01:10 [INFO] <<< STEP 1: APPLYING RULE 2 validC(?x, ?y) :- choseB(?x, ?y), choseU(?x, ?y) >>>
15:01:10 [INFO] Loading source DsvReader { read: "<unspecified std::io::Read>", delimiter: 44, escape: None, value formats: DsvValueFormats([String, String]) }
15:01:10 [INFO] Starting data import
15:01:10 [INFO] Finished import: processed 0 lines (dropped 0)
15:01:10 [INFO] Loading source DsvReader { read: "<unspecified std::io::Read>", delimiter: 44, escape: None, value formats: DsvValueFormats([String, String]) }
15:01:10 [INFO] Starting data import
15:01:10 [INFO] Finished import: processed 41 lines (dropped 0)
15:01:10 [INFO] Execution step: Project/Reorder
15:01:10 [INFO] Saved temporary table: 41 entries (9044)
15:01:10 [INFO] Execution step: Body
15:01:10 [INFO] Trie does not contain any elements
15:01:10 [INFO] Execution step: Duplicate Elimination (Datalog)
15:01:10 [INFO] Trie does not contain any elements
15:01:10 [INFO] Rule duration: 1 ms
15:01:10 [INFO] <<< STEP 2: APPLYING RULE 3 validC(?x, ?y) :- choseU(?x, ?y), choseB(?x, ?y) >>>
15:01:10 [INFO] Execution step: Project/Reorder
15:01:10 [INFO] Trie does not contain any elements
15:01:10 [INFO] Execution step: Body
15:01:10 [INFO] Saved temporary table: 41 entries (9096)
15:01:10 [INFO] Execution step: Duplicate Elimination (Datalog)
15:01:10 [INFO] Saved permanent table validC (2) Permutation { idx_to_val: [], val_to_idx: [] } with 41 entries (9144)
15:01:10 [INFO] Rule duration: 1 ms
15:01:10 [INFO] <<< STEP 3: APPLYING RULE 3 validC(?x, ?y) :- choseU(?x, ?y), choseB(?x, ?y) >>>
15:01:10 [INFO] Execution step: Project/Reorder
15:01:10 [INFO] Trie does not contain any elements
15:01:10 [INFO] Execution step: Body
15:01:10 [INFO] Trie does not contain any elements
15:01:10 [INFO] Execution step: Duplicate Elimination (Datalog)
15:01:10 [INFO] Trie does not contain any elements
15:01:10 [INFO] Rule duration: 0 ms
15:01:10 [INFO] <<< STEP 4: APPLYING RULE 5 tooLargeGap(?y) :- platformHeight(?y, ?h), allowedDiff(?h, ?_BODY_1), Equal(?_BODY_1, trainHeight) >>>
15:01:10 [INFO] Loading source DsvReader { read: "<unspecified std::io::Read>", delimiter: 44, escape: None, value formats: DsvValueFormats([String, Integer]) }
15:01:10 [INFO] Starting data import
15:01:10 [INFO] Finished import: processed 41 lines (dropped 35)
15:01:10 [INFO] Loading source DsvReader { read: "<unspecified std::io::Read>", delimiter: 44, escape: None, value formats: DsvValueFormats([Integer, Integer]) }
15:01:10 [INFO] Starting data import
15:01:10 [INFO] Finished import: processed 7 lines (dropped 0)
15:01:10 [INFO] Execution step: Project/Reorder
15:01:10 [INFO] Saved temporary table: 7 entries (7072)
15:01:10 [INFO] Execution step: Body
15:01:10 [INFO] Saved temporary table: 6 entries (3424)
15:01:10 [INFO] Execution step: Duplicate Elimination (Datalog)
15:01:10 [INFO] Saved permanent table tooLargeGap (4) Permutation { idx_to_val: [], val_to_idx: [] } with 6 entries (3472)
15:01:10 [INFO] Rule duration: 1 ms
15:01:10 [INFO] <<< STEP 5: APPLYING RULE 5 tooLargeGap(?y) :- platformHeight(?y, ?h), allowedDiff(?h, ?_BODY_1), Equal(?_BODY_1, trainHeight) >>>
15:01:10 [INFO] Execution step: Project/Reorder
15:01:10 [INFO] Saved temporary table: 7 entries (7072)
15:01:10 [INFO] Execution step: Body
15:01:10 [INFO] Trie does not contain any elements
15:01:10 [INFO] Execution step: Duplicate Elimination (Datalog)
15:01:10 [INFO] Trie does not contain any elements
15:01:10 [INFO] Rule duration: 0 ms
15:01:10 [INFO] <<< STEP 6: APPLYING RULE 6 mustChangeAt(?y) :- choseU(?x, ?y), choseB(?y, ?z) >>>
15:01:10 [INFO] Execution step: Body
15:01:10 [INFO] Trie does not contain any elements
15:01:10 [INFO] Execution step: Duplicate Elimination (Datalog)
15:01:10 [INFO] Trie does not contain any elements
15:01:10 [INFO] Rule duration: 0 ms
15:01:10 [INFO] <<< STEP 7: APPLYING RULE 7 mustChangeAt(?y) :- choseB(?x, ?y), choseU(?y, ?z) >>>
15:01:10 [INFO] Execution step: Body
15:01:10 [INFO] Trie does not contain any elements
15:01:10 [INFO] Execution step: Duplicate Elimination (Datalog)
15:01:10 [INFO] Trie does not contain any elements
15:01:10 [INFO] Rule duration: 0 ms
15:01:10 [INFO] <<< STEP 8: APPLYING RULE 4 canChangeAt(?y) :- elevator(?y), tooLargeGap(?y) >>>
15:01:10 [INFO] Loading source DsvReader { read: "<unspecified std::io::Read>", delimiter: 44, escape: None, value formats: DsvValueFormats([String]) }
15:01:10 [INFO] Starting data import
15:01:10 [INFO] Finished import: processed 41 lines (dropped 0)
15:01:10 [INFO] Execution step: Project/Reorder
15:01:10 [INFO] Saved temporary table: 6 entries (3472)
15:01:10 [INFO] Execution step: Body
15:01:10 [INFO] Saved temporary table: 35 entries (3540)
15:01:10 [INFO] Execution step: Duplicate Elimination (Datalog)
15:01:10 [INFO] Saved permanent table canChangeAt (8) Permutation { idx_to_val: [], val_to_idx: [] } with 35 entries (3588)
15:01:10 [INFO] Rule duration: 0 ms
15:01:10 [INFO] <<< STEP 9: APPLYING RULE 4 canChangeAt(?y) :- elevator(?y), tooLargeGap(?y) >>>
15:01:10 [INFO] Execution step: Project/Reorder
15:01:10 [INFO] Saved temporary table: 6 entries (3472)
15:01:10 [INFO] Execution step: Body
15:01:10 [INFO] Trie does not contain any elements
15:01:10 [INFO] Execution step: Duplicate Elimination (Datalog)
15:01:10 [INFO] Trie does not contain any elements
15:01:10 [INFO] Rule duration: 0 ms
15:01:10 [INFO] <<< STEP 10: APPLYING RULE 0 validC(?x, ?z) :- validC(?x, ?y), validC(?y, ?z), mustChangeAt(?y), canChangeAt(?y) >>>
15:01:10 [INFO] Execution step: Body
15:01:10 [INFO] Trie does not contain any elements
15:01:10 [INFO] Execution step: Duplicate Elimination (Datalog)
15:01:10 [INFO] Trie does not contain any elements
15:01:10 [INFO] Rule duration: 1 ms
15:01:10 [INFO] <<< STEP 11: APPLYING RULE 1 validC(?x, ?z) :- validC(?x, ?y), validC(?y, ?z), mustChangeAt(?y) >>>
15:01:10 [INFO] Execution step: Project/Reorder
15:01:10 [INFO] Trie does not contain any elements
15:01:10 [INFO] Execution step: Body
15:01:10 [INFO] Trie does not contain any elements
15:01:10 [INFO] Execution step: Duplicate Elimination (Datalog)
15:01:10 [INFO] Trie does not contain any elements
15:01:10 [INFO] Rule duration: 0 ms
15:01:10 [INFO] <<< STEP 12: APPLYING RULE 8 success(s) :- validC(?_BODY_1, ?_BODY_2), Equal(?_BODY_1, "jungfernheide"), Equal(?_BODY_2, "kottbusser_tor") >>>
15:01:10 [INFO] Execution step: Body
15:01:10 [INFO] Trie does not contain any elements
15:01:10 [INFO] Execution step: Duplicate Elimination (Datalog)
15:01:10 [INFO] Trie does not contain any elements
15:01:10 [INFO] Rule duration: 0 ms
15:01:10 [INFO] ----------------------------------------------
15:01:10 [INFO] --- Finished Nemo Execution - Input Program --
15:01:10 [INFO] ----------------------------------------------
15:01:10 [INFO]  Output success 
15:01:10 [INFO] ----------------------------------------------
15:01:10 [INFO] Beginning Nemo Execution - Transformed Program
15:01:10 [INFO] ----------------------------------------------
15:01:10 [INFO] Stratified program: [[0, 1, 2, 3, 4, 5, 7, 13], [6, 8, 9, 10, 11, 12, 14]]
15:01:10 [INFO] <<< STEP 1: APPLYING RULE 0 validC(?x, ?y) :- choseB(?x, ?y), choseU(?x, ?y) >>>
15:01:10 [INFO] Loading source DsvReader { read: "<unspecified std::io::Read>", delimiter: 44, escape: None, value formats: DsvValueFormats([String, String]) }
15:01:10 [INFO] Starting data import
15:01:10 [INFO] Finished import: processed 0 lines (dropped 0)
15:01:10 [INFO] Loading source DsvReader { read: "<unspecified std::io::Read>", delimiter: 44, escape: None, value formats: DsvValueFormats([String, String]) }
15:01:10 [INFO] Starting data import
15:01:10 [INFO] Finished import: processed 41 lines (dropped 0)
15:01:10 [INFO] Loading source SimpleTable { arity: 2, data: [AnyDataValue(PlainString(StringDataValue("alexanderplatz"))), AnyDataValue(UnsignedLong(UnsignedLongDataValue(15810513514542129491)))] }
15:01:10 [INFO] Execution step: Project/Reorder
15:01:10 [INFO] Saved temporary table: 41 entries (9044)
15:01:10 [INFO] Execution step: Body
15:01:10 [INFO] Trie does not contain any elements
15:01:10 [INFO] Execution step: Duplicate Elimination (Datalog)
15:01:10 [INFO] Trie does not contain any elements
15:01:10 [INFO] Rule duration: 1 ms
15:01:10 [INFO] <<< STEP 2: APPLYING RULE 1 validC(?x, ?y) :- choseU(?x, ?y), choseB(?x, ?y) >>>
15:01:10 [INFO] Execution step: Project/Reorder
15:01:10 [INFO] Trie does not contain any elements
15:01:10 [INFO] Execution step: Body
15:01:10 [INFO] Saved temporary table: 41 entries (9096)
15:01:10 [INFO] Execution step: Duplicate Elimination (Datalog)
15:01:10 [INFO] Saved permanent table validC (2) Permutation { idx_to_val: [], val_to_idx: [] } with 41 entries (9144)
15:01:10 [INFO] Rule duration: 0 ms
15:01:10 [INFO] <<< STEP 3: APPLYING RULE 1 validC(?x, ?y) :- choseU(?x, ?y), choseB(?x, ?y) >>>
15:01:10 [INFO] Execution step: Project/Reorder
15:01:10 [INFO] Trie does not contain any elements
15:01:10 [INFO] Execution step: Body
15:01:10 [INFO] Trie does not contain any elements
15:01:10 [INFO] Execution step: Duplicate Elimination (Datalog)
15:01:10 [INFO] Trie does not contain any elements
15:01:10 [INFO] Rule duration: 0 ms
15:01:10 [INFO] <<< STEP 4: APPLYING RULE 2 canChangeAt(?y) :- elevator(?y), tooLargeGap(?y) >>>
15:01:10 [INFO] Loading source DsvReader { read: "<unspecified std::io::Read>", delimiter: 44, escape: None, value formats: DsvValueFormats([String]) }
15:01:10 [INFO] Starting data import
15:01:10 [INFO] Finished import: processed 41 lines (dropped 0)
15:01:10 [INFO] Loading source SimpleTable { arity: 1, data: [AnyDataValue(Iri(IriDataValue("c_1")))] }
15:01:10 [INFO] Execution step: Project/Reorder
15:01:10 [INFO] Trie does not contain any elements
15:01:10 [INFO] Execution step: Body
15:01:10 [INFO] Saved temporary table: 41 entries (3564)
15:01:10 [INFO] Execution step: Duplicate Elimination (Datalog)
15:01:10 [INFO] Saved permanent table canChangeAt (4) Permutation { idx_to_val: [], val_to_idx: [] } with 41 entries (3612)
15:01:10 [INFO] Rule duration: 0 ms
15:01:10 [INFO] <<< STEP 5: APPLYING RULE 2 canChangeAt(?y) :- elevator(?y), tooLargeGap(?y) >>>
15:01:10 [INFO] Execution step: Project/Reorder
15:01:10 [INFO] Trie does not contain any elements
15:01:10 [INFO] Execution step: Body
15:01:10 [INFO] Trie does not contain any elements
15:01:10 [INFO] Execution step: Duplicate Elimination (Datalog)
15:01:10 [INFO] Trie does not contain any elements
15:01:10 [INFO] Rule duration: 0 ms
15:01:10 [INFO] <<< STEP 6: APPLYING RULE 3 mustChangeAt(?y) :- choseU(?x, ?y), choseB(?y, ?z) >>>
15:01:10 [INFO] Execution step: Body
15:01:10 [INFO] Trie does not contain any elements
15:01:10 [INFO] Execution step: Duplicate Elimination (Datalog)
15:01:10 [INFO] Trie does not contain any elements
15:01:10 [INFO] Rule duration: 0 ms
15:01:10 [INFO] <<< STEP 7: APPLYING RULE 4 mustChangeAt(?y) :- choseB(?x, ?y), choseU(?y, ?z) >>>
15:01:10 [INFO] Execution step: Body
15:01:10 [INFO] Trie does not contain any elements
15:01:10 [INFO] Execution step: Duplicate Elimination (Datalog)
15:01:10 [INFO] Trie does not contain any elements
15:01:10 [INFO] Rule duration: 0 ms
15:01:10 [INFO] <<< STEP 8: APPLYING RULE 5 seeTVTower(s) :- choseB(?_BODY_1, ?x), Equal(?_BODY_1, "alexanderplatz") >>>
15:01:10 [INFO] Execution step: Body
15:01:10 [INFO] Trie does not contain any elements
15:01:10 [INFO] Execution step: Duplicate Elimination (Datalog)
15:01:10 [INFO] Trie does not contain any elements
15:01:10 [INFO] Rule duration: 0 ms
15:01:10 [INFO] <<< STEP 9: APPLYING RULE 7 seeTVTower(s) :- choseB(?x, ?_BODY_1), Equal(?_BODY_1, "alexanderplatz") >>>
15:01:10 [INFO] Execution step: Body
15:01:10 [INFO] Trie does not contain any elements
15:01:10 [INFO] Execution step: Duplicate Elimination (Datalog)
15:01:10 [INFO] Trie does not contain any elements
15:01:10 [INFO] Rule duration: 0 ms
15:01:10 [INFO] <<< STEP 10: APPLYING RULE 13 canChangeAt("jungfernheide") :- mustChangeAt(?_BODY_1), Equal(?_BODY_1, "jungfernheide") >>>
15:01:10 [INFO] Execution step: Body
15:01:10 [INFO] Trie does not contain any elements
15:01:10 [INFO] Execution step: Duplicate Elimination (Datalog)
15:01:10 [INFO] Trie does not contain any elements
15:01:10 [INFO] Rule duration: 0 ms
15:01:10 [INFO] <<< STEP 11: APPLYING RULE 8 validC(?X_1, "kottbusser_tor") :- mustChangeAt(?_BODY_1), seeTVTower(?_BODY_2), mustChangeAt(?_BODY_3), choseU(?Y_1, ?X_1), elevator(?_BODY_4), mustChangeAt(?Y_1), tooLargeGap(?_BODY_5), Equal(?_BODY_1, "kottbusser_tor"), Equal(?_BODY_2, "kottbusser_tor"), Equal(?_BODY_3, c_1), Equal(?_BODY_4, c_1), Equal(?_BODY_5, "kottbusser_tor") >>>
15:01:10 [INFO] Execution step: Project/Reorder
15:01:10 [INFO] Saved temporary table: 41 entries (3612)
15:01:10 [INFO] Execution step: Project/Reorder
15:01:10 [INFO] Trie does not contain any elements
15:01:10 [INFO] Execution step: Project/Reorder
15:01:10 [INFO] Trie does not contain any elements
15:01:10 [INFO] Execution step: Body
15:01:10 [INFO] Trie does not contain any elements
15:01:10 [INFO] Execution step: Duplicate Elimination (Datalog)
15:01:10 [INFO] Trie does not contain any elements
15:01:10 [INFO] Rule duration: 0 ms
15:01:10 [INFO] <<< STEP 12: APPLYING RULE 6 success(s) :- validC(?_BODY_1, ?_BODY_2), Equal(?_BODY_1, "jungfernheide"), Equal(?_BODY_2, "kottbusser_tor") >>>
15:01:10 [INFO] Execution step: Body
15:01:10 [INFO] Trie does not contain any elements
15:01:10 [INFO] Execution step: Duplicate Elimination (Datalog)
15:01:10 [INFO] Trie does not contain any elements
15:01:10 [INFO] Rule duration: 0 ms
15:01:10 [INFO] <<< STEP 13: APPLYING RULE 9 validC(?x, ?z) :- validC(?x, ?y_new_1), validC(?y, ?z), mustChangeAt(?y) >>>
15:01:10 [INFO] Execution step: Project/Reorder
15:01:10 [INFO] Trie does not contain any elements
15:01:10 [INFO] Execution step: Body
15:01:10 [INFO] Saved temporary table: 1681 entries (15656)
15:01:10 [INFO] Execution step: Duplicate Elimination (Datalog)
15:01:10 [INFO] Saved permanent table validC (13) Permutation { idx_to_val: [], val_to_idx: [] } with 1639 entries (15536)
15:01:10 [INFO] Rule duration: 6 ms
15:01:10 [INFO] <<< STEP 14: APPLYING RULE 9 validC(?x, ?z) :- validC(?x, ?y_new_1), validC(?y, ?z), mustChangeAt(?y) >>>
15:01:10 [INFO] Execution step: Project/Reorder
15:01:10 [INFO] Trie does not contain any elements
15:01:10 [INFO] Execution step: Body
15:01:10 [INFO] Saved temporary table: 1681 entries (15656)
15:01:10 [INFO] Execution step: Duplicate Elimination (Datalog)
15:01:10 [INFO] Trie does not contain any elements
15:01:10 [INFO] Rule duration: 275 ms
15:01:10 [INFO] <<< STEP 15: APPLYING RULE 10 canChangeAt("alexanderplatz") :- success(?_BODY_1), choseU(?_BODY_2, ?_BODY_3), elevator(?_BODY_4), tooLargeGap(?_BODY_5), choseB(?_BODY_6, ?_BODY_7), Equal(?_BODY_1, "alexanderplatz"), Equal(?_BODY_2, trainHeight), Equal(?_BODY_3, "alexanderplatz"), Equal(?_BODY_4, "alexanderplatz"), Equal(?_BODY_5, "alexanderplatz"), Equal(?_BODY_6, "alexanderplatz"), Equal(?_BODY_7, "alexanderplatz") >>>
15:01:10 [INFO] Execution step: Project/Reorder
15:01:10 [INFO] Trie does not contain any elements
15:01:10 [INFO] Execution step: Project/Reorder
15:01:10 [INFO] Trie does not contain any elements
15:01:10 [INFO] Execution step: Body
15:01:10 [INFO] Trie does not contain any elements
15:01:10 [INFO] Execution step: Duplicate Elimination (Datalog)
15:01:10 [INFO] Trie does not contain any elements
15:01:10 [INFO] Rule duration: 0 ms
15:01:10 [INFO] <<< STEP 16: APPLYING RULE 11 canChangeAt(?X_1) :- R_1(?Y_1, ?X_1), canChangeAt(?Y_1), choseB(?_BODY_1, ?_BODY_2), choseU(?X_1, ?_BODY_3), elevator(?Y_1), seeTVTower(?X_1), Equal(?_BODY_1, "alexanderplatz"), Equal(?_BODY_2, "alexanderplatz"), Equal(?_BODY_3, "alexanderplatz") >>>
15:01:10 [INFO] Execution step: Body
15:01:10 [INFO] Trie does not contain any elements
15:01:10 [INFO] Execution step: Duplicate Elimination (Datalog)
15:01:10 [INFO] Trie does not contain any elements
15:01:10 [INFO] Rule duration: 0 ms
15:01:10 [INFO] <<< STEP 17: APPLYING RULE 12 validC(?x, ?z) :- validC(?x, ?y_new_2_new_1), validC(?y, ?z), mustChangeAt(?y_new_2), canChangeAt(?y_new_1) >>>
15:01:10 [INFO] Execution step: Body
15:01:10 [INFO] Trie does not contain any elements
15:01:10 [INFO] Execution step: Duplicate Elimination (Datalog)
15:01:10 [INFO] Trie does not contain any elements
15:01:10 [INFO] Rule duration: 0 ms
15:01:10 [INFO] <<< STEP 18: APPLYING RULE 14 canChangeAt(?X_1) :- seeTVTower(?X_1), canChangeAt(?Y_1), seeTVTower(?_BODY_1), platformHeight(?_BODY_2, ?Y_1), elevator(?Y_1), R_2(?X_1_new_1), allowedDiff(?_BODY_3, ?Y_1), mustChangeAt(?Y_1), elevator(?_BODY_4), Equal(?_BODY_1, "alexanderplatz"), Equal(?_BODY_2, "alexanderplatz"), Equal(?_BODY_3, "alexanderplatz"), Equal(?_BODY_4, "alexanderplatz") >>>
15:01:10 [INFO] Loading source DsvReader { read: "<unspecified std::io::Read>", delimiter: 44, escape: None, value formats: DsvValueFormats([String, Integer]) }
15:01:10 [INFO] Starting data import
15:01:10 [INFO] Finished import: processed 41 lines (dropped 35)
15:01:10 [INFO] Loading source SimpleTable { arity: 2, data: [AnyDataValue(PlainString(StringDataValue("alexanderplatz"))), AnyDataValue(Iri(IriDataValue("c_2")))] }
15:01:10 [INFO] Loading source SimpleTable { arity: 1, data: [AnyDataValue(PlainString(StringDataValue("str_1")))] }
15:01:10 [INFO] Loading source DsvReader { read: "<unspecified std::io::Read>", delimiter: 44, escape: None, value formats: DsvValueFormats([Integer, Integer]) }
15:01:10 [INFO] Starting data import
15:01:10 [INFO] Finished import: processed 7 lines (dropped 0)
15:01:10 [INFO] Execution step: Project/Reorder
15:01:10 [INFO] Saved temporary table: 7 entries (7024)
15:01:10 [INFO] Execution step: Project/Reorder
15:01:10 [INFO] Trie does not contain any elements
15:01:10 [INFO] Execution step: Project/Reorder
15:01:10 [INFO] Saved temporary table: 41 entries (3612)
15:01:10 [INFO] Execution step: Body
15:01:10 [INFO] Trie does not contain any elements
15:01:10 [INFO] Execution step: Duplicate Elimination (Datalog)
15:01:10 [INFO] Trie does not contain any elements
15:01:10 [INFO] Rule duration: 2 ms
15:01:10 [INFO] <<< STEP 19: APPLYING RULE 6 success(s) :- validC(?_BODY_1, ?_BODY_2), Equal(?_BODY_1, "jungfernheide"), Equal(?_BODY_2, "kottbusser_tor") >>>
15:01:10 [INFO] Execution step: Body
15:01:10 [INFO] Trie does not contain any elements
15:01:10 [INFO] Execution step: Duplicate Elimination (Datalog)
15:01:10 [INFO] Trie does not contain any elements
15:01:10 [INFO] Rule duration: 0 ms
15:01:10 [INFO] ----------------------------------------------
15:01:10 [INFO]  Finished Nemo Execution - Transformed Program
15:01:10 [INFO] ----------------------------------------------
15:01:10 [INFO]  Output success 
15:01:10 [INFO] ----------------------------------------------
15:01:10 [INFO] ------------ Asserting Oracle EXP ------------
15:01:10 [INFO] ----------------------------------------------
15:01:10 [INFO] All good, output is expanding
