21:07:59 [INFO] ----------------------------------------------
21:07:59 [INFO] Beginning transformation mtf_CON_5500033
                Oracle:     CON          Number of T: 42
                Debug Mode: false          u64 Seed:    5500033
                Number of generating transformations: 44
                Internal Seed:          [170, 163, 1, 47, 205, 48, 85, 240, 252, 186, 201, 113, 52, 149, 237, 168, 8, 55, 101, 124, 178, 110, 57, 22, 162, 238, 141, 146, 174, 174, 229, 78]
                Seed File: Currently not supported!
21:07:59 [INFO] ----------------------------------------------
21:07:59 [INFO] -------------- Reading Seed File: ------------
21:07:59 [INFO] "/home/leo_repp/masterthesis/nemo/nemo-metamorphic-testing/examples/datalogMtlWeather/datalogMtlWeather.rls"
21:07:59 [INFO] Renaming of rules complete
21:07:59 [INFO] --------- Finished Reading Seed file ---------
21:07:59 [INFO] ----------------------------------------------
21:07:59 [INFO] 
21:07:59 [INFO] ----------------------------------------------
21:07:59 [INFO] -------- Beginning Program Generation --------
21:07:59 [INFO] ----------------------------------------------
21:07:59 [INFO] 
21:07:59 [INFO] Removing old export statements
21:07:59 [INFO] Beginning inverse_stratum and ancestry computation starting at node R_OUT
21:07:59 [INFO] Ancestry and Inverse Stratum computation complete.
21:07:59 [INFO] Constructed lite ADG
21:07:59 [INFO] Generating Program...
21:07:59 [INFO] 
21:07:59 [INFO] 1 / 43
21:07:59 [INFO]   I Add Relational Node
21:07:59 [INFO]   Added new relation R_1
21:07:59 [INFO] 2 / 43
21:07:59 [INFO]   I Add Relational Node
21:07:59 [INFO]   Added new relation R_2
21:07:59 [INFO] 3 / 43
21:07:59 [INFO]   I Add Relational Node
21:07:59 [INFO]   Added new relation R_3
21:07:59 [INFO] 4 / 43
21:07:59 [INFO]   I Add Relational Node
21:07:59 [INFO]   Added new relation R_4
21:07:59 [INFO] 5 / 43
21:07:59 [INFO]   I Add Relational Node
21:07:59 [INFO]   Added new relation R_5
21:07:59 [INFO] 6 / 43
21:07:59 [INFO]   I Add Relational Node
21:07:59 [INFO]   Added new relation R_6
21:07:59 [INFO] 7 / 43
21:07:59 [INFO]   I Add Relational Node
21:07:59 [INFO]   Added new relation R_7
21:07:59 [INFO] 8 / 43
21:07:59 [INFO]   I Add Relational Node
21:07:59 [INFO]   Added new relation R_8
21:07:59 [INFO] 9 / 43
21:07:59 [INFO]   I Add Relational Node
21:07:59 [INFO]   Added new relation R_9
21:07:59 [INFO] 10 / 43
21:07:59 [INFO]   I Add Relational Node
21:07:59 [INFO]   Added new relation R_10
21:07:59 [INFO] 11 / 43
21:07:59 [INFO]   I Add Relational Node
21:07:59 [INFO]   Added new relation R_11
21:07:59 [INFO] 12 / 43
21:07:59 [INFO]   I Add Relational Node
21:07:59 [INFO]   Added new relation R_12
21:07:59 [INFO] 13 / 43
21:07:59 [INFO]   I Add Relational Node
21:07:59 [INFO]   Added new relation R_13
21:07:59 [INFO] 14 / 43
21:07:59 [INFO]   I Add Relational Node
21:07:59 [INFO]   Added new relation R_14
21:07:59 [INFO] 15 / 43
21:07:59 [INFO]   I Add Relational Node
21:07:59 [INFO]   Added new relation R_15
21:07:59 [INFO] 16 / 43
21:07:59 [INFO]   I Add Relational Node
21:07:59 [INFO]   Added new relation R_16
21:07:59 [INFO] 17 / 43
21:07:59 [INFO]   I Add Relational Node
21:07:59 [INFO]   Added new relation R_17
21:07:59 [INFO] 18 / 43
21:07:59 [INFO]   I Add Relational Node
21:07:59 [INFO]   Added new relation R_18
21:07:59 [INFO] 19 / 43
21:07:59 [INFO]   I Add Relational Node
21:07:59 [INFO]   Added new relation R_19
21:07:59 [INFO] 20 / 43
21:07:59 [INFO]   I Add Relational Node
21:07:59 [INFO]   Added new relation R_20
21:07:59 [INFO] 21 / 43
21:07:59 [INFO]   I Add Relational Node
21:07:59 [INFO]   Added new relation R_21
21:07:59 [INFO] 22 / 43
21:07:59 [INFO]   I Add Relational Node
21:07:59 [INFO]   Added new relation R_22
21:07:59 [INFO] 23 / 43
21:07:59 [INFO]   I Add Relational Node
21:07:59 [INFO]   Added new relation R_23
21:07:59 [INFO] 24 / 43
21:07:59 [INFO]   I Add Relational Node
21:07:59 [INFO]   Added new relation R_24
21:07:59 [INFO] 25 / 43
21:07:59 [INFO]   I Add Relational Node
21:07:59 [INFO]   Added new relation R_25
21:07:59 [INFO] 26 / 43
21:07:59 [INFO]   I Add Relational Node
21:07:59 [INFO]   Added new relation R_26
21:07:59 [INFO] 27 / 43
21:07:59 [INFO]   I Add Relational Node
21:07:59 [INFO]   Added new relation R_27
21:07:59 [INFO] 28 / 43
21:07:59 [INFO]   I Add Relational Node
21:07:59 [INFO]   Added new relation R_28
21:07:59 [INFO] 29 / 43
21:07:59 [INFO]   I Add Relational Node
21:07:59 [INFO]   Added new relation R_29
21:07:59 [INFO] 30 / 43
21:07:59 [INFO]   I Add Relational Node
21:07:59 [INFO]   Added new relation R_30
21:07:59 [INFO] 31 / 43
21:07:59 [INFO]   I Add Relational Node
21:07:59 [INFO]   Added new relation R_31
21:07:59 [INFO] 32 / 43
21:07:59 [INFO]   I Add Relational Node
21:07:59 [INFO]   Added new relation R_32
21:07:59 [INFO] 33 / 43
21:07:59 [INFO]   I Add Relational Node
21:07:59 [INFO]   Added new relation R_33
21:07:59 [INFO] 34 / 43
21:07:59 [INFO]   I Add Relational Node
21:07:59 [INFO]   Added new relation R_34
21:07:59 [INFO] 35 / 43
21:07:59 [INFO]   I Add Relational Node
21:07:59 [INFO]   Added new relation R_35
21:07:59 [INFO] 36 / 43
21:07:59 [INFO]   I Add Relational Node
21:07:59 [INFO]   Added new relation R_36
21:07:59 [INFO] 37 / 43
21:07:59 [INFO]   I Add Relational Node
21:07:59 [INFO]   Added new relation R_37
21:07:59 [INFO] 38 / 43
21:07:59 [INFO]   I Add Relational Node
21:07:59 [INFO]   Added new relation R_38
21:07:59 [INFO] 39 / 43
21:07:59 [INFO]   I Add Relational Node
21:07:59 [INFO]   Added new relation R_39
21:07:59 [INFO] 40 / 43
21:07:59 [INFO]   I Add Relational Node
21:07:59 [INFO]   Added new relation R_40
21:07:59 [INFO] 41 / 43
21:07:59 [INFO]   I Add Relational Node
21:07:59 [INFO]   Added new relation R_41
21:07:59 [INFO] 42 / 43
21:07:59 [INFO]   I Add Relational Node
21:07:59 [INFO]   Added new relation R_42
21:07:59 [INFO] 43 / 43
21:07:59 [INFO]   I Add Relational Node
21:07:59 [INFO]   Added new relation R_43
21:07:59 [INFO] 
21:07:59 [INFO] Adding a new rule for each relation other than the seed relations
21:07:59 [INFO] 
21:07:59 [INFO] 1 / 44
21:07:59 [INFO]   Generating new single body literal rule for R_OUT
21:07:59 [INFO]   Assigned relation R_OUT the artiy 1
21:07:59 [INFO]   Added new rule of name r_GEN_1
21:07:59 [INFO]   R_OUT(?X_1) :- TempConstantOver24AtLeastFor1(?X_1, ?X_1, ?X_1) .
21:07:59 [INFO] 2 / 44
21:07:59 [INFO]   Generating new single body literal rule for R_1
21:07:59 [INFO]   Assigned relation R_1 the artiy 2
21:07:59 [INFO]   Assigned relation R_30 the artiy 3
21:07:59 [INFO]   Added new rule of name r_GEN_2
21:07:59 [INFO]   R_1(?X_1, "117.1"^^<http://www.w3.org/2001/XMLSchema#double>) :- R_30("117.1"^^<http://www.w3.org/2001/XMLSchema#double>, "117.1"^^<http://www.w3.org/2001/XMLSchema#double>, ?X_1) .
21:07:59 [INFO] 3 / 44
21:07:59 [INFO]   Generating new single body literal rule for R_2
21:07:59 [INFO]   Assigned relation R_2 the artiy 1
21:07:59 [INFO]   Assigned relation R_4 the artiy 6
21:07:59 [INFO]   Added new rule of name r_GEN_3
21:07:59 [INFO]   R_2(?X_1) :- R_4("StationA", ?Y_1, ?X_1, "StationA", "StationA", ?Y_1) .
21:07:59 [INFO] 4 / 44
21:07:59 [INFO]   Generating new single body literal rule for R_3
21:07:59 [INFO]   Assigned relation R_3 the artiy 5
21:07:59 [INFO]   Added new rule of name r_GEN_4
21:07:59 [INFO]   R_3(?X_5, "112"^^<http://www.w3.org/2001/XMLSchema#double>, ?X_2, ?X_2, ?X_3) :- HeavyWindForce(?X_5, "112"^^<http://www.w3.org/2001/XMLSchema#double>, ?X_2), HeavyWindForce(?X_2, ?X_3, ?X_2) .
21:07:59 [INFO] 5 / 44
21:07:59 [INFO]   Generating new single body literal rule for R_4
21:07:59 [INFO]   Assigned relation R_34 the artiy 6
21:07:59 [INFO]   Added new rule of name r_GEN_5
21:07:59 [INFO]   R_4(?X_2, ?X_1, ?X_6, "213.5"^^<http://www.w3.org/2001/XMLSchema#double>, ?X_5, ?X_3) :- R_34(?X_2, ?X_1, ?X_6, "213.5"^^<http://www.w3.org/2001/XMLSchema#double>, ?X_5, ?X_3) .
21:07:59 [INFO] 6 / 44
21:07:59 [INFO]   Generating new single body literal rule for R_5
21:07:59 [INFO]   Assigned relation R_5 the artiy 5
21:07:59 [INFO]   Added new rule of name r_GEN_6
21:07:59 [INFO]   R_5(?X_1, ?X_2, ?X_1, "117.1"^^<http://www.w3.org/2001/XMLSchema#double>, ?X_5) :- TempConstantOver24AtLeastFor1(?X_1, ?X_2, ?X_1), TempConstantOver24AtLeastFor1(?X_5, ?X_5, "117.1"^^<http://www.w3.org/2001/XMLSchema#double>) .
21:07:59 [INFO] 7 / 44
21:07:59 [INFO]   Generating new single body literal rule for R_6
21:07:59 [INFO]   Assigned relation R_6 the artiy 4
21:07:59 [INFO]   Added new rule of name r_GEN_7
21:07:59 [INFO]   R_6("113.4"^^<http://www.w3.org/2001/XMLSchema#double>, ?X_3, ?X_1, ?X_4) :- HeatAffectedState(?X_3, ?X_3, ?X_1), HeatAffectedState(?X_4, "113.4"^^<http://www.w3.org/2001/XMLSchema#double>, "213.5"^^<http://www.w3.org/2001/XMLSchema#double>) .
21:07:59 [INFO] 8 / 44
21:07:59 [INFO]   Generating new single body literal rule for R_7
21:07:59 [INFO]   Assigned relation R_7 the artiy 6
21:07:59 [INFO]   Assigned relation R_23 the artiy 6
21:07:59 [INFO]   Added new rule of name r_GEN_8
21:07:59 [INFO]   R_7(?X_6, ?X_5, "113.4"^^<http://www.w3.org/2001/XMLSchema#double>, ?X_2, ?X_3, ?X_4) :- R_23(?X_6, ?X_5, "113.4"^^<http://www.w3.org/2001/XMLSchema#double>, ?X_2, ?X_3, ?X_4) .
21:07:59 [INFO] 9 / 44
21:07:59 [INFO]   Generating new single body literal rule for R_8
21:07:59 [INFO]   Assigned relation R_8 the artiy 4
21:07:59 [INFO]   Added new rule of name r_GEN_9
21:07:59 [INFO]   R_8(?X_3, ?X_4, "1000"^^<http://www.w3.org/2001/XMLSchema#double>, ?X_1) :- TempAbove41DiamondMinus1(?X_4, ?X_4, "1000"^^<http://www.w3.org/2001/XMLSchema#double>), TempAbove41DiamondMinus1(?X_4, ?X_1, ?X_3) .
21:07:59 [INFO] 10 / 44
21:07:59 [INFO]   Generating new single body literal rule for R_9
21:07:59 [INFO]   Assigned relation R_9 the artiy 6
21:07:59 [INFO]   Assigned relation R_36 the artiy 6
21:07:59 [INFO]   Added new rule of name r_GEN_10
21:07:59 [INFO]   R_9("213.5"^^<http://www.w3.org/2001/XMLSchema#double>, ?X_2, ?X_3, ?X_6, ?X_5, ?X_1) :- R_36("213.5"^^<http://www.w3.org/2001/XMLSchema#double>, ?X_2, ?X_3, ?X_6, ?X_5, ?X_1) .
21:07:59 [INFO] 11 / 44
21:07:59 [INFO]   Generating new single body literal rule for R_10
21:07:59 [INFO]   Assigned relation R_10 the artiy 4
21:07:59 [INFO]   Added new rule of name r_GEN_11
21:07:59 [INFO]   R_10("StationA", ?X_4, ?X_3, ?X_2) :- HeavyWind("StationA", ?X_4, ?X_3), HeavyWind(?Y_1, ?X_2, ?X_2) .
21:07:59 [INFO] 12 / 44
21:07:59 [INFO]   Generating new single body literal rule for R_11
21:07:59 [INFO]   Assigned relation R_11 the artiy 4
21:07:59 [INFO]   Added new rule of name r_GEN_12
21:07:59 [INFO]   R_11(?X_3, ?X_3, ?X_4, "StationA") :- R_2(?X_3), R_2(?X_3), R_2(?X_4), R_2("StationA") .
21:07:59 [INFO] 13 / 44
21:07:59 [INFO]   Generating new single body literal rule for R_12
21:07:59 [INFO]   Assigned relation R_12 the artiy 4
21:07:59 [INFO]   Added new rule of name r_GEN_13
21:07:59 [INFO]   R_12(?X_1, ?X_4, "StationA", ?X_3) :- R_3(?X_1, "210"^^<http://www.w3.org/2001/XMLSchema#double>, "StationA", ?X_3, ?X_4) .
21:07:59 [INFO] 14 / 44
21:07:59 [INFO]   Generating new single body literal rule for R_13
21:07:59 [INFO]   Assigned relation R_13 the artiy 4
21:07:59 [INFO]   Assigned relation R_33 the artiy 4
21:07:59 [INFO]   Added new rule of name r_GEN_14
21:07:59 [INFO]   R_13(?X_3, "0"^^<http://www.w3.org/2001/XMLSchema#double>, ?X_4, ?X_1) :- R_33(?X_3, "0"^^<http://www.w3.org/2001/XMLSchema#double>, ?X_4, ?X_1) .
21:07:59 [INFO] 15 / 44
21:07:59 [INFO]   Generating new single body literal rule for R_14
21:07:59 [INFO]   Assigned relation R_14 the artiy 2
21:07:59 [INFO]   Assigned relation R_35 the artiy 6
21:07:59 [INFO]   Added new rule of name r_GEN_15
21:07:59 [INFO]   R_14(?X_1, ?X_1) :- R_35(?X_1, ?X_1, "213.4"^^<http://www.w3.org/2001/XMLSchema#double>, ?X_1, ?X_1, ?X_1) .
21:07:59 [INFO] 16 / 44
21:07:59 [INFO]   Generating new single body literal rule for R_15
21:07:59 [INFO]   Assigned relation R_15 the artiy 5
21:07:59 [INFO]   Assigned relation R_17 the artiy 6
21:07:59 [INFO]   Added new rule of name r_GEN_16
21:07:59 [INFO]   R_15("118"^^<http://www.w3.org/2001/XMLSchema#double>, ?X_5, ?X_4, ?X_1, ?X_2) :- R_17("118"^^<http://www.w3.org/2001/XMLSchema#double>, "118"^^<http://www.w3.org/2001/XMLSchema#double>, ?X_4, ?X_1, ?X_2, ?X_5) .
21:07:59 [INFO] 17 / 44
21:07:59 [INFO]   Generating new single body literal rule for R_16
21:07:59 [INFO]   Assigned relation R_16 the artiy 6
21:07:59 [INFO]   Assigned relation R_29 the artiy 6
21:07:59 [INFO]   Added new rule of name r_GEN_17
21:07:59 [INFO]   R_16(?X_4, ?X_5, ?X_1, ?X_6, ?X_2, ?X_3) :- R_29(?X_4, ?X_5, ?X_1, ?X_6, ?X_2, ?X_3) .
21:07:59 [INFO] 18 / 44
21:07:59 [INFO]   Generating new single body literal rule for R_17
21:07:59 [INFO]   Added new rule of name r_GEN_18
21:07:59 [INFO]   R_17(?X_6, "213.4"^^<http://www.w3.org/2001/XMLSchema#double>, ?X_4, ?X_3, ?X_1, ?X_5) :- HeatAffectedState(?X_6, "213.4"^^<http://www.w3.org/2001/XMLSchema#double>, ?X_4), HeatAffectedState(?X_3, ?X_1, ?X_5) .
21:07:59 [INFO] 19 / 44
21:07:59 [INFO]   Generating new single body literal rule for R_18
21:07:59 [INFO]   Assigned relation R_18 the artiy 1
21:07:59 [INFO]   Added new rule of name r_GEN_19
21:07:59 [INFO]   R_18(?X_1) :- TempAbove41(?Y_1, ?X_1, ?X_1) .
21:07:59 [INFO] 20 / 44
21:07:59 [INFO]   Generating new single body literal rule for R_19
21:07:59 [INFO]   Assigned relation R_19 the artiy 6
21:07:59 [INFO]   Added new rule of name r_GEN_20
21:07:59 [INFO]   R_19(?X_3, ?X_6, ?X_5, "1000"^^<http://www.w3.org/2001/XMLSchema#double>, ?X_5, ?X_2) :- TempAbove41DiamondMinus1(?X_3, ?X_6, ?X_5), TempAbove41DiamondMinus1("1000"^^<http://www.w3.org/2001/XMLSchema#double>, ?X_5, ?X_2) .
21:07:59 [INFO] 21 / 44
21:07:59 [INFO]   Generating new single body literal rule for R_20
21:07:59 [INFO]   Assigned relation R_20 the artiy 3
21:07:59 [INFO]   Assigned relation R_25 the artiy 4
21:07:59 [INFO]   Added new rule of name r_GEN_21
21:07:59 [INFO]   R_20(?X_3, ?X_1, "213.5"^^<http://www.w3.org/2001/XMLSchema#double>) :- R_25(?X_3, ?X_1, "213.5"^^<http://www.w3.org/2001/XMLSchema#double>, "StationA") .
21:07:59 [INFO] 22 / 44
21:07:59 [INFO]   Generating new single body literal rule for R_21
21:07:59 [INFO]   Assigned relation R_21 the artiy 1
21:07:59 [INFO]   Added new rule of name r_GEN_22
21:07:59 [INFO]   R_21(?X_1) :- R_16(?Y_1, ?X_1, ?X_1, ?X_1, "StationA", "StationA") .
21:07:59 [INFO] 23 / 44
21:07:59 [INFO]   Generating new single body literal rule for R_22
21:07:59 [INFO]   Assigned relation R_22 the artiy 5
21:07:59 [INFO]   Added new rule of name r_GEN_23
21:07:59 [INFO]   R_22(?X_4, ?X_3, ?X_2, "StationA", ?X_1) :- R_29(?X_4, ?X_1, ?X_2, "StationA", ?X_1, ?X_3) .
21:07:59 [INFO] 24 / 44
21:07:59 [INFO]   Generating new single body literal rule for R_23
21:07:59 [INFO]   Added new rule of name r_GEN_24
21:07:59 [INFO]   R_23(?X_1, "112"^^<http://www.w3.org/2001/XMLSchema#double>, ?X_4, ?X_5, ?X_6, ?X_2) :- TempAbove24(?X_1, "112"^^<http://www.w3.org/2001/XMLSchema#double>, ?X_4), TempAbove24(?X_5, ?X_6, ?X_2) .
21:07:59 [INFO] 25 / 44
21:07:59 [INFO]   Generating new single body literal rule for R_24
21:07:59 [INFO]   Assigned relation R_24 the artiy 5
21:07:59 [INFO]   Added new rule of name r_GEN_25
21:07:59 [INFO]   R_24(?X_5, ?X_4, "StationA", ?X_3, ?X_2) :- R_15(?X_5, ?X_4, "StationA", ?X_3, ?X_2) .
21:07:59 [INFO] 26 / 44
21:07:59 [INFO]   Generating new single body literal rule for R_25
21:07:59 [INFO]   Added new rule of name r_GEN_26
21:07:59 [INFO]   R_25(?X_1, ?X_2, ?X_3, ?X_4) :- R_4(?X_1, "118"^^<http://www.w3.org/2001/XMLSchema#double>, ?X_3, ?X_4, "118"^^<http://www.w3.org/2001/XMLSchema#double>, ?X_2) .
21:07:59 [INFO] 27 / 44
21:07:59 [INFO]   Generating new single body literal rule for R_26
21:07:59 [INFO]   Assigned relation R_26 the artiy 4
21:07:59 [INFO]   Added new rule of name r_GEN_27
21:07:59 [INFO]   R_26(?X_4, "StationA", ?X_1, ?X_1) :- R_29(?X_4, "StationA", ?X_1, ?X_1, ?X_4, ?X_1) .
21:07:59 [INFO] 28 / 44
21:07:59 [INFO]   Generating new single body literal rule for R_27
21:07:59 [INFO]   Assigned relation R_27 the artiy 2
21:07:59 [INFO]   Added new rule of name r_GEN_28
21:07:59 [INFO]   R_27(?X_1, ?X_2) :- R_3(?Y_1, ?X_1, ?X_2, ?X_2, ?X_1) .
21:07:59 [INFO] 29 / 44
21:07:59 [INFO]   Generating new single body literal rule for R_28
21:07:59 [INFO]   Assigned relation R_28 the artiy 2
21:07:59 [INFO]   Added new rule of name r_GEN_29
21:07:59 [INFO]   R_28("1000"^^<http://www.w3.org/2001/XMLSchema#double>, ?X_1) :- HeatAffectedState(?Y_1, ?X_1, "1000"^^<http://www.w3.org/2001/XMLSchema#double>) .
21:07:59 [INFO] 30 / 44
21:07:59 [INFO]   Generating new single body literal rule for R_29
21:07:59 [INFO]   Added new rule of name r_GEN_30
21:07:59 [INFO]   R_29(?X_3, ?X_6, "0"^^<http://www.w3.org/2001/XMLSchema#double>, ?X_1, ?X_5, ?X_4) :- R_4(?X_3, ?X_6, "0"^^<http://www.w3.org/2001/XMLSchema#double>, ?X_1, ?X_5, ?X_4) .
21:07:59 [INFO] 31 / 44
21:07:59 [INFO]   Generating new single body literal rule for R_30
21:07:59 [INFO]   Added new rule of name r_GEN_31
21:07:59 [INFO]   R_30(?X_3, ?X_2, ?X_3) :- R_7(?X_3, ?X_2, ?X_3, ?X_3, ?X_2, "112"^^<http://www.w3.org/2001/XMLSchema#double>) .
21:07:59 [INFO] 32 / 44
21:07:59 [INFO]   Generating new single body literal rule for R_31
21:07:59 [INFO]   Assigned relation R_31 the artiy 5
21:07:59 [INFO]   Added new rule of name r_GEN_32
21:07:59 [INFO]   R_31(?X_3, ?X_4, ?X_5, ?X_5, ?X_1) :- R_21(?X_3), R_21(?X_4), R_21(?X_5), R_21(?X_5), R_21(?X_1) .
21:07:59 [INFO] 33 / 44
21:07:59 [INFO]   Generating new single body literal rule for R_32
21:07:59 [INFO]   Assigned relation R_32 the artiy 2
21:07:59 [INFO]   Added new rule of name r_GEN_33
21:07:59 [INFO]   R_32(?X_1, "Ohio") :- R_36(?X_1, "Ohio", ?X_1, ?Y_1, "Ohio", "Ohio") .
21:07:59 [INFO] 34 / 44
21:07:59 [INFO]   Generating new single body literal rule for R_33
21:07:59 [INFO]   Added new rule of name r_GEN_34
21:07:59 [INFO]   R_33(?X_3, ?X_3, "117.1"^^<http://www.w3.org/2001/XMLSchema#double>, ?X_4) :- R_5(?X_3, ?X_3, ?Y_1, ?X_4, "117.1"^^<http://www.w3.org/2001/XMLSchema#double>) .
21:07:59 [INFO] 35 / 44
21:07:59 [INFO]   Generating new single body literal rule for R_34
21:07:59 [INFO]   Assigned relation R_42 the artiy 6
21:07:59 [INFO]   Added new rule of name r_GEN_35
21:07:59 [INFO]   R_34(?X_4, ?X_3, ?X_2, ?X_2, "115.3"^^<http://www.w3.org/2001/XMLSchema#double>, ?X_1) :- R_42(?X_4, ?X_3, ?X_2, ?X_2, "115.3"^^<http://www.w3.org/2001/XMLSchema#double>, ?X_1) .
21:07:59 [INFO] 36 / 44
21:07:59 [INFO]   Generating new single body literal rule for R_35
21:07:59 [INFO]   Added new rule of name r_GEN_36
21:07:59 [INFO]   R_35(?X_1, ?X_6, "1000"^^<http://www.w3.org/2001/XMLSchema#double>, ?X_4, ?X_3, ?X_3) :- R_18(?X_1), R_18(?X_6), R_18("1000"^^<http://www.w3.org/2001/XMLSchema#double>), R_18(?X_4), R_18(?X_3), R_18(?X_3) .
21:07:59 [INFO] 37 / 44
21:07:59 [INFO]   Generating new single body literal rule for R_36
21:07:59 [INFO]   Added new rule of name r_GEN_37
21:07:59 [INFO]   R_36(?X_4, ?X_5, ?X_1, ?X_4, ?X_3, ?X_2) :- R_36(?X_4, ?X_5, ?X_1, ?X_4, ?X_3, ?X_2) .
21:07:59 [INFO] 38 / 44
21:07:59 [INFO]   Generating new single body literal rule for R_37
21:07:59 [INFO]   Assigned relation R_37 the artiy 5
21:07:59 [INFO]   Added new rule of name r_GEN_38
21:07:59 [INFO]   R_37(?X_5, "0"^^<http://www.w3.org/2001/XMLSchema#double>, ?X_4, ?X_3, ?X_2) :- LocatedInState(?X_5, ?Y_1, ?X_4, ?Y_1), LocatedInState("1000"^^<http://www.w3.org/2001/XMLSchema#double>, ?X_2, ?X_3, "0"^^<http://www.w3.org/2001/XMLSchema#double>) .
21:07:59 [INFO] 39 / 44
21:07:59 [INFO]   Generating new single body literal rule for R_38
21:07:59 [INFO]   Assigned relation R_38 the artiy 5
21:07:59 [INFO]   Added new rule of name r_GEN_39
21:07:59 [INFO]   R_38(?X_3, ?X_1, ?X_3, ?X_2, ?X_4) :- R_37(?X_3, ?X_1, ?X_3, ?X_2, ?X_4) .
21:07:59 [INFO] 40 / 44
21:07:59 [INFO]   Generating new single body literal rule for R_39
21:07:59 [INFO]   Assigned relation R_39 the artiy 5
21:07:59 [INFO]   Added new rule of name r_GEN_40
21:07:59 [INFO]   R_39(?X_1, ?X_3, ?X_4, ?X_5, "StationA") :- HeatAffectedState(?X_1, ?X_3, ?X_4), HeatAffectedState(?X_5, ?X_3, "StationA") .
21:07:59 [INFO] 41 / 44
21:07:59 [INFO]   Generating new single body literal rule for R_40
21:07:59 [INFO]   Assigned relation R_40 the artiy 4
21:07:59 [INFO]   Added new rule of name r_GEN_41
21:07:59 [INFO]   R_40(?X_2, ?X_3, "113.4"^^<http://www.w3.org/2001/XMLSchema#double>, ?X_1) :- R_16(?X_2, ?X_3, ?X_2, ?X_1, "113.4"^^<http://www.w3.org/2001/XMLSchema#double>, ?X_1) .
21:07:59 [INFO] 42 / 44
21:07:59 [INFO]   Generating new single body literal rule for R_41
21:07:59 [INFO]   Assigned relation R_41 the artiy 1
21:07:59 [INFO]   Added new rule of name r_GEN_42
21:07:59 [INFO]   R_41(?X_1) :- R_21(?X_1) .
21:07:59 [INFO] 43 / 44
21:07:59 [INFO]   Generating new single body literal rule for R_42
21:07:59 [INFO]   Added new rule of name r_GEN_43
21:07:59 [INFO]   R_42("StationA", ?X_5, ?X_3, ?X_1, ?X_2, ?X_4) :- R_38(?X_4, ?X_5, ?X_3, ?X_5, ?Y_2), R_38(?X_4, ?X_3, ?X_1, ?X_2, "StationA") .
21:07:59 [INFO] 44 / 44
21:07:59 [INFO]   Generating new single body literal rule for R_43
21:07:59 [INFO]   Assigned relation R_43 the artiy 5
21:07:59 [INFO]   Added new rule of name r_GEN_44
21:07:59 [INFO]   R_43(?X_4, ?X_5, ?X_3, "115.2"^^<http://www.w3.org/2001/XMLSchema#double>, ?X_4) :- R_43(?X_4, ?X_5, ?X_3, "115.2"^^<http://www.w3.org/2001/XMLSchema#double>, ?X_4) .
21:07:59 [INFO] 
21:07:59 [INFO] Adding a outgoing relational edge for each relation other than R_OUT
21:07:59 [INFO] 
21:07:59 [INFO] 1 / 53
21:07:59 [INFO]   Adding outgoing relational edge from ExcessiveHeat for r_GEN_21
21:07:59 [INFO]   Generated literal ~ExcessiveHeat(?X_3, "115.2"^^<http://www.w3.org/2001/XMLSchema#double>, ?X_3) for rule r_GEN_21
21:07:59 [INFO] 2 / 53
21:07:59 [INFO]   Adding outgoing relational edge from HeatAffectedState for r_GEN_33
21:07:59 [INFO]   Generated literal ~HeatAffectedState(?X_1, ?X_1, "117.1"^^<http://www.w3.org/2001/XMLSchema#double>) for rule r_GEN_33
21:07:59 [INFO] 3 / 53
21:07:59 [INFO]   Adding outgoing relational edge from HeavyWind for r_GEN_17
21:07:59 [INFO]   Generated literal HeavyWind(?X_3, ?X_1, "StationA") for rule r_GEN_17
21:07:59 [INFO] 4 / 53
21:07:59 [INFO]   Adding outgoing relational edge from HeavyWindAffectedState for r_GEN_38
21:07:59 [INFO]   Generated literal ~HeavyWindAffectedState(?X_4, ?Y_1, "Ohio") for rule r_GEN_38
21:07:59 [INFO] 5 / 53
21:07:59 [INFO]   Adding outgoing relational edge from HeavyWindForce for r_GEN_41
21:07:59 [INFO]   Generated literal HeavyWindForce(?Z_2, ?X_2, ?Z_1) for rule r_GEN_41
21:07:59 [INFO] 6 / 53
21:07:59 [INFO]   Adding outgoing relational edge from LocatedInState for r_GEN_10
21:07:59 [INFO]   Generated literal LocatedInState(?X_2, ?Z_1, ?X_5, ?X_1) for rule r_GEN_10
21:07:59 [INFO] 7 / 53
21:07:59 [INFO]   Adding outgoing relational edge from TempAbove24 for r_GEN_33
21:07:59 [INFO]   Generated literal ~TempAbove24(?X_1, ?X_1, ?X_1) for rule r_GEN_33
21:07:59 [INFO] 8 / 53
21:07:59 [INFO]   Adding outgoing relational edge from TempAbove41 for r_GEN_12
21:07:59 [INFO]   Generated literal TempAbove41(?X_3, ?X_3, ?X_4) for rule r_GEN_12
21:07:59 [INFO] 9 / 53
21:07:59 [INFO]   Adding outgoing relational edge from TempAbove41DiamondMinus1 for r_GEN_11
21:07:59 [INFO]   Generated literal TempAbove41DiamondMinus1(?X_3, ?X_2, ?Z_1) for rule r_GEN_11
21:07:59 [INFO] 10 / 53
21:07:59 [INFO]   Adding outgoing relational edge from TempConstantOver24AtLeastFor1 for r_GEN_43
21:07:59 [INFO]   Generated literal TempConstantOver24AtLeastFor1(?X_1, ?X_5, ?Y_2) for rule r_GEN_43
21:07:59 [INFO] 11 / 53
21:07:59 [INFO]   Adding outgoing relational edge from R_1 for r_GEN_19
21:07:59 [INFO]   Generated literal ~R_1(?Y_1, ?X_1) for rule r_GEN_19
21:07:59 [INFO] 12 / 53
21:07:59 [INFO]   Adding outgoing relational edge from R_2 for r_GEN_20
21:07:59 [INFO]   Generated literal ~R_2(?X_5) for rule r_GEN_20
21:07:59 [INFO] 13 / 53
21:07:59 [INFO]   Adding outgoing relational edge from R_3 for r_GEN_25
21:07:59 [INFO]   Generated literal R_3(?X_3, ?X_4, ?X_2, ?X_5, ?X_3) for rule r_GEN_25
21:07:59 [INFO] 14 / 53
21:07:59 [INFO]   Adding outgoing relational edge from R_4 for r_GEN_4
21:07:59 [INFO]   Generated literal R_4(?Z_3, ?X_3, ?X_2, ?X_2, ?X_5, ?X_2) for rule r_GEN_4
21:07:59 [INFO] 15 / 53
21:07:59 [INFO]   Adding outgoing relational edge from R_5 for r_GEN_20
21:07:59 [INFO]   Generated literal R_5(?Z_2, ?X_6, ?Z_4, ?X_3, ?X_5) for rule r_GEN_20
21:07:59 [INFO] 16 / 53
21:07:59 [INFO]   Adding outgoing relational edge from R_6 for r_GEN_32
21:07:59 [INFO]   Generated literal R_6(?X_1, ?X_4, ?X_5, ?Z_4) for rule r_GEN_32
21:07:59 [INFO] 17 / 53
21:07:59 [INFO]   Adding outgoing relational edge from R_7 for r_GEN_38
21:07:59 [INFO]   Generated literal ~R_7(?X_4, ?X_3, ?X_3, ?Y_1, ?X_5, ?X_2) for rule r_GEN_38
21:07:59 [INFO] 18 / 53
21:07:59 [INFO]   Adding outgoing relational edge from R_8 for r_GEN_26
21:07:59 [INFO]   Generated literal R_8(?X_2, ?X_4, ?X_3, ?Z_2) for rule r_GEN_26
21:07:59 [INFO] 19 / 53
21:07:59 [INFO]   Adding outgoing relational edge from R_9 for r_GEN_1
21:07:59 [INFO]   Generated literal R_9("Ohio", ?X_1, ?X_1, ?X_1, ?X_1, ?Z_2) for rule r_GEN_1
21:07:59 [INFO] 20 / 53
21:07:59 [INFO]   Adding outgoing relational edge from R_10 for r_GEN_5
21:07:59 [INFO]   Generated literal R_10(?X_3, ?Z_3, ?Z_2, ?Z_1) for rule r_GEN_5
21:07:59 [INFO] 21 / 53
21:07:59 [INFO]   Adding outgoing relational edge from R_11 for r_GEN_16
21:07:59 [INFO]   Generated literal R_11(?Z_2, ?X_5, ?X_5, ?X_1) for rule r_GEN_16
21:07:59 [INFO] 22 / 53
21:07:59 [INFO]   Adding outgoing relational edge from R_12 for r_GEN_25
21:07:59 [INFO]   Generated literal R_12("210"^^<http://www.w3.org/2001/XMLSchema#double>, ?Z_4, ?X_3, ?X_5) for rule r_GEN_25
21:07:59 [INFO] 23 / 53
21:07:59 [INFO]   Adding outgoing relational edge from R_13 for r_GEN_18
21:07:59 [INFO]   Generated literal R_13(?X_4, ?X_1, ?X_3, ?Z_1) for rule r_GEN_18
21:07:59 [INFO] 24 / 53
21:07:59 [INFO]   Adding outgoing relational edge from R_14 for r_GEN_41
21:07:59 [INFO]   Generated literal R_14(?X_2, ?Z_2) for rule r_GEN_41
21:07:59 [INFO] 25 / 53
21:07:59 [INFO]   Adding outgoing relational edge from R_15 for r_GEN_43
21:07:59 [INFO]   Generated literal R_15(?X_1, ?X_4, ?X_3, ?X_5, ?Z_6) for rule r_GEN_43
21:07:59 [INFO] 26 / 53
21:07:59 [INFO]   Adding outgoing relational edge from R_16 for r_GEN_23
21:07:59 [INFO]   Generated literal R_16(?X_2, ?X_1, ?X_4, ?Z_2, ?X_3, ?Z_3) for rule r_GEN_23
21:07:59 [INFO] 27 / 53
21:07:59 [INFO]   Adding outgoing relational edge from R_17 for r_GEN_22
21:07:59 [INFO]   Generated literal ~R_17(?X_1, ?X_1, ?X_1, "StationA", ?Y_1, ?X_1) for rule r_GEN_22
21:07:59 [INFO] 28 / 53
21:07:59 [INFO]   Adding outgoing relational edge from R_18 for r_GEN_37
21:07:59 [INFO]   Generated literal R_18(?X_3) for rule r_GEN_37
21:07:59 [INFO] 29 / 53
21:07:59 [INFO]   Adding outgoing relational edge from R_19 for r_GEN_36
21:07:59 [INFO]   Generated literal R_19(?X_6, ?Z_4, ?Z_2, ?X_3, ?Z_3, ?X_4) for rule r_GEN_36
21:07:59 [INFO] 30 / 53
21:07:59 [INFO]   Adding outgoing relational edge from R_20 for r_GEN_16
21:07:59 [INFO]   Generated literal R_20(?X_1, ?Z_6, ?Z_5) for rule r_GEN_16
21:07:59 [INFO] 31 / 53
21:07:59 [INFO]   Adding outgoing relational edge from R_21 for r_GEN_38
21:07:59 [INFO]   Generated literal R_21(?Z_7) for rule r_GEN_38
21:07:59 [INFO] 32 / 53
21:07:59 [INFO]   Adding outgoing relational edge from R_22 for r_GEN_1
21:07:59 [INFO]   Generated literal R_22(?Z_1, ?Z_4, ?X_1, ?Z_2, ?X_1) for rule r_GEN_1
21:07:59 [INFO] 33 / 53
21:07:59 [INFO]   Adding outgoing relational edge from R_23 for r_GEN_7
21:07:59 [INFO]   Generated literal R_23("StationA", ?X_1, ?X_3, ?X_3, ?X_4, ?Z_2) for rule r_GEN_7
21:07:59 [INFO] 34 / 53
21:07:59 [INFO]   Adding outgoing relational edge from R_24 for r_GEN_41
21:07:59 [INFO]   Generated literal R_24(?X_1, ?Z_3, ?X_3, ?X_1, ?Z_5) for rule r_GEN_41
21:07:59 [INFO] 35 / 53
21:07:59 [INFO]   Adding outgoing relational edge from R_25 for r_GEN_39
21:07:59 [INFO]   Generated literal R_25(?Z_4, ?Z_1, ?X_4, ?X_3) for rule r_GEN_39
21:07:59 [INFO] 36 / 53
21:07:59 [INFO]   Adding outgoing relational edge from R_26 for r_GEN_17
21:07:59 [INFO]   Generated literal R_26(?Z_5, ?X_3, ?X_6, "0"^^<http://www.w3.org/2001/XMLSchema#double>) for rule r_GEN_17
21:07:59 [INFO] 37 / 53
21:07:59 [INFO]   Adding outgoing relational edge from R_27 for r_GEN_22
21:07:59 [INFO]   Generated literal R_27(?X_1, ?X_1) for rule r_GEN_22
21:07:59 [INFO] 38 / 53
21:07:59 [INFO]   Adding outgoing relational edge from R_28 for r_GEN_30
21:07:59 [INFO]   Generated literal R_28(?X_6, ?X_1) for rule r_GEN_30
21:07:59 [INFO] 39 / 53
21:07:59 [INFO]   Adding outgoing relational edge from R_29 for r_GEN_27
21:07:59 [INFO]   Generated literal R_29(?X_4, ?X_1, ?Z_3, "113.4"^^<http://www.w3.org/2001/XMLSchema#double>, ?X_1, ?X_1) for rule r_GEN_27
21:07:59 [INFO] 40 / 53
21:07:59 [INFO]   Adding outgoing relational edge from R_30 for r_GEN_30
21:07:59 [INFO]   Generated literal ~R_30("Ohio", ?X_4, ?X_6) for rule r_GEN_30
21:07:59 [INFO] 41 / 53
21:07:59 [INFO]   Adding outgoing relational edge from R_31 for r_GEN_13
21:07:59 [INFO]   Generated literal R_31(?X_3, ?Z_1, ?X_3, "112"^^<http://www.w3.org/2001/XMLSchema#double>, ?Z_2) for rule r_GEN_13
21:07:59 [INFO] 42 / 53
21:07:59 [INFO]   Adding outgoing relational edge from R_32 for r_GEN_9
21:07:59 [INFO]   Generated literal R_32(?Z_1, ?Z_2) for rule r_GEN_9
21:07:59 [INFO] 43 / 53
21:07:59 [INFO]   Adding outgoing relational edge from R_33 for r_GEN_42
21:07:59 [INFO]   Generated literal R_33(?Z_1, ?X_1, "210"^^<http://www.w3.org/2001/XMLSchema#double>, ?X_1) for rule r_GEN_42
21:07:59 [INFO] 44 / 53
21:07:59 [INFO]   Adding outgoing relational edge from R_34 for r_GEN_39
21:07:59 [INFO]   Generated literal R_34(?X_3, ?Z_4, "1000"^^<http://www.w3.org/2001/XMLSchema#double>, ?X_2, ?Z_1, ?X_3) for rule r_GEN_39
21:07:59 [INFO] 45 / 53
21:07:59 [INFO]   Adding outgoing relational edge from R_35 for r_GEN_25
21:07:59 [INFO]   Generated literal R_35(?X_4, ?X_3, ?X_3, ?X_5, ?X_2, ?X_4) for rule r_GEN_25
21:07:59 [INFO] 46 / 53
21:07:59 [INFO]   Adding outgoing relational edge from R_36 for r_GEN_36
21:07:59 [INFO]   Generated literal R_36(?X_3, ?Z_2, ?Z_6, ?X_6, ?X_3, ?X_1) for rule r_GEN_36
21:07:59 [INFO] 47 / 53
21:07:59 [INFO]   Adding outgoing relational edge from R_37 for r_GEN_9
21:07:59 [INFO]   Generated literal R_37(?Z_6, ?X_1, ?X_4, ?X_1, ?X_4) for rule r_GEN_9
21:07:59 [INFO] 48 / 53
21:07:59 [INFO]   Adding outgoing relational edge from R_38 for r_GEN_30
21:07:59 [INFO]   Generated literal R_38("213.4"^^<http://www.w3.org/2001/XMLSchema#double>, ?X_3, ?X_4, ?X_3, ?X_4) for rule r_GEN_30
21:07:59 [INFO] 49 / 53
21:07:59 [INFO]   Adding outgoing relational edge from R_39 for r_GEN_2
21:07:59 [INFO]   Generated literal R_39(?X_1, ?Z_1, ?X_1, ?X_1, "StationA") for rule r_GEN_2
21:07:59 [INFO] 50 / 53
21:07:59 [INFO]   Adding outgoing relational edge from R_40 for r_GEN_25
21:07:59 [INFO]   Generated literal R_40(?X_2, ?Z_6, ?X_4, ?X_2) for rule r_GEN_25
21:07:59 [INFO] 51 / 53
21:07:59 [INFO]   Adding outgoing relational edge from R_41 for r_GEN_5
21:07:59 [INFO]   Generated literal R_41(?X_6) for rule r_GEN_5
21:07:59 [INFO] 52 / 53
21:07:59 [INFO]   Adding outgoing relational edge from R_42 for r_GEN_39
21:07:59 [INFO]   Generated literal R_42(?Z_5, ?Z_4, ?Z_1, ?Z_9, "1000"^^<http://www.w3.org/2001/XMLSchema#double>, ?Z_2) for rule r_GEN_39
21:07:59 [INFO] 53 / 53
21:07:59 [INFO]   Adding outgoing relational edge from R_43 for r_GEN_35
21:07:59 [INFO]   Generated literal ~R_43(?X_4, ?X_1, ?X_4, ?X_3, ?X_2) for rule r_GEN_35
21:07:59 [INFO] 
21:07:59 [INFO] Adding gen. size facts
21:07:59 [INFO] 
21:07:59 [INFO] 1 / 44
21:07:59 [INFO]   II Add Fact Node and Edge
21:07:59 [INFO]   Added new fact R_23("str_1", "str_1", "115.3"^^<http://www.w3.org/2001/XMLSchema#double>, "str_2", "StationA", "str_3").
21:07:59 [INFO] 2 / 44
21:07:59 [INFO]   II Add Fact Node and Edge
21:07:59 [INFO]   Added new fact R_11("213.4"^^<http://www.w3.org/2001/XMLSchema#double>, c_1, "0"^^<http://www.w3.org/2001/XMLSchema#double>, "str_4").
21:07:59 [INFO] 3 / 44
21:07:59 [INFO]   II Add Fact Node and Edge
21:07:59 [INFO]   Added new fact R_1("1000"^^<http://www.w3.org/2001/XMLSchema#double>, "115.2"^^<http://www.w3.org/2001/XMLSchema#double>).
21:07:59 [INFO] 4 / 44
21:07:59 [INFO]   II Add Fact Node and Edge
21:07:59 [INFO]   Added new fact R_40("115.2"^^<http://www.w3.org/2001/XMLSchema#double>, "str_4", "StationA", "StationA").
21:07:59 [INFO] 5 / 44
21:07:59 [INFO]   II Add Fact Node and Edge
21:07:59 [INFO]   Added new fact R_12("str_5", "215"^^<http://www.w3.org/2001/XMLSchema#double>, c_2, "str_6").
21:07:59 [INFO] 6 / 44
21:07:59 [INFO]   II Add Fact Node and Edge
21:07:59 [INFO]   Added new fact R_1("StationA", "str_3").
21:07:59 [INFO] 7 / 44
21:07:59 [INFO]   II Add Fact Node and Edge
21:07:59 [INFO]   Added new fact R_24("112"^^<http://www.w3.org/2001/XMLSchema#double>, c_3, "210"^^<http://www.w3.org/2001/XMLSchema#double>, "StationA", c_4).
21:07:59 [INFO] 8 / 44
21:07:59 [INFO]   II Add Fact Node and Edge
21:07:59 [INFO]   Added new fact R_32("str_7", c_5).
21:07:59 [INFO] 9 / 44
21:07:59 [INFO]   II Add Fact Node and Edge
21:07:59 [INFO]   Added new fact R_11("str_8", "str_9", c_6, "115.2"^^<http://www.w3.org/2001/XMLSchema#double>).
21:07:59 [INFO] 10 / 44
21:07:59 [INFO]   II Add Fact Node and Edge
21:07:59 [INFO]   Added new fact R_43("str_1", "213.5"^^<http://www.w3.org/2001/XMLSchema#double>, 3289905969709585503, "112"^^<http://www.w3.org/2001/XMLSchema#double>, 9844972426591555457).
21:07:59 [INFO] 11 / 44
21:07:59 [INFO]   II Add Fact Node and Edge
21:07:59 [INFO]   Added new fact R_19(c_7, "117.1"^^<http://www.w3.org/2001/XMLSchema#double>, c_8, c_9, "str_4", c_10).
21:07:59 [INFO] 12 / 44
21:07:59 [INFO]   II Add Fact Node and Edge
21:07:59 [INFO]   Added new fact R_12(1412779898221912094, "str_8", "StationA", 1154030775514629374).
21:07:59 [INFO] 13 / 44
21:07:59 [INFO]   II Add Fact Node and Edge
21:07:59 [INFO]   Added new fact R_11("115.2"^^<http://www.w3.org/2001/XMLSchema#double>, c_11, "115.2"^^<http://www.w3.org/2001/XMLSchema#double>, "str_10").
21:07:59 [INFO] 14 / 44
21:07:59 [INFO]   II Add Fact Node and Edge
21:07:59 [INFO]   Added new fact R_40(3289905969709585503, "117.1"^^<http://www.w3.org/2001/XMLSchema#double>, "StationA", "str_5").
21:07:59 [INFO] 15 / 44
21:07:59 [INFO]   II Add Fact Node and Edge
21:07:59 [INFO]   Added new fact R_28(c_5, c_12).
21:07:59 [INFO] 16 / 44
21:07:59 [INFO]   II Add Fact Node and Edge
21:07:59 [INFO]   Added new fact R_27(c_6, 1828633221354522822).
21:07:59 [INFO] 17 / 44
21:07:59 [INFO]   II Add Fact Node and Edge
21:07:59 [INFO]   Added new fact R_24(c_11, c_13, c_14, "str_11", "113.4"^^<http://www.w3.org/2001/XMLSchema#double>).
21:07:59 [INFO] 18 / 44
21:07:59 [INFO]   II Add Fact Node and Edge
21:07:59 [INFO]   Added new fact R_38(c_15, "str_7", "str_12", c_16, "str_6").
21:07:59 [INFO] 19 / 44
21:07:59 [INFO]   II Add Fact Node and Edge
21:07:59 [INFO]   Added new fact R_40("str_3", 9171743670471292552, "str_12", "210"^^<http://www.w3.org/2001/XMLSchema#double>).
21:07:59 [INFO] 20 / 44
21:07:59 [INFO]   II Add Fact Node and Edge
21:07:59 [INFO]   Added new fact R_20("str_8", "111.7"^^<http://www.w3.org/2001/XMLSchema#double>, "Ohio").
21:07:59 [INFO] 21 / 44
21:07:59 [INFO]   II Add Fact Node and Edge
21:07:59 [INFO]   Added new fact R_19("str_9", c_17, 3289905969709585503, c_18, c_19, "StationA").
21:07:59 [INFO] 22 / 44
21:07:59 [INFO]   II Add Fact Node and Edge
21:07:59 [INFO]   Added new fact R_24("117.1"^^<http://www.w3.org/2001/XMLSchema#double>, 3289905969709585503, "115.3"^^<http://www.w3.org/2001/XMLSchema#double>, c_20, 3289905969709585503).
21:07:59 [INFO] 23 / 44
21:07:59 [INFO]   II Add Fact Node and Edge
21:07:59 [INFO]   Added new fact R_26(5763926035269734135, c_21, "str_13", c_15).
21:07:59 [INFO] 24 / 44
21:07:59 [INFO]   II Add Fact Node and Edge
21:07:59 [INFO]   Added new fact R_1("115.2"^^<http://www.w3.org/2001/XMLSchema#double>, "str_14").
21:07:59 [INFO] 25 / 44
21:07:59 [INFO]   II Add Fact Node and Edge
21:07:59 [INFO]   Added new fact R_9("118"^^<http://www.w3.org/2001/XMLSchema#double>, 9171743670471292552, "str_15", "str_7", "str_16", 12709319246427169672).
21:07:59 [INFO] 26 / 44
21:07:59 [INFO]   II Add Fact Node and Edge
21:07:59 [INFO]   Added new fact R_42("str_17", c_15, "StationA", "str_12", c_22, "StationA").
21:07:59 [INFO] 27 / 44
21:07:59 [INFO]   II Add Fact Node and Edge
21:07:59 [INFO]   Added new fact R_8(c_23, "str_14", "Ohio", 3801593072168320569).
21:07:59 [INFO] 28 / 44
21:07:59 [INFO]   II Add Fact Node and Edge
21:07:59 [INFO]   Added new fact R_14("StationA", "StationA").
21:07:59 [INFO] 29 / 44
21:07:59 [INFO]   II Add Fact Node and Edge
21:07:59 [INFO]   Added new fact R_37(c_4, "str_18", "str_19", "StationA", "str_20").
21:07:59 [INFO] 30 / 44
21:07:59 [INFO]   II Add Fact Node and Edge
21:07:59 [INFO]   Added new fact R_31(3289905969709585503, 3289905969709585503, "213.5"^^<http://www.w3.org/2001/XMLSchema#double>, c_24, "str_13").
21:07:59 [INFO] 31 / 44
21:07:59 [INFO]   II Add Fact Node and Edge
21:07:59 [INFO]   Added new fact R_31(1412779898221912094, "str_11", 3970431211784513412, c_25, c_26).
21:07:59 [INFO] 32 / 44
21:07:59 [INFO]   II Add Fact Node and Edge
21:07:59 [INFO]   Added new fact R_19(1828633221354522822, c_27, c_24, 5726297299142445600, c_27, 7348420958444529577).
21:07:59 [INFO] 33 / 44
21:07:59 [INFO]   II Add Fact Node and Edge
21:07:59 [INFO]   Added new fact R_30(1776970104991713843, c_21, c_28).
21:07:59 [INFO] 34 / 44
21:07:59 [INFO]   II Add Fact Node and Edge
21:07:59 [INFO]   Added new fact R_25(c_29, "str_21", c_11, c_30).
21:07:59 [INFO] 35 / 44
21:07:59 [INFO]   II Add Fact Node and Edge
21:07:59 [INFO]   Added new fact R_26("str_7", c_31, "str_22", 1828633221354522822).
21:07:59 [INFO] 36 / 44
21:07:59 [INFO]   II Add Fact Node and Edge
21:07:59 [INFO]   Added new fact R_12("str_15", c_32, c_21, "str_23").
21:07:59 [INFO] 37 / 44
21:07:59 [INFO]   II Add Fact Node and Edge
21:07:59 [INFO]   Added new fact R_24(c_33, "StationA", "str_9", c_30, c_34).
21:07:59 [INFO] 38 / 44
21:07:59 [INFO]   II Add Fact Node and Edge
21:07:59 [INFO]   Added new fact R_25("str_20", 4937875680956039857, c_11, c_32).
21:07:59 [INFO] 39 / 44
21:07:59 [INFO]   II Add Fact Node and Edge
21:07:59 [INFO]   Added new fact R_29(c_33, 3801593072168320569, c_35, c_36, c_37, c_38).
21:07:59 [INFO] 40 / 44
21:07:59 [INFO]   II Add Fact Node and Edge
21:07:59 [INFO]   Added new fact R_34("str_23", "str_14", c_39, 17890679289594062797, c_40, "str_24").
21:07:59 [INFO] 41 / 44
21:07:59 [INFO]   II Add Fact Node and Edge
21:07:59 [INFO]   Added new fact R_31("str_25", c_18, c_2, 5726297299142445600, 14319785798633531428).
21:07:59 [INFO] 42 / 44
21:07:59 [INFO]   II Add Fact Node and Edge
21:07:59 [INFO]   Added new fact R_10(c_41, "str_18", "213.5"^^<http://www.w3.org/2001/XMLSchema#double>, 1942892765354379908).
21:07:59 [INFO] 43 / 44
21:07:59 [INFO]   II Add Fact Node and Edge
21:07:59 [INFO]   Added new fact R_42(c_42, c_43, "str_12", c_21, c_14, c_29).
21:07:59 [INFO] 44 / 44
21:07:59 [INFO]   II Add Fact Node and Edge
21:07:59 [INFO]   Added new fact R_40("117"^^<http://www.w3.org/2001/XMLSchema#double>, "str_26", c_44, "str_27").
21:07:59 [INFO] 
21:07:59 [INFO] ----------------------------------------------
21:07:59 [INFO] ----------- Program Generation Done ----------
21:07:59 [INFO] ----------------------------------------------
21:07:59 [INFO] 
21:07:59 [INFO] ----------- Generated ADG Summary: -----------
21:07:59 [INFO] ADG Fact Nodes:                  44
21:07:59 [INFO] ADG Relational Nodes:            54
21:07:59 [INFO] ADG Fact Edges:                  44
21:07:59 [INFO] ADG Relational Edges:            120
21:07:59 [INFO] Number of inv. Strata:           2
21:07:59 [INFO] 
21:07:59 [INFO] Nodes with None Ancestry:        8
21:07:59 [INFO] Nodes with Positive Ancestry:    31
21:07:59 [INFO] Nodes with Negative Ancestry:    9
21:07:59 [INFO] Nodes with Unknown Ancestry:     6
21:07:59 [INFO] 
21:07:59 [INFO] Next rule name would be:         r_CON_45
21:07:59 [INFO] Next predicate name would be:    R_44
21:07:59 [INFO] Next constant name would be:     c_45
21:07:59 [INFO] Next string would be:            "str_28"
21:07:59 [INFO] 
21:07:59 [INFO] Output predicate:                R_OUT
21:07:59 [INFO] Generated rule count:            44
21:07:59 [INFO] Rule count:                      50
21:07:59 [INFO] Average rel. arity:              3.962962962962963
21:07:59 [INFO] Arity calc. may be inaccurate if arity > f64
21:07:59 [INFO] ----------------------------------------------
21:07:59 [INFO] 
21:07:59 [INFO] ------ Performed Gen. Transformations: -------
21:07:59 [INFO]  #      Type
21:07:59 [INFO]  44      Generate New Rule with Probably Single Lit
21:07:59 [INFO]  53      Generating an Outgoing Relational Edge
21:07:59 [INFO]  43      I     Add Relational Node
21:07:59 [INFO]  44      II    Add Fact Node and Edge
21:07:59 [INFO] ----------------------------------------------
21:07:59 [INFO] 
21:07:59 [INFO] Storing input ADG and input program
21:07:59 [INFO] 
21:07:59 [INFO] ----------------------------------------------
21:07:59 [INFO] --------- Beginning Transformations ----------
21:07:59 [INFO] --------  Oracle: CON    Number: 42
21:07:59 [INFO] ----------------------------------------------
21:07:59 [INFO] 1 / 42
21:07:59 [INFO]   IV Add Relational Edge - New Literal
21:07:59 [INFO]   Generated literal R_8(?X_4, ?X_3, ?X_3, ?Z_1) for rule r_GEN_13
21:07:59 [INFO] 2 / 42
21:07:59 [INFO]   IV Add Relational Edge - New Literal
21:07:59 [INFO]   Generated literal R_1(?X_5, ?X_3) for rule r_GEN_25
21:07:59 [INFO] 3 / 42
21:07:59 [INFO]   IV Add Relational Edge - New Literal
21:07:59 [INFO]   Generated literal ~HeatAffectedState(?X_3, ?X_3, ?X_3) for rule r_GEN_21
21:07:59 [INFO] 4 / 42
21:07:59 [INFO]   Xa Remove Relational Node - Rule Variant
21:07:59 [INFO]   Removing relational node R_35
21:07:59 [INFO]   Removing the Rule of the name r_GEN_15
21:07:59 [INFO]   Removing the Rule of the name r_GEN_36
21:07:59 [INFO]   Removing the Rule of the name r_GEN_25
21:07:59 [INFO]   Removing at least 15 relational edges.
21:07:59 [INFO] 5 / 42
21:07:59 [INFO]   VIII Modify Rule - Remove Equality
21:07:59 [INFO]   Replaced a random number of var X_3 with var X_3_new_1 in the rule r_GEN_40
21:07:59 [INFO] 6 / 42
21:07:59 [INFO]   VII Modify Rule - Add Equality
21:07:59 [INFO]   Replaced var ?X_1 with var ?Y_1 in the rule r_GEN_28
21:07:59 [INFO] 7 / 42
21:07:59 [INFO]   VII Modify Rule - Add Equality
21:07:59 [INFO]   Replaced var ?X_1 with var ?Z_4 in the rule r_GEN_32
21:07:59 [INFO] 8 / 42
21:07:59 [INFO]   VII Modify Rule - Add Equality
21:07:59 [INFO]   Replaced var ?X_1 with var ?Z_5 in the rule r_GEN_39
21:07:59 [INFO] 9 / 42
21:07:59 [INFO]   III Add Relational edges - New Rule
21:07:59 [INFO]   Added new rule of name r_CON_47
21:07:59 [INFO]   R_40(?X_3, ?X_3, ?X_1, c_46) :- R_37(?X_3, c_20, c_46, ?X_1, ?Y_1), R_10(?X_3, ?X_1, ?Y_1, ?X_3), R_36(c_20, ?X_3, ?X_3, c_20, ?X_3, ?X_1), R_24(?Y_1, c_46, ?Y_1, c_20, ?X_3), ~R_27(c_20, c_20), ~R_4(c_20, ?X_3, ?Y_1, c_20, ?Y_1, ?Y_1), ~R_11(?X_3, c_20, ?X_1, c_20) .
21:07:59 [INFO] 10 / 42
21:07:59 [INFO]   IX Remove Fact Node and Edge
21:07:59 [INFO]   Removed fact R_19(1828633221354522822, c_27, c_24, 5726297299142445600, c_27, 7348420958444529577). from the program
21:07:59 [INFO]   Removed fact R_19(1828633221354522822, c_27, c_24, 5726297299142445600, c_27, 7348420958444529577). from the ADG.
21:07:59 [INFO] 11 / 42
21:07:59 [INFO]   VIII Modify Rule - Remove Equality
21:07:59 [INFO]   Replaced a random number of var X_4 with var X_4_new_1 in the rule r_GEN_32
21:07:59 [INFO] 12 / 42
21:07:59 [INFO]   VIII Modify Rule - Remove Equality
21:07:59 [INFO]   Replaced a random number of var X_4 with var X_4_new_1 in the rule r_GEN_44
21:07:59 [INFO] 13 / 42
21:07:59 [INFO]   VIII Modify Rule - Remove Equality
21:07:59 [INFO]   Replaced a random number of var X_1 with var X_1_new_1 in the rule r_GEN_41
21:07:59 [INFO] 14 / 42
21:07:59 [INFO]   IV Add Relational Edge - New Literal
21:07:59 [INFO]   Generated literal R_6(?X_1, ?X_1, ?X_1, ?Z_5) for rule r_GEN_22
21:07:59 [INFO] 15 / 42
21:07:59 [INFO]   IV Add Relational Edge - New Literal
21:07:59 [INFO]   Generated literal R_2(?X_1) for rule r_GEN_37
21:07:59 [INFO] 16 / 42
21:07:59 [INFO]   IV Add Relational Edge - New Literal
21:07:59 [INFO]   Generated literal R_11(?Z_2, ?X_1, ?Z_1, 12709319246427169672) for rule r_GEN_42
21:07:59 [INFO] 17 / 42
21:07:59 [INFO]   I Add Relational Node
21:07:59 [INFO]   Added new relation R_46
21:07:59 [INFO] 18 / 42
21:07:59 [INFO]   Xa Remove Relational Node - Rule Variant
21:07:59 [INFO]   Removing relational node R_19
21:07:59 [INFO]   Removing the Rule of the name r_GEN_20
21:07:59 [INFO]   Removing at least 4 relational edges.
21:07:59 [INFO] 19 / 42
21:07:59 [INFO]   VIII Modify Rule - Remove Equality
21:07:59 [INFO]   Replaced a random number of var X_3 with var X_3_new_1 in the rule r_GEN_13
21:07:59 [INFO] 20 / 42
21:07:59 [INFO]   VII Modify Rule - Add Equality
21:07:59 [INFO]   Replaced var ?X_1 with var ?Y_1 in the rule r_GEN_33
21:07:59 [INFO] 21 / 42
21:07:59 [INFO]   I Add Relational Node
21:07:59 [INFO]   Added new relation R_47
21:07:59 [INFO] 22 / 42
21:07:59 [INFO]   IV Add Relational Edge - New Literal
21:07:59 [INFO]   Generated literal R_23(?X_1, "str_8", ?X_1, ?Z_1, ?Y_1, ?Y_1) for rule r_GEN_29
21:07:59 [INFO] 23 / 42
21:07:59 [INFO]   IX Remove Fact Node and Edge
21:07:59 [INFO]   Removed fact R_20("str_8", "111.7"^^<http://www.w3.org/2001/XMLSchema#double>, "Ohio"). from the program
21:07:59 [INFO]   Removed fact R_20("str_8", "111.7"^^<http://www.w3.org/2001/XMLSchema#double>, "Ohio"). from the ADG.
21:07:59 [INFO] 24 / 42
21:07:59 [INFO]   III Add Relational edges - New Rule
21:07:59 [INFO]   Assigned relation R_46 the artiy 4
21:07:59 [INFO]   Added new rule of name r_CON_48
21:07:59 [INFO]   R_39(?X_3, c_19, ?X_4, ?X_1, ?X_5) :- R_7(?X_5, ?X_1, ?X_1, ?Y_1, ?X_5, ?X_1), R_13(?Y_1, ?X_5, c_19, ?X_4), R_28(c_19, ?X_3), ~R_46(c_19, ?X_1, ?X_1, ?X_5), ~R_10(?Y_1, ?X_5, ?X_5, c_19), ~HeatAffectedState(?X_3, ?X_5, ?X_1) .
21:07:59 [INFO] 25 / 42
21:07:59 [INFO]   IX Remove Fact Node and Edge
21:07:59 [INFO]   Removed fact R_26("str_7", c_31, "str_22", 1828633221354522822). from the program
21:07:59 [INFO]   Removed fact R_26("str_7", c_31, "str_22", 1828633221354522822). from the ADG.
21:07:59 [INFO] 26 / 42
21:07:59 [INFO]   V Remove Relational Edges - Whole Rule
21:07:59 [INFO]   Removing the Rule of the name r_GEN_41
21:07:59 [INFO] 27 / 42
21:07:59 [INFO]   Xa Remove Relational Node - Rule Variant
21:07:59 [INFO]   Removing relational node R_31
21:07:59 [INFO]   Removing the Rule of the name r_GEN_32
21:07:59 [INFO]   Removing the Rule of the name r_GEN_13
21:07:59 [INFO]   Removing at least 9 relational edges.
21:07:59 [INFO] 28 / 42
21:07:59 [INFO]   III Add Relational edges - New Rule
21:07:59 [INFO]   Assigned relation R_47 the artiy 6
21:07:59 [INFO]   Added new rule of name r_CON_49
21:07:59 [INFO]   R_39(?X_3, ?X_4, ?X_1, ?X_2, ?X_3) :- R_5(?X_3, ?Y_1, ?X_3, 9171743670471292552, ?X_3), R_33(?X_2, ?X_3, ?X_3, ?Y_1), R_30(?X_4, ?X_3, ?X_2), R_17(?X_1, ?X_3, 9171743670471292552, ?Y_1, ?X_3, ?X_1), ~R_47(?X_3, ?X_2, ?X_3, ?Y_1, ?X_3, 9171743670471292552), ~R_13(?X_1, ?X_1, ?X_4, ?X_2), ~TempAbove41DiamondMinus1(?Y_1, ?X_3, ?X_1) .
21:07:59 [INFO] 29 / 42
21:07:59 [INFO]   VIII Modify Rule - Remove Equality
21:07:59 [INFO]   Replaced a random number of var X_1 with var X_1_new_1 in the rule r_CON_47
21:07:59 [INFO] 30 / 42
21:07:59 [INFO]   II Add Fact Node and Edge
21:07:59 [INFO]   Added new fact R_7(c_47, c_48, 9844972426591555457, 10315889067696971105, c_49, 10380905847653901472).
21:07:59 [INFO] 31 / 42
21:07:59 [INFO]   XI Add Contradictory Rule
21:07:59 [INFO]   Added new contradictory rule of name r_CON_50
21:07:59 [INFO]   R_6(?X_1, ?X_2, "115.2"^^<http://www.w3.org/2001/XMLSchema#double>, ?X_4) :- R_10(?X_1, ?X_2, "115.2"^^<http://www.w3.org/2001/XMLSchema#double>, ?X_4), ~R_10(?X_1, ?X_2, "115.2"^^<http://www.w3.org/2001/XMLSchema#double>, ?X_4) .
21:07:59 [INFO] 32 / 42
21:07:59 [INFO]   VIII Modify Rule - Remove Equality
21:07:59 [INFO]   Replaced a random number of var X_2 with var X_2_new_1 in the rule r_GEN_31
21:07:59 [INFO] 33 / 42
21:07:59 [INFO]   IX Remove Fact Node and Edge
21:07:59 [INFO]   Removed fact R_9("118"^^<http://www.w3.org/2001/XMLSchema#double>, 9171743670471292552, "str_15", "str_7", "str_16", 12709319246427169672). from the program
21:07:59 [INFO]   Removed fact R_9("118"^^<http://www.w3.org/2001/XMLSchema#double>, 9171743670471292552, "str_15", "str_7", "str_16", 12709319246427169672). from the ADG.
21:07:59 [INFO] 34 / 42
21:07:59 [INFO]   IX Remove Fact Node and Edge
21:07:59 [INFO]   Removed fact R_38(c_15, "str_7", "str_12", c_16, "str_6"). from the program
21:07:59 [INFO]   Removed fact R_38(c_15, "str_7", "str_12", c_16, "str_6"). from the ADG.
21:07:59 [INFO] 35 / 42
21:07:59 [INFO]   III Add Relational edges - New Rule
21:07:59 [INFO]   Added new rule of name r_CON_51
21:07:59 [INFO]   R_12(c_27, ?X_4, ?X_3, ?X_4) :- R_41(?X_4), R_33(?X_4, ?X_3, ?X_4, c_27), ~TempConstantOver24AtLeastFor1(?X_4, ?X_4, ?X_4), ~R_14(?X_4, ?X_4) .
21:07:59 [INFO] 36 / 42
21:07:59 [INFO]   VIII Modify Rule - Remove Equality
21:07:59 [INFO]   Replaced a random number of var X_1 with var X_1_new_1 in the rule r_GEN_2
21:07:59 [INFO] 37 / 42
21:07:59 [INFO]   IX Remove Fact Node and Edge
21:07:59 [INFO]   Removed fact R_26(5763926035269734135, c_21, "str_13", c_15). from the program
21:07:59 [INFO]   Removed fact R_26(5763926035269734135, c_21, "str_13", c_15). from the ADG.
21:07:59 [INFO] 38 / 42
21:07:59 [INFO]   II Add Fact Node and Edge
21:07:59 [INFO]   Added new fact R_43(c_25, "118"^^<http://www.w3.org/2001/XMLSchema#double>, c_50, c_11, 1776970104991713843).
21:07:59 [INFO] 39 / 42
21:07:59 [INFO]   IX Remove Fact Node and Edge
21:07:59 [INFO]   Removed fact R_25(c_29, "str_21", c_11, c_30). from the program
21:07:59 [INFO]   Removed fact R_25(c_29, "str_21", c_11, c_30). from the ADG.
21:07:59 [INFO] 40 / 42
21:07:59 [INFO]   Xa Remove Relational Node - Rule Variant
21:07:59 [INFO]   Removing relational node R_12
21:07:59 [INFO]   Removing the Rule of the name r_CON_51
21:07:59 [INFO]   Removing at least 4 relational edges.
21:07:59 [INFO] 41 / 42
21:07:59 [INFO]   V Remove Relational Edges - Whole Rule
21:07:59 [INFO]   Removing the Rule of the name r_GEN_7
21:07:59 [INFO] 42 / 42
21:07:59 [INFO]   VII Modify Rule - Add Equality
21:07:59 [INFO]   Replaced var ?X_3 with var ?X_2 in the rule r_GEN_35
21:07:59 [INFO] ----------------------------------------------
21:07:59 [INFO] ------------ Transformations Done ------------
21:07:59 [INFO] ----------------------------------------------
21:07:59 [INFO]  Ressources required: 
                
21:07:59 [INFO] ---------- Transformed ADG Summary: ----------
21:07:59 [INFO] ADG Fact Nodes:                  31
21:07:59 [INFO] ADG Relational Nodes:            52
21:07:59 [INFO] ADG Fact Edges:                  31
21:07:59 [INFO] ADG Relational Edges:            114
21:07:59 [INFO] Number of inv. Strata:           3
21:07:59 [INFO] 
21:07:59 [INFO] Nodes with None Ancestry:        3
21:07:59 [INFO] Nodes with Positive Ancestry:    30
21:07:59 [INFO] Nodes with Negative Ancestry:    7
21:07:59 [INFO] Nodes with Unknown Ancestry:     12
21:07:59 [INFO] 
21:07:59 [INFO] Next rule name would be:         r_CON_52
21:07:59 [INFO] Next predicate name would be:    R_48
21:07:59 [INFO] Next constant name would be:     c_51
21:07:59 [INFO] Next string would be:            "str_30"
21:07:59 [INFO] 
21:07:59 [INFO] Output predicate:                R_OUT
21:07:59 [INFO] Rule count:                      46
21:07:59 [INFO] Average rel. arity:              3.963636363636364
21:07:59 [INFO] Arity calc. may be inaccurate if arity > f64
21:07:59 [INFO] ----------------------------------------------
21:07:59 [INFO] 
21:07:59 [INFO] --------- Performed Transformations: ---------
21:07:59 [INFO]  #      Type
21:07:59 [INFO]  6      Failed Transformation Attempts
21:07:59 [INFO]  2      I     Add Relational Node
21:07:59 [INFO]  2      II    Add Fact Node and Edge
21:07:59 [INFO]  4      III   Add Relational edges - New Rule
21:07:59 [INFO]  7      IV    Add Relational Edge - New Literal
21:07:59 [INFO]  7      IX    Remove Fact Node and Edge
21:07:59 [INFO]  2      V     Remove Relational Edges - Whole Rule
21:07:59 [INFO]  0      VI    Remove Relational Edge - Single Literal
21:07:59 [INFO]  5      VII   Modify Rule - Add Equality
21:07:59 [INFO]  8      VIII  Modify Rule - Remove Equality
21:07:59 [INFO]  1      XI   Add Contradictory Rule
21:07:59 [INFO]  4      Xa     Remove Relational Node Rule Variant - None anc only
21:07:59 [INFO] ----------------------------------------------
21:07:59 [INFO] 
21:07:59 [INFO] Writing output ADG and file.
21:07:59 [INFO] 
21:07:59 [INFO] ----------------------------------------------
21:07:59 [INFO] -- Beginning Nemo Execution - Input Program --
21:07:59 [INFO] ----------------------------------------------
21:07:59 [INFO] Stratified program: [[0, 1, 2, 3, 4, 5, 7, 8, 9, 10, 12, 13, 14, 15, 16, 21, 25, 38], [6, 11, 17, 18, 19, 20, 22, 23, 24, 26, 27, 28, 29, 30, 31, 32, 33, 34, 35, 36, 37, 39, 40, 41]]
21:07:59 [INFO] <<< STEP 1: APPLYING RULE 0 TempAbove41DiamondMinus1(?Station, ?Start, ?_HEAD_1) :- TempAbove41(?Station, ?Start, ?End), Equal(?_HEAD_1, NumericSum(?End, "1"^^<http://www.w3.org/2001/XMLSchema#double>)) >>>
21:07:59 [INFO] Loading source SimpleTable { arity: 3, data: [AnyDataValue(PlainString(StringDataValue("StationA"))), AnyDataValue(Double(DoubleDataValue(213.4))), AnyDataValue(Double(DoubleDataValue(213.5)))] }
21:07:59 [INFO] Execution step: Body
21:07:59 [INFO] Saved temporary table: 1 entries (10316)
21:07:59 [INFO] Execution step: Duplicate Elimination (Datalog)
21:07:59 [INFO] Saved permanent table TempAbove41DiamondMinus1 (1) Permutation { idx_to_val: [], val_to_idx: [] } with 1 entries (10364)
21:07:59 [INFO] Rule duration: 0 ms
21:07:59 [INFO] <<< STEP 2: APPLYING RULE 0 TempAbove41DiamondMinus1(?Station, ?Start, ?_HEAD_1) :- TempAbove41(?Station, ?Start, ?End), Equal(?_HEAD_1, NumericSum(?End, "1"^^<http://www.w3.org/2001/XMLSchema#double>)) >>>
21:07:59 [INFO] Execution step: Body
21:07:59 [INFO] Trie does not contain any elements
21:07:59 [INFO] Execution step: Duplicate Elimination (Datalog)
21:07:59 [INFO] Trie does not contain any elements
21:07:59 [INFO] Rule duration: 0 ms
21:07:59 [INFO] <<< STEP 3: APPLYING RULE 1 TempConstantOver24AtLeastFor1(?Station, ?_HEAD_1, ?End) :- TempAbove24(?Station, ?Start, ?End), NumericLessthan(NumericSum(?Start, "1"^^<http://www.w3.org/2001/XMLSchema#double>), ?End), Equal(?_HEAD_1, NumericSum(?Start, "1"^^<http://www.w3.org/2001/XMLSchema#double>)) >>>
21:07:59 [INFO] Loading source SimpleTable { arity: 3, data: [AnyDataValue(PlainString(StringDataValue("StationA"))), AnyDataValue(Double(DoubleDataValue(210.0))), AnyDataValue(Double(DoubleDataValue(215.0)))] }
21:07:59 [INFO] Execution step: Body
21:07:59 [INFO] Saved temporary table: 1 entries (10316)
21:07:59 [INFO] Execution step: Duplicate Elimination (Datalog)
21:07:59 [INFO] Saved permanent table TempConstantOver24AtLeastFor1 (3) Permutation { idx_to_val: [], val_to_idx: [] } with 1 entries (10364)
21:07:59 [INFO] Rule duration: 0 ms
21:07:59 [INFO] <<< STEP 4: APPLYING RULE 1 TempConstantOver24AtLeastFor1(?Station, ?_HEAD_1, ?End) :- TempAbove24(?Station, ?Start, ?End), NumericLessthan(NumericSum(?Start, "1"^^<http://www.w3.org/2001/XMLSchema#double>), ?End), Equal(?_HEAD_1, NumericSum(?Start, "1"^^<http://www.w3.org/2001/XMLSchema#double>)) >>>
21:07:59 [INFO] Execution step: Body
21:07:59 [INFO] Trie does not contain any elements
21:07:59 [INFO] Execution step: Duplicate Elimination (Datalog)
21:07:59 [INFO] Trie does not contain any elements
21:07:59 [INFO] Rule duration: 0 ms
21:07:59 [INFO] <<< STEP 5: APPLYING RULE 2 ExcessiveHeat(?Station, ?_HEAD_1, ?_HEAD_2) :- TempAbove41DiamondMinus1(?Station, ?Start41, ?End41), TempConstantOver24AtLeastFor1(?Station, ?Start24, ?End24), NumericLessthan(?Start41, ?End24), NumericLessthan(?Start24, ?End41), Equal(?_HEAD_1, NumericSubtraction(NumericMaximum(?Start24, ?Start41), "1"^^<http://www.w3.org/2001/XMLSchema#double>)), Equal(?_HEAD_2, NumericMinimum(?End41, ?End24)) >>>
21:07:59 [INFO] Execution step: Body
21:07:59 [INFO] Saved temporary table: 1 entries (10316)
21:07:59 [INFO] Execution step: Duplicate Elimination (Datalog)
21:07:59 [INFO] Saved permanent table ExcessiveHeat (5) Permutation { idx_to_val: [], val_to_idx: [] } with 1 entries (10364)
21:07:59 [INFO] Rule duration: 0 ms
21:07:59 [INFO] <<< STEP 6: APPLYING RULE 2 ExcessiveHeat(?Station, ?_HEAD_1, ?_HEAD_2) :- TempAbove41DiamondMinus1(?Station, ?Start41, ?End41), TempConstantOver24AtLeastFor1(?Station, ?Start24, ?End24), NumericLessthan(?Start41, ?End24), NumericLessthan(?Start24, ?End41), Equal(?_HEAD_1, NumericSubtraction(NumericMaximum(?Start24, ?Start41), "1"^^<http://www.w3.org/2001/XMLSchema#double>)), Equal(?_HEAD_2, NumericMinimum(?End41, ?End24)) >>>
21:07:59 [INFO] Execution step: Body
21:07:59 [INFO] Trie does not contain any elements
21:07:59 [INFO] Execution step: Duplicate Elimination (Datalog)
21:07:59 [INFO] Trie does not contain any elements
21:07:59 [INFO] Rule duration: 0 ms
21:07:59 [INFO] <<< STEP 7: APPLYING RULE 3 HeatAffectedState(?State, ?_HEAD_1, ?_HEAD_2) :- ExcessiveHeat(?Station, ?StartHeat, ?EndHeat), LocatedInState(?Station, ?State, ?StartIn, ?EndIn), NumericLessthan(?StartHeat, ?EndIn), NumericLessthan(?StartIn, ?EndHeat), Equal(?_HEAD_1, NumericMaximum(?StartHeat, ?StartIn)), Equal(?_HEAD_2, NumericMinimum(?EndHeat, ?EndIn)) >>>
21:07:59 [INFO] Loading source SimpleTable { arity: 4, data: [AnyDataValue(PlainString(StringDataValue("StationA"))), AnyDataValue(PlainString(StringDataValue("Ohio"))), AnyDataValue(Double(DoubleDataValue(0.0))), AnyDataValue(Double(DoubleDataValue(1000.0)))] }
21:07:59 [INFO] Execution step: Body
21:07:59 [INFO] Saved temporary table: 1 entries (10316)
21:07:59 [INFO] Execution step: Duplicate Elimination (Datalog)
21:07:59 [INFO] Saved permanent table HeatAffectedState (7) Permutation { idx_to_val: [], val_to_idx: [] } with 1 entries (10364)
21:07:59 [INFO] Rule duration: 0 ms
21:07:59 [INFO] <<< STEP 8: APPLYING RULE 3 HeatAffectedState(?State, ?_HEAD_1, ?_HEAD_2) :- ExcessiveHeat(?Station, ?StartHeat, ?EndHeat), LocatedInState(?Station, ?State, ?StartIn, ?EndIn), NumericLessthan(?StartHeat, ?EndIn), NumericLessthan(?StartIn, ?EndHeat), Equal(?_HEAD_1, NumericMaximum(?StartHeat, ?StartIn)), Equal(?_HEAD_2, NumericMinimum(?EndHeat, ?EndIn)) >>>
21:07:59 [INFO] Execution step: Body
21:07:59 [INFO] Trie does not contain any elements
21:07:59 [INFO] Execution step: Duplicate Elimination (Datalog)
21:07:59 [INFO] Trie does not contain any elements
21:07:59 [INFO] Rule duration: 0 ms
21:07:59 [INFO] <<< STEP 9: APPLYING RULE 4 HeavyWind(?Station, ?Start, ?End) :- HeavyWindForce(?Station, ?Start, ?End), NumericLessthan(NumericSum(?Start, "1"^^<http://www.w3.org/2001/XMLSchema#double>), ?End) >>>
21:07:59 [INFO] Loading source SimpleTable { arity: 3, data: [AnyDataValue(PlainString(StringDataValue("StationA"))), AnyDataValue(Double(DoubleDataValue(111.7))), AnyDataValue(Double(DoubleDataValue(112.0))), AnyDataValue(PlainString(StringDataValue("StationA"))), AnyDataValue(Double(DoubleDataValue(113.4))), AnyDataValue(Double(DoubleDataValue(115.2))), AnyDataValue(PlainString(StringDataValue("StationA"))), AnyDataValue(Double(DoubleDataValue(115.3))), AnyDataValue(Double(DoubleDataValue(117.0))), AnyDataValue(PlainString(StringDataValue("StationA"))), AnyDataValue(Double(DoubleDataValue(117.1))), AnyDataValue(Double(DoubleDataValue(118.0)))] }
21:07:59 [INFO] Execution step: Body
21:07:59 [INFO] Saved temporary table: 2 entries (10380)
21:07:59 [INFO] Execution step: Duplicate Elimination (Datalog)
21:07:59 [INFO] Saved permanent table HeavyWind (9) Permutation { idx_to_val: [], val_to_idx: [] } with 2 entries (10428)
21:07:59 [INFO] Rule duration: 0 ms
21:07:59 [INFO] <<< STEP 10: APPLYING RULE 4 HeavyWind(?Station, ?Start, ?End) :- HeavyWindForce(?Station, ?Start, ?End), NumericLessthan(NumericSum(?Start, "1"^^<http://www.w3.org/2001/XMLSchema#double>), ?End) >>>
21:07:59 [INFO] Execution step: Body
21:07:59 [INFO] Trie does not contain any elements
21:07:59 [INFO] Execution step: Duplicate Elimination (Datalog)
21:07:59 [INFO] Trie does not contain any elements
21:07:59 [INFO] Rule duration: 0 ms
21:07:59 [INFO] <<< STEP 11: APPLYING RULE 5 HeavyWindAffectedState(?State, ?_HEAD_1, ?_HEAD_2) :- HeavyWind(?Station, ?StartWind, ?EndWind), LocatedInState(?Station, ?State, ?StartIn, ?EndIn), NumericLessthan(?StartWind, ?EndIn), NumericLessthan(?StartIn, ?EndWind), Equal(?_HEAD_1, NumericMaximum(?StartWind, ?StartIn)), Equal(?_HEAD_2, NumericMinimum(?EndWind, ?EndIn)) >>>
21:07:59 [INFO] Execution step: Body
21:07:59 [INFO] Saved temporary table: 2 entries (10380)
21:07:59 [INFO] Execution step: Duplicate Elimination (Datalog)
21:07:59 [INFO] Saved permanent table HeavyWindAffectedState (11) Permutation { idx_to_val: [], val_to_idx: [] } with 2 entries (10428)
21:07:59 [INFO] Rule duration: 0 ms
21:07:59 [INFO] <<< STEP 12: APPLYING RULE 5 HeavyWindAffectedState(?State, ?_HEAD_1, ?_HEAD_2) :- HeavyWind(?Station, ?StartWind, ?EndWind), LocatedInState(?Station, ?State, ?StartIn, ?EndIn), NumericLessthan(?StartWind, ?EndIn), NumericLessthan(?StartIn, ?EndWind), Equal(?_HEAD_1, NumericMaximum(?StartWind, ?StartIn)), Equal(?_HEAD_2, NumericMinimum(?EndWind, ?EndIn)) >>>
21:07:59 [INFO] Execution step: Body
21:07:59 [INFO] Trie does not contain any elements
21:07:59 [INFO] Execution step: Duplicate Elimination (Datalog)
21:07:59 [INFO] Trie does not contain any elements
21:07:59 [INFO] Rule duration: 0 ms
21:07:59 [INFO] <<< STEP 13: APPLYING RULE 7 R_5(?X_1, ?X_2, ?X_1, "117.1"^^<http://www.w3.org/2001/XMLSchema#double>, ?X_5) :- TempConstantOver24AtLeastFor1(?X_1, ?X_2, ?_BODY_1), TempConstantOver24AtLeastFor1(?X_5, ?_BODY_2, ?_BODY_3), Equal(?_BODY_1, ?X_1), Equal(?_BODY_2, ?X_5), Equal(?_BODY_3, "117.1"^^<http://www.w3.org/2001/XMLSchema#double>) >>>
21:07:59 [INFO] Execution step: Body
21:07:59 [INFO] Trie does not contain any elements
21:07:59 [INFO] Execution step: Duplicate Elimination (Datalog)
21:07:59 [INFO] Trie does not contain any elements
21:07:59 [INFO] Rule duration: 0 ms
21:07:59 [INFO] <<< STEP 14: APPLYING RULE 10 R_23(?X_1, "112"^^<http://www.w3.org/2001/XMLSchema#double>, ?X_4, ?X_5, ?X_6, ?X_2) :- TempAbove24(?X_1, ?_BODY_1, ?X_4), TempAbove24(?X_5, ?X_6, ?X_2), Equal(?_BODY_1, "112"^^<http://www.w3.org/2001/XMLSchema#double>) >>>
21:07:59 [INFO] Loading source SimpleTable { arity: 6, data: [AnyDataValue(PlainString(StringDataValue("str_1"))), AnyDataValue(PlainString(StringDataValue("str_1"))), AnyDataValue(Double(DoubleDataValue(115.3))), AnyDataValue(PlainString(StringDataValue("str_2"))), AnyDataValue(PlainString(StringDataValue("StationA"))), AnyDataValue(PlainString(StringDataValue("str_3")))] }
21:07:59 [INFO] Execution step: Body
21:07:59 [INFO] Trie does not contain any elements
21:07:59 [INFO] Execution step: Duplicate Elimination (Datalog)
21:07:59 [INFO] Trie does not contain any elements
21:07:59 [INFO] Rule duration: 0 ms
21:07:59 [INFO] <<< STEP 15: APPLYING RULE 8 R_7(?X_6, ?X_5, "113.4"^^<http://www.w3.org/2001/XMLSchema#double>, ?X_2, ?X_3, ?X_4) :- R_23(?X_6, ?X_5, ?_BODY_1, ?X_2, ?X_3, ?X_4), Equal(?_BODY_1, "113.4"^^<http://www.w3.org/2001/XMLSchema#double>) >>>
21:07:59 [INFO] Execution step: Body
21:07:59 [INFO] Trie does not contain any elements
21:07:59 [INFO] Execution step: Duplicate Elimination (Datalog)
21:07:59 [INFO] Trie does not contain any elements
21:07:59 [INFO] Rule duration: 0 ms
21:07:59 [INFO] <<< STEP 16: APPLYING RULE 14 R_33(?X_3, ?X_3, "117.1"^^<http://www.w3.org/2001/XMLSchema#double>, ?X_4) :- R_5(?X_3, ?_BODY_1, ?Y_1, ?X_4, ?_BODY_2), Equal(?_BODY_1, ?X_3), Equal(?_BODY_2, "117.1"^^<http://www.w3.org/2001/XMLSchema#double>) >>>
21:07:59 [INFO] Execution step: Body
21:07:59 [INFO] Trie does not contain any elements
21:07:59 [INFO] Execution step: Duplicate Elimination (Datalog)
21:07:59 [INFO] Trie does not contain any elements
21:07:59 [INFO] Rule duration: 0 ms
21:07:59 [INFO] <<< STEP 17: APPLYING RULE 9 R_13(?X_3, "0"^^<http://www.w3.org/2001/XMLSchema#double>, ?X_4, ?X_1) :- R_33(?X_3, ?_BODY_1, ?X_4, ?X_1), Equal(?_BODY_1, "0"^^<http://www.w3.org/2001/XMLSchema#double>) >>>
21:07:59 [INFO] Execution step: Body
21:07:59 [INFO] Trie does not contain any elements
21:07:59 [INFO] Execution step: Duplicate Elimination (Datalog)
21:07:59 [INFO] Trie does not contain any elements
21:07:59 [INFO] Rule duration: 0 ms
21:07:59 [INFO] <<< STEP 18: APPLYING RULE 12 R_28("1000"^^<http://www.w3.org/2001/XMLSchema#double>, ?X_1) :- HeatAffectedState(?Y_1, ?X_1, ?_BODY_1), Equal(?_BODY_1, "1000"^^<http://www.w3.org/2001/XMLSchema#double>) >>>
21:07:59 [INFO] Loading source SimpleTable { arity: 2, data: [AnyDataValue(Iri(IriDataValue("c_5"))), AnyDataValue(Iri(IriDataValue("c_12")))] }
21:07:59 [INFO] Execution step: Body
21:07:59 [INFO] Trie does not contain any elements
21:07:59 [INFO] Execution step: Duplicate Elimination (Datalog)
21:07:59 [INFO] Trie does not contain any elements
21:07:59 [INFO] Rule duration: 0 ms
21:07:59 [INFO] <<< STEP 19: APPLYING RULE 13 R_30(?X_3, ?X_2, ?X_3) :- R_7(?X_3, ?X_2, ?_BODY_1, ?_BODY_2, ?_BODY_3, ?_BODY_4), Equal(?_BODY_1, ?X_3), Equal(?_BODY_2, ?X_3), Equal(?_BODY_3, ?X_2), Equal(?_BODY_4, "112"^^<http://www.w3.org/2001/XMLSchema#double>) >>>
21:07:59 [INFO] Loading source SimpleTable { arity: 3, data: [AnyDataValue(UnsignedLong(UnsignedLongDataValue(1776970104991713843))), AnyDataValue(Iri(IriDataValue("c_21"))), AnyDataValue(Iri(IriDataValue("c_28")))] }
21:07:59 [INFO] Execution step: Body
21:07:59 [INFO] Trie does not contain any elements
21:07:59 [INFO] Execution step: Duplicate Elimination (Datalog)
21:07:59 [INFO] Trie does not contain any elements
21:07:59 [INFO] Rule duration: 0 ms
21:07:59 [INFO] <<< STEP 20: APPLYING RULE 15 R_39(?X_1, ?X_3, ?X_4, ?X_5, "StationA") :- HeatAffectedState(?X_1, ?X_3, ?X_4), HeatAffectedState(?X_5, ?X_3, ?_BODY_1), Equal(?_BODY_1, "StationA") >>>
21:07:59 [INFO] Execution step: Body
21:07:59 [INFO] Trie does not contain any elements
21:07:59 [INFO] Execution step: Duplicate Elimination (Datalog)
21:07:59 [INFO] Trie does not contain any elements
21:07:59 [INFO] Rule duration: 0 ms
21:07:59 [INFO] <<< STEP 21: APPLYING RULE 16 R_43(?X_4, ?X_5, ?X_3, "115.2"^^<http://www.w3.org/2001/XMLSchema#double>, ?X_4) :- R_43(?X_4, ?X_5, ?X_3, ?_BODY_1, ?_BODY_2), Equal(?_BODY_1, "115.2"^^<http://www.w3.org/2001/XMLSchema#double>), Equal(?_BODY_2, ?X_4) >>>
21:07:59 [INFO] Loading source SimpleTable { arity: 5, data: [AnyDataValue(PlainString(StringDataValue("str_1"))), AnyDataValue(Double(DoubleDataValue(213.5))), AnyDataValue(UnsignedLong(UnsignedLongDataValue(3289905969709585503))), AnyDataValue(Double(DoubleDataValue(112.0))), AnyDataValue(UnsignedLong(UnsignedLongDataValue(9844972426591555457)))] }
21:07:59 [INFO] Execution step: Body
21:07:59 [INFO] Trie does not contain any elements
21:07:59 [INFO] Execution step: Duplicate Elimination (Datalog)
21:07:59 [INFO] Trie does not contain any elements
21:07:59 [INFO] Rule duration: 0 ms
21:07:59 [INFO] <<< STEP 22: APPLYING RULE 21 R_10("StationA", ?X_4, ?X_3, ?X_2) :- HeavyWind(?_BODY_1, ?X_4, ?X_3), HeavyWind(?Y_1, ?X_2, ?_BODY_2), TempAbove41DiamondMinus1(?X_3, ?X_2, ?Z_1), Equal(?_BODY_1, "StationA"), Equal(?_BODY_2, ?X_2) >>>
21:07:59 [INFO] Loading source SimpleTable { arity: 4, data: [AnyDataValue(Iri(IriDataValue("c_41"))), AnyDataValue(PlainString(StringDataValue("str_18"))), AnyDataValue(Double(DoubleDataValue(213.5))), AnyDataValue(UnsignedLong(UnsignedLongDataValue(1942892765354379908)))] }
21:07:59 [INFO] Execution step: Body
21:07:59 [INFO] Trie does not contain any elements
21:07:59 [INFO] Execution step: Duplicate Elimination (Datalog)
21:07:59 [INFO] Trie does not contain any elements
21:07:59 [INFO] Rule duration: 0 ms
21:07:59 [INFO] <<< STEP 23: APPLYING RULE 25 R_17(?X_6, "213.4"^^<http://www.w3.org/2001/XMLSchema#double>, ?X_4, ?X_3, ?X_1, ?X_5) :- HeatAffectedState(?X_6, ?_BODY_1, ?X_4), HeatAffectedState(?X_3, ?X_1, ?X_5), R_13(?X_4, ?X_1, ?X_3, ?Z_1), Equal(?_BODY_1, "213.4"^^<http://www.w3.org/2001/XMLSchema#double>) >>>
21:07:59 [INFO] Execution step: Body
21:07:59 [INFO] Trie does not contain any elements
21:07:59 [INFO] Execution step: Duplicate Elimination (Datalog)
21:07:59 [INFO] Trie does not contain any elements
21:07:59 [INFO] Rule duration: 0 ms
21:07:59 [INFO] <<< STEP 24: APPLYING RULE 38 R_1(?X_1, "117.1"^^<http://www.w3.org/2001/XMLSchema#double>) :- R_30(?_BODY_1, ?_BODY_2, ?X_1), R_39(?X_1, ?Z_1, ?_BODY_3, ?_BODY_4, ?_BODY_5), Equal(?_BODY_1, "117.1"^^<http://www.w3.org/2001/XMLSchema#double>), Equal(?_BODY_2, "117.1"^^<http://www.w3.org/2001/XMLSchema#double>), Equal(?_BODY_3, ?X_1), Equal(?_BODY_4, ?X_1), Equal(?_BODY_5, "StationA") >>>
21:07:59 [INFO] Loading source SimpleTable { arity: 2, data: [AnyDataValue(Double(DoubleDataValue(1000.0))), AnyDataValue(Double(DoubleDataValue(115.2))), AnyDataValue(PlainString(StringDataValue("StationA"))), AnyDataValue(PlainString(StringDataValue("str_3"))), AnyDataValue(Double(DoubleDataValue(115.2))), AnyDataValue(PlainString(StringDataValue("str_14")))] }
21:07:59 [INFO] Execution step: Body
21:07:59 [INFO] Trie does not contain any elements
21:07:59 [INFO] Execution step: Duplicate Elimination (Datalog)
21:07:59 [INFO] Trie does not contain any elements
21:07:59 [INFO] Rule duration: 0 ms
21:07:59 [INFO] <<< STEP 25: APPLYING RULE 22 R_18(?X_1) :- TempAbove41(?Y_1, ?X_1, ?_BODY_1), R_1(?Y_1, ?X_1), Equal(?_BODY_1, ?X_1) >>>
21:07:59 [INFO] Execution step: Project/Reorder
21:07:59 [INFO] Saved temporary table: 3 entries (7036)
21:07:59 [INFO] Execution step: Body
21:07:59 [INFO] Trie does not contain any elements
21:07:59 [INFO] Execution step: Duplicate Elimination (Datalog)
21:07:59 [INFO] Trie does not contain any elements
21:07:59 [INFO] Rule duration: 0 ms
21:07:59 [INFO] <<< STEP 26: APPLYING RULE 28 R_36(?X_4, ?X_5, ?X_1, ?X_4, ?X_3, ?X_2) :- R_36(?X_4, ?X_5, ?X_1, ?_BODY_1, ?X_3, ?X_2), R_18(?X_3), Equal(?_BODY_1, ?X_4) >>>
21:07:59 [INFO] Execution step: Body
21:07:59 [INFO] Trie does not contain any elements
21:07:59 [INFO] Execution step: Duplicate Elimination (Datalog)
21:07:59 [INFO] Trie does not contain any elements
21:07:59 [INFO] Rule duration: 0 ms
21:07:59 [INFO] <<< STEP 27: APPLYING RULE 19 R_32(?X_1, "Ohio") :- R_36(?X_1, ?_BODY_1, ?_BODY_2, ?Y_1, ?_BODY_3, ?_BODY_4), HeatAffectedState(?X_1, ?_BODY_5, ?_BODY_6), TempAbove24(?X_1, ?_BODY_7, ?_BODY_8), Equal(?_BODY_1, "Ohio"), Equal(?_BODY_2, ?X_1), Equal(?_BODY_3, "Ohio"), Equal(?_BODY_4, "Ohio"), Equal(?_BODY_5, ?X_1), Equal(?_BODY_6, "117.1"^^<http://www.w3.org/2001/XMLSchema#double>), Equal(?_BODY_7, ?X_1), Equal(?_BODY_8, ?X_1) >>>
21:07:59 [INFO] Loading source SimpleTable { arity: 2, data: [AnyDataValue(PlainString(StringDataValue("str_7"))), AnyDataValue(Iri(IriDataValue("c_5")))] }
21:07:59 [INFO] Execution step: Project/Reorder
21:07:59 [INFO] Saved temporary table: 1 entries (10364)
21:07:59 [INFO] Execution step: Project/Reorder
21:07:59 [INFO] Saved temporary table: 1 entries (10364)
21:07:59 [INFO] Execution step: Body
21:07:59 [INFO] Trie does not contain any elements
21:07:59 [INFO] Execution step: Duplicate Elimination (Datalog)
21:07:59 [INFO] Trie does not contain any elements
21:07:59 [INFO] Rule duration: 0 ms
21:07:59 [INFO] <<< STEP 28: APPLYING RULE 6 R_2(?X_1) :- R_4(?_BODY_1, ?Y_1, ?X_1, ?_BODY_2, ?_BODY_3, ?_BODY_4), Equal(?_BODY_1, "StationA"), Equal(?_BODY_2, "StationA"), Equal(?_BODY_3, "StationA"), Equal(?_BODY_4, ?Y_1) >>>
21:07:59 [INFO] Execution step: Body
21:07:59 [INFO] Trie does not contain any elements
21:07:59 [INFO] Execution step: Duplicate Elimination (Datalog)
21:07:59 [INFO] Trie does not contain any elements
21:07:59 [INFO] Rule duration: 0 ms
21:07:59 [INFO] <<< STEP 29: APPLYING RULE 11 R_27(?X_1, ?X_2) :- R_3(?Y_1, ?X_1, ?X_2, ?_BODY_1, ?_BODY_2), Equal(?_BODY_1, ?X_2), Equal(?_BODY_2, ?X_1) >>>
21:07:59 [INFO] Loading source SimpleTable { arity: 2, data: [AnyDataValue(Iri(IriDataValue("c_6"))), AnyDataValue(UnsignedLong(UnsignedLongDataValue(1828633221354522822)))] }
21:07:59 [INFO] Execution step: Body
21:07:59 [INFO] Trie does not contain any elements
21:07:59 [INFO] Execution step: Duplicate Elimination (Datalog)
21:07:59 [INFO] Trie does not contain any elements
21:07:59 [INFO] Rule duration: 0 ms
21:07:59 [INFO] <<< STEP 30: APPLYING RULE 17 R_20(?X_3, ?X_1, "213.5"^^<http://www.w3.org/2001/XMLSchema#double>) :- R_25(?X_3, ?X_1, ?_BODY_1, ?_BODY_2), ExcessiveHeat(?X_3, ?_BODY_3, ?_BODY_4), Equal(?_BODY_1, "213.5"^^<http://www.w3.org/2001/XMLSchema#double>), Equal(?_BODY_2, "StationA"), Equal(?_BODY_3, "115.2"^^<http://www.w3.org/2001/XMLSchema#double>), Equal(?_BODY_4, ?X_3) >>>
21:07:59 [INFO] Loading source SimpleTable { arity: 4, data: [AnyDataValue(Iri(IriDataValue("c_29"))), AnyDataValue(PlainString(StringDataValue("str_21"))), AnyDataValue(Iri(IriDataValue("c_11"))), AnyDataValue(Iri(IriDataValue("c_30"))), AnyDataValue(PlainString(StringDataValue("str_20"))), AnyDataValue(UnsignedLong(UnsignedLongDataValue(4937875680956039857))), AnyDataValue(Iri(IriDataValue("c_11"))), AnyDataValue(Iri(IriDataValue("c_32")))] }
21:07:59 [INFO] Loading source SimpleTable { arity: 3, data: [AnyDataValue(PlainString(StringDataValue("str_8"))), AnyDataValue(Double(DoubleDataValue(111.7))), AnyDataValue(PlainString(StringDataValue("Ohio")))] }
21:07:59 [INFO] Execution step: Project/Reorder
21:07:59 [INFO] Saved temporary table: 1 entries (10364)
21:07:59 [INFO] Execution step: Body
21:07:59 [INFO] Trie does not contain any elements
21:07:59 [INFO] Execution step: Duplicate Elimination (Datalog)
21:07:59 [INFO] Trie does not contain any elements
21:07:59 [INFO] Rule duration: 0 ms
21:07:59 [INFO] <<< STEP 31: APPLYING RULE 20 R_11(?X_3, ?X_3, ?X_4, "StationA") :- R_2(?X_3), R_2(?X_3), R_2(?X_4), R_2(?_BODY_1), TempAbove41(?X_3, ?_BODY_2, ?X_4), Equal(?_BODY_1, "StationA"), Equal(?_BODY_2, ?X_3) >>>
21:07:59 [INFO] Loading source SimpleTable { arity: 4, data: [AnyDataValue(Double(DoubleDataValue(213.4))), AnyDataValue(Iri(IriDataValue("c_1"))), AnyDataValue(Double(DoubleDataValue(0.0))), AnyDataValue(PlainString(StringDataValue("str_4"))), AnyDataValue(PlainString(StringDataValue("str_8"))), AnyDataValue(PlainString(StringDataValue("str_9"))), AnyDataValue(Iri(IriDataValue("c_6"))), AnyDataValue(Double(DoubleDataValue(115.2))), AnyDataValue(Double(DoubleDataValue(115.2))), AnyDataValue(Iri(IriDataValue("c_11"))), AnyDataValue(Double(DoubleDataValue(115.2))), AnyDataValue(PlainString(StringDataValue("str_10")))] }
21:07:59 [INFO] Execution step: Body
21:07:59 [INFO] Trie does not contain any elements
21:07:59 [INFO] Execution step: Duplicate Elimination (Datalog)
21:07:59 [INFO] Trie does not contain any elements
21:07:59 [INFO] Rule duration: 0 ms
21:07:59 [INFO] <<< STEP 32: APPLYING RULE 23 R_3(?X_5, "112"^^<http://www.w3.org/2001/XMLSchema#double>, ?X_2, ?X_2, ?X_3) :- HeavyWindForce(?X_5, ?_BODY_1, ?X_2), HeavyWindForce(?X_2, ?X_3, ?_BODY_2), R_4(?Z_3, ?X_3, ?X_2, ?_BODY_3, ?X_5, ?_BODY_4), Equal(?_BODY_1, "112"^^<http://www.w3.org/2001/XMLSchema#double>), Equal(?_BODY_2, ?X_2), Equal(?_BODY_3, ?X_2), Equal(?_BODY_4, ?X_2) >>>
21:07:59 [INFO] Execution step: Body
21:07:59 [INFO] Trie does not contain any elements
21:07:59 [INFO] Execution step: Duplicate Elimination (Datalog)
21:07:59 [INFO] Trie does not contain any elements
21:07:59 [INFO] Rule duration: 0 ms
21:07:59 [INFO] <<< STEP 33: APPLYING RULE 24 R_25(?X_1, ?X_2, ?X_3, ?X_4) :- R_4(?X_1, ?_BODY_1, ?X_3, ?X_4, ?_BODY_2, ?X_2), R_8(?X_2, ?X_4, ?X_3, ?Z_2), Equal(?_BODY_1, "118"^^<http://www.w3.org/2001/XMLSchema#double>), Equal(?_BODY_2, "118"^^<http://www.w3.org/2001/XMLSchema#double>) >>>
21:07:59 [INFO] Loading source SimpleTable { arity: 4, data: [AnyDataValue(Iri(IriDataValue("c_23"))), AnyDataValue(PlainString(StringDataValue("str_14"))), AnyDataValue(PlainString(StringDataValue("Ohio"))), AnyDataValue(UnsignedLong(UnsignedLongDataValue(3801593072168320569)))] }
21:07:59 [INFO] Execution step: Body
21:07:59 [INFO] Trie does not contain any elements
21:07:59 [INFO] Execution step: Duplicate Elimination (Datalog)
21:07:59 [INFO] Trie does not contain any elements
21:07:59 [INFO] Rule duration: 0 ms
21:07:59 [INFO] <<< STEP 34: APPLYING RULE 26 R_42("StationA", ?X_5, ?X_3, ?X_1, ?X_2, ?X_4) :- R_38(?X_4, ?X_5, ?X_3, ?_BODY_1, ?Y_2), R_38(?X_4, ?X_3, ?X_1, ?X_2, ?_BODY_2), TempConstantOver24AtLeastFor1(?X_1, ?X_5, ?Y_2), R_15(?X_1, ?X_4, ?X_3, ?X_5, ?Z_6), Equal(?_BODY_1, ?X_5), Equal(?_BODY_2, "StationA") >>>
21:07:59 [INFO] Loading source SimpleTable { arity: 5, data: [AnyDataValue(Iri(IriDataValue("c_15"))), AnyDataValue(PlainString(StringDataValue("str_7"))), AnyDataValue(PlainString(StringDataValue("str_12"))), AnyDataValue(Iri(IriDataValue("c_16"))), AnyDataValue(PlainString(StringDataValue("str_6")))] }
21:07:59 [INFO] Loading source SimpleTable { arity: 6, data: [AnyDataValue(PlainString(StringDataValue("str_17"))), AnyDataValue(Iri(IriDataValue("c_15"))), AnyDataValue(PlainString(StringDataValue("StationA"))), AnyDataValue(PlainString(StringDataValue("str_12"))), AnyDataValue(Iri(IriDataValue("c_22"))), AnyDataValue(PlainString(StringDataValue("StationA"))), AnyDataValue(Iri(IriDataValue("c_42"))), AnyDataValue(Iri(IriDataValue("c_43"))), AnyDataValue(PlainString(StringDataValue("str_12"))), AnyDataValue(Iri(IriDataValue("c_21"))), AnyDataValue(Iri(IriDataValue("c_14"))), AnyDataValue(Iri(IriDataValue("c_29")))] }
21:07:59 [INFO] Execution step: Body
21:07:59 [INFO] Trie does not contain any elements
21:07:59 [INFO] Execution step: Duplicate Elimination (Datalog)
21:07:59 [INFO] Trie does not contain any elements
21:07:59 [INFO] Rule duration: 0 ms
21:07:59 [INFO] <<< STEP 35: APPLYING RULE 29 R_15("118"^^<http://www.w3.org/2001/XMLSchema#double>, ?X_5, ?X_4, ?X_1, ?X_2) :- R_17(?_BODY_1, ?_BODY_2, ?X_4, ?X_1, ?X_2, ?X_5), R_11(?Z_2, ?X_5, ?_BODY_3, ?X_1), R_20(?X_1, ?Z_6, ?Z_5), Equal(?_BODY_1, "118"^^<http://www.w3.org/2001/XMLSchema#double>), Equal(?_BODY_2, "118"^^<http://www.w3.org/2001/XMLSchema#double>), Equal(?_BODY_3, ?X_5) >>>
21:07:59 [INFO] Execution step: Body
21:07:59 [INFO] Trie does not contain any elements
21:07:59 [INFO] Execution step: Duplicate Elimination (Datalog)
21:07:59 [INFO] Trie does not contain any elements
21:07:59 [INFO] Rule duration: 0 ms
21:07:59 [INFO] <<< STEP 36: APPLYING RULE 30 R_37(?X_5, "0"^^<http://www.w3.org/2001/XMLSchema#double>, ?X_4, ?X_3, ?X_2) :- LocatedInState(?X_5, ?Y_1, ?X_4, ?_BODY_1), LocatedInState(?_BODY_2, ?X_2, ?X_3, ?_BODY_3), R_21(?Z_7), HeavyWindAffectedState(?X_4, ?Y_1, ?_BODY_4), R_7(?X_4, ?X_3, ?_BODY_5, ?Y_1, ?X_5, ?X_2), Equal(?_BODY_1, ?Y_1), Equal(?_BODY_2, "1000"^^<http://www.w3.org/2001/XMLSchema#double>), Equal(?_BODY_3, "0"^^<http://www.w3.org/2001/XMLSchema#double>), Equal(?_BODY_4, "Ohio"), Equal(?_BODY_5, ?X_3) >>>
21:07:59 [INFO] Loading source SimpleTable { arity: 5, data: [AnyDataValue(Iri(IriDataValue("c_4"))), AnyDataValue(PlainString(StringDataValue("str_18"))), AnyDataValue(PlainString(StringDataValue("str_19"))), AnyDataValue(PlainString(StringDataValue("StationA"))), AnyDataValue(PlainString(StringDataValue("str_20")))] }
21:07:59 [INFO] Execution step: Project/Reorder
21:07:59 [INFO] Saved temporary table: 2 entries (10432)
21:07:59 [INFO] Execution step: Project/Reorder
21:07:59 [INFO] Trie does not contain any elements
21:07:59 [INFO] Execution step: Body
21:07:59 [INFO] Trie does not contain any elements
21:07:59 [INFO] Execution step: Duplicate Elimination (Datalog)
21:07:59 [INFO] Trie does not contain any elements
21:07:59 [INFO] Rule duration: 0 ms
21:07:59 [INFO] <<< STEP 37: APPLYING RULE 32 R_16(?X_4, ?X_5, ?X_1, ?X_6, ?X_2, ?X_3) :- R_29(?X_4, ?X_5, ?X_1, ?X_6, ?X_2, ?X_3), HeavyWind(?X_3, ?X_1, ?_BODY_1), R_26(?Z_5, ?X_3, ?X_6, ?_BODY_2), Equal(?_BODY_1, "StationA"), Equal(?_BODY_2, "0"^^<http://www.w3.org/2001/XMLSchema#double>) >>>
21:07:59 [INFO] Loading source SimpleTable { arity: 6, data: [AnyDataValue(Iri(IriDataValue("c_33"))), AnyDataValue(UnsignedLong(UnsignedLongDataValue(3801593072168320569))), AnyDataValue(Iri(IriDataValue("c_35"))), AnyDataValue(Iri(IriDataValue("c_36"))), AnyDataValue(Iri(IriDataValue("c_37"))), AnyDataValue(Iri(IriDataValue("c_38")))] }
21:07:59 [INFO] Loading source SimpleTable { arity: 4, data: [AnyDataValue(UnsignedLong(UnsignedLongDataValue(5763926035269734135))), AnyDataValue(Iri(IriDataValue("c_21"))), AnyDataValue(PlainString(StringDataValue("str_13"))), AnyDataValue(Iri(IriDataValue("c_15"))), AnyDataValue(PlainString(StringDataValue("str_7"))), AnyDataValue(Iri(IriDataValue("c_31"))), AnyDataValue(PlainString(StringDataValue("str_22"))), AnyDataValue(UnsignedLong(UnsignedLongDataValue(1828633221354522822)))] }
21:07:59 [INFO] Execution step: Body
21:07:59 [INFO] Trie does not contain any elements
21:07:59 [INFO] Execution step: Duplicate Elimination (Datalog)
21:07:59 [INFO] Trie does not contain any elements
21:07:59 [INFO] Rule duration: 0 ms
21:07:59 [INFO] <<< STEP 38: APPLYING RULE 33 R_21(?X_1) :- R_16(?Y_1, ?X_1, ?_BODY_1, ?_BODY_2, ?_BODY_3, ?_BODY_4), R_27(?X_1, ?_BODY_5), R_17(?X_1, ?_BODY_6, ?_BODY_7, ?_BODY_8, ?Y_1, ?_BODY_9), Equal(?_BODY_1, ?X_1), Equal(?_BODY_2, ?X_1), Equal(?_BODY_3, "StationA"), Equal(?_BODY_4, "StationA"), Equal(?_BODY_5, ?X_1), Equal(?_BODY_6, ?X_1), Equal(?_BODY_7, ?X_1), Equal(?_BODY_8, "StationA"), Equal(?_BODY_9, ?X_1) >>>
21:07:59 [INFO] Execution step: Project/Reorder
21:07:59 [INFO] Trie does not contain any elements
21:07:59 [INFO] Execution step: Body
21:07:59 [INFO] Trie does not contain any elements
21:07:59 [INFO] Execution step: Duplicate Elimination (Datalog)
21:07:59 [INFO] Trie does not contain any elements
21:07:59 [INFO] Rule duration: 0 ms
21:07:59 [INFO] <<< STEP 39: APPLYING RULE 34 R_26(?X_4, "StationA", ?X_1, ?X_1) :- R_29(?X_4, ?_BODY_1, ?X_1, ?_BODY_2, ?_BODY_3, ?_BODY_4), R_29(?X_4, ?X_1, ?Z_3, ?_BODY_5, ?_BODY_6, ?_BODY_7), Equal(?_BODY_1, "StationA"), Equal(?_BODY_2, ?X_1), Equal(?_BODY_3, ?X_4), Equal(?_BODY_4, ?X_1), Equal(?_BODY_5, "113.4"^^<http://www.w3.org/2001/XMLSchema#double>), Equal(?_BODY_6, ?X_1), Equal(?_BODY_7, ?X_1) >>>
21:07:59 [INFO] Execution step: Body
21:07:59 [INFO] Trie does not contain any elements
21:07:59 [INFO] Execution step: Duplicate Elimination (Datalog)
21:07:59 [INFO] Trie does not contain any elements
21:07:59 [INFO] Rule duration: 0 ms
21:07:59 [INFO] <<< STEP 40: APPLYING RULE 35 R_41(?X_1) :- R_21(?X_1), R_33(?Z_1, ?X_1, ?_BODY_1, ?_BODY_2), Equal(?_BODY_1, "210"^^<http://www.w3.org/2001/XMLSchema#double>), Equal(?_BODY_2, ?X_1) >>>
21:07:59 [INFO] Execution step: Body
21:07:59 [INFO] Trie does not contain any elements
21:07:59 [INFO] Execution step: Duplicate Elimination (Datalog)
21:07:59 [INFO] Trie does not contain any elements
21:07:59 [INFO] Rule duration: 0 ms
21:07:59 [INFO] <<< STEP 41: APPLYING RULE 36 R_8(?X_3, ?X_4, "1000"^^<http://www.w3.org/2001/XMLSchema#double>, ?X_1) :- TempAbove41DiamondMinus1(?X_4, ?_BODY_1, ?_BODY_2), TempAbove41DiamondMinus1(?X_4, ?X_1, ?X_3), R_32(?Z_1, ?Z_2), R_37(?Z_6, ?X_1, ?X_4, ?_BODY_3, ?_BODY_4), Equal(?_BODY_1, ?X_4), Equal(?_BODY_2, "1000"^^<http://www.w3.org/2001/XMLSchema#double>), Equal(?_BODY_3, ?X_1), Equal(?_BODY_4, ?X_4) >>>
21:07:59 [INFO] Execution step: Body
21:07:59 [INFO] Trie does not contain any elements
21:07:59 [INFO] Execution step: Duplicate Elimination (Datalog)
21:07:59 [INFO] Trie does not contain any elements
21:07:59 [INFO] Rule duration: 0 ms
21:07:59 [INFO] <<< STEP 42: APPLYING RULE 37 R_29(?X_3, ?X_6, "0"^^<http://www.w3.org/2001/XMLSchema#double>, ?X_1, ?X_5, ?X_4) :- R_4(?X_3, ?X_6, ?_BODY_1, ?X_1, ?X_5, ?X_4), R_28(?X_6, ?X_1), R_38(?_BODY_2, ?X_3, ?X_4, ?_BODY_3, ?_BODY_4), R_30(?_BODY_5, ?X_4, ?X_6), Equal(?_BODY_1, "0"^^<http://www.w3.org/2001/XMLSchema#double>), Equal(?_BODY_2, "213.4"^^<http://www.w3.org/2001/XMLSchema#double>), Equal(?_BODY_3, ?X_3), Equal(?_BODY_4, ?X_4), Equal(?_BODY_5, "Ohio") >>>
21:07:59 [INFO] Execution step: Project/Reorder
21:07:59 [INFO] Saved temporary table: 1 entries (10312)
21:07:59 [INFO] Execution step: Body
21:07:59 [INFO] Trie does not contain any elements
21:07:59 [INFO] Execution step: Duplicate Elimination (Datalog)
21:07:59 [INFO] Trie does not contain any elements
21:07:59 [INFO] Rule duration: 0 ms
21:07:59 [INFO] <<< STEP 43: APPLYING RULE 39 R_4(?X_2, ?X_1, ?X_6, "213.5"^^<http://www.w3.org/2001/XMLSchema#double>, ?X_5, ?X_3) :- R_34(?X_2, ?X_1, ?X_6, ?_BODY_1, ?X_5, ?X_3), R_10(?X_3, ?Z_3, ?Z_2, ?Z_1), R_41(?X_6), Equal(?_BODY_1, "213.5"^^<http://www.w3.org/2001/XMLSchema#double>) >>>
21:07:59 [INFO] Loading source SimpleTable { arity: 6, data: [AnyDataValue(PlainString(StringDataValue("str_23"))), AnyDataValue(PlainString(StringDataValue("str_14"))), AnyDataValue(Iri(IriDataValue("c_39"))), AnyDataValue(UnsignedLong(UnsignedLongDataValue(17890679289594062797))), AnyDataValue(Iri(IriDataValue("c_40"))), AnyDataValue(PlainString(StringDataValue("str_24")))] }
21:07:59 [INFO] Execution step: Body
21:07:59 [INFO] Trie does not contain any elements
21:07:59 [INFO] Execution step: Duplicate Elimination (Datalog)
21:07:59 [INFO] Trie does not contain any elements
21:07:59 [INFO] Rule duration: 0 ms
21:07:59 [INFO] <<< STEP 44: APPLYING RULE 40 R_38(?X_3, ?X_1, ?X_3, ?X_2, ?X_4) :- R_37(?X_3, ?X_1, ?_BODY_1, ?X_2, ?X_4), R_25(?Z_4, ?Z_1, ?X_4, ?X_3), R_34(?X_3, ?Z_4, ?_BODY_2, ?X_2, ?Z_1, ?_BODY_3), R_42(?Z_5, ?Z_4, ?Z_1, ?Z_9, ?_BODY_4, ?Z_2), Equal(?_BODY_1, ?X_3), Equal(?_BODY_2, "1000"^^<http://www.w3.org/2001/XMLSchema#double>), Equal(?_BODY_3, ?X_3), Equal(?_BODY_4, "1000"^^<http://www.w3.org/2001/XMLSchema#double>) >>>
21:07:59 [INFO] Execution step: Body
21:07:59 [INFO] Trie does not contain any elements
21:07:59 [INFO] Execution step: Duplicate Elimination (Datalog)
21:07:59 [INFO] Trie does not contain any elements
21:07:59 [INFO] Rule duration: 0 ms
21:07:59 [INFO] <<< STEP 45: APPLYING RULE 41 R_34(?X_4, ?X_3, ?X_2, ?X_2, "115.3"^^<http://www.w3.org/2001/XMLSchema#double>, ?X_1) :- R_42(?X_4, ?X_3, ?X_2, ?_BODY_1, ?_BODY_2, ?X_1), R_43(?X_4, ?X_1, ?_BODY_3, ?X_3, ?X_2), Equal(?_BODY_1, ?X_2), Equal(?_BODY_2, "115.3"^^<http://www.w3.org/2001/XMLSchema#double>), Equal(?_BODY_3, ?X_4) >>>
21:07:59 [INFO] Execution step: Project/Reorder
21:07:59 [INFO] Saved temporary table: 1 entries (17224)
21:07:59 [INFO] Execution step: Body
21:07:59 [INFO] Trie does not contain any elements
21:07:59 [INFO] Execution step: Duplicate Elimination (Datalog)
21:07:59 [INFO] Trie does not contain any elements
21:07:59 [INFO] Rule duration: 0 ms
21:07:59 [INFO] <<< STEP 46: APPLYING RULE 18 R_9("213.5"^^<http://www.w3.org/2001/XMLSchema#double>, ?X_2, ?X_3, ?X_6, ?X_5, ?X_1) :- R_36(?_BODY_1, ?X_2, ?X_3, ?X_6, ?X_5, ?X_1), LocatedInState(?X_2, ?Z_1, ?X_5, ?X_1), Equal(?_BODY_1, "213.5"^^<http://www.w3.org/2001/XMLSchema#double>) >>>
21:07:59 [INFO] Loading source SimpleTable { arity: 6, data: [AnyDataValue(Double(DoubleDataValue(118.0))), AnyDataValue(UnsignedLong(UnsignedLongDataValue(9171743670471292552))), AnyDataValue(PlainString(StringDataValue("str_15"))), AnyDataValue(PlainString(StringDataValue("str_7"))), AnyDataValue(PlainString(StringDataValue("str_16"))), AnyDataValue(UnsignedLong(UnsignedLongDataValue(12709319246427169672)))] }
21:07:59 [INFO] Execution step: Body
21:07:59 [INFO] Trie does not contain any elements
21:07:59 [INFO] Execution step: Duplicate Elimination (Datalog)
21:07:59 [INFO] Trie does not contain any elements
21:07:59 [INFO] Rule duration: 0 ms
21:07:59 [INFO] <<< STEP 47: APPLYING RULE 27 R_22(?X_4, ?X_3, ?X_2, "StationA", ?X_1) :- R_29(?X_4, ?X_1, ?X_2, ?_BODY_1, ?_BODY_2, ?X_3), R_16(?X_2, ?X_1, ?X_4, ?Z_2, ?X_3, ?Z_3), Equal(?_BODY_1, "StationA"), Equal(?_BODY_2, ?X_1) >>>
21:07:59 [INFO] Execution step: Body
21:07:59 [INFO] Trie does not contain any elements
21:07:59 [INFO] Execution step: Duplicate Elimination (Datalog)
21:07:59 [INFO] Trie does not contain any elements
21:07:59 [INFO] Rule duration: 0 ms
21:07:59 [INFO] <<< STEP 48: APPLYING RULE 31 R_OUT(?X_1) :- TempConstantOver24AtLeastFor1(?X_1, ?_BODY_1, ?_BODY_2), R_9(?_BODY_3, ?X_1, ?_BODY_4, ?_BODY_5, ?_BODY_6, ?Z_2), R_22(?Z_1, ?Z_4, ?X_1, ?Z_2, ?_BODY_7), Equal(?_BODY_1, ?X_1), Equal(?_BODY_2, ?X_1), Equal(?_BODY_3, "Ohio"), Equal(?_BODY_4, ?X_1), Equal(?_BODY_5, ?X_1), Equal(?_BODY_6, ?X_1), Equal(?_BODY_7, ?X_1) >>>
21:07:59 [INFO] Execution step: Body
21:07:59 [INFO] Trie does not contain any elements
21:07:59 [INFO] Execution step: Duplicate Elimination (Datalog)
21:07:59 [INFO] Trie does not contain any elements
21:07:59 [INFO] Rule duration: 0 ms
21:07:59 [INFO] ----------------------------------------------
21:07:59 [INFO] --- Finished Nemo Execution - Input Program --
21:07:59 [INFO] Output size: 0
21:07:59 [INFO] ----------------------------------------------
21:07:59 [INFO] 
21:07:59 [INFO] ----------------------------------------------
21:07:59 [INFO] Beginning Nemo Execution - Transformed Program
21:07:59 [INFO] ----------------------------------------------
21:07:59 [INFO] Stratified program: [[0, 1, 2, 3, 4, 5, 7, 8, 9, 10, 11, 14, 18, 30, 33, 38, 42], [39, 40, 41, 43], [6, 12, 13, 15, 16, 17, 19, 20, 21, 22, 23, 24, 25, 26, 27, 28, 29, 31, 32, 34, 35, 36, 37, 44]]
21:07:59 [INFO] <<< STEP 1: APPLYING RULE 0 TempAbove41DiamondMinus1(?Station, ?Start, ?_HEAD_1) :- TempAbove41(?Station, ?Start, ?End), Equal(?_HEAD_1, NumericSum(?End, "1"^^<http://www.w3.org/2001/XMLSchema#double>)) >>>
21:07:59 [INFO] Loading source SimpleTable { arity: 3, data: [AnyDataValue(PlainString(StringDataValue("StationA"))), AnyDataValue(Double(DoubleDataValue(213.4))), AnyDataValue(Double(DoubleDataValue(213.5)))] }
21:07:59 [INFO] Execution step: Body
21:07:59 [INFO] Saved temporary table: 1 entries (10316)
21:07:59 [INFO] Execution step: Duplicate Elimination (Datalog)
21:07:59 [INFO] Saved permanent table TempAbove41DiamondMinus1 (1) Permutation { idx_to_val: [], val_to_idx: [] } with 1 entries (10364)
21:07:59 [INFO] Rule duration: 0 ms
21:07:59 [INFO] <<< STEP 2: APPLYING RULE 0 TempAbove41DiamondMinus1(?Station, ?Start, ?_HEAD_1) :- TempAbove41(?Station, ?Start, ?End), Equal(?_HEAD_1, NumericSum(?End, "1"^^<http://www.w3.org/2001/XMLSchema#double>)) >>>
21:07:59 [INFO] Execution step: Body
21:07:59 [INFO] Trie does not contain any elements
21:07:59 [INFO] Execution step: Duplicate Elimination (Datalog)
21:07:59 [INFO] Trie does not contain any elements
21:07:59 [INFO] Rule duration: 0 ms
21:07:59 [INFO] <<< STEP 3: APPLYING RULE 1 TempConstantOver24AtLeastFor1(?Station, ?_HEAD_1, ?End) :- TempAbove24(?Station, ?Start, ?End), NumericLessthan(NumericSum(?Start, "1"^^<http://www.w3.org/2001/XMLSchema#double>), ?End), Equal(?_HEAD_1, NumericSum(?Start, "1"^^<http://www.w3.org/2001/XMLSchema#double>)) >>>
21:07:59 [INFO] Loading source SimpleTable { arity: 3, data: [AnyDataValue(PlainString(StringDataValue("StationA"))), AnyDataValue(Double(DoubleDataValue(210.0))), AnyDataValue(Double(DoubleDataValue(215.0)))] }
21:07:59 [INFO] Execution step: Body
21:07:59 [INFO] Saved temporary table: 1 entries (10316)
21:07:59 [INFO] Execution step: Duplicate Elimination (Datalog)
21:07:59 [INFO] Saved permanent table TempConstantOver24AtLeastFor1 (3) Permutation { idx_to_val: [], val_to_idx: [] } with 1 entries (10364)
21:07:59 [INFO] Rule duration: 0 ms
21:07:59 [INFO] <<< STEP 4: APPLYING RULE 1 TempConstantOver24AtLeastFor1(?Station, ?_HEAD_1, ?End) :- TempAbove24(?Station, ?Start, ?End), NumericLessthan(NumericSum(?Start, "1"^^<http://www.w3.org/2001/XMLSchema#double>), ?End), Equal(?_HEAD_1, NumericSum(?Start, "1"^^<http://www.w3.org/2001/XMLSchema#double>)) >>>
21:07:59 [INFO] Execution step: Body
21:07:59 [INFO] Trie does not contain any elements
21:07:59 [INFO] Execution step: Duplicate Elimination (Datalog)
21:07:59 [INFO] Trie does not contain any elements
21:07:59 [INFO] Rule duration: 0 ms
21:07:59 [INFO] <<< STEP 5: APPLYING RULE 2 ExcessiveHeat(?Station, ?_HEAD_1, ?_HEAD_2) :- TempAbove41DiamondMinus1(?Station, ?Start41, ?End41), TempConstantOver24AtLeastFor1(?Station, ?Start24, ?End24), NumericLessthan(?Start41, ?End24), NumericLessthan(?Start24, ?End41), Equal(?_HEAD_1, NumericSubtraction(NumericMaximum(?Start24, ?Start41), "1"^^<http://www.w3.org/2001/XMLSchema#double>)), Equal(?_HEAD_2, NumericMinimum(?End41, ?End24)) >>>
21:07:59 [INFO] Execution step: Body
21:07:59 [INFO] Saved temporary table: 1 entries (10316)
21:07:59 [INFO] Execution step: Duplicate Elimination (Datalog)
21:07:59 [INFO] Saved permanent table ExcessiveHeat (5) Permutation { idx_to_val: [], val_to_idx: [] } with 1 entries (10364)
21:07:59 [INFO] Rule duration: 0 ms
21:07:59 [INFO] <<< STEP 6: APPLYING RULE 2 ExcessiveHeat(?Station, ?_HEAD_1, ?_HEAD_2) :- TempAbove41DiamondMinus1(?Station, ?Start41, ?End41), TempConstantOver24AtLeastFor1(?Station, ?Start24, ?End24), NumericLessthan(?Start41, ?End24), NumericLessthan(?Start24, ?End41), Equal(?_HEAD_1, NumericSubtraction(NumericMaximum(?Start24, ?Start41), "1"^^<http://www.w3.org/2001/XMLSchema#double>)), Equal(?_HEAD_2, NumericMinimum(?End41, ?End24)) >>>
21:07:59 [INFO] Execution step: Body
21:07:59 [INFO] Trie does not contain any elements
21:07:59 [INFO] Execution step: Duplicate Elimination (Datalog)
21:07:59 [INFO] Trie does not contain any elements
21:07:59 [INFO] Rule duration: 0 ms
21:07:59 [INFO] <<< STEP 7: APPLYING RULE 3 HeatAffectedState(?State, ?_HEAD_1, ?_HEAD_2) :- ExcessiveHeat(?Station, ?StartHeat, ?EndHeat), LocatedInState(?Station, ?State, ?StartIn, ?EndIn), NumericLessthan(?StartHeat, ?EndIn), NumericLessthan(?StartIn, ?EndHeat), Equal(?_HEAD_1, NumericMaximum(?StartHeat, ?StartIn)), Equal(?_HEAD_2, NumericMinimum(?EndHeat, ?EndIn)) >>>
21:07:59 [INFO] Loading source SimpleTable { arity: 4, data: [AnyDataValue(PlainString(StringDataValue("StationA"))), AnyDataValue(PlainString(StringDataValue("Ohio"))), AnyDataValue(Double(DoubleDataValue(0.0))), AnyDataValue(Double(DoubleDataValue(1000.0)))] }
21:07:59 [INFO] Execution step: Body
21:07:59 [INFO] Saved temporary table: 1 entries (10316)
21:07:59 [INFO] Execution step: Duplicate Elimination (Datalog)
21:07:59 [INFO] Saved permanent table HeatAffectedState (7) Permutation { idx_to_val: [], val_to_idx: [] } with 1 entries (10364)
21:07:59 [INFO] Rule duration: 0 ms
21:07:59 [INFO] <<< STEP 8: APPLYING RULE 3 HeatAffectedState(?State, ?_HEAD_1, ?_HEAD_2) :- ExcessiveHeat(?Station, ?StartHeat, ?EndHeat), LocatedInState(?Station, ?State, ?StartIn, ?EndIn), NumericLessthan(?StartHeat, ?EndIn), NumericLessthan(?StartIn, ?EndHeat), Equal(?_HEAD_1, NumericMaximum(?StartHeat, ?StartIn)), Equal(?_HEAD_2, NumericMinimum(?EndHeat, ?EndIn)) >>>
21:07:59 [INFO] Execution step: Body
21:07:59 [INFO] Trie does not contain any elements
21:07:59 [INFO] Execution step: Duplicate Elimination (Datalog)
21:07:59 [INFO] Trie does not contain any elements
21:07:59 [INFO] Rule duration: 0 ms
21:07:59 [INFO] <<< STEP 9: APPLYING RULE 4 HeavyWind(?Station, ?Start, ?End) :- HeavyWindForce(?Station, ?Start, ?End), NumericLessthan(NumericSum(?Start, "1"^^<http://www.w3.org/2001/XMLSchema#double>), ?End) >>>
21:07:59 [INFO] Loading source SimpleTable { arity: 3, data: [AnyDataValue(PlainString(StringDataValue("StationA"))), AnyDataValue(Double(DoubleDataValue(111.7))), AnyDataValue(Double(DoubleDataValue(112.0))), AnyDataValue(PlainString(StringDataValue("StationA"))), AnyDataValue(Double(DoubleDataValue(113.4))), AnyDataValue(Double(DoubleDataValue(115.2))), AnyDataValue(PlainString(StringDataValue("StationA"))), AnyDataValue(Double(DoubleDataValue(115.3))), AnyDataValue(Double(DoubleDataValue(117.0))), AnyDataValue(PlainString(StringDataValue("StationA"))), AnyDataValue(Double(DoubleDataValue(117.1))), AnyDataValue(Double(DoubleDataValue(118.0)))] }
21:07:59 [INFO] Execution step: Body
21:07:59 [INFO] Saved temporary table: 2 entries (10380)
21:07:59 [INFO] Execution step: Duplicate Elimination (Datalog)
21:07:59 [INFO] Saved permanent table HeavyWind (9) Permutation { idx_to_val: [], val_to_idx: [] } with 2 entries (10428)
21:07:59 [INFO] Rule duration: 0 ms
21:07:59 [INFO] <<< STEP 10: APPLYING RULE 4 HeavyWind(?Station, ?Start, ?End) :- HeavyWindForce(?Station, ?Start, ?End), NumericLessthan(NumericSum(?Start, "1"^^<http://www.w3.org/2001/XMLSchema#double>), ?End) >>>
21:07:59 [INFO] Execution step: Body
21:07:59 [INFO] Trie does not contain any elements
21:07:59 [INFO] Execution step: Duplicate Elimination (Datalog)
21:07:59 [INFO] Trie does not contain any elements
21:07:59 [INFO] Rule duration: 0 ms
21:07:59 [INFO] <<< STEP 11: APPLYING RULE 5 HeavyWindAffectedState(?State, ?_HEAD_1, ?_HEAD_2) :- HeavyWind(?Station, ?StartWind, ?EndWind), LocatedInState(?Station, ?State, ?StartIn, ?EndIn), NumericLessthan(?StartWind, ?EndIn), NumericLessthan(?StartIn, ?EndWind), Equal(?_HEAD_1, NumericMaximum(?StartWind, ?StartIn)), Equal(?_HEAD_2, NumericMinimum(?EndWind, ?EndIn)) >>>
21:07:59 [INFO] Execution step: Body
21:07:59 [INFO] Saved temporary table: 2 entries (10380)
21:07:59 [INFO] Execution step: Duplicate Elimination (Datalog)
21:07:59 [INFO] Saved permanent table HeavyWindAffectedState (11) Permutation { idx_to_val: [], val_to_idx: [] } with 2 entries (10428)
21:07:59 [INFO] Rule duration: 0 ms
21:07:59 [INFO] <<< STEP 12: APPLYING RULE 5 HeavyWindAffectedState(?State, ?_HEAD_1, ?_HEAD_2) :- HeavyWind(?Station, ?StartWind, ?EndWind), LocatedInState(?Station, ?State, ?StartIn, ?EndIn), NumericLessthan(?StartWind, ?EndIn), NumericLessthan(?StartIn, ?EndWind), Equal(?_HEAD_1, NumericMaximum(?StartWind, ?StartIn)), Equal(?_HEAD_2, NumericMinimum(?EndWind, ?EndIn)) >>>
21:07:59 [INFO] Execution step: Body
21:07:59 [INFO] Trie does not contain any elements
21:07:59 [INFO] Execution step: Duplicate Elimination (Datalog)
21:07:59 [INFO] Trie does not contain any elements
21:07:59 [INFO] Rule duration: 0 ms
21:07:59 [INFO] <<< STEP 13: APPLYING RULE 7 R_5(?X_1, ?X_2, ?X_1, "117.1"^^<http://www.w3.org/2001/XMLSchema#double>, ?X_5) :- TempConstantOver24AtLeastFor1(?X_1, ?X_2, ?_BODY_1), TempConstantOver24AtLeastFor1(?X_5, ?_BODY_2, ?_BODY_3), Equal(?_BODY_1, ?X_1), Equal(?_BODY_2, ?X_5), Equal(?_BODY_3, "117.1"^^<http://www.w3.org/2001/XMLSchema#double>) >>>
21:07:59 [INFO] Execution step: Body
21:07:59 [INFO] Trie does not contain any elements
21:07:59 [INFO] Execution step: Duplicate Elimination (Datalog)
21:07:59 [INFO] Trie does not contain any elements
21:07:59 [INFO] Rule duration: 0 ms
21:07:59 [INFO] <<< STEP 14: APPLYING RULE 10 R_23(?X_1, "112"^^<http://www.w3.org/2001/XMLSchema#double>, ?X_4, ?X_5, ?X_6, ?X_2) :- TempAbove24(?X_1, ?_BODY_1, ?X_4), TempAbove24(?X_5, ?X_6, ?X_2), Equal(?_BODY_1, "112"^^<http://www.w3.org/2001/XMLSchema#double>) >>>
21:07:59 [INFO] Loading source SimpleTable { arity: 6, data: [AnyDataValue(PlainString(StringDataValue("str_1"))), AnyDataValue(PlainString(StringDataValue("str_1"))), AnyDataValue(Double(DoubleDataValue(115.3))), AnyDataValue(PlainString(StringDataValue("str_2"))), AnyDataValue(PlainString(StringDataValue("StationA"))), AnyDataValue(PlainString(StringDataValue("str_3")))] }
21:07:59 [INFO] Execution step: Body
21:07:59 [INFO] Trie does not contain any elements
21:07:59 [INFO] Execution step: Duplicate Elimination (Datalog)
21:07:59 [INFO] Trie does not contain any elements
21:07:59 [INFO] Rule duration: 0 ms
21:07:59 [INFO] <<< STEP 15: APPLYING RULE 8 R_7(?X_6, ?X_5, "113.4"^^<http://www.w3.org/2001/XMLSchema#double>, ?X_2, ?X_3, ?X_4) :- R_23(?X_6, ?X_5, ?_BODY_1, ?X_2, ?X_3, ?X_4), Equal(?_BODY_1, "113.4"^^<http://www.w3.org/2001/XMLSchema#double>) >>>
21:07:59 [INFO] Loading source SimpleTable { arity: 6, data: [AnyDataValue(Iri(IriDataValue("c_47"))), AnyDataValue(Iri(IriDataValue("c_48"))), AnyDataValue(UnsignedLong(UnsignedLongDataValue(9844972426591555457))), AnyDataValue(UnsignedLong(UnsignedLongDataValue(10315889067696971105))), AnyDataValue(Iri(IriDataValue("c_49"))), AnyDataValue(UnsignedLong(UnsignedLongDataValue(10380905847653901472)))] }
21:07:59 [INFO] Execution step: Body
21:07:59 [INFO] Trie does not contain any elements
21:07:59 [INFO] Execution step: Duplicate Elimination (Datalog)
21:07:59 [INFO] Trie does not contain any elements
21:07:59 [INFO] Rule duration: 0 ms
21:07:59 [INFO] <<< STEP 16: APPLYING RULE 11 R_33(?X_3, ?X_3, "117.1"^^<http://www.w3.org/2001/XMLSchema#double>, ?X_4) :- R_5(?X_3, ?_BODY_1, ?Y_1, ?X_4, ?_BODY_2), Equal(?_BODY_1, ?X_3), Equal(?_BODY_2, "117.1"^^<http://www.w3.org/2001/XMLSchema#double>) >>>
21:07:59 [INFO] Execution step: Body
21:07:59 [INFO] Trie does not contain any elements
21:07:59 [INFO] Execution step: Duplicate Elimination (Datalog)
21:07:59 [INFO] Trie does not contain any elements
21:07:59 [INFO] Rule duration: 0 ms
21:07:59 [INFO] <<< STEP 17: APPLYING RULE 9 R_13(?X_3, "0"^^<http://www.w3.org/2001/XMLSchema#double>, ?X_4, ?X_1) :- R_33(?X_3, ?_BODY_1, ?X_4, ?X_1), Equal(?_BODY_1, "0"^^<http://www.w3.org/2001/XMLSchema#double>) >>>
21:07:59 [INFO] Execution step: Body
21:07:59 [INFO] Trie does not contain any elements
21:07:59 [INFO] Execution step: Duplicate Elimination (Datalog)
21:07:59 [INFO] Trie does not contain any elements
21:07:59 [INFO] Rule duration: 0 ms
21:07:59 [INFO] <<< STEP 18: APPLYING RULE 14 R_10("StationA", ?X_4, ?X_3, ?X_2) :- HeavyWind(?_BODY_1, ?X_4, ?X_3), HeavyWind(?Y_1, ?X_2, ?_BODY_2), TempAbove41DiamondMinus1(?X_3, ?X_2, ?Z_1), Equal(?_BODY_1, "StationA"), Equal(?_BODY_2, ?X_2) >>>
21:07:59 [INFO] Loading source SimpleTable { arity: 4, data: [AnyDataValue(Iri(IriDataValue("c_41"))), AnyDataValue(PlainString(StringDataValue("str_18"))), AnyDataValue(Double(DoubleDataValue(213.5))), AnyDataValue(UnsignedLong(UnsignedLongDataValue(1942892765354379908)))] }
21:07:59 [INFO] Execution step: Body
21:07:59 [INFO] Trie does not contain any elements
21:07:59 [INFO] Execution step: Duplicate Elimination (Datalog)
21:07:59 [INFO] Trie does not contain any elements
21:07:59 [INFO] Rule duration: 0 ms
21:07:59 [INFO] <<< STEP 19: APPLYING RULE 18 R_17(?X_6, "213.4"^^<http://www.w3.org/2001/XMLSchema#double>, ?X_4, ?X_3, ?X_1, ?X_5) :- HeatAffectedState(?X_6, ?_BODY_1, ?X_4), HeatAffectedState(?X_3, ?X_1, ?X_5), R_13(?X_4, ?X_1, ?X_3, ?Z_1), Equal(?_BODY_1, "213.4"^^<http://www.w3.org/2001/XMLSchema#double>) >>>
21:07:59 [INFO] Execution step: Body
21:07:59 [INFO] Trie does not contain any elements
21:07:59 [INFO] Execution step: Duplicate Elimination (Datalog)
21:07:59 [INFO] Trie does not contain any elements
21:07:59 [INFO] Rule duration: 0 ms
21:07:59 [INFO] <<< STEP 20: APPLYING RULE 30 R_39(?X_1, ?X_3, ?X_4, ?X_5, "StationA") :- HeatAffectedState(?X_1, ?X_3, ?X_4), HeatAffectedState(?X_5, ?X_3_new_1, ?_BODY_1), Equal(?_BODY_1, "StationA") >>>
21:07:59 [INFO] Execution step: Body
21:07:59 [INFO] Trie does not contain any elements
21:07:59 [INFO] Execution step: Duplicate Elimination (Datalog)
21:07:59 [INFO] Trie does not contain any elements
21:07:59 [INFO] Rule duration: 0 ms
21:07:59 [INFO] <<< STEP 21: APPLYING RULE 33 R_43(?X_4, ?X_5, ?X_3, "115.2"^^<http://www.w3.org/2001/XMLSchema#double>, ?X_4_new_1) :- R_43(?X_4, ?X_5, ?X_3, ?_BODY_1, ?X_4_new_1), Equal(?_BODY_1, "115.2"^^<http://www.w3.org/2001/XMLSchema#double>) >>>
21:07:59 [INFO] Loading source SimpleTable { arity: 5, data: [AnyDataValue(PlainString(StringDataValue("str_1"))), AnyDataValue(Double(DoubleDataValue(213.5))), AnyDataValue(UnsignedLong(UnsignedLongDataValue(3289905969709585503))), AnyDataValue(Double(DoubleDataValue(112.0))), AnyDataValue(UnsignedLong(UnsignedLongDataValue(9844972426591555457))), AnyDataValue(Iri(IriDataValue("c_25"))), AnyDataValue(Double(DoubleDataValue(118.0))), AnyDataValue(Iri(IriDataValue("c_50"))), AnyDataValue(Iri(IriDataValue("c_11"))), AnyDataValue(UnsignedLong(UnsignedLongDataValue(1776970104991713843)))] }
21:07:59 [INFO] Execution step: Body
21:07:59 [INFO] Trie does not contain any elements
21:07:59 [INFO] Execution step: Duplicate Elimination (Datalog)
21:07:59 [INFO] Trie does not contain any elements
21:07:59 [INFO] Rule duration: 0 ms
21:07:59 [INFO] <<< STEP 22: APPLYING RULE 38 R_28("1000"^^<http://www.w3.org/2001/XMLSchema#double>, ?X_1) :- HeatAffectedState(?Y_1, ?X_1, ?_BODY_1), R_23(?X_1, ?_BODY_2, ?_BODY_3, ?Z_1, ?Y_1, ?_BODY_4), Equal(?_BODY_1, "1000"^^<http://www.w3.org/2001/XMLSchema#double>), Equal(?_BODY_2, "str_8"), Equal(?_BODY_3, ?X_1), Equal(?_BODY_4, ?Y_1) >>>
21:07:59 [INFO] Loading source SimpleTable { arity: 2, data: [AnyDataValue(Iri(IriDataValue("c_5"))), AnyDataValue(Iri(IriDataValue("c_12")))] }
21:07:59 [INFO] Execution step: Body
21:07:59 [INFO] Trie does not contain any elements
21:07:59 [INFO] Execution step: Duplicate Elimination (Datalog)
21:07:59 [INFO] Trie does not contain any elements
21:07:59 [INFO] Rule duration: 0 ms
21:07:59 [INFO] <<< STEP 23: APPLYING RULE 42 R_30(?X_3, ?X_2_new_1, ?X_3) :- R_7(?X_3, ?X_2, ?_BODY_1, ?_BODY_2, ?X_2_new_1, ?_BODY_3), Equal(?_BODY_1, ?X_3), Equal(?_BODY_2, ?X_3), Equal(?_BODY_3, "112"^^<http://www.w3.org/2001/XMLSchema#double>) >>>
21:07:59 [INFO] Loading source SimpleTable { arity: 3, data: [AnyDataValue(UnsignedLong(UnsignedLongDataValue(1776970104991713843))), AnyDataValue(Iri(IriDataValue("c_21"))), AnyDataValue(Iri(IriDataValue("c_28")))] }
21:07:59 [INFO] Execution step: Body
21:07:59 [INFO] Trie does not contain any elements
21:07:59 [INFO] Execution step: Duplicate Elimination (Datalog)
21:07:59 [INFO] Trie does not contain any elements
21:07:59 [INFO] Rule duration: 0 ms
21:07:59 [INFO] <<< STEP 24: APPLYING RULE 39 R_39(?X_3, c_19, ?X_4, ?X_1, ?X_5) :- R_7(?X_5, ?X_1, ?_BODY_1, ?Y_1, ?_BODY_2, ?_BODY_3), R_13(?Y_1, ?X_5, ?_BODY_4, ?X_4), R_28(?_BODY_5, ?X_3), R_46(?_BODY_6, ?X_1, ?_BODY_7, ?X_5), R_10(?Y_1, ?X_5, ?_BODY_8, ?_BODY_9), HeatAffectedState(?X_3, ?X_5, ?X_1), Equal(?_BODY_1, ?X_1), Equal(?_BODY_2, ?X_5), Equal(?_BODY_3, ?X_1), Equal(?_BODY_4, c_19), Equal(?_BODY_5, c_19), Equal(?_BODY_6, c_19), Equal(?_BODY_7, ?X_1), Equal(?_BODY_8, ?X_5), Equal(?_BODY_9, c_19) >>>
21:07:59 [INFO] Execution step: Project/Reorder
21:07:59 [INFO] Trie does not contain any elements
21:07:59 [INFO] Execution step: Project/Reorder
21:07:59 [INFO] Saved temporary table: 1 entries (13768)
21:07:59 [INFO] Execution step: Project/Reorder
21:07:59 [INFO] Saved temporary table: 1 entries (10316)
21:07:59 [INFO] Execution step: Body
21:07:59 [INFO] Trie does not contain any elements
21:07:59 [INFO] Execution step: Duplicate Elimination (Datalog)
21:07:59 [INFO] Trie does not contain any elements
21:07:59 [INFO] Rule duration: 0 ms
21:07:59 [INFO] <<< STEP 25: APPLYING RULE 40 R_39(?X_3, ?X_4, ?X_1, ?X_2, ?X_3) :- R_5(?X_3, ?Y_1, ?_BODY_1, ?_BODY_2, ?_BODY_3), R_33(?X_2, ?X_3, ?_BODY_4, ?Y_1), R_30(?X_4, ?X_3, ?X_2), R_17(?X_1, ?X_3, ?_BODY_5, ?Y_1, ?_BODY_6, ?_BODY_7), R_47(?X_3, ?X_2, ?_BODY_8, ?Y_1, ?_BODY_9, ?_BODY_10), R_13(?X_1, ?_BODY_11, ?X_4, ?X_2), TempAbove41DiamondMinus1(?Y_1, ?X_3, ?X_1), Equal(?_BODY_1, ?X_3), Equal(?_BODY_2, 9171743670471292552), Equal(?_BODY_3, ?X_3), Equal(?_BODY_4, ?X_3), Equal(?_BODY_5, 9171743670471292552), Equal(?_BODY_6, ?X_3), Equal(?_BODY_7, ?X_1), Equal(?_BODY_8, ?X_3), Equal(?_BODY_9, ?X_3), Equal(?_BODY_10, 9171743670471292552), Equal(?_BODY_11, ?X_1) >>>
21:07:59 [INFO] Execution step: Project/Reorder
21:07:59 [INFO] Trie does not contain any elements
21:07:59 [INFO] Execution step: Project/Reorder
21:07:59 [INFO] Trie does not contain any elements
21:07:59 [INFO] Execution step: Project/Reorder
21:07:59 [INFO] Saved temporary table: 1 entries (10316)
21:07:59 [INFO] Execution step: Body
21:07:59 [INFO] Trie does not contain any elements
21:07:59 [INFO] Execution step: Duplicate Elimination (Datalog)
21:07:59 [INFO] Trie does not contain any elements
21:07:59 [INFO] Rule duration: 0 ms
21:07:59 [INFO] <<< STEP 26: APPLYING RULE 41 R_6(?X_1, ?X_2, "115.2"^^<http://www.w3.org/2001/XMLSchema#double>, ?X_4) :- R_10(?X_1, ?X_2, ?_BODY_1, ?X_4), R_10(?X_1, ?X_2, ?_BODY_2, ?X_4), Equal(?_BODY_1, "115.2"^^<http://www.w3.org/2001/XMLSchema#double>), Equal(?_BODY_2, "115.2"^^<http://www.w3.org/2001/XMLSchema#double>) >>>
21:07:59 [INFO] Execution step: Project/Reorder
21:07:59 [INFO] Saved temporary table: 1 entries (13768)
21:07:59 [INFO] Execution step: Body
21:07:59 [INFO] Trie does not contain any elements
21:07:59 [INFO] Execution step: Duplicate Elimination (Datalog)
21:07:59 [INFO] Trie does not contain any elements
21:07:59 [INFO] Rule duration: 0 ms
21:07:59 [INFO] <<< STEP 27: APPLYING RULE 43 R_1(?X_1, "117.1"^^<http://www.w3.org/2001/XMLSchema#double>) :- R_30(?_BODY_1, ?_BODY_2, ?X_1), R_39(?X_1, ?Z_1, ?X_1_new_1, ?_BODY_3, ?_BODY_4), Equal(?_BODY_1, "117.1"^^<http://www.w3.org/2001/XMLSchema#double>), Equal(?_BODY_2, "117.1"^^<http://www.w3.org/2001/XMLSchema#double>), Equal(?_BODY_3, ?X_1_new_1), Equal(?_BODY_4, "StationA") >>>
21:07:59 [INFO] Loading source SimpleTable { arity: 2, data: [AnyDataValue(Double(DoubleDataValue(1000.0))), AnyDataValue(Double(DoubleDataValue(115.2))), AnyDataValue(PlainString(StringDataValue("StationA"))), AnyDataValue(PlainString(StringDataValue("str_3"))), AnyDataValue(Double(DoubleDataValue(115.2))), AnyDataValue(PlainString(StringDataValue("str_14")))] }
21:07:59 [INFO] Execution step: Body
21:07:59 [INFO] Trie does not contain any elements
21:07:59 [INFO] Execution step: Duplicate Elimination (Datalog)
21:07:59 [INFO] Trie does not contain any elements
21:07:59 [INFO] Rule duration: 0 ms
21:07:59 [INFO] <<< STEP 28: APPLYING RULE 15 R_18(?X_1) :- TempAbove41(?Y_1, ?X_1, ?_BODY_1), R_1(?Y_1, ?X_1), Equal(?_BODY_1, ?X_1) >>>
21:07:59 [INFO] Execution step: Project/Reorder
21:07:59 [INFO] Saved temporary table: 3 entries (7036)
21:07:59 [INFO] Execution step: Body
21:07:59 [INFO] Trie does not contain any elements
21:07:59 [INFO] Execution step: Duplicate Elimination (Datalog)
21:07:59 [INFO] Trie does not contain any elements
21:07:59 [INFO] Rule duration: 0 ms
21:07:59 [INFO] <<< STEP 29: APPLYING RULE 6 R_2(?X_1) :- R_4(?_BODY_1, ?Y_1, ?X_1, ?_BODY_2, ?_BODY_3, ?_BODY_4), Equal(?_BODY_1, "StationA"), Equal(?_BODY_2, "StationA"), Equal(?_BODY_3, "StationA"), Equal(?_BODY_4, ?Y_1) >>>
21:07:59 [INFO] Execution step: Body
21:07:59 [INFO] Trie does not contain any elements
21:07:59 [INFO] Execution step: Duplicate Elimination (Datalog)
21:07:59 [INFO] Trie does not contain any elements
21:07:59 [INFO] Rule duration: 0 ms
21:07:59 [INFO] <<< STEP 30: APPLYING RULE 13 R_11(?X_3, ?X_3, ?X_4, "StationA") :- R_2(?X_3), R_2(?X_3), R_2(?X_4), R_2(?_BODY_1), TempAbove41(?X_3, ?_BODY_2, ?X_4), Equal(?_BODY_1, "StationA"), Equal(?_BODY_2, ?X_3) >>>
21:07:59 [INFO] Loading source SimpleTable { arity: 4, data: [AnyDataValue(Double(DoubleDataValue(213.4))), AnyDataValue(Iri(IriDataValue("c_1"))), AnyDataValue(Double(DoubleDataValue(0.0))), AnyDataValue(PlainString(StringDataValue("str_4"))), AnyDataValue(PlainString(StringDataValue("str_8"))), AnyDataValue(PlainString(StringDataValue("str_9"))), AnyDataValue(Iri(IriDataValue("c_6"))), AnyDataValue(Double(DoubleDataValue(115.2))), AnyDataValue(Double(DoubleDataValue(115.2))), AnyDataValue(Iri(IriDataValue("c_11"))), AnyDataValue(Double(DoubleDataValue(115.2))), AnyDataValue(PlainString(StringDataValue("str_10")))] }
21:07:59 [INFO] Execution step: Body
21:07:59 [INFO] Trie does not contain any elements
21:07:59 [INFO] Execution step: Duplicate Elimination (Datalog)
21:07:59 [INFO] Trie does not contain any elements
21:07:59 [INFO] Rule duration: 0 ms
21:07:59 [INFO] <<< STEP 31: APPLYING RULE 16 R_3(?X_5, "112"^^<http://www.w3.org/2001/XMLSchema#double>, ?X_2, ?X_2, ?X_3) :- HeavyWindForce(?X_5, ?_BODY_1, ?X_2), HeavyWindForce(?X_2, ?X_3, ?_BODY_2), R_4(?Z_3, ?X_3, ?X_2, ?_BODY_3, ?X_5, ?_BODY_4), Equal(?_BODY_1, "112"^^<http://www.w3.org/2001/XMLSchema#double>), Equal(?_BODY_2, ?X_2), Equal(?_BODY_3, ?X_2), Equal(?_BODY_4, ?X_2) >>>
21:07:59 [INFO] Execution step: Body
21:07:59 [INFO] Trie does not contain any elements
21:07:59 [INFO] Execution step: Duplicate Elimination (Datalog)
21:07:59 [INFO] Trie does not contain any elements
21:07:59 [INFO] Rule duration: 0 ms
21:07:59 [INFO] <<< STEP 32: APPLYING RULE 17 R_25(?X_1, ?X_2, ?X_3, ?X_4) :- R_4(?X_1, ?_BODY_1, ?X_3, ?X_4, ?_BODY_2, ?X_2), R_8(?X_2, ?X_4, ?X_3, ?Z_2), Equal(?_BODY_1, "118"^^<http://www.w3.org/2001/XMLSchema#double>), Equal(?_BODY_2, "118"^^<http://www.w3.org/2001/XMLSchema#double>) >>>
21:07:59 [INFO] Loading source SimpleTable { arity: 4, data: [AnyDataValue(Iri(IriDataValue("c_23"))), AnyDataValue(PlainString(StringDataValue("str_14"))), AnyDataValue(PlainString(StringDataValue("Ohio"))), AnyDataValue(UnsignedLong(UnsignedLongDataValue(3801593072168320569)))] }
21:07:59 [INFO] Loading source SimpleTable { arity: 4, data: [AnyDataValue(PlainString(StringDataValue("str_20"))), AnyDataValue(UnsignedLong(UnsignedLongDataValue(4937875680956039857))), AnyDataValue(Iri(IriDataValue("c_11"))), AnyDataValue(Iri(IriDataValue("c_32")))] }
21:07:59 [INFO] Execution step: Body
21:07:59 [INFO] Trie does not contain any elements
21:07:59 [INFO] Execution step: Duplicate Elimination (Datalog)
21:07:59 [INFO] Trie does not contain any elements
21:07:59 [INFO] Rule duration: 0 ms
21:07:59 [INFO] <<< STEP 33: APPLYING RULE 19 R_42("StationA", ?X_5, ?X_3, ?X_1, ?X_2, ?X_4) :- R_38(?X_4, ?X_5, ?X_3, ?_BODY_1, ?Y_2), R_38(?X_4, ?X_3, ?X_1, ?X_2, ?_BODY_2), TempConstantOver24AtLeastFor1(?X_1, ?X_5, ?Y_2), R_15(?X_1, ?X_4, ?X_3, ?X_5, ?Z_6), Equal(?_BODY_1, ?X_5), Equal(?_BODY_2, "StationA") >>>
21:07:59 [INFO] Loading source SimpleTable { arity: 6, data: [AnyDataValue(PlainString(StringDataValue("str_17"))), AnyDataValue(Iri(IriDataValue("c_15"))), AnyDataValue(PlainString(StringDataValue("StationA"))), AnyDataValue(PlainString(StringDataValue("str_12"))), AnyDataValue(Iri(IriDataValue("c_22"))), AnyDataValue(PlainString(StringDataValue("StationA"))), AnyDataValue(Iri(IriDataValue("c_42"))), AnyDataValue(Iri(IriDataValue("c_43"))), AnyDataValue(PlainString(StringDataValue("str_12"))), AnyDataValue(Iri(IriDataValue("c_21"))), AnyDataValue(Iri(IriDataValue("c_14"))), AnyDataValue(Iri(IriDataValue("c_29")))] }
21:07:59 [INFO] Execution step: Body
21:07:59 [INFO] Trie does not contain any elements
21:07:59 [INFO] Execution step: Duplicate Elimination (Datalog)
21:07:59 [INFO] Trie does not contain any elements
21:07:59 [INFO] Rule duration: 0 ms
21:07:59 [INFO] <<< STEP 34: APPLYING RULE 21 R_15("118"^^<http://www.w3.org/2001/XMLSchema#double>, ?X_5, ?X_4, ?X_1, ?X_2) :- R_17(?_BODY_1, ?_BODY_2, ?X_4, ?X_1, ?X_2, ?X_5), R_11(?Z_2, ?X_5, ?_BODY_3, ?X_1), R_20(?X_1, ?Z_6, ?Z_5), Equal(?_BODY_1, "118"^^<http://www.w3.org/2001/XMLSchema#double>), Equal(?_BODY_2, "118"^^<http://www.w3.org/2001/XMLSchema#double>), Equal(?_BODY_3, ?X_5) >>>
21:07:59 [INFO] Execution step: Body
21:07:59 [INFO] Trie does not contain any elements
21:07:59 [INFO] Execution step: Duplicate Elimination (Datalog)
21:07:59 [INFO] Trie does not contain any elements
21:07:59 [INFO] Rule duration: 0 ms
21:07:59 [INFO] <<< STEP 35: APPLYING RULE 22 R_37(?X_5, "0"^^<http://www.w3.org/2001/XMLSchema#double>, ?X_4, ?X_3, ?X_2) :- LocatedInState(?X_5, ?Y_1, ?X_4, ?_BODY_1), LocatedInState(?_BODY_2, ?X_2, ?X_3, ?_BODY_3), R_21(?Z_7), HeavyWindAffectedState(?X_4, ?Y_1, ?_BODY_4), R_7(?X_4, ?X_3, ?_BODY_5, ?Y_1, ?X_5, ?X_2), Equal(?_BODY_1, ?Y_1), Equal(?_BODY_2, "1000"^^<http://www.w3.org/2001/XMLSchema#double>), Equal(?_BODY_3, "0"^^<http://www.w3.org/2001/XMLSchema#double>), Equal(?_BODY_4, "Ohio"), Equal(?_BODY_5, ?X_3) >>>
21:07:59 [INFO] Loading source SimpleTable { arity: 5, data: [AnyDataValue(Iri(IriDataValue("c_4"))), AnyDataValue(PlainString(StringDataValue("str_18"))), AnyDataValue(PlainString(StringDataValue("str_19"))), AnyDataValue(PlainString(StringDataValue("StationA"))), AnyDataValue(PlainString(StringDataValue("str_20")))] }
21:07:59 [INFO] Execution step: Project/Reorder
21:07:59 [INFO] Saved temporary table: 2 entries (10432)
21:07:59 [INFO] Execution step: Project/Reorder
21:07:59 [INFO] Saved temporary table: 1 entries (20664)
21:07:59 [INFO] Execution step: Body
21:07:59 [INFO] Trie does not contain any elements
21:07:59 [INFO] Execution step: Duplicate Elimination (Datalog)
21:07:59 [INFO] Trie does not contain any elements
21:07:59 [INFO] Rule duration: 0 ms
21:07:59 [INFO] <<< STEP 36: APPLYING RULE 24 R_16(?X_4, ?X_5, ?X_1, ?X_6, ?X_2, ?X_3) :- R_29(?X_4, ?X_5, ?X_1, ?X_6, ?X_2, ?X_3), HeavyWind(?X_3, ?X_1, ?_BODY_1), R_26(?Z_5, ?X_3, ?X_6, ?_BODY_2), Equal(?_BODY_1, "StationA"), Equal(?_BODY_2, "0"^^<http://www.w3.org/2001/XMLSchema#double>) >>>
21:07:59 [INFO] Loading source SimpleTable { arity: 6, data: [AnyDataValue(Iri(IriDataValue("c_33"))), AnyDataValue(UnsignedLong(UnsignedLongDataValue(3801593072168320569))), AnyDataValue(Iri(IriDataValue("c_35"))), AnyDataValue(Iri(IriDataValue("c_36"))), AnyDataValue(Iri(IriDataValue("c_37"))), AnyDataValue(Iri(IriDataValue("c_38")))] }
21:07:59 [INFO] Execution step: Body
21:07:59 [INFO] Trie does not contain any elements
21:07:59 [INFO] Execution step: Duplicate Elimination (Datalog)
21:07:59 [INFO] Trie does not contain any elements
21:07:59 [INFO] Rule duration: 0 ms
21:07:59 [INFO] <<< STEP 37: APPLYING RULE 25 R_26(?X_4, "StationA", ?X_1, ?X_1) :- R_29(?X_4, ?_BODY_1, ?X_1, ?_BODY_2, ?_BODY_3, ?_BODY_4), R_29(?X_4, ?X_1, ?Z_3, ?_BODY_5, ?_BODY_6, ?_BODY_7), Equal(?_BODY_1, "StationA"), Equal(?_BODY_2, ?X_1), Equal(?_BODY_3, ?X_4), Equal(?_BODY_4, ?X_1), Equal(?_BODY_5, "113.4"^^<http://www.w3.org/2001/XMLSchema#double>), Equal(?_BODY_6, ?X_1), Equal(?_BODY_7, ?X_1) >>>
21:07:59 [INFO] Execution step: Body
21:07:59 [INFO] Trie does not contain any elements
21:07:59 [INFO] Execution step: Duplicate Elimination (Datalog)
21:07:59 [INFO] Trie does not contain any elements
21:07:59 [INFO] Rule duration: 0 ms
21:07:59 [INFO] <<< STEP 38: APPLYING RULE 26 R_8(?X_3, ?X_4, "1000"^^<http://www.w3.org/2001/XMLSchema#double>, ?X_1) :- TempAbove41DiamondMinus1(?X_4, ?_BODY_1, ?_BODY_2), TempAbove41DiamondMinus1(?X_4, ?X_1, ?X_3), R_32(?Z_1, ?Z_2), R_37(?Z_6, ?X_1, ?X_4, ?_BODY_3, ?_BODY_4), Equal(?_BODY_1, ?X_4), Equal(?_BODY_2, "1000"^^<http://www.w3.org/2001/XMLSchema#double>), Equal(?_BODY_3, ?X_1), Equal(?_BODY_4, ?X_4) >>>
21:07:59 [INFO] Loading source SimpleTable { arity: 2, data: [AnyDataValue(PlainString(StringDataValue("str_7"))), AnyDataValue(Iri(IriDataValue("c_5")))] }
21:07:59 [INFO] Execution step: Body
21:07:59 [INFO] Trie does not contain any elements
21:07:59 [INFO] Execution step: Duplicate Elimination (Datalog)
21:07:59 [INFO] Trie does not contain any elements
21:07:59 [INFO] Rule duration: 0 ms
21:07:59 [INFO] <<< STEP 39: APPLYING RULE 27 R_29(?X_3, ?X_6, "0"^^<http://www.w3.org/2001/XMLSchema#double>, ?X_1, ?X_5, ?X_4) :- R_4(?X_3, ?X_6, ?_BODY_1, ?X_1, ?X_5, ?X_4), R_28(?X_6, ?X_1), R_38(?_BODY_2, ?X_3, ?X_4, ?_BODY_3, ?_BODY_4), R_30(?_BODY_5, ?X_4, ?X_6), Equal(?_BODY_1, "0"^^<http://www.w3.org/2001/XMLSchema#double>), Equal(?_BODY_2, "213.4"^^<http://www.w3.org/2001/XMLSchema#double>), Equal(?_BODY_3, ?X_3), Equal(?_BODY_4, ?X_4), Equal(?_BODY_5, "Ohio") >>>
21:07:59 [INFO] Execution step: Project/Reorder
21:07:59 [INFO] Saved temporary table: 1 entries (10312)
21:07:59 [INFO] Execution step: Body
21:07:59 [INFO] Trie does not contain any elements
21:07:59 [INFO] Execution step: Duplicate Elimination (Datalog)
21:07:59 [INFO] Trie does not contain any elements
21:07:59 [INFO] Rule duration: 0 ms
21:07:59 [INFO] <<< STEP 40: APPLYING RULE 28 R_4(?X_2, ?X_1, ?X_6, "213.5"^^<http://www.w3.org/2001/XMLSchema#double>, ?X_5, ?X_3) :- R_34(?X_2, ?X_1, ?X_6, ?_BODY_1, ?X_5, ?X_3), R_10(?X_3, ?Z_3, ?Z_2, ?Z_1), R_41(?X_6), Equal(?_BODY_1, "213.5"^^<http://www.w3.org/2001/XMLSchema#double>) >>>
21:07:59 [INFO] Loading source SimpleTable { arity: 6, data: [AnyDataValue(PlainString(StringDataValue("str_23"))), AnyDataValue(PlainString(StringDataValue("str_14"))), AnyDataValue(Iri(IriDataValue("c_39"))), AnyDataValue(UnsignedLong(UnsignedLongDataValue(17890679289594062797))), AnyDataValue(Iri(IriDataValue("c_40"))), AnyDataValue(PlainString(StringDataValue("str_24")))] }
21:07:59 [INFO] Execution step: Body
21:07:59 [INFO] Trie does not contain any elements
21:07:59 [INFO] Execution step: Duplicate Elimination (Datalog)
21:07:59 [INFO] Trie does not contain any elements
21:07:59 [INFO] Rule duration: 0 ms
21:07:59 [INFO] <<< STEP 41: APPLYING RULE 29 R_20(?X_3, ?X_1, "213.5"^^<http://www.w3.org/2001/XMLSchema#double>) :- R_25(?X_3, ?X_1, ?_BODY_1, ?_BODY_2), ExcessiveHeat(?X_3, ?_BODY_3, ?_BODY_4), HeatAffectedState(?X_3, ?_BODY_5, ?_BODY_6), Equal(?_BODY_1, "213.5"^^<http://www.w3.org/2001/XMLSchema#double>), Equal(?_BODY_2, "StationA"), Equal(?_BODY_3, "115.2"^^<http://www.w3.org/2001/XMLSchema#double>), Equal(?_BODY_4, ?X_3), Equal(?_BODY_5, ?X_3), Equal(?_BODY_6, ?X_3) >>>
21:07:59 [INFO] Execution step: Project/Reorder
21:07:59 [INFO] Saved temporary table: 1 entries (10364)
21:07:59 [INFO] Execution step: Project/Reorder
21:07:59 [INFO] Saved temporary table: 1 entries (10364)
21:07:59 [INFO] Execution step: Body
21:07:59 [INFO] Trie does not contain any elements
21:07:59 [INFO] Execution step: Duplicate Elimination (Datalog)
21:07:59 [INFO] Trie does not contain any elements
21:07:59 [INFO] Rule duration: 0 ms
21:07:59 [INFO] <<< STEP 42: APPLYING RULE 31 R_27(?Y_1, ?X_2) :- R_3(?Y_1, ?_BODY_1, ?X_2, ?_BODY_2, ?_BODY_3), Equal(?_BODY_1, ?Y_1), Equal(?_BODY_2, ?X_2), Equal(?_BODY_3, ?Y_1) >>>
21:07:59 [INFO] Loading source SimpleTable { arity: 2, data: [AnyDataValue(Iri(IriDataValue("c_6"))), AnyDataValue(UnsignedLong(UnsignedLongDataValue(1828633221354522822)))] }
21:07:59 [INFO] Execution step: Body
21:07:59 [INFO] Trie does not contain any elements
21:07:59 [INFO] Execution step: Duplicate Elimination (Datalog)
21:07:59 [INFO] Trie does not contain any elements
21:07:59 [INFO] Rule duration: 0 ms
21:07:59 [INFO] <<< STEP 43: APPLYING RULE 32 R_38(?X_3, ?Z_5, ?X_3, ?X_2, ?X_4) :- R_37(?X_3, ?Z_5, ?_BODY_1, ?X_2, ?X_4), R_25(?Z_4, ?Z_1, ?X_4, ?X_3), R_34(?X_3, ?Z_4, ?_BODY_2, ?X_2, ?Z_1, ?_BODY_3), R_42(?Z_5, ?Z_4, ?Z_1, ?Z_9, ?_BODY_4, ?Z_2), Equal(?_BODY_1, ?X_3), Equal(?_BODY_2, "1000"^^<http://www.w3.org/2001/XMLSchema#double>), Equal(?_BODY_3, ?X_3), Equal(?_BODY_4, "1000"^^<http://www.w3.org/2001/XMLSchema#double>) >>>
21:07:59 [INFO] Execution step: Body
21:07:59 [INFO] Trie does not contain any elements
21:07:59 [INFO] Execution step: Duplicate Elimination (Datalog)
21:07:59 [INFO] Trie does not contain any elements
21:07:59 [INFO] Rule duration: 0 ms
21:07:59 [INFO] <<< STEP 44: APPLYING RULE 34 R_21(?X_1) :- R_16(?Y_1, ?X_1, ?_BODY_1, ?_BODY_2, ?_BODY_3, ?_BODY_4), R_27(?X_1, ?_BODY_5), R_6(?X_1, ?_BODY_6, ?_BODY_7, ?Z_5), R_17(?X_1, ?_BODY_8, ?_BODY_9, ?_BODY_10, ?Y_1, ?_BODY_11), Equal(?_BODY_1, ?X_1), Equal(?_BODY_2, ?X_1), Equal(?_BODY_3, "StationA"), Equal(?_BODY_4, "StationA"), Equal(?_BODY_5, ?X_1), Equal(?_BODY_6, ?X_1), Equal(?_BODY_7, ?X_1), Equal(?_BODY_8, ?X_1), Equal(?_BODY_9, ?X_1), Equal(?_BODY_10, "StationA"), Equal(?_BODY_11, ?X_1) >>>
21:07:59 [INFO] Execution step: Project/Reorder
21:07:59 [INFO] Trie does not contain any elements
21:07:59 [INFO] Execution step: Body
21:07:59 [INFO] Trie does not contain any elements
21:07:59 [INFO] Execution step: Duplicate Elimination (Datalog)
21:07:59 [INFO] Trie does not contain any elements
21:07:59 [INFO] Rule duration: 0 ms
21:07:59 [INFO] <<< STEP 45: APPLYING RULE 35 R_36(?X_4, ?X_5, ?X_1, ?X_4, ?X_3, ?X_2) :- R_36(?X_4, ?X_5, ?X_1, ?_BODY_1, ?X_3, ?X_2), R_18(?X_3), R_2(?X_1), Equal(?_BODY_1, ?X_4) >>>
21:07:59 [INFO] Execution step: Body
21:07:59 [INFO] Trie does not contain any elements
21:07:59 [INFO] Execution step: Duplicate Elimination (Datalog)
21:07:59 [INFO] Trie does not contain any elements
21:07:59 [INFO] Rule duration: 0 ms
21:07:59 [INFO] <<< STEP 46: APPLYING RULE 36 R_41(?X_1) :- R_21(?X_1), R_33(?Z_1, ?X_1, ?_BODY_1, ?_BODY_2), R_11(?Z_2, ?X_1, ?Z_1, ?_BODY_3), Equal(?_BODY_1, "210"^^<http://www.w3.org/2001/XMLSchema#double>), Equal(?_BODY_2, ?X_1), Equal(?_BODY_3, 12709319246427169672) >>>
21:07:59 [INFO] Execution step: Body
21:07:59 [INFO] Trie does not contain any elements
21:07:59 [INFO] Execution step: Duplicate Elimination (Datalog)
21:07:59 [INFO] Trie does not contain any elements
21:07:59 [INFO] Rule duration: 0 ms
21:07:59 [INFO] <<< STEP 47: APPLYING RULE 37 R_32(?Y_1, "Ohio") :- R_36(?Y_1, ?_BODY_1, ?_BODY_2, ?_BODY_3, ?_BODY_4, ?_BODY_5), HeatAffectedState(?Y_1, ?_BODY_6, ?_BODY_7), TempAbove24(?Y_1, ?_BODY_8, ?_BODY_9), Equal(?_BODY_1, "Ohio"), Equal(?_BODY_2, ?Y_1), Equal(?_BODY_3, ?Y_1), Equal(?_BODY_4, "Ohio"), Equal(?_BODY_5, "Ohio"), Equal(?_BODY_6, ?Y_1), Equal(?_BODY_7, "117.1"^^<http://www.w3.org/2001/XMLSchema#double>), Equal(?_BODY_8, ?Y_1), Equal(?_BODY_9, ?Y_1) >>>
21:07:59 [INFO] Execution step: Project/Reorder
21:07:59 [INFO] Saved temporary table: 1 entries (10364)
21:07:59 [INFO] Execution step: Project/Reorder
21:07:59 [INFO] Saved temporary table: 1 entries (10364)
21:07:59 [INFO] Execution step: Body
21:07:59 [INFO] Trie does not contain any elements
21:07:59 [INFO] Execution step: Duplicate Elimination (Datalog)
21:07:59 [INFO] Trie does not contain any elements
21:07:59 [INFO] Rule duration: 0 ms
21:07:59 [INFO] <<< STEP 48: APPLYING RULE 44 R_34(?X_4, ?X_2, ?X_2, ?X_2, "115.3"^^<http://www.w3.org/2001/XMLSchema#double>, ?X_1) :- R_42(?X_4, ?X_2, ?_BODY_1, ?_BODY_2, ?_BODY_3, ?X_1), R_43(?X_4, ?X_1, ?_BODY_4, ?X_2, ?_BODY_5), Equal(?_BODY_1, ?X_2), Equal(?_BODY_2, ?X_2), Equal(?_BODY_3, "115.3"^^<http://www.w3.org/2001/XMLSchema#double>), Equal(?_BODY_4, ?X_4), Equal(?_BODY_5, ?X_2) >>>
21:07:59 [INFO] Execution step: Project/Reorder
21:07:59 [INFO] Saved temporary table: 2 entries (17444)
21:07:59 [INFO] Execution step: Body
21:07:59 [INFO] Trie does not contain any elements
21:07:59 [INFO] Execution step: Duplicate Elimination (Datalog)
21:07:59 [INFO] Trie does not contain any elements
21:07:59 [INFO] Rule duration: 0 ms
21:07:59 [INFO] <<< STEP 49: APPLYING RULE 12 R_9("213.5"^^<http://www.w3.org/2001/XMLSchema#double>, ?X_2, ?X_3, ?X_6, ?X_5, ?X_1) :- R_36(?_BODY_1, ?X_2, ?X_3, ?X_6, ?X_5, ?X_1), LocatedInState(?X_2, ?Z_1, ?X_5, ?X_1), Equal(?_BODY_1, "213.5"^^<http://www.w3.org/2001/XMLSchema#double>) >>>
21:07:59 [INFO] Execution step: Body
21:07:59 [INFO] Trie does not contain any elements
21:07:59 [INFO] Execution step: Duplicate Elimination (Datalog)
21:07:59 [INFO] Trie does not contain any elements
21:07:59 [INFO] Rule duration: 0 ms
21:07:59 [INFO] <<< STEP 50: APPLYING RULE 20 R_22(?X_4, ?X_3, ?X_2, "StationA", ?X_1) :- R_29(?X_4, ?X_1, ?X_2, ?_BODY_1, ?_BODY_2, ?X_3), R_16(?X_2, ?X_1, ?X_4, ?Z_2, ?X_3, ?Z_3), Equal(?_BODY_1, "StationA"), Equal(?_BODY_2, ?X_1) >>>
21:07:59 [INFO] Execution step: Body
21:07:59 [INFO] Trie does not contain any elements
21:07:59 [INFO] Execution step: Duplicate Elimination (Datalog)
21:07:59 [INFO] Trie does not contain any elements
21:07:59 [INFO] Rule duration: 0 ms
21:07:59 [INFO] <<< STEP 51: APPLYING RULE 23 R_OUT(?X_1) :- TempConstantOver24AtLeastFor1(?X_1, ?_BODY_1, ?_BODY_2), R_9(?_BODY_3, ?X_1, ?_BODY_4, ?_BODY_5, ?_BODY_6, ?Z_2), R_22(?Z_1, ?Z_4, ?X_1, ?Z_2, ?_BODY_7), Equal(?_BODY_1, ?X_1), Equal(?_BODY_2, ?X_1), Equal(?_BODY_3, "Ohio"), Equal(?_BODY_4, ?X_1), Equal(?_BODY_5, ?X_1), Equal(?_BODY_6, ?X_1), Equal(?_BODY_7, ?X_1) >>>
21:07:59 [INFO] Execution step: Body
21:07:59 [INFO] Trie does not contain any elements
21:07:59 [INFO] Execution step: Duplicate Elimination (Datalog)
21:07:59 [INFO] Trie does not contain any elements
21:07:59 [INFO] Rule duration: 0 ms
21:07:59 [INFO] ----------------------------------------------
21:07:59 [INFO]  Finished Nemo Execution - Transformed Program
21:07:59 [INFO] Output size: 0
21:07:59 [INFO] ----------------------------------------------
21:07:59 [INFO] 
21:07:59 [INFO] ----------------------------------------------
21:07:59 [INFO] ------------ Asserting Oracle CON ------------
21:07:59 [INFO] ----------------------------------------------
21:07:59 [INFO] All good, output has contracted
21:07:59 [INFO] old_dir "/home/leo_repp/masterthesis/nemo/nemo-metamorphic-testing/benchmark_500k_r"
