08:51:33 [INFO] ----------------------------------------------
08:51:33 [INFO] Beginning transformation mtf_EXP_5500053
                Oracle:     EXP          Number of T: 62
                Debug Mode: false          u64 Seed:    5500053
                Number of generating transformations: 24
                Internal Seed:          [30, 25, 77, 103, 200, 167, 96, 229, 48, 55, 166, 50, 199, 108, 155, 242, 139, 220, 188, 25, 70, 215, 206, 32, 44, 89, 104, 183, 235, 106, 30, 14]
                Seed File: Currently not supported!
08:51:33 [INFO] ----------------------------------------------
08:51:33 [INFO] -------------- Reading Seed File: ------------
08:51:33 [INFO] "/home/leo_repp/masterthesis/nemo/nemo-metamorphic-testing/examples/wind-turbines/permissions.rls"
08:51:33 [INFO] Renaming of rules complete
08:51:33 [INFO] --------- Finished Reading Seed file ---------
08:51:33 [INFO] ----------------------------------------------
08:51:33 [INFO] 
08:51:33 [INFO] ----------------------------------------------
08:51:33 [INFO] -------- Beginning Program Generation --------
08:51:33 [INFO] ----------------------------------------------
08:51:33 [INFO] 
08:51:33 [INFO] Removing old export statements
08:51:33 [INFO] Beginning inverse_stratum and ancestry computation starting at node R_OUT
08:51:33 [INFO] Ancestry and Inverse Stratum computation complete.
08:51:33 [INFO] Constructed lite ADG
08:51:33 [INFO] Generating Program...
08:51:33 [INFO] 
08:51:33 [INFO] 1 / 23
08:51:33 [INFO]   I Add Relational Node
08:51:33 [INFO]   Added new relation R_1
08:51:33 [INFO] 2 / 23
08:51:33 [INFO]   I Add Relational Node
08:51:33 [INFO]   Added new relation R_2
08:51:33 [INFO] 3 / 23
08:51:33 [INFO]   I Add Relational Node
08:51:33 [INFO]   Added new relation R_3
08:51:33 [INFO] 4 / 23
08:51:33 [INFO]   I Add Relational Node
08:51:33 [INFO]   Added new relation R_4
08:51:33 [INFO] 5 / 23
08:51:33 [INFO]   I Add Relational Node
08:51:33 [INFO]   Added new relation R_5
08:51:33 [INFO] 6 / 23
08:51:33 [INFO]   I Add Relational Node
08:51:33 [INFO]   Added new relation R_6
08:51:33 [INFO] 7 / 23
08:51:33 [INFO]   I Add Relational Node
08:51:33 [INFO]   Added new relation R_7
08:51:33 [INFO] 8 / 23
08:51:33 [INFO]   I Add Relational Node
08:51:33 [INFO]   Added new relation R_8
08:51:33 [INFO] 9 / 23
08:51:33 [INFO]   I Add Relational Node
08:51:33 [INFO]   Added new relation R_9
08:51:33 [INFO] 10 / 23
08:51:33 [INFO]   I Add Relational Node
08:51:33 [INFO]   Added new relation R_10
08:51:33 [INFO] 11 / 23
08:51:33 [INFO]   I Add Relational Node
08:51:33 [INFO]   Added new relation R_11
08:51:33 [INFO] 12 / 23
08:51:33 [INFO]   I Add Relational Node
08:51:33 [INFO]   Added new relation R_12
08:51:33 [INFO] 13 / 23
08:51:33 [INFO]   I Add Relational Node
08:51:33 [INFO]   Added new relation R_13
08:51:33 [INFO] 14 / 23
08:51:33 [INFO]   I Add Relational Node
08:51:33 [INFO]   Added new relation R_14
08:51:33 [INFO] 15 / 23
08:51:33 [INFO]   I Add Relational Node
08:51:33 [INFO]   Added new relation R_15
08:51:33 [INFO] 16 / 23
08:51:33 [INFO]   I Add Relational Node
08:51:33 [INFO]   Added new relation R_16
08:51:33 [INFO] 17 / 23
08:51:33 [INFO]   I Add Relational Node
08:51:33 [INFO]   Added new relation R_17
08:51:33 [INFO] 18 / 23
08:51:33 [INFO]   I Add Relational Node
08:51:33 [INFO]   Added new relation R_18
08:51:33 [INFO] 19 / 23
08:51:33 [INFO]   I Add Relational Node
08:51:33 [INFO]   Added new relation R_19
08:51:33 [INFO] 20 / 23
08:51:33 [INFO]   I Add Relational Node
08:51:33 [INFO]   Added new relation R_20
08:51:33 [INFO] 21 / 23
08:51:33 [INFO]   I Add Relational Node
08:51:33 [INFO]   Added new relation R_21
08:51:33 [INFO] 22 / 23
08:51:33 [INFO]   I Add Relational Node
08:51:33 [INFO]   Added new relation R_22
08:51:33 [INFO] 23 / 23
08:51:33 [INFO]   I Add Relational Node
08:51:33 [INFO]   Added new relation R_23
08:51:33 [INFO] 
08:51:33 [INFO] Adding a new rule for each relation other than the seed relations
08:51:33 [INFO] 
08:51:33 [INFO] 1 / 24
08:51:33 [INFO]   Generating new single body literal rule for R_OUT
08:51:33 [INFO]   Assigned relation R_OUT the artiy 6
08:51:33 [INFO]   Added new rule of name r_GEN_1
08:51:33 [INFO]   R_OUT(?X_5, "50.89816338631804"^^<http://www.w3.org/2001/XMLSchema#double>, ?X_4, ?X_1, ?X_2, ?X_4) :- locations(?X_5, "50.89816338631804"^^<http://www.w3.org/2001/XMLSchema#double>, ?X_4), locations(?X_1, ?X_2, ?X_4) .
08:51:33 [INFO] 2 / 24
08:51:33 [INFO]   Generating new single body literal rule for R_1
08:51:33 [INFO]   Assigned relation R_1 the artiy 2
08:51:33 [INFO]   Assigned relation R_12 the artiy 6
08:51:33 [INFO]   Added new rule of name r_GEN_2
08:51:33 [INFO]   R_1(?X_1, ?X_2) :- R_12(?X_1, ?X_2, ?Y_1, ?X_1, ?X_1, ?X_2) .
08:51:33 [INFO] 3 / 24
08:51:33 [INFO]   Generating new single body literal rule for R_2
08:51:33 [INFO]   Assigned relation R_2 the artiy 3
08:51:33 [INFO]   Added new rule of name r_GEN_3
08:51:33 [INFO]   R_2(?X_3, "50.89816338631804"^^<http://www.w3.org/2001/XMLSchema#double>, ?X_3) :- R_12(?X_3, ?X_3, "50.89816338631804"^^<http://www.w3.org/2001/XMLSchema#double>, ?X_3, "50.89816338631804"^^<http://www.w3.org/2001/XMLSchema#double>, "50.89816338631804"^^<http://www.w3.org/2001/XMLSchema#double>) .
08:51:33 [INFO] 4 / 24
08:51:33 [INFO]   Generating new single body literal rule for R_3
08:51:33 [INFO]   Assigned relation R_3 the artiy 2
08:51:33 [INFO]   Added new rule of name r_GEN_4
08:51:33 [INFO]   R_3(?X_1, "Rotmilan") :- project_approved(?X_1), project_approved("Rotmilan") .
08:51:33 [INFO] 5 / 24
08:51:33 [INFO]   Generating new single body literal rule for R_4
08:51:33 [INFO]   Assigned relation R_4 the artiy 6
08:51:33 [INFO]   Added new rule of name r_GEN_5
08:51:33 [INFO]   R_4(?X_3, ?X_3, ?X_1, ?X_5, ?X_2, ?X_6) :- PI(?X_3), PI(?X_3), PI(?X_1), PI(?X_5), PI(?X_2), PI(?X_6) .
08:51:33 [INFO] 6 / 24
08:51:33 [INFO]   Generating new single body literal rule for R_5
08:51:33 [INFO]   Assigned relation R_5 the artiy 2
08:51:33 [INFO]   Assigned relation R_21 the artiy 2
08:51:33 [INFO]   Added new rule of name r_GEN_6
08:51:33 [INFO]   R_5("Wind Turbine B", ?X_2) :- R_21("Wind Turbine B", ?X_2) .
08:51:33 [INFO] 7 / 24
08:51:33 [INFO]   Generating new single body literal rule for R_6
08:51:33 [INFO]   Assigned relation R_6 the artiy 6
08:51:33 [INFO]   Assigned relation R_20 the artiy 6
08:51:33 [INFO]   Added new rule of name r_GEN_7
08:51:33 [INFO]   R_6(?X_1, "50.89816338631804"^^<http://www.w3.org/2001/XMLSchema#double>, ?X_3, ?X_2, ?X_6, ?X_2) :- R_20(?X_1, "50.89816338631804"^^<http://www.w3.org/2001/XMLSchema#double>, ?X_3, ?X_2, ?X_6, ?X_2) .
08:51:33 [INFO] 8 / 24
08:51:33 [INFO]   Generating new single body literal rule for R_7
08:51:33 [INFO]   Assigned relation R_7 the artiy 5
08:51:33 [INFO]   Assigned relation R_14 the artiy 5
08:51:33 [INFO]   Added new rule of name r_GEN_8
08:51:33 [INFO]   R_7(?X_1, ?X_4, ?X_4, ?X_5, "Wind Turbine A") :- R_14(?X_1, ?X_4, ?X_4, ?X_5, "Wind Turbine A") .
08:51:33 [INFO] 9 / 24
08:51:33 [INFO]   Generating new single body literal rule for R_8
08:51:33 [INFO]   Assigned relation R_8 the artiy 1
08:51:33 [INFO]   Added new rule of name r_GEN_9
08:51:33 [INFO]   R_8("50.89816338631804"^^<http://www.w3.org/2001/XMLSchema#double>) :- project_location_m("50.89816338631804"^^<http://www.w3.org/2001/XMLSchema#double>, ?Y_1, "13.688126881341304"^^<http://www.w3.org/2001/XMLSchema#double>) .
08:51:33 [INFO] 10 / 24
08:51:33 [INFO]   Generating new single body literal rule for R_9
08:51:33 [INFO]   Assigned relation R_9 the artiy 5
08:51:33 [INFO]   Added new rule of name r_GEN_10
08:51:33 [INFO]   R_9(?X_4, ?X_4, ?X_1, "3.14159"^^<http://www.w3.org/2001/XMLSchema#double>, ?X_2) :- TRUE(?X_4), TRUE(?X_4), TRUE(?X_1), TRUE("3.14159"^^<http://www.w3.org/2001/XMLSchema#double>), TRUE(?X_2) .
08:51:33 [INFO] 11 / 24
08:51:33 [INFO]   Generating new single body literal rule for R_10
08:51:33 [INFO]   Assigned relation R_10 the artiy 5
08:51:33 [INFO]   Assigned relation R_15 the artiy 5
08:51:33 [INFO]   Added new rule of name r_GEN_11
08:51:33 [INFO]   R_10(?X_1, ?X_4, ?X_3, ?X_5, ?X_5) :- R_15(?X_1, ?X_4, ?X_3, ?X_5, ?X_5) .
08:51:33 [INFO] 12 / 24
08:51:33 [INFO]   Generating new single body literal rule for R_11
08:51:33 [INFO]   Assigned relation R_11 the artiy 5
08:51:33 [INFO]   Added new rule of name r_GEN_12
08:51:33 [INFO]   R_11(?X_2, ?X_4, ?X_5, ?X_4, ?X_3) :- project_height_m(?X_2, ?X_4), project_height_m(?Y_1, ?X_4), project_height_m(?X_3, ?X_5) .
08:51:33 [INFO] 13 / 24
08:51:33 [INFO]   Generating new single body literal rule for R_12
08:51:33 [INFO]   Added new rule of name r_GEN_13
08:51:33 [INFO]   R_12(?X_5, ?X_5, ?X_4, ?X_3, ?X_6, ?X_2) :- project(?X_5), project(?X_5), project(?X_4), project(?X_3), project(?X_6), project(?X_2) .
08:51:33 [INFO] 14 / 24
08:51:33 [INFO]   Generating new single body literal rule for R_13
08:51:33 [INFO]   Assigned relation R_13 the artiy 6
08:51:33 [INFO]   Added new rule of name r_GEN_14
08:51:33 [INFO]   R_13(?X_5, ?X_1, ?X_4, ?X_3, "Wind Turbine C", ?X_1) :- coordinates_m(?X_5, ?X_1), coordinates_m(?X_4, ?X_3), coordinates_m("Wind Turbine C", ?X_1) .
08:51:33 [INFO] 15 / 24
08:51:33 [INFO]   Generating new single body literal rule for R_14
08:51:33 [INFO]   Added new rule of name r_GEN_15
08:51:33 [INFO]   R_14(?X_2, ?X_1, "50.89816338631804"^^<http://www.w3.org/2001/XMLSchema#double>, ?X_2, ?X_3) :- closest_house(?X_2, ?X_2), closest_house("50.89816338631804"^^<http://www.w3.org/2001/XMLSchema#double>, ?X_2), closest_house(?X_3, ?X_1) .
08:51:33 [INFO] 16 / 24
08:51:33 [INFO]   Generating new single body literal rule for R_15
08:51:33 [INFO]   Added new rule of name r_GEN_16
08:51:33 [INFO]   R_15(?X_1, ?X_3, ?X_2, ?X_2, "Wind Turbine C") :- R_1(?X_1, ?X_3), R_1(?X_2, ?X_2), R_1(?X_2, "Wind Turbine C") .
08:51:33 [INFO] 17 / 24
08:51:33 [INFO]   Generating new single body literal rule for R_16
08:51:33 [INFO]   Assigned relation R_16 the artiy 3
08:51:33 [INFO]   Added new rule of name r_GEN_17
08:51:33 [INFO]   R_16(?X_2, ?X_3, "Wind Turbine B") :- R_21(?X_2, ?Y_1), R_21("Wind Turbine B", ?X_3) .
08:51:33 [INFO] 18 / 24
08:51:33 [INFO]   Generating new single body literal rule for R_17
08:51:33 [INFO]   Assigned relation R_17 the artiy 2
08:51:33 [INFO]   Added new rule of name r_GEN_18
08:51:33 [INFO]   R_17(?X_1, ?X_1) :- R_4("Gartenschläfer", ?Y_1, ?X_1, ?X_1, ?X_1, ?X_1) .
08:51:33 [INFO] 19 / 24
08:51:33 [INFO]   Generating new single body literal rule for R_18
08:51:33 [INFO]   Assigned relation R_18 the artiy 3
08:51:33 [INFO]   Added new rule of name r_GEN_19
08:51:33 [INFO]   R_18(?X_3, "13.69510396381167"^^<http://www.w3.org/2001/XMLSchema#double>, ?X_1) :- project_location(?X_3, "13.69510396381167"^^<http://www.w3.org/2001/XMLSchema#double>, ?X_1) .
08:51:33 [INFO] 20 / 24
08:51:33 [INFO]   Generating new single body literal rule for R_19
08:51:33 [INFO]   Assigned relation R_19 the artiy 5
08:51:33 [INFO]   Assigned relation R_22 the artiy 5
08:51:33 [INFO]   Added new rule of name r_GEN_20
08:51:33 [INFO]   R_19(?X_3, ?X_1, "Gartenschläfer", ?X_5, ?X_4) :- R_22(?X_3, ?X_1, "Gartenschläfer", ?X_5, ?X_4) .
08:51:33 [INFO] 21 / 24
08:51:33 [INFO]   Generating new single body literal rule for R_20
08:51:33 [INFO]   Added new rule of name r_GEN_21
08:51:33 [INFO]   R_20(?X_2, ?X_5, ?X_6, ?X_4, ?X_6, ?X_3) :- R_OUT(?X_2, ?X_5, ?X_6, ?X_4, ?X_6, ?X_3) .
08:51:33 [INFO] 22 / 24
08:51:33 [INFO]   Generating new single body literal rule for R_21
08:51:33 [INFO]   Added new rule of name r_GEN_22
08:51:33 [INFO]   R_21("Feldsperling", ?X_2) :- distance("Feldsperling", ?X_2) .
08:51:33 [INFO] 23 / 24
08:51:33 [INFO]   Generating new single body literal rule for R_22
08:51:33 [INFO]   Added new rule of name r_GEN_23
08:51:33 [INFO]   R_22(?X_4, "true"^^<http://www.w3.org/2001/XMLSchema#boolean>, ?X_2, ?X_5, ?X_4) :- project_approved(?X_4), project_approved("true"^^<http://www.w3.org/2001/XMLSchema#boolean>), project_approved(?X_2), project_approved(?X_5), project_approved(?X_4) .
08:51:33 [INFO] 24 / 24
08:51:33 [INFO]   Generating new single body literal rule for R_23
08:51:33 [INFO]   Assigned relation R_23 the artiy 2
08:51:33 [INFO]   Added new rule of name r_GEN_24
08:51:33 [INFO]   R_23(?X_2, ?X_2) :- R_4(?X_2, ?X_2, ?Y_1, ?X_2, ?X_2, ?X_2) .
08:51:33 [INFO] 
08:51:33 [INFO] Adding a outgoing relational edge for each relation other than R_OUT
08:51:33 [INFO] 
08:51:33 [INFO] 1 / 40
08:51:33 [INFO]   Adding outgoing relational edge from CIRC_EARTH for r_GEN_21
08:51:33 [INFO]   Generated literal CIRC_EARTH(?X_4) for rule r_GEN_21
08:51:33 [INFO] 2 / 40
08:51:33 [INFO]   Adding outgoing relational edge from PI for r_GEN_17
08:51:33 [INFO]   Generated literal PI(?Z_2) for rule r_GEN_17
08:51:33 [INFO] 3 / 40
08:51:33 [INFO]   Adding outgoing relational edge from TRUE for r_GEN_21
08:51:33 [INFO]   Generated literal ~TRUE(?X_4) for rule r_GEN_21
08:51:33 [INFO] 4 / 40
08:51:33 [INFO]   Adding outgoing relational edge from closest_house for r_GEN_18
08:51:33 [INFO]   Generated literal closest_house(?Z_1, ?X_1) for rule r_GEN_18
08:51:33 [INFO] 5 / 40
08:51:33 [INFO]   Adding outgoing relational edge from coordinates for r_GEN_7
08:51:33 [INFO]   Generated literal ~coordinates(?X_6, ?X_6) for rule r_GEN_7
08:51:33 [INFO] 6 / 40
08:51:33 [INFO]   Adding outgoing relational edge from coordinates_m for r_GEN_3
08:51:33 [INFO]   Generated literal coordinates_m(?Z_2, ?X_3) for rule r_GEN_3
08:51:33 [INFO] 7 / 40
08:51:33 [INFO]   Adding outgoing relational edge from distance for r_GEN_19
08:51:33 [INFO]   Generated literal ~distance(?X_1, ?X_3) for rule r_GEN_19
08:51:33 [INFO] 8 / 40
08:51:33 [INFO]   Adding outgoing relational edge from endangered for r_GEN_14
08:51:33 [INFO]   Generated literal endangered(?X_3) for rule r_GEN_14
08:51:33 [INFO] 9 / 40
08:51:33 [INFO]   Adding outgoing relational edge from environmental_impact for r_GEN_6
08:51:33 [INFO]   Generated literal environmental_impact(?X_2) for rule r_GEN_6
08:51:33 [INFO] 10 / 40
08:51:33 [INFO]   Adding outgoing relational edge from locations for r_GEN_19
08:51:33 [INFO]   Generated literal ~locations(?X_1, ?X_3, ?X_1) for rule r_GEN_19
08:51:33 [INFO] 11 / 40
08:51:33 [INFO]   Adding outgoing relational edge from project for r_GEN_13
08:51:33 [INFO]   Generated literal project(?Z_2) for rule r_GEN_13
08:51:33 [INFO] 12 / 40
08:51:33 [INFO]   Adding outgoing relational edge from project_approved for r_GEN_9
08:51:33 [INFO]   Generated literal ~project_approved("50.89816338631804"^^<http://www.w3.org/2001/XMLSchema#double>) for rule r_GEN_9
08:51:33 [INFO] 13 / 40
08:51:33 [INFO]   Adding outgoing relational edge from project_height_m for r_GEN_3
08:51:33 [INFO]   Generated literal project_height_m(?X_3, ?Z_1) for rule r_GEN_3
08:51:33 [INFO] 14 / 40
08:51:33 [INFO]   Adding outgoing relational edge from project_location for r_GEN_22
08:51:33 [INFO]   Generated literal project_location(?X_2, ?X_2, "Wind Turbine B") for rule r_GEN_22
08:51:33 [INFO] 15 / 40
08:51:33 [INFO]   Adding outgoing relational edge from project_location_m for r_GEN_18
08:51:33 [INFO]   Generated literal project_location_m(?X_1, ?X_1, ?X_1) for rule r_GEN_18
08:51:33 [INFO] 16 / 40
08:51:33 [INFO]   Adding outgoing relational edge from project_reject for r_GEN_17
08:51:33 [INFO]   Generated literal project_reject(?Z_3) for rule r_GEN_17
08:51:33 [INFO] 17 / 40
08:51:33 [INFO]   Adding outgoing relational edge from project_species for r_GEN_1
08:51:33 [INFO]   Generated literal project_species(?X_5, ?X_1) for rule r_GEN_1
08:51:33 [INFO] 18 / 40
08:51:33 [INFO]   Adding outgoing relational edge from R_1 for r_GEN_22
08:51:33 [INFO]   Generated literal R_1(?X_2, ?X_2) for rule r_GEN_22
08:51:33 [INFO] 19 / 40
08:51:33 [INFO]   Adding outgoing relational edge from R_2 for r_GEN_4
08:51:33 [INFO]   Generated literal R_2(?X_1, ?Z_1, ?X_1) for rule r_GEN_4
08:51:33 [INFO] 20 / 40
08:51:33 [INFO]   Adding outgoing relational edge from R_3 for r_GEN_9
08:51:33 [INFO]   Generated literal ~R_3(?Y_1, ?Y_1) for rule r_GEN_9
08:51:33 [INFO] 21 / 40
08:51:33 [INFO]   Adding outgoing relational edge from R_4 for r_GEN_5
08:51:33 [INFO]   Generated literal R_4(?X_1, ?Z_5, ?Z_4, 60, ?X_2, ?Z_3) for rule r_GEN_5
08:51:33 [INFO] 22 / 40
08:51:33 [INFO]   Adding outgoing relational edge from R_5 for r_GEN_9
08:51:33 [INFO]   Generated literal R_5(?Y_1, ?Y_1) for rule r_GEN_9
08:51:33 [INFO] 23 / 40
08:51:33 [INFO]   Adding outgoing relational edge from R_6 for r_GEN_19
08:51:33 [INFO]   Generated literal R_6("13.688126881341304"^^<http://www.w3.org/2001/XMLSchema#double>, ?X_3, ?X_1, ?Z_1, ?Z_2, ?X_1) for rule r_GEN_19
08:51:33 [INFO] 24 / 40
08:51:33 [INFO]   Adding outgoing relational edge from R_7 for r_GEN_21
08:51:33 [INFO]   Generated literal ~R_7(?X_6, ?X_6, ?X_4, ?X_4, ?X_4) for rule r_GEN_21
08:51:33 [INFO] 25 / 40
08:51:33 [INFO]   Adding outgoing relational edge from R_8 for r_GEN_1
08:51:33 [INFO]   Generated literal R_8(?X_4) for rule r_GEN_1
08:51:33 [INFO] 26 / 40
08:51:33 [INFO]   Adding outgoing relational edge from R_9 for r_GEN_23
08:51:33 [INFO]   Generated literal R_9("true"^^<http://www.w3.org/2001/XMLSchema#boolean>, ?X_4, ?Z_2, ?X_4, ?X_4) for rule r_GEN_23
08:51:33 [INFO] 27 / 40
08:51:33 [INFO]   Adding outgoing relational edge from R_10 for r_GEN_14
08:51:33 [INFO]   Generated literal R_10(?Z_2, ?X_4, ?X_5, ?X_4, ?X_3) for rule r_GEN_14
08:51:33 [INFO] 28 / 40
08:51:33 [INFO]   Adding outgoing relational edge from R_11 for r_GEN_15
08:51:33 [INFO]   Generated literal R_11(?X_2, ?X_2, ?X_3, "Wind Turbine C", ?Z_2) for rule r_GEN_15
08:51:33 [INFO] 29 / 40
08:51:33 [INFO]   Adding outgoing relational edge from R_12 for r_GEN_6
08:51:33 [INFO]   Generated literal R_12(?X_2, ?X_2, "Wind Turbine B", ?X_2, ?X_2, ?Z_1) for rule r_GEN_6
08:51:33 [INFO] 30 / 40
08:51:33 [INFO]   Adding outgoing relational edge from R_13 for r_GEN_17
08:51:33 [INFO]   Generated literal R_13(?Y_1, ?X_2, ?Z_4, "50.89312291453255"^^<http://www.w3.org/2001/XMLSchema#double>, ?Z_2, ?Z_1) for rule r_GEN_17
08:51:33 [INFO] 31 / 40
08:51:33 [INFO]   Adding outgoing relational edge from R_14 for r_GEN_22
08:51:33 [INFO]   Generated literal ~R_14(?X_2, "Wind Turbine A", ?X_2, ?X_2, ?X_2) for rule r_GEN_22
08:51:33 [INFO] 32 / 40
08:51:33 [INFO]   Adding outgoing relational edge from R_15 for r_GEN_16
08:51:33 [INFO]   Generated literal R_15(?X_2, ?X_2, ?X_1, ?X_2, ?X_2) for rule r_GEN_16
08:51:33 [INFO] 33 / 40
08:51:33 [INFO]   Adding outgoing relational edge from R_16 for r_GEN_3
08:51:33 [INFO]   Generated literal R_16(?Z_3, ?X_3, ?Z_4) for rule r_GEN_3
08:51:33 [INFO] 34 / 40
08:51:33 [INFO]   Adding outgoing relational edge from R_17 for r_GEN_9
08:51:33 [INFO]   Generated literal R_17(?Y_1, ?Y_1) for rule r_GEN_9
08:51:33 [INFO] 35 / 40
08:51:33 [INFO]   Adding outgoing relational edge from R_18 for r_GEN_7
08:51:33 [INFO]   Generated literal R_18(?X_1, ?X_6, ?X_2) for rule r_GEN_7
08:51:33 [INFO] 36 / 40
08:51:33 [INFO]   Adding outgoing relational edge from R_19 for r_GEN_13
08:51:33 [INFO]   Generated literal R_19(?Z_2, "13.704927907097524"^^<http://www.w3.org/2001/XMLSchema#double>, ?X_5, ?Z_5, ?X_6) for rule r_GEN_13
08:51:33 [INFO] 37 / 40
08:51:33 [INFO]   Adding outgoing relational edge from R_20 for r_GEN_9
08:51:33 [INFO]   Generated literal R_20(?Y_1, ?Y_1, ?Z_1, ?Y_1, ?Y_1, ?Y_1) for rule r_GEN_9
08:51:33 [INFO] 38 / 40
08:51:33 [INFO]   Adding outgoing relational edge from R_21 for r_GEN_11
08:51:33 [INFO]   Generated literal R_21(?Z_4, ?X_1) for rule r_GEN_11
08:51:33 [INFO] 39 / 40
08:51:33 [INFO]   Adding outgoing relational edge from R_22 for r_GEN_19
08:51:33 [INFO]   Generated literal R_22(?X_1, ?Z_4, ?X_3, ?X_3, ?X_3) for rule r_GEN_19
08:51:33 [INFO] 40 / 40
08:51:33 [INFO]   Adding outgoing relational edge from R_23 for r_GEN_6
08:51:33 [INFO]   Generated literal R_23(?X_2, ?Z_1) for rule r_GEN_6
08:51:33 [INFO] 
08:51:33 [INFO] Adding gen. size facts
08:51:33 [INFO] 
08:51:33 [INFO] 1 / 24
08:51:33 [INFO]   II Add Fact Node and Edge
08:51:33 [INFO]   Added new fact R_10(c_1, "13.69510396381167"^^<http://www.w3.org/2001/XMLSchema#double>, "50.89816338631804"^^<http://www.w3.org/2001/XMLSchema#double>, "Rotmilan", c_2).
08:51:33 [INFO] 2 / 24
08:51:33 [INFO]   II Add Fact Node and Edge
08:51:33 [INFO]   Added new fact R_6("3.14159"^^<http://www.w3.org/2001/XMLSchema#double>, "Wind Turbine A", "Wind Turbine B", "Wind Turbine A", c_3, "str_1").
08:51:33 [INFO] 3 / 24
08:51:33 [INFO]   II Add Fact Node and Edge
08:51:33 [INFO]   Added new fact R_5("Wind Turbine B", 1461615712955830966).
08:51:33 [INFO] 4 / 24
08:51:33 [INFO]   II Add Fact Node and Edge
08:51:33 [INFO]   Added new fact R_OUT(c_2, "Rotmilan", c_4, "Wind Turbine C", "Rotmilan", c_5).
08:51:33 [INFO] 5 / 24
08:51:33 [INFO]   II Add Fact Node and Edge
08:51:33 [INFO]   Added new fact R_18("Wind Turbine B", "Wind Turbine B", "Wind Turbine A").
08:51:33 [INFO] 6 / 24
08:51:33 [INFO]   II Add Fact Node and Edge
08:51:33 [INFO]   Added new fact R_18(c_6, "str_2", "str_3").
08:51:33 [INFO] 7 / 24
08:51:33 [INFO]   II Add Fact Node and Edge
08:51:33 [INFO]   Added new fact R_5("str_2", c_7).
08:51:33 [INFO] 8 / 24
08:51:33 [INFO]   II Add Fact Node and Edge
08:51:33 [INFO]   Added new fact R_7(c_8, c_9, c_4, c_9, "str_4").
08:51:33 [INFO] 9 / 24
08:51:33 [INFO]   II Add Fact Node and Edge
08:51:33 [INFO]   Added new fact R_2(5606858880338458396, "Wind Turbine A", c_9).
08:51:33 [INFO] 10 / 24
08:51:33 [INFO]   II Add Fact Node and Edge
08:51:33 [INFO]   Added new fact R_7(c_7, "str_1", "str_5", "str_6", 5085846279596192379).
08:51:33 [INFO] 11 / 24
08:51:33 [INFO]   II Add Fact Node and Edge
08:51:33 [INFO]   Added new fact R_6("str_5", c_1, "50.89816338631804"^^<http://www.w3.org/2001/XMLSchema#double>, "Wind Turbine B", c_10, c_11).
08:51:33 [INFO] 12 / 24
08:51:33 [INFO]   II Add Fact Node and Edge
08:51:33 [INFO]   Added new fact R_7(c_8, "true"^^<http://www.w3.org/2001/XMLSchema#boolean>, "str_5", c_12, c_13).
08:51:33 [INFO] 13 / 24
08:51:33 [INFO]   II Add Fact Node and Edge
08:51:33 [INFO]   Added new fact R_6("3.14159"^^<http://www.w3.org/2001/XMLSchema#double>, c_14, c_15, 60, "str_7", "str_8").
08:51:33 [INFO] 14 / 24
08:51:33 [INFO]   II Add Fact Node and Edge
08:51:33 [INFO]   Added new fact R_OUT(18247918715700078286, c_16, "str_9", "Rotmilan", c_17, c_18).
08:51:33 [INFO] 15 / 24
08:51:33 [INFO]   II Add Fact Node and Edge
08:51:33 [INFO]   Added new fact R_7("Wind Turbine A", "str_5", "Wind Turbine A", "3.14159"^^<http://www.w3.org/2001/XMLSchema#double>, c_19).
08:51:33 [INFO] 16 / 24
08:51:33 [INFO]   II Add Fact Node and Edge
08:51:33 [INFO]   Added new fact R_5(c_20, 17477652454639260080).
08:51:33 [INFO] 17 / 24
08:51:33 [INFO]   II Add Fact Node and Edge
08:51:33 [INFO]   Added new fact R_7(5085846279596192379, c_21, c_22, c_17, "str_7").
08:51:33 [INFO] 18 / 24
08:51:33 [INFO]   II Add Fact Node and Edge
08:51:33 [INFO]   Added new fact R_17(c_16, 5606858880338458396).
08:51:33 [INFO] 19 / 24
08:51:33 [INFO]   II Add Fact Node and Edge
08:51:33 [INFO]   Added new fact R_13("str_9", "str_10", "str_8", c_23, "str_11", "str_12").
08:51:33 [INFO] 20 / 24
08:51:33 [INFO]   II Add Fact Node and Edge
08:51:33 [INFO]   Added new fact R_3(366229845494401098, c_24).
08:51:33 [INFO] 21 / 24
08:51:33 [INFO]   II Add Fact Node and Edge
08:51:33 [INFO]   Added new fact R_16(c_12, 366229845494401098, c_3).
08:51:33 [INFO] 22 / 24
08:51:33 [INFO]   II Add Fact Node and Edge
08:51:33 [INFO]   Added new fact R_3(10774922541298373055, 10419048744628742341).
08:51:33 [INFO] 23 / 24
08:51:33 [INFO]   II Add Fact Node and Edge
08:51:33 [INFO]   Added new fact R_18(c_23, 10806707376120944120, "Wind Turbine C").
08:51:33 [INFO] 24 / 24
08:51:33 [INFO]   II Add Fact Node and Edge
08:51:33 [INFO]   Added new fact R_2(40, "str_13", 9969435176479101341).
08:51:33 [INFO] 
08:51:33 [INFO] ----------------------------------------------
08:51:33 [INFO] ----------- Program Generation Done ----------
08:51:33 [INFO] ----------------------------------------------
08:51:33 [INFO] 
08:51:33 [INFO] ----------- Generated ADG Summary: -----------
08:51:33 [INFO] ADG Fact Nodes:                  24
08:51:33 [INFO] ADG Relational Nodes:            41
08:51:33 [INFO] ADG Fact Edges:                  24
08:51:33 [INFO] ADG Relational Edges:            93
08:51:33 [INFO] Number of inv. Strata:           2
08:51:33 [INFO] 
08:51:33 [INFO] Nodes with None Ancestry:        3
08:51:33 [INFO] Nodes with Positive Ancestry:    12
08:51:33 [INFO] Nodes with Negative Ancestry:    10
08:51:33 [INFO] Nodes with Unknown Ancestry:     16
08:51:33 [INFO] 
08:51:33 [INFO] Next rule name would be:         r_EXP_25
08:51:33 [INFO] Next predicate name would be:    R_24
08:51:33 [INFO] Next constant name would be:     c_25
08:51:33 [INFO] Next string would be:            "str_14"
08:51:33 [INFO] 
08:51:33 [INFO] Output predicate:                R_OUT
08:51:33 [INFO] Generated rule count:            24
08:51:33 [INFO] Rule count:                      33
08:51:33 [INFO] Average rel. arity:              3.097560975609756
08:51:33 [INFO] Arity calc. may be inaccurate if arity > f64
08:51:33 [INFO] ----------------------------------------------
08:51:33 [INFO] 
08:51:33 [INFO] ------ Performed Gen. Transformations: -------
08:51:33 [INFO]  #      Type
08:51:33 [INFO]  24      Generate New Rule with Probably Single Lit
08:51:33 [INFO]  40      Generating an Outgoing Relational Edge
08:51:33 [INFO]  23      I     Add Relational Node
08:51:33 [INFO]  24      II    Add Fact Node and Edge
08:51:33 [INFO] ----------------------------------------------
08:51:33 [INFO] 
08:51:33 [INFO] Storing input ADG and input program
08:51:33 [INFO] 
08:51:33 [INFO] ----------------------------------------------
08:51:33 [INFO] --------- Beginning Transformations ----------
08:51:33 [INFO] --------  Oracle: EXP    Number: 62
08:51:33 [INFO] ----------------------------------------------
08:51:33 [INFO] 1 / 62
08:51:33 [INFO]   III Add Relational edges - New Rule
08:51:33 [INFO]   Added new rule of name r_EXP_27
08:51:33 [INFO]   R_OUT(?X_2, ?X_1, c_20, ?X_5, ?X_6, ?X_3) :- R_10(?X_2, ?X_1, c_20, ?X_2, ?X_6), PI(?X_3), closest_house(?X_5, ?X_3), ~R_15(?X_6, ?X_6, ?X_5, ?X_6, ?X_1), ~project_reject(?X_5) .
08:51:33 [INFO] 2 / 62
08:51:33 [INFO]   VIII Modify Rule - Remove Equality
08:51:33 [INFO]   Replaced a random number of var Z_1 with var Z_1_new_1 in the rule r_GEN_6
08:51:33 [INFO] 3 / 62
08:51:33 [INFO]   VII Modify Rule - Add Equality
08:51:33 [INFO]   Replaced var ?X_6 with var ?X_2 in the rule r_GEN_7
08:51:33 [INFO] 4 / 62
08:51:33 [INFO]   I Add Relational Node
08:51:33 [INFO]   Added new relation R_26
08:51:33 [INFO] 5 / 62
08:51:33 [INFO]   III Add Relational edges - New Rule
08:51:33 [INFO]   Added new rule of name r_EXP_28
08:51:33 [INFO]   R_20(?X_5, "Wind Turbine A", ?X_5, ?X_2, ?X_4, ?X_6) :- R_11(?X_2, "Wind Turbine A", ?X_5, ?X_2, ?X_4), R_6(?X_4, ?Y_2, ?X_6, ?X_6, ?Y_2, ?X_5) .
08:51:33 [INFO] 6 / 62
08:51:33 [INFO]   III Add Relational edges - New Rule
08:51:33 [INFO]   Added new rule of name r_EXP_29
08:51:33 [INFO]   R_OUT(?X_1, ?X_1, 17477652454639260080, ?X_2, ?X_4, ?X_6) :- coordinates(?X_1, ?X_1), coordinates(17477652454639260080, ?X_2), coordinates(?X_4, ?X_6), ~TRUE(?X_1) .
08:51:33 [INFO] 7 / 62
08:51:33 [INFO]   I Add Relational Node
08:51:33 [INFO]   Added new relation R_27
08:51:33 [INFO] 8 / 62
08:51:33 [INFO]   I Add Relational Node
08:51:33 [INFO]   Added new relation R_28
08:51:33 [INFO] 9 / 62
08:51:33 [INFO]   XI Add Contradictory Rule
08:51:33 [INFO]   Added new contradictory rule of name r_EXP_30
08:51:33 [INFO]   R_3(?X_2, ?X_1) :- R_1(?X_2, ?X_1), ~R_1(?X_2, ?X_1) .
08:51:33 [INFO] 10 / 62
08:51:33 [INFO]   XI Add Contradictory Rule
08:51:33 [INFO]   Added new contradictory rule of name r_EXP_31
08:51:33 [INFO]   R_19(?X_4, ?X_3, "str_1", ?X_1, ?X_5) :- project_approved(?X_4), project_approved(?X_3), project_approved("str_1"), project_approved(?X_1), project_approved(?X_5), ~project_approved(?X_4) .
08:51:33 [INFO] 11 / 62
08:51:33 [INFO]   II Add Fact Node and Edge
08:51:33 [INFO]   Assigned relation R_28 the artiy 6
08:51:33 [INFO]   Added new fact R_28(c_27, c_25, c_20, 6172348344849145267, "str_16", c_25).
08:51:33 [INFO] 12 / 62
08:51:33 [INFO]   III Add Relational edges - New Rule
08:51:33 [INFO]   Added new rule of name r_EXP_32
08:51:33 [INFO]   R_5("str_7", ?X_1) :- environmental_impact("str_7"), environmental_impact(?X_1), ~R_16(?X_1, "str_2", "str_7") .
08:51:33 [INFO] 13 / 62
08:51:33 [INFO]   XI Add Contradictory Rule
08:51:33 [INFO]   Added new contradictory rule of name r_EXP_33
08:51:33 [INFO]   R_12(?X_6, ?X_3, c_5, ?X_2, ?X_5, ?X_1) :- R_9(?X_6, ?X_5, c_5, ?X_2, ?X_5), R_9(c_5, ?X_3, ?X_2, ?X_1, ?Y_1), ~R_9(?X_6, ?X_5, c_5, ?X_2, ?X_5) .
08:51:33 [INFO] 14 / 62
08:51:33 [INFO]   XI Add Contradictory Rule
08:51:33 [INFO]   Added new contradictory rule of name r_EXP_34
08:51:33 [INFO]   R_16(?X_2, ?X_3, 60) :- R_1(?X_2, ?X_3), R_1("Gartenschläfer", 60), ~R_1(?X_2, ?X_3) .
08:51:33 [INFO] 15 / 62
08:51:33 [INFO]   V Remove Relational Edges - Whole Rule
08:51:33 [INFO]   Removing the Rule of the name r_EXP_34
08:51:33 [INFO] 16 / 62
08:51:33 [INFO]   VII Modify Rule - Add Equality
08:51:33 [INFO]   Replaced var ?X_1 with var ?Z_1 in the rule r_GEN_4
08:51:33 [INFO] 17 / 62
08:51:33 [INFO]   IX Remove Fact Node and Edge
08:51:33 [INFO]   Removed fact R_13("str_9", "str_10", "str_8", c_23, "str_11", "str_12"). from the program
08:51:33 [INFO]   Removed fact R_13("str_9", "str_10", "str_8", c_23, "str_11", "str_12"). from the ADG.
08:51:33 [INFO] 18 / 62
08:51:33 [INFO]   II Add Fact Node and Edge
08:51:33 [INFO]   Added new fact R_17(2928286999188264433, c_19).
08:51:33 [INFO] 19 / 62
08:51:33 [INFO]   XI Add Contradictory Rule
08:51:33 [INFO]   Added new contradictory rule of name r_EXP_35
08:51:33 [INFO]   R_7(c_22, ?X_2, ?X_3, ?X_4, ?X_5) :- project_location_m(c_22, ?X_2, ?X_2), project_location_m(?X_4, ?X_5, ?X_3), ~project_location_m(c_22, ?X_2, ?X_2) .
08:51:33 [INFO] 20 / 62
08:51:33 [INFO]   IX Remove Fact Node and Edge
08:51:33 [INFO]   Removed fact R_28(c_27, c_25, c_20, 6172348344849145267, "str_16", c_25). from the program
08:51:33 [INFO]   Removed fact R_28(c_27, c_25, c_20, 6172348344849145267, "str_16", c_25). from the ADG.
08:51:33 [INFO] 21 / 62
08:51:33 [INFO]   V Remove Relational Edges - Whole Rule
08:51:33 [INFO]   Removing the Rule of the name r_EXP_30
08:51:33 [INFO] 22 / 62
08:51:33 [INFO]   IX Remove Fact Node and Edge
08:51:33 [INFO]   Removed fact R_3(10774922541298373055, 10419048744628742341). from the program
08:51:33 [INFO]   Removed fact R_3(10774922541298373055, 10419048744628742341). from the ADG.
08:51:33 [INFO] 23 / 62
08:51:33 [INFO]   I Add Relational Node
08:51:33 [INFO]   Added new relation R_29
08:51:33 [INFO] 24 / 62
08:51:33 [INFO]   I Add Relational Node
08:51:33 [INFO]   Added new relation R_30
08:51:33 [INFO] 25 / 62
08:51:33 [INFO]   VII Modify Rule - Add Equality
08:51:33 [INFO]   Replaced var ?X_5 with var ?X_4 in the rule r_GEN_8
08:51:33 [INFO] 26 / 62
08:51:33 [INFO]   IV Add Relational Edge - New Literal
08:51:33 [INFO]   Generated literal R_11(?X_4, ?X_3, ?X_4, 1461615712955830966, ?X_4) for rule r_GEN_14
08:51:33 [INFO] 27 / 62
08:51:33 [INFO]   VIII Modify Rule - Remove Equality
08:51:33 [INFO]   Replaced a random number of var X_3 with var X_3_new_1 in the rule r_GEN_19
08:51:33 [INFO] 28 / 62
08:51:33 [INFO]   XI Add Contradictory Rule
08:51:33 [INFO]   Assigned relation R_27 the artiy 3
08:51:33 [INFO]   Added new contradictory rule of name r_EXP_36
08:51:33 [INFO]   R_27(?X_2, ?X_3, ?X_1) :- coordinates_m(?X_2, ?X_3), coordinates_m(?X_2, ?X_1), ~coordinates_m(?X_2, ?X_3) .
08:51:33 [INFO] 29 / 62
08:51:33 [INFO]   IX Remove Fact Node and Edge
08:51:33 [INFO]   Removed fact R_7(c_8, c_9, c_4, c_9, "str_4"). from the program
08:51:33 [INFO]   Removed fact R_7(c_8, c_9, c_4, c_9, "str_4"). from the ADG.
08:51:33 [INFO] 30 / 62
08:51:33 [INFO]   XI Add Contradictory Rule
08:51:33 [INFO]   Assigned relation R_28 the artiy 2
08:51:33 [INFO]   Added new contradictory rule of name r_EXP_37
08:51:33 [INFO]   R_28("Wind Turbine C", ?X_2) :- project_location(c_17, ?X_2, "Wind Turbine C"), ~project_location(c_17, ?X_2, "Wind Turbine C") .
08:51:33 [INFO] 31 / 62
08:51:33 [INFO]   XI Add Contradictory Rule
08:51:33 [INFO]   Assigned relation R_30 the artiy 3
08:51:33 [INFO]   Added new contradictory rule of name r_EXP_38
08:51:33 [INFO]   R_14(?X_5, ?X_2, ?X_1, 17477652454639260080, ?X_4) :- R_30(?X_5, ?X_2, ?X_1), R_30(17477652454639260080, ?X_4, ?X_5), ~R_30(?X_5, ?X_2, ?X_1) .
08:51:33 [INFO] 32 / 62
08:51:33 [INFO]   IX Remove Fact Node and Edge
08:51:33 [INFO]   Removed fact R_7("Wind Turbine A", "str_5", "Wind Turbine A", "3.14159"^^<http://www.w3.org/2001/XMLSchema#double>, c_19). from the program
08:51:33 [INFO]   Removed fact R_7("Wind Turbine A", "str_5", "Wind Turbine A", "3.14159"^^<http://www.w3.org/2001/XMLSchema#double>, c_19). from the ADG.
08:51:33 [INFO] 33 / 62
08:51:33 [INFO]   I Add Relational Node
08:51:33 [INFO]   Added new relation R_31
08:51:33 [INFO] 34 / 62
08:51:33 [INFO]   VIII Modify Rule - Remove Equality
08:51:33 [INFO]   Replaced a random number of var X_1 with var X_1_new_1 in the rule r_GEN_19
08:51:33 [INFO] 35 / 62
08:51:33 [INFO]   II Add Fact Node and Edge
08:51:33 [INFO]   Added new fact R_5(c_28, "str_17").
08:51:33 [INFO] 36 / 62
08:51:33 [INFO]   VII Modify Rule - Add Equality
08:51:33 [INFO]   Replaced var ?X_1 with var ?X_2 in the rule r_EXP_36
08:51:33 [INFO] 37 / 62
08:51:33 [INFO]   II Add Fact Node and Edge
08:51:33 [INFO]   Assigned relation R_26 the artiy 2
08:51:33 [INFO]   Added new fact R_26("Wind Turbine C", 5960971405085781425).
08:51:33 [INFO] 38 / 62
08:51:33 [INFO]   VII Modify Rule - Add Equality
08:51:33 [INFO]   Replaced var ?X_1 with var ?Z_2 in the rule r_GEN_14
08:51:33 [INFO] 39 / 62
08:51:33 [INFO]   VII Modify Rule - Add Equality
08:51:33 [INFO]   Replaced var ?X_2 with var ?Y_1 in the rule r_GEN_17
08:51:33 [INFO] 40 / 62
08:51:33 [INFO]   V Remove Relational Edges - Whole Rule
08:51:33 [INFO]   Removing the Rule of the name r_EXP_35
08:51:33 [INFO] 41 / 62
08:51:33 [INFO]   III Add Relational edges - New Rule
08:51:33 [INFO]   Added new rule of name r_EXP_39
08:51:33 [INFO]   R_17(?X_1, "Wind Turbine B") :- R_2(?X_1, "Wind Turbine B", "Wind Turbine B"), ~R_28("Wind Turbine B", "Wind Turbine B"), ~R_7("Wind Turbine B", ?X_1, "str_10", "str_10", "Wind Turbine B") .
08:51:33 [INFO] 42 / 62
08:51:33 [INFO]   Xa Remove Relational Node - Rule Variant
08:51:33 [INFO]   Removing relational node R_27
08:51:33 [INFO]   Removing the Rule of the name r_EXP_36
08:51:33 [INFO]   Removing at least 3 relational edges.
08:51:33 [INFO] 43 / 62
08:51:33 [INFO]   VII Modify Rule - Add Equality
08:51:33 [INFO]   Aborting the introduction of an equality - rule has too few variables!
08:51:33 [INFO] 44 / 62
08:51:33 [INFO]   I Add Relational Node
08:51:33 [INFO]   Added new relation R_32
08:51:33 [INFO] 45 / 62
08:51:33 [INFO]   I Add Relational Node
08:51:33 [INFO]   Added new relation R_33
08:51:33 [INFO] 46 / 62
08:51:33 [INFO]   IV Add Relational Edge - New Literal
08:51:33 [INFO]   Generated literal ~R_12(c_25, ?X_1, ?X_1, ?X_4, ?X_4, ?X_4) for rule r_GEN_8
08:51:33 [INFO] 47 / 62
08:51:33 [INFO]   VII Modify Rule - Add Equality
08:51:33 [INFO]   Replaced var ?X_1 with var ?X_4 in the rule r_GEN_8
08:51:33 [INFO] 48 / 62
08:51:33 [INFO]   II Add Fact Node and Edge
08:51:33 [INFO]   Assigned relation R_31 the artiy 5
08:51:33 [INFO]   Added new fact R_31(2928286999188264433, 8633019882217157710, c_4, c_29, "str_18").
08:51:33 [INFO] 49 / 62
08:51:33 [INFO]   VII Modify Rule - Add Equality
08:51:33 [INFO]   Aborting the introduction of an equality - rule has too few variables!
08:51:33 [INFO] 50 / 62
08:51:33 [INFO]   VIII Modify Rule - Remove Equality
08:51:33 [INFO]   Replaced a random number of var X_2 with var X_2_new_1 in the rule r_EXP_27
08:51:33 [INFO] 51 / 62
08:51:33 [INFO]   XI Add Contradictory Rule
08:51:33 [INFO]   Added new contradictory rule of name r_EXP_40
08:51:33 [INFO]   R_3(?X_1, c_25) :- R_9(?X_1, c_25, ?Y_1, ?X_1, c_25), ~R_9(?X_1, c_25, ?Y_1, ?X_1, c_25) .
08:51:33 [INFO] 52 / 62
08:51:33 [INFO]   III Add Relational edges - New Rule
08:51:33 [INFO]   Assigned relation R_29 the artiy 1
08:51:33 [INFO]   Added new rule of name r_EXP_41
08:51:33 [INFO]   R_29(?X_1) :- project_approved(?X_1), ~PI(?X_1), ~project_height_m("Feldsperling", ?X_1), ~locations("Feldsperling", ?X_1, "Feldsperling"), ~R_6(?X_1, "Feldsperling", ?X_1, ?X_1, ?X_1, ?X_1) .
08:51:33 [INFO] 53 / 62
08:51:33 [INFO]   V Remove Relational Edges - Whole Rule
08:51:33 [INFO]   Removing the Rule of the name r_EXP_40
08:51:33 [INFO] 54 / 62
08:51:33 [INFO]   VIII Modify Rule - Remove Equality
08:51:33 [INFO]   Replaced a random number of var X_2 with var X_2_new_1 in the rule r_GEN_6
08:51:33 [INFO] 55 / 62
08:51:33 [INFO]   IV Add Relational Edge - New Literal
08:51:33 [INFO]   Generated literal project_location(?X_1, ?X_1, ?Z_4) for rule r_EXP_41
08:51:33 [INFO] 56 / 62
08:51:33 [INFO]   XI Add Contradictory Rule
08:51:33 [INFO]   Added new contradictory rule of name r_EXP_42
08:51:33 [INFO]   R_30("Wind Turbine C", ?X_3, ?X_1) :- R_22(366229845494401098, ?X_3, ?X_3, ?X_1, "Wind Turbine C"), ~R_22(366229845494401098, ?X_3, ?X_3, ?X_1, "Wind Turbine C") .
08:51:33 [INFO] 57 / 62
08:51:33 [INFO]   II Add Fact Node and Edge
08:51:33 [INFO]   Assigned relation R_32 the artiy 1
08:51:33 [INFO]   Added new fact R_32(c_24).
08:51:33 [INFO] 58 / 62
08:51:33 [INFO]   IX Remove Fact Node and Edge
08:51:33 [INFO]   Removed fact R_26("Wind Turbine C", 5960971405085781425). from the program
08:51:33 [INFO]   Removed fact R_26("Wind Turbine C", 5960971405085781425). from the ADG.
08:51:33 [INFO] 59 / 62
08:51:33 [INFO]   IV Add Relational Edge - New Literal
08:51:33 [INFO]   Generated literal project_location_m(?X_1, ?Z_1, ?X_1) for rule r_EXP_41
08:51:33 [INFO] 60 / 62
08:51:33 [INFO]   XI Add Contradictory Rule
08:51:33 [INFO]   Assigned relation R_26 the artiy 4
08:51:33 [INFO]   Added new contradictory rule of name r_EXP_43
08:51:33 [INFO]   R_16(?X_3, ?X_1, "50.90297432498729"^^<http://www.w3.org/2001/XMLSchema#double>) :- R_26(?X_3, ?X_1, ?X_3, "50.90297432498729"^^<http://www.w3.org/2001/XMLSchema#double>), ~R_26(?X_3, ?X_1, ?X_3, "50.90297432498729"^^<http://www.w3.org/2001/XMLSchema#double>) .
08:51:33 [INFO] 61 / 62
08:51:33 [INFO]   Xa Remove Relational Node - Rule Variant
08:51:33 [INFO]   Removing relational node R_29
08:51:33 [INFO]   Removing the Rule of the name r_EXP_41
08:51:33 [INFO]   Removing at least 7 relational edges.
08:51:33 [INFO] 62 / 62
08:51:33 [INFO]   II Add Fact Node and Edge
08:51:33 [INFO]   Added new fact R_OUT(12435361438654371661, c_30, "Wind Turbine C", c_31, c_32, c_8).
08:51:33 [INFO] ----------------------------------------------
08:51:33 [INFO] ------------ Transformations Done ------------
08:51:33 [INFO] ----------------------------------------------
08:51:33 [INFO]  Ressources required: 
                data/endangered.csv
                data/locations.csv
                
08:51:33 [INFO] ---------- Transformed ADG Summary: ----------
08:51:33 [INFO] ADG Fact Nodes:                  25
08:51:33 [INFO] ADG Relational Nodes:            47
08:51:33 [INFO] ADG Fact Edges:                  25
08:51:33 [INFO] ADG Relational Edges:            130
08:51:33 [INFO] Number of inv. Strata:           5
08:51:33 [INFO] 
08:51:33 [INFO] Nodes with None Ancestry:        0
08:51:33 [INFO] Nodes with Positive Ancestry:    13
08:51:33 [INFO] Nodes with Negative Ancestry:    3
08:51:33 [INFO] Nodes with Unknown Ancestry:     28
08:51:33 [INFO] 
08:51:33 [INFO] Next rule name would be:         r_EXP_44
08:51:33 [INFO] Next predicate name would be:    R_34
08:51:33 [INFO] Next constant name would be:     c_33
08:51:33 [INFO] Next string would be:            "str_19"
08:51:33 [INFO] 
08:51:33 [INFO] Output predicate:                R_OUT
08:51:33 [INFO] Rule count:                      44
08:51:33 [INFO] Average rel. arity:              3.0869565217391304
08:51:33 [INFO] Arity calc. may be inaccurate if arity > f64
08:51:33 [INFO] ----------------------------------------------
08:51:33 [INFO] 
08:51:33 [INFO] --------- Performed Transformations: ---------
08:51:33 [INFO]  #      Type
08:51:33 [INFO]  6      Failed Transformation Attempts
08:51:33 [INFO]  8      I     Add Relational Node
08:51:33 [INFO]  7      II    Add Fact Node and Edge
08:51:33 [INFO]  6      III   Add Relational edges - New Rule
08:51:33 [INFO]  4      IV    Add Relational Edge - New Literal
08:51:33 [INFO]  6      IX    Remove Fact Node and Edge
08:51:33 [INFO]  4      V     Remove Relational Edges - Whole Rule
08:51:33 [INFO]  0      VI    Remove Relational Edge - Single Literal
08:51:33 [INFO]  9      VII   Modify Rule - Add Equality
08:51:33 [INFO]  5      VIII  Modify Rule - Remove Equality
08:51:33 [INFO]  11      XI   Add Contradictory Rule
08:51:33 [INFO]  2      Xa     Remove Relational Node Rule Variant - None anc only
08:51:33 [INFO] ----------------------------------------------
08:51:33 [INFO] 
08:51:33 [INFO] Writing output ADG and file.
08:51:33 [INFO] 
08:51:33 [INFO] ----------------------------------------------
08:51:33 [INFO] -- Beginning Nemo Execution - Input Program --
08:51:33 [INFO] ----------------------------------------------
08:51:33 [INFO] Stratified program: [[0, 1, 2, 3, 4, 5, 6, 11, 12, 14, 17], [7, 8, 9, 10, 13, 15, 20, 22, 25, 27], [16, 21, 23, 24, 26, 29, 30], [18, 19, 28]]
08:51:33 [INFO] Loading source SimpleTable { arity: 6, data: [AnyDataValue(Iri(IriDataValue("c_2"))), AnyDataValue(PlainString(StringDataValue("Rotmilan"))), AnyDataValue(Iri(IriDataValue("c_4"))), AnyDataValue(PlainString(StringDataValue("Wind Turbine C"))), AnyDataValue(PlainString(StringDataValue("Rotmilan"))), AnyDataValue(Iri(IriDataValue("c_5"))), AnyDataValue(UnsignedLong(UnsignedLongDataValue(18247918715700078286))), AnyDataValue(Iri(IriDataValue("c_16"))), AnyDataValue(PlainString(StringDataValue("str_9"))), AnyDataValue(PlainString(StringDataValue("Rotmilan"))), AnyDataValue(Iri(IriDataValue("c_17"))), AnyDataValue(Iri(IriDataValue("c_18")))] }
08:51:33 [INFO] Execution step: Combining Tables
08:51:33 [INFO] Saved permanent table R_OUT (0-1) Permutation { idx_to_val: [], val_to_idx: [] } with 2 entries (20976)
08:51:33 [INFO] <<< STEP 1: APPLYING RULE 0 coordinates(?longitude, ?latitude) :- locations(?longitude, ?latitude, ?tag), TRUE(?_BODY_1), Equal(?_BODY_1, StringContains(?tag, "addr")) >>>
08:51:33 [INFO] Loading source DsvReader { read: "<unspecified std::io::Read>", delimiter: 44, escape: None, value formats: DsvValueFormats([Double, Double, Skip, Skip, Skip, Skip, Skip, Skip, Skip, Skip, Skip, Skip, String]) }
08:51:33 [INFO] Starting data import
08:51:33 [INFO] Finished import: processed 782 lines (dropped 1)
08:51:33 [INFO] Loading source SimpleTable { arity: 1, data: [AnyDataValue(Boolean(BooleanDataValue(true)))] }
08:51:33 [INFO] Execution step: Body
08:51:33 [INFO] Saved temporary table: 122 entries (9140)
08:51:33 [INFO] Execution step: Duplicate Elimination (Datalog)
08:51:33 [INFO] Saved permanent table coordinates (1) Permutation { idx_to_val: [], val_to_idx: [] } with 122 entries (9188)
08:51:33 [INFO] Rule duration: 5 ms
08:51:33 [INFO] <<< STEP 2: APPLYING RULE 0 coordinates(?longitude, ?latitude) :- locations(?longitude, ?latitude, ?tag), TRUE(?_BODY_1), Equal(?_BODY_1, StringContains(?tag, "addr")) >>>
08:51:33 [INFO] Execution step: Body
08:51:33 [INFO] Trie does not contain any elements
08:51:33 [INFO] Execution step: Duplicate Elimination (Datalog)
08:51:33 [INFO] Trie does not contain any elements
08:51:33 [INFO] Rule duration: 0 ms
08:51:33 [INFO] <<< STEP 3: APPLYING RULE 1 coordinates_m(?Xm, ?Ym) :- coordinates(?longitude, ?latitude), PI(?PI), CIRC_EARTH(?earth), Equal(?Xm, NumericDivision(NumericProduct(NumericProduct(?longitude, ?earth), NumericCosine(NumericProduct(NumericDivision(?latitude, "180"^^<http://www.w3.org/2001/XMLSchema#double>), ?PI))), "360"^^<http://www.w3.org/2001/XMLSchema#double>)), Equal(?Ym, NumericProduct(?latitude, NumericDivision(?earth, "360"^^<http://www.w3.org/2001/XMLSchema#double>))) >>>
08:51:33 [INFO] Loading source SimpleTable { arity: 1, data: [AnyDataValue(Double(DoubleDataValue(3.14159)))] }
08:51:33 [INFO] Loading source SimpleTable { arity: 1, data: [AnyDataValue(Double(DoubleDataValue(40075000.0)))] }
08:51:33 [INFO] Execution step: Body
08:51:33 [INFO] Saved temporary table: 122 entries (9140)
08:51:33 [INFO] Execution step: Duplicate Elimination (Datalog)
08:51:33 [INFO] Saved permanent table coordinates_m (3) Permutation { idx_to_val: [], val_to_idx: [] } with 122 entries (9188)
08:51:33 [INFO] Rule duration: 0 ms
08:51:33 [INFO] <<< STEP 4: APPLYING RULE 1 coordinates_m(?Xm, ?Ym) :- coordinates(?longitude, ?latitude), PI(?PI), CIRC_EARTH(?earth), Equal(?Xm, NumericDivision(NumericProduct(NumericProduct(?longitude, ?earth), NumericCosine(NumericProduct(NumericDivision(?latitude, "180"^^<http://www.w3.org/2001/XMLSchema#double>), ?PI))), "360"^^<http://www.w3.org/2001/XMLSchema#double>)), Equal(?Ym, NumericProduct(?latitude, NumericDivision(?earth, "360"^^<http://www.w3.org/2001/XMLSchema#double>))) >>>
08:51:33 [INFO] Execution step: Body
08:51:33 [INFO] Trie does not contain any elements
08:51:33 [INFO] Execution step: Duplicate Elimination (Datalog)
08:51:33 [INFO] Trie does not contain any elements
08:51:33 [INFO] Rule duration: 0 ms
08:51:33 [INFO] <<< STEP 5: APPLYING RULE 2 project_location_m(?project, ?Xm, ?Ym) :- project_location(?project, ?longitude, ?latitude), PI(?PI), CIRC_EARTH(?earth), Equal(?Xm, NumericDivision(NumericProduct(NumericProduct(?longitude, ?earth), NumericCosine(NumericProduct(NumericDivision(?latitude, "180"^^<http://www.w3.org/2001/XMLSchema#double>), ?PI))), "360"^^<http://www.w3.org/2001/XMLSchema#double>)), Equal(?Ym, NumericProduct(?latitude, NumericDivision(?earth, "360"^^<http://www.w3.org/2001/XMLSchema#double>))) >>>
08:51:33 [INFO] Loading source SimpleTable { arity: 3, data: [AnyDataValue(PlainString(StringDataValue("Wind Turbine A"))), AnyDataValue(Double(DoubleDataValue(13.69510396381167))), AnyDataValue(Double(DoubleDataValue(50.89312291453255))), AnyDataValue(PlainString(StringDataValue("Wind Turbine B"))), AnyDataValue(Double(DoubleDataValue(13.704927907097524))), AnyDataValue(Double(DoubleDataValue(50.89816338631804))), AnyDataValue(PlainString(StringDataValue("Wind Turbine C"))), AnyDataValue(Double(DoubleDataValue(13.688126881341304))), AnyDataValue(Double(DoubleDataValue(50.90297432498729)))] }
08:51:33 [INFO] Execution step: Body
08:51:33 [INFO] Saved temporary table: 3 entries (10548)
08:51:33 [INFO] Execution step: Duplicate Elimination (Datalog)
08:51:33 [INFO] Saved permanent table project_location_m (5) Permutation { idx_to_val: [], val_to_idx: [] } with 3 entries (10596)
08:51:33 [INFO] Rule duration: 0 ms
08:51:33 [INFO] <<< STEP 6: APPLYING RULE 2 project_location_m(?project, ?Xm, ?Ym) :- project_location(?project, ?longitude, ?latitude), PI(?PI), CIRC_EARTH(?earth), Equal(?Xm, NumericDivision(NumericProduct(NumericProduct(?longitude, ?earth), NumericCosine(NumericProduct(NumericDivision(?latitude, "180"^^<http://www.w3.org/2001/XMLSchema#double>), ?PI))), "360"^^<http://www.w3.org/2001/XMLSchema#double>)), Equal(?Ym, NumericProduct(?latitude, NumericDivision(?earth, "360"^^<http://www.w3.org/2001/XMLSchema#double>))) >>>
08:51:33 [INFO] Execution step: Body
08:51:33 [INFO] Trie does not contain any elements
08:51:33 [INFO] Execution step: Duplicate Elimination (Datalog)
08:51:33 [INFO] Trie does not contain any elements
08:51:33 [INFO] Rule duration: 0 ms
08:51:33 [INFO] <<< STEP 7: APPLYING RULE 3 environmental_impact(?project) :- project_height_m(?project, ?height), NumericGreaterthaneq(?height, 50) >>>
08:51:33 [INFO] Loading source SimpleTable { arity: 2, data: [AnyDataValue(PlainString(StringDataValue("Wind Turbine A"))), AnyDataValue(Long(LongDataValue(60))), AnyDataValue(PlainString(StringDataValue("Wind Turbine B"))), AnyDataValue(Long(LongDataValue(40))), AnyDataValue(PlainString(StringDataValue("Wind Turbine C"))), AnyDataValue(Long(LongDataValue(60)))] }
08:51:33 [INFO] Execution step: Body
08:51:33 [INFO] Saved temporary table: 2 entries (3408)
08:51:33 [INFO] Execution step: Duplicate Elimination (Datalog)
08:51:33 [INFO] Saved permanent table environmental_impact (7) Permutation { idx_to_val: [], val_to_idx: [] } with 2 entries (3456)
08:51:33 [INFO] Rule duration: 0 ms
08:51:33 [INFO] <<< STEP 8: APPLYING RULE 3 environmental_impact(?project) :- project_height_m(?project, ?height), NumericGreaterthaneq(?height, 50) >>>
08:51:33 [INFO] Execution step: Body
08:51:33 [INFO] Trie does not contain any elements
08:51:33 [INFO] Execution step: Duplicate Elimination (Datalog)
08:51:33 [INFO] Trie does not contain any elements
08:51:33 [INFO] Rule duration: 0 ms
08:51:33 [INFO] <<< STEP 9: APPLYING RULE 4 distance(?project, ?distance) :- project_location_m(?project, ?Xp, ?Yp), coordinates_m(?Xr, ?Yr), Equal(?distance, NumericSquareroot(NumericSum(NumericPower(NumericSubtraction(?Xp, ?Xr), "2"^^<http://www.w3.org/2001/XMLSchema#double>), NumericPower(NumericSubtraction(?Yp, ?Yr), "2"^^<http://www.w3.org/2001/XMLSchema#double>)))) >>>
08:51:33 [INFO] Execution step: Body
08:51:33 [INFO] Saved temporary table: 366 entries (9884)
08:51:33 [INFO] Execution step: Duplicate Elimination (Datalog)
08:51:33 [INFO] Saved permanent table distance (9) Permutation { idx_to_val: [], val_to_idx: [] } with 366 entries (9932)
08:51:33 [INFO] Rule duration: 0 ms
08:51:33 [INFO] <<< STEP 10: APPLYING RULE 4 distance(?project, ?distance) :- project_location_m(?project, ?Xp, ?Yp), coordinates_m(?Xr, ?Yr), Equal(?distance, NumericSquareroot(NumericSum(NumericPower(NumericSubtraction(?Xp, ?Xr), "2"^^<http://www.w3.org/2001/XMLSchema#double>), NumericPower(NumericSubtraction(?Yp, ?Yr), "2"^^<http://www.w3.org/2001/XMLSchema#double>)))) >>>
08:51:33 [INFO] Execution step: Body
08:51:33 [INFO] Trie does not contain any elements
08:51:33 [INFO] Execution step: Duplicate Elimination (Datalog)
08:51:33 [INFO] Trie does not contain any elements
08:51:33 [INFO] Rule duration: 0 ms
08:51:33 [INFO] <<< STEP 11: APPLYING RULE 5 project_reject(?project) :- distance(?project, ?distance), NumericLessthan(?distance, "200"^^<http://www.w3.org/2001/XMLSchema#double>) >>>
08:51:33 [INFO] Execution step: Body
08:51:33 [INFO] Saved temporary table: 1 entries (3404)
08:51:33 [INFO] Execution step: Duplicate Elimination (Datalog)
08:51:33 [INFO] Saved permanent table project_reject (11) Permutation { idx_to_val: [], val_to_idx: [] } with 1 entries (3452)
08:51:33 [INFO] Rule duration: 0 ms
08:51:33 [INFO] <<< STEP 12: APPLYING RULE 5 project_reject(?project) :- distance(?project, ?distance), NumericLessthan(?distance, "200"^^<http://www.w3.org/2001/XMLSchema#double>) >>>
08:51:33 [INFO] Execution step: Body
08:51:33 [INFO] Trie does not contain any elements
08:51:33 [INFO] Execution step: Duplicate Elimination (Datalog)
08:51:33 [INFO] Trie does not contain any elements
08:51:33 [INFO] Rule duration: 0 ms
08:51:33 [INFO] <<< STEP 13: APPLYING RULE 6 project_reject(?project) :- environmental_impact(?project), project_species(?project, ?species), endangered(?species) >>>
08:51:33 [INFO] Loading source SimpleTable { arity: 2, data: [AnyDataValue(PlainString(StringDataValue("Wind Turbine A"))), AnyDataValue(PlainString(StringDataValue("Rotmilan"))), AnyDataValue(PlainString(StringDataValue("Wind Turbine A"))), AnyDataValue(PlainString(StringDataValue("Feldsperling"))), AnyDataValue(PlainString(StringDataValue("Wind Turbine B"))), AnyDataValue(PlainString(StringDataValue("Gartenschläfer"))), AnyDataValue(PlainString(StringDataValue("Wind Turbine C"))), AnyDataValue(PlainString(StringDataValue("Mauersegler")))] }
08:51:33 [INFO] Loading source DsvReader { read: "<unspecified std::io::Read>", delimiter: 44, escape: None, value formats: DsvValueFormats([String]) }
08:51:33 [INFO] Starting data import
08:51:33 [INFO] Finished import: processed 21 lines (dropped 0)
08:51:33 [INFO] Execution step: Body
08:51:33 [INFO] Saved temporary table: 1 entries (3404)
08:51:33 [INFO] Execution step: Duplicate Elimination (Datalog)
08:51:33 [INFO] Saved permanent table project_reject (13) Permutation { idx_to_val: [], val_to_idx: [] } with 1 entries (3452)
08:51:33 [INFO] Rule duration: 0 ms
08:51:33 [INFO] <<< STEP 14: APPLYING RULE 6 project_reject(?project) :- environmental_impact(?project), project_species(?project, ?species), endangered(?species) >>>
08:51:33 [INFO] Execution step: Body
08:51:33 [INFO] Trie does not contain any elements
08:51:33 [INFO] Execution step: Duplicate Elimination (Datalog)
08:51:33 [INFO] Trie does not contain any elements
08:51:33 [INFO] Rule duration: 0 ms
08:51:33 [INFO] <<< STEP 15: APPLYING RULE 11 R_9(?X_4, ?X_4, ?X_1, "3.14159"^^<http://www.w3.org/2001/XMLSchema#double>, ?X_2) :- TRUE(?X_4), TRUE(?X_4), TRUE(?X_1), TRUE(?_BODY_1), TRUE(?X_2), Equal(?_BODY_1, "3.14159"^^<http://www.w3.org/2001/XMLSchema#double>) >>>
08:51:33 [INFO] Execution step: Body
08:51:33 [INFO] Trie does not contain any elements
08:51:33 [INFO] Execution step: Duplicate Elimination (Datalog)
08:51:33 [INFO] Trie does not contain any elements
08:51:33 [INFO] Rule duration: 0 ms
08:51:33 [INFO] <<< STEP 16: APPLYING RULE 12 R_11(?X_2, ?X_4, ?X_5, ?X_4, ?X_3) :- project_height_m(?X_2, ?X_4), project_height_m(?Y_1, ?X_4), project_height_m(?X_3, ?X_5) >>>
08:51:33 [INFO] Execution step: Body
08:51:33 [INFO] Saved temporary table: 9 entries (14296)
08:51:33 [INFO] Execution step: Duplicate Elimination (Datalog)
08:51:33 [INFO] Saved permanent table R_11 (16) Permutation { idx_to_val: [], val_to_idx: [] } with 9 entries (18080)
08:51:33 [INFO] Rule duration: 0 ms
08:51:33 [INFO] <<< STEP 17: APPLYING RULE 12 R_11(?X_2, ?X_4, ?X_5, ?X_4, ?X_3) :- project_height_m(?X_2, ?X_4), project_height_m(?Y_1, ?X_4), project_height_m(?X_3, ?X_5) >>>
08:51:33 [INFO] Execution step: Body
08:51:33 [INFO] Trie does not contain any elements
08:51:33 [INFO] Execution step: Duplicate Elimination (Datalog)
08:51:33 [INFO] Trie does not contain any elements
08:51:33 [INFO] Rule duration: 0 ms
08:51:33 [INFO] <<< STEP 18: APPLYING RULE 17 R_4(?X_3, ?X_3, ?X_1, ?X_5, ?X_2, ?X_6) :- PI(?X_3), PI(?X_3), PI(?X_1), PI(?X_5), PI(?X_2), PI(?X_6), R_4(?X_1, ?Z_5, ?Z_4, ?_BODY_1, ?X_2, ?Z_3), Equal(?_BODY_1, 60) >>>
08:51:33 [INFO] Execution step: Body
08:51:33 [INFO] Trie does not contain any elements
08:51:33 [INFO] Execution step: Duplicate Elimination (Datalog)
08:51:33 [INFO] Trie does not contain any elements
08:51:33 [INFO] Rule duration: 0 ms
08:51:33 [INFO] <<< STEP 19: APPLYING RULE 14 R_23(?X_2, ?X_2) :- R_4(?X_2, ?_BODY_1, ?Y_1, ?_BODY_2, ?_BODY_3, ?_BODY_4), Equal(?_BODY_1, ?X_2), Equal(?_BODY_2, ?X_2), Equal(?_BODY_3, ?X_2), Equal(?_BODY_4, ?X_2) >>>
08:51:33 [INFO] Execution step: Body
08:51:33 [INFO] Trie does not contain any elements
08:51:33 [INFO] Execution step: Duplicate Elimination (Datalog)
08:51:33 [INFO] Trie does not contain any elements
08:51:33 [INFO] Rule duration: 0 ms
08:51:33 [INFO] <<< STEP 20: APPLYING RULE 7 project_approved(?project) :- project(?project), project_reject(?project) >>>
08:51:33 [INFO] Loading source SimpleTable { arity: 1, data: [AnyDataValue(PlainString(StringDataValue("Wind Turbine A"))), AnyDataValue(PlainString(StringDataValue("Wind Turbine B"))), AnyDataValue(PlainString(StringDataValue("Wind Turbine C")))] }
08:51:33 [INFO] Execution step: Project/Reorder
08:51:33 [INFO] Saved temporary table: 2 entries (3456)
08:51:33 [INFO] Execution step: Body
08:51:33 [INFO] Saved temporary table: 1 entries (3404)
08:51:33 [INFO] Execution step: Duplicate Elimination (Datalog)
08:51:33 [INFO] Saved permanent table project_approved (20) Permutation { idx_to_val: [], val_to_idx: [] } with 1 entries (3452)
08:51:33 [INFO] Rule duration: 0 ms
08:51:33 [INFO] <<< STEP 21: APPLYING RULE 7 project_approved(?project) :- project(?project), project_reject(?project) >>>
08:51:33 [INFO] Execution step: Project/Reorder
08:51:33 [INFO] Saved temporary table: 2 entries (3456)
08:51:33 [INFO] Execution step: Body
08:51:33 [INFO] Trie does not contain any elements
08:51:33 [INFO] Execution step: Duplicate Elimination (Datalog)
08:51:33 [INFO] Trie does not contain any elements
08:51:33 [INFO] Rule duration: 0 ms
08:51:33 [INFO] <<< STEP 22: APPLYING RULE 8 closest_house(?project, ?_AGGREGATION_OUT) :- distance(?project, ?distance), ?_AGGREGATION_OUT = #min(?distance) >>>
08:51:33 [INFO] Execution step: Body
08:51:33 [INFO] Saved temporary table: 366 entries (9884)
08:51:33 [INFO] Execution step: Aggregate output
08:51:33 [INFO] Execution step: Project/Reorder
08:51:33 [INFO] Saved temporary table: 3 entries (7028)
08:51:33 [INFO] Execution step: Duplicate Elimination (Datalog)
08:51:33 [INFO] Saved permanent table closest_house (22) Permutation { idx_to_val: [], val_to_idx: [] } with 3 entries (7028)
08:51:33 [INFO] Rule duration: 0 ms
08:51:33 [INFO] <<< STEP 23: APPLYING RULE 8 closest_house(?project, ?_AGGREGATION_OUT) :- distance(?project, ?distance), ?_AGGREGATION_OUT = #min(?distance) >>>
08:51:33 [INFO] Execution step: Body
08:51:33 [INFO] Trie does not contain any elements
08:51:33 [INFO] Execution step: Aggregate output
08:51:33 [INFO] Trie does not contain any elements
08:51:33 [INFO] Execution step: Duplicate Elimination (Datalog)
08:51:33 [INFO] Trie does not contain any elements
08:51:33 [INFO] Rule duration: 0 ms
08:51:33 [INFO] <<< STEP 24: APPLYING RULE 20 R_22(?X_4, "true"^^<http://www.w3.org/2001/XMLSchema#boolean>, ?X_2, ?X_5, ?X_4) :- project_approved(?X_4), project_approved(?_BODY_1), project_approved(?X_2), project_approved(?X_5), project_approved(?X_4), R_9(?_BODY_2, ?X_4, ?Z_2, ?_BODY_3, ?_BODY_4), Equal(?_BODY_1, "true"^^<http://www.w3.org/2001/XMLSchema#boolean>), Equal(?_BODY_2, "true"^^<http://www.w3.org/2001/XMLSchema#boolean>), Equal(?_BODY_3, ?X_4), Equal(?_BODY_4, ?X_4) >>>
08:51:33 [INFO] Execution step: Body
08:51:33 [INFO] Trie does not contain any elements
08:51:33 [INFO] Execution step: Duplicate Elimination (Datalog)
08:51:33 [INFO] Trie does not contain any elements
08:51:33 [INFO] Rule duration: 0 ms
08:51:33 [INFO] <<< STEP 25: APPLYING RULE 13 R_19(?X_3, ?X_1, "Gartenschläfer", ?X_5, ?X_4) :- R_22(?X_3, ?X_1, ?_BODY_1, ?X_5, ?X_4), Equal(?_BODY_1, "Gartenschläfer") >>>
08:51:33 [INFO] Execution step: Body
08:51:33 [INFO] Trie does not contain any elements
08:51:33 [INFO] Execution step: Duplicate Elimination (Datalog)
08:51:33 [INFO] Trie does not contain any elements
08:51:33 [INFO] Rule duration: 0 ms
08:51:33 [INFO] <<< STEP 26: APPLYING RULE 27 R_12(?X_5, ?X_5, ?X_4, ?X_3, ?X_6, ?X_2) :- project(?X_5), project(?X_5), project(?X_4), project(?X_3), project(?X_6), project(?X_2), project(?Z_2), R_19(?Z_2, ?_BODY_1, ?X_5, ?Z_5, ?X_6), Equal(?_BODY_1, "13.704927907097524"^^<http://www.w3.org/2001/XMLSchema#double>) >>>
08:51:33 [INFO] Execution step: Body
08:51:33 [INFO] Trie does not contain any elements
08:51:33 [INFO] Execution step: Duplicate Elimination (Datalog)
08:51:33 [INFO] Trie does not contain any elements
08:51:33 [INFO] Rule duration: 0 ms
08:51:33 [INFO] <<< STEP 27: APPLYING RULE 9 R_1(?X_1, ?X_2) :- R_12(?X_1, ?X_2, ?Y_1, ?_BODY_1, ?_BODY_2, ?_BODY_3), Equal(?_BODY_1, ?X_1), Equal(?_BODY_2, ?X_1), Equal(?_BODY_3, ?X_2) >>>
08:51:33 [INFO] Execution step: Body
08:51:33 [INFO] Trie does not contain any elements
08:51:33 [INFO] Execution step: Duplicate Elimination (Datalog)
08:51:33 [INFO] Trie does not contain any elements
08:51:33 [INFO] Rule duration: 0 ms
08:51:33 [INFO] <<< STEP 28: APPLYING RULE 22 R_14(?X_2, ?X_1, "50.89816338631804"^^<http://www.w3.org/2001/XMLSchema#double>, ?X_2, ?X_3) :- closest_house(?X_2, ?_BODY_1), closest_house(?_BODY_2, ?X_2), closest_house(?X_3, ?X_1), R_11(?X_2, ?_BODY_3, ?X_3, ?_BODY_4, ?Z_2), Equal(?_BODY_1, ?X_2), Equal(?_BODY_2, "50.89816338631804"^^<http://www.w3.org/2001/XMLSchema#double>), Equal(?_BODY_3, ?X_2), Equal(?_BODY_4, "Wind Turbine C") >>>
08:51:33 [INFO] Execution step: Body
08:51:33 [INFO] Trie does not contain any elements
08:51:33 [INFO] Execution step: Duplicate Elimination (Datalog)
08:51:33 [INFO] Trie does not contain any elements
08:51:33 [INFO] Rule duration: 0 ms
08:51:33 [INFO] <<< STEP 29: APPLYING RULE 10 R_7(?X_1, ?X_4, ?X_4, ?X_5, "Wind Turbine A") :- R_14(?X_1, ?X_4, ?_BODY_1, ?X_5, ?_BODY_2), Equal(?_BODY_1, ?X_4), Equal(?_BODY_2, "Wind Turbine A") >>>
08:51:33 [INFO] Loading source SimpleTable { arity: 5, data: [AnyDataValue(Iri(IriDataValue("c_8"))), AnyDataValue(Iri(IriDataValue("c_9"))), AnyDataValue(Iri(IriDataValue("c_4"))), AnyDataValue(Iri(IriDataValue("c_9"))), AnyDataValue(PlainString(StringDataValue("str_4"))), AnyDataValue(Iri(IriDataValue("c_7"))), AnyDataValue(PlainString(StringDataValue("str_1"))), AnyDataValue(PlainString(StringDataValue("str_5"))), AnyDataValue(PlainString(StringDataValue("str_6"))), AnyDataValue(UnsignedLong(UnsignedLongDataValue(5085846279596192379))), AnyDataValue(Iri(IriDataValue("c_8"))), AnyDataValue(Boolean(BooleanDataValue(true))), AnyDataValue(PlainString(StringDataValue("str_5"))), AnyDataValue(Iri(IriDataValue("c_12"))), AnyDataValue(Iri(IriDataValue("c_13"))), AnyDataValue(PlainString(StringDataValue("Wind Turbine A"))), AnyDataValue(PlainString(StringDataValue("str_5"))), AnyDataValue(PlainString(StringDataValue("Wind Turbine A"))), AnyDataValue(Double(DoubleDataValue(3.14159))), AnyDataValue(Iri(IriDataValue("c_19"))), AnyDataValue(UnsignedLong(UnsignedLongDataValue(5085846279596192379))), AnyDataValue(Iri(IriDataValue("c_21"))), AnyDataValue(Iri(IriDataValue("c_22"))), AnyDataValue(Iri(IriDataValue("c_17"))), AnyDataValue(PlainString(StringDataValue("str_7")))] }
08:51:33 [INFO] Execution step: Body
08:51:33 [INFO] Trie does not contain any elements
08:51:33 [INFO] Execution step: Duplicate Elimination (Datalog)
08:51:33 [INFO] Trie does not contain any elements
08:51:33 [INFO] Rule duration: 0 ms
08:51:33 [INFO] <<< STEP 30: APPLYING RULE 15 R_17(?X_1, ?X_1) :- R_4(?_BODY_1, ?Y_1, ?X_1, ?_BODY_2, ?_BODY_3, ?_BODY_4), closest_house(?Z_1, ?X_1), project_location_m(?X_1, ?_BODY_5, ?_BODY_6), Equal(?_BODY_1, "Gartenschläfer"), Equal(?_BODY_2, ?X_1), Equal(?_BODY_3, ?X_1), Equal(?_BODY_4, ?X_1), Equal(?_BODY_5, ?X_1), Equal(?_BODY_6, ?X_1) >>>
08:51:33 [INFO] Loading source SimpleTable { arity: 2, data: [AnyDataValue(Iri(IriDataValue("c_16"))), AnyDataValue(UnsignedLong(UnsignedLongDataValue(5606858880338458396)))] }
08:51:33 [INFO] Execution step: Body
08:51:33 [INFO] Trie does not contain any elements
08:51:33 [INFO] Execution step: Duplicate Elimination (Datalog)
08:51:33 [INFO] Trie does not contain any elements
08:51:33 [INFO] Rule duration: 0 ms
08:51:33 [INFO] <<< STEP 31: APPLYING RULE 25 R_15(?X_1, ?X_3, ?X_2, ?X_2, "Wind Turbine C") :- R_1(?X_1, ?X_3), R_1(?X_2, ?_BODY_1), R_1(?X_2, ?_BODY_2), R_15(?X_2, ?_BODY_3, ?X_1, ?_BODY_4, ?_BODY_5), Equal(?_BODY_1, ?X_2), Equal(?_BODY_2, "Wind Turbine C"), Equal(?_BODY_3, ?X_2), Equal(?_BODY_4, ?X_2), Equal(?_BODY_5, ?X_2) >>>
08:51:33 [INFO] Execution step: Body
08:51:33 [INFO] Trie does not contain any elements
08:51:33 [INFO] Execution step: Duplicate Elimination (Datalog)
08:51:33 [INFO] Trie does not contain any elements
08:51:33 [INFO] Rule duration: 0 ms
08:51:33 [INFO] <<< STEP 32: APPLYING RULE 24 R_21("Feldsperling", ?X_2) :- distance(?_BODY_1, ?X_2), project_location(?X_2, ?_BODY_2, ?_BODY_3), R_1(?X_2, ?_BODY_4), R_14(?X_2, ?_BODY_5, ?_BODY_6, ?_BODY_7, ?_BODY_8), Equal(?_BODY_1, "Feldsperling"), Equal(?_BODY_2, ?X_2), Equal(?_BODY_3, "Wind Turbine B"), Equal(?_BODY_4, ?X_2), Equal(?_BODY_5, "Wind Turbine A"), Equal(?_BODY_6, ?X_2), Equal(?_BODY_7, ?X_2), Equal(?_BODY_8, ?X_2) >>>
08:51:33 [INFO] Execution step: Project/Reorder
08:51:33 [INFO] Trie does not contain any elements
08:51:33 [INFO] Execution step: Body
08:51:33 [INFO] Trie does not contain any elements
08:51:33 [INFO] Execution step: Duplicate Elimination (Datalog)
08:51:33 [INFO] Trie does not contain any elements
08:51:33 [INFO] Rule duration: 0 ms
08:51:33 [INFO] <<< STEP 33: APPLYING RULE 29 R_10(?X_1, ?X_4, ?X_3, ?X_5, ?X_5) :- R_15(?X_1, ?X_4, ?X_3, ?X_5, ?_BODY_1), R_21(?Z_4, ?X_1), Equal(?_BODY_1, ?X_5) >>>
08:51:33 [INFO] Loading source SimpleTable { arity: 5, data: [AnyDataValue(Iri(IriDataValue("c_1"))), AnyDataValue(Double(DoubleDataValue(13.69510396381167))), AnyDataValue(Double(DoubleDataValue(50.89816338631804))), AnyDataValue(PlainString(StringDataValue("Rotmilan"))), AnyDataValue(Iri(IriDataValue("c_2")))] }
08:51:33 [INFO] Execution step: Body
08:51:33 [INFO] Trie does not contain any elements
08:51:33 [INFO] Execution step: Duplicate Elimination (Datalog)
08:51:33 [INFO] Trie does not contain any elements
08:51:33 [INFO] Rule duration: 0 ms
08:51:33 [INFO] <<< STEP 34: APPLYING RULE 21 R_13(?X_5, ?X_1, ?X_4, ?X_3, "Wind Turbine C", ?X_1) :- coordinates_m(?X_5, ?X_1), coordinates_m(?X_4, ?X_3), coordinates_m(?_BODY_1, ?X_1), endangered(?X_3), R_10(?Z_2, ?X_4, ?X_5, ?_BODY_2, ?X_3), Equal(?_BODY_1, "Wind Turbine C"), Equal(?_BODY_2, ?X_4) >>>
08:51:33 [INFO] Loading source SimpleTable { arity: 6, data: [AnyDataValue(PlainString(StringDataValue("str_9"))), AnyDataValue(PlainString(StringDataValue("str_10"))), AnyDataValue(PlainString(StringDataValue("str_8"))), AnyDataValue(Iri(IriDataValue("c_23"))), AnyDataValue(PlainString(StringDataValue("str_11"))), AnyDataValue(PlainString(StringDataValue("str_12")))] }
08:51:33 [INFO] Execution step: Body
08:51:33 [INFO] Trie does not contain any elements
08:51:33 [INFO] Execution step: Duplicate Elimination (Datalog)
08:51:33 [INFO] Trie does not contain any elements
08:51:33 [INFO] Rule duration: 0 ms
08:51:33 [INFO] <<< STEP 35: APPLYING RULE 23 R_16(?X_2, ?X_3, "Wind Turbine B") :- R_21(?X_2, ?Y_1), R_21(?_BODY_1, ?X_3), PI(?Z_2), project_reject(?Z_3), R_13(?Y_1, ?X_2, ?Z_4, ?_BODY_2, ?Z_2, ?Z_1), Equal(?_BODY_1, "Wind Turbine B"), Equal(?_BODY_2, "50.89312291453255"^^<http://www.w3.org/2001/XMLSchema#double>) >>>
08:51:33 [INFO] Loading source SimpleTable { arity: 3, data: [AnyDataValue(Iri(IriDataValue("c_12"))), AnyDataValue(UnsignedLong(UnsignedLongDataValue(366229845494401098))), AnyDataValue(Iri(IriDataValue("c_3")))] }
08:51:33 [INFO] Execution step: Body
08:51:33 [INFO] Trie does not contain any elements
08:51:33 [INFO] Execution step: Duplicate Elimination (Datalog)
08:51:33 [INFO] Trie does not contain any elements
08:51:33 [INFO] Rule duration: 0 ms
08:51:33 [INFO] <<< STEP 36: APPLYING RULE 26 R_2(?X_3, "50.89816338631804"^^<http://www.w3.org/2001/XMLSchema#double>, ?X_3) :- R_12(?X_3, ?_BODY_1, ?_BODY_2, ?_BODY_3, ?_BODY_4, ?_BODY_5), coordinates_m(?Z_2, ?X_3), project_height_m(?X_3, ?Z_1), R_16(?Z_3, ?X_3, ?Z_4), Equal(?_BODY_1, ?X_3), Equal(?_BODY_2, "50.89816338631804"^^<http://www.w3.org/2001/XMLSchema#double>), Equal(?_BODY_3, ?X_3), Equal(?_BODY_4, "50.89816338631804"^^<http://www.w3.org/2001/XMLSchema#double>), Equal(?_BODY_5, "50.89816338631804"^^<http://www.w3.org/2001/XMLSchema#double>) >>>
08:51:33 [INFO] Loading source SimpleTable { arity: 3, data: [AnyDataValue(UnsignedLong(UnsignedLongDataValue(5606858880338458396))), AnyDataValue(PlainString(StringDataValue("Wind Turbine A"))), AnyDataValue(Iri(IriDataValue("c_9"))), AnyDataValue(Long(LongDataValue(40))), AnyDataValue(PlainString(StringDataValue("str_13"))), AnyDataValue(UnsignedLong(UnsignedLongDataValue(9969435176479101341)))] }
08:51:33 [INFO] Execution step: Body
08:51:33 [INFO] Trie does not contain any elements
08:51:33 [INFO] Execution step: Duplicate Elimination (Datalog)
08:51:33 [INFO] Trie does not contain any elements
08:51:33 [INFO] Rule duration: 0 ms
08:51:33 [INFO] <<< STEP 37: APPLYING RULE 16 R_3(?X_1, "Rotmilan") :- project_approved(?X_1), project_approved(?_BODY_1), R_2(?X_1, ?Z_1, ?_BODY_2), Equal(?_BODY_1, "Rotmilan"), Equal(?_BODY_2, ?X_1) >>>
08:51:33 [INFO] Loading source SimpleTable { arity: 2, data: [AnyDataValue(UnsignedLong(UnsignedLongDataValue(366229845494401098))), AnyDataValue(Iri(IriDataValue("c_24"))), AnyDataValue(UnsignedLong(UnsignedLongDataValue(10774922541298373055))), AnyDataValue(UnsignedLong(UnsignedLongDataValue(10419048744628742341)))] }
08:51:33 [INFO] Execution step: Body
08:51:33 [INFO] Trie does not contain any elements
08:51:33 [INFO] Execution step: Duplicate Elimination (Datalog)
08:51:33 [INFO] Trie does not contain any elements
08:51:33 [INFO] Rule duration: 0 ms
08:51:33 [INFO] <<< STEP 38: APPLYING RULE 30 R_5("Wind Turbine B", ?X_2) :- R_21(?_BODY_1, ?X_2), environmental_impact(?X_2), R_12(?X_2, ?_BODY_2, ?_BODY_3, ?_BODY_4, ?_BODY_5, ?Z_1), R_23(?X_2, ?Z_1), Equal(?_BODY_1, "Wind Turbine B"), Equal(?_BODY_2, ?X_2), Equal(?_BODY_3, "Wind Turbine B"), Equal(?_BODY_4, ?X_2), Equal(?_BODY_5, ?X_2) >>>
08:51:33 [INFO] Loading source SimpleTable { arity: 2, data: [AnyDataValue(PlainString(StringDataValue("Wind Turbine B"))), AnyDataValue(UnsignedLong(UnsignedLongDataValue(1461615712955830966))), AnyDataValue(PlainString(StringDataValue("str_2"))), AnyDataValue(Iri(IriDataValue("c_7"))), AnyDataValue(Iri(IriDataValue("c_20"))), AnyDataValue(UnsignedLong(UnsignedLongDataValue(17477652454639260080)))] }
08:51:33 [INFO] Execution step: Body
08:51:33 [INFO] Trie does not contain any elements
08:51:33 [INFO] Execution step: Duplicate Elimination (Datalog)
08:51:33 [INFO] Trie does not contain any elements
08:51:33 [INFO] Rule duration: 0 ms
08:51:33 [INFO] <<< STEP 39: APPLYING RULE 18 R_20(?X_2, ?X_5, ?X_6, ?X_4, ?X_6, ?X_3) :- R_OUT(?X_2, ?X_5, ?X_6, ?X_4, ?_BODY_1, ?X_3), CIRC_EARTH(?X_4), TRUE(?X_4), R_7(?X_6, ?_BODY_2, ?X_4, ?_BODY_3, ?_BODY_4), Equal(?_BODY_1, ?X_6), Equal(?_BODY_2, ?X_6), Equal(?_BODY_3, ?X_4), Equal(?_BODY_4, ?X_4) >>>
08:51:33 [INFO] Execution step: Project/Reorder
08:51:33 [INFO] Saved temporary table: 1 entries (3452)
08:51:33 [INFO] Execution step: Project/Reorder
08:51:33 [INFO] Saved temporary table: 5 entries (18020)
08:51:33 [INFO] Execution step: Body
08:51:33 [INFO] Trie does not contain any elements
08:51:33 [INFO] Execution step: Duplicate Elimination (Datalog)
08:51:33 [INFO] Trie does not contain any elements
08:51:33 [INFO] Rule duration: 1 ms
08:51:33 [INFO] <<< STEP 40: APPLYING RULE 19 R_OUT(?X_5, "50.89816338631804"^^<http://www.w3.org/2001/XMLSchema#double>, ?X_4, ?X_1, ?X_2, ?X_4) :- locations(?X_5, ?_BODY_1, ?X_4), locations(?X_1, ?X_2, ?X_4), project_species(?X_5, ?X_1), R_8(?X_4), Equal(?_BODY_1, "50.89816338631804"^^<http://www.w3.org/2001/XMLSchema#double>) >>>
08:51:33 [INFO] Execution step: Body
08:51:33 [INFO] Trie does not contain any elements
08:51:33 [INFO] Execution step: Duplicate Elimination (Datalog)
08:51:33 [INFO] Trie does not contain any elements
08:51:33 [INFO] Rule duration: 0 ms
08:51:33 [INFO] <<< STEP 41: APPLYING RULE 28 R_8("50.89816338631804"^^<http://www.w3.org/2001/XMLSchema#double>) :- project_location_m(?_BODY_1, ?Y_1, ?_BODY_2), R_5(?Y_1, ?_BODY_3), R_17(?Y_1, ?_BODY_4), R_20(?Y_1, ?_BODY_5, ?Z_1, ?_BODY_6, ?_BODY_7, ?_BODY_8), project_approved(?_BODY_9), R_3(?Y_1, ?_BODY_10), Equal(?_BODY_1, "50.89816338631804"^^<http://www.w3.org/2001/XMLSchema#double>), Equal(?_BODY_2, "13.688126881341304"^^<http://www.w3.org/2001/XMLSchema#double>), Equal(?_BODY_3, ?Y_1), Equal(?_BODY_4, ?Y_1), Equal(?_BODY_5, ?Y_1), Equal(?_BODY_6, ?Y_1), Equal(?_BODY_7, ?Y_1), Equal(?_BODY_8, ?Y_1), Equal(?_BODY_9, "50.89816338631804"^^<http://www.w3.org/2001/XMLSchema#double>), Equal(?_BODY_10, ?Y_1) >>>
08:51:33 [INFO] Execution step: Project/Reorder
08:51:33 [INFO] Saved temporary table: 1 entries (3452)
08:51:33 [INFO] Execution step: Project/Reorder
08:51:33 [INFO] Saved temporary table: 2 entries (6972)
08:51:33 [INFO] Execution step: Body
08:51:33 [INFO] Trie does not contain any elements
08:51:33 [INFO] Execution step: Duplicate Elimination (Datalog)
08:51:33 [INFO] Trie does not contain any elements
08:51:33 [INFO] Rule duration: 0 ms
08:51:33 [INFO] Execution step: Combining Tables
08:51:33 [INFO] Saved permanent table R_OUT (0-1) Permutation { idx_to_val: [], val_to_idx: [] } with 2 entries (20976)
08:51:33 [INFO] ----------------------------------------------
08:51:33 [INFO] --- Finished Nemo Execution - Input Program --
08:51:33 [INFO] Output size: 2
08:51:33 [INFO] ----------------------------------------------
08:51:33 [INFO] 
08:51:33 [INFO] ----------------------------------------------
08:51:33 [INFO] Beginning Nemo Execution - Transformed Program
08:51:33 [INFO] ----------------------------------------------
08:51:33 [INFO] Stratified program: [[0, 1, 2, 3, 4, 5, 6, 10, 11, 13, 15, 28, 38, 43], [7, 8, 12, 14, 18, 19, 31], [9, 21, 23, 29, 42], [33, 39], [20, 22, 25, 32, 35, 36, 37, 40, 41], [16, 17, 24, 26, 27, 30, 34]]
08:51:33 [INFO] Loading source SimpleTable { arity: 6, data: [AnyDataValue(Iri(IriDataValue("c_2"))), AnyDataValue(PlainString(StringDataValue("Rotmilan"))), AnyDataValue(Iri(IriDataValue("c_4"))), AnyDataValue(PlainString(StringDataValue("Wind Turbine C"))), AnyDataValue(PlainString(StringDataValue("Rotmilan"))), AnyDataValue(Iri(IriDataValue("c_5"))), AnyDataValue(UnsignedLong(UnsignedLongDataValue(18247918715700078286))), AnyDataValue(Iri(IriDataValue("c_16"))), AnyDataValue(PlainString(StringDataValue("str_9"))), AnyDataValue(PlainString(StringDataValue("Rotmilan"))), AnyDataValue(Iri(IriDataValue("c_17"))), AnyDataValue(Iri(IriDataValue("c_18"))), AnyDataValue(UnsignedLong(UnsignedLongDataValue(12435361438654371661))), AnyDataValue(Iri(IriDataValue("c_30"))), AnyDataValue(PlainString(StringDataValue("Wind Turbine C"))), AnyDataValue(Iri(IriDataValue("c_31"))), AnyDataValue(Iri(IriDataValue("c_32"))), AnyDataValue(Iri(IriDataValue("c_8")))] }
08:51:33 [INFO] Execution step: Combining Tables
08:51:33 [INFO] Saved permanent table R_OUT (0-1) Permutation { idx_to_val: [], val_to_idx: [] } with 3 entries (21240)
08:51:33 [INFO] <<< STEP 1: APPLYING RULE 0 coordinates(?longitude, ?latitude) :- locations(?longitude, ?latitude, ?tag), TRUE(?_BODY_1), Equal(?_BODY_1, StringContains(?tag, "addr")) >>>
08:51:33 [INFO] Loading source DsvReader { read: "<unspecified std::io::Read>", delimiter: 44, escape: None, value formats: DsvValueFormats([Double, Double, Skip, Skip, Skip, Skip, Skip, Skip, Skip, Skip, Skip, Skip, String]) }
08:51:33 [INFO] Starting data import
08:51:33 [INFO] Finished import: processed 782 lines (dropped 1)
08:51:33 [INFO] Loading source SimpleTable { arity: 1, data: [AnyDataValue(Boolean(BooleanDataValue(true)))] }
08:51:33 [INFO] Execution step: Body
08:51:33 [INFO] Saved temporary table: 122 entries (9140)
08:51:33 [INFO] Execution step: Duplicate Elimination (Datalog)
08:51:33 [INFO] Saved permanent table coordinates (1) Permutation { idx_to_val: [], val_to_idx: [] } with 122 entries (9188)
08:51:33 [INFO] Rule duration: 4 ms
08:51:33 [INFO] <<< STEP 2: APPLYING RULE 0 coordinates(?longitude, ?latitude) :- locations(?longitude, ?latitude, ?tag), TRUE(?_BODY_1), Equal(?_BODY_1, StringContains(?tag, "addr")) >>>
08:51:33 [INFO] Execution step: Body
08:51:33 [INFO] Trie does not contain any elements
08:51:33 [INFO] Execution step: Duplicate Elimination (Datalog)
08:51:33 [INFO] Trie does not contain any elements
08:51:33 [INFO] Rule duration: 0 ms
08:51:33 [INFO] <<< STEP 3: APPLYING RULE 1 coordinates_m(?Xm, ?Ym) :- coordinates(?longitude, ?latitude), PI(?PI), CIRC_EARTH(?earth), Equal(?Xm, NumericDivision(NumericProduct(NumericProduct(?longitude, ?earth), NumericCosine(NumericProduct(NumericDivision(?latitude, "180"^^<http://www.w3.org/2001/XMLSchema#double>), ?PI))), "360"^^<http://www.w3.org/2001/XMLSchema#double>)), Equal(?Ym, NumericProduct(?latitude, NumericDivision(?earth, "360"^^<http://www.w3.org/2001/XMLSchema#double>))) >>>
08:51:33 [INFO] Loading source SimpleTable { arity: 1, data: [AnyDataValue(Double(DoubleDataValue(3.14159)))] }
08:51:33 [INFO] Loading source SimpleTable { arity: 1, data: [AnyDataValue(Double(DoubleDataValue(40075000.0)))] }
08:51:33 [INFO] Execution step: Body
08:51:33 [INFO] Saved temporary table: 122 entries (9140)
08:51:33 [INFO] Execution step: Duplicate Elimination (Datalog)
08:51:33 [INFO] Saved permanent table coordinates_m (3) Permutation { idx_to_val: [], val_to_idx: [] } with 122 entries (9188)
08:51:33 [INFO] Rule duration: 0 ms
08:51:33 [INFO] <<< STEP 4: APPLYING RULE 1 coordinates_m(?Xm, ?Ym) :- coordinates(?longitude, ?latitude), PI(?PI), CIRC_EARTH(?earth), Equal(?Xm, NumericDivision(NumericProduct(NumericProduct(?longitude, ?earth), NumericCosine(NumericProduct(NumericDivision(?latitude, "180"^^<http://www.w3.org/2001/XMLSchema#double>), ?PI))), "360"^^<http://www.w3.org/2001/XMLSchema#double>)), Equal(?Ym, NumericProduct(?latitude, NumericDivision(?earth, "360"^^<http://www.w3.org/2001/XMLSchema#double>))) >>>
08:51:33 [INFO] Execution step: Body
08:51:33 [INFO] Trie does not contain any elements
08:51:33 [INFO] Execution step: Duplicate Elimination (Datalog)
08:51:33 [INFO] Trie does not contain any elements
08:51:33 [INFO] Rule duration: 0 ms
08:51:33 [INFO] <<< STEP 5: APPLYING RULE 2 project_location_m(?project, ?Xm, ?Ym) :- project_location(?project, ?longitude, ?latitude), PI(?PI), CIRC_EARTH(?earth), Equal(?Xm, NumericDivision(NumericProduct(NumericProduct(?longitude, ?earth), NumericCosine(NumericProduct(NumericDivision(?latitude, "180"^^<http://www.w3.org/2001/XMLSchema#double>), ?PI))), "360"^^<http://www.w3.org/2001/XMLSchema#double>)), Equal(?Ym, NumericProduct(?latitude, NumericDivision(?earth, "360"^^<http://www.w3.org/2001/XMLSchema#double>))) >>>
08:51:33 [INFO] Loading source SimpleTable { arity: 3, data: [AnyDataValue(PlainString(StringDataValue("Wind Turbine A"))), AnyDataValue(Double(DoubleDataValue(13.69510396381167))), AnyDataValue(Double(DoubleDataValue(50.89312291453255))), AnyDataValue(PlainString(StringDataValue("Wind Turbine B"))), AnyDataValue(Double(DoubleDataValue(13.704927907097524))), AnyDataValue(Double(DoubleDataValue(50.89816338631804))), AnyDataValue(PlainString(StringDataValue("Wind Turbine C"))), AnyDataValue(Double(DoubleDataValue(13.688126881341304))), AnyDataValue(Double(DoubleDataValue(50.90297432498729)))] }
08:51:33 [INFO] Execution step: Body
08:51:33 [INFO] Saved temporary table: 3 entries (10548)
08:51:33 [INFO] Execution step: Duplicate Elimination (Datalog)
08:51:33 [INFO] Saved permanent table project_location_m (5) Permutation { idx_to_val: [], val_to_idx: [] } with 3 entries (10596)
08:51:33 [INFO] Rule duration: 0 ms
08:51:33 [INFO] <<< STEP 6: APPLYING RULE 2 project_location_m(?project, ?Xm, ?Ym) :- project_location(?project, ?longitude, ?latitude), PI(?PI), CIRC_EARTH(?earth), Equal(?Xm, NumericDivision(NumericProduct(NumericProduct(?longitude, ?earth), NumericCosine(NumericProduct(NumericDivision(?latitude, "180"^^<http://www.w3.org/2001/XMLSchema#double>), ?PI))), "360"^^<http://www.w3.org/2001/XMLSchema#double>)), Equal(?Ym, NumericProduct(?latitude, NumericDivision(?earth, "360"^^<http://www.w3.org/2001/XMLSchema#double>))) >>>
08:51:33 [INFO] Execution step: Body
08:51:33 [INFO] Trie does not contain any elements
08:51:33 [INFO] Execution step: Duplicate Elimination (Datalog)
08:51:33 [INFO] Trie does not contain any elements
08:51:33 [INFO] Rule duration: 0 ms
08:51:33 [INFO] <<< STEP 7: APPLYING RULE 3 environmental_impact(?project) :- project_height_m(?project, ?height), NumericGreaterthaneq(?height, 50) >>>
08:51:33 [INFO] Loading source SimpleTable { arity: 2, data: [AnyDataValue(PlainString(StringDataValue("Wind Turbine A"))), AnyDataValue(Long(LongDataValue(60))), AnyDataValue(PlainString(StringDataValue("Wind Turbine B"))), AnyDataValue(Long(LongDataValue(40))), AnyDataValue(PlainString(StringDataValue("Wind Turbine C"))), AnyDataValue(Long(LongDataValue(60)))] }
08:51:33 [INFO] Execution step: Body
08:51:33 [INFO] Saved temporary table: 2 entries (3408)
08:51:33 [INFO] Execution step: Duplicate Elimination (Datalog)
08:51:33 [INFO] Saved permanent table environmental_impact (7) Permutation { idx_to_val: [], val_to_idx: [] } with 2 entries (3456)
08:51:33 [INFO] Rule duration: 0 ms
08:51:33 [INFO] <<< STEP 8: APPLYING RULE 3 environmental_impact(?project) :- project_height_m(?project, ?height), NumericGreaterthaneq(?height, 50) >>>
08:51:33 [INFO] Execution step: Body
08:51:33 [INFO] Trie does not contain any elements
08:51:33 [INFO] Execution step: Duplicate Elimination (Datalog)
08:51:33 [INFO] Trie does not contain any elements
08:51:33 [INFO] Rule duration: 0 ms
08:51:33 [INFO] <<< STEP 9: APPLYING RULE 4 distance(?project, ?distance) :- project_location_m(?project, ?Xp, ?Yp), coordinates_m(?Xr, ?Yr), Equal(?distance, NumericSquareroot(NumericSum(NumericPower(NumericSubtraction(?Xp, ?Xr), "2"^^<http://www.w3.org/2001/XMLSchema#double>), NumericPower(NumericSubtraction(?Yp, ?Yr), "2"^^<http://www.w3.org/2001/XMLSchema#double>)))) >>>
08:51:33 [INFO] Execution step: Body
08:51:33 [INFO] Saved temporary table: 366 entries (9884)
08:51:33 [INFO] Execution step: Duplicate Elimination (Datalog)
08:51:33 [INFO] Saved permanent table distance (9) Permutation { idx_to_val: [], val_to_idx: [] } with 366 entries (9932)
08:51:33 [INFO] Rule duration: 0 ms
08:51:33 [INFO] <<< STEP 10: APPLYING RULE 4 distance(?project, ?distance) :- project_location_m(?project, ?Xp, ?Yp), coordinates_m(?Xr, ?Yr), Equal(?distance, NumericSquareroot(NumericSum(NumericPower(NumericSubtraction(?Xp, ?Xr), "2"^^<http://www.w3.org/2001/XMLSchema#double>), NumericPower(NumericSubtraction(?Yp, ?Yr), "2"^^<http://www.w3.org/2001/XMLSchema#double>)))) >>>
08:51:33 [INFO] Execution step: Body
08:51:33 [INFO] Trie does not contain any elements
08:51:33 [INFO] Execution step: Duplicate Elimination (Datalog)
08:51:33 [INFO] Trie does not contain any elements
08:51:33 [INFO] Rule duration: 0 ms
08:51:33 [INFO] <<< STEP 11: APPLYING RULE 5 project_reject(?project) :- distance(?project, ?distance), NumericLessthan(?distance, "200"^^<http://www.w3.org/2001/XMLSchema#double>) >>>
08:51:33 [INFO] Execution step: Body
08:51:33 [INFO] Saved temporary table: 1 entries (3404)
08:51:33 [INFO] Execution step: Duplicate Elimination (Datalog)
08:51:33 [INFO] Saved permanent table project_reject (11) Permutation { idx_to_val: [], val_to_idx: [] } with 1 entries (3452)
08:51:33 [INFO] Rule duration: 0 ms
08:51:33 [INFO] <<< STEP 12: APPLYING RULE 5 project_reject(?project) :- distance(?project, ?distance), NumericLessthan(?distance, "200"^^<http://www.w3.org/2001/XMLSchema#double>) >>>
08:51:33 [INFO] Execution step: Body
08:51:33 [INFO] Trie does not contain any elements
08:51:33 [INFO] Execution step: Duplicate Elimination (Datalog)
08:51:33 [INFO] Trie does not contain any elements
08:51:33 [INFO] Rule duration: 0 ms
08:51:33 [INFO] <<< STEP 13: APPLYING RULE 6 project_reject(?project) :- environmental_impact(?project), project_species(?project, ?species), endangered(?species) >>>
08:51:33 [INFO] Loading source SimpleTable { arity: 2, data: [AnyDataValue(PlainString(StringDataValue("Wind Turbine A"))), AnyDataValue(PlainString(StringDataValue("Rotmilan"))), AnyDataValue(PlainString(StringDataValue("Wind Turbine A"))), AnyDataValue(PlainString(StringDataValue("Feldsperling"))), AnyDataValue(PlainString(StringDataValue("Wind Turbine B"))), AnyDataValue(PlainString(StringDataValue("Gartenschläfer"))), AnyDataValue(PlainString(StringDataValue("Wind Turbine C"))), AnyDataValue(PlainString(StringDataValue("Mauersegler")))] }
08:51:33 [INFO] Loading source DsvReader { read: "<unspecified std::io::Read>", delimiter: 44, escape: None, value formats: DsvValueFormats([String]) }
08:51:33 [INFO] Starting data import
08:51:33 [INFO] Finished import: processed 21 lines (dropped 0)
08:51:33 [INFO] Execution step: Body
08:51:33 [INFO] Saved temporary table: 1 entries (3404)
08:51:33 [INFO] Execution step: Duplicate Elimination (Datalog)
08:51:33 [INFO] Saved permanent table project_reject (13) Permutation { idx_to_val: [], val_to_idx: [] } with 1 entries (3452)
08:51:33 [INFO] Rule duration: 0 ms
08:51:33 [INFO] <<< STEP 14: APPLYING RULE 6 project_reject(?project) :- environmental_impact(?project), project_species(?project, ?species), endangered(?species) >>>
08:51:33 [INFO] Execution step: Body
08:51:33 [INFO] Trie does not contain any elements
08:51:33 [INFO] Execution step: Duplicate Elimination (Datalog)
08:51:33 [INFO] Trie does not contain any elements
08:51:33 [INFO] Rule duration: 0 ms
08:51:33 [INFO] <<< STEP 15: APPLYING RULE 10 R_9(?X_4, ?X_4, ?X_1, "3.14159"^^<http://www.w3.org/2001/XMLSchema#double>, ?X_2) :- TRUE(?X_4), TRUE(?X_4), TRUE(?X_1), TRUE(?_BODY_1), TRUE(?X_2), Equal(?_BODY_1, "3.14159"^^<http://www.w3.org/2001/XMLSchema#double>) >>>
08:51:33 [INFO] Execution step: Body
08:51:33 [INFO] Trie does not contain any elements
08:51:33 [INFO] Execution step: Duplicate Elimination (Datalog)
08:51:33 [INFO] Trie does not contain any elements
08:51:33 [INFO] Rule duration: 0 ms
08:51:33 [INFO] <<< STEP 16: APPLYING RULE 11 R_11(?X_2, ?X_4, ?X_5, ?X_4, ?X_3) :- project_height_m(?X_2, ?X_4), project_height_m(?Y_1, ?X_4), project_height_m(?X_3, ?X_5) >>>
08:51:33 [INFO] Execution step: Body
08:51:33 [INFO] Saved temporary table: 9 entries (14296)
08:51:33 [INFO] Execution step: Duplicate Elimination (Datalog)
08:51:33 [INFO] Saved permanent table R_11 (16) Permutation { idx_to_val: [], val_to_idx: [] } with 9 entries (18080)
08:51:33 [INFO] Rule duration: 0 ms
08:51:33 [INFO] <<< STEP 17: APPLYING RULE 11 R_11(?X_2, ?X_4, ?X_5, ?X_4, ?X_3) :- project_height_m(?X_2, ?X_4), project_height_m(?Y_1, ?X_4), project_height_m(?X_3, ?X_5) >>>
08:51:33 [INFO] Execution step: Body
08:51:33 [INFO] Trie does not contain any elements
08:51:33 [INFO] Execution step: Duplicate Elimination (Datalog)
08:51:33 [INFO] Trie does not contain any elements
08:51:33 [INFO] Rule duration: 0 ms
08:51:33 [INFO] <<< STEP 18: APPLYING RULE 15 R_4(?X_3, ?X_3, ?X_1, ?X_5, ?X_2, ?X_6) :- PI(?X_3), PI(?X_3), PI(?X_1), PI(?X_5), PI(?X_2), PI(?X_6), R_4(?X_1, ?Z_5, ?Z_4, ?_BODY_1, ?X_2, ?Z_3), Equal(?_BODY_1, 60) >>>
08:51:33 [INFO] Execution step: Body
08:51:33 [INFO] Trie does not contain any elements
08:51:33 [INFO] Execution step: Duplicate Elimination (Datalog)
08:51:33 [INFO] Trie does not contain any elements
08:51:33 [INFO] Rule duration: 0 ms
08:51:33 [INFO] <<< STEP 19: APPLYING RULE 13 R_23(?X_2, ?X_2) :- R_4(?X_2, ?_BODY_1, ?Y_1, ?_BODY_2, ?_BODY_3, ?_BODY_4), Equal(?_BODY_1, ?X_2), Equal(?_BODY_2, ?X_2), Equal(?_BODY_3, ?X_2), Equal(?_BODY_4, ?X_2) >>>
08:51:33 [INFO] Execution step: Body
08:51:33 [INFO] Trie does not contain any elements
08:51:33 [INFO] Execution step: Duplicate Elimination (Datalog)
08:51:33 [INFO] Trie does not contain any elements
08:51:33 [INFO] Rule duration: 0 ms
08:51:33 [INFO] <<< STEP 20: APPLYING RULE 28 R_OUT(?X_1, ?X_1, 17477652454639260080, ?X_2, ?X_4, ?X_6) :- coordinates(?X_1, ?_BODY_1), coordinates(?_BODY_2, ?X_2), coordinates(?X_4, ?X_6), TRUE(?X_1), Equal(?_BODY_1, ?X_1), Equal(?_BODY_2, 17477652454639260080) >>>
08:51:33 [INFO] Execution step: Project/Reorder
08:51:33 [INFO] Saved temporary table: 1 entries (3452)
08:51:33 [INFO] Execution step: Body
08:51:33 [INFO] Trie does not contain any elements
08:51:33 [INFO] Execution step: Duplicate Elimination (Datalog)
08:51:33 [INFO] Trie does not contain any elements
08:51:33 [INFO] Rule duration: 0 ms
08:51:33 [INFO] <<< STEP 21: APPLYING RULE 38 R_28("Wind Turbine C", ?X_2) :- project_location(?_BODY_1, ?X_2, ?_BODY_2), project_location(?_BODY_3, ?X_2, ?_BODY_4), Equal(?_BODY_1, c_17), Equal(?_BODY_2, "Wind Turbine C"), Equal(?_BODY_3, c_17), Equal(?_BODY_4, "Wind Turbine C") >>>
08:51:33 [INFO] Execution step: Project/Reorder
08:51:33 [INFO] Saved temporary table: 3 entries (10548)
08:51:33 [INFO] Execution step: Body
08:51:33 [INFO] Trie does not contain any elements
08:51:33 [INFO] Execution step: Duplicate Elimination (Datalog)
08:51:33 [INFO] Trie does not contain any elements
08:51:33 [INFO] Rule duration: 0 ms
08:51:33 [INFO] <<< STEP 22: APPLYING RULE 43 R_16(?X_3, ?X_1, "50.90297432498729"^^<http://www.w3.org/2001/XMLSchema#double>) :- R_26(?X_3, ?X_1, ?_BODY_1, ?_BODY_2), R_26(?X_3, ?X_1, ?_BODY_3, ?_BODY_4), Equal(?_BODY_1, ?X_3), Equal(?_BODY_2, "50.90297432498729"^^<http://www.w3.org/2001/XMLSchema#double>), Equal(?_BODY_3, ?X_3), Equal(?_BODY_4, "50.90297432498729"^^<http://www.w3.org/2001/XMLSchema#double>) >>>
08:51:33 [INFO] Loading source SimpleTable { arity: 3, data: [AnyDataValue(Iri(IriDataValue("c_12"))), AnyDataValue(UnsignedLong(UnsignedLongDataValue(366229845494401098))), AnyDataValue(Iri(IriDataValue("c_3")))] }
08:51:33 [INFO] Execution step: Project/Reorder
08:51:33 [INFO] Trie does not contain any elements
08:51:33 [INFO] Execution step: Body
08:51:33 [INFO] Trie does not contain any elements
08:51:33 [INFO] Execution step: Duplicate Elimination (Datalog)
08:51:33 [INFO] Trie does not contain any elements
08:51:33 [INFO] Rule duration: 0 ms
08:51:33 [INFO] <<< STEP 23: APPLYING RULE 7 project_approved(?project) :- project(?project), project_reject(?project) >>>
08:51:33 [INFO] Loading source SimpleTable { arity: 1, data: [AnyDataValue(PlainString(StringDataValue("Wind Turbine A"))), AnyDataValue(PlainString(StringDataValue("Wind Turbine B"))), AnyDataValue(PlainString(StringDataValue("Wind Turbine C")))] }
08:51:33 [INFO] Execution step: Project/Reorder
08:51:33 [INFO] Saved temporary table: 2 entries (3456)
08:51:33 [INFO] Execution step: Body
08:51:33 [INFO] Saved temporary table: 1 entries (3404)
08:51:33 [INFO] Execution step: Duplicate Elimination (Datalog)
08:51:33 [INFO] Saved permanent table project_approved (23) Permutation { idx_to_val: [], val_to_idx: [] } with 1 entries (3452)
08:51:33 [INFO] Rule duration: 0 ms
08:51:33 [INFO] <<< STEP 24: APPLYING RULE 7 project_approved(?project) :- project(?project), project_reject(?project) >>>
08:51:33 [INFO] Execution step: Project/Reorder
08:51:33 [INFO] Saved temporary table: 2 entries (3456)
08:51:33 [INFO] Execution step: Body
08:51:33 [INFO] Trie does not contain any elements
08:51:33 [INFO] Execution step: Duplicate Elimination (Datalog)
08:51:33 [INFO] Trie does not contain any elements
08:51:33 [INFO] Rule duration: 0 ms
08:51:33 [INFO] <<< STEP 25: APPLYING RULE 8 closest_house(?project, ?_AGGREGATION_OUT) :- distance(?project, ?distance), ?_AGGREGATION_OUT = #min(?distance) >>>
08:51:33 [INFO] Execution step: Body
08:51:33 [INFO] Saved temporary table: 366 entries (9884)
08:51:33 [INFO] Execution step: Aggregate output
08:51:33 [INFO] Execution step: Project/Reorder
08:51:33 [INFO] Saved temporary table: 3 entries (7028)
08:51:33 [INFO] Execution step: Duplicate Elimination (Datalog)
08:51:33 [INFO] Saved permanent table closest_house (25) Permutation { idx_to_val: [], val_to_idx: [] } with 3 entries (7028)
08:51:33 [INFO] Rule duration: 0 ms
08:51:33 [INFO] <<< STEP 26: APPLYING RULE 8 closest_house(?project, ?_AGGREGATION_OUT) :- distance(?project, ?distance), ?_AGGREGATION_OUT = #min(?distance) >>>
08:51:33 [INFO] Execution step: Body
08:51:33 [INFO] Trie does not contain any elements
08:51:33 [INFO] Execution step: Aggregate output
08:51:33 [INFO] Trie does not contain any elements
08:51:33 [INFO] Execution step: Duplicate Elimination (Datalog)
08:51:33 [INFO] Trie does not contain any elements
08:51:33 [INFO] Rule duration: 0 ms
08:51:33 [INFO] <<< STEP 27: APPLYING RULE 18 R_22(?X_4, "true"^^<http://www.w3.org/2001/XMLSchema#boolean>, ?X_2, ?X_5, ?X_4) :- project_approved(?X_4), project_approved(?_BODY_1), project_approved(?X_2), project_approved(?X_5), project_approved(?X_4), R_9(?_BODY_2, ?X_4, ?Z_2, ?_BODY_3, ?_BODY_4), Equal(?_BODY_1, "true"^^<http://www.w3.org/2001/XMLSchema#boolean>), Equal(?_BODY_2, "true"^^<http://www.w3.org/2001/XMLSchema#boolean>), Equal(?_BODY_3, ?X_4), Equal(?_BODY_4, ?X_4) >>>
08:51:33 [INFO] Execution step: Body
08:51:33 [INFO] Trie does not contain any elements
08:51:33 [INFO] Execution step: Duplicate Elimination (Datalog)
08:51:33 [INFO] Trie does not contain any elements
08:51:33 [INFO] Rule duration: 0 ms
08:51:33 [INFO] <<< STEP 28: APPLYING RULE 12 R_19(?X_3, ?X_1, "Gartenschläfer", ?X_5, ?X_4) :- R_22(?X_3, ?X_1, ?_BODY_1, ?X_5, ?X_4), Equal(?_BODY_1, "Gartenschläfer") >>>
08:51:33 [INFO] Execution step: Body
08:51:33 [INFO] Trie does not contain any elements
08:51:33 [INFO] Execution step: Duplicate Elimination (Datalog)
08:51:33 [INFO] Trie does not contain any elements
08:51:33 [INFO] Rule duration: 0 ms
08:51:33 [INFO] <<< STEP 29: APPLYING RULE 14 R_17(?X_1, ?X_1) :- R_4(?_BODY_1, ?Y_1, ?X_1, ?_BODY_2, ?_BODY_3, ?_BODY_4), closest_house(?Z_1, ?X_1), project_location_m(?X_1, ?_BODY_5, ?_BODY_6), Equal(?_BODY_1, "Gartenschläfer"), Equal(?_BODY_2, ?X_1), Equal(?_BODY_3, ?X_1), Equal(?_BODY_4, ?X_1), Equal(?_BODY_5, ?X_1), Equal(?_BODY_6, ?X_1) >>>
08:51:33 [INFO] Loading source SimpleTable { arity: 2, data: [AnyDataValue(Iri(IriDataValue("c_16"))), AnyDataValue(UnsignedLong(UnsignedLongDataValue(5606858880338458396))), AnyDataValue(UnsignedLong(UnsignedLongDataValue(2928286999188264433))), AnyDataValue(Iri(IriDataValue("c_19")))] }
08:51:33 [INFO] Execution step: Body
08:51:33 [INFO] Trie does not contain any elements
08:51:33 [INFO] Execution step: Duplicate Elimination (Datalog)
08:51:33 [INFO] Trie does not contain any elements
08:51:33 [INFO] Rule duration: 0 ms
08:51:33 [INFO] <<< STEP 30: APPLYING RULE 19 R_14(?X_2, ?X_1, "50.89816338631804"^^<http://www.w3.org/2001/XMLSchema#double>, ?X_2, ?X_3) :- closest_house(?X_2, ?_BODY_1), closest_house(?_BODY_2, ?X_2), closest_house(?X_3, ?X_1), R_11(?X_2, ?_BODY_3, ?X_3, ?_BODY_4, ?Z_2), Equal(?_BODY_1, ?X_2), Equal(?_BODY_2, "50.89816338631804"^^<http://www.w3.org/2001/XMLSchema#double>), Equal(?_BODY_3, ?X_2), Equal(?_BODY_4, "Wind Turbine C") >>>
08:51:33 [INFO] Execution step: Body
08:51:33 [INFO] Trie does not contain any elements
08:51:33 [INFO] Execution step: Duplicate Elimination (Datalog)
08:51:33 [INFO] Trie does not contain any elements
08:51:33 [INFO] Rule duration: 0 ms
08:51:33 [INFO] <<< STEP 31: APPLYING RULE 31 R_12(?X_6, ?X_3, c_5, ?X_2, ?X_5, ?X_1) :- R_9(?X_6, ?X_5, ?_BODY_1, ?X_2, ?_BODY_2), R_9(?_BODY_3, ?X_3, ?X_2, ?X_1, ?Y_1), R_9(?X_6, ?X_5, ?_BODY_4, ?X_2, ?_BODY_5), Equal(?_BODY_1, c_5), Equal(?_BODY_2, ?X_5), Equal(?_BODY_3, c_5), Equal(?_BODY_4, c_5), Equal(?_BODY_5, ?X_5) >>>
08:51:33 [INFO] Execution step: Project/Reorder
08:51:33 [INFO] Trie does not contain any elements
08:51:33 [INFO] Execution step: Body
08:51:33 [INFO] Trie does not contain any elements
08:51:33 [INFO] Execution step: Duplicate Elimination (Datalog)
08:51:33 [INFO] Trie does not contain any elements
08:51:33 [INFO] Rule duration: 0 ms
08:51:33 [INFO] <<< STEP 32: APPLYING RULE 29 R_19(?X_4, ?X_3, "str_1", ?X_1, ?X_5) :- project_approved(?X_4), project_approved(?X_3), project_approved(?_BODY_1), project_approved(?X_1), project_approved(?X_5), project_approved(?X_4), Equal(?_BODY_1, "str_1") >>>
08:51:33 [INFO] Execution step: Project/Reorder
08:51:33 [INFO] Saved temporary table: 1 entries (3452)
08:51:33 [INFO] Execution step: Body
08:51:33 [INFO] Trie does not contain any elements
08:51:33 [INFO] Execution step: Duplicate Elimination (Datalog)
08:51:33 [INFO] Trie does not contain any elements
08:51:33 [INFO] Rule duration: 0 ms
08:51:33 [INFO] <<< STEP 33: APPLYING RULE 23 R_12(?X_5, ?X_5, ?X_4, ?X_3, ?X_6, ?X_2) :- project(?X_5), project(?X_5), project(?X_4), project(?X_3), project(?X_6), project(?X_2), project(?Z_2), R_19(?Z_2, ?_BODY_1, ?X_5, ?Z_5, ?X_6), Equal(?_BODY_1, "13.704927907097524"^^<http://www.w3.org/2001/XMLSchema#double>) >>>
08:51:33 [INFO] Execution step: Body
08:51:33 [INFO] Trie does not contain any elements
08:51:33 [INFO] Execution step: Duplicate Elimination (Datalog)
08:51:33 [INFO] Trie does not contain any elements
08:51:33 [INFO] Rule duration: 0 ms
08:51:33 [INFO] <<< STEP 34: APPLYING RULE 9 R_1(?X_1, ?X_2) :- R_12(?X_1, ?X_2, ?Y_1, ?_BODY_1, ?_BODY_2, ?_BODY_3), Equal(?_BODY_1, ?X_1), Equal(?_BODY_2, ?X_1), Equal(?_BODY_3, ?X_2) >>>
08:51:33 [INFO] Execution step: Body
08:51:33 [INFO] Trie does not contain any elements
08:51:33 [INFO] Execution step: Duplicate Elimination (Datalog)
08:51:33 [INFO] Trie does not contain any elements
08:51:33 [INFO] Rule duration: 0 ms
08:51:33 [INFO] <<< STEP 35: APPLYING RULE 21 R_15(?X_1, ?X_3, ?X_2, ?X_2, "Wind Turbine C") :- R_1(?X_1, ?X_3), R_1(?X_2, ?_BODY_1), R_1(?X_2, ?_BODY_2), R_15(?X_2, ?_BODY_3, ?X_1, ?_BODY_4, ?_BODY_5), Equal(?_BODY_1, ?X_2), Equal(?_BODY_2, "Wind Turbine C"), Equal(?_BODY_3, ?X_2), Equal(?_BODY_4, ?X_2), Equal(?_BODY_5, ?X_2) >>>
08:51:33 [INFO] Execution step: Body
08:51:33 [INFO] Trie does not contain any elements
08:51:33 [INFO] Execution step: Duplicate Elimination (Datalog)
08:51:33 [INFO] Trie does not contain any elements
08:51:33 [INFO] Rule duration: 0 ms
08:51:33 [INFO] <<< STEP 36: APPLYING RULE 42 R_30("Wind Turbine C", ?X_3, ?X_1) :- R_22(?_BODY_1, ?X_3, ?_BODY_2, ?X_1, ?_BODY_3), R_22(?_BODY_4, ?X_3, ?_BODY_5, ?X_1, ?_BODY_6), Equal(?_BODY_1, 366229845494401098), Equal(?_BODY_2, ?X_3), Equal(?_BODY_3, "Wind Turbine C"), Equal(?_BODY_4, 366229845494401098), Equal(?_BODY_5, ?X_3), Equal(?_BODY_6, "Wind Turbine C") >>>
08:51:33 [INFO] Execution step: Project/Reorder
08:51:33 [INFO] Trie does not contain any elements
08:51:33 [INFO] Execution step: Body
08:51:33 [INFO] Trie does not contain any elements
08:51:33 [INFO] Execution step: Duplicate Elimination (Datalog)
08:51:33 [INFO] Trie does not contain any elements
08:51:33 [INFO] Rule duration: 0 ms
08:51:33 [INFO] <<< STEP 37: APPLYING RULE 33 R_14(?X_5, ?X_2, ?X_1, 17477652454639260080, ?X_4) :- R_30(?X_5, ?X_2, ?X_1), R_30(?_BODY_1, ?X_4, ?X_5), R_30(?X_5, ?X_2, ?X_1), Equal(?_BODY_1, 17477652454639260080) >>>
08:51:33 [INFO] Execution step: Project/Reorder
08:51:33 [INFO] Trie does not contain any elements
08:51:33 [INFO] Execution step: Body
08:51:33 [INFO] Trie does not contain any elements
08:51:33 [INFO] Execution step: Duplicate Elimination (Datalog)
08:51:33 [INFO] Trie does not contain any elements
08:51:33 [INFO] Rule duration: 0 ms
08:51:33 [INFO] <<< STEP 38: APPLYING RULE 39 R_7(?X_4, ?X_4, ?X_4, ?X_4, "Wind Turbine A") :- R_14(?X_4, ?_BODY_1, ?_BODY_2, ?_BODY_3, ?_BODY_4), R_12(?_BODY_5, ?X_4, ?_BODY_6, ?_BODY_7, ?_BODY_8, ?_BODY_9), Equal(?_BODY_1, ?X_4), Equal(?_BODY_2, ?X_4), Equal(?_BODY_3, ?X_4), Equal(?_BODY_4, "Wind Turbine A"), Equal(?_BODY_5, c_25), Equal(?_BODY_6, ?X_4), Equal(?_BODY_7, ?X_4), Equal(?_BODY_8, ?X_4), Equal(?_BODY_9, ?X_4) >>>
08:51:33 [INFO] Loading source SimpleTable { arity: 5, data: [AnyDataValue(Iri(IriDataValue("c_7"))), AnyDataValue(PlainString(StringDataValue("str_1"))), AnyDataValue(PlainString(StringDataValue("str_5"))), AnyDataValue(PlainString(StringDataValue("str_6"))), AnyDataValue(UnsignedLong(UnsignedLongDataValue(5085846279596192379))), AnyDataValue(Iri(IriDataValue("c_8"))), AnyDataValue(Boolean(BooleanDataValue(true))), AnyDataValue(PlainString(StringDataValue("str_5"))), AnyDataValue(Iri(IriDataValue("c_12"))), AnyDataValue(Iri(IriDataValue("c_13"))), AnyDataValue(UnsignedLong(UnsignedLongDataValue(5085846279596192379))), AnyDataValue(Iri(IriDataValue("c_21"))), AnyDataValue(Iri(IriDataValue("c_22"))), AnyDataValue(Iri(IriDataValue("c_17"))), AnyDataValue(PlainString(StringDataValue("str_7")))] }
08:51:33 [INFO] Execution step: Project/Reorder
08:51:33 [INFO] Trie does not contain any elements
08:51:33 [INFO] Execution step: Body
08:51:33 [INFO] Trie does not contain any elements
08:51:33 [INFO] Execution step: Duplicate Elimination (Datalog)
08:51:33 [INFO] Trie does not contain any elements
08:51:33 [INFO] Rule duration: 0 ms
08:51:33 [INFO] <<< STEP 39: APPLYING RULE 20 R_21("Feldsperling", ?X_2) :- distance(?_BODY_1, ?X_2), project_location(?X_2, ?_BODY_2, ?_BODY_3), R_1(?X_2, ?_BODY_4), R_14(?X_2, ?_BODY_5, ?_BODY_6, ?_BODY_7, ?_BODY_8), Equal(?_BODY_1, "Feldsperling"), Equal(?_BODY_2, ?X_2), Equal(?_BODY_3, "Wind Turbine B"), Equal(?_BODY_4, ?X_2), Equal(?_BODY_5, "Wind Turbine A"), Equal(?_BODY_6, ?X_2), Equal(?_BODY_7, ?X_2), Equal(?_BODY_8, ?X_2) >>>
08:51:33 [INFO] Execution step: Project/Reorder
08:51:33 [INFO] Trie does not contain any elements
08:51:33 [INFO] Execution step: Body
08:51:33 [INFO] Trie does not contain any elements
08:51:33 [INFO] Execution step: Duplicate Elimination (Datalog)
08:51:33 [INFO] Trie does not contain any elements
08:51:33 [INFO] Rule duration: 0 ms
08:51:33 [INFO] <<< STEP 40: APPLYING RULE 25 R_10(?X_1, ?X_4, ?X_3, ?X_5, ?X_5) :- R_15(?X_1, ?X_4, ?X_3, ?X_5, ?_BODY_1), R_21(?Z_4, ?X_1), Equal(?_BODY_1, ?X_5) >>>
08:51:33 [INFO] Loading source SimpleTable { arity: 5, data: [AnyDataValue(Iri(IriDataValue("c_1"))), AnyDataValue(Double(DoubleDataValue(13.69510396381167))), AnyDataValue(Double(DoubleDataValue(50.89816338631804))), AnyDataValue(PlainString(StringDataValue("Rotmilan"))), AnyDataValue(Iri(IriDataValue("c_2")))] }
08:51:33 [INFO] Execution step: Body
08:51:33 [INFO] Trie does not contain any elements
08:51:33 [INFO] Execution step: Duplicate Elimination (Datalog)
08:51:33 [INFO] Trie does not contain any elements
08:51:33 [INFO] Rule duration: 0 ms
08:51:33 [INFO] <<< STEP 41: APPLYING RULE 35 R_13(?X_5, ?Z_2, ?X_4, ?X_3, "Wind Turbine C", ?Z_2) :- coordinates_m(?X_5, ?Z_2), coordinates_m(?X_4, ?X_3), coordinates_m(?_BODY_1, ?Z_2), endangered(?X_3), R_10(?Z_2, ?X_4, ?X_5, ?_BODY_2, ?X_3), R_11(?X_4, ?X_3, ?_BODY_3, ?_BODY_4, ?_BODY_5), Equal(?_BODY_1, "Wind Turbine C"), Equal(?_BODY_2, ?X_4), Equal(?_BODY_3, ?X_4), Equal(?_BODY_4, 1461615712955830966), Equal(?_BODY_5, ?X_4) >>>
08:51:33 [INFO] Execution step: Body
08:51:33 [INFO] Trie does not contain any elements
08:51:33 [INFO] Execution step: Duplicate Elimination (Datalog)
08:51:33 [INFO] Trie does not contain any elements
08:51:33 [INFO] Rule duration: 0 ms
08:51:33 [INFO] <<< STEP 42: APPLYING RULE 36 R_16(?Y_1, ?X_3, "Wind Turbine B") :- R_21(?Y_1, ?_BODY_1), R_21(?_BODY_2, ?X_3), PI(?Z_2), project_reject(?Z_3), R_13(?Y_1, ?_BODY_3, ?Z_4, ?_BODY_4, ?Z_2, ?Z_1), Equal(?_BODY_1, ?Y_1), Equal(?_BODY_2, "Wind Turbine B"), Equal(?_BODY_3, ?Y_1), Equal(?_BODY_4, "50.89312291453255"^^<http://www.w3.org/2001/XMLSchema#double>) >>>
08:51:33 [INFO] Execution step: Body
08:51:33 [INFO] Trie does not contain any elements
08:51:33 [INFO] Execution step: Duplicate Elimination (Datalog)
08:51:33 [INFO] Trie does not contain any elements
08:51:33 [INFO] Rule duration: 0 ms
08:51:33 [INFO] <<< STEP 43: APPLYING RULE 22 R_2(?X_3, "50.89816338631804"^^<http://www.w3.org/2001/XMLSchema#double>, ?X_3) :- R_12(?X_3, ?_BODY_1, ?_BODY_2, ?_BODY_3, ?_BODY_4, ?_BODY_5), coordinates_m(?Z_2, ?X_3), project_height_m(?X_3, ?Z_1), R_16(?Z_3, ?X_3, ?Z_4), Equal(?_BODY_1, ?X_3), Equal(?_BODY_2, "50.89816338631804"^^<http://www.w3.org/2001/XMLSchema#double>), Equal(?_BODY_3, ?X_3), Equal(?_BODY_4, "50.89816338631804"^^<http://www.w3.org/2001/XMLSchema#double>), Equal(?_BODY_5, "50.89816338631804"^^<http://www.w3.org/2001/XMLSchema#double>) >>>
08:51:33 [INFO] Loading source SimpleTable { arity: 3, data: [AnyDataValue(UnsignedLong(UnsignedLongDataValue(5606858880338458396))), AnyDataValue(PlainString(StringDataValue("Wind Turbine A"))), AnyDataValue(Iri(IriDataValue("c_9"))), AnyDataValue(Long(LongDataValue(40))), AnyDataValue(PlainString(StringDataValue("str_13"))), AnyDataValue(UnsignedLong(UnsignedLongDataValue(9969435176479101341)))] }
08:51:33 [INFO] Execution step: Body
08:51:33 [INFO] Trie does not contain any elements
08:51:33 [INFO] Execution step: Duplicate Elimination (Datalog)
08:51:33 [INFO] Trie does not contain any elements
08:51:33 [INFO] Rule duration: 0 ms
08:51:33 [INFO] <<< STEP 44: APPLYING RULE 32 R_3(?Z_1, "Rotmilan") :- project_approved(?Z_1), project_approved(?_BODY_1), R_2(?Z_1, ?_BODY_2, ?_BODY_3), Equal(?_BODY_1, "Rotmilan"), Equal(?_BODY_2, ?Z_1), Equal(?_BODY_3, ?Z_1) >>>
08:51:33 [INFO] Loading source SimpleTable { arity: 2, data: [AnyDataValue(UnsignedLong(UnsignedLongDataValue(366229845494401098))), AnyDataValue(Iri(IriDataValue("c_24")))] }
08:51:33 [INFO] Execution step: Body
08:51:33 [INFO] Trie does not contain any elements
08:51:33 [INFO] Execution step: Duplicate Elimination (Datalog)
08:51:33 [INFO] Trie does not contain any elements
08:51:33 [INFO] Rule duration: 0 ms
08:51:33 [INFO] <<< STEP 45: APPLYING RULE 37 R_17(?X_1, "Wind Turbine B") :- R_2(?X_1, ?_BODY_1, ?_BODY_2), R_28(?_BODY_3, ?_BODY_4), R_7(?_BODY_5, ?X_1, ?_BODY_6, ?_BODY_7, ?_BODY_8), Equal(?_BODY_1, "Wind Turbine B"), Equal(?_BODY_2, "Wind Turbine B"), Equal(?_BODY_3, "Wind Turbine B"), Equal(?_BODY_4, "Wind Turbine B"), Equal(?_BODY_5, "Wind Turbine B"), Equal(?_BODY_6, "str_10"), Equal(?_BODY_7, "str_10"), Equal(?_BODY_8, "Wind Turbine B") >>>
08:51:33 [INFO] Execution step: Project/Reorder
08:51:33 [INFO] Trie does not contain any elements
08:51:33 [INFO] Execution step: Project/Reorder
08:51:33 [INFO] Saved temporary table: 3 entries (17644)
08:51:33 [INFO] Execution step: Body
08:51:33 [INFO] Trie does not contain any elements
08:51:33 [INFO] Execution step: Duplicate Elimination (Datalog)
08:51:33 [INFO] Trie does not contain any elements
08:51:33 [INFO] Rule duration: 0 ms
08:51:33 [INFO] <<< STEP 46: APPLYING RULE 40 R_OUT(?X_2, ?X_1, c_20, ?X_5, ?X_6, ?X_3) :- R_10(?X_2_new_1, ?X_1, ?_BODY_1, ?X_2, ?X_6), PI(?X_3), closest_house(?X_5, ?X_3), R_15(?X_6, ?_BODY_2, ?X_5, ?_BODY_3, ?X_1), project_reject(?X_5), Equal(?_BODY_1, c_20), Equal(?_BODY_2, ?X_6), Equal(?_BODY_3, ?X_6) >>>
08:51:33 [INFO] Execution step: Project/Reorder
08:51:33 [INFO] Trie does not contain any elements
08:51:33 [INFO] Execution step: Project/Reorder
08:51:33 [INFO] Saved temporary table: 2 entries (3456)
08:51:33 [INFO] Execution step: Body
08:51:33 [INFO] Trie does not contain any elements
08:51:33 [INFO] Execution step: Duplicate Elimination (Datalog)
08:51:33 [INFO] Trie does not contain any elements
08:51:33 [INFO] Rule duration: 0 ms
08:51:33 [INFO] <<< STEP 47: APPLYING RULE 41 R_5("Wind Turbine B", ?X_2) :- R_21(?_BODY_1, ?X_2_new_1), environmental_impact(?X_2), R_12(?X_2_new_1, ?_BODY_2, ?_BODY_3, ?X_2, ?_BODY_4, ?Z_1), R_23(?X_2, ?Z_1_new_1), Equal(?_BODY_1, "Wind Turbine B"), Equal(?_BODY_2, ?X_2_new_1), Equal(?_BODY_3, "Wind Turbine B"), Equal(?_BODY_4, ?X_2) >>>
08:51:33 [INFO] Loading source SimpleTable { arity: 2, data: [AnyDataValue(PlainString(StringDataValue("Wind Turbine B"))), AnyDataValue(UnsignedLong(UnsignedLongDataValue(1461615712955830966))), AnyDataValue(PlainString(StringDataValue("str_2"))), AnyDataValue(Iri(IriDataValue("c_7"))), AnyDataValue(Iri(IriDataValue("c_20"))), AnyDataValue(UnsignedLong(UnsignedLongDataValue(17477652454639260080))), AnyDataValue(Iri(IriDataValue("c_28"))), AnyDataValue(PlainString(StringDataValue("str_17")))] }
08:51:33 [INFO] Execution step: Body
08:51:33 [INFO] Trie does not contain any elements
08:51:33 [INFO] Execution step: Duplicate Elimination (Datalog)
08:51:33 [INFO] Trie does not contain any elements
08:51:33 [INFO] Rule duration: 0 ms
08:51:33 [INFO] <<< STEP 48: APPLYING RULE 30 R_5("str_7", ?X_1) :- environmental_impact(?_BODY_1), environmental_impact(?X_1), R_16(?X_1, ?_BODY_2, ?_BODY_3), Equal(?_BODY_1, "str_7"), Equal(?_BODY_2, "str_2"), Equal(?_BODY_3, "str_7") >>>
08:51:33 [INFO] Execution step: Project/Reorder
08:51:33 [INFO] Saved temporary table: 1 entries (10360)
08:51:33 [INFO] Execution step: Body
08:51:33 [INFO] Trie does not contain any elements
08:51:33 [INFO] Execution step: Duplicate Elimination (Datalog)
08:51:33 [INFO] Trie does not contain any elements
08:51:33 [INFO] Rule duration: 0 ms
08:51:33 [INFO] <<< STEP 49: APPLYING RULE 16 R_20(?X_2, ?X_5, ?X_6, ?X_4, ?X_6, ?X_3) :- R_OUT(?X_2, ?X_5, ?X_6, ?X_4, ?_BODY_1, ?X_3), CIRC_EARTH(?X_4), TRUE(?X_4), R_7(?X_6, ?_BODY_2, ?X_4, ?_BODY_3, ?_BODY_4), Equal(?_BODY_1, ?X_6), Equal(?_BODY_2, ?X_6), Equal(?_BODY_3, ?X_4), Equal(?_BODY_4, ?X_4) >>>
08:51:33 [INFO] Execution step: Project/Reorder
08:51:33 [INFO] Saved temporary table: 1 entries (3452)
08:51:33 [INFO] Execution step: Project/Reorder
08:51:33 [INFO] Saved temporary table: 3 entries (17644)
08:51:33 [INFO] Execution step: Body
08:51:33 [INFO] Trie does not contain any elements
08:51:33 [INFO] Execution step: Duplicate Elimination (Datalog)
08:51:33 [INFO] Trie does not contain any elements
08:51:33 [INFO] Rule duration: 0 ms
08:51:33 [INFO] <<< STEP 50: APPLYING RULE 17 R_OUT(?X_5, "50.89816338631804"^^<http://www.w3.org/2001/XMLSchema#double>, ?X_4, ?X_1, ?X_2, ?X_4) :- locations(?X_5, ?_BODY_1, ?X_4), locations(?X_1, ?X_2, ?X_4), project_species(?X_5, ?X_1), R_8(?X_4), Equal(?_BODY_1, "50.89816338631804"^^<http://www.w3.org/2001/XMLSchema#double>) >>>
08:51:33 [INFO] Execution step: Body
08:51:33 [INFO] Trie does not contain any elements
08:51:33 [INFO] Execution step: Duplicate Elimination (Datalog)
08:51:33 [INFO] Trie does not contain any elements
08:51:33 [INFO] Rule duration: 0 ms
08:51:33 [INFO] <<< STEP 51: APPLYING RULE 24 R_8("50.89816338631804"^^<http://www.w3.org/2001/XMLSchema#double>) :- project_location_m(?_BODY_1, ?Y_1, ?_BODY_2), R_5(?Y_1, ?_BODY_3), R_17(?Y_1, ?_BODY_4), R_20(?Y_1, ?_BODY_5, ?Z_1, ?_BODY_6, ?_BODY_7, ?_BODY_8), project_approved(?_BODY_9), R_3(?Y_1, ?_BODY_10), Equal(?_BODY_1, "50.89816338631804"^^<http://www.w3.org/2001/XMLSchema#double>), Equal(?_BODY_2, "13.688126881341304"^^<http://www.w3.org/2001/XMLSchema#double>), Equal(?_BODY_3, ?Y_1), Equal(?_BODY_4, ?Y_1), Equal(?_BODY_5, ?Y_1), Equal(?_BODY_6, ?Y_1), Equal(?_BODY_7, ?Y_1), Equal(?_BODY_8, ?Y_1), Equal(?_BODY_9, "50.89816338631804"^^<http://www.w3.org/2001/XMLSchema#double>), Equal(?_BODY_10, ?Y_1) >>>
08:51:33 [INFO] Execution step: Project/Reorder
08:51:33 [INFO] Saved temporary table: 1 entries (3452)
08:51:33 [INFO] Execution step: Project/Reorder
08:51:33 [INFO] Saved temporary table: 1 entries (6908)
08:51:33 [INFO] Execution step: Body
08:51:33 [INFO] Trie does not contain any elements
08:51:33 [INFO] Execution step: Duplicate Elimination (Datalog)
08:51:33 [INFO] Trie does not contain any elements
08:51:33 [INFO] Rule duration: 0 ms
08:51:33 [INFO] <<< STEP 52: APPLYING RULE 26 R_6(?X_1, "50.89816338631804"^^<http://www.w3.org/2001/XMLSchema#double>, ?X_3, ?X_2, ?X_2, ?X_2) :- R_20(?X_1, ?_BODY_1, ?X_3, ?X_2, ?_BODY_2, ?_BODY_3), R_18(?X_1, ?X_2, ?_BODY_4), coordinates(?X_2, ?_BODY_5), Equal(?_BODY_1, "50.89816338631804"^^<http://www.w3.org/2001/XMLSchema#double>), Equal(?_BODY_2, ?X_2), Equal(?_BODY_3, ?X_2), Equal(?_BODY_4, ?X_2), Equal(?_BODY_5, ?X_2) >>>
08:51:33 [INFO] Loading source SimpleTable { arity: 3, data: [AnyDataValue(PlainString(StringDataValue("Wind Turbine B"))), AnyDataValue(PlainString(StringDataValue("Wind Turbine B"))), AnyDataValue(PlainString(StringDataValue("Wind Turbine A"))), AnyDataValue(Iri(IriDataValue("c_6"))), AnyDataValue(PlainString(StringDataValue("str_2"))), AnyDataValue(PlainString(StringDataValue("str_3"))), AnyDataValue(Iri(IriDataValue("c_23"))), AnyDataValue(UnsignedLong(UnsignedLongDataValue(10806707376120944120))), AnyDataValue(PlainString(StringDataValue("Wind Turbine C")))] }
08:51:33 [INFO] Loading source SimpleTable { arity: 6, data: [AnyDataValue(Double(DoubleDataValue(3.14159))), AnyDataValue(PlainString(StringDataValue("Wind Turbine A"))), AnyDataValue(PlainString(StringDataValue("Wind Turbine B"))), AnyDataValue(PlainString(StringDataValue("Wind Turbine A"))), AnyDataValue(Iri(IriDataValue("c_3"))), AnyDataValue(PlainString(StringDataValue("str_1"))), AnyDataValue(PlainString(StringDataValue("str_5"))), AnyDataValue(Iri(IriDataValue("c_1"))), AnyDataValue(Double(DoubleDataValue(50.89816338631804))), AnyDataValue(PlainString(StringDataValue("Wind Turbine B"))), AnyDataValue(Iri(IriDataValue("c_10"))), AnyDataValue(Iri(IriDataValue("c_11"))), AnyDataValue(Double(DoubleDataValue(3.14159))), AnyDataValue(Iri(IriDataValue("c_14"))), AnyDataValue(Iri(IriDataValue("c_15"))), AnyDataValue(Long(LongDataValue(60))), AnyDataValue(PlainString(StringDataValue("str_7"))), AnyDataValue(PlainString(StringDataValue("str_8")))] }
08:51:33 [INFO] Execution step: Project/Reorder
08:51:33 [INFO] Saved temporary table: 122 entries (9188)
08:51:33 [INFO] Execution step: Body
08:51:33 [INFO] Trie does not contain any elements
08:51:33 [INFO] Execution step: Duplicate Elimination (Datalog)
08:51:33 [INFO] Trie does not contain any elements
08:51:33 [INFO] Rule duration: 0 ms
08:51:33 [INFO] <<< STEP 53: APPLYING RULE 27 R_20(?X_5, "Wind Turbine A", ?X_5, ?X_2, ?X_4, ?X_6) :- R_11(?X_2, ?_BODY_1, ?X_5, ?_BODY_2, ?X_4), R_6(?X_4, ?Y_2, ?X_6, ?_BODY_3, ?_BODY_4, ?X_5), Equal(?_BODY_1, "Wind Turbine A"), Equal(?_BODY_2, ?X_2), Equal(?_BODY_3, ?X_6), Equal(?_BODY_4, ?Y_2) >>>
08:51:33 [INFO] Execution step: Body
08:51:33 [INFO] Trie does not contain any elements
08:51:33 [INFO] Execution step: Duplicate Elimination (Datalog)
08:51:33 [INFO] Trie does not contain any elements
08:51:33 [INFO] Rule duration: 0 ms
08:51:33 [INFO] <<< STEP 54: APPLYING RULE 34 R_18(?X_3, "13.69510396381167"^^<http://www.w3.org/2001/XMLSchema#double>, ?X_1) :- project_location(?X_3, ?_BODY_1, ?X_1_new_1), R_6(?_BODY_2, ?X_3_new_1, ?X_1, ?Z_1, ?Z_2, ?_BODY_3), R_22(?X_1, ?Z_4, ?X_3, ?_BODY_4, ?X_3_new_1), distance(?X_1, ?X_3), locations(?X_1_new_1, ?X_3_new_1, ?X_1), Equal(?_BODY_1, "13.69510396381167"^^<http://www.w3.org/2001/XMLSchema#double>), Equal(?_BODY_2, "13.688126881341304"^^<http://www.w3.org/2001/XMLSchema#double>), Equal(?_BODY_3, ?X_1), Equal(?_BODY_4, ?X_3) >>>
08:51:33 [INFO] Execution step: Project/Reorder
08:51:33 [INFO] Saved temporary table: 366 entries (9932)
08:51:33 [INFO] Execution step: Project/Reorder
08:51:33 [INFO] Saved temporary table: 781 entries (25484)
08:51:33 [INFO] Execution step: Body
08:51:33 [INFO] Trie does not contain any elements
08:51:33 [INFO] Execution step: Duplicate Elimination (Datalog)
08:51:33 [INFO] Trie does not contain any elements
08:51:33 [INFO] Rule duration: 0 ms
08:51:33 [INFO] Execution step: Combining Tables
08:51:33 [INFO] Saved permanent table R_OUT (0-1) Permutation { idx_to_val: [], val_to_idx: [] } with 3 entries (21240)
08:51:33 [INFO] ----------------------------------------------
08:51:33 [INFO]  Finished Nemo Execution - Transformed Program
08:51:33 [INFO] Output size: 3
08:51:33 [INFO] ----------------------------------------------
08:51:33 [INFO] 
08:51:33 [INFO] ----------------------------------------------
08:51:33 [INFO] ------------ Asserting Oracle EXP ------------
08:51:33 [INFO] ----------------------------------------------
08:51:33 [INFO] All good, output is expanding
08:51:33 [INFO] old_dir "/home/leo_repp/masterthesis/nemo/nemo-metamorphic-testing/benchmark_500k_r"
