08:51:33 [INFO] ----------------------------------------------
08:51:33 [INFO] Beginning transformation mtf_EQU_5500052
                Oracle:     EQU          Number of T: 61
                Debug Mode: false          u64 Seed:    5500052
                Number of generating transformations: 23
                Internal Seed:          [12, 161, 128, 14, 105, 76, 23, 22, 245, 6, 6, 198, 231, 27, 87, 11, 80, 221, 218, 42, 229, 114, 243, 100, 147, 82, 173, 245, 139, 35, 184, 30]
                Seed File: Currently not supported!
08:51:33 [INFO] ----------------------------------------------
08:51:33 [INFO] -------------- Reading Seed File: ------------
08:51:33 [INFO] "/home/leo_repp/masterthesis/nemo/nemo-metamorphic-testing/examples/wind-turbines/permissions.rls"
08:51:33 [INFO] Renaming of rules complete
08:51:33 [INFO] --------- Finished Reading Seed file ---------
08:51:33 [INFO] ----------------------------------------------
08:51:33 [INFO] 
08:51:33 [INFO] ----------------------------------------------
08:51:33 [INFO] -------- Beginning Program Generation --------
08:51:33 [INFO] ----------------------------------------------
08:51:33 [INFO] 
08:51:33 [INFO] Removing old export statements
08:51:33 [INFO] Beginning inverse_stratum and ancestry computation starting at node R_OUT
08:51:33 [INFO] Ancestry and Inverse Stratum computation complete.
08:51:33 [INFO] Constructed lite ADG
08:51:33 [INFO] Generating Program...
08:51:33 [INFO] 
08:51:33 [INFO] 1 / 22
08:51:33 [INFO]   I Add Relational Node
08:51:33 [INFO]   Added new relation R_1
08:51:33 [INFO] 2 / 22
08:51:33 [INFO]   I Add Relational Node
08:51:33 [INFO]   Added new relation R_2
08:51:33 [INFO] 3 / 22
08:51:33 [INFO]   I Add Relational Node
08:51:33 [INFO]   Added new relation R_3
08:51:33 [INFO] 4 / 22
08:51:33 [INFO]   I Add Relational Node
08:51:33 [INFO]   Added new relation R_4
08:51:33 [INFO] 5 / 22
08:51:33 [INFO]   I Add Relational Node
08:51:33 [INFO]   Added new relation R_5
08:51:33 [INFO] 6 / 22
08:51:33 [INFO]   I Add Relational Node
08:51:33 [INFO]   Added new relation R_6
08:51:33 [INFO] 7 / 22
08:51:33 [INFO]   I Add Relational Node
08:51:33 [INFO]   Added new relation R_7
08:51:33 [INFO] 8 / 22
08:51:33 [INFO]   I Add Relational Node
08:51:33 [INFO]   Added new relation R_8
08:51:33 [INFO] 9 / 22
08:51:33 [INFO]   I Add Relational Node
08:51:33 [INFO]   Added new relation R_9
08:51:33 [INFO] 10 / 22
08:51:33 [INFO]   I Add Relational Node
08:51:33 [INFO]   Added new relation R_10
08:51:33 [INFO] 11 / 22
08:51:33 [INFO]   I Add Relational Node
08:51:33 [INFO]   Added new relation R_11
08:51:33 [INFO] 12 / 22
08:51:33 [INFO]   I Add Relational Node
08:51:33 [INFO]   Added new relation R_12
08:51:33 [INFO] 13 / 22
08:51:33 [INFO]   I Add Relational Node
08:51:33 [INFO]   Added new relation R_13
08:51:33 [INFO] 14 / 22
08:51:33 [INFO]   I Add Relational Node
08:51:33 [INFO]   Added new relation R_14
08:51:33 [INFO] 15 / 22
08:51:33 [INFO]   I Add Relational Node
08:51:33 [INFO]   Added new relation R_15
08:51:33 [INFO] 16 / 22
08:51:33 [INFO]   I Add Relational Node
08:51:33 [INFO]   Added new relation R_16
08:51:33 [INFO] 17 / 22
08:51:33 [INFO]   I Add Relational Node
08:51:33 [INFO]   Added new relation R_17
08:51:33 [INFO] 18 / 22
08:51:33 [INFO]   I Add Relational Node
08:51:33 [INFO]   Added new relation R_18
08:51:33 [INFO] 19 / 22
08:51:33 [INFO]   I Add Relational Node
08:51:33 [INFO]   Added new relation R_19
08:51:33 [INFO] 20 / 22
08:51:33 [INFO]   I Add Relational Node
08:51:33 [INFO]   Added new relation R_20
08:51:33 [INFO] 21 / 22
08:51:33 [INFO]   I Add Relational Node
08:51:33 [INFO]   Added new relation R_21
08:51:33 [INFO] 22 / 22
08:51:33 [INFO]   I Add Relational Node
08:51:33 [INFO]   Added new relation R_22
08:51:33 [INFO] 
08:51:33 [INFO] Adding a new rule for each relation other than the seed relations
08:51:33 [INFO] 
08:51:33 [INFO] 1 / 23
08:51:33 [INFO]   Generating new single body literal rule for R_OUT
08:51:33 [INFO]   Assigned relation R_OUT the artiy 6
08:51:33 [INFO]   Assigned relation R_18 the artiy 6
08:51:33 [INFO]   Added new rule of name r_GEN_1
08:51:33 [INFO]   R_OUT(?X_5, ?X_3, ?X_6, ?X_1, ?X_1, ?X_4) :- R_18(?X_5, ?X_3, ?X_6, ?X_1, ?X_1, ?X_4) .
08:51:33 [INFO] 2 / 23
08:51:33 [INFO]   Generating new single body literal rule for R_1
08:51:33 [INFO]   Assigned relation R_1 the artiy 4
08:51:33 [INFO]   Assigned relation R_11 the artiy 6
08:51:33 [INFO]   Added new rule of name r_GEN_2
08:51:33 [INFO]   R_1(?X_2, ?X_1, "Wind Turbine B", ?X_4) :- R_11(?X_2, ?X_1, ?X_1, ?X_4, "Wind Turbine B", ?X_4) .
08:51:33 [INFO] 3 / 23
08:51:33 [INFO]   Generating new single body literal rule for R_2
08:51:33 [INFO]   Assigned relation R_2 the artiy 1
08:51:33 [INFO]   Assigned relation R_10 the artiy 6
08:51:33 [INFO]   Added new rule of name r_GEN_3
08:51:33 [INFO]   R_2(?X_1) :- R_10(?X_1, ?Y_1, ?X_1, ?X_1, ?Y_1, ?Y_1) .
08:51:33 [INFO] 4 / 23
08:51:33 [INFO]   Generating new single body literal rule for R_3
08:51:33 [INFO]   Assigned relation R_3 the artiy 4
08:51:33 [INFO]   Added new rule of name r_GEN_4
08:51:33 [INFO]   R_3(?X_1, ?X_2, "Wind Turbine A", ?X_4) :- R_3(?X_1, ?X_2, "Wind Turbine A", ?X_4) .
08:51:33 [INFO] 5 / 23
08:51:33 [INFO]   Generating new single body literal rule for R_4
08:51:33 [INFO]   Assigned relation R_4 the artiy 5
08:51:33 [INFO]   Added new rule of name r_GEN_5
08:51:33 [INFO]   R_4(?X_2, ?X_5, ?X_3, ?X_4, "Wind Turbine C") :- PI(?X_2), PI(?X_5), PI(?X_3), PI(?X_4), PI("Wind Turbine C") .
08:51:33 [INFO] 6 / 23
08:51:33 [INFO]   Generating new single body literal rule for R_5
08:51:33 [INFO]   Assigned relation R_5 the artiy 6
08:51:33 [INFO]   Added new rule of name r_GEN_6
08:51:33 [INFO]   R_5(?X_2, "Wind Turbine A", ?X_3, ?X_4, ?X_5, ?X_6) :- project_location(?X_2, "Wind Turbine A", ?X_3), project_location(?X_4, ?X_5, ?X_6) .
08:51:33 [INFO] 7 / 23
08:51:33 [INFO]   Generating new single body literal rule for R_6
08:51:33 [INFO]   Assigned relation R_6 the artiy 4
08:51:33 [INFO]   Assigned relation R_19 the artiy 4
08:51:33 [INFO]   Added new rule of name r_GEN_7
08:51:33 [INFO]   R_6(?X_3, ?X_4, ?X_1, ?X_2) :- R_19(?X_3, ?X_4, ?X_1, ?X_2) .
08:51:33 [INFO] 8 / 23
08:51:33 [INFO]   Generating new single body literal rule for R_7
08:51:33 [INFO]   Assigned relation R_7 the artiy 4
08:51:33 [INFO]   Assigned relation R_8 the artiy 4
08:51:33 [INFO]   Added new rule of name r_GEN_8
08:51:33 [INFO]   R_7(?X_4, "40075000"^^<http://www.w3.org/2001/XMLSchema#double>, ?X_1, ?X_3) :- R_8(?X_4, "40075000"^^<http://www.w3.org/2001/XMLSchema#double>, ?X_1, ?X_3) .
08:51:33 [INFO] 9 / 23
08:51:33 [INFO]   Generating new single body literal rule for R_8
08:51:33 [INFO]   Added new rule of name r_GEN_9
08:51:33 [INFO]   R_8(?X_3, ?X_2, "Wind Turbine B", ?X_1) :- project_height_m(?X_3, ?X_2), project_height_m("Wind Turbine B", ?X_1) .
08:51:33 [INFO] 10 / 23
08:51:33 [INFO]   Generating new single body literal rule for R_9
08:51:33 [INFO]   Assigned relation R_9 the artiy 2
08:51:33 [INFO]   Added new rule of name r_GEN_10
08:51:33 [INFO]   R_9("50.89312291453255"^^<http://www.w3.org/2001/XMLSchema#double>, ?X_2) :- coordinates("50.89312291453255"^^<http://www.w3.org/2001/XMLSchema#double>, ?X_2) .
08:51:33 [INFO] 11 / 23
08:51:33 [INFO]   Generating new single body literal rule for R_10
08:51:33 [INFO]   Added new rule of name r_GEN_11
08:51:33 [INFO]   R_10(?X_2, ?X_6, "13.688126881341304"^^<http://www.w3.org/2001/XMLSchema#double>, ?X_2, ?X_5, ?X_4) :- R_5(?X_2, ?X_6, "13.688126881341304"^^<http://www.w3.org/2001/XMLSchema#double>, ?X_2, ?X_5, ?X_4) .
08:51:33 [INFO] 12 / 23
08:51:33 [INFO]   Generating new single body literal rule for R_11
08:51:33 [INFO]   Added new rule of name r_GEN_12
08:51:33 [INFO]   R_11("Mauersegler", ?X_3, ?X_5, ?X_6, ?X_1, ?X_4) :- R_4("Mauersegler", ?X_3, ?Y_2, ?X_6, ?X_3), R_4(?X_4, "Feldsperling", ?X_5, ?X_5, ?X_1) .
08:51:33 [INFO] 13 / 23
08:51:33 [INFO]   Generating new single body literal rule for R_12
08:51:33 [INFO]   Assigned relation R_12 the artiy 1
08:51:33 [INFO]   Added new rule of name r_GEN_13
08:51:33 [INFO]   R_12("true"^^<http://www.w3.org/2001/XMLSchema#boolean>) :- R_OUT("true"^^<http://www.w3.org/2001/XMLSchema#boolean>, "Wind Turbine C", "Wind Turbine C", "true"^^<http://www.w3.org/2001/XMLSchema#boolean>, "true"^^<http://www.w3.org/2001/XMLSchema#boolean>, ?Y_1) .
08:51:33 [INFO] 14 / 23
08:51:33 [INFO]   Generating new single body literal rule for R_13
08:51:33 [INFO]   Assigned relation R_13 the artiy 1
08:51:33 [INFO]   Added new rule of name r_GEN_14
08:51:33 [INFO]   R_13("Wind Turbine C") :- locations("Wind Turbine A", ?Y_1, "Wind Turbine C") .
08:51:33 [INFO] 15 / 23
08:51:33 [INFO]   Generating new single body literal rule for R_14
08:51:33 [INFO]   Assigned relation R_14 the artiy 5
08:51:33 [INFO]   Added new rule of name r_GEN_15
08:51:33 [INFO]   R_14("Wind Turbine A", ?X_2, ?X_1, ?X_4, ?X_5) :- R_3(?X_5, "Wind Turbine B", ?X_1, ?X_4), R_3(?X_5, ?X_4, ?X_2, "Wind Turbine A") .
08:51:33 [INFO] 16 / 23
08:51:33 [INFO]   Generating new single body literal rule for R_15
08:51:33 [INFO]   Assigned relation R_15 the artiy 2
08:51:33 [INFO]   Added new rule of name r_GEN_16
08:51:33 [INFO]   R_15(?X_1, ?X_1) :- environmental_impact(?X_1), environmental_impact(?X_1) .
08:51:33 [INFO] 17 / 23
08:51:33 [INFO]   Generating new single body literal rule for R_16
08:51:33 [INFO]   Assigned relation R_16 the artiy 4
08:51:33 [INFO]   Added new rule of name r_GEN_17
08:51:33 [INFO]   R_16(?X_4, ?X_4, ?X_1, "Wind Turbine B") :- TRUE(?X_4), TRUE(?X_4), TRUE(?X_1), TRUE("Wind Turbine B") .
08:51:33 [INFO] 18 / 23
08:51:33 [INFO]   Generating new single body literal rule for R_17
08:51:33 [INFO]   Assigned relation R_17 the artiy 2
08:51:33 [INFO]   Added new rule of name r_GEN_18
08:51:33 [INFO]   R_17(?X_1, ?X_2) :- project_approved(?X_1), project_approved(?X_2) .
08:51:33 [INFO] 19 / 23
08:51:33 [INFO]   Generating new single body literal rule for R_18
08:51:33 [INFO]   Added new rule of name r_GEN_19
08:51:33 [INFO]   R_18(?X_6, ?X_1, ?X_3, ?X_2, "3.14159"^^<http://www.w3.org/2001/XMLSchema#double>, ?X_5) :- project_location_m(?X_6, ?X_1, ?X_3), project_location_m(?X_2, "3.14159"^^<http://www.w3.org/2001/XMLSchema#double>, ?X_5) .
08:51:33 [INFO] 20 / 23
08:51:33 [INFO]   Generating new single body literal rule for R_19
08:51:33 [INFO]   Added new rule of name r_GEN_20
08:51:33 [INFO]   R_19(?X_3, ?X_1, ?X_2, "Wind Turbine A") :- CIRC_EARTH(?X_3), CIRC_EARTH(?X_1), CIRC_EARTH(?X_2), CIRC_EARTH("Wind Turbine A") .
08:51:33 [INFO] 21 / 23
08:51:33 [INFO]   Generating new single body literal rule for R_20
08:51:33 [INFO]   Assigned relation R_20 the artiy 2
08:51:33 [INFO]   Added new rule of name r_GEN_21
08:51:33 [INFO]   R_20(?X_2, "50.89312291453255"^^<http://www.w3.org/2001/XMLSchema#double>) :- project_height_m(?X_2, "50.89312291453255"^^<http://www.w3.org/2001/XMLSchema#double>) .
08:51:33 [INFO] 22 / 23
08:51:33 [INFO]   Generating new single body literal rule for R_21
08:51:33 [INFO]   Assigned relation R_21 the artiy 3
08:51:33 [INFO]   Added new rule of name r_GEN_22
08:51:33 [INFO]   R_21(?X_3, ?X_1, ?X_2) :- R_2(?X_3), R_2(?X_1), R_2(?X_2) .
08:51:33 [INFO] 23 / 23
08:51:33 [INFO]   Generating new single body literal rule for R_22
08:51:33 [INFO]   Assigned relation R_22 the artiy 2
08:51:33 [INFO]   Added new rule of name r_GEN_23
08:51:33 [INFO]   R_22(?X_1, ?X_2) :- project_location_m(?X_1, ?X_2, ?X_2) .
08:51:33 [INFO] 
08:51:33 [INFO] Adding a outgoing relational edge for each relation other than R_OUT
08:51:33 [INFO] 
08:51:33 [INFO] 1 / 39
08:51:33 [INFO]   Adding outgoing relational edge from CIRC_EARTH for r_GEN_9
08:51:33 [INFO]   Generated literal ~CIRC_EARTH(?X_3) for rule r_GEN_9
08:51:33 [INFO] 2 / 39
08:51:33 [INFO]   Adding outgoing relational edge from PI for r_GEN_21
08:51:33 [INFO]   Generated literal PI(?X_2) for rule r_GEN_21
08:51:33 [INFO] 3 / 39
08:51:33 [INFO]   Adding outgoing relational edge from TRUE for r_GEN_13
08:51:33 [INFO]   Generated literal TRUE(?Y_1) for rule r_GEN_13
08:51:33 [INFO] 4 / 39
08:51:33 [INFO]   Adding outgoing relational edge from closest_house for r_GEN_2
08:51:33 [INFO]   Generated literal ~closest_house(?X_2, ?X_4) for rule r_GEN_2
08:51:33 [INFO] 5 / 39
08:51:33 [INFO]   Adding outgoing relational edge from coordinates for r_GEN_6
08:51:33 [INFO]   Generated literal coordinates(?X_5, "addr") for rule r_GEN_6
08:51:33 [INFO] 6 / 39
08:51:33 [INFO]   Adding outgoing relational edge from coordinates_m for r_GEN_10
08:51:33 [INFO]   Generated literal coordinates_m("addr", ?X_2) for rule r_GEN_10
08:51:33 [INFO] 7 / 39
08:51:33 [INFO]   Adding outgoing relational edge from distance for r_GEN_1
08:51:33 [INFO]   Generated literal distance(?X_5, ?X_4) for rule r_GEN_1
08:51:33 [INFO] 8 / 39
08:51:33 [INFO]   Adding outgoing relational edge from endangered for r_GEN_22
08:51:33 [INFO]   Generated literal endangered(?X_1) for rule r_GEN_22
08:51:33 [INFO] 9 / 39
08:51:33 [INFO]   Adding outgoing relational edge from environmental_impact for r_GEN_11
08:51:33 [INFO]   Generated literal environmental_impact(?X_4) for rule r_GEN_11
08:51:33 [INFO] 10 / 39
08:51:33 [INFO]   Adding outgoing relational edge from locations for r_GEN_18
08:51:33 [INFO]   Generated literal locations(?X_1, ?Z_2, "Wind Turbine C") for rule r_GEN_18
08:51:33 [INFO] 11 / 39
08:51:33 [INFO]   Adding outgoing relational edge from project for r_GEN_23
08:51:33 [INFO]   Generated literal project(?Z_1) for rule r_GEN_23
08:51:33 [INFO] 12 / 39
08:51:33 [INFO]   Adding outgoing relational edge from project_approved for r_GEN_9
08:51:33 [INFO]   Generated literal project_approved(?X_2) for rule r_GEN_9
08:51:33 [INFO] 13 / 39
08:51:33 [INFO]   Adding outgoing relational edge from project_height_m for r_GEN_15
08:51:33 [INFO]   Generated literal project_height_m(?Z_4, ?X_2) for rule r_GEN_15
08:51:33 [INFO] 14 / 39
08:51:33 [INFO]   Adding outgoing relational edge from project_location for r_GEN_16
08:51:33 [INFO]   Generated literal project_location(?X_1, ?X_1, ?X_1) for rule r_GEN_16
08:51:33 [INFO] 15 / 39
08:51:33 [INFO]   Adding outgoing relational edge from project_location_m for r_GEN_8
08:51:33 [INFO]   Generated literal project_location_m(?X_4, ?X_4, ?X_1) for rule r_GEN_8
08:51:33 [INFO] 16 / 39
08:51:33 [INFO]   Adding outgoing relational edge from project_reject for r_GEN_20
08:51:33 [INFO]   Generated literal project_reject("13.704927907097524"^^<http://www.w3.org/2001/XMLSchema#double>) for rule r_GEN_20
08:51:33 [INFO] 17 / 39
08:51:33 [INFO]   Adding outgoing relational edge from project_species for r_GEN_23
08:51:33 [INFO]   Generated literal project_species(?Z_2, ?X_2) for rule r_GEN_23
08:51:33 [INFO] 18 / 39
08:51:33 [INFO]   Adding outgoing relational edge from R_1 for r_GEN_6
08:51:33 [INFO]   Generated literal ~R_1(?X_5, ?X_3, ?X_3, ?X_4) for rule r_GEN_6
08:51:33 [INFO] 19 / 39
08:51:33 [INFO]   Adding outgoing relational edge from R_2 for r_GEN_22
08:51:33 [INFO]   Generated literal R_2(?Z_2) for rule r_GEN_22
08:51:33 [INFO] 20 / 39
08:51:33 [INFO]   Adding outgoing relational edge from R_3 for r_GEN_12
08:51:33 [INFO]   Generated literal ~R_3(?X_1, ?X_1, ?X_1, ?X_3) for rule r_GEN_12
08:51:33 [INFO] 21 / 39
08:51:33 [INFO]   Adding outgoing relational edge from R_4 for r_GEN_10
08:51:33 [INFO]   Generated literal R_4(?X_2, ?X_2, ?Z_1, "50.89312291453255"^^<http://www.w3.org/2001/XMLSchema#double>, ?X_2) for rule r_GEN_10
08:51:33 [INFO] 22 / 39
08:51:33 [INFO]   Adding outgoing relational edge from R_5 for r_GEN_20
08:51:33 [INFO]   Generated literal ~R_5(?X_3, ?X_1, ?X_3, ?X_1, ?X_2, ?X_2) for rule r_GEN_20
08:51:33 [INFO] 23 / 39
08:51:33 [INFO]   Adding outgoing relational edge from R_6 for r_GEN_8
08:51:33 [INFO]   Generated literal ~R_6(?X_3, ?X_4, ?X_1, ?X_1) for rule r_GEN_8
08:51:33 [INFO] 24 / 39
08:51:33 [INFO]   Adding outgoing relational edge from R_7 for r_GEN_11
08:51:33 [INFO]   Generated literal R_7(?X_4, ?Z_1, ?X_4, ?X_4) for rule r_GEN_11
08:51:33 [INFO] 25 / 39
08:51:33 [INFO]   Adding outgoing relational edge from R_8 for r_GEN_9
08:51:33 [INFO]   Generated literal R_8(?X_3, ?X_3, ?X_2, ?X_1) for rule r_GEN_9
08:51:33 [INFO] 26 / 39
08:51:33 [INFO]   Adding outgoing relational edge from R_9 for r_GEN_18
08:51:33 [INFO]   Generated literal R_9(?X_1, ?X_1) for rule r_GEN_18
08:51:33 [INFO] 27 / 39
08:51:33 [INFO]   Adding outgoing relational edge from R_10 for r_GEN_11
08:51:33 [INFO]   Generated literal R_10(?Z_6, ?Z_7, ?X_2, ?X_2, ?X_2, ?X_6) for rule r_GEN_11
08:51:33 [INFO] 28 / 39
08:51:33 [INFO]   Adding outgoing relational edge from R_11 for r_GEN_13
08:51:33 [INFO]   Generated literal R_11(?Y_1, ?Y_1, "Wind Turbine C", "Wind Turbine A", ?Z_1, ?Y_1) for rule r_GEN_13
08:51:33 [INFO] 29 / 39
08:51:33 [INFO]   Adding outgoing relational edge from R_12 for r_GEN_23
08:51:33 [INFO]   Generated literal R_12(?X_1) for rule r_GEN_23
08:51:33 [INFO] 30 / 39
08:51:33 [INFO]   Adding outgoing relational edge from R_13 for r_GEN_8
08:51:33 [INFO]   Generated literal R_13(?X_4) for rule r_GEN_8
08:51:33 [INFO] 31 / 39
08:51:33 [INFO]   Adding outgoing relational edge from R_14 for r_GEN_6
08:51:33 [INFO]   Generated literal ~R_14(?X_5, ?X_6, ?X_3, ?X_4, ?X_3) for rule r_GEN_6
08:51:33 [INFO] 32 / 39
08:51:33 [INFO]   Adding outgoing relational edge from R_15 for r_GEN_3
08:51:33 [INFO]   Generated literal ~R_15(?X_1, "Wind Turbine B") for rule r_GEN_3
08:51:33 [INFO] 33 / 39
08:51:33 [INFO]   Adding outgoing relational edge from R_16 for r_GEN_20
08:51:33 [INFO]   Generated literal R_16(?Z_2, ?X_3, ?X_3, ?X_2) for rule r_GEN_20
08:51:33 [INFO] 34 / 39
08:51:33 [INFO]   Adding outgoing relational edge from R_17 for r_GEN_20
08:51:33 [INFO]   Generated literal R_17(?X_3, ?X_1) for rule r_GEN_20
08:51:33 [INFO] 35 / 39
08:51:33 [INFO]   Adding outgoing relational edge from R_18 for r_GEN_11
08:51:33 [INFO]   Generated literal R_18(?X_2, ?X_4, ?X_4, "Feldsperling", ?X_4, ?X_5) for rule r_GEN_11
08:51:33 [INFO] 36 / 39
08:51:33 [INFO]   Adding outgoing relational edge from R_19 for r_GEN_23
08:51:33 [INFO]   Generated literal ~R_19(?X_2, "13.69510396381167"^^<http://www.w3.org/2001/XMLSchema#double>, ?X_1, ?X_2) for rule r_GEN_23
08:51:33 [INFO] 37 / 39
08:51:33 [INFO]   Adding outgoing relational edge from R_20 for r_GEN_9
08:51:33 [INFO]   Generated literal R_20(?X_2, ?X_3) for rule r_GEN_9
08:51:33 [INFO] 38 / 39
08:51:33 [INFO]   Adding outgoing relational edge from R_21 for r_GEN_19
08:51:33 [INFO]   Generated literal R_21(?X_3, ?X_2, ?X_6) for rule r_GEN_19
08:51:33 [INFO] 39 / 39
08:51:33 [INFO]   Adding outgoing relational edge from R_22 for r_GEN_1
08:51:33 [INFO]   Generated literal R_22(?X_4, ?X_3) for rule r_GEN_1
08:51:33 [INFO] 
08:51:33 [INFO] Adding gen. size facts
08:51:33 [INFO] 
08:51:33 [INFO] 1 / 23
08:51:33 [INFO]   II Add Fact Node and Edge
08:51:33 [INFO]   Added new fact R_18(8796525374109451718, "Wind Turbine B", "Wind Turbine A", "Feldsperling", c_1, "str_1").
08:51:33 [INFO] 2 / 23
08:51:33 [INFO]   II Add Fact Node and Edge
08:51:33 [INFO]   Added new fact R_OUT("50.89312291453255"^^<http://www.w3.org/2001/XMLSchema#double>, "str_2", "str_3", "str_2", "3.14159"^^<http://www.w3.org/2001/XMLSchema#double>, "Feldsperling").
08:51:33 [INFO] 3 / 23
08:51:33 [INFO]   II Add Fact Node and Edge
08:51:33 [INFO]   Added new fact R_5("Rotmilan", "13.69510396381167"^^<http://www.w3.org/2001/XMLSchema#double>, "str_4", "Wind Turbine A", "Wind Turbine C", 10066464750491489774).
08:51:33 [INFO] 4 / 23
08:51:33 [INFO]   II Add Fact Node and Edge
08:51:33 [INFO]   Added new fact R_9(c_2, c_3).
08:51:33 [INFO] 5 / 23
08:51:33 [INFO]   II Add Fact Node and Edge
08:51:33 [INFO]   Added new fact R_19("Wind Turbine B", c_4, "Wind Turbine B", "str_5").
08:51:33 [INFO] 6 / 23
08:51:33 [INFO]   II Add Fact Node and Edge
08:51:33 [INFO]   Added new fact R_5("50.89816338631804"^^<http://www.w3.org/2001/XMLSchema#double>, c_5, c_6, "str_6", c_5, "Wind Turbine C").
08:51:33 [INFO] 7 / 23
08:51:33 [INFO]   II Add Fact Node and Edge
08:51:33 [INFO]   Added new fact R_16("true"^^<http://www.w3.org/2001/XMLSchema#boolean>, "Mauersegler", 8347292480799569851, c_7).
08:51:33 [INFO] 8 / 23
08:51:33 [INFO]   II Add Fact Node and Edge
08:51:33 [INFO]   Added new fact R_2(c_8).
08:51:33 [INFO] 9 / 23
08:51:33 [INFO]   II Add Fact Node and Edge
08:51:33 [INFO]   Added new fact R_7(8347292480799569851, c_9, "Wind Turbine C", c_10).
08:51:33 [INFO] 10 / 23
08:51:33 [INFO]   II Add Fact Node and Edge
08:51:33 [INFO]   Added new fact R_22(c_5, "Wind Turbine A").
08:51:33 [INFO] 11 / 23
08:51:33 [INFO]   II Add Fact Node and Edge
08:51:33 [INFO]   Added new fact R_5(2688570752260900016, c_4, "50.89816338631804"^^<http://www.w3.org/2001/XMLSchema#double>, "str_7", c_11, 4280089535099092791).
08:51:33 [INFO] 12 / 23
08:51:33 [INFO]   II Add Fact Node and Edge
08:51:33 [INFO]   Added new fact R_9(c_2, c_12).
08:51:33 [INFO] 13 / 23
08:51:33 [INFO]   II Add Fact Node and Edge
08:51:33 [INFO]   Added new fact R_1(c_13, c_14, 16602765275248386728, c_15).
08:51:33 [INFO] 14 / 23
08:51:33 [INFO]   II Add Fact Node and Edge
08:51:33 [INFO]   Added new fact R_17(8347292480799569851, 17488543949180998464).
08:51:33 [INFO] 15 / 23
08:51:33 [INFO]   II Add Fact Node and Edge
08:51:33 [INFO]   Added new fact R_21("str_8", c_16, "str_5").
08:51:33 [INFO] 16 / 23
08:51:33 [INFO]   II Add Fact Node and Edge
08:51:33 [INFO]   Added new fact R_19(6894486871167901990, c_17, 13146544509588967171, "str_9").
08:51:33 [INFO] 17 / 23
08:51:33 [INFO]   II Add Fact Node and Edge
08:51:33 [INFO]   Added new fact R_15("Rotmilan", "Wind Turbine B").
08:51:33 [INFO] 18 / 23
08:51:33 [INFO]   II Add Fact Node and Edge
08:51:33 [INFO]   Added new fact R_19(3620244885284113009, "str_10", "str_11", "str_12").
08:51:33 [INFO] 19 / 23
08:51:33 [INFO]   II Add Fact Node and Edge
08:51:33 [INFO]   Added new fact R_15(c_18, "str_8").
08:51:33 [INFO] 20 / 23
08:51:33 [INFO]   II Add Fact Node and Edge
08:51:33 [INFO]   Added new fact R_5(15874488879906979084, 8347292480799569851, c_19, c_20, 6894486871167901990, "3.14159"^^<http://www.w3.org/2001/XMLSchema#double>).
08:51:33 [INFO] 21 / 23
08:51:33 [INFO]   II Add Fact Node and Edge
08:51:33 [INFO]   Added new fact R_6(c_21, 2703466947559660156, 10066464750491489774, 10066464750491489774).
08:51:33 [INFO] 22 / 23
08:51:33 [INFO]   II Add Fact Node and Edge
08:51:33 [INFO]   Added new fact R_20(9392841474022014027, c_22).
08:51:33 [INFO] 23 / 23
08:51:33 [INFO]   II Add Fact Node and Edge
08:51:33 [INFO]   Added new fact R_12(c_23).
08:51:33 [INFO] 
08:51:33 [INFO] ----------------------------------------------
08:51:33 [INFO] ----------- Program Generation Done ----------
08:51:33 [INFO] ----------------------------------------------
08:51:33 [INFO] 
08:51:33 [INFO] ----------- Generated ADG Summary: -----------
08:51:33 [INFO] ADG Fact Nodes:                  23
08:51:33 [INFO] ADG Relational Nodes:            40
08:51:33 [INFO] ADG Fact Edges:                  23
08:51:33 [INFO] ADG Relational Edges:            81
08:51:33 [INFO] Number of inv. Strata:           4
08:51:33 [INFO] 
08:51:33 [INFO] Nodes with None Ancestry:        0
08:51:33 [INFO] Nodes with Positive Ancestry:    18
08:51:33 [INFO] Nodes with Negative Ancestry:    11
08:51:33 [INFO] Nodes with Unknown Ancestry:     11
08:51:33 [INFO] 
08:51:33 [INFO] Next rule name would be:         r_EQU_24
08:51:33 [INFO] Next predicate name would be:    R_23
08:51:33 [INFO] Next constant name would be:     c_24
08:51:33 [INFO] Next string would be:            "str_13"
08:51:33 [INFO] 
08:51:33 [INFO] Output predicate:                R_OUT
08:51:33 [INFO] Generated rule count:            23
08:51:33 [INFO] Rule count:                      32
08:51:33 [INFO] Average rel. arity:              2.825
08:51:33 [INFO] Arity calc. may be inaccurate if arity > f64
08:51:33 [INFO] ----------------------------------------------
08:51:33 [INFO] 
08:51:33 [INFO] ------ Performed Gen. Transformations: -------
08:51:33 [INFO]  #      Type
08:51:33 [INFO]  23      Generate New Rule with Probably Single Lit
08:51:33 [INFO]  39      Generating an Outgoing Relational Edge
08:51:33 [INFO]  22      I     Add Relational Node
08:51:33 [INFO]  23      II    Add Fact Node and Edge
08:51:33 [INFO] ----------------------------------------------
08:51:33 [INFO] 
08:51:33 [INFO] Storing input ADG and input program
08:51:33 [INFO] 
08:51:33 [INFO] ----------------------------------------------
08:51:33 [INFO] --------- Beginning Transformations ----------
08:51:33 [INFO] --------  Oracle: EQU    Number: 61
08:51:33 [INFO] ----------------------------------------------
08:51:33 [INFO] 1 / 61
08:51:33 [INFO]   I Add Relational Node
08:51:33 [INFO]   Added new relation R_25
08:51:33 [INFO] 2 / 61
08:51:33 [INFO]   XI Add Contradictory Rule
08:51:33 [INFO]   Assigned relation R_25 the artiy 5
08:51:33 [INFO]   Added new contradictory rule of name r_EQU_26
08:51:33 [INFO]   R_15(?X_2, ?X_1) :- R_25(?X_2, ?X_2, ?X_1, ?X_1, c_7), ~R_25(?X_2, ?X_2, ?X_1, ?X_1, c_7) .
08:51:33 [INFO] 3 / 61
08:51:33 [INFO]   I Add Relational Node
08:51:33 [INFO]   Added new relation R_26
08:51:33 [INFO] 4 / 61
08:51:33 [INFO]   XI Add Contradictory Rule
08:51:33 [INFO]   Added new contradictory rule of name r_EQU_27
08:51:33 [INFO]   R_18(?X_5, ?X_6, ?X_3, "true"^^<http://www.w3.org/2001/XMLSchema#boolean>, ?X_2, ?X_1) :- CIRC_EARTH(?X_5), CIRC_EARTH(?X_6), CIRC_EARTH(?X_3), CIRC_EARTH("true"^^<http://www.w3.org/2001/XMLSchema#boolean>), CIRC_EARTH(?X_2), CIRC_EARTH(?X_1), ~CIRC_EARTH(?X_5) .
08:51:33 [INFO] 5 / 61
08:51:33 [INFO]   XI Add Contradictory Rule
08:51:33 [INFO]   Added new contradictory rule of name r_EQU_28
08:51:33 [INFO]   R_1(?X_2, ?X_3, ?X_1, c_17) :- project_reject(?X_2), project_reject(?X_3), project_reject(?X_1), project_reject(c_17), ~project_reject(?X_2) .
08:51:33 [INFO] 6 / 61
08:51:33 [INFO]   XI Add Contradictory Rule
08:51:33 [INFO]   Added new contradictory rule of name r_EQU_29
08:51:33 [INFO]   R_9(?X_1, ?X_1) :- environmental_impact(?X_1), environmental_impact(?X_1), ~environmental_impact(?X_1) .
08:51:33 [INFO] 7 / 61
08:51:33 [INFO]   XI Add Contradictory Rule
08:51:33 [INFO]   Added new contradictory rule of name r_EQU_30
08:51:33 [INFO]   R_10(?X_5, ?X_6, ?X_4, ?X_1, ?X_3, ?X_2) :- R_8(?X_5, ?Y_2, ?X_4, ?X_6), R_8(?X_3, ?X_2, ?X_6, ?X_1), ~R_8(?X_5, ?Y_2, ?X_4, ?X_6) .
08:51:33 [INFO] 8 / 61
08:51:33 [INFO]   I Add Relational Node
08:51:33 [INFO]   Added new relation R_27
08:51:33 [INFO] 9 / 61
08:51:33 [INFO]   XI Add Contradictory Rule
08:51:33 [INFO]   Added new contradictory rule of name r_EQU_31
08:51:33 [INFO]   R_13(?X_1) :- project_species(?X_1, ?X_1), ~project_species(?X_1, ?X_1) .
08:51:33 [INFO] 10 / 61
08:51:33 [INFO]   I Add Relational Node
08:51:33 [INFO]   Added new relation R_28
08:51:33 [INFO] 11 / 61
08:51:33 [INFO]   I Add Relational Node
08:51:33 [INFO]   Added new relation R_29
08:51:33 [INFO] 12 / 61
08:51:33 [INFO]   XI Add Contradictory Rule
08:51:33 [INFO]   Added new contradictory rule of name r_EQU_32
08:51:33 [INFO]   R_11(?X_4, ?X_1, ?X_2, "Wind Turbine C", ?X_6, ?X_3) :- TRUE(?X_4), TRUE(?X_1), TRUE(?X_2), TRUE("Wind Turbine C"), TRUE(?X_6), TRUE(?X_3), ~TRUE(?X_4) .
08:51:33 [INFO] 13 / 61
08:51:33 [INFO]   I Add Relational Node
08:51:33 [INFO]   Added new relation R_30
08:51:33 [INFO] 14 / 61
08:51:33 [INFO]   XI Add Contradictory Rule
08:51:33 [INFO]   Added new contradictory rule of name r_EQU_33
08:51:33 [INFO]   R_9("Wind Turbine A", ?X_2) :- R_16("Wind Turbine A", ?X_2, ?X_2, 60), ~R_16("Wind Turbine A", ?X_2, ?X_2, 60) .
08:51:33 [INFO] 15 / 61
08:51:33 [INFO]   I Add Relational Node
08:51:33 [INFO]   Added new relation R_31
08:51:33 [INFO] 16 / 61
08:51:33 [INFO]   XI Add Contradictory Rule
08:51:33 [INFO]   Assigned relation R_30 the artiy 2
08:51:33 [INFO]   Assigned relation R_28 the artiy 5
08:51:33 [INFO]   Added new contradictory rule of name r_EQU_34
08:51:33 [INFO]   R_30(?X_1, ?X_2) :- R_28(10066464750491489774, ?X_2, ?X_1, ?X_2, ?X_1), ~R_28(10066464750491489774, ?X_2, ?X_1, ?X_2, ?X_1) .
08:51:33 [INFO] 17 / 61
08:51:33 [INFO]   Xa Remove Relational Node - Rule Variant
08:51:33 [INFO]   Removing relational node R_30
08:51:33 [INFO]   Removing the Rule of the name r_EQU_34
08:51:33 [INFO]   Removing at least 2 relational edges.
08:51:33 [INFO] 18 / 61
08:51:33 [INFO]   Xa Remove Relational Node - Rule Variant
08:51:33 [INFO]   Removing relational node R_28
08:51:33 [INFO]   Removing at least 0 relational edges.
08:51:33 [INFO] 19 / 61
08:51:33 [INFO]   XI Add Contradictory Rule
08:51:33 [INFO]   Added new contradictory rule of name r_EQU_35
08:51:33 [INFO]   R_16(?X_3, c_15, ?X_2, ?X_4) :- coordinates_m(?X_3, c_15), coordinates_m(?X_2, ?X_4), ~coordinates_m(?X_3, c_15) .
08:51:33 [INFO] 20 / 61
08:51:33 [INFO]   XI Add Contradictory Rule
08:51:33 [INFO]   Added new contradictory rule of name r_EQU_36
08:51:33 [INFO]   R_7(?X_3, ?X_3, ?X_4, ?X_2) :- R_19(?X_3, ?X_3, ?X_4, ?X_2), ~R_19(?X_3, ?X_3, ?X_4, ?X_2) .
08:51:33 [INFO] 21 / 61
08:51:33 [INFO]   XI Add Contradictory Rule
08:51:33 [INFO]   Added new contradictory rule of name r_EQU_37
08:51:33 [INFO]   R_20(?X_1, 10066464750491489774) :- R_25(?X_1, 10066464750491489774, ?Y_1, 10066464750491489774, ?X_1), ~R_25(?X_1, 10066464750491489774, ?Y_1, 10066464750491489774, ?X_1) .
08:51:33 [INFO] 22 / 61
08:51:33 [INFO]   I Add Relational Node
08:51:33 [INFO]   Added new relation R_32
08:51:33 [INFO] 23 / 61
08:51:33 [INFO]   I Add Relational Node
08:51:33 [INFO]   Added new relation R_33
08:51:33 [INFO] 24 / 61
08:51:33 [INFO]   XI Add Contradictory Rule
08:51:33 [INFO]   Assigned relation R_33 the artiy 6
08:51:33 [INFO]   Assigned relation R_31 the artiy 1
08:51:33 [INFO]   Added new contradictory rule of name r_EQU_38
08:51:33 [INFO]   R_33(?X_2, "Wind Turbine C", ?X_4, ?X_5, ?X_1, ?X_6) :- R_31(?X_2), R_31("Wind Turbine C"), R_31(?X_4), R_31(?X_5), R_31(?X_1), R_31(?X_6), ~R_31(?X_2) .
08:51:33 [INFO] 25 / 61
08:51:33 [INFO]   Xa Remove Relational Node - Rule Variant
08:51:33 [INFO]   Removing relational node R_31
08:51:33 [INFO]   Removing the Rule of the name r_EQU_38
08:51:33 [INFO]   Removing at least 7 relational edges.
08:51:33 [INFO] 26 / 61
08:51:33 [INFO]   Xa Remove Relational Node - Rule Variant
08:51:33 [INFO]   Removing relational node R_33
08:51:33 [INFO]   Removing at least 0 relational edges.
08:51:33 [INFO] 27 / 61
08:51:33 [INFO]   XI Add Contradictory Rule
08:51:33 [INFO]   Added new contradictory rule of name r_EQU_39
08:51:33 [INFO]   R_19(?X_4, ?X_3, ?X_1, c_2) :- CIRC_EARTH(?X_4), CIRC_EARTH(?X_3), CIRC_EARTH(?X_1), CIRC_EARTH(c_2), ~CIRC_EARTH(?X_4) .
08:51:33 [INFO] 28 / 61
08:51:33 [INFO]   XI Add Contradictory Rule
08:51:33 [INFO]   Added new contradictory rule of name r_EQU_40
08:51:33 [INFO]   R_12("Feldsperling") :- R_16(c_10, ?Y_1, "Feldsperling", ?Y_1), ~R_16(c_10, ?Y_1, "Feldsperling", ?Y_1) .
08:51:33 [INFO] 29 / 61
08:51:33 [INFO]   XI Add Contradictory Rule
08:51:33 [INFO]   Added new contradictory rule of name r_EQU_41
08:51:33 [INFO]   R_6(?X_2, ?X_1, ?X_4, "true"^^<http://www.w3.org/2001/XMLSchema#boolean>) :- R_5(?X_2, ?X_1, "true"^^<http://www.w3.org/2001/XMLSchema#boolean>, "true"^^<http://www.w3.org/2001/XMLSchema#boolean>, ?X_4, ?Y_1), ~R_5(?X_2, ?X_1, "true"^^<http://www.w3.org/2001/XMLSchema#boolean>, "true"^^<http://www.w3.org/2001/XMLSchema#boolean>, ?X_4, ?Y_1) .
08:51:33 [INFO] 30 / 61
08:51:33 [INFO]   XI Add Contradictory Rule
08:51:33 [INFO]   Added new contradictory rule of name r_EQU_42
08:51:33 [INFO]   R_10(?X_3, ?X_3, ?X_2, ?X_4, ?X_1, ?X_6) :- R_17(?X_3, ?X_3), R_17(?X_2, ?X_4), R_17(?X_1, ?X_6), ~R_17(?X_3, ?X_3) .
08:51:33 [INFO] 31 / 61
08:51:33 [INFO]   I Add Relational Node
08:51:33 [INFO]   Added new relation R_34
08:51:33 [INFO] 32 / 61
08:51:33 [INFO]   I Add Relational Node
08:51:33 [INFO]   Added new relation R_35
08:51:33 [INFO] 33 / 61
08:51:33 [INFO]   XI Add Contradictory Rule
08:51:33 [INFO]   Added new contradictory rule of name r_EQU_43
08:51:33 [INFO]   R_19(?X_1, ?X_4, ?X_3, ?X_2) :- project_reject(?X_1), project_reject(?X_4), project_reject(?X_3), project_reject(?X_2), ~project_reject(?X_1) .
08:51:33 [INFO] 34 / 61
08:51:33 [INFO]   I Add Relational Node
08:51:33 [INFO]   Added new relation R_36
08:51:33 [INFO] 35 / 61
08:51:33 [INFO]   XI Add Contradictory Rule
08:51:33 [INFO]   Added new contradictory rule of name r_EQU_44
08:51:33 [INFO]   R_8(?X_1, ?X_3, ?X_2, "str_8") :- R_19(?X_1, ?X_3, ?X_2, "str_8"), ~R_19(?X_1, ?X_3, ?X_2, "str_8") .
08:51:33 [INFO] 36 / 61
08:51:33 [INFO]   XI Add Contradictory Rule
08:51:33 [INFO]   Assigned relation R_35 the artiy 6
08:51:33 [INFO]   Assigned relation R_32 the artiy 5
08:51:33 [INFO]   Added new contradictory rule of name r_EQU_45
08:51:33 [INFO]   R_35(?X_5, ?X_1, ?X_3, "50.90297432498729"^^<http://www.w3.org/2001/XMLSchema#double>, ?X_6, ?X_1) :- R_32(?X_5, ?X_3, ?X_3, "50.90297432498729"^^<http://www.w3.org/2001/XMLSchema#double>, ?X_6), R_32(?X_3, 3620244885284113009, ?X_1, ?X_1, ?X_1), ~R_32(?X_5, ?X_3, ?X_3, "50.90297432498729"^^<http://www.w3.org/2001/XMLSchema#double>, ?X_6) .
08:51:33 [INFO] 37 / 61
08:51:33 [INFO]   II Add Fact Node and Edge
08:51:33 [INFO]   Added new fact R_32(c_21, 5406718732577044007, 5538959359160428209, c_26, "Wind Turbine C").
08:51:33 [INFO] 38 / 61
08:51:33 [INFO]   II Add Fact Node and Edge
08:51:33 [INFO]   Added new fact R_32(c_27, "str_2", "Wind Turbine C", "str_12", 9392841474022014027).
08:51:33 [INFO] 39 / 61
08:51:33 [INFO]   VIII Modify Rule - Remove Equality
08:51:33 [INFO]   Replaced a random number of var X_3 with var X_3_new_1 in the rule r_EQU_45
08:51:33 [INFO] 40 / 61
08:51:33 [INFO]   IV Add Relational Edge - New Literal
08:51:33 [INFO]   Generated literal ~R_1(?X_5, ?X_3, ?X_1, 5538959359160428209) for rule r_EQU_45
08:51:33 [INFO] 41 / 61
08:51:33 [INFO]   I Add Relational Node
08:51:33 [INFO]   Added new relation R_37
08:51:33 [INFO] 42 / 61
08:51:33 [INFO]   II Add Fact Node and Edge
08:51:33 [INFO]   Added new fact R_35("str_15", "str_4", c_28, c_25, c_29, c_30).
08:51:33 [INFO] 43 / 61
08:51:33 [INFO]   III Add Relational edges - New Rule
08:51:33 [INFO]   Assigned relation R_34 the artiy 1
08:51:33 [INFO]   Assigned relation R_26 the artiy 1
08:51:33 [INFO]   Added new rule of name r_EQU_46
08:51:33 [INFO]   R_35(?X_5, ?X_2, ?X_4, c_5, ?X_3, ?X_1) :- coordinates_m(?X_5, ?Y_1), R_34(?X_4), R_1(c_5, ?X_3, ?X_1, ?X_2), R_26(?X_1), R_12(?X_4) .
08:51:33 [INFO] 44 / 61
08:51:33 [INFO]   Xa Remove Relational Node - Rule Variant
08:51:33 [INFO]   Removing relational node R_32
08:51:33 [INFO]   Removing the Rule of the name r_EQU_45
08:51:33 [INFO]   Removing at least 4 relational edges.
08:51:33 [INFO] 45 / 61
08:51:33 [INFO]   IV Add Relational Edge - New Literal
08:51:33 [INFO]   Generated literal R_18(?X_5, ?X_5, ?X_2, ?Z_4, ?Z_1, ?X_4) for rule r_EQU_46
08:51:33 [INFO] 46 / 61
08:51:33 [INFO]   III Add Relational edges - New Rule
08:51:33 [INFO]   Added new rule of name r_EQU_47
08:51:33 [INFO]   R_35(?X_2, ?X_6, ?X_4, ?X_1, ?X_5, ?X_5) :- project_height_m(?X_2, ?X_6), project_height_m(?X_4, ?X_1), project_height_m(?X_5, ?X_5), ~R_21(?X_5, c_12, ?X_4), ~R_15(c_12, ?X_6), ~R_6(c_12, ?X_1, ?X_1, c_12), ~R_4(?X_4, ?X_5, ?X_5, ?X_6, ?X_6) .
08:51:33 [INFO] 47 / 61
08:51:33 [INFO]   XI Add Contradictory Rule
08:51:33 [INFO]   Added new contradictory rule of name r_EQU_48
08:51:33 [INFO]   R_21(c_15, ?X_2, ?X_3) :- R_20(?X_3, ?X_2), R_20(?X_3, c_15), ~R_20(?X_3, ?X_2) .
08:51:33 [INFO] 48 / 61
08:51:33 [INFO]   XI Add Contradictory Rule
08:51:33 [INFO]   Added new contradictory rule of name r_EQU_49
08:51:33 [INFO]   R_13(c_11) :- R_17(c_11, c_11), ~R_17(c_11, c_11) .
08:51:33 [INFO] 49 / 61
08:51:33 [INFO]   V Remove Relational Edges - Whole Rule
08:51:33 [INFO]   Removing the Rule of the name r_EQU_47
08:51:33 [INFO] 50 / 61
08:51:33 [INFO]   VII Modify Rule - Add Equality
08:51:33 [INFO]   Replaced var ?Y_1 with var ?X_5 in the rule r_EQU_46
08:51:33 [INFO] 51 / 61
08:51:33 [INFO]   III Add Relational edges - New Rule
08:51:33 [INFO]   Added new rule of name r_EQU_50
08:51:33 [INFO]   R_34(?X_1) :- project(?X_1), R_35(?X_1, ?Y_1, "Wind Turbine B", ?Y_1, ?X_1, "Wind Turbine B"), R_4(?X_1, ?X_1, ?Y_1, ?X_1, ?Y_1), project_species(?X_1, ?X_1) .
08:51:33 [INFO] 52 / 61
08:51:33 [INFO]   VII Modify Rule - Add Equality
08:51:33 [INFO]   Replaced var ?X_1 with var ?X_2 in the rule r_EQU_46
08:51:33 [INFO] 53 / 61
08:51:33 [INFO]   I Add Relational Node
08:51:33 [INFO]   Added new relation R_38
08:51:33 [INFO] 54 / 61
08:51:33 [INFO]   VIII Modify Rule - Remove Equality
08:51:33 [INFO]   Replaced a random number of var X_2 with var X_2_new_1 in the rule r_EQU_46
08:51:33 [INFO] 55 / 61
08:51:33 [INFO]   VIII Modify Rule - Remove Equality
08:51:33 [INFO]   Replaced a random number of var X_4 with var X_4_new_1 in the rule r_EQU_46
08:51:33 [INFO] 56 / 61
08:51:33 [INFO]   VII Modify Rule - Add Equality
08:51:33 [INFO]   Replaced var ?X_3 with var ?X_2_new_1 in the rule r_EQU_46
08:51:33 [INFO] 57 / 61
08:51:33 [INFO]   I Add Relational Node
08:51:33 [INFO]   Added new relation R_39
08:51:33 [INFO] 58 / 61
08:51:33 [INFO]   VIII Modify Rule - Remove Equality
08:51:33 [INFO]   Replaced a random number of var X_1 with var X_1_new_1 in the rule r_EQU_50
08:51:33 [INFO] 59 / 61
08:51:33 [INFO]   XI Add Contradictory Rule
08:51:33 [INFO]   Added new contradictory rule of name r_EQU_51
08:51:33 [INFO]   R_16(?X_4, ?X_2, ?X_4, ?X_3) :- project_location_m(?X_4, ?X_2, ?X_4), project_location_m(?X_3, ?X_2, ?X_2), ~project_location_m(?X_4, ?X_2, ?X_4) .
08:51:33 [INFO] 60 / 61
08:51:33 [INFO]   I Add Relational Node
08:51:33 [INFO]   Added new relation R_40
08:51:33 [INFO] 61 / 61
08:51:33 [INFO]   XI Add Contradictory Rule
08:51:33 [INFO]   Assigned relation R_36 the artiy 2
08:51:33 [INFO]   Added new contradictory rule of name r_EQU_52
08:51:33 [INFO]   R_5("Wind Turbine B", ?X_3, ?X_2, ?X_2, ?X_6, ?X_5) :- R_36("Wind Turbine B", ?X_3), R_36(?X_2, ?X_2), R_36(?X_6, ?X_5), ~R_36("Wind Turbine B", ?X_3) .
08:51:33 [INFO] ----------------------------------------------
08:51:33 [INFO] ------------ Transformations Done ------------
08:51:33 [INFO] ----------------------------------------------
08:51:33 [INFO]  Ressources required: 
                data/endangered.csv
                data/locations.csv
                
08:51:33 [INFO] ---------- Transformed ADG Summary: ----------
08:51:33 [INFO] ADG Fact Nodes:                  24
08:51:33 [INFO] ADG Relational Nodes:            51
08:51:33 [INFO] ADG Fact Edges:                  24
08:51:33 [INFO] ADG Relational Edges:            161
08:51:33 [INFO] Number of inv. Strata:           5
08:51:33 [INFO] 
08:51:33 [INFO] Nodes with None Ancestry:        3
08:51:33 [INFO] Nodes with Positive Ancestry:    12
08:51:33 [INFO] Nodes with Negative Ancestry:    2
08:51:33 [INFO] Nodes with Unknown Ancestry:     28
08:51:33 [INFO] 
08:51:33 [INFO] Next rule name would be:         r_EQU_53
08:51:33 [INFO] Next predicate name would be:    R_41
08:51:33 [INFO] Next constant name would be:     c_31
08:51:33 [INFO] Next string would be:            "str_16"
08:51:33 [INFO] 
08:51:33 [INFO] Output predicate:                R_OUT
08:51:33 [INFO] Rule count:                      55
08:51:33 [INFO] Average rel. arity:              2.891304347826087
08:51:33 [INFO] Arity calc. may be inaccurate if arity > f64
08:51:33 [INFO] ----------------------------------------------
08:51:33 [INFO] 
08:51:33 [INFO] --------- Performed Transformations: ---------
08:51:33 [INFO]  #      Type
08:51:33 [INFO]  160      Failed Transformation Attempts
08:51:33 [INFO]  16      I     Add Relational Node
08:51:33 [INFO]  3      II    Add Fact Node and Edge
08:51:33 [INFO]  3      III   Add Relational edges - New Rule
08:51:33 [INFO]  2      IV    Add Relational Edge - New Literal
08:51:33 [INFO]  0      IX    Remove Fact Node and Edge
08:51:33 [INFO]  1      V     Remove Relational Edges - Whole Rule
08:51:33 [INFO]  0      VI    Remove Relational Edge - Single Literal
08:51:33 [INFO]  3      VII   Modify Rule - Add Equality
08:51:33 [INFO]  4      VIII  Modify Rule - Remove Equality
08:51:33 [INFO]  24      XI   Add Contradictory Rule
08:51:33 [INFO]  5      Xa     Remove Relational Node Rule Variant - None anc only
08:51:33 [INFO] ----------------------------------------------
08:51:33 [INFO] 
08:51:33 [INFO] Writing output ADG and file.
08:51:33 [INFO] 
08:51:33 [INFO] ----------------------------------------------
08:51:33 [INFO] -- Beginning Nemo Execution - Input Program --
08:51:33 [INFO] ----------------------------------------------
08:51:33 [INFO] Stratified program: [[0, 1, 2, 3, 4, 5, 6, 9, 10, 12, 13, 14, 16, 17, 20], [7, 8, 19, 21, 29], [15], [24], [11, 26], [18, 22, 23, 25, 27, 28, 30, 31]]
08:51:33 [INFO] Loading source SimpleTable { arity: 6, data: [AnyDataValue(Double(DoubleDataValue(50.89312291453255))), AnyDataValue(PlainString(StringDataValue("str_2"))), AnyDataValue(PlainString(StringDataValue("str_3"))), AnyDataValue(PlainString(StringDataValue("str_2"))), AnyDataValue(Double(DoubleDataValue(3.14159))), AnyDataValue(PlainString(StringDataValue("Feldsperling")))] }
08:51:33 [INFO] Execution step: Combining Tables
08:51:33 [INFO] Saved permanent table R_OUT (0-1) Permutation { idx_to_val: [], val_to_idx: [] } with 1 entries (20720)
08:51:33 [INFO] <<< STEP 1: APPLYING RULE 0 coordinates(?longitude, ?latitude) :- locations(?longitude, ?latitude, ?tag), TRUE(?_BODY_1), Equal(?_BODY_1, StringContains(?tag, "addr")) >>>
08:51:33 [INFO] Loading source DsvReader { read: "<unspecified std::io::Read>", delimiter: 44, escape: None, value formats: DsvValueFormats([Double, Double, Skip, Skip, Skip, Skip, Skip, Skip, Skip, Skip, Skip, Skip, String]) }
08:51:33 [INFO] Starting data import
08:51:33 [INFO] Finished import: processed 782 lines (dropped 1)
08:51:33 [INFO] Loading source SimpleTable { arity: 1, data: [AnyDataValue(Boolean(BooleanDataValue(true)))] }
08:51:33 [INFO] Execution step: Body
08:51:33 [INFO] Saved temporary table: 122 entries (9140)
08:51:33 [INFO] Execution step: Duplicate Elimination (Datalog)
08:51:33 [INFO] Saved permanent table coordinates (1) Permutation { idx_to_val: [], val_to_idx: [] } with 122 entries (9188)
08:51:33 [INFO] Rule duration: 5 ms
08:51:33 [INFO] <<< STEP 2: APPLYING RULE 0 coordinates(?longitude, ?latitude) :- locations(?longitude, ?latitude, ?tag), TRUE(?_BODY_1), Equal(?_BODY_1, StringContains(?tag, "addr")) >>>
08:51:33 [INFO] Execution step: Body
08:51:33 [INFO] Trie does not contain any elements
08:51:33 [INFO] Execution step: Duplicate Elimination (Datalog)
08:51:33 [INFO] Trie does not contain any elements
08:51:33 [INFO] Rule duration: 0 ms
08:51:33 [INFO] <<< STEP 3: APPLYING RULE 1 coordinates_m(?Xm, ?Ym) :- coordinates(?longitude, ?latitude), PI(?PI), CIRC_EARTH(?earth), Equal(?Xm, NumericDivision(NumericProduct(NumericProduct(?longitude, ?earth), NumericCosine(NumericProduct(NumericDivision(?latitude, "180"^^<http://www.w3.org/2001/XMLSchema#double>), ?PI))), "360"^^<http://www.w3.org/2001/XMLSchema#double>)), Equal(?Ym, NumericProduct(?latitude, NumericDivision(?earth, "360"^^<http://www.w3.org/2001/XMLSchema#double>))) >>>
08:51:33 [INFO] Loading source SimpleTable { arity: 1, data: [AnyDataValue(Double(DoubleDataValue(3.14159)))] }
08:51:33 [INFO] Loading source SimpleTable { arity: 1, data: [AnyDataValue(Double(DoubleDataValue(40075000.0)))] }
08:51:33 [INFO] Execution step: Body
08:51:33 [INFO] Saved temporary table: 122 entries (9140)
08:51:33 [INFO] Execution step: Duplicate Elimination (Datalog)
08:51:33 [INFO] Saved permanent table coordinates_m (3) Permutation { idx_to_val: [], val_to_idx: [] } with 122 entries (9188)
08:51:33 [INFO] Rule duration: 0 ms
08:51:33 [INFO] <<< STEP 4: APPLYING RULE 1 coordinates_m(?Xm, ?Ym) :- coordinates(?longitude, ?latitude), PI(?PI), CIRC_EARTH(?earth), Equal(?Xm, NumericDivision(NumericProduct(NumericProduct(?longitude, ?earth), NumericCosine(NumericProduct(NumericDivision(?latitude, "180"^^<http://www.w3.org/2001/XMLSchema#double>), ?PI))), "360"^^<http://www.w3.org/2001/XMLSchema#double>)), Equal(?Ym, NumericProduct(?latitude, NumericDivision(?earth, "360"^^<http://www.w3.org/2001/XMLSchema#double>))) >>>
08:51:33 [INFO] Execution step: Body
08:51:33 [INFO] Trie does not contain any elements
08:51:33 [INFO] Execution step: Duplicate Elimination (Datalog)
08:51:33 [INFO] Trie does not contain any elements
08:51:33 [INFO] Rule duration: 0 ms
08:51:33 [INFO] <<< STEP 5: APPLYING RULE 2 project_location_m(?project, ?Xm, ?Ym) :- project_location(?project, ?longitude, ?latitude), PI(?PI), CIRC_EARTH(?earth), Equal(?Xm, NumericDivision(NumericProduct(NumericProduct(?longitude, ?earth), NumericCosine(NumericProduct(NumericDivision(?latitude, "180"^^<http://www.w3.org/2001/XMLSchema#double>), ?PI))), "360"^^<http://www.w3.org/2001/XMLSchema#double>)), Equal(?Ym, NumericProduct(?latitude, NumericDivision(?earth, "360"^^<http://www.w3.org/2001/XMLSchema#double>))) >>>
08:51:33 [INFO] Loading source SimpleTable { arity: 3, data: [AnyDataValue(PlainString(StringDataValue("Wind Turbine A"))), AnyDataValue(Double(DoubleDataValue(13.69510396381167))), AnyDataValue(Double(DoubleDataValue(50.89312291453255))), AnyDataValue(PlainString(StringDataValue("Wind Turbine B"))), AnyDataValue(Double(DoubleDataValue(13.704927907097524))), AnyDataValue(Double(DoubleDataValue(50.89816338631804))), AnyDataValue(PlainString(StringDataValue("Wind Turbine C"))), AnyDataValue(Double(DoubleDataValue(13.688126881341304))), AnyDataValue(Double(DoubleDataValue(50.90297432498729)))] }
08:51:33 [INFO] Execution step: Body
08:51:33 [INFO] Saved temporary table: 3 entries (10548)
08:51:33 [INFO] Execution step: Duplicate Elimination (Datalog)
08:51:33 [INFO] Saved permanent table project_location_m (5) Permutation { idx_to_val: [], val_to_idx: [] } with 3 entries (10596)
08:51:33 [INFO] Rule duration: 0 ms
08:51:33 [INFO] <<< STEP 6: APPLYING RULE 2 project_location_m(?project, ?Xm, ?Ym) :- project_location(?project, ?longitude, ?latitude), PI(?PI), CIRC_EARTH(?earth), Equal(?Xm, NumericDivision(NumericProduct(NumericProduct(?longitude, ?earth), NumericCosine(NumericProduct(NumericDivision(?latitude, "180"^^<http://www.w3.org/2001/XMLSchema#double>), ?PI))), "360"^^<http://www.w3.org/2001/XMLSchema#double>)), Equal(?Ym, NumericProduct(?latitude, NumericDivision(?earth, "360"^^<http://www.w3.org/2001/XMLSchema#double>))) >>>
08:51:33 [INFO] Execution step: Body
08:51:33 [INFO] Trie does not contain any elements
08:51:33 [INFO] Execution step: Duplicate Elimination (Datalog)
08:51:33 [INFO] Trie does not contain any elements
08:51:33 [INFO] Rule duration: 0 ms
08:51:33 [INFO] <<< STEP 7: APPLYING RULE 3 environmental_impact(?project) :- project_height_m(?project, ?height), NumericGreaterthaneq(?height, 50) >>>
08:51:33 [INFO] Loading source SimpleTable { arity: 2, data: [AnyDataValue(PlainString(StringDataValue("Wind Turbine A"))), AnyDataValue(Long(LongDataValue(60))), AnyDataValue(PlainString(StringDataValue("Wind Turbine B"))), AnyDataValue(Long(LongDataValue(40))), AnyDataValue(PlainString(StringDataValue("Wind Turbine C"))), AnyDataValue(Long(LongDataValue(60)))] }
08:51:33 [INFO] Execution step: Body
08:51:33 [INFO] Saved temporary table: 2 entries (3408)
08:51:33 [INFO] Execution step: Duplicate Elimination (Datalog)
08:51:33 [INFO] Saved permanent table environmental_impact (7) Permutation { idx_to_val: [], val_to_idx: [] } with 2 entries (3456)
08:51:33 [INFO] Rule duration: 0 ms
08:51:33 [INFO] <<< STEP 8: APPLYING RULE 3 environmental_impact(?project) :- project_height_m(?project, ?height), NumericGreaterthaneq(?height, 50) >>>
08:51:33 [INFO] Execution step: Body
08:51:33 [INFO] Trie does not contain any elements
08:51:33 [INFO] Execution step: Duplicate Elimination (Datalog)
08:51:33 [INFO] Trie does not contain any elements
08:51:33 [INFO] Rule duration: 0 ms
08:51:33 [INFO] <<< STEP 9: APPLYING RULE 4 distance(?project, ?distance) :- project_location_m(?project, ?Xp, ?Yp), coordinates_m(?Xr, ?Yr), Equal(?distance, NumericSquareroot(NumericSum(NumericPower(NumericSubtraction(?Xp, ?Xr), "2"^^<http://www.w3.org/2001/XMLSchema#double>), NumericPower(NumericSubtraction(?Yp, ?Yr), "2"^^<http://www.w3.org/2001/XMLSchema#double>)))) >>>
08:51:33 [INFO] Execution step: Body
08:51:33 [INFO] Saved temporary table: 366 entries (9884)
08:51:33 [INFO] Execution step: Duplicate Elimination (Datalog)
08:51:33 [INFO] Saved permanent table distance (9) Permutation { idx_to_val: [], val_to_idx: [] } with 366 entries (9932)
08:51:33 [INFO] Rule duration: 0 ms
08:51:33 [INFO] <<< STEP 10: APPLYING RULE 4 distance(?project, ?distance) :- project_location_m(?project, ?Xp, ?Yp), coordinates_m(?Xr, ?Yr), Equal(?distance, NumericSquareroot(NumericSum(NumericPower(NumericSubtraction(?Xp, ?Xr), "2"^^<http://www.w3.org/2001/XMLSchema#double>), NumericPower(NumericSubtraction(?Yp, ?Yr), "2"^^<http://www.w3.org/2001/XMLSchema#double>)))) >>>
08:51:33 [INFO] Execution step: Body
08:51:33 [INFO] Trie does not contain any elements
08:51:33 [INFO] Execution step: Duplicate Elimination (Datalog)
08:51:33 [INFO] Trie does not contain any elements
08:51:33 [INFO] Rule duration: 0 ms
08:51:33 [INFO] <<< STEP 11: APPLYING RULE 5 project_reject(?project) :- distance(?project, ?distance), NumericLessthan(?distance, "200"^^<http://www.w3.org/2001/XMLSchema#double>) >>>
08:51:33 [INFO] Execution step: Body
08:51:33 [INFO] Saved temporary table: 1 entries (3404)
08:51:33 [INFO] Execution step: Duplicate Elimination (Datalog)
08:51:33 [INFO] Saved permanent table project_reject (11) Permutation { idx_to_val: [], val_to_idx: [] } with 1 entries (3452)
08:51:33 [INFO] Rule duration: 0 ms
08:51:33 [INFO] <<< STEP 12: APPLYING RULE 5 project_reject(?project) :- distance(?project, ?distance), NumericLessthan(?distance, "200"^^<http://www.w3.org/2001/XMLSchema#double>) >>>
08:51:33 [INFO] Execution step: Body
08:51:33 [INFO] Trie does not contain any elements
08:51:33 [INFO] Execution step: Duplicate Elimination (Datalog)
08:51:33 [INFO] Trie does not contain any elements
08:51:33 [INFO] Rule duration: 0 ms
08:51:33 [INFO] <<< STEP 13: APPLYING RULE 6 project_reject(?project) :- environmental_impact(?project), project_species(?project, ?species), endangered(?species) >>>
08:51:33 [INFO] Loading source SimpleTable { arity: 2, data: [AnyDataValue(PlainString(StringDataValue("Wind Turbine A"))), AnyDataValue(PlainString(StringDataValue("Rotmilan"))), AnyDataValue(PlainString(StringDataValue("Wind Turbine A"))), AnyDataValue(PlainString(StringDataValue("Feldsperling"))), AnyDataValue(PlainString(StringDataValue("Wind Turbine B"))), AnyDataValue(PlainString(StringDataValue("Gartenschläfer"))), AnyDataValue(PlainString(StringDataValue("Wind Turbine C"))), AnyDataValue(PlainString(StringDataValue("Mauersegler")))] }
08:51:33 [INFO] Loading source DsvReader { read: "<unspecified std::io::Read>", delimiter: 44, escape: None, value formats: DsvValueFormats([String]) }
08:51:33 [INFO] Starting data import
08:51:33 [INFO] Finished import: processed 21 lines (dropped 0)
08:51:33 [INFO] Execution step: Body
08:51:33 [INFO] Saved temporary table: 1 entries (3404)
08:51:33 [INFO] Execution step: Duplicate Elimination (Datalog)
08:51:33 [INFO] Saved permanent table project_reject (13) Permutation { idx_to_val: [], val_to_idx: [] } with 1 entries (3452)
08:51:33 [INFO] Rule duration: 0 ms
08:51:33 [INFO] <<< STEP 14: APPLYING RULE 6 project_reject(?project) :- environmental_impact(?project), project_species(?project, ?species), endangered(?species) >>>
08:51:33 [INFO] Execution step: Body
08:51:33 [INFO] Trie does not contain any elements
08:51:33 [INFO] Execution step: Duplicate Elimination (Datalog)
08:51:33 [INFO] Trie does not contain any elements
08:51:33 [INFO] Rule duration: 0 ms
08:51:33 [INFO] <<< STEP 15: APPLYING RULE 9 R_3(?X_1, ?X_2, "Wind Turbine A", ?X_4) :- R_3(?X_1, ?X_2, ?_BODY_1, ?X_4), Equal(?_BODY_1, "Wind Turbine A") >>>
08:51:33 [INFO] Execution step: Body
08:51:33 [INFO] Trie does not contain any elements
08:51:33 [INFO] Execution step: Duplicate Elimination (Datalog)
08:51:33 [INFO] Trie does not contain any elements
08:51:33 [INFO] Rule duration: 0 ms
08:51:33 [INFO] <<< STEP 16: APPLYING RULE 10 R_4(?X_2, ?X_5, ?X_3, ?X_4, "Wind Turbine C") :- PI(?X_2), PI(?X_5), PI(?X_3), PI(?X_4), PI(?_BODY_1), Equal(?_BODY_1, "Wind Turbine C") >>>
08:51:33 [INFO] Execution step: Body
08:51:33 [INFO] Trie does not contain any elements
08:51:33 [INFO] Execution step: Duplicate Elimination (Datalog)
08:51:33 [INFO] Trie does not contain any elements
08:51:33 [INFO] Rule duration: 0 ms
08:51:33 [INFO] <<< STEP 17: APPLYING RULE 12 R_13("Wind Turbine C") :- locations(?_BODY_1, ?Y_1, ?_BODY_2), Equal(?_BODY_1, "Wind Turbine A"), Equal(?_BODY_2, "Wind Turbine C") >>>
08:51:33 [INFO] Execution step: Body
08:51:33 [INFO] Trie does not contain any elements
08:51:33 [INFO] Execution step: Duplicate Elimination (Datalog)
08:51:33 [INFO] Trie does not contain any elements
08:51:33 [INFO] Rule duration: 0 ms
08:51:33 [INFO] <<< STEP 18: APPLYING RULE 13 R_16(?X_4, ?X_4, ?X_1, "Wind Turbine B") :- TRUE(?X_4), TRUE(?X_4), TRUE(?X_1), TRUE(?_BODY_1), Equal(?_BODY_1, "Wind Turbine B") >>>
08:51:33 [INFO] Loading source SimpleTable { arity: 4, data: [AnyDataValue(Boolean(BooleanDataValue(true))), AnyDataValue(PlainString(StringDataValue("Mauersegler"))), AnyDataValue(UnsignedLong(UnsignedLongDataValue(8347292480799569851))), AnyDataValue(Iri(IriDataValue("c_7")))] }
08:51:33 [INFO] Execution step: Body
08:51:33 [INFO] Trie does not contain any elements
08:51:33 [INFO] Execution step: Duplicate Elimination (Datalog)
08:51:33 [INFO] Trie does not contain any elements
08:51:33 [INFO] Rule duration: 0 ms
08:51:33 [INFO] <<< STEP 19: APPLYING RULE 14 R_20(?X_2, "50.89312291453255"^^<http://www.w3.org/2001/XMLSchema#double>) :- project_height_m(?X_2, ?_BODY_1), PI(?X_2), Equal(?_BODY_1, "50.89312291453255"^^<http://www.w3.org/2001/XMLSchema#double>) >>>
08:51:33 [INFO] Loading source SimpleTable { arity: 2, data: [AnyDataValue(UnsignedLong(UnsignedLongDataValue(9392841474022014027))), AnyDataValue(Iri(IriDataValue("c_22")))] }
08:51:33 [INFO] Execution step: Body
08:51:33 [INFO] Trie does not contain any elements
08:51:33 [INFO] Execution step: Duplicate Elimination (Datalog)
08:51:33 [INFO] Trie does not contain any elements
08:51:33 [INFO] Rule duration: 0 ms
08:51:33 [INFO] <<< STEP 20: APPLYING RULE 16 R_14("Wind Turbine A", ?X_2, ?X_1, ?X_4, ?X_5) :- R_3(?X_5, ?_BODY_1, ?X_1, ?X_4), R_3(?X_5, ?X_4, ?X_2, ?_BODY_2), project_height_m(?Z_4, ?X_2), Equal(?_BODY_1, "Wind Turbine B"), Equal(?_BODY_2, "Wind Turbine A") >>>
08:51:33 [INFO] Execution step: Body
08:51:33 [INFO] Trie does not contain any elements
08:51:33 [INFO] Execution step: Duplicate Elimination (Datalog)
08:51:33 [INFO] Trie does not contain any elements
08:51:33 [INFO] Rule duration: 0 ms
08:51:33 [INFO] <<< STEP 21: APPLYING RULE 17 R_15(?X_1, ?X_1) :- environmental_impact(?X_1), environmental_impact(?X_1), project_location(?X_1, ?_BODY_1, ?_BODY_2), Equal(?_BODY_1, ?X_1), Equal(?_BODY_2, ?X_1) >>>
08:51:33 [INFO] Loading source SimpleTable { arity: 2, data: [AnyDataValue(PlainString(StringDataValue("Rotmilan"))), AnyDataValue(PlainString(StringDataValue("Wind Turbine B"))), AnyDataValue(Iri(IriDataValue("c_18"))), AnyDataValue(PlainString(StringDataValue("str_8")))] }
08:51:33 [INFO] Execution step: Body
08:51:33 [INFO] Trie does not contain any elements
08:51:33 [INFO] Execution step: Duplicate Elimination (Datalog)
08:51:33 [INFO] Trie does not contain any elements
08:51:33 [INFO] Rule duration: 0 ms
08:51:33 [INFO] <<< STEP 22: APPLYING RULE 20 R_9("50.89312291453255"^^<http://www.w3.org/2001/XMLSchema#double>, ?X_2) :- coordinates(?_BODY_1, ?X_2), coordinates_m(?_BODY_2, ?X_2), R_4(?X_2, ?_BODY_3, ?Z_1, ?_BODY_4, ?_BODY_5), Equal(?_BODY_1, "50.89312291453255"^^<http://www.w3.org/2001/XMLSchema#double>), Equal(?_BODY_2, "addr"), Equal(?_BODY_3, ?X_2), Equal(?_BODY_4, "50.89312291453255"^^<http://www.w3.org/2001/XMLSchema#double>), Equal(?_BODY_5, ?X_2) >>>
08:51:33 [INFO] Loading source SimpleTable { arity: 2, data: [AnyDataValue(Iri(IriDataValue("c_2"))), AnyDataValue(Iri(IriDataValue("c_3"))), AnyDataValue(Iri(IriDataValue("c_2"))), AnyDataValue(Iri(IriDataValue("c_12")))] }
08:51:33 [INFO] Execution step: Body
08:51:33 [INFO] Trie does not contain any elements
08:51:33 [INFO] Execution step: Duplicate Elimination (Datalog)
08:51:33 [INFO] Trie does not contain any elements
08:51:33 [INFO] Rule duration: 0 ms
08:51:33 [INFO] <<< STEP 23: APPLYING RULE 7 project_approved(?project) :- project(?project), project_reject(?project) >>>
08:51:33 [INFO] Loading source SimpleTable { arity: 1, data: [AnyDataValue(PlainString(StringDataValue("Wind Turbine A"))), AnyDataValue(PlainString(StringDataValue("Wind Turbine B"))), AnyDataValue(PlainString(StringDataValue("Wind Turbine C")))] }
08:51:33 [INFO] Execution step: Project/Reorder
08:51:33 [INFO] Saved temporary table: 2 entries (3456)
08:51:33 [INFO] Execution step: Body
08:51:33 [INFO] Saved temporary table: 1 entries (3404)
08:51:33 [INFO] Execution step: Duplicate Elimination (Datalog)
08:51:33 [INFO] Saved permanent table project_approved (23) Permutation { idx_to_val: [], val_to_idx: [] } with 1 entries (3452)
08:51:33 [INFO] Rule duration: 0 ms
08:51:33 [INFO] <<< STEP 24: APPLYING RULE 7 project_approved(?project) :- project(?project), project_reject(?project) >>>
08:51:33 [INFO] Execution step: Project/Reorder
08:51:33 [INFO] Saved temporary table: 2 entries (3456)
08:51:33 [INFO] Execution step: Body
08:51:33 [INFO] Trie does not contain any elements
08:51:33 [INFO] Execution step: Duplicate Elimination (Datalog)
08:51:33 [INFO] Trie does not contain any elements
08:51:33 [INFO] Rule duration: 0 ms
08:51:33 [INFO] <<< STEP 25: APPLYING RULE 8 closest_house(?project, ?_AGGREGATION_OUT) :- distance(?project, ?distance), ?_AGGREGATION_OUT = #min(?distance) >>>
08:51:33 [INFO] Execution step: Body
08:51:33 [INFO] Saved temporary table: 366 entries (9884)
08:51:33 [INFO] Execution step: Aggregate output
08:51:33 [INFO] Execution step: Project/Reorder
08:51:33 [INFO] Saved temporary table: 3 entries (7028)
08:51:33 [INFO] Execution step: Duplicate Elimination (Datalog)
08:51:33 [INFO] Saved permanent table closest_house (25) Permutation { idx_to_val: [], val_to_idx: [] } with 3 entries (7028)
08:51:33 [INFO] Rule duration: 0 ms
08:51:33 [INFO] <<< STEP 26: APPLYING RULE 8 closest_house(?project, ?_AGGREGATION_OUT) :- distance(?project, ?distance), ?_AGGREGATION_OUT = #min(?distance) >>>
08:51:33 [INFO] Execution step: Body
08:51:33 [INFO] Trie does not contain any elements
08:51:33 [INFO] Execution step: Aggregate output
08:51:33 [INFO] Trie does not contain any elements
08:51:33 [INFO] Execution step: Duplicate Elimination (Datalog)
08:51:33 [INFO] Trie does not contain any elements
08:51:33 [INFO] Rule duration: 0 ms
08:51:33 [INFO] <<< STEP 27: APPLYING RULE 19 R_11("Mauersegler", ?X_3, ?X_5, ?X_6, ?X_1, ?X_4) :- R_4(?_BODY_1, ?X_3, ?Y_2, ?X_6, ?_BODY_2), R_4(?X_4, ?_BODY_3, ?X_5, ?_BODY_4, ?X_1), R_3(?X_1, ?_BODY_5, ?_BODY_6, ?X_3), Equal(?_BODY_1, "Mauersegler"), Equal(?_BODY_2, ?X_3), Equal(?_BODY_3, "Feldsperling"), Equal(?_BODY_4, ?X_5), Equal(?_BODY_5, ?X_1), Equal(?_BODY_6, ?X_1) >>>
08:51:33 [INFO] Execution step: Project/Reorder
08:51:33 [INFO] Trie does not contain any elements
08:51:33 [INFO] Execution step: Body
08:51:33 [INFO] Trie does not contain any elements
08:51:33 [INFO] Execution step: Duplicate Elimination (Datalog)
08:51:33 [INFO] Trie does not contain any elements
08:51:33 [INFO] Rule duration: 0 ms
08:51:33 [INFO] <<< STEP 28: APPLYING RULE 21 R_17(?X_1, ?X_2) :- project_approved(?X_1), project_approved(?X_2), locations(?X_1, ?Z_2, ?_BODY_1), R_9(?X_1, ?_BODY_2), Equal(?_BODY_1, "Wind Turbine C"), Equal(?_BODY_2, ?X_1) >>>
08:51:33 [INFO] Loading source SimpleTable { arity: 2, data: [AnyDataValue(UnsignedLong(UnsignedLongDataValue(8347292480799569851))), AnyDataValue(UnsignedLong(UnsignedLongDataValue(17488543949180998464)))] }
08:51:33 [INFO] Execution step: Body
08:51:33 [INFO] Trie does not contain any elements
08:51:33 [INFO] Execution step: Duplicate Elimination (Datalog)
08:51:33 [INFO] Trie does not contain any elements
08:51:33 [INFO] Rule duration: 0 ms
08:51:33 [INFO] <<< STEP 29: APPLYING RULE 29 R_8(?X_3, ?X_2, "Wind Turbine B", ?X_1) :- project_height_m(?X_3, ?X_2), project_height_m(?_BODY_1, ?X_1), project_approved(?X_2), R_8(?X_3, ?_BODY_2, ?X_2, ?X_1), R_20(?X_2, ?X_3), CIRC_EARTH(?X_3), Equal(?_BODY_1, "Wind Turbine B"), Equal(?_BODY_2, ?X_3) >>>
08:51:33 [INFO] Execution step: Project/Reorder
08:51:33 [INFO] Saved temporary table: 1 entries (3456)
08:51:33 [INFO] Execution step: Body
08:51:33 [INFO] Trie does not contain any elements
08:51:33 [INFO] Execution step: Duplicate Elimination (Datalog)
08:51:33 [INFO] Trie does not contain any elements
08:51:33 [INFO] Rule duration: 0 ms
08:51:33 [INFO] <<< STEP 30: APPLYING RULE 15 R_1(?X_2, ?X_1, "Wind Turbine B", ?X_4) :- R_11(?X_2, ?X_1, ?_BODY_1, ?X_4, ?_BODY_2, ?_BODY_3), closest_house(?X_2, ?X_4), Equal(?_BODY_1, ?X_1), Equal(?_BODY_2, "Wind Turbine B"), Equal(?_BODY_3, ?X_4) >>>
08:51:33 [INFO] Loading source SimpleTable { arity: 4, data: [AnyDataValue(Iri(IriDataValue("c_13"))), AnyDataValue(Iri(IriDataValue("c_14"))), AnyDataValue(UnsignedLong(UnsignedLongDataValue(16602765275248386728))), AnyDataValue(Iri(IriDataValue("c_15")))] }
08:51:33 [INFO] Execution step: Project/Reorder
08:51:33 [INFO] Saved temporary table: 3 entries (6980)
08:51:33 [INFO] Execution step: Body
08:51:33 [INFO] Trie does not contain any elements
08:51:33 [INFO] Execution step: Duplicate Elimination (Datalog)
08:51:33 [INFO] Trie does not contain any elements
08:51:33 [INFO] Rule duration: 0 ms
08:51:33 [INFO] <<< STEP 31: APPLYING RULE 24 R_5(?X_2, "Wind Turbine A", ?X_3, ?X_4, ?X_5, ?X_6) :- project_location(?X_2, ?_BODY_1, ?X_3), project_location(?X_4, ?X_5, ?X_6), coordinates(?X_5, ?_BODY_2), R_1(?X_5, ?X_3, ?_BODY_3, ?X_4), R_14(?X_5, ?X_6, ?X_3, ?X_4, ?_BODY_4), Equal(?_BODY_1, "Wind Turbine A"), Equal(?_BODY_2, "addr"), Equal(?_BODY_3, ?X_3), Equal(?_BODY_4, ?X_3) >>>
08:51:33 [INFO] Loading source SimpleTable { arity: 6, data: [AnyDataValue(PlainString(StringDataValue("Rotmilan"))), AnyDataValue(Double(DoubleDataValue(13.69510396381167))), AnyDataValue(PlainString(StringDataValue("str_4"))), AnyDataValue(PlainString(StringDataValue("Wind Turbine A"))), AnyDataValue(PlainString(StringDataValue("Wind Turbine C"))), AnyDataValue(UnsignedLong(UnsignedLongDataValue(10066464750491489774))), AnyDataValue(Double(DoubleDataValue(50.89816338631804))), AnyDataValue(Iri(IriDataValue("c_5"))), AnyDataValue(Iri(IriDataValue("c_6"))), AnyDataValue(PlainString(StringDataValue("str_6"))), AnyDataValue(Iri(IriDataValue("c_5"))), AnyDataValue(PlainString(StringDataValue("Wind Turbine C"))), AnyDataValue(UnsignedLong(UnsignedLongDataValue(2688570752260900016))), AnyDataValue(Iri(IriDataValue("c_4"))), AnyDataValue(Double(DoubleDataValue(50.89816338631804))), AnyDataValue(PlainString(StringDataValue("str_7"))), AnyDataValue(Iri(IriDataValue("c_11"))), AnyDataValue(UnsignedLong(UnsignedLongDataValue(4280089535099092791))), AnyDataValue(UnsignedLong(UnsignedLongDataValue(15874488879906979084))), AnyDataValue(UnsignedLong(UnsignedLongDataValue(8347292480799569851))), AnyDataValue(Iri(IriDataValue("c_19"))), AnyDataValue(Iri(IriDataValue("c_20"))), AnyDataValue(UnsignedLong(UnsignedLongDataValue(6894486871167901990))), AnyDataValue(Double(DoubleDataValue(3.14159)))] }
08:51:33 [INFO] Execution step: Project/Reorder
08:51:33 [INFO] Saved temporary table: 1 entries (13760)
08:51:33 [INFO] Execution step: Project/Reorder
08:51:33 [INFO] Trie does not contain any elements
08:51:33 [INFO] Execution step: Body
08:51:33 [INFO] Trie does not contain any elements
08:51:33 [INFO] Execution step: Duplicate Elimination (Datalog)
08:51:33 [INFO] Trie does not contain any elements
08:51:33 [INFO] Rule duration: 0 ms
08:51:33 [INFO] <<< STEP 32: APPLYING RULE 26 R_19(?X_3, ?X_1, ?X_2, "Wind Turbine A") :- CIRC_EARTH(?X_3), CIRC_EARTH(?X_1), CIRC_EARTH(?X_2), CIRC_EARTH(?_BODY_1), project_reject(?_BODY_2), R_16(?Z_2, ?X_3, ?_BODY_3, ?X_2), R_17(?X_3, ?X_1), R_5(?X_3, ?X_1, ?_BODY_4, ?_BODY_5, ?X_2, ?_BODY_6), Equal(?_BODY_1, "Wind Turbine A"), Equal(?_BODY_2, "13.704927907097524"^^<http://www.w3.org/2001/XMLSchema#double>), Equal(?_BODY_3, ?X_3), Equal(?_BODY_4, ?X_3), Equal(?_BODY_5, ?X_1), Equal(?_BODY_6, ?X_2) >>>
08:51:33 [INFO] Loading source SimpleTable { arity: 4, data: [AnyDataValue(PlainString(StringDataValue("Wind Turbine B"))), AnyDataValue(Iri(IriDataValue("c_4"))), AnyDataValue(PlainString(StringDataValue("Wind Turbine B"))), AnyDataValue(PlainString(StringDataValue("str_5"))), AnyDataValue(UnsignedLong(UnsignedLongDataValue(6894486871167901990))), AnyDataValue(Iri(IriDataValue("c_17"))), AnyDataValue(UnsignedLong(UnsignedLongDataValue(13146544509588967171))), AnyDataValue(PlainString(StringDataValue("str_9"))), AnyDataValue(UnsignedLong(UnsignedLongDataValue(3620244885284113009))), AnyDataValue(PlainString(StringDataValue("str_10"))), AnyDataValue(PlainString(StringDataValue("str_11"))), AnyDataValue(PlainString(StringDataValue("str_12")))] }
08:51:33 [INFO] Execution step: Project/Reorder
08:51:33 [INFO] Saved temporary table: 4 entries (21488)
08:51:33 [INFO] Execution step: Body
08:51:33 [INFO] Trie does not contain any elements
08:51:33 [INFO] Execution step: Duplicate Elimination (Datalog)
08:51:33 [INFO] Trie does not contain any elements
08:51:33 [INFO] Rule duration: 0 ms
08:51:33 [INFO] <<< STEP 33: APPLYING RULE 11 R_6(?X_3, ?X_4, ?X_1, ?X_2) :- R_19(?X_3, ?X_4, ?X_1, ?X_2) >>>
08:51:33 [INFO] Loading source SimpleTable { arity: 4, data: [AnyDataValue(Iri(IriDataValue("c_21"))), AnyDataValue(UnsignedLong(UnsignedLongDataValue(2703466947559660156))), AnyDataValue(UnsignedLong(UnsignedLongDataValue(10066464750491489774))), AnyDataValue(UnsignedLong(UnsignedLongDataValue(10066464750491489774)))] }
08:51:33 [INFO] Execution step: Body
08:51:33 [INFO] Saved temporary table: 3 entries (14088)
08:51:33 [INFO] Execution step: Duplicate Elimination (Datalog)
08:51:33 [INFO] Saved permanent table R_6 (33) Permutation { idx_to_val: [], val_to_idx: [] } with 3 entries (14144)
08:51:33 [INFO] Rule duration: 0 ms
08:51:33 [INFO] <<< STEP 34: APPLYING RULE 11 R_6(?X_3, ?X_4, ?X_1, ?X_2) :- R_19(?X_3, ?X_4, ?X_1, ?X_2) >>>
08:51:33 [INFO] Execution step: Body
08:51:33 [INFO] Trie does not contain any elements
08:51:33 [INFO] Execution step: Duplicate Elimination (Datalog)
08:51:33 [INFO] Trie does not contain any elements
08:51:33 [INFO] Rule duration: 0 ms
08:51:33 [INFO] <<< STEP 35: APPLYING RULE 23 R_7(?X_4, "40075000"^^<http://www.w3.org/2001/XMLSchema#double>, ?X_1, ?X_3) :- R_8(?X_4, ?_BODY_1, ?X_1, ?X_3), project_location_m(?X_4, ?_BODY_2, ?X_1), R_13(?X_4), R_6(?X_3, ?X_4, ?X_1, ?_BODY_3), Equal(?_BODY_1, "40075000"^^<http://www.w3.org/2001/XMLSchema#double>), Equal(?_BODY_2, ?X_4), Equal(?_BODY_3, ?X_1) >>>
08:51:33 [INFO] Loading source SimpleTable { arity: 4, data: [AnyDataValue(UnsignedLong(UnsignedLongDataValue(8347292480799569851))), AnyDataValue(Iri(IriDataValue("c_9"))), AnyDataValue(PlainString(StringDataValue("Wind Turbine C"))), AnyDataValue(Iri(IriDataValue("c_10")))] }
08:51:33 [INFO] Execution step: Project/Reorder
08:51:33 [INFO] Saved temporary table: 4 entries (14252)
08:51:33 [INFO] Execution step: Body
08:51:33 [INFO] Trie does not contain any elements
08:51:33 [INFO] Execution step: Duplicate Elimination (Datalog)
08:51:33 [INFO] Trie does not contain any elements
08:51:33 [INFO] Rule duration: 0 ms
08:51:33 [INFO] <<< STEP 36: APPLYING RULE 18 R_21(?X_3, ?X_1, ?X_2) :- R_2(?X_3), R_2(?X_1), R_2(?X_2), endangered(?X_1), R_2(?Z_2) >>>
08:51:33 [INFO] Loading source SimpleTable { arity: 1, data: [AnyDataValue(Iri(IriDataValue("c_8")))] }
08:51:33 [INFO] Loading source SimpleTable { arity: 3, data: [AnyDataValue(PlainString(StringDataValue("str_8"))), AnyDataValue(Iri(IriDataValue("c_16"))), AnyDataValue(PlainString(StringDataValue("str_5")))] }
08:51:33 [INFO] Execution step: Body
08:51:33 [INFO] Trie does not contain any elements
08:51:33 [INFO] Execution step: Duplicate Elimination (Datalog)
08:51:33 [INFO] Trie does not contain any elements
08:51:33 [INFO] Rule duration: 0 ms
08:51:33 [INFO] <<< STEP 37: APPLYING RULE 25 R_2(?X_1) :- R_10(?X_1, ?Y_1, ?_BODY_1, ?_BODY_2, ?_BODY_3, ?_BODY_4), R_15(?X_1, ?_BODY_5), Equal(?_BODY_1, ?X_1), Equal(?_BODY_2, ?X_1), Equal(?_BODY_3, ?Y_1), Equal(?_BODY_4, ?Y_1), Equal(?_BODY_5, "Wind Turbine B") >>>
08:51:33 [INFO] Execution step: Project/Reorder
08:51:33 [INFO] Saved temporary table: 2 entries (6960)
08:51:33 [INFO] Execution step: Body
08:51:33 [INFO] Trie does not contain any elements
08:51:33 [INFO] Execution step: Duplicate Elimination (Datalog)
08:51:33 [INFO] Trie does not contain any elements
08:51:33 [INFO] Rule duration: 0 ms
08:51:33 [INFO] <<< STEP 38: APPLYING RULE 27 R_10(?X_2, ?X_6, "13.688126881341304"^^<http://www.w3.org/2001/XMLSchema#double>, ?X_2, ?X_5, ?X_4) :- R_5(?X_2, ?X_6, ?_BODY_1, ?_BODY_2, ?X_5, ?X_4), environmental_impact(?X_4), R_7(?X_4, ?Z_1, ?_BODY_3, ?_BODY_4), R_10(?Z_6, ?Z_7, ?X_2, ?_BODY_5, ?_BODY_6, ?X_6), R_18(?X_2, ?X_4, ?_BODY_7, ?_BODY_8, ?_BODY_9, ?X_5), Equal(?_BODY_1, "13.688126881341304"^^<http://www.w3.org/2001/XMLSchema#double>), Equal(?_BODY_2, ?X_2), Equal(?_BODY_3, ?X_4), Equal(?_BODY_4, ?X_4), Equal(?_BODY_5, ?X_2), Equal(?_BODY_6, ?X_2), Equal(?_BODY_7, ?X_4), Equal(?_BODY_8, "Feldsperling"), Equal(?_BODY_9, ?X_4) >>>
08:51:33 [INFO] Loading source SimpleTable { arity: 6, data: [AnyDataValue(UnsignedLong(UnsignedLongDataValue(8796525374109451718))), AnyDataValue(PlainString(StringDataValue("Wind Turbine B"))), AnyDataValue(PlainString(StringDataValue("Wind Turbine A"))), AnyDataValue(PlainString(StringDataValue("Feldsperling"))), AnyDataValue(Iri(IriDataValue("c_1"))), AnyDataValue(PlainString(StringDataValue("str_1")))] }
08:51:33 [INFO] Execution step: Body
08:51:33 [INFO] Trie does not contain any elements
08:51:33 [INFO] Execution step: Duplicate Elimination (Datalog)
08:51:33 [INFO] Trie does not contain any elements
08:51:33 [INFO] Rule duration: 0 ms
08:51:33 [INFO] <<< STEP 39: APPLYING RULE 30 R_18(?X_6, ?X_1, ?X_3, ?X_2, "3.14159"^^<http://www.w3.org/2001/XMLSchema#double>, ?X_5) :- project_location_m(?X_6, ?X_1, ?X_3), project_location_m(?X_2, ?_BODY_1, ?X_5), R_21(?X_3, ?X_2, ?X_6), Equal(?_BODY_1, "3.14159"^^<http://www.w3.org/2001/XMLSchema#double>) >>>
08:51:33 [INFO] Execution step: Body
08:51:33 [INFO] Trie does not contain any elements
08:51:33 [INFO] Execution step: Duplicate Elimination (Datalog)
08:51:33 [INFO] Trie does not contain any elements
08:51:33 [INFO] Rule duration: 0 ms
08:51:33 [INFO] <<< STEP 40: APPLYING RULE 22 R_12("true"^^<http://www.w3.org/2001/XMLSchema#boolean>) :- R_OUT(?_BODY_1, ?_BODY_2, ?_BODY_3, ?_BODY_4, ?_BODY_5, ?Y_1), TRUE(?Y_1), R_11(?Y_1, ?_BODY_6, ?_BODY_7, ?_BODY_8, ?Z_1, ?_BODY_9), Equal(?_BODY_1, "true"^^<http://www.w3.org/2001/XMLSchema#boolean>), Equal(?_BODY_2, "Wind Turbine C"), Equal(?_BODY_3, "Wind Turbine C"), Equal(?_BODY_4, "true"^^<http://www.w3.org/2001/XMLSchema#boolean>), Equal(?_BODY_5, "true"^^<http://www.w3.org/2001/XMLSchema#boolean>), Equal(?_BODY_6, ?Y_1), Equal(?_BODY_7, "Wind Turbine C"), Equal(?_BODY_8, "Wind Turbine A"), Equal(?_BODY_9, ?Y_1) >>>
08:51:33 [INFO] Loading source SimpleTable { arity: 1, data: [AnyDataValue(Iri(IriDataValue("c_23")))] }
08:51:33 [INFO] Execution step: Body
08:51:33 [INFO] Trie does not contain any elements
08:51:33 [INFO] Execution step: Duplicate Elimination (Datalog)
08:51:33 [INFO] Trie does not contain any elements
08:51:33 [INFO] Rule duration: 0 ms
08:51:33 [INFO] <<< STEP 41: APPLYING RULE 28 R_22(?X_1, ?X_2) :- project_location_m(?X_1, ?X_2, ?_BODY_1), project(?Z_1), project_species(?Z_2, ?X_2), R_12(?X_1), R_19(?X_2, ?_BODY_2, ?X_1, ?_BODY_3), Equal(?_BODY_1, ?X_2), Equal(?_BODY_2, "13.69510396381167"^^<http://www.w3.org/2001/XMLSchema#double>), Equal(?_BODY_3, ?X_2) >>>
08:51:33 [INFO] Loading source SimpleTable { arity: 2, data: [AnyDataValue(Iri(IriDataValue("c_5"))), AnyDataValue(PlainString(StringDataValue("Wind Turbine A")))] }
08:51:33 [INFO] Execution step: Project/Reorder
08:51:33 [INFO] Saved temporary table: 3 entries (14088)
08:51:33 [INFO] Execution step: Body
08:51:33 [INFO] Trie does not contain any elements
08:51:33 [INFO] Execution step: Duplicate Elimination (Datalog)
08:51:33 [INFO] Trie does not contain any elements
08:51:33 [INFO] Rule duration: 0 ms
08:51:33 [INFO] <<< STEP 42: APPLYING RULE 31 R_OUT(?X_5, ?X_3, ?X_6, ?X_1, ?X_1, ?X_4) :- R_18(?X_5, ?X_3, ?X_6, ?X_1, ?_BODY_1, ?X_4), distance(?X_5, ?X_4), R_22(?X_4, ?X_3), Equal(?_BODY_1, ?X_1) >>>
08:51:33 [INFO] Execution step: Body
08:51:33 [INFO] Trie does not contain any elements
08:51:33 [INFO] Execution step: Duplicate Elimination (Datalog)
08:51:33 [INFO] Trie does not contain any elements
08:51:33 [INFO] Rule duration: 0 ms
08:51:33 [INFO] Execution step: Combining Tables
08:51:33 [INFO] Saved permanent table R_OUT (0-1) Permutation { idx_to_val: [], val_to_idx: [] } with 1 entries (20720)
08:51:33 [INFO] ----------------------------------------------
08:51:33 [INFO] --- Finished Nemo Execution - Input Program --
08:51:33 [INFO] Output size: 1
08:51:33 [INFO] ----------------------------------------------
08:51:33 [INFO] 
08:51:33 [INFO] ----------------------------------------------
08:51:33 [INFO] Beginning Nemo Execution - Transformed Program
08:51:33 [INFO] ----------------------------------------------
08:51:33 [INFO] Stratified program: [[0, 1, 2, 3, 4, 5, 6, 9, 10, 12, 13, 14, 16, 17, 20, 32, 33, 37, 38, 42, 43, 52], [7, 8, 19, 34, 35, 40, 47, 49, 51], [15, 21, 39, 44], [24, 46, 50], [11, 26, 45], [23, 29, 41, 48], [18, 22, 25, 27, 28, 30, 31, 36]]
08:51:33 [INFO] Loading source SimpleTable { arity: 6, data: [AnyDataValue(Double(DoubleDataValue(50.89312291453255))), AnyDataValue(PlainString(StringDataValue("str_2"))), AnyDataValue(PlainString(StringDataValue("str_3"))), AnyDataValue(PlainString(StringDataValue("str_2"))), AnyDataValue(Double(DoubleDataValue(3.14159))), AnyDataValue(PlainString(StringDataValue("Feldsperling")))] }
08:51:33 [INFO] Execution step: Combining Tables
08:51:33 [INFO] Saved permanent table R_OUT (0-1) Permutation { idx_to_val: [], val_to_idx: [] } with 1 entries (20720)
08:51:33 [INFO] <<< STEP 1: APPLYING RULE 0 coordinates(?longitude, ?latitude) :- locations(?longitude, ?latitude, ?tag), TRUE(?_BODY_1), Equal(?_BODY_1, StringContains(?tag, "addr")) >>>
08:51:33 [INFO] Loading source DsvReader { read: "<unspecified std::io::Read>", delimiter: 44, escape: None, value formats: DsvValueFormats([Double, Double, Skip, Skip, Skip, Skip, Skip, Skip, Skip, Skip, Skip, Skip, String]) }
08:51:33 [INFO] Starting data import
08:51:33 [INFO] Finished import: processed 782 lines (dropped 1)
08:51:33 [INFO] Loading source SimpleTable { arity: 1, data: [AnyDataValue(Boolean(BooleanDataValue(true)))] }
08:51:33 [INFO] Execution step: Body
08:51:33 [INFO] Saved temporary table: 122 entries (9140)
08:51:33 [INFO] Execution step: Duplicate Elimination (Datalog)
08:51:33 [INFO] Saved permanent table coordinates (1) Permutation { idx_to_val: [], val_to_idx: [] } with 122 entries (9188)
08:51:33 [INFO] Rule duration: 5 ms
08:51:33 [INFO] <<< STEP 2: APPLYING RULE 0 coordinates(?longitude, ?latitude) :- locations(?longitude, ?latitude, ?tag), TRUE(?_BODY_1), Equal(?_BODY_1, StringContains(?tag, "addr")) >>>
08:51:33 [INFO] Execution step: Body
08:51:33 [INFO] Trie does not contain any elements
08:51:33 [INFO] Execution step: Duplicate Elimination (Datalog)
08:51:33 [INFO] Trie does not contain any elements
08:51:33 [INFO] Rule duration: 0 ms
08:51:33 [INFO] <<< STEP 3: APPLYING RULE 1 coordinates_m(?Xm, ?Ym) :- coordinates(?longitude, ?latitude), PI(?PI), CIRC_EARTH(?earth), Equal(?Xm, NumericDivision(NumericProduct(NumericProduct(?longitude, ?earth), NumericCosine(NumericProduct(NumericDivision(?latitude, "180"^^<http://www.w3.org/2001/XMLSchema#double>), ?PI))), "360"^^<http://www.w3.org/2001/XMLSchema#double>)), Equal(?Ym, NumericProduct(?latitude, NumericDivision(?earth, "360"^^<http://www.w3.org/2001/XMLSchema#double>))) >>>
08:51:33 [INFO] Loading source SimpleTable { arity: 1, data: [AnyDataValue(Double(DoubleDataValue(3.14159)))] }
08:51:33 [INFO] Loading source SimpleTable { arity: 1, data: [AnyDataValue(Double(DoubleDataValue(40075000.0)))] }
08:51:33 [INFO] Execution step: Body
08:51:33 [INFO] Saved temporary table: 122 entries (9140)
08:51:33 [INFO] Execution step: Duplicate Elimination (Datalog)
08:51:33 [INFO] Saved permanent table coordinates_m (3) Permutation { idx_to_val: [], val_to_idx: [] } with 122 entries (9188)
08:51:33 [INFO] Rule duration: 0 ms
08:51:33 [INFO] <<< STEP 4: APPLYING RULE 1 coordinates_m(?Xm, ?Ym) :- coordinates(?longitude, ?latitude), PI(?PI), CIRC_EARTH(?earth), Equal(?Xm, NumericDivision(NumericProduct(NumericProduct(?longitude, ?earth), NumericCosine(NumericProduct(NumericDivision(?latitude, "180"^^<http://www.w3.org/2001/XMLSchema#double>), ?PI))), "360"^^<http://www.w3.org/2001/XMLSchema#double>)), Equal(?Ym, NumericProduct(?latitude, NumericDivision(?earth, "360"^^<http://www.w3.org/2001/XMLSchema#double>))) >>>
08:51:33 [INFO] Execution step: Body
08:51:33 [INFO] Trie does not contain any elements
08:51:33 [INFO] Execution step: Duplicate Elimination (Datalog)
08:51:33 [INFO] Trie does not contain any elements
08:51:33 [INFO] Rule duration: 0 ms
08:51:33 [INFO] <<< STEP 5: APPLYING RULE 2 project_location_m(?project, ?Xm, ?Ym) :- project_location(?project, ?longitude, ?latitude), PI(?PI), CIRC_EARTH(?earth), Equal(?Xm, NumericDivision(NumericProduct(NumericProduct(?longitude, ?earth), NumericCosine(NumericProduct(NumericDivision(?latitude, "180"^^<http://www.w3.org/2001/XMLSchema#double>), ?PI))), "360"^^<http://www.w3.org/2001/XMLSchema#double>)), Equal(?Ym, NumericProduct(?latitude, NumericDivision(?earth, "360"^^<http://www.w3.org/2001/XMLSchema#double>))) >>>
08:51:33 [INFO] Loading source SimpleTable { arity: 3, data: [AnyDataValue(PlainString(StringDataValue("Wind Turbine A"))), AnyDataValue(Double(DoubleDataValue(13.69510396381167))), AnyDataValue(Double(DoubleDataValue(50.89312291453255))), AnyDataValue(PlainString(StringDataValue("Wind Turbine B"))), AnyDataValue(Double(DoubleDataValue(13.704927907097524))), AnyDataValue(Double(DoubleDataValue(50.89816338631804))), AnyDataValue(PlainString(StringDataValue("Wind Turbine C"))), AnyDataValue(Double(DoubleDataValue(13.688126881341304))), AnyDataValue(Double(DoubleDataValue(50.90297432498729)))] }
08:51:33 [INFO] Execution step: Body
08:51:33 [INFO] Saved temporary table: 3 entries (10548)
08:51:33 [INFO] Execution step: Duplicate Elimination (Datalog)
08:51:33 [INFO] Saved permanent table project_location_m (5) Permutation { idx_to_val: [], val_to_idx: [] } with 3 entries (10596)
08:51:33 [INFO] Rule duration: 0 ms
08:51:33 [INFO] <<< STEP 6: APPLYING RULE 2 project_location_m(?project, ?Xm, ?Ym) :- project_location(?project, ?longitude, ?latitude), PI(?PI), CIRC_EARTH(?earth), Equal(?Xm, NumericDivision(NumericProduct(NumericProduct(?longitude, ?earth), NumericCosine(NumericProduct(NumericDivision(?latitude, "180"^^<http://www.w3.org/2001/XMLSchema#double>), ?PI))), "360"^^<http://www.w3.org/2001/XMLSchema#double>)), Equal(?Ym, NumericProduct(?latitude, NumericDivision(?earth, "360"^^<http://www.w3.org/2001/XMLSchema#double>))) >>>
08:51:33 [INFO] Execution step: Body
08:51:33 [INFO] Trie does not contain any elements
08:51:33 [INFO] Execution step: Duplicate Elimination (Datalog)
08:51:33 [INFO] Trie does not contain any elements
08:51:33 [INFO] Rule duration: 0 ms
08:51:33 [INFO] <<< STEP 7: APPLYING RULE 3 environmental_impact(?project) :- project_height_m(?project, ?height), NumericGreaterthaneq(?height, 50) >>>
08:51:33 [INFO] Loading source SimpleTable { arity: 2, data: [AnyDataValue(PlainString(StringDataValue("Wind Turbine A"))), AnyDataValue(Long(LongDataValue(60))), AnyDataValue(PlainString(StringDataValue("Wind Turbine B"))), AnyDataValue(Long(LongDataValue(40))), AnyDataValue(PlainString(StringDataValue("Wind Turbine C"))), AnyDataValue(Long(LongDataValue(60)))] }
08:51:33 [INFO] Execution step: Body
08:51:33 [INFO] Saved temporary table: 2 entries (3408)
08:51:33 [INFO] Execution step: Duplicate Elimination (Datalog)
08:51:33 [INFO] Saved permanent table environmental_impact (7) Permutation { idx_to_val: [], val_to_idx: [] } with 2 entries (3456)
08:51:33 [INFO] Rule duration: 0 ms
08:51:33 [INFO] <<< STEP 8: APPLYING RULE 3 environmental_impact(?project) :- project_height_m(?project, ?height), NumericGreaterthaneq(?height, 50) >>>
08:51:33 [INFO] Execution step: Body
08:51:33 [INFO] Trie does not contain any elements
08:51:33 [INFO] Execution step: Duplicate Elimination (Datalog)
08:51:33 [INFO] Trie does not contain any elements
08:51:33 [INFO] Rule duration: 0 ms
08:51:33 [INFO] <<< STEP 9: APPLYING RULE 4 distance(?project, ?distance) :- project_location_m(?project, ?Xp, ?Yp), coordinates_m(?Xr, ?Yr), Equal(?distance, NumericSquareroot(NumericSum(NumericPower(NumericSubtraction(?Xp, ?Xr), "2"^^<http://www.w3.org/2001/XMLSchema#double>), NumericPower(NumericSubtraction(?Yp, ?Yr), "2"^^<http://www.w3.org/2001/XMLSchema#double>)))) >>>
08:51:33 [INFO] Execution step: Body
08:51:33 [INFO] Saved temporary table: 366 entries (9884)
08:51:33 [INFO] Execution step: Duplicate Elimination (Datalog)
08:51:33 [INFO] Saved permanent table distance (9) Permutation { idx_to_val: [], val_to_idx: [] } with 366 entries (9932)
08:51:33 [INFO] Rule duration: 0 ms
08:51:33 [INFO] <<< STEP 10: APPLYING RULE 4 distance(?project, ?distance) :- project_location_m(?project, ?Xp, ?Yp), coordinates_m(?Xr, ?Yr), Equal(?distance, NumericSquareroot(NumericSum(NumericPower(NumericSubtraction(?Xp, ?Xr), "2"^^<http://www.w3.org/2001/XMLSchema#double>), NumericPower(NumericSubtraction(?Yp, ?Yr), "2"^^<http://www.w3.org/2001/XMLSchema#double>)))) >>>
08:51:33 [INFO] Execution step: Body
08:51:33 [INFO] Trie does not contain any elements
08:51:33 [INFO] Execution step: Duplicate Elimination (Datalog)
08:51:33 [INFO] Trie does not contain any elements
08:51:33 [INFO] Rule duration: 0 ms
08:51:33 [INFO] <<< STEP 11: APPLYING RULE 5 project_reject(?project) :- distance(?project, ?distance), NumericLessthan(?distance, "200"^^<http://www.w3.org/2001/XMLSchema#double>) >>>
08:51:33 [INFO] Execution step: Body
08:51:33 [INFO] Saved temporary table: 1 entries (3404)
08:51:33 [INFO] Execution step: Duplicate Elimination (Datalog)
08:51:33 [INFO] Saved permanent table project_reject (11) Permutation { idx_to_val: [], val_to_idx: [] } with 1 entries (3452)
08:51:33 [INFO] Rule duration: 0 ms
08:51:33 [INFO] <<< STEP 12: APPLYING RULE 5 project_reject(?project) :- distance(?project, ?distance), NumericLessthan(?distance, "200"^^<http://www.w3.org/2001/XMLSchema#double>) >>>
08:51:33 [INFO] Execution step: Body
08:51:33 [INFO] Trie does not contain any elements
08:51:33 [INFO] Execution step: Duplicate Elimination (Datalog)
08:51:33 [INFO] Trie does not contain any elements
08:51:33 [INFO] Rule duration: 0 ms
08:51:33 [INFO] <<< STEP 13: APPLYING RULE 6 project_reject(?project) :- environmental_impact(?project), project_species(?project, ?species), endangered(?species) >>>
08:51:33 [INFO] Loading source SimpleTable { arity: 2, data: [AnyDataValue(PlainString(StringDataValue("Wind Turbine A"))), AnyDataValue(PlainString(StringDataValue("Rotmilan"))), AnyDataValue(PlainString(StringDataValue("Wind Turbine A"))), AnyDataValue(PlainString(StringDataValue("Feldsperling"))), AnyDataValue(PlainString(StringDataValue("Wind Turbine B"))), AnyDataValue(PlainString(StringDataValue("Gartenschläfer"))), AnyDataValue(PlainString(StringDataValue("Wind Turbine C"))), AnyDataValue(PlainString(StringDataValue("Mauersegler")))] }
08:51:33 [INFO] Loading source DsvReader { read: "<unspecified std::io::Read>", delimiter: 44, escape: None, value formats: DsvValueFormats([String]) }
08:51:33 [INFO] Starting data import
08:51:33 [INFO] Finished import: processed 21 lines (dropped 0)
08:51:33 [INFO] Execution step: Body
08:51:33 [INFO] Saved temporary table: 1 entries (3404)
08:51:33 [INFO] Execution step: Duplicate Elimination (Datalog)
08:51:33 [INFO] Saved permanent table project_reject (13) Permutation { idx_to_val: [], val_to_idx: [] } with 1 entries (3452)
08:51:33 [INFO] Rule duration: 0 ms
08:51:33 [INFO] <<< STEP 14: APPLYING RULE 6 project_reject(?project) :- environmental_impact(?project), project_species(?project, ?species), endangered(?species) >>>
08:51:33 [INFO] Execution step: Body
08:51:33 [INFO] Trie does not contain any elements
08:51:33 [INFO] Execution step: Duplicate Elimination (Datalog)
08:51:33 [INFO] Trie does not contain any elements
08:51:33 [INFO] Rule duration: 0 ms
08:51:33 [INFO] <<< STEP 15: APPLYING RULE 9 R_3(?X_1, ?X_2, "Wind Turbine A", ?X_4) :- R_3(?X_1, ?X_2, ?_BODY_1, ?X_4), Equal(?_BODY_1, "Wind Turbine A") >>>
08:51:33 [INFO] Execution step: Body
08:51:33 [INFO] Trie does not contain any elements
08:51:33 [INFO] Execution step: Duplicate Elimination (Datalog)
08:51:33 [INFO] Trie does not contain any elements
08:51:33 [INFO] Rule duration: 0 ms
08:51:33 [INFO] <<< STEP 16: APPLYING RULE 10 R_4(?X_2, ?X_5, ?X_3, ?X_4, "Wind Turbine C") :- PI(?X_2), PI(?X_5), PI(?X_3), PI(?X_4), PI(?_BODY_1), Equal(?_BODY_1, "Wind Turbine C") >>>
08:51:33 [INFO] Execution step: Body
08:51:33 [INFO] Trie does not contain any elements
08:51:33 [INFO] Execution step: Duplicate Elimination (Datalog)
08:51:33 [INFO] Trie does not contain any elements
08:51:33 [INFO] Rule duration: 0 ms
08:51:33 [INFO] <<< STEP 17: APPLYING RULE 12 R_13("Wind Turbine C") :- locations(?_BODY_1, ?Y_1, ?_BODY_2), Equal(?_BODY_1, "Wind Turbine A"), Equal(?_BODY_2, "Wind Turbine C") >>>
08:51:33 [INFO] Execution step: Body
08:51:33 [INFO] Trie does not contain any elements
08:51:33 [INFO] Execution step: Duplicate Elimination (Datalog)
08:51:33 [INFO] Trie does not contain any elements
08:51:33 [INFO] Rule duration: 0 ms
08:51:33 [INFO] <<< STEP 18: APPLYING RULE 13 R_16(?X_4, ?X_4, ?X_1, "Wind Turbine B") :- TRUE(?X_4), TRUE(?X_4), TRUE(?X_1), TRUE(?_BODY_1), Equal(?_BODY_1, "Wind Turbine B") >>>
08:51:33 [INFO] Loading source SimpleTable { arity: 4, data: [AnyDataValue(Boolean(BooleanDataValue(true))), AnyDataValue(PlainString(StringDataValue("Mauersegler"))), AnyDataValue(UnsignedLong(UnsignedLongDataValue(8347292480799569851))), AnyDataValue(Iri(IriDataValue("c_7")))] }
08:51:33 [INFO] Execution step: Body
08:51:33 [INFO] Trie does not contain any elements
08:51:33 [INFO] Execution step: Duplicate Elimination (Datalog)
08:51:33 [INFO] Trie does not contain any elements
08:51:33 [INFO] Rule duration: 0 ms
08:51:33 [INFO] <<< STEP 19: APPLYING RULE 14 R_20(?X_2, "50.89312291453255"^^<http://www.w3.org/2001/XMLSchema#double>) :- project_height_m(?X_2, ?_BODY_1), PI(?X_2), Equal(?_BODY_1, "50.89312291453255"^^<http://www.w3.org/2001/XMLSchema#double>) >>>
08:51:33 [INFO] Loading source SimpleTable { arity: 2, data: [AnyDataValue(UnsignedLong(UnsignedLongDataValue(9392841474022014027))), AnyDataValue(Iri(IriDataValue("c_22")))] }
08:51:33 [INFO] Execution step: Body
08:51:33 [INFO] Trie does not contain any elements
08:51:33 [INFO] Execution step: Duplicate Elimination (Datalog)
08:51:33 [INFO] Trie does not contain any elements
08:51:33 [INFO] Rule duration: 0 ms
08:51:33 [INFO] <<< STEP 20: APPLYING RULE 16 R_14("Wind Turbine A", ?X_2, ?X_1, ?X_4, ?X_5) :- R_3(?X_5, ?_BODY_1, ?X_1, ?X_4), R_3(?X_5, ?X_4, ?X_2, ?_BODY_2), project_height_m(?Z_4, ?X_2), Equal(?_BODY_1, "Wind Turbine B"), Equal(?_BODY_2, "Wind Turbine A") >>>
08:51:33 [INFO] Execution step: Body
08:51:33 [INFO] Trie does not contain any elements
08:51:33 [INFO] Execution step: Duplicate Elimination (Datalog)
08:51:33 [INFO] Trie does not contain any elements
08:51:33 [INFO] Rule duration: 0 ms
08:51:33 [INFO] <<< STEP 21: APPLYING RULE 17 R_15(?X_1, ?X_1) :- environmental_impact(?X_1), environmental_impact(?X_1), project_location(?X_1, ?_BODY_1, ?_BODY_2), Equal(?_BODY_1, ?X_1), Equal(?_BODY_2, ?X_1) >>>
08:51:33 [INFO] Loading source SimpleTable { arity: 2, data: [AnyDataValue(PlainString(StringDataValue("Rotmilan"))), AnyDataValue(PlainString(StringDataValue("Wind Turbine B"))), AnyDataValue(Iri(IriDataValue("c_18"))), AnyDataValue(PlainString(StringDataValue("str_8")))] }
08:51:33 [INFO] Execution step: Body
08:51:33 [INFO] Trie does not contain any elements
08:51:33 [INFO] Execution step: Duplicate Elimination (Datalog)
08:51:33 [INFO] Trie does not contain any elements
08:51:33 [INFO] Rule duration: 0 ms
08:51:33 [INFO] <<< STEP 22: APPLYING RULE 20 R_9("50.89312291453255"^^<http://www.w3.org/2001/XMLSchema#double>, ?X_2) :- coordinates(?_BODY_1, ?X_2), coordinates_m(?_BODY_2, ?X_2), R_4(?X_2, ?_BODY_3, ?Z_1, ?_BODY_4, ?_BODY_5), Equal(?_BODY_1, "50.89312291453255"^^<http://www.w3.org/2001/XMLSchema#double>), Equal(?_BODY_2, "addr"), Equal(?_BODY_3, ?X_2), Equal(?_BODY_4, "50.89312291453255"^^<http://www.w3.org/2001/XMLSchema#double>), Equal(?_BODY_5, ?X_2) >>>
08:51:33 [INFO] Loading source SimpleTable { arity: 2, data: [AnyDataValue(Iri(IriDataValue("c_2"))), AnyDataValue(Iri(IriDataValue("c_3"))), AnyDataValue(Iri(IriDataValue("c_2"))), AnyDataValue(Iri(IriDataValue("c_12")))] }
08:51:33 [INFO] Execution step: Body
08:51:33 [INFO] Trie does not contain any elements
08:51:33 [INFO] Execution step: Duplicate Elimination (Datalog)
08:51:33 [INFO] Trie does not contain any elements
08:51:33 [INFO] Rule duration: 0 ms
08:51:33 [INFO] <<< STEP 23: APPLYING RULE 32 R_15(?X_2, ?X_1) :- R_25(?X_2, ?_BODY_1, ?X_1, ?_BODY_2, ?_BODY_3), R_25(?X_2, ?_BODY_4, ?X_1, ?_BODY_5, ?_BODY_6), Equal(?_BODY_1, ?X_2), Equal(?_BODY_2, ?X_1), Equal(?_BODY_3, c_7), Equal(?_BODY_4, ?X_2), Equal(?_BODY_5, ?X_1), Equal(?_BODY_6, c_7) >>>
08:51:33 [INFO] Execution step: Project/Reorder
08:51:33 [INFO] Trie does not contain any elements
08:51:33 [INFO] Execution step: Body
08:51:33 [INFO] Trie does not contain any elements
08:51:33 [INFO] Execution step: Duplicate Elimination (Datalog)
08:51:33 [INFO] Trie does not contain any elements
08:51:33 [INFO] Rule duration: 0 ms
08:51:33 [INFO] <<< STEP 24: APPLYING RULE 33 R_18(?X_5, ?X_6, ?X_3, "true"^^<http://www.w3.org/2001/XMLSchema#boolean>, ?X_2, ?X_1) :- CIRC_EARTH(?X_5), CIRC_EARTH(?X_6), CIRC_EARTH(?X_3), CIRC_EARTH(?_BODY_1), CIRC_EARTH(?X_2), CIRC_EARTH(?X_1), CIRC_EARTH(?X_5), Equal(?_BODY_1, "true"^^<http://www.w3.org/2001/XMLSchema#boolean>) >>>
08:51:33 [INFO] Loading source SimpleTable { arity: 6, data: [AnyDataValue(UnsignedLong(UnsignedLongDataValue(8796525374109451718))), AnyDataValue(PlainString(StringDataValue("Wind Turbine B"))), AnyDataValue(PlainString(StringDataValue("Wind Turbine A"))), AnyDataValue(PlainString(StringDataValue("Feldsperling"))), AnyDataValue(Iri(IriDataValue("c_1"))), AnyDataValue(PlainString(StringDataValue("str_1")))] }
08:51:33 [INFO] Execution step: Project/Reorder
08:51:33 [INFO] Saved temporary table: 1 entries (3456)
08:51:33 [INFO] Execution step: Body
08:51:33 [INFO] Trie does not contain any elements
08:51:33 [INFO] Execution step: Duplicate Elimination (Datalog)
08:51:33 [INFO] Trie does not contain any elements
08:51:33 [INFO] Rule duration: 0 ms
08:51:33 [INFO] <<< STEP 25: APPLYING RULE 37 R_13(?X_1) :- project_species(?X_1, ?_BODY_1), project_species(?X_1, ?_BODY_2), Equal(?_BODY_1, ?X_1), Equal(?_BODY_2, ?X_1) >>>
08:51:33 [INFO] Execution step: Project/Reorder
08:51:33 [INFO] Saved temporary table: 4 entries (7020)
08:51:33 [INFO] Execution step: Body
08:51:33 [INFO] Trie does not contain any elements
08:51:33 [INFO] Execution step: Duplicate Elimination (Datalog)
08:51:33 [INFO] Trie does not contain any elements
08:51:33 [INFO] Rule duration: 0 ms
08:51:33 [INFO] <<< STEP 26: APPLYING RULE 38 R_11(?X_4, ?X_1, ?X_2, "Wind Turbine C", ?X_6, ?X_3) :- TRUE(?X_4), TRUE(?X_1), TRUE(?X_2), TRUE(?_BODY_1), TRUE(?X_6), TRUE(?X_3), TRUE(?X_4), Equal(?_BODY_1, "Wind Turbine C") >>>
08:51:33 [INFO] Execution step: Project/Reorder
08:51:33 [INFO] Saved temporary table: 1 entries (3452)
08:51:33 [INFO] Execution step: Body
08:51:33 [INFO] Trie does not contain any elements
08:51:33 [INFO] Execution step: Duplicate Elimination (Datalog)
08:51:33 [INFO] Trie does not contain any elements
08:51:33 [INFO] Rule duration: 0 ms
08:51:33 [INFO] <<< STEP 27: APPLYING RULE 42 R_20(?X_1, 10066464750491489774) :- R_25(?X_1, ?_BODY_1, ?Y_1, ?_BODY_2, ?_BODY_3), R_25(?X_1, ?_BODY_4, ?Y_1, ?_BODY_5, ?_BODY_6), Equal(?_BODY_1, 10066464750491489774), Equal(?_BODY_2, 10066464750491489774), Equal(?_BODY_3, ?X_1), Equal(?_BODY_4, 10066464750491489774), Equal(?_BODY_5, 10066464750491489774), Equal(?_BODY_6, ?X_1) >>>
08:51:33 [INFO] Execution step: Project/Reorder
08:51:33 [INFO] Trie does not contain any elements
08:51:33 [INFO] Execution step: Body
08:51:33 [INFO] Trie does not contain any elements
08:51:33 [INFO] Execution step: Duplicate Elimination (Datalog)
08:51:33 [INFO] Trie does not contain any elements
08:51:33 [INFO] Rule duration: 0 ms
08:51:33 [INFO] <<< STEP 28: APPLYING RULE 43 R_19(?X_4, ?X_3, ?X_1, c_2) :- CIRC_EARTH(?X_4), CIRC_EARTH(?X_3), CIRC_EARTH(?X_1), CIRC_EARTH(?_BODY_1), CIRC_EARTH(?X_4), Equal(?_BODY_1, c_2) >>>
08:51:33 [INFO] Loading source SimpleTable { arity: 4, data: [AnyDataValue(PlainString(StringDataValue("Wind Turbine B"))), AnyDataValue(Iri(IriDataValue("c_4"))), AnyDataValue(PlainString(StringDataValue("Wind Turbine B"))), AnyDataValue(PlainString(StringDataValue("str_5"))), AnyDataValue(UnsignedLong(UnsignedLongDataValue(6894486871167901990))), AnyDataValue(Iri(IriDataValue("c_17"))), AnyDataValue(UnsignedLong(UnsignedLongDataValue(13146544509588967171))), AnyDataValue(PlainString(StringDataValue("str_9"))), AnyDataValue(UnsignedLong(UnsignedLongDataValue(3620244885284113009))), AnyDataValue(PlainString(StringDataValue("str_10"))), AnyDataValue(PlainString(StringDataValue("str_11"))), AnyDataValue(PlainString(StringDataValue("str_12")))] }
08:51:33 [INFO] Execution step: Project/Reorder
08:51:33 [INFO] Saved temporary table: 1 entries (3456)
08:51:33 [INFO] Execution step: Body
08:51:33 [INFO] Trie does not contain any elements
08:51:33 [INFO] Execution step: Duplicate Elimination (Datalog)
08:51:33 [INFO] Trie does not contain any elements
08:51:33 [INFO] Rule duration: 0 ms
08:51:33 [INFO] <<< STEP 29: APPLYING RULE 52 R_5("Wind Turbine B", ?X_3, ?X_2, ?X_2, ?X_6, ?X_5) :- R_36(?_BODY_1, ?X_3), R_36(?X_2, ?_BODY_2), R_36(?X_6, ?X_5), R_36(?_BODY_3, ?X_3), Equal(?_BODY_1, "Wind Turbine B"), Equal(?_BODY_2, ?X_2), Equal(?_BODY_3, "Wind Turbine B") >>>
08:51:33 [INFO] Loading source SimpleTable { arity: 6, data: [AnyDataValue(PlainString(StringDataValue("Rotmilan"))), AnyDataValue(Double(DoubleDataValue(13.69510396381167))), AnyDataValue(PlainString(StringDataValue("str_4"))), AnyDataValue(PlainString(StringDataValue("Wind Turbine A"))), AnyDataValue(PlainString(StringDataValue("Wind Turbine C"))), AnyDataValue(UnsignedLong(UnsignedLongDataValue(10066464750491489774))), AnyDataValue(Double(DoubleDataValue(50.89816338631804))), AnyDataValue(Iri(IriDataValue("c_5"))), AnyDataValue(Iri(IriDataValue("c_6"))), AnyDataValue(PlainString(StringDataValue("str_6"))), AnyDataValue(Iri(IriDataValue("c_5"))), AnyDataValue(PlainString(StringDataValue("Wind Turbine C"))), AnyDataValue(UnsignedLong(UnsignedLongDataValue(2688570752260900016))), AnyDataValue(Iri(IriDataValue("c_4"))), AnyDataValue(Double(DoubleDataValue(50.89816338631804))), AnyDataValue(PlainString(StringDataValue("str_7"))), AnyDataValue(Iri(IriDataValue("c_11"))), AnyDataValue(UnsignedLong(UnsignedLongDataValue(4280089535099092791))), AnyDataValue(UnsignedLong(UnsignedLongDataValue(15874488879906979084))), AnyDataValue(UnsignedLong(UnsignedLongDataValue(8347292480799569851))), AnyDataValue(Iri(IriDataValue("c_19"))), AnyDataValue(Iri(IriDataValue("c_20"))), AnyDataValue(UnsignedLong(UnsignedLongDataValue(6894486871167901990))), AnyDataValue(Double(DoubleDataValue(3.14159)))] }
08:51:33 [INFO] Execution step: Project/Reorder
08:51:33 [INFO] Trie does not contain any elements
08:51:33 [INFO] Execution step: Body
08:51:33 [INFO] Trie does not contain any elements
08:51:33 [INFO] Execution step: Duplicate Elimination (Datalog)
08:51:33 [INFO] Trie does not contain any elements
08:51:33 [INFO] Rule duration: 0 ms
08:51:33 [INFO] <<< STEP 30: APPLYING RULE 7 project_approved(?project) :- project(?project), project_reject(?project) >>>
08:51:33 [INFO] Loading source SimpleTable { arity: 1, data: [AnyDataValue(PlainString(StringDataValue("Wind Turbine A"))), AnyDataValue(PlainString(StringDataValue("Wind Turbine B"))), AnyDataValue(PlainString(StringDataValue("Wind Turbine C")))] }
08:51:33 [INFO] Execution step: Project/Reorder
08:51:33 [INFO] Saved temporary table: 2 entries (3456)
08:51:33 [INFO] Execution step: Body
08:51:33 [INFO] Saved temporary table: 1 entries (3404)
08:51:33 [INFO] Execution step: Duplicate Elimination (Datalog)
08:51:33 [INFO] Saved permanent table project_approved (30) Permutation { idx_to_val: [], val_to_idx: [] } with 1 entries (3452)
08:51:33 [INFO] Rule duration: 0 ms
08:51:33 [INFO] <<< STEP 31: APPLYING RULE 7 project_approved(?project) :- project(?project), project_reject(?project) >>>
08:51:33 [INFO] Execution step: Project/Reorder
08:51:33 [INFO] Saved temporary table: 2 entries (3456)
08:51:33 [INFO] Execution step: Body
08:51:33 [INFO] Trie does not contain any elements
08:51:33 [INFO] Execution step: Duplicate Elimination (Datalog)
08:51:33 [INFO] Trie does not contain any elements
08:51:33 [INFO] Rule duration: 0 ms
08:51:33 [INFO] <<< STEP 32: APPLYING RULE 8 closest_house(?project, ?_AGGREGATION_OUT) :- distance(?project, ?distance), ?_AGGREGATION_OUT = #min(?distance) >>>
08:51:33 [INFO] Execution step: Body
08:51:33 [INFO] Saved temporary table: 366 entries (9884)
08:51:33 [INFO] Execution step: Aggregate output
08:51:33 [INFO] Execution step: Project/Reorder
08:51:33 [INFO] Saved temporary table: 3 entries (7028)
08:51:33 [INFO] Execution step: Duplicate Elimination (Datalog)
08:51:33 [INFO] Saved permanent table closest_house (32) Permutation { idx_to_val: [], val_to_idx: [] } with 3 entries (7028)
08:51:33 [INFO] Rule duration: 0 ms
08:51:33 [INFO] <<< STEP 33: APPLYING RULE 8 closest_house(?project, ?_AGGREGATION_OUT) :- distance(?project, ?distance), ?_AGGREGATION_OUT = #min(?distance) >>>
08:51:33 [INFO] Execution step: Body
08:51:33 [INFO] Trie does not contain any elements
08:51:33 [INFO] Execution step: Aggregate output
08:51:33 [INFO] Trie does not contain any elements
08:51:33 [INFO] Execution step: Duplicate Elimination (Datalog)
08:51:33 [INFO] Trie does not contain any elements
08:51:33 [INFO] Rule duration: 0 ms
08:51:33 [INFO] <<< STEP 34: APPLYING RULE 19 R_11("Mauersegler", ?X_3, ?X_5, ?X_6, ?X_1, ?X_4) :- R_4(?_BODY_1, ?X_3, ?Y_2, ?X_6, ?_BODY_2), R_4(?X_4, ?_BODY_3, ?X_5, ?_BODY_4, ?X_1), R_3(?X_1, ?_BODY_5, ?_BODY_6, ?X_3), Equal(?_BODY_1, "Mauersegler"), Equal(?_BODY_2, ?X_3), Equal(?_BODY_3, "Feldsperling"), Equal(?_BODY_4, ?X_5), Equal(?_BODY_5, ?X_1), Equal(?_BODY_6, ?X_1) >>>
08:51:33 [INFO] Execution step: Project/Reorder
08:51:33 [INFO] Trie does not contain any elements
08:51:33 [INFO] Execution step: Body
08:51:33 [INFO] Trie does not contain any elements
08:51:33 [INFO] Execution step: Duplicate Elimination (Datalog)
08:51:33 [INFO] Trie does not contain any elements
08:51:33 [INFO] Rule duration: 0 ms
08:51:33 [INFO] <<< STEP 35: APPLYING RULE 34 R_1(?X_2, ?X_3, ?X_1, c_17) :- project_reject(?X_2), project_reject(?X_3), project_reject(?X_1), project_reject(?_BODY_1), project_reject(?X_2), Equal(?_BODY_1, c_17) >>>
08:51:33 [INFO] Loading source SimpleTable { arity: 4, data: [AnyDataValue(Iri(IriDataValue("c_13"))), AnyDataValue(Iri(IriDataValue("c_14"))), AnyDataValue(UnsignedLong(UnsignedLongDataValue(16602765275248386728))), AnyDataValue(Iri(IriDataValue("c_15")))] }
08:51:33 [INFO] Execution step: Project/Reorder
08:51:33 [INFO] Saved temporary table: 2 entries (3456)
08:51:33 [INFO] Execution step: Body
08:51:33 [INFO] Trie does not contain any elements
08:51:33 [INFO] Execution step: Duplicate Elimination (Datalog)
08:51:33 [INFO] Trie does not contain any elements
08:51:33 [INFO] Rule duration: 0 ms
08:51:33 [INFO] <<< STEP 36: APPLYING RULE 35 R_9(?X_1, ?X_1) :- environmental_impact(?X_1), environmental_impact(?X_1), environmental_impact(?X_1) >>>
08:51:33 [INFO] Execution step: Project/Reorder
08:51:33 [INFO] Saved temporary table: 2 entries (3456)
08:51:33 [INFO] Execution step: Body
08:51:33 [INFO] Trie does not contain any elements
08:51:33 [INFO] Execution step: Duplicate Elimination (Datalog)
08:51:33 [INFO] Trie does not contain any elements
08:51:33 [INFO] Rule duration: 0 ms
08:51:33 [INFO] <<< STEP 37: APPLYING RULE 40 R_16(?X_3, c_15, ?X_2, ?X_4) :- coordinates_m(?X_3, ?_BODY_1), coordinates_m(?X_2, ?X_4), coordinates_m(?X_3, ?_BODY_2), Equal(?_BODY_1, c_15), Equal(?_BODY_2, c_15) >>>
08:51:33 [INFO] Execution step: Project/Reorder
08:51:33 [INFO] Saved temporary table: 122 entries (9188)
08:51:33 [INFO] Execution step: Body
08:51:33 [INFO] Trie does not contain any elements
08:51:33 [INFO] Execution step: Duplicate Elimination (Datalog)
08:51:33 [INFO] Trie does not contain any elements
08:51:33 [INFO] Rule duration: 5 ms
08:51:33 [INFO] <<< STEP 38: APPLYING RULE 47 R_19(?X_1, ?X_4, ?X_3, ?X_2) :- project_reject(?X_1), project_reject(?X_4), project_reject(?X_3), project_reject(?X_2), project_reject(?X_1) >>>
08:51:33 [INFO] Execution step: Project/Reorder
08:51:33 [INFO] Saved temporary table: 2 entries (3456)
08:51:33 [INFO] Execution step: Body
08:51:33 [INFO] Trie does not contain any elements
08:51:33 [INFO] Execution step: Duplicate Elimination (Datalog)
08:51:33 [INFO] Trie does not contain any elements
08:51:33 [INFO] Rule duration: 0 ms
08:51:33 [INFO] <<< STEP 39: APPLYING RULE 49 R_21(c_15, ?X_2, ?X_3) :- R_20(?X_3, ?X_2), R_20(?X_3, ?_BODY_1), R_20(?X_3, ?X_2), Equal(?_BODY_1, c_15) >>>
08:51:33 [INFO] Loading source SimpleTable { arity: 3, data: [AnyDataValue(PlainString(StringDataValue("str_8"))), AnyDataValue(Iri(IriDataValue("c_16"))), AnyDataValue(PlainString(StringDataValue("str_5")))] }
08:51:33 [INFO] Execution step: Project/Reorder
08:51:33 [INFO] Saved temporary table: 1 entries (6904)
08:51:33 [INFO] Execution step: Body
08:51:33 [INFO] Trie does not contain any elements
08:51:33 [INFO] Execution step: Duplicate Elimination (Datalog)
08:51:33 [INFO] Trie does not contain any elements
08:51:33 [INFO] Rule duration: 0 ms
08:51:33 [INFO] <<< STEP 40: APPLYING RULE 51 R_16(?X_4, ?X_2, ?X_4, ?X_3) :- project_location_m(?X_4, ?X_2, ?_BODY_1), project_location_m(?X_3, ?X_2, ?_BODY_2), project_location_m(?X_4, ?X_2, ?_BODY_3), Equal(?_BODY_1, ?X_4), Equal(?_BODY_2, ?X_2), Equal(?_BODY_3, ?X_4) >>>
08:51:33 [INFO] Execution step: Project/Reorder
08:51:33 [INFO] Saved temporary table: 3 entries (10548)
08:51:33 [INFO] Execution step: Body
08:51:33 [INFO] Trie does not contain any elements
08:51:33 [INFO] Execution step: Duplicate Elimination (Datalog)
08:51:33 [INFO] Trie does not contain any elements
08:51:33 [INFO] Rule duration: 0 ms
08:51:33 [INFO] <<< STEP 41: APPLYING RULE 15 R_1(?X_2, ?X_1, "Wind Turbine B", ?X_4) :- R_11(?X_2, ?X_1, ?_BODY_1, ?X_4, ?_BODY_2, ?_BODY_3), closest_house(?X_2, ?X_4), Equal(?_BODY_1, ?X_1), Equal(?_BODY_2, "Wind Turbine B"), Equal(?_BODY_3, ?X_4) >>>
08:51:33 [INFO] Execution step: Project/Reorder
08:51:33 [INFO] Saved temporary table: 3 entries (6980)
08:51:33 [INFO] Execution step: Body
08:51:33 [INFO] Trie does not contain any elements
08:51:33 [INFO] Execution step: Duplicate Elimination (Datalog)
08:51:33 [INFO] Trie does not contain any elements
08:51:33 [INFO] Rule duration: 0 ms
08:51:33 [INFO] <<< STEP 42: APPLYING RULE 39 R_9("Wind Turbine A", ?X_2) :- R_16(?_BODY_1, ?X_2, ?_BODY_2, ?_BODY_3), R_16(?_BODY_4, ?X_2, ?_BODY_5, ?_BODY_6), Equal(?_BODY_1, "Wind Turbine A"), Equal(?_BODY_2, ?X_2), Equal(?_BODY_3, 60), Equal(?_BODY_4, "Wind Turbine A"), Equal(?_BODY_5, ?X_2), Equal(?_BODY_6, 60) >>>
08:51:33 [INFO] Execution step: Project/Reorder
08:51:33 [INFO] Saved temporary table: 1 entries (13764)
08:51:33 [INFO] Execution step: Body
08:51:33 [INFO] Trie does not contain any elements
08:51:33 [INFO] Execution step: Duplicate Elimination (Datalog)
08:51:33 [INFO] Trie does not contain any elements
08:51:33 [INFO] Rule duration: 0 ms
08:51:33 [INFO] <<< STEP 43: APPLYING RULE 21 R_17(?X_1, ?X_2) :- project_approved(?X_1), project_approved(?X_2), locations(?X_1, ?Z_2, ?_BODY_1), R_9(?X_1, ?_BODY_2), Equal(?_BODY_1, "Wind Turbine C"), Equal(?_BODY_2, ?X_1) >>>
08:51:33 [INFO] Loading source SimpleTable { arity: 2, data: [AnyDataValue(UnsignedLong(UnsignedLongDataValue(8347292480799569851))), AnyDataValue(UnsignedLong(UnsignedLongDataValue(17488543949180998464)))] }
08:51:33 [INFO] Execution step: Body
08:51:33 [INFO] Trie does not contain any elements
08:51:33 [INFO] Execution step: Duplicate Elimination (Datalog)
08:51:33 [INFO] Trie does not contain any elements
08:51:33 [INFO] Rule duration: 0 ms
08:51:33 [INFO] <<< STEP 44: APPLYING RULE 44 R_12("Feldsperling") :- R_16(?_BODY_1, ?Y_1, ?_BODY_2, ?_BODY_3), R_16(?_BODY_4, ?Y_1, ?_BODY_5, ?_BODY_6), Equal(?_BODY_1, c_10), Equal(?_BODY_2, "Feldsperling"), Equal(?_BODY_3, ?Y_1), Equal(?_BODY_4, c_10), Equal(?_BODY_5, "Feldsperling"), Equal(?_BODY_6, ?Y_1) >>>
08:51:33 [INFO] Loading source SimpleTable { arity: 1, data: [AnyDataValue(Iri(IriDataValue("c_23")))] }
08:51:33 [INFO] Execution step: Project/Reorder
08:51:33 [INFO] Saved temporary table: 1 entries (13764)
08:51:33 [INFO] Execution step: Body
08:51:33 [INFO] Trie does not contain any elements
08:51:33 [INFO] Execution step: Duplicate Elimination (Datalog)
08:51:33 [INFO] Trie does not contain any elements
08:51:33 [INFO] Rule duration: 0 ms
08:51:33 [INFO] <<< STEP 45: APPLYING RULE 24 R_5(?X_2, "Wind Turbine A", ?X_3, ?X_4, ?X_5, ?X_6) :- project_location(?X_2, ?_BODY_1, ?X_3), project_location(?X_4, ?X_5, ?X_6), coordinates(?X_5, ?_BODY_2), R_1(?X_5, ?X_3, ?_BODY_3, ?X_4), R_14(?X_5, ?X_6, ?X_3, ?X_4, ?_BODY_4), Equal(?_BODY_1, "Wind Turbine A"), Equal(?_BODY_2, "addr"), Equal(?_BODY_3, ?X_3), Equal(?_BODY_4, ?X_3) >>>
08:51:33 [INFO] Execution step: Project/Reorder
08:51:33 [INFO] Saved temporary table: 1 entries (13760)
08:51:33 [INFO] Execution step: Project/Reorder
08:51:33 [INFO] Trie does not contain any elements
08:51:33 [INFO] Execution step: Body
08:51:33 [INFO] Trie does not contain any elements
08:51:33 [INFO] Execution step: Duplicate Elimination (Datalog)
08:51:33 [INFO] Trie does not contain any elements
08:51:33 [INFO] Rule duration: 0 ms
08:51:33 [INFO] <<< STEP 46: APPLYING RULE 46 R_10(?X_3, ?X_3, ?X_2, ?X_4, ?X_1, ?X_6) :- R_17(?X_3, ?_BODY_1), R_17(?X_2, ?X_4), R_17(?X_1, ?X_6), R_17(?X_3, ?_BODY_2), Equal(?_BODY_1, ?X_3), Equal(?_BODY_2, ?X_3) >>>
08:51:33 [INFO] Execution step: Project/Reorder
08:51:33 [INFO] Saved temporary table: 1 entries (6908)
08:51:33 [INFO] Execution step: Body
08:51:33 [INFO] Trie does not contain any elements
08:51:33 [INFO] Execution step: Duplicate Elimination (Datalog)
08:51:33 [INFO] Trie does not contain any elements
08:51:33 [INFO] Rule duration: 0 ms
08:51:33 [INFO] <<< STEP 47: APPLYING RULE 50 R_13(c_11) :- R_17(?_BODY_1, ?_BODY_2), R_17(?_BODY_3, ?_BODY_4), Equal(?_BODY_1, c_11), Equal(?_BODY_2, c_11), Equal(?_BODY_3, c_11), Equal(?_BODY_4, c_11) >>>
08:51:33 [INFO] Execution step: Project/Reorder
08:51:33 [INFO] Saved temporary table: 1 entries (6908)
08:51:33 [INFO] Execution step: Body
08:51:33 [INFO] Trie does not contain any elements
08:51:33 [INFO] Execution step: Duplicate Elimination (Datalog)
08:51:33 [INFO] Trie does not contain any elements
08:51:33 [INFO] Rule duration: 0 ms
08:51:33 [INFO] <<< STEP 48: APPLYING RULE 26 R_19(?X_3, ?X_1, ?X_2, "Wind Turbine A") :- CIRC_EARTH(?X_3), CIRC_EARTH(?X_1), CIRC_EARTH(?X_2), CIRC_EARTH(?_BODY_1), project_reject(?_BODY_2), R_16(?Z_2, ?X_3, ?_BODY_3, ?X_2), R_17(?X_3, ?X_1), R_5(?X_3, ?X_1, ?_BODY_4, ?_BODY_5, ?X_2, ?_BODY_6), Equal(?_BODY_1, "Wind Turbine A"), Equal(?_BODY_2, "13.704927907097524"^^<http://www.w3.org/2001/XMLSchema#double>), Equal(?_BODY_3, ?X_3), Equal(?_BODY_4, ?X_3), Equal(?_BODY_5, ?X_1), Equal(?_BODY_6, ?X_2) >>>
08:51:33 [INFO] Execution step: Project/Reorder
08:51:33 [INFO] Saved temporary table: 4 entries (21488)
08:51:33 [INFO] Execution step: Body
08:51:33 [INFO] Trie does not contain any elements
08:51:33 [INFO] Execution step: Duplicate Elimination (Datalog)
08:51:33 [INFO] Trie does not contain any elements
08:51:33 [INFO] Rule duration: 0 ms
08:51:33 [INFO] <<< STEP 49: APPLYING RULE 11 R_6(?X_3, ?X_4, ?X_1, ?X_2) :- R_19(?X_3, ?X_4, ?X_1, ?X_2) >>>
08:51:33 [INFO] Loading source SimpleTable { arity: 4, data: [AnyDataValue(Iri(IriDataValue("c_21"))), AnyDataValue(UnsignedLong(UnsignedLongDataValue(2703466947559660156))), AnyDataValue(UnsignedLong(UnsignedLongDataValue(10066464750491489774))), AnyDataValue(UnsignedLong(UnsignedLongDataValue(10066464750491489774)))] }
08:51:33 [INFO] Execution step: Body
08:51:33 [INFO] Saved temporary table: 3 entries (14088)
08:51:33 [INFO] Execution step: Duplicate Elimination (Datalog)
08:51:33 [INFO] Saved permanent table R_6 (49) Permutation { idx_to_val: [], val_to_idx: [] } with 3 entries (14144)
08:51:33 [INFO] Rule duration: 0 ms
08:51:33 [INFO] <<< STEP 50: APPLYING RULE 11 R_6(?X_3, ?X_4, ?X_1, ?X_2) :- R_19(?X_3, ?X_4, ?X_1, ?X_2) >>>
08:51:33 [INFO] Execution step: Body
08:51:33 [INFO] Trie does not contain any elements
08:51:33 [INFO] Execution step: Duplicate Elimination (Datalog)
08:51:33 [INFO] Trie does not contain any elements
08:51:33 [INFO] Rule duration: 0 ms
08:51:33 [INFO] <<< STEP 51: APPLYING RULE 45 R_6(?X_2, ?X_1, ?X_4, "true"^^<http://www.w3.org/2001/XMLSchema#boolean>) :- R_5(?X_2, ?X_1, ?_BODY_1, ?_BODY_2, ?X_4, ?Y_1), R_5(?X_2, ?X_1, ?_BODY_3, ?_BODY_4, ?X_4, ?Y_1), Equal(?_BODY_1, "true"^^<http://www.w3.org/2001/XMLSchema#boolean>), Equal(?_BODY_2, "true"^^<http://www.w3.org/2001/XMLSchema#boolean>), Equal(?_BODY_3, "true"^^<http://www.w3.org/2001/XMLSchema#boolean>), Equal(?_BODY_4, "true"^^<http://www.w3.org/2001/XMLSchema#boolean>) >>>
08:51:33 [INFO] Execution step: Project/Reorder
08:51:33 [INFO] Saved temporary table: 4 entries (21488)
08:51:33 [INFO] Execution step: Body
08:51:33 [INFO] Trie does not contain any elements
08:51:33 [INFO] Execution step: Duplicate Elimination (Datalog)
08:51:33 [INFO] Trie does not contain any elements
08:51:33 [INFO] Rule duration: 0 ms
08:51:33 [INFO] <<< STEP 52: APPLYING RULE 48 R_8(?X_1, ?X_3, ?X_2, "str_8") :- R_19(?X_1, ?X_3, ?X_2, ?_BODY_1), R_19(?X_1, ?X_3, ?X_2, ?_BODY_2), Equal(?_BODY_1, "str_8"), Equal(?_BODY_2, "str_8") >>>
08:51:33 [INFO] Execution step: Project/Reorder
08:51:33 [INFO] Saved temporary table: 3 entries (14144)
08:51:33 [INFO] Execution step: Body
08:51:33 [INFO] Trie does not contain any elements
08:51:33 [INFO] Execution step: Duplicate Elimination (Datalog)
08:51:33 [INFO] Trie does not contain any elements
08:51:33 [INFO] Rule duration: 0 ms
08:51:33 [INFO] <<< STEP 53: APPLYING RULE 29 R_8(?X_3, ?X_2, "Wind Turbine B", ?X_1) :- project_height_m(?X_3, ?X_2), project_height_m(?_BODY_1, ?X_1), project_approved(?X_2), R_8(?X_3, ?_BODY_2, ?X_2, ?X_1), R_20(?X_2, ?X_3), CIRC_EARTH(?X_3), Equal(?_BODY_1, "Wind Turbine B"), Equal(?_BODY_2, ?X_3) >>>
08:51:33 [INFO] Execution step: Project/Reorder
08:51:33 [INFO] Saved temporary table: 1 entries (3456)
08:51:33 [INFO] Execution step: Body
08:51:33 [INFO] Trie does not contain any elements
08:51:33 [INFO] Execution step: Duplicate Elimination (Datalog)
08:51:33 [INFO] Trie does not contain any elements
08:51:33 [INFO] Rule duration: 0 ms
08:51:33 [INFO] <<< STEP 54: APPLYING RULE 23 R_7(?X_4, "40075000"^^<http://www.w3.org/2001/XMLSchema#double>, ?X_1, ?X_3) :- R_8(?X_4, ?_BODY_1, ?X_1, ?X_3), project_location_m(?X_4, ?_BODY_2, ?X_1), R_13(?X_4), R_6(?X_3, ?X_4, ?X_1, ?_BODY_3), Equal(?_BODY_1, "40075000"^^<http://www.w3.org/2001/XMLSchema#double>), Equal(?_BODY_2, ?X_4), Equal(?_BODY_3, ?X_1) >>>
08:51:33 [INFO] Loading source SimpleTable { arity: 4, data: [AnyDataValue(UnsignedLong(UnsignedLongDataValue(8347292480799569851))), AnyDataValue(Iri(IriDataValue("c_9"))), AnyDataValue(PlainString(StringDataValue("Wind Turbine C"))), AnyDataValue(Iri(IriDataValue("c_10")))] }
08:51:33 [INFO] Execution step: Project/Reorder
08:51:33 [INFO] Saved temporary table: 4 entries (14252)
08:51:33 [INFO] Execution step: Body
08:51:33 [INFO] Trie does not contain any elements
08:51:33 [INFO] Execution step: Duplicate Elimination (Datalog)
08:51:33 [INFO] Trie does not contain any elements
08:51:33 [INFO] Rule duration: 0 ms
08:51:33 [INFO] <<< STEP 55: APPLYING RULE 41 R_7(?X_3, ?X_3, ?X_4, ?X_2) :- R_19(?X_3, ?_BODY_1, ?X_4, ?X_2), R_19(?X_3, ?_BODY_2, ?X_4, ?X_2), Equal(?_BODY_1, ?X_3), Equal(?_BODY_2, ?X_3) >>>
08:51:33 [INFO] Execution step: Project/Reorder
08:51:33 [INFO] Saved temporary table: 3 entries (14088)
08:51:33 [INFO] Execution step: Body
08:51:33 [INFO] Trie does not contain any elements
08:51:33 [INFO] Execution step: Duplicate Elimination (Datalog)
08:51:33 [INFO] Trie does not contain any elements
08:51:33 [INFO] Rule duration: 0 ms
08:51:33 [INFO] <<< STEP 56: APPLYING RULE 36 R_10(?X_5, ?X_6, ?X_4, ?X_1, ?X_3, ?X_2) :- R_8(?X_5, ?Y_2, ?X_4, ?X_6), R_8(?X_3, ?X_2, ?X_6, ?X_1), R_8(?X_5, ?Y_2, ?X_4, ?X_6) >>>
08:51:33 [INFO] Execution step: Project/Reorder
08:51:33 [INFO] Trie does not contain any elements
08:51:33 [INFO] Execution step: Body
08:51:33 [INFO] Trie does not contain any elements
08:51:33 [INFO] Execution step: Duplicate Elimination (Datalog)
08:51:33 [INFO] Trie does not contain any elements
08:51:33 [INFO] Rule duration: 0 ms
08:51:33 [INFO] <<< STEP 57: APPLYING RULE 18 R_21(?X_3, ?X_1, ?X_2) :- R_2(?X_3), R_2(?X_1), R_2(?X_2), endangered(?X_1), R_2(?Z_2) >>>
08:51:33 [INFO] Loading source SimpleTable { arity: 1, data: [AnyDataValue(Iri(IriDataValue("c_8")))] }
08:51:33 [INFO] Execution step: Body
08:51:33 [INFO] Trie does not contain any elements
08:51:33 [INFO] Execution step: Duplicate Elimination (Datalog)
08:51:33 [INFO] Trie does not contain any elements
08:51:33 [INFO] Rule duration: 0 ms
08:51:33 [INFO] <<< STEP 58: APPLYING RULE 25 R_2(?X_1) :- R_10(?X_1, ?Y_1, ?_BODY_1, ?_BODY_2, ?_BODY_3, ?_BODY_4), R_15(?X_1, ?_BODY_5), Equal(?_BODY_1, ?X_1), Equal(?_BODY_2, ?X_1), Equal(?_BODY_3, ?Y_1), Equal(?_BODY_4, ?Y_1), Equal(?_BODY_5, "Wind Turbine B") >>>
08:51:33 [INFO] Execution step: Project/Reorder
08:51:33 [INFO] Saved temporary table: 2 entries (6960)
08:51:33 [INFO] Execution step: Body
08:51:33 [INFO] Trie does not contain any elements
08:51:33 [INFO] Execution step: Duplicate Elimination (Datalog)
08:51:33 [INFO] Trie does not contain any elements
08:51:33 [INFO] Rule duration: 0 ms
08:51:33 [INFO] <<< STEP 59: APPLYING RULE 27 R_10(?X_2, ?X_6, "13.688126881341304"^^<http://www.w3.org/2001/XMLSchema#double>, ?X_2, ?X_5, ?X_4) :- R_5(?X_2, ?X_6, ?_BODY_1, ?_BODY_2, ?X_5, ?X_4), environmental_impact(?X_4), R_7(?X_4, ?Z_1, ?_BODY_3, ?_BODY_4), R_10(?Z_6, ?Z_7, ?X_2, ?_BODY_5, ?_BODY_6, ?X_6), R_18(?X_2, ?X_4, ?_BODY_7, ?_BODY_8, ?_BODY_9, ?X_5), Equal(?_BODY_1, "13.688126881341304"^^<http://www.w3.org/2001/XMLSchema#double>), Equal(?_BODY_2, ?X_2), Equal(?_BODY_3, ?X_4), Equal(?_BODY_4, ?X_4), Equal(?_BODY_5, ?X_2), Equal(?_BODY_6, ?X_2), Equal(?_BODY_7, ?X_4), Equal(?_BODY_8, "Feldsperling"), Equal(?_BODY_9, ?X_4) >>>
08:51:33 [INFO] Execution step: Body
08:51:33 [INFO] Trie does not contain any elements
08:51:33 [INFO] Execution step: Duplicate Elimination (Datalog)
08:51:33 [INFO] Trie does not contain any elements
08:51:33 [INFO] Rule duration: 0 ms
08:51:33 [INFO] <<< STEP 60: APPLYING RULE 30 R_18(?X_6, ?X_1, ?X_3, ?X_2, "3.14159"^^<http://www.w3.org/2001/XMLSchema#double>, ?X_5) :- project_location_m(?X_6, ?X_1, ?X_3), project_location_m(?X_2, ?_BODY_1, ?X_5), R_21(?X_3, ?X_2, ?X_6), Equal(?_BODY_1, "3.14159"^^<http://www.w3.org/2001/XMLSchema#double>) >>>
08:51:33 [INFO] Execution step: Body
08:51:33 [INFO] Trie does not contain any elements
08:51:33 [INFO] Execution step: Duplicate Elimination (Datalog)
08:51:33 [INFO] Trie does not contain any elements
08:51:33 [INFO] Rule duration: 0 ms
08:51:33 [INFO] <<< STEP 61: APPLYING RULE 22 R_12("true"^^<http://www.w3.org/2001/XMLSchema#boolean>) :- R_OUT(?_BODY_1, ?_BODY_2, ?_BODY_3, ?_BODY_4, ?_BODY_5, ?Y_1), TRUE(?Y_1), R_11(?Y_1, ?_BODY_6, ?_BODY_7, ?_BODY_8, ?Z_1, ?_BODY_9), Equal(?_BODY_1, "true"^^<http://www.w3.org/2001/XMLSchema#boolean>), Equal(?_BODY_2, "Wind Turbine C"), Equal(?_BODY_3, "Wind Turbine C"), Equal(?_BODY_4, "true"^^<http://www.w3.org/2001/XMLSchema#boolean>), Equal(?_BODY_5, "true"^^<http://www.w3.org/2001/XMLSchema#boolean>), Equal(?_BODY_6, ?Y_1), Equal(?_BODY_7, "Wind Turbine C"), Equal(?_BODY_8, "Wind Turbine A"), Equal(?_BODY_9, ?Y_1) >>>
08:51:33 [INFO] Execution step: Body
08:51:33 [INFO] Trie does not contain any elements
08:51:33 [INFO] Execution step: Duplicate Elimination (Datalog)
08:51:33 [INFO] Trie does not contain any elements
08:51:33 [INFO] Rule duration: 0 ms
08:51:33 [INFO] <<< STEP 62: APPLYING RULE 28 R_22(?X_1, ?X_2) :- project_location_m(?X_1, ?X_2, ?_BODY_1), project(?Z_1), project_species(?Z_2, ?X_2), R_12(?X_1), R_19(?X_2, ?_BODY_2, ?X_1, ?_BODY_3), Equal(?_BODY_1, ?X_2), Equal(?_BODY_2, "13.69510396381167"^^<http://www.w3.org/2001/XMLSchema#double>), Equal(?_BODY_3, ?X_2) >>>
08:51:33 [INFO] Loading source SimpleTable { arity: 2, data: [AnyDataValue(Iri(IriDataValue("c_5"))), AnyDataValue(PlainString(StringDataValue("Wind Turbine A")))] }
08:51:33 [INFO] Execution step: Project/Reorder
08:51:33 [INFO] Saved temporary table: 3 entries (14088)
08:51:33 [INFO] Execution step: Body
08:51:33 [INFO] Trie does not contain any elements
08:51:33 [INFO] Execution step: Duplicate Elimination (Datalog)
08:51:33 [INFO] Trie does not contain any elements
08:51:33 [INFO] Rule duration: 0 ms
08:51:33 [INFO] <<< STEP 63: APPLYING RULE 31 R_OUT(?X_5, ?X_3, ?X_6, ?X_1, ?X_1, ?X_4) :- R_18(?X_5, ?X_3, ?X_6, ?X_1, ?_BODY_1, ?X_4), distance(?X_5, ?X_4), R_22(?X_4, ?X_3), Equal(?_BODY_1, ?X_1) >>>
08:51:33 [INFO] Execution step: Body
08:51:33 [INFO] Trie does not contain any elements
08:51:33 [INFO] Execution step: Duplicate Elimination (Datalog)
08:51:33 [INFO] Trie does not contain any elements
08:51:33 [INFO] Rule duration: 0 ms
08:51:33 [INFO] Execution step: Combining Tables
08:51:33 [INFO] Saved permanent table R_OUT (0-1) Permutation { idx_to_val: [], val_to_idx: [] } with 1 entries (20720)
08:51:33 [INFO] ----------------------------------------------
08:51:33 [INFO]  Finished Nemo Execution - Transformed Program
08:51:33 [INFO] Output size: 1
08:51:33 [INFO] ----------------------------------------------
08:51:33 [INFO] 
08:51:33 [INFO] ----------------------------------------------
08:51:33 [INFO] ------------ Asserting Oracle EQU ------------
08:51:33 [INFO] ----------------------------------------------
08:51:33 [INFO] All good, output is equivalent
08:51:33 [INFO] old_dir "/home/leo_repp/masterthesis/nemo/nemo-metamorphic-testing/benchmark_500k_r"
