21:07:59 [INFO] ----------------------------------------------
21:07:59 [INFO] Beginning transformation mtf_EXP_5500032
                Oracle:     EXP          Number of T: 41
                Debug Mode: false          u64 Seed:    5500032
                Number of generating transformations: 43
                Internal Seed:          [68, 71, 72, 66, 171, 213, 147, 33, 184, 35, 112, 139, 48, 198, 63, 172, 120, 61, 147, 75, 38, 216, 71, 253, 120, 23, 178, 233, 225, 115, 103, 163]
                Seed File: Currently not supported!
21:07:59 [INFO] ----------------------------------------------
21:07:59 [INFO] -------------- Reading Seed File: ------------
21:07:59 [INFO] "/home/leo_repp/masterthesis/nemo/nemo-metamorphic-testing/examples/datalogMtlWeather/datalogMtlWeather.rls"
21:07:59 [INFO] Renaming of rules complete
21:07:59 [INFO] --------- Finished Reading Seed file ---------
21:07:59 [INFO] ----------------------------------------------
21:07:59 [INFO] 
21:07:59 [INFO] ----------------------------------------------
21:07:59 [INFO] -------- Beginning Program Generation --------
21:07:59 [INFO] ----------------------------------------------
21:07:59 [INFO] 
21:07:59 [INFO] Removing old export statements
21:07:59 [INFO] Beginning inverse_stratum and ancestry computation starting at node R_OUT
21:07:59 [INFO] Ancestry and Inverse Stratum computation complete.
21:07:59 [INFO] Constructed lite ADG
21:07:59 [INFO] Generating Program...
21:07:59 [INFO] 
21:07:59 [INFO] 1 / 42
21:07:59 [INFO]   I Add Relational Node
21:07:59 [INFO]   Added new relation R_1
21:07:59 [INFO] 2 / 42
21:07:59 [INFO]   I Add Relational Node
21:07:59 [INFO]   Added new relation R_2
21:07:59 [INFO] 3 / 42
21:07:59 [INFO]   I Add Relational Node
21:07:59 [INFO]   Added new relation R_3
21:07:59 [INFO] 4 / 42
21:07:59 [INFO]   I Add Relational Node
21:07:59 [INFO]   Added new relation R_4
21:07:59 [INFO] 5 / 42
21:07:59 [INFO]   I Add Relational Node
21:07:59 [INFO]   Added new relation R_5
21:07:59 [INFO] 6 / 42
21:07:59 [INFO]   I Add Relational Node
21:07:59 [INFO]   Added new relation R_6
21:07:59 [INFO] 7 / 42
21:07:59 [INFO]   I Add Relational Node
21:07:59 [INFO]   Added new relation R_7
21:07:59 [INFO] 8 / 42
21:07:59 [INFO]   I Add Relational Node
21:07:59 [INFO]   Added new relation R_8
21:07:59 [INFO] 9 / 42
21:07:59 [INFO]   I Add Relational Node
21:07:59 [INFO]   Added new relation R_9
21:07:59 [INFO] 10 / 42
21:07:59 [INFO]   I Add Relational Node
21:07:59 [INFO]   Added new relation R_10
21:07:59 [INFO] 11 / 42
21:07:59 [INFO]   I Add Relational Node
21:07:59 [INFO]   Added new relation R_11
21:07:59 [INFO] 12 / 42
21:07:59 [INFO]   I Add Relational Node
21:07:59 [INFO]   Added new relation R_12
21:07:59 [INFO] 13 / 42
21:07:59 [INFO]   I Add Relational Node
21:07:59 [INFO]   Added new relation R_13
21:07:59 [INFO] 14 / 42
21:07:59 [INFO]   I Add Relational Node
21:07:59 [INFO]   Added new relation R_14
21:07:59 [INFO] 15 / 42
21:07:59 [INFO]   I Add Relational Node
21:07:59 [INFO]   Added new relation R_15
21:07:59 [INFO] 16 / 42
21:07:59 [INFO]   I Add Relational Node
21:07:59 [INFO]   Added new relation R_16
21:07:59 [INFO] 17 / 42
21:07:59 [INFO]   I Add Relational Node
21:07:59 [INFO]   Added new relation R_17
21:07:59 [INFO] 18 / 42
21:07:59 [INFO]   I Add Relational Node
21:07:59 [INFO]   Added new relation R_18
21:07:59 [INFO] 19 / 42
21:07:59 [INFO]   I Add Relational Node
21:07:59 [INFO]   Added new relation R_19
21:07:59 [INFO] 20 / 42
21:07:59 [INFO]   I Add Relational Node
21:07:59 [INFO]   Added new relation R_20
21:07:59 [INFO] 21 / 42
21:07:59 [INFO]   I Add Relational Node
21:07:59 [INFO]   Added new relation R_21
21:07:59 [INFO] 22 / 42
21:07:59 [INFO]   I Add Relational Node
21:07:59 [INFO]   Added new relation R_22
21:07:59 [INFO] 23 / 42
21:07:59 [INFO]   I Add Relational Node
21:07:59 [INFO]   Added new relation R_23
21:07:59 [INFO] 24 / 42
21:07:59 [INFO]   I Add Relational Node
21:07:59 [INFO]   Added new relation R_24
21:07:59 [INFO] 25 / 42
21:07:59 [INFO]   I Add Relational Node
21:07:59 [INFO]   Added new relation R_25
21:07:59 [INFO] 26 / 42
21:07:59 [INFO]   I Add Relational Node
21:07:59 [INFO]   Added new relation R_26
21:07:59 [INFO] 27 / 42
21:07:59 [INFO]   I Add Relational Node
21:07:59 [INFO]   Added new relation R_27
21:07:59 [INFO] 28 / 42
21:07:59 [INFO]   I Add Relational Node
21:07:59 [INFO]   Added new relation R_28
21:07:59 [INFO] 29 / 42
21:07:59 [INFO]   I Add Relational Node
21:07:59 [INFO]   Added new relation R_29
21:07:59 [INFO] 30 / 42
21:07:59 [INFO]   I Add Relational Node
21:07:59 [INFO]   Added new relation R_30
21:07:59 [INFO] 31 / 42
21:07:59 [INFO]   I Add Relational Node
21:07:59 [INFO]   Added new relation R_31
21:07:59 [INFO] 32 / 42
21:07:59 [INFO]   I Add Relational Node
21:07:59 [INFO]   Added new relation R_32
21:07:59 [INFO] 33 / 42
21:07:59 [INFO]   I Add Relational Node
21:07:59 [INFO]   Added new relation R_33
21:07:59 [INFO] 34 / 42
21:07:59 [INFO]   I Add Relational Node
21:07:59 [INFO]   Added new relation R_34
21:07:59 [INFO] 35 / 42
21:07:59 [INFO]   I Add Relational Node
21:07:59 [INFO]   Added new relation R_35
21:07:59 [INFO] 36 / 42
21:07:59 [INFO]   I Add Relational Node
21:07:59 [INFO]   Added new relation R_36
21:07:59 [INFO] 37 / 42
21:07:59 [INFO]   I Add Relational Node
21:07:59 [INFO]   Added new relation R_37
21:07:59 [INFO] 38 / 42
21:07:59 [INFO]   I Add Relational Node
21:07:59 [INFO]   Added new relation R_38
21:07:59 [INFO] 39 / 42
21:07:59 [INFO]   I Add Relational Node
21:07:59 [INFO]   Added new relation R_39
21:07:59 [INFO] 40 / 42
21:07:59 [INFO]   I Add Relational Node
21:07:59 [INFO]   Added new relation R_40
21:07:59 [INFO] 41 / 42
21:07:59 [INFO]   I Add Relational Node
21:07:59 [INFO]   Added new relation R_41
21:07:59 [INFO] 42 / 42
21:07:59 [INFO]   I Add Relational Node
21:07:59 [INFO]   Added new relation R_42
21:07:59 [INFO] 
21:07:59 [INFO] Adding a new rule for each relation other than the seed relations
21:07:59 [INFO] 
21:07:59 [INFO] 1 / 43
21:07:59 [INFO]   Generating new single body literal rule for R_OUT
21:07:59 [INFO]   Assigned relation R_OUT the artiy 6
21:07:59 [INFO]   Added new rule of name r_GEN_1
21:07:59 [INFO]   R_OUT(?X_4, ?X_6, ?X_2, "215"^^<http://www.w3.org/2001/XMLSchema#double>, ?X_2, ?X_1) :- HeavyWind(?X_4, ?X_6, ?X_2), HeavyWind("215"^^<http://www.w3.org/2001/XMLSchema#double>, ?X_2, ?X_1) .
21:07:59 [INFO] 2 / 43
21:07:59 [INFO]   Generating new single body literal rule for R_1
21:07:59 [INFO]   Assigned relation R_1 the artiy 4
21:07:59 [INFO]   Assigned relation R_28 the artiy 4
21:07:59 [INFO]   Added new rule of name r_GEN_2
21:07:59 [INFO]   R_1("StationA", ?X_3, ?X_4, ?X_1) :- R_28("StationA", ?X_3, ?X_4, ?X_1) .
21:07:59 [INFO] 3 / 43
21:07:59 [INFO]   Generating new single body literal rule for R_2
21:07:59 [INFO]   Assigned relation R_2 the artiy 2
21:07:59 [INFO]   Assigned relation R_32 the artiy 4
21:07:59 [INFO]   Added new rule of name r_GEN_3
21:07:59 [INFO]   R_2(?X_2, ?X_2) :- R_32("StationA", "StationA", ?X_2, ?X_2) .
21:07:59 [INFO] 4 / 43
21:07:59 [INFO]   Generating new single body literal rule for R_3
21:07:59 [INFO]   Assigned relation R_3 the artiy 4
21:07:59 [INFO]   Added new rule of name r_GEN_4
21:07:59 [INFO]   R_3("0"^^<http://www.w3.org/2001/XMLSchema#double>, ?X_2, ?X_4, ?X_3) :- LocatedInState("0"^^<http://www.w3.org/2001/XMLSchema#double>, ?X_2, ?X_4, ?X_3) .
21:07:59 [INFO] 5 / 43
21:07:59 [INFO]   Generating new single body literal rule for R_4
21:07:59 [INFO]   Assigned relation R_4 the artiy 4
21:07:59 [INFO]   Assigned relation R_42 the artiy 6
21:07:59 [INFO]   Added new rule of name r_GEN_5
21:07:59 [INFO]   R_4(?X_1, ?X_4, ?X_3, ?X_2) :- R_42(?X_1, ?X_4, ?X_3, ?X_2, ?X_2, ?X_4) .
21:07:59 [INFO] 6 / 43
21:07:59 [INFO]   Generating new single body literal rule for R_5
21:07:59 [INFO]   Assigned relation R_5 the artiy 1
21:07:59 [INFO]   Added new rule of name r_GEN_6
21:07:59 [INFO]   R_5(?X_1) :- R_3("112"^^<http://www.w3.org/2001/XMLSchema#double>, ?X_1, "112"^^<http://www.w3.org/2001/XMLSchema#double>, ?Y_1) .
21:07:59 [INFO] 7 / 43
21:07:59 [INFO]   Generating new single body literal rule for R_6
21:07:59 [INFO]   Assigned relation R_6 the artiy 3
21:07:59 [INFO]   Assigned relation R_30 the artiy 3
21:07:59 [INFO]   Added new rule of name r_GEN_7
21:07:59 [INFO]   R_6("213.4"^^<http://www.w3.org/2001/XMLSchema#double>, ?X_3, ?X_3) :- R_30("213.4"^^<http://www.w3.org/2001/XMLSchema#double>, ?X_3, ?X_3) .
21:07:59 [INFO] 8 / 43
21:07:59 [INFO]   Generating new single body literal rule for R_7
21:07:59 [INFO]   Assigned relation R_7 the artiy 5
21:07:59 [INFO]   Added new rule of name r_GEN_8
21:07:59 [INFO]   R_7(?X_5, ?X_2, ?X_1, ?X_2, "StationA") :- HeatAffectedState(?X_5, ?X_2, ?X_1), HeatAffectedState(?X_2, ?Y_1, "StationA") .
21:07:59 [INFO] 9 / 43
21:07:59 [INFO]   Generating new single body literal rule for R_8
21:07:59 [INFO]   Assigned relation R_8 the artiy 4
21:07:59 [INFO]   Added new rule of name r_GEN_9
21:07:59 [INFO]   R_8(?X_1, ?X_3, ?X_2, ?X_4) :- TempAbove41(?Y_1, ?X_3, ?X_2), TempAbove41(?X_1, ?X_1, ?X_4) .
21:07:59 [INFO] 10 / 43
21:07:59 [INFO]   Generating new single body literal rule for R_9
21:07:59 [INFO]   Assigned relation R_9 the artiy 3
21:07:59 [INFO]   Assigned relation R_13 the artiy 5
21:07:59 [INFO]   Added new rule of name r_GEN_10
21:07:59 [INFO]   R_9(?X_3, ?X_2, ?X_1) :- R_13(?X_2, ?X_1, ?X_1, ?X_2, ?X_3) .
21:07:59 [INFO] 11 / 43
21:07:59 [INFO]   Generating new single body literal rule for R_10
21:07:59 [INFO]   Assigned relation R_10 the artiy 5
21:07:59 [INFO]   Assigned relation R_24 the artiy 6
21:07:59 [INFO]   Added new rule of name r_GEN_11
21:07:59 [INFO]   R_10(?X_5, ?X_2, ?X_4, "111.7"^^<http://www.w3.org/2001/XMLSchema#double>, ?X_3) :- R_24(?X_5, ?X_2, ?X_4, "111.7"^^<http://www.w3.org/2001/XMLSchema#double>, ?X_3, ?X_4) .
21:07:59 [INFO] 12 / 43
21:07:59 [INFO]   Generating new single body literal rule for R_11
21:07:59 [INFO]   Assigned relation R_11 the artiy 5
21:07:59 [INFO]   Assigned relation R_26 the artiy 6
21:07:59 [INFO]   Added new rule of name r_GEN_12
21:07:59 [INFO]   R_11(?X_2, ?X_5, ?X_1, ?X_3, ?X_2) :- R_26(?X_2, ?X_5, ?X_1, ?X_3, ?X_2, ?Y_1) .
21:07:59 [INFO] 13 / 43
21:07:59 [INFO]   Generating new single body literal rule for R_12
21:07:59 [INFO]   Assigned relation R_12 the artiy 3
21:07:59 [INFO]   Assigned relation R_31 the artiy 3
21:07:59 [INFO]   Added new rule of name r_GEN_13
21:07:59 [INFO]   R_12(?X_2, ?X_3, "115.3"^^<http://www.w3.org/2001/XMLSchema#double>) :- R_31(?X_2, ?X_3, "115.3"^^<http://www.w3.org/2001/XMLSchema#double>) .
21:07:59 [INFO] 14 / 43
21:07:59 [INFO]   Generating new single body literal rule for R_13
21:07:59 [INFO]   Added new rule of name r_GEN_14
21:07:59 [INFO]   R_13(?X_4, ?X_2, ?X_4, ?X_3, ?X_5) :- HeatAffectedState(?X_4, ?X_2, ?X_4), HeatAffectedState(?X_3, ?X_5, ?X_4) .
21:07:59 [INFO] 15 / 43
21:07:59 [INFO]   Generating new single body literal rule for R_14
21:07:59 [INFO]   Assigned relation R_14 the artiy 1
21:07:59 [INFO]   Assigned relation R_22 the artiy 5
21:07:59 [INFO]   Added new rule of name r_GEN_15
21:07:59 [INFO]   R_14(?X_1) :- R_22("117.1"^^<http://www.w3.org/2001/XMLSchema#double>, ?Y_1, ?X_1, "117.1"^^<http://www.w3.org/2001/XMLSchema#double>, ?Y_1) .
21:07:59 [INFO] 16 / 43
21:07:59 [INFO]   Generating new single body literal rule for R_15
21:07:59 [INFO]   Assigned relation R_15 the artiy 6
21:07:59 [INFO]   Added new rule of name r_GEN_16
21:07:59 [INFO]   R_15(?X_5, ?X_1, "StationA", ?X_6, ?X_3, ?X_4) :- R_5(?X_5), R_5(?X_1), R_5("StationA"), R_5(?X_6), R_5(?X_3), R_5(?X_4) .
21:07:59 [INFO] 17 / 43
21:07:59 [INFO]   Generating new single body literal rule for R_16
21:07:59 [INFO]   Assigned relation R_16 the artiy 2
21:07:59 [INFO]   Added new rule of name r_GEN_17
21:07:59 [INFO]   R_16(?X_2, ?X_2) :- HeavyWindAffectedState(?X_2, "210"^^<http://www.w3.org/2001/XMLSchema#double>, ?X_2) .
21:07:59 [INFO] 18 / 43
21:07:59 [INFO]   Generating new single body literal rule for R_17
21:07:59 [INFO]   Assigned relation R_17 the artiy 3
21:07:59 [INFO]   Added new rule of name r_GEN_18
21:07:59 [INFO]   R_17(?X_1, ?X_2, "Ohio") :- HeavyWindAffectedState(?X_1, ?X_2, "Ohio") .
21:07:59 [INFO] 19 / 43
21:07:59 [INFO]   Generating new single body literal rule for R_18
21:07:59 [INFO]   Assigned relation R_18 the artiy 6
21:07:59 [INFO]   Added new rule of name r_GEN_19
21:07:59 [INFO]   R_18(?X_6, ?X_1, ?X_3, "215"^^<http://www.w3.org/2001/XMLSchema#double>, ?X_5, ?X_5) :- R_26(?X_6, ?X_1, ?X_3, "215"^^<http://www.w3.org/2001/XMLSchema#double>, ?X_5, ?X_5) .
21:07:59 [INFO] 20 / 43
21:07:59 [INFO]   Generating new single body literal rule for R_19
21:07:59 [INFO]   Assigned relation R_19 the artiy 2
21:07:59 [INFO]   Added new rule of name r_GEN_20
21:07:59 [INFO]   R_19("StationA", ?X_1) :- HeatAffectedState(?X_1, ?X_1, "StationA") .
21:07:59 [INFO] 21 / 43
21:07:59 [INFO]   Generating new single body literal rule for R_20
21:07:59 [INFO]   Assigned relation R_20 the artiy 1
21:07:59 [INFO]   Added new rule of name r_GEN_21
21:07:59 [INFO]   R_20("215"^^<http://www.w3.org/2001/XMLSchema#double>) :- R_31("215"^^<http://www.w3.org/2001/XMLSchema#double>, "215"^^<http://www.w3.org/2001/XMLSchema#double>, "215"^^<http://www.w3.org/2001/XMLSchema#double>) .
21:07:59 [INFO] 22 / 43
21:07:59 [INFO]   Generating new single body literal rule for R_21
21:07:59 [INFO]   Assigned relation R_21 the artiy 3
21:07:59 [INFO]   Added new rule of name r_GEN_22
21:07:59 [INFO]   R_21(?X_3, ?X_2, ?X_1) :- R_17(?X_3, ?X_2, ?X_1) .
21:07:59 [INFO] 23 / 43
21:07:59 [INFO]   Generating new single body literal rule for R_22
21:07:59 [INFO]   Added new rule of name r_GEN_23
21:07:59 [INFO]   R_22(?X_2, ?X_3, ?X_5, ?X_4, ?X_1) :- R_15(?X_2, ?X_3, ?X_5, ?X_4, ?X_1, ?X_1) .
21:07:59 [INFO] 24 / 43
21:07:59 [INFO]   Generating new single body literal rule for R_23
21:07:59 [INFO]   Assigned relation R_23 the artiy 2
21:07:59 [INFO]   Assigned relation R_25 the artiy 4
21:07:59 [INFO]   Added new rule of name r_GEN_24
21:07:59 [INFO]   R_23("213.5"^^<http://www.w3.org/2001/XMLSchema#double>, ?X_1) :- R_25("StationA", ?X_1, "213.5"^^<http://www.w3.org/2001/XMLSchema#double>, ?X_1) .
21:07:59 [INFO] 25 / 43
21:07:59 [INFO]   Generating new single body literal rule for R_24
21:07:59 [INFO]   Added new rule of name r_GEN_25
21:07:59 [INFO]   R_24(?X_3, ?X_5, ?X_2, ?X_6, ?X_4, "112"^^<http://www.w3.org/2001/XMLSchema#double>) :- R_15(?X_3, ?X_5, ?X_2, ?X_6, ?X_4, "112"^^<http://www.w3.org/2001/XMLSchema#double>) .
21:07:59 [INFO] 26 / 43
21:07:59 [INFO]   Generating new single body literal rule for R_25
21:07:59 [INFO]   Added new rule of name r_GEN_26
21:07:59 [INFO]   R_25(?X_1, ?X_4, "1000"^^<http://www.w3.org/2001/XMLSchema#double>, ?X_1) :- LocatedInState(?X_1, ?X_4, "1000"^^<http://www.w3.org/2001/XMLSchema#double>, ?X_1) .
21:07:59 [INFO] 27 / 43
21:07:59 [INFO]   Generating new single body literal rule for R_26
21:07:59 [INFO]   Added new rule of name r_GEN_27
21:07:59 [INFO]   R_26(?X_5, ?X_1, ?X_4, ?X_6, ?X_2, "117.1"^^<http://www.w3.org/2001/XMLSchema#double>) :- R_42(?X_5, ?X_1, ?X_4, ?X_6, ?X_2, "117.1"^^<http://www.w3.org/2001/XMLSchema#double>) .
21:07:59 [INFO] 28 / 43
21:07:59 [INFO]   Generating new single body literal rule for R_27
21:07:59 [INFO]   Assigned relation R_27 the artiy 2
21:07:59 [INFO]   Added new rule of name r_GEN_28
21:07:59 [INFO]   R_27(?X_2, "115.3"^^<http://www.w3.org/2001/XMLSchema#double>) :- R_6(?X_2, "115.3"^^<http://www.w3.org/2001/XMLSchema#double>, ?X_2) .
21:07:59 [INFO] 29 / 43
21:07:59 [INFO]   Generating new single body literal rule for R_28
21:07:59 [INFO]   Added new rule of name r_GEN_29
21:07:59 [INFO]   R_28(?X_1, ?X_2, ?X_4, ?X_1) :- R_31(?X_1, ?X_2, ?X_4), R_31(?X_1, ?X_1, ?X_1) .
21:07:59 [INFO] 30 / 43
21:07:59 [INFO]   Generating new single body literal rule for R_29
21:07:59 [INFO]   Assigned relation R_29 the artiy 5
21:07:59 [INFO]   Assigned relation R_33 the artiy 6
21:07:59 [INFO]   Added new rule of name r_GEN_30
21:07:59 [INFO]   R_29("StationA", ?X_5, ?X_4, ?X_2, ?X_3) :- R_33("StationA", ?X_5, ?X_4, ?X_3, ?X_3, ?X_2) .
21:07:59 [INFO] 31 / 43
21:07:59 [INFO]   Generating new single body literal rule for R_30
21:07:59 [INFO]   Added new rule of name r_GEN_31
21:07:59 [INFO]   R_30(?X_3, ?X_3, ?X_1) :- R_14(?X_3), R_14(?X_3), R_14(?X_1) .
21:07:59 [INFO] 32 / 43
21:07:59 [INFO]   Generating new single body literal rule for R_31
21:07:59 [INFO]   Added new rule of name r_GEN_32
21:07:59 [INFO]   R_31("115.2"^^<http://www.w3.org/2001/XMLSchema#double>, ?X_1, ?X_3) :- R_18("115.2"^^<http://www.w3.org/2001/XMLSchema#double>, ?X_1, "115.3"^^<http://www.w3.org/2001/XMLSchema#double>, ?X_3, "115.2"^^<http://www.w3.org/2001/XMLSchema#double>, ?X_3) .
21:07:59 [INFO] 33 / 43
21:07:59 [INFO]   Generating new single body literal rule for R_32
21:07:59 [INFO]   Added new rule of name r_GEN_33
21:07:59 [INFO]   R_32(?X_1, ?X_2, ?X_4, ?X_2) :- R_12(?X_1, ?X_2, ?X_2), R_12(?X_2, "117"^^<http://www.w3.org/2001/XMLSchema#double>, ?X_4) .
21:07:59 [INFO] 34 / 43
21:07:59 [INFO]   Generating new single body literal rule for R_33
21:07:59 [INFO]   Assigned relation R_38 the artiy 6
21:07:59 [INFO]   Added new rule of name r_GEN_34
21:07:59 [INFO]   R_33(?X_6, ?X_5, ?X_1, "0"^^<http://www.w3.org/2001/XMLSchema#double>, ?X_3, ?X_1) :- R_38(?X_6, ?X_5, ?X_1, "0"^^<http://www.w3.org/2001/XMLSchema#double>, ?X_3, ?X_1) .
21:07:59 [INFO] 35 / 43
21:07:59 [INFO]   Generating new single body literal rule for R_34
21:07:59 [INFO]   Assigned relation R_34 the artiy 6
21:07:59 [INFO]   Assigned relation R_37 the artiy 6
21:07:59 [INFO]   Added new rule of name r_GEN_35
21:07:59 [INFO]   R_34(?X_6, ?X_1, ?X_2, ?X_4, ?X_3, ?X_5) :- R_37(?X_6, ?X_1, ?X_2, ?X_4, ?X_3, ?X_5) .
21:07:59 [INFO] 36 / 43
21:07:59 [INFO]   Generating new single body literal rule for R_35
21:07:59 [INFO]   Assigned relation R_35 the artiy 4
21:07:59 [INFO]   Added new rule of name r_GEN_36
21:07:59 [INFO]   R_35(?X_3, ?X_4, ?X_4, ?X_1) :- R_35(?X_3, ?X_4, ?X_4, ?X_1) .
21:07:59 [INFO] 37 / 43
21:07:59 [INFO]   Generating new single body literal rule for R_36
21:07:59 [INFO]   Assigned relation R_36 the artiy 1
21:07:59 [INFO]   Added new rule of name r_GEN_37
21:07:59 [INFO]   R_36("0"^^<http://www.w3.org/2001/XMLSchema#double>) :- R_30(?Y_1, "0"^^<http://www.w3.org/2001/XMLSchema#double>, ?Y_1) .
21:07:59 [INFO] 38 / 43
21:07:59 [INFO]   Generating new single body literal rule for R_37
21:07:59 [INFO]   Added new rule of name r_GEN_38
21:07:59 [INFO]   R_37(?X_4, ?X_6, ?X_3, ?X_1, ?X_5, ?X_2) :- ExcessiveHeat(?X_4, ?X_6, ?X_3), ExcessiveHeat(?X_1, ?X_5, ?X_2) .
21:07:59 [INFO] 39 / 43
21:07:59 [INFO]   Generating new single body literal rule for R_38
21:07:59 [INFO]   Added new rule of name r_GEN_39
21:07:59 [INFO]   R_38(?X_6, ?X_2, ?X_4, ?X_6, ?X_1, ?X_3) :- R_1(?X_6, ?X_2, ?X_4, ?X_6), R_1(?X_1, ?X_3, ?X_1, ?X_2) .
21:07:59 [INFO] 40 / 43
21:07:59 [INFO]   Generating new single body literal rule for R_39
21:07:59 [INFO]   Assigned relation R_39 the artiy 5
21:07:59 [INFO]   Added new rule of name r_GEN_40
21:07:59 [INFO]   R_39(?X_3, ?X_2, ?X_1, ?X_2, ?X_4) :- TempAbove41(?X_3, ?X_2, ?X_1), TempAbove41(?X_2, ?X_4, ?X_1) .
21:07:59 [INFO] 41 / 43
21:07:59 [INFO]   Generating new single body literal rule for R_40
21:07:59 [INFO]   Assigned relation R_40 the artiy 1
21:07:59 [INFO]   Added new rule of name r_GEN_41
21:07:59 [INFO]   R_40(?X_1) :- HeavyWind(?X_1, ?Y_1, ?Y_1) .
21:07:59 [INFO] 42 / 43
21:07:59 [INFO]   Generating new single body literal rule for R_41
21:07:59 [INFO]   Assigned relation R_41 the artiy 1
21:07:59 [INFO]   Added new rule of name r_GEN_42
21:07:59 [INFO]   R_41("0"^^<http://www.w3.org/2001/XMLSchema#double>) :- R_33("113.4"^^<http://www.w3.org/2001/XMLSchema#double>, "0"^^<http://www.w3.org/2001/XMLSchema#double>, ?Y_1, ?Y_1, "0"^^<http://www.w3.org/2001/XMLSchema#double>, ?Y_1) .
21:07:59 [INFO] 43 / 43
21:07:59 [INFO]   Generating new single body literal rule for R_42
21:07:59 [INFO]   Added new rule of name r_GEN_43
21:07:59 [INFO]   R_42(?X_2, ?X_4, ?X_1, ?X_6, ?X_3, ?X_5) :- R_7("111.7"^^<http://www.w3.org/2001/XMLSchema#double>, ?X_3, ?X_1, ?X_6, ?X_3), R_7(?X_5, ?X_2, ?Y_2, ?X_1, ?X_4) .
21:07:59 [INFO] 
21:07:59 [INFO] Adding a outgoing relational edge for each relation other than R_OUT
21:07:59 [INFO] 
21:07:59 [INFO] 1 / 52
21:07:59 [INFO]   Adding outgoing relational edge from ExcessiveHeat for r_GEN_25
21:07:59 [INFO]   Generated literal ExcessiveHeat(?Z_3, ?X_5, ?X_2) for rule r_GEN_25
21:07:59 [INFO] 2 / 52
21:07:59 [INFO]   Adding outgoing relational edge from HeatAffectedState for r_GEN_22
21:07:59 [INFO]   Generated literal HeatAffectedState(?Z_2, "210"^^<http://www.w3.org/2001/XMLSchema#double>, ?X_3) for rule r_GEN_22
21:07:59 [INFO] 3 / 52
21:07:59 [INFO]   Adding outgoing relational edge from HeavyWind for r_GEN_12
21:07:59 [INFO]   Generated literal HeavyWind(?Z_3, ?Z_4, ?X_2) for rule r_GEN_12
21:07:59 [INFO] 4 / 52
21:07:59 [INFO]   Adding outgoing relational edge from HeavyWindAffectedState for r_GEN_25
21:07:59 [INFO]   Generated literal HeavyWindAffectedState("StationA", ?X_6, ?X_2) for rule r_GEN_25
21:07:59 [INFO] 5 / 52
21:07:59 [INFO]   Adding outgoing relational edge from HeavyWindForce for r_GEN_34
21:07:59 [INFO]   Generated literal HeavyWindForce(?X_5, ?X_1, ?Z_4) for rule r_GEN_34
21:07:59 [INFO] 6 / 52
21:07:59 [INFO]   Adding outgoing relational edge from LocatedInState for r_GEN_26
21:07:59 [INFO]   Generated literal LocatedInState(?X_4, ?X_1, ?X_4, ?X_1) for rule r_GEN_26
21:07:59 [INFO] 7 / 52
21:07:59 [INFO]   Adding outgoing relational edge from TempAbove24 for r_GEN_32
21:07:59 [INFO]   Generated literal TempAbove24(?Z_1, ?X_1, ?X_1) for rule r_GEN_32
21:07:59 [INFO] 8 / 52
21:07:59 [INFO]   Adding outgoing relational edge from TempAbove41 for r_GEN_32
21:07:59 [INFO]   Generated literal TempAbove41(?X_1, ?X_3, "115.2"^^<http://www.w3.org/2001/XMLSchema#double>) for rule r_GEN_32
21:07:59 [INFO] 9 / 52
21:07:59 [INFO]   Adding outgoing relational edge from TempAbove41DiamondMinus1 for r_GEN_25
21:07:59 [INFO]   Generated literal ~TempAbove41DiamondMinus1(?X_6, ?X_3, ?X_3) for rule r_GEN_25
21:07:59 [INFO] 10 / 52
21:07:59 [INFO]   Adding outgoing relational edge from TempConstantOver24AtLeastFor1 for r_GEN_26
21:07:59 [INFO]   Generated literal TempConstantOver24AtLeastFor1("Ohio", ?Z_3, ?Z_2) for rule r_GEN_26
21:07:59 [INFO] 11 / 52
21:07:59 [INFO]   Adding outgoing relational edge from R_1 for r_GEN_24
21:07:59 [INFO]   Generated literal R_1("115.3"^^<http://www.w3.org/2001/XMLSchema#double>, ?X_1, ?Z_1, ?X_1) for rule r_GEN_24
21:07:59 [INFO] 12 / 52
21:07:59 [INFO]   Adding outgoing relational edge from R_2 for r_GEN_20
21:07:59 [INFO]   Generated literal R_2(?X_1, ?X_1) for rule r_GEN_20
21:07:59 [INFO] 13 / 52
21:07:59 [INFO]   Adding outgoing relational edge from R_3 for r_GEN_5
21:07:59 [INFO]   Generated literal R_3(?X_4, "117.1"^^<http://www.w3.org/2001/XMLSchema#double>, ?X_4, ?Z_4) for rule r_GEN_5
21:07:59 [INFO] 14 / 52
21:07:59 [INFO]   Adding outgoing relational edge from R_4 for r_GEN_8
21:07:59 [INFO]   Generated literal R_4(?X_2, ?X_1, "StationA", ?X_2) for rule r_GEN_8
21:07:59 [INFO] 15 / 52
21:07:59 [INFO]   Adding outgoing relational edge from R_5 for r_GEN_7
21:07:59 [INFO]   Generated literal R_5(?X_3) for rule r_GEN_7
21:07:59 [INFO] 16 / 52
21:07:59 [INFO]   Adding outgoing relational edge from R_6 for r_GEN_8
21:07:59 [INFO]   Generated literal R_6(?Y_1, ?Y_1, ?X_2) for rule r_GEN_8
21:07:59 [INFO] 17 / 52
21:07:59 [INFO]   Adding outgoing relational edge from R_7 for r_GEN_25
21:07:59 [INFO]   Generated literal R_7(?Z_8, ?X_2, ?X_6, ?Z_4, ?X_5) for rule r_GEN_25
21:07:59 [INFO] 18 / 52
21:07:59 [INFO]   Adding outgoing relational edge from R_8 for r_GEN_19
21:07:59 [INFO]   Generated literal R_8(?X_6, ?X_5, ?X_6, ?X_1) for rule r_GEN_19
21:07:59 [INFO] 19 / 52
21:07:59 [INFO]   Adding outgoing relational edge from R_9 for r_GEN_41
21:07:59 [INFO]   Generated literal ~R_9(?Y_1, ?X_1, "0"^^<http://www.w3.org/2001/XMLSchema#double>) for rule r_GEN_41
21:07:59 [INFO] 20 / 52
21:07:59 [INFO]   Adding outgoing relational edge from R_10 for r_GEN_8
21:07:59 [INFO]   Generated literal R_10(?X_1, ?X_1, "1000"^^<http://www.w3.org/2001/XMLSchema#double>, ?X_5, ?X_2) for rule r_GEN_8
21:07:59 [INFO] 21 / 52
21:07:59 [INFO]   Adding outgoing relational edge from R_11 for r_GEN_36
21:07:59 [INFO]   Generated literal ~R_11(?X_1, ?X_4, ?X_3, ?X_1, ?X_4) for rule r_GEN_36
21:07:59 [INFO] 22 / 52
21:07:59 [INFO]   Adding outgoing relational edge from R_12 for r_GEN_13
21:07:59 [INFO]   Generated literal R_12(?X_3, ?X_2, "213.4"^^<http://www.w3.org/2001/XMLSchema#double>) for rule r_GEN_13
21:07:59 [INFO] 23 / 52
21:07:59 [INFO]   Adding outgoing relational edge from R_13 for r_GEN_31
21:07:59 [INFO]   Generated literal R_13(?X_3, ?X_3, ?X_3, ?Z_1, ?X_3) for rule r_GEN_31
21:07:59 [INFO] 24 / 52
21:07:59 [INFO]   Adding outgoing relational edge from R_14 for r_GEN_38
21:07:59 [INFO]   Generated literal ~R_14(?X_4) for rule r_GEN_38
21:07:59 [INFO] 25 / 52
21:07:59 [INFO]   Adding outgoing relational edge from R_15 for r_GEN_17
21:07:59 [INFO]   Generated literal R_15(?X_2, ?X_2, ?X_2, ?X_2, ?Z_1, ?Z_2) for rule r_GEN_17
21:07:59 [INFO] 26 / 52
21:07:59 [INFO]   Adding outgoing relational edge from R_16 for r_GEN_15
21:07:59 [INFO]   Generated literal ~R_16(?Y_1, ?X_1) for rule r_GEN_15
21:07:59 [INFO] 27 / 52
21:07:59 [INFO]   Adding outgoing relational edge from R_17 for r_GEN_43
21:07:59 [INFO]   Generated literal R_17(?Z_3, ?X_2, ?X_6) for rule r_GEN_43
21:07:59 [INFO] 28 / 52
21:07:59 [INFO]   Adding outgoing relational edge from R_18 for r_GEN_5
21:07:59 [INFO]   Generated literal R_18(?Z_2, ?X_2, ?X_4, ?X_1, ?X_4, ?X_1) for rule r_GEN_5
21:07:59 [INFO] 29 / 52
21:07:59 [INFO]   Adding outgoing relational edge from R_19 for r_GEN_40
21:07:59 [INFO]   Generated literal ~R_19(?X_3, ?X_2) for rule r_GEN_40
21:07:59 [INFO] 30 / 52
21:07:59 [INFO]   Adding outgoing relational edge from R_20 for r_GEN_35
21:07:59 [INFO]   Generated literal R_20(?X_6) for rule r_GEN_35
21:07:59 [INFO] 31 / 52
21:07:59 [INFO]   Adding outgoing relational edge from R_21 for r_GEN_23
21:07:59 [INFO]   Generated literal R_21(?X_2, ?X_4, ?X_1) for rule r_GEN_23
21:07:59 [INFO] 32 / 52
21:07:59 [INFO]   Adding outgoing relational edge from R_22 for r_GEN_18
21:07:59 [INFO]   Generated literal R_22(?X_1, "112"^^<http://www.w3.org/2001/XMLSchema#double>, ?X_2, ?X_2, ?Z_2) for rule r_GEN_18
21:07:59 [INFO] 33 / 52
21:07:59 [INFO]   Adding outgoing relational edge from R_23 for r_GEN_8
21:07:59 [INFO]   Generated literal R_23(?X_2, ?Y_1) for rule r_GEN_8
21:07:59 [INFO] 34 / 52
21:07:59 [INFO]   Adding outgoing relational edge from R_24 for r_GEN_14
21:07:59 [INFO]   Generated literal R_24(?X_4, ?X_5, ?X_4, "117"^^<http://www.w3.org/2001/XMLSchema#double>, ?X_5, ?Z_1) for rule r_GEN_14
21:07:59 [INFO] 35 / 52
21:07:59 [INFO]   Adding outgoing relational edge from R_25 for r_GEN_37
21:07:59 [INFO]   Generated literal R_25(?Z_1, ?Y_1, ?Y_1, ?Y_1) for rule r_GEN_37
21:07:59 [INFO] 36 / 52
21:07:59 [INFO]   Adding outgoing relational edge from R_26 for r_GEN_21
21:07:59 [INFO]   Generated literal R_26("115.2"^^<http://www.w3.org/2001/XMLSchema#double>, "StationA", "StationA", "210"^^<http://www.w3.org/2001/XMLSchema#double>, "0"^^<http://www.w3.org/2001/XMLSchema#double>, ?Z_1) for rule r_GEN_21
21:07:59 [INFO] 37 / 52
21:07:59 [INFO]   Adding outgoing relational edge from R_27 for r_GEN_14
21:07:59 [INFO]   Generated literal R_27(?X_5, ?X_3) for rule r_GEN_14
21:07:59 [INFO] 38 / 52
21:07:59 [INFO]   Adding outgoing relational edge from R_28 for r_GEN_40
21:07:59 [INFO]   Generated literal R_28(?Z_4, "StationA", ?X_2, ?X_1) for rule r_GEN_40
21:07:59 [INFO] 39 / 52
21:07:59 [INFO]   Adding outgoing relational edge from R_29 for r_GEN_32
21:07:59 [INFO]   Generated literal R_29(?X_3, ?Z_1, ?X_3, ?X_1, ?X_3) for rule r_GEN_32
21:07:59 [INFO] 40 / 52
21:07:59 [INFO]   Adding outgoing relational edge from R_30 for r_GEN_38
21:07:59 [INFO]   Generated literal R_30(?X_4, ?X_1, ?X_6) for rule r_GEN_38
21:07:59 [INFO] 41 / 52
21:07:59 [INFO]   Adding outgoing relational edge from R_31 for r_GEN_27
21:07:59 [INFO]   Generated literal R_31(?X_6, ?Z_1, ?X_4) for rule r_GEN_27
21:07:59 [INFO] 42 / 52
21:07:59 [INFO]   Adding outgoing relational edge from R_32 for r_GEN_38
21:07:59 [INFO]   Generated literal R_32(?X_5, ?X_1, ?X_4, ?Z_2) for rule r_GEN_38
21:07:59 [INFO] 43 / 52
21:07:59 [INFO]   Adding outgoing relational edge from R_33 for r_GEN_24
21:07:59 [INFO]   Generated literal R_33(?X_1, ?Z_3, ?X_1, "117"^^<http://www.w3.org/2001/XMLSchema#double>, ?Z_2, ?X_1) for rule r_GEN_24
21:07:59 [INFO] 44 / 52
21:07:59 [INFO]   Adding outgoing relational edge from R_34 for r_GEN_41
21:07:59 [INFO]   Generated literal R_34(?Z_1, ?X_1, ?X_1, ?Y_1, ?Y_1, ?Z_2) for rule r_GEN_41
21:07:59 [INFO] 45 / 52
21:07:59 [INFO]   Adding outgoing relational edge from R_35 for r_GEN_37
21:07:59 [INFO]   Generated literal R_35(?Y_1, ?Y_1, ?Z_1, ?Z_2) for rule r_GEN_37
21:07:59 [INFO] 46 / 52
21:07:59 [INFO]   Adding outgoing relational edge from R_36 for r_GEN_35
21:07:59 [INFO]   Generated literal ~R_36(?X_5) for rule r_GEN_35
21:07:59 [INFO] 47 / 52
21:07:59 [INFO]   Adding outgoing relational edge from R_37 for r_GEN_11
21:07:59 [INFO]   Generated literal R_37(?X_2, ?X_4, ?X_2, ?X_3, "117.1"^^<http://www.w3.org/2001/XMLSchema#double>, ?X_5) for rule r_GEN_11
21:07:59 [INFO] 48 / 52
21:07:59 [INFO]   Adding outgoing relational edge from R_38 for r_GEN_8
21:07:59 [INFO]   Generated literal R_38(?X_2, ?X_2, ?Y_1, ?X_2, ?X_2, ?X_5) for rule r_GEN_8
21:07:59 [INFO] 49 / 52
21:07:59 [INFO]   Adding outgoing relational edge from R_39 for r_GEN_42
21:07:59 [INFO]   Generated literal R_39(?Y_1, ?Z_1, ?Y_1, ?Y_1, ?Y_1) for rule r_GEN_42
21:07:59 [INFO] 50 / 52
21:07:59 [INFO]   Adding outgoing relational edge from R_40 for r_GEN_42
21:07:59 [INFO]   Generated literal ~R_40("115.2"^^<http://www.w3.org/2001/XMLSchema#double>) for rule r_GEN_42
21:07:59 [INFO] 51 / 52
21:07:59 [INFO]   Adding outgoing relational edge from R_41 for r_GEN_1
21:07:59 [INFO]   Generated literal ~R_41("StationA") for rule r_GEN_1
21:07:59 [INFO] 52 / 52
21:07:59 [INFO]   Adding outgoing relational edge from R_42 for r_GEN_42
21:07:59 [INFO]   Generated literal ~R_42(?Y_1, ?Y_1, ?Y_1, "118"^^<http://www.w3.org/2001/XMLSchema#double>, ?Y_1, ?Y_1) for rule r_GEN_42
21:07:59 [INFO] 
21:07:59 [INFO] Adding gen. size facts
21:07:59 [INFO] 
21:07:59 [INFO] 1 / 43
21:07:59 [INFO]   II Add Fact Node and Edge
21:07:59 [INFO]   Added new fact R_34("str_1", "213.4"^^<http://www.w3.org/2001/XMLSchema#double>, "StationA", 639081605653985529, c_1, "113.4"^^<http://www.w3.org/2001/XMLSchema#double>).
21:07:59 [INFO] 2 / 43
21:07:59 [INFO]   II Add Fact Node and Edge
21:07:59 [INFO]   Added new fact R_9(c_2, "StationA", "StationA").
21:07:59 [INFO] 3 / 43
21:07:59 [INFO]   II Add Fact Node and Edge
21:07:59 [INFO]   Added new fact R_36(c_3).
21:07:59 [INFO] 4 / 43
21:07:59 [INFO]   II Add Fact Node and Edge
21:07:59 [INFO]   Added new fact R_36("1000"^^<http://www.w3.org/2001/XMLSchema#double>).
21:07:59 [INFO] 5 / 43
21:07:59 [INFO]   II Add Fact Node and Edge
21:07:59 [INFO]   Added new fact R_9(c_3, "113.4"^^<http://www.w3.org/2001/XMLSchema#double>, c_4).
21:07:59 [INFO] 6 / 43
21:07:59 [INFO]   II Add Fact Node and Edge
21:07:59 [INFO]   Added new fact R_20(2245997698988846749).
21:07:59 [INFO] 7 / 43
21:07:59 [INFO]   II Add Fact Node and Edge
21:07:59 [INFO]   Added new fact R_19(c_5, "StationA").
21:07:59 [INFO] 8 / 43
21:07:59 [INFO]   II Add Fact Node and Edge
21:07:59 [INFO]   Added new fact R_39(15355648898703377797, 15959886497864776121, "str_2", "StationA", 15959886497864776121).
21:07:59 [INFO] 9 / 43
21:07:59 [INFO]   II Add Fact Node and Edge
21:07:59 [INFO]   Added new fact R_2(c_6, 11309840626465056719).
21:07:59 [INFO] 10 / 43
21:07:59 [INFO]   II Add Fact Node and Edge
21:07:59 [INFO]   Added new fact R_36(c_7).
21:07:59 [INFO] 11 / 43
21:07:59 [INFO]   II Add Fact Node and Edge
21:07:59 [INFO]   Added new fact R_11(c_8, "112"^^<http://www.w3.org/2001/XMLSchema#double>, "StationA", "str_2", "210"^^<http://www.w3.org/2001/XMLSchema#double>).
21:07:59 [INFO] 12 / 43
21:07:59 [INFO]   II Add Fact Node and Edge
21:07:59 [INFO]   Added new fact R_35(c_9, c_10, c_11, 15355648898703377797).
21:07:59 [INFO] 13 / 43
21:07:59 [INFO]   II Add Fact Node and Edge
21:07:59 [INFO]   Added new fact R_20(c_12).
21:07:59 [INFO] 14 / 43
21:07:59 [INFO]   II Add Fact Node and Edge
21:07:59 [INFO]   Added new fact R_40("str_3").
21:07:59 [INFO] 15 / 43
21:07:59 [INFO]   II Add Fact Node and Edge
21:07:59 [INFO]   Added new fact R_41("str_2").
21:07:59 [INFO] 16 / 43
21:07:59 [INFO]   II Add Fact Node and Edge
21:07:59 [INFO]   Added new fact R_36(c_6).
21:07:59 [INFO] 17 / 43
21:07:59 [INFO]   II Add Fact Node and Edge
21:07:59 [INFO]   Added new fact R_39(c_5, "str_4", c_13, "str_5", c_9).
21:07:59 [INFO] 18 / 43
21:07:59 [INFO]   II Add Fact Node and Edge
21:07:59 [INFO]   Added new fact R_9(c_7, "StationA", "112"^^<http://www.w3.org/2001/XMLSchema#double>).
21:07:59 [INFO] 19 / 43
21:07:59 [INFO]   II Add Fact Node and Edge
21:07:59 [INFO]   Added new fact R_39("str_6", c_14, c_15, 639081605653985529, "StationA").
21:07:59 [INFO] 20 / 43
21:07:59 [INFO]   II Add Fact Node and Edge
21:07:59 [INFO]   Added new fact R_20(c_16).
21:07:59 [INFO] 21 / 43
21:07:59 [INFO]   II Add Fact Node and Edge
21:07:59 [INFO]   Added new fact R_36(639081605653985529).
21:07:59 [INFO] 22 / 43
21:07:59 [INFO]   II Add Fact Node and Edge
21:07:59 [INFO]   Added new fact R_41(c_17).
21:07:59 [INFO] 23 / 43
21:07:59 [INFO]   II Add Fact Node and Edge
21:07:59 [INFO]   Added new fact R_11("str_7", "str_8", "str_9", c_18, c_19).
21:07:59 [INFO] 24 / 43
21:07:59 [INFO]   II Add Fact Node and Edge
21:07:59 [INFO]   Added new fact R_OUT("str_10", "str_11", c_18, "StationA", c_20, c_21).
21:07:59 [INFO] 25 / 43
21:07:59 [INFO]   II Add Fact Node and Edge
21:07:59 [INFO]   Added new fact R_39(c_15, 9598715994651381207, c_2, 10272368339713397144, c_21).
21:07:59 [INFO] 26 / 43
21:07:59 [INFO]   II Add Fact Node and Edge
21:07:59 [INFO]   Added new fact R_39(9227249496654052887, c_4, 2667265496601231860, c_22, c_14).
21:07:59 [INFO] 27 / 43
21:07:59 [INFO]   II Add Fact Node and Edge
21:07:59 [INFO]   Added new fact R_35(c_23, c_2, 9227249496654052887, "115.3"^^<http://www.w3.org/2001/XMLSchema#double>).
21:07:59 [INFO] 28 / 43
21:07:59 [INFO]   II Add Fact Node and Edge
21:07:59 [INFO]   Added new fact R_40(c_24).
21:07:59 [INFO] 29 / 43
21:07:59 [INFO]   II Add Fact Node and Edge
21:07:59 [INFO]   Added new fact R_20(c_25).
21:07:59 [INFO] 30 / 43
21:07:59 [INFO]   II Add Fact Node and Edge
21:07:59 [INFO]   Added new fact R_OUT(c_25, "str_4", "118"^^<http://www.w3.org/2001/XMLSchema#double>, "str_12", "StationA", 17172875853103889957).
21:07:59 [INFO] 31 / 43
21:07:59 [INFO]   II Add Fact Node and Edge
21:07:59 [INFO]   Added new fact R_35("112"^^<http://www.w3.org/2001/XMLSchema#double>, "str_13", "215"^^<http://www.w3.org/2001/XMLSchema#double>, c_26).
21:07:59 [INFO] 32 / 43
21:07:59 [INFO]   II Add Fact Node and Edge
21:07:59 [INFO]   Added new fact R_40("str_14").
21:07:59 [INFO] 33 / 43
21:07:59 [INFO]   II Add Fact Node and Edge
21:07:59 [INFO]   Added new fact R_36("str_15").
21:07:59 [INFO] 34 / 43
21:07:59 [INFO]   II Add Fact Node and Edge
21:07:59 [INFO]   Added new fact R_35(17172875853103889957, "117.1"^^<http://www.w3.org/2001/XMLSchema#double>, c_19, "str_16").
21:07:59 [INFO] 35 / 43
21:07:59 [INFO]   II Add Fact Node and Edge
21:07:59 [INFO]   Added new fact R_36("str_2").
21:07:59 [INFO] 36 / 43
21:07:59 [INFO]   II Add Fact Node and Edge
21:07:59 [INFO]   Added new fact R_19(c_27, 15513870645958120175).
21:07:59 [INFO] 37 / 43
21:07:59 [INFO]   II Add Fact Node and Edge
21:07:59 [INFO]   Added new fact R_41(c_28).
21:07:59 [INFO] 38 / 43
21:07:59 [INFO]   II Add Fact Node and Edge
21:07:59 [INFO]   Added new fact R_35(9227249496654052887, 10272368339713397144, c_29, "str_5").
21:07:59 [INFO] 39 / 43
21:07:59 [INFO]   II Add Fact Node and Edge
21:07:59 [INFO]   Added new fact R_11(c_9, "0"^^<http://www.w3.org/2001/XMLSchema#double>, c_30, c_31, c_4).
21:07:59 [INFO] 40 / 43
21:07:59 [INFO]   II Add Fact Node and Edge
21:07:59 [INFO]   Added new fact R_OUT("str_14", "str_17", 18277813050063918937, "str_7", c_32, "str_8").
21:07:59 [INFO] 41 / 43
21:07:59 [INFO]   II Add Fact Node and Edge
21:07:59 [INFO]   Added new fact R_41("1000"^^<http://www.w3.org/2001/XMLSchema#double>).
21:07:59 [INFO] 42 / 43
21:07:59 [INFO]   II Add Fact Node and Edge
21:07:59 [INFO]   Added new fact R_35(2245997698988846749, c_33, c_34, c_4).
21:07:59 [INFO] 43 / 43
21:07:59 [INFO]   II Add Fact Node and Edge
21:07:59 [INFO]   Added new fact R_35("str_18", "str_19", c_27, c_21).
21:07:59 [INFO] 
21:07:59 [INFO] ----------------------------------------------
21:07:59 [INFO] ----------- Program Generation Done ----------
21:07:59 [INFO] ----------------------------------------------
21:07:59 [INFO] 
21:07:59 [INFO] ----------- Generated ADG Summary: -----------
21:07:59 [INFO] ADG Fact Nodes:                  43
21:07:59 [INFO] ADG Relational Nodes:            53
21:07:59 [INFO] ADG Fact Edges:                  43
21:07:59 [INFO] ADG Relational Edges:            112
21:07:59 [INFO] Number of inv. Strata:           6
21:07:59 [INFO] 
21:07:59 [INFO] Nodes with None Ancestry:        0
21:07:59 [INFO] Nodes with Positive Ancestry:    8
21:07:59 [INFO] Nodes with Negative Ancestry:    5
21:07:59 [INFO] Nodes with Unknown Ancestry:     40
21:07:59 [INFO] 
21:07:59 [INFO] Next rule name would be:         r_EXP_44
21:07:59 [INFO] Next predicate name would be:    R_43
21:07:59 [INFO] Next constant name would be:     c_35
21:07:59 [INFO] Next string would be:            "str_20"
21:07:59 [INFO] 
21:07:59 [INFO] Output predicate:                R_OUT
21:07:59 [INFO] Generated rule count:            43
21:07:59 [INFO] Rule count:                      49
21:07:59 [INFO] Average rel. arity:              3.6792452830188678
21:07:59 [INFO] Arity calc. may be inaccurate if arity > f64
21:07:59 [INFO] ----------------------------------------------
21:07:59 [INFO] 
21:07:59 [INFO] ------ Performed Gen. Transformations: -------
21:07:59 [INFO]  #      Type
21:07:59 [INFO]  43      Generate New Rule with Probably Single Lit
21:07:59 [INFO]  52      Generating an Outgoing Relational Edge
21:07:59 [INFO]  42      I     Add Relational Node
21:07:59 [INFO]  43      II    Add Fact Node and Edge
21:07:59 [INFO] ----------------------------------------------
21:07:59 [INFO] 
21:07:59 [INFO] Storing input ADG and input program
21:07:59 [INFO] 
21:07:59 [INFO] ----------------------------------------------
21:07:59 [INFO] --------- Beginning Transformations ----------
21:07:59 [INFO] --------  Oracle: EXP    Number: 41
21:07:59 [INFO] ----------------------------------------------
21:07:59 [INFO] 1 / 41
21:07:59 [INFO]   I Add Relational Node
21:07:59 [INFO]   Added new relation R_45
21:07:59 [INFO] 2 / 41
21:07:59 [INFO]   III Add Relational edges - New Rule
21:07:59 [INFO]   Added new rule of name r_EXP_46
21:07:59 [INFO]   R_34(?X_4, ?X_5, ?X_6, ?X_3, "113.4"^^<http://www.w3.org/2001/XMLSchema#double>, ?X_1) :- R_1(?Y_2, ?X_5, ?X_6, ?X_3), R_1("113.4"^^<http://www.w3.org/2001/XMLSchema#double>, ?X_6, ?X_1, ?X_4), ~HeavyWind(?X_6, ?X_1, ?X_5) .
21:07:59 [INFO] 3 / 41
21:07:59 [INFO]   XI Add Contradictory Rule
21:07:59 [INFO]   Added new contradictory rule of name r_EXP_47
21:07:59 [INFO]   R_25("210"^^<http://www.w3.org/2001/XMLSchema#double>, ?X_3, ?X_2, ?X_4) :- HeatAffectedState("210"^^<http://www.w3.org/2001/XMLSchema#double>, ?X_3, "210"^^<http://www.w3.org/2001/XMLSchema#double>), HeatAffectedState(?X_4, ?X_2, ?X_4), ~HeatAffectedState("210"^^<http://www.w3.org/2001/XMLSchema#double>, ?X_3, "210"^^<http://www.w3.org/2001/XMLSchema#double>) .
21:07:59 [INFO] 4 / 41
21:07:59 [INFO]   VII Modify Rule - Add Equality
21:07:59 [INFO]   Replaced var ?X_3 with var ?X_2 in the rule r_GEN_10
21:07:59 [INFO] 5 / 41
21:07:59 [INFO]   VIII Modify Rule - Remove Equality
21:07:59 [INFO]   Replaced a random number of var X_1 with var X_1_new_1 in the rule r_GEN_20
21:07:59 [INFO] 6 / 41
21:07:59 [INFO]   IV Add Relational Edge - New Literal
21:07:59 [INFO]   Generated literal R_41(?X_1) for rule r_GEN_40
21:07:59 [INFO] 7 / 41
21:07:59 [INFO]   VIII Modify Rule - Remove Equality
21:07:59 [INFO]   Replaced a random number of var X_1 with var X_1_new_1 in the rule r_GEN_41
21:07:59 [INFO] 8 / 41
21:07:59 [INFO]   I Add Relational Node
21:07:59 [INFO]   Added new relation R_46
21:07:59 [INFO] 9 / 41
21:07:59 [INFO]   III Add Relational edges - New Rule
21:07:59 [INFO]   Added new rule of name r_EXP_48
21:07:59 [INFO]   R_11("115.3"^^<http://www.w3.org/2001/XMLSchema#double>, ?X_3, ?X_3, ?X_2, ?X_1) :- R_3(?Y_1, ?X_2, ?X_3, ?X_1), R_3("str_17", ?X_1, ?X_2, ?X_2), R_17(?X_3, ?X_3, "115.3"^^<http://www.w3.org/2001/XMLSchema#double>), HeavyWindForce(?X_3, ?X_3, "str_17"), ~TempAbove41(?X_2, "str_17", ?X_3), ~R_1(?Y_1, ?X_2, ?X_3, "str_17") .
21:07:59 [INFO] 10 / 41
21:07:59 [INFO]   II Add Fact Node and Edge
21:07:59 [INFO]   Added new fact R_34(8568922082926108311, c_25, "str_22", "str_23", "str_11", "str_13").
21:07:59 [INFO] 11 / 41
21:07:59 [INFO]   VII Modify Rule - Add Equality
21:07:59 [INFO]   Replaced var ?X_1 with var ?X_2 in the rule r_GEN_10
21:07:59 [INFO] 12 / 41
21:07:59 [INFO]   IV Add Relational Edge - New Literal
21:07:59 [INFO]   Generated literal R_31(?Z_1, ?Z_2, ?X_2) for rule r_GEN_10
21:07:59 [INFO] 13 / 41
21:07:59 [INFO]   VIII Modify Rule - Remove Equality
21:07:59 [INFO]   Replaced a random number of var X_3 with var X_3_new_1 in the rule r_EXP_48
21:07:59 [INFO] 14 / 41
21:07:59 [INFO]   IV Add Relational Edge - New Literal
21:07:59 [INFO]   Generated literal ExcessiveHeat(?Z_6, ?Y_1, ?Y_1) for rule r_GEN_37
21:07:59 [INFO] 15 / 41
21:07:59 [INFO]   III Add Relational edges - New Rule
21:07:59 [INFO]   Added new rule of name r_EXP_49
21:07:59 [INFO]   R_OUT(?X_3, "StationA", ?X_2, ?X_4, ?X_5, ?X_6) :- R_6(?X_3, ?X_3, ?Y_1), R_29(?X_4, ?X_5, ?X_6, "StationA", ?X_2), ~R_15(?X_2, ?Y_1, "StationA", ?Y_1, "StationA", ?X_2), ~R_17(?Y_1, ?X_5, "StationA") .
21:07:59 [INFO] 16 / 41
21:07:59 [INFO]   II Add Fact Node and Edge
21:07:59 [INFO]   Added new fact R_11(c_10, 10272368339713397144, 15355648898703377797, "str_22", c_37).
21:07:59 [INFO] 17 / 41
21:07:59 [INFO]   VII Modify Rule - Add Equality
21:07:59 [INFO]   Replaced var ?Z_2 with var ?Z_1 in the rule r_GEN_10
21:07:59 [INFO] 18 / 41
21:07:59 [INFO]   XI Add Contradictory Rule
21:07:59 [INFO]   Added new contradictory rule of name r_EXP_50
21:07:59 [INFO]   R_42(?X_1, ?X_2, ?X_4, ?X_6, ?X_5, ?X_3) :- ExcessiveHeat(?X_1, ?X_2, ?X_4), ExcessiveHeat(?X_6, ?X_5, ?X_3), ~ExcessiveHeat(?X_1, ?X_2, ?X_4) .
21:07:59 [INFO] 19 / 41
21:07:59 [INFO]   IV Add Relational Edge - New Literal
21:07:59 [INFO]   Generated literal ~R_2("str_6", ?X_2) for rule r_GEN_10
21:07:59 [INFO] 20 / 41
21:07:59 [INFO]   IV Add Relational Edge - New Literal
21:07:59 [INFO]   Generated literal R_37(?Y_1, ?Z_3, ?Y_1, ?Y_1, ?Y_1, ?Z_6) for rule r_GEN_42
21:07:59 [INFO] 21 / 41
21:07:59 [INFO]   XI Add Contradictory Rule
21:07:59 [INFO]   Assigned relation R_45 the artiy 2
21:07:59 [INFO]   Added new contradictory rule of name r_EXP_51
21:07:59 [INFO]   R_38(c_2, ?X_5, ?X_4, ?X_6, ?X_2, ?X_2) :- R_45(c_2, ?X_5), R_45(?X_4, ?X_6), R_45(?X_2, ?X_2), ~R_45(c_2, ?X_5) .
21:07:59 [INFO] 22 / 41
21:07:59 [INFO]   III Add Relational edges - New Rule
21:07:59 [INFO]   Added new rule of name r_EXP_52
21:07:59 [INFO]   R_40(?X_1) :- HeavyWindAffectedState(?X_1, ?X_1, c_22), R_31(?Y_1, ?X_1, c_22), TempConstantOver24AtLeastFor1(?X_1, ?X_1, ?X_1), ~R_34(?X_1, ?X_1, ?X_1, 15959886497864776121, ?X_1, ?X_1), ~LocatedInState(c_22, ?X_1, ?Y_1, ?X_1), ~R_16(?X_1, c_22) .
21:07:59 [INFO] 23 / 41
21:07:59 [INFO]   XI Add Contradictory Rule
21:07:59 [INFO]   Added new contradictory rule of name r_EXP_53
21:07:59 [INFO]   R_33(?X_1, ?X_6, ?X_3, ?X_5, ?X_2, ?X_4) :- HeatAffectedState(?X_1, ?X_6, ?X_3), HeatAffectedState(?X_5, ?X_2, ?X_4), ~HeatAffectedState(?X_1, ?X_6, ?X_3) .
21:07:59 [INFO] 24 / 41
21:07:59 [INFO]   XI Add Contradictory Rule
21:07:59 [INFO]   Added new contradictory rule of name r_EXP_54
21:07:59 [INFO]   R_24(?X_3, ?X_6, ?X_4, "str_17", ?X_1, ?X_4) :- R_15(?X_3, ?X_6, ?X_4, "str_17", ?X_1, ?X_4), ~R_15(?X_3, ?X_6, ?X_4, "str_17", ?X_1, ?X_4) .
21:07:59 [INFO] 25 / 41
21:07:59 [INFO]   IX Remove Fact Node and Edge
21:07:59 [INFO]   Removed fact R_41("1000"^^<http://www.w3.org/2001/XMLSchema#double>). from the program
21:07:59 [INFO]   Removed fact R_41("1000"^^<http://www.w3.org/2001/XMLSchema#double>). from the ADG.
21:07:59 [INFO] 26 / 41
21:07:59 [INFO]   II Add Fact Node and Edge
21:07:59 [INFO]   Added new fact R_19("118"^^<http://www.w3.org/2001/XMLSchema#double>, "StationA").
21:07:59 [INFO] 27 / 41
21:07:59 [INFO]   VIII Modify Rule - Remove Equality
21:07:59 [INFO]   Replaced a random number of var X_2 with var X_2_new_1 in the rule r_GEN_3
21:07:59 [INFO] 28 / 41
21:07:59 [INFO]   IV Add Relational Edge - New Literal
21:07:59 [INFO]   Generated literal ~R_14(?Z_1) for rule r_GEN_10
21:07:59 [INFO] 29 / 41
21:07:59 [INFO]   XI Add Contradictory Rule
21:07:59 [INFO]   Added new contradictory rule of name r_EXP_55
21:07:59 [INFO]   R_31("str_4", ?X_3, ?X_1) :- R_14("str_4"), R_14(?X_3), R_14(?X_1), ~R_14("str_4") .
21:07:59 [INFO] 30 / 41
21:07:59 [INFO]   IX Remove Fact Node and Edge
21:07:59 [INFO]   Removed fact R_9(c_7, "StationA", "112"^^<http://www.w3.org/2001/XMLSchema#double>). from the program
21:07:59 [INFO]   Removed fact R_9(c_7, "StationA", "112"^^<http://www.w3.org/2001/XMLSchema#double>). from the ADG.
21:07:59 [INFO] 31 / 41
21:07:59 [INFO]   IV Add Relational Edge - New Literal
21:07:59 [INFO]   Generated literal R_5(?Y_1) for rule r_GEN_42
21:07:59 [INFO] 32 / 41
21:07:59 [INFO]   VIII Modify Rule - Remove Equality
21:07:59 [INFO]   Replaced a random number of var X_2 with var X_2_new_1 in the rule r_GEN_1
21:07:59 [INFO] 33 / 41
21:07:59 [INFO]   III Add Relational edges - New Rule
21:07:59 [INFO]   Added new rule of name r_EXP_56
21:07:59 [INFO]   R_19(?X_1, ?X_2) :- R_31(?X_1, ?X_2, ?X_2), R_10(?X_1, ?X_2, c_14, ?Y_1, ?X_1), R_12(?Y_1, ?X_2, c_14) .
21:07:59 [INFO] 34 / 41
21:07:59 [INFO]   XI Add Contradictory Rule
21:07:59 [INFO]   Added new contradictory rule of name r_EXP_57
21:07:59 [INFO]   R_33(?X_3, ?X_4, ?X_2, ?X_6, ?X_5, ?X_2) :- ExcessiveHeat(?X_3, ?X_4, ?X_2), ExcessiveHeat(?X_6, ?X_5, ?X_2), ~ExcessiveHeat(?X_3, ?X_4, ?X_2) .
21:07:59 [INFO] 35 / 41
21:07:59 [INFO]   II Add Fact Node and Edge
21:07:59 [INFO]   Added new fact R_19("str_24", "111.7"^^<http://www.w3.org/2001/XMLSchema#double>).
21:07:59 [INFO] 36 / 41
21:07:59 [INFO]   VII Modify Rule - Add Equality
21:07:59 [INFO]   Replaced var ?X_4 with var ?Z_4 in the rule r_GEN_40
21:07:59 [INFO] 37 / 41
21:07:59 [INFO]   III Add Relational edges - New Rule
21:07:59 [INFO]   Assigned relation R_46 the artiy 4
21:07:59 [INFO]   Added new rule of name r_EXP_58
21:07:59 [INFO]   R_46(?X_1, ?X_4, ?X_2, ?X_4) :- R_36(?X_4), R_22(?X_4, ?X_1, ?X_4, ?X_1, ?X_4), R_31(?Y_1, ?X_2, ?X_4), ~LocatedInState(?X_4, ?X_4, ?X_1, ?X_1) .
21:07:59 [INFO] 38 / 41
21:07:59 [INFO]   II Add Fact Node and Edge
21:07:59 [INFO]   Added new fact R_46(c_30, c_23, "str_25", c_38).
21:07:59 [INFO] 39 / 41
21:07:59 [INFO]   I Add Relational Node
21:07:59 [INFO]   Added new relation R_47
21:07:59 [INFO] 40 / 41
21:07:59 [INFO]   VIII Modify Rule - Remove Equality
21:07:59 [INFO]   Replaced a random number of var X_3 with var X_3_new_1 in the rule r_EXP_49
21:07:59 [INFO] 41 / 41
21:07:59 [INFO]   XI Add Contradictory Rule
21:07:59 [INFO]   Added new contradictory rule of name r_EXP_59
21:07:59 [INFO]   R_30(?X_1, ?X_1, ?X_2) :- TempAbove41(?X_1, ?X_1, ?X_2), ~TempAbove41(?X_1, ?X_1, ?X_2) .
21:07:59 [INFO] ----------------------------------------------
21:07:59 [INFO] ------------ Transformations Done ------------
21:07:59 [INFO] ----------------------------------------------
21:07:59 [INFO]  Ressources required: 
                
21:07:59 [INFO] ---------- Transformed ADG Summary: ----------
21:07:59 [INFO] ADG Fact Nodes:                  46
21:07:59 [INFO] ADG Relational Nodes:            56
21:07:59 [INFO] ADG Fact Edges:                  46
21:07:59 [INFO] ADG Relational Edges:            169
21:07:59 [INFO] Number of inv. Strata:           8
21:07:59 [INFO] 
21:07:59 [INFO] Nodes with None Ancestry:        1
21:07:59 [INFO] Nodes with Positive Ancestry:    4
21:07:59 [INFO] Nodes with Negative Ancestry:    3
21:07:59 [INFO] Nodes with Unknown Ancestry:     47
21:07:59 [INFO] 
21:07:59 [INFO] Next rule name would be:         r_EXP_60
21:07:59 [INFO] Next predicate name would be:    R_48
21:07:59 [INFO] Next constant name would be:     c_39
21:07:59 [INFO] Next string would be:            "str_26"
21:07:59 [INFO] 
21:07:59 [INFO] Output predicate:                R_OUT
21:07:59 [INFO] Rule count:                      63
21:07:59 [INFO] Average rel. arity:              3.6545454545454548
21:07:59 [INFO] Arity calc. may be inaccurate if arity > f64
21:07:59 [INFO] ----------------------------------------------
21:07:59 [INFO] 
21:07:59 [INFO] --------- Performed Transformations: ---------
21:07:59 [INFO]  #      Type
21:07:59 [INFO]  11      Failed Transformation Attempts
21:07:59 [INFO]  3      I     Add Relational Node
21:07:59 [INFO]  5      II    Add Fact Node and Edge
21:07:59 [INFO]  6      III   Add Relational edges - New Rule
21:07:59 [INFO]  7      IV    Add Relational Edge - New Literal
21:07:59 [INFO]  2      IX    Remove Fact Node and Edge
21:07:59 [INFO]  0      V     Remove Relational Edges - Whole Rule
21:07:59 [INFO]  0      VI    Remove Relational Edge - Single Literal
21:07:59 [INFO]  4      VII   Modify Rule - Add Equality
21:07:59 [INFO]  6      VIII  Modify Rule - Remove Equality
21:07:59 [INFO]  8      XI   Add Contradictory Rule
21:07:59 [INFO]  0      Xa     Remove Relational Node Rule Variant - None anc only
21:07:59 [INFO] ----------------------------------------------
21:07:59 [INFO] 
21:07:59 [INFO] Writing output ADG and file.
21:07:59 [INFO] 
21:07:59 [INFO] ----------------------------------------------
21:07:59 [INFO] -- Beginning Nemo Execution - Input Program --
21:07:59 [INFO] ----------------------------------------------
21:07:59 [INFO] Stratified program: [[0, 1, 2, 3, 4, 5, 8, 9, 10, 12, 18, 21, 29, 33, 34], [30], [6, 7, 11, 13, 14, 15, 16, 17, 19, 20, 22, 23, 24, 25, 27, 28, 31, 32, 35, 36, 38, 39, 40, 41, 45, 46], [26, 37, 43], [42, 44], [48], [47]]
21:07:59 [INFO] Loading source SimpleTable { arity: 6, data: [AnyDataValue(PlainString(StringDataValue("str_10"))), AnyDataValue(PlainString(StringDataValue("str_11"))), AnyDataValue(Iri(IriDataValue("c_18"))), AnyDataValue(PlainString(StringDataValue("StationA"))), AnyDataValue(Iri(IriDataValue("c_20"))), AnyDataValue(Iri(IriDataValue("c_21"))), AnyDataValue(Iri(IriDataValue("c_25"))), AnyDataValue(PlainString(StringDataValue("str_4"))), AnyDataValue(Double(DoubleDataValue(118.0))), AnyDataValue(PlainString(StringDataValue("str_12"))), AnyDataValue(PlainString(StringDataValue("StationA"))), AnyDataValue(UnsignedLong(UnsignedLongDataValue(17172875853103889957))), AnyDataValue(PlainString(StringDataValue("str_14"))), AnyDataValue(PlainString(StringDataValue("str_17"))), AnyDataValue(UnsignedLong(UnsignedLongDataValue(18277813050063918937))), AnyDataValue(PlainString(StringDataValue("str_7"))), AnyDataValue(Iri(IriDataValue("c_32"))), AnyDataValue(PlainString(StringDataValue("str_8")))] }
21:07:59 [INFO] Execution step: Combining Tables
21:07:59 [INFO] Saved permanent table R_OUT (0-1) Permutation { idx_to_val: [], val_to_idx: [] } with 3 entries (21244)
21:07:59 [INFO] <<< STEP 1: APPLYING RULE 0 TempAbove41DiamondMinus1(?Station, ?Start, ?_HEAD_1) :- TempAbove41(?Station, ?Start, ?End), Equal(?_HEAD_1, NumericSum(?End, "1"^^<http://www.w3.org/2001/XMLSchema#double>)) >>>
21:07:59 [INFO] Loading source SimpleTable { arity: 3, data: [AnyDataValue(PlainString(StringDataValue("StationA"))), AnyDataValue(Double(DoubleDataValue(213.4))), AnyDataValue(Double(DoubleDataValue(213.5)))] }
21:07:59 [INFO] Execution step: Body
21:07:59 [INFO] Saved temporary table: 1 entries (10316)
21:07:59 [INFO] Execution step: Duplicate Elimination (Datalog)
21:07:59 [INFO] Saved permanent table TempAbove41DiamondMinus1 (1) Permutation { idx_to_val: [], val_to_idx: [] } with 1 entries (10364)
21:07:59 [INFO] Rule duration: 0 ms
21:07:59 [INFO] <<< STEP 2: APPLYING RULE 0 TempAbove41DiamondMinus1(?Station, ?Start, ?_HEAD_1) :- TempAbove41(?Station, ?Start, ?End), Equal(?_HEAD_1, NumericSum(?End, "1"^^<http://www.w3.org/2001/XMLSchema#double>)) >>>
21:07:59 [INFO] Execution step: Body
21:07:59 [INFO] Trie does not contain any elements
21:07:59 [INFO] Execution step: Duplicate Elimination (Datalog)
21:07:59 [INFO] Trie does not contain any elements
21:07:59 [INFO] Rule duration: 0 ms
21:07:59 [INFO] <<< STEP 3: APPLYING RULE 1 TempConstantOver24AtLeastFor1(?Station, ?_HEAD_1, ?End) :- TempAbove24(?Station, ?Start, ?End), NumericLessthan(NumericSum(?Start, "1"^^<http://www.w3.org/2001/XMLSchema#double>), ?End), Equal(?_HEAD_1, NumericSum(?Start, "1"^^<http://www.w3.org/2001/XMLSchema#double>)) >>>
21:07:59 [INFO] Loading source SimpleTable { arity: 3, data: [AnyDataValue(PlainString(StringDataValue("StationA"))), AnyDataValue(Double(DoubleDataValue(210.0))), AnyDataValue(Double(DoubleDataValue(215.0)))] }
21:07:59 [INFO] Execution step: Body
21:07:59 [INFO] Saved temporary table: 1 entries (10316)
21:07:59 [INFO] Execution step: Duplicate Elimination (Datalog)
21:07:59 [INFO] Saved permanent table TempConstantOver24AtLeastFor1 (3) Permutation { idx_to_val: [], val_to_idx: [] } with 1 entries (10364)
21:07:59 [INFO] Rule duration: 0 ms
21:07:59 [INFO] <<< STEP 4: APPLYING RULE 1 TempConstantOver24AtLeastFor1(?Station, ?_HEAD_1, ?End) :- TempAbove24(?Station, ?Start, ?End), NumericLessthan(NumericSum(?Start, "1"^^<http://www.w3.org/2001/XMLSchema#double>), ?End), Equal(?_HEAD_1, NumericSum(?Start, "1"^^<http://www.w3.org/2001/XMLSchema#double>)) >>>
21:07:59 [INFO] Execution step: Body
21:07:59 [INFO] Trie does not contain any elements
21:07:59 [INFO] Execution step: Duplicate Elimination (Datalog)
21:07:59 [INFO] Trie does not contain any elements
21:07:59 [INFO] Rule duration: 0 ms
21:07:59 [INFO] <<< STEP 5: APPLYING RULE 2 ExcessiveHeat(?Station, ?_HEAD_1, ?_HEAD_2) :- TempAbove41DiamondMinus1(?Station, ?Start41, ?End41), TempConstantOver24AtLeastFor1(?Station, ?Start24, ?End24), NumericLessthan(?Start41, ?End24), NumericLessthan(?Start24, ?End41), Equal(?_HEAD_1, NumericSubtraction(NumericMaximum(?Start24, ?Start41), "1"^^<http://www.w3.org/2001/XMLSchema#double>)), Equal(?_HEAD_2, NumericMinimum(?End41, ?End24)) >>>
21:07:59 [INFO] Execution step: Body
21:07:59 [INFO] Saved temporary table: 1 entries (10316)
21:07:59 [INFO] Execution step: Duplicate Elimination (Datalog)
21:07:59 [INFO] Saved permanent table ExcessiveHeat (5) Permutation { idx_to_val: [], val_to_idx: [] } with 1 entries (10364)
21:07:59 [INFO] Rule duration: 0 ms
21:07:59 [INFO] <<< STEP 6: APPLYING RULE 2 ExcessiveHeat(?Station, ?_HEAD_1, ?_HEAD_2) :- TempAbove41DiamondMinus1(?Station, ?Start41, ?End41), TempConstantOver24AtLeastFor1(?Station, ?Start24, ?End24), NumericLessthan(?Start41, ?End24), NumericLessthan(?Start24, ?End41), Equal(?_HEAD_1, NumericSubtraction(NumericMaximum(?Start24, ?Start41), "1"^^<http://www.w3.org/2001/XMLSchema#double>)), Equal(?_HEAD_2, NumericMinimum(?End41, ?End24)) >>>
21:07:59 [INFO] Execution step: Body
21:07:59 [INFO] Trie does not contain any elements
21:07:59 [INFO] Execution step: Duplicate Elimination (Datalog)
21:07:59 [INFO] Trie does not contain any elements
21:07:59 [INFO] Rule duration: 0 ms
21:07:59 [INFO] <<< STEP 7: APPLYING RULE 3 HeatAffectedState(?State, ?_HEAD_1, ?_HEAD_2) :- ExcessiveHeat(?Station, ?StartHeat, ?EndHeat), LocatedInState(?Station, ?State, ?StartIn, ?EndIn), NumericLessthan(?StartHeat, ?EndIn), NumericLessthan(?StartIn, ?EndHeat), Equal(?_HEAD_1, NumericMaximum(?StartHeat, ?StartIn)), Equal(?_HEAD_2, NumericMinimum(?EndHeat, ?EndIn)) >>>
21:07:59 [INFO] Loading source SimpleTable { arity: 4, data: [AnyDataValue(PlainString(StringDataValue("StationA"))), AnyDataValue(PlainString(StringDataValue("Ohio"))), AnyDataValue(Double(DoubleDataValue(0.0))), AnyDataValue(Double(DoubleDataValue(1000.0)))] }
21:07:59 [INFO] Execution step: Body
21:07:59 [INFO] Saved temporary table: 1 entries (10316)
21:07:59 [INFO] Execution step: Duplicate Elimination (Datalog)
21:07:59 [INFO] Saved permanent table HeatAffectedState (7) Permutation { idx_to_val: [], val_to_idx: [] } with 1 entries (10364)
21:07:59 [INFO] Rule duration: 0 ms
21:07:59 [INFO] <<< STEP 8: APPLYING RULE 3 HeatAffectedState(?State, ?_HEAD_1, ?_HEAD_2) :- ExcessiveHeat(?Station, ?StartHeat, ?EndHeat), LocatedInState(?Station, ?State, ?StartIn, ?EndIn), NumericLessthan(?StartHeat, ?EndIn), NumericLessthan(?StartIn, ?EndHeat), Equal(?_HEAD_1, NumericMaximum(?StartHeat, ?StartIn)), Equal(?_HEAD_2, NumericMinimum(?EndHeat, ?EndIn)) >>>
21:07:59 [INFO] Execution step: Body
21:07:59 [INFO] Trie does not contain any elements
21:07:59 [INFO] Execution step: Duplicate Elimination (Datalog)
21:07:59 [INFO] Trie does not contain any elements
21:07:59 [INFO] Rule duration: 0 ms
21:07:59 [INFO] <<< STEP 9: APPLYING RULE 4 HeavyWind(?Station, ?Start, ?End) :- HeavyWindForce(?Station, ?Start, ?End), NumericLessthan(NumericSum(?Start, "1"^^<http://www.w3.org/2001/XMLSchema#double>), ?End) >>>
21:07:59 [INFO] Loading source SimpleTable { arity: 3, data: [AnyDataValue(PlainString(StringDataValue("StationA"))), AnyDataValue(Double(DoubleDataValue(111.7))), AnyDataValue(Double(DoubleDataValue(112.0))), AnyDataValue(PlainString(StringDataValue("StationA"))), AnyDataValue(Double(DoubleDataValue(113.4))), AnyDataValue(Double(DoubleDataValue(115.2))), AnyDataValue(PlainString(StringDataValue("StationA"))), AnyDataValue(Double(DoubleDataValue(115.3))), AnyDataValue(Double(DoubleDataValue(117.0))), AnyDataValue(PlainString(StringDataValue("StationA"))), AnyDataValue(Double(DoubleDataValue(117.1))), AnyDataValue(Double(DoubleDataValue(118.0)))] }
21:07:59 [INFO] Execution step: Body
21:07:59 [INFO] Saved temporary table: 2 entries (10380)
21:07:59 [INFO] Execution step: Duplicate Elimination (Datalog)
21:07:59 [INFO] Saved permanent table HeavyWind (9) Permutation { idx_to_val: [], val_to_idx: [] } with 2 entries (10428)
21:07:59 [INFO] Rule duration: 0 ms
21:07:59 [INFO] <<< STEP 10: APPLYING RULE 4 HeavyWind(?Station, ?Start, ?End) :- HeavyWindForce(?Station, ?Start, ?End), NumericLessthan(NumericSum(?Start, "1"^^<http://www.w3.org/2001/XMLSchema#double>), ?End) >>>
21:07:59 [INFO] Execution step: Body
21:07:59 [INFO] Trie does not contain any elements
21:07:59 [INFO] Execution step: Duplicate Elimination (Datalog)
21:07:59 [INFO] Trie does not contain any elements
21:07:59 [INFO] Rule duration: 0 ms
21:07:59 [INFO] <<< STEP 11: APPLYING RULE 5 HeavyWindAffectedState(?State, ?_HEAD_1, ?_HEAD_2) :- HeavyWind(?Station, ?StartWind, ?EndWind), LocatedInState(?Station, ?State, ?StartIn, ?EndIn), NumericLessthan(?StartWind, ?EndIn), NumericLessthan(?StartIn, ?EndWind), Equal(?_HEAD_1, NumericMaximum(?StartWind, ?StartIn)), Equal(?_HEAD_2, NumericMinimum(?EndWind, ?EndIn)) >>>
21:07:59 [INFO] Execution step: Body
21:07:59 [INFO] Saved temporary table: 2 entries (10380)
21:07:59 [INFO] Execution step: Duplicate Elimination (Datalog)
21:07:59 [INFO] Saved permanent table HeavyWindAffectedState (11) Permutation { idx_to_val: [], val_to_idx: [] } with 2 entries (10428)
21:07:59 [INFO] Rule duration: 0 ms
21:07:59 [INFO] <<< STEP 12: APPLYING RULE 5 HeavyWindAffectedState(?State, ?_HEAD_1, ?_HEAD_2) :- HeavyWind(?Station, ?StartWind, ?EndWind), LocatedInState(?Station, ?State, ?StartIn, ?EndIn), NumericLessthan(?StartWind, ?EndIn), NumericLessthan(?StartIn, ?EndWind), Equal(?_HEAD_1, NumericMaximum(?StartWind, ?StartIn)), Equal(?_HEAD_2, NumericMinimum(?EndWind, ?EndIn)) >>>
21:07:59 [INFO] Execution step: Body
21:07:59 [INFO] Trie does not contain any elements
21:07:59 [INFO] Execution step: Duplicate Elimination (Datalog)
21:07:59 [INFO] Trie does not contain any elements
21:07:59 [INFO] Rule duration: 0 ms
21:07:59 [INFO] <<< STEP 13: APPLYING RULE 8 R_3("0"^^<http://www.w3.org/2001/XMLSchema#double>, ?X_2, ?X_4, ?X_3) :- LocatedInState(?_BODY_1, ?X_2, ?X_4, ?X_3), Equal(?_BODY_1, "0"^^<http://www.w3.org/2001/XMLSchema#double>) >>>
21:07:59 [INFO] Execution step: Body
21:07:59 [INFO] Trie does not contain any elements
21:07:59 [INFO] Execution step: Duplicate Elimination (Datalog)
21:07:59 [INFO] Trie does not contain any elements
21:07:59 [INFO] Rule duration: 0 ms
21:07:59 [INFO] <<< STEP 14: APPLYING RULE 9 R_5(?X_1) :- R_3(?_BODY_1, ?X_1, ?_BODY_2, ?Y_1), Equal(?_BODY_1, "112"^^<http://www.w3.org/2001/XMLSchema#double>), Equal(?_BODY_2, "112"^^<http://www.w3.org/2001/XMLSchema#double>) >>>
21:07:59 [INFO] Execution step: Body
21:07:59 [INFO] Trie does not contain any elements
21:07:59 [INFO] Execution step: Duplicate Elimination (Datalog)
21:07:59 [INFO] Trie does not contain any elements
21:07:59 [INFO] Rule duration: 0 ms
21:07:59 [INFO] <<< STEP 15: APPLYING RULE 10 R_8(?X_1, ?X_3, ?X_2, ?X_4) :- TempAbove41(?Y_1, ?X_3, ?X_2), TempAbove41(?X_1, ?_BODY_1, ?X_4), Equal(?_BODY_1, ?X_1) >>>
21:07:59 [INFO] Execution step: Body
21:07:59 [INFO] Trie does not contain any elements
21:07:59 [INFO] Execution step: Duplicate Elimination (Datalog)
21:07:59 [INFO] Trie does not contain any elements
21:07:59 [INFO] Rule duration: 0 ms
21:07:59 [INFO] <<< STEP 16: APPLYING RULE 12 R_15(?X_5, ?X_1, "StationA", ?X_6, ?X_3, ?X_4) :- R_5(?X_5), R_5(?X_1), R_5(?_BODY_1), R_5(?X_6), R_5(?X_3), R_5(?X_4), Equal(?_BODY_1, "StationA") >>>
21:07:59 [INFO] Execution step: Body
21:07:59 [INFO] Trie does not contain any elements
21:07:59 [INFO] Execution step: Duplicate Elimination (Datalog)
21:07:59 [INFO] Trie does not contain any elements
21:07:59 [INFO] Rule duration: 0 ms
21:07:59 [INFO] <<< STEP 17: APPLYING RULE 18 R_21(?X_3, ?X_2, ?X_1) :- R_17(?X_3, ?X_2, ?X_1), HeatAffectedState(?Z_2, ?_BODY_1, ?X_3), Equal(?_BODY_1, "210"^^<http://www.w3.org/2001/XMLSchema#double>) >>>
21:07:59 [INFO] Execution step: Body
21:07:59 [INFO] Trie does not contain any elements
21:07:59 [INFO] Execution step: Duplicate Elimination (Datalog)
21:07:59 [INFO] Trie does not contain any elements
21:07:59 [INFO] Rule duration: 0 ms
21:07:59 [INFO] <<< STEP 18: APPLYING RULE 33 R_22(?X_2, ?X_3, ?X_5, ?X_4, ?X_1) :- R_15(?X_2, ?X_3, ?X_5, ?X_4, ?X_1, ?_BODY_1), R_21(?X_2, ?X_4, ?X_1), Equal(?_BODY_1, ?X_1) >>>
21:07:59 [INFO] Execution step: Body
21:07:59 [INFO] Trie does not contain any elements
21:07:59 [INFO] Execution step: Duplicate Elimination (Datalog)
21:07:59 [INFO] Trie does not contain any elements
21:07:59 [INFO] Rule duration: 0 ms
21:07:59 [INFO] <<< STEP 19: APPLYING RULE 34 R_17(?X_1, ?X_2, "Ohio") :- HeavyWindAffectedState(?X_1, ?X_2, ?_BODY_1), R_22(?X_1, ?_BODY_2, ?X_2, ?_BODY_3, ?Z_2), Equal(?_BODY_1, "Ohio"), Equal(?_BODY_2, "112"^^<http://www.w3.org/2001/XMLSchema#double>), Equal(?_BODY_3, ?X_2) >>>
21:07:59 [INFO] Execution step: Body
21:07:59 [INFO] Trie does not contain any elements
21:07:59 [INFO] Execution step: Duplicate Elimination (Datalog)
21:07:59 [INFO] Trie does not contain any elements
21:07:59 [INFO] Rule duration: 0 ms
21:07:59 [INFO] <<< STEP 20: APPLYING RULE 21 R_25(?X_1, ?X_4, "1000"^^<http://www.w3.org/2001/XMLSchema#double>, ?X_1) :- LocatedInState(?X_1, ?X_4, ?_BODY_1, ?_BODY_2), LocatedInState(?X_4, ?X_1, ?_BODY_3, ?_BODY_4), TempConstantOver24AtLeastFor1(?_BODY_5, ?Z_3, ?Z_2), Equal(?_BODY_1, "1000"^^<http://www.w3.org/2001/XMLSchema#double>), Equal(?_BODY_2, ?X_1), Equal(?_BODY_3, ?X_4), Equal(?_BODY_4, ?X_1), Equal(?_BODY_5, "Ohio") >>>
21:07:59 [INFO] Execution step: Body
21:07:59 [INFO] Trie does not contain any elements
21:07:59 [INFO] Execution step: Duplicate Elimination (Datalog)
21:07:59 [INFO] Trie does not contain any elements
21:07:59 [INFO] Rule duration: 0 ms
21:07:59 [INFO] <<< STEP 21: APPLYING RULE 29 R_16(?X_2, ?X_2) :- HeavyWindAffectedState(?X_2, ?_BODY_1, ?_BODY_2), R_15(?X_2, ?_BODY_3, ?_BODY_4, ?_BODY_5, ?Z_1, ?Z_2), Equal(?_BODY_1, "210"^^<http://www.w3.org/2001/XMLSchema#double>), Equal(?_BODY_2, ?X_2), Equal(?_BODY_3, ?X_2), Equal(?_BODY_4, ?X_2), Equal(?_BODY_5, ?X_2) >>>
21:07:59 [INFO] Execution step: Body
21:07:59 [INFO] Trie does not contain any elements
21:07:59 [INFO] Execution step: Duplicate Elimination (Datalog)
21:07:59 [INFO] Trie does not contain any elements
21:07:59 [INFO] Rule duration: 0 ms
21:07:59 [INFO] <<< STEP 22: APPLYING RULE 30 R_14(?X_1) :- R_22(?_BODY_1, ?Y_1, ?X_1, ?_BODY_2, ?_BODY_3), R_16(?Y_1, ?X_1), Equal(?_BODY_1, "117.1"^^<http://www.w3.org/2001/XMLSchema#double>), Equal(?_BODY_2, "117.1"^^<http://www.w3.org/2001/XMLSchema#double>), Equal(?_BODY_3, ?Y_1) >>>
21:07:59 [INFO] Execution step: Project/Reorder
21:07:59 [INFO] Trie does not contain any elements
21:07:59 [INFO] Execution step: Body
21:07:59 [INFO] Trie does not contain any elements
21:07:59 [INFO] Execution step: Duplicate Elimination (Datalog)
21:07:59 [INFO] Trie does not contain any elements
21:07:59 [INFO] Rule duration: 0 ms
21:07:59 [INFO] <<< STEP 23: APPLYING RULE 6 R_1("StationA", ?X_3, ?X_4, ?X_1) :- R_28(?_BODY_1, ?X_3, ?X_4, ?X_1), Equal(?_BODY_1, "StationA") >>>
21:07:59 [INFO] Execution step: Body
21:07:59 [INFO] Trie does not contain any elements
21:07:59 [INFO] Execution step: Duplicate Elimination (Datalog)
21:07:59 [INFO] Trie does not contain any elements
21:07:59 [INFO] Rule duration: 0 ms
21:07:59 [INFO] <<< STEP 24: APPLYING RULE 13 R_27(?X_2, "115.3"^^<http://www.w3.org/2001/XMLSchema#double>) :- R_6(?X_2, ?_BODY_1, ?_BODY_2), Equal(?_BODY_1, "115.3"^^<http://www.w3.org/2001/XMLSchema#double>), Equal(?_BODY_2, ?X_2) >>>
21:07:59 [INFO] Execution step: Body
21:07:59 [INFO] Trie does not contain any elements
21:07:59 [INFO] Execution step: Duplicate Elimination (Datalog)
21:07:59 [INFO] Trie does not contain any elements
21:07:59 [INFO] Rule duration: 0 ms
21:07:59 [INFO] <<< STEP 25: APPLYING RULE 14 R_28(?X_1, ?X_2, ?X_4, ?X_1) :- R_31(?X_1, ?X_2, ?X_4), R_31(?X_1, ?_BODY_1, ?_BODY_2), Equal(?_BODY_1, ?X_1), Equal(?_BODY_2, ?X_1) >>>
21:07:59 [INFO] Execution step: Body
21:07:59 [INFO] Trie does not contain any elements
21:07:59 [INFO] Execution step: Duplicate Elimination (Datalog)
21:07:59 [INFO] Trie does not contain any elements
21:07:59 [INFO] Rule duration: 0 ms
21:07:59 [INFO] <<< STEP 26: APPLYING RULE 15 R_29("StationA", ?X_5, ?X_4, ?X_2, ?X_3) :- R_33(?_BODY_1, ?X_5, ?X_4, ?X_3, ?_BODY_2, ?X_2), Equal(?_BODY_1, "StationA"), Equal(?_BODY_2, ?X_3) >>>
21:07:59 [INFO] Execution step: Body
21:07:59 [INFO] Trie does not contain any elements
21:07:59 [INFO] Execution step: Duplicate Elimination (Datalog)
21:07:59 [INFO] Trie does not contain any elements
21:07:59 [INFO] Rule duration: 0 ms
21:07:59 [INFO] <<< STEP 27: APPLYING RULE 16 R_32(?X_1, ?X_2, ?X_4, ?X_2) :- R_12(?X_1, ?X_2, ?_BODY_1), R_12(?X_2, ?_BODY_2, ?X_4), Equal(?_BODY_1, ?X_2), Equal(?_BODY_2, "117"^^<http://www.w3.org/2001/XMLSchema#double>) >>>
21:07:59 [INFO] Execution step: Body
21:07:59 [INFO] Trie does not contain any elements
21:07:59 [INFO] Execution step: Duplicate Elimination (Datalog)
21:07:59 [INFO] Trie does not contain any elements
21:07:59 [INFO] Rule duration: 0 ms
21:07:59 [INFO] <<< STEP 28: APPLYING RULE 17 R_38(?X_6, ?X_2, ?X_4, ?X_6, ?X_1, ?X_3) :- R_1(?X_6, ?X_2, ?X_4, ?_BODY_1), R_1(?X_1, ?X_3, ?_BODY_2, ?X_2), Equal(?_BODY_1, ?X_6), Equal(?_BODY_2, ?X_1) >>>
21:07:59 [INFO] Execution step: Body
21:07:59 [INFO] Trie does not contain any elements
21:07:59 [INFO] Execution step: Duplicate Elimination (Datalog)
21:07:59 [INFO] Trie does not contain any elements
21:07:59 [INFO] Rule duration: 0 ms
21:07:59 [INFO] <<< STEP 29: APPLYING RULE 20 R_33(?X_6, ?X_5, ?X_1, "0"^^<http://www.w3.org/2001/XMLSchema#double>, ?X_3, ?X_1) :- R_38(?X_6, ?X_5, ?X_1, ?_BODY_1, ?X_3, ?_BODY_2), HeavyWindForce(?X_5, ?X_1, ?Z_4), Equal(?_BODY_1, "0"^^<http://www.w3.org/2001/XMLSchema#double>), Equal(?_BODY_2, ?X_1) >>>
21:07:59 [INFO] Execution step: Body
21:07:59 [INFO] Trie does not contain any elements
21:07:59 [INFO] Execution step: Duplicate Elimination (Datalog)
21:07:59 [INFO] Trie does not contain any elements
21:07:59 [INFO] Rule duration: 0 ms
21:07:59 [INFO] <<< STEP 30: APPLYING RULE 23 R_6("213.4"^^<http://www.w3.org/2001/XMLSchema#double>, ?X_3, ?X_3) :- R_30(?_BODY_1, ?X_3, ?_BODY_2), R_5(?X_3), Equal(?_BODY_1, "213.4"^^<http://www.w3.org/2001/XMLSchema#double>), Equal(?_BODY_2, ?X_3) >>>
21:07:59 [INFO] Execution step: Body
21:07:59 [INFO] Trie does not contain any elements
21:07:59 [INFO] Execution step: Duplicate Elimination (Datalog)
21:07:59 [INFO] Trie does not contain any elements
21:07:59 [INFO] Rule duration: 0 ms
21:07:59 [INFO] <<< STEP 31: APPLYING RULE 24 R_24(?X_3, ?X_5, ?X_2, ?X_6, ?X_4, "112"^^<http://www.w3.org/2001/XMLSchema#double>) :- R_15(?X_3, ?X_5, ?X_2, ?X_6, ?X_4, ?_BODY_1), ExcessiveHeat(?Z_3, ?X_5, ?X_2), HeavyWindAffectedState(?_BODY_2, ?X_6, ?X_2), R_7(?Z_8, ?X_2, ?X_6, ?Z_4, ?X_5), TempAbove41DiamondMinus1(?X_6, ?X_3, ?_BODY_3), Equal(?_BODY_1, "112"^^<http://www.w3.org/2001/XMLSchema#double>), Equal(?_BODY_2, "StationA"), Equal(?_BODY_3, ?X_3) >>>
21:07:59 [INFO] Execution step: Project/Reorder
21:07:59 [INFO] Saved temporary table: 1 entries (10364)
21:07:59 [INFO] Execution step: Body
21:07:59 [INFO] Trie does not contain any elements
21:07:59 [INFO] Execution step: Duplicate Elimination (Datalog)
21:07:59 [INFO] Trie does not contain any elements
21:07:59 [INFO] Rule duration: 0 ms
21:07:59 [INFO] <<< STEP 32: APPLYING RULE 25 R_18(?X_6, ?X_1, ?X_3, "215"^^<http://www.w3.org/2001/XMLSchema#double>, ?X_5, ?X_5) :- R_26(?X_6, ?X_1, ?X_3, ?_BODY_1, ?X_5, ?_BODY_2), R_8(?X_6, ?X_5, ?_BODY_3, ?X_1), Equal(?_BODY_1, "215"^^<http://www.w3.org/2001/XMLSchema#double>), Equal(?_BODY_2, ?X_5), Equal(?_BODY_3, ?X_6) >>>
21:07:59 [INFO] Execution step: Body
21:07:59 [INFO] Trie does not contain any elements
21:07:59 [INFO] Execution step: Duplicate Elimination (Datalog)
21:07:59 [INFO] Trie does not contain any elements
21:07:59 [INFO] Rule duration: 0 ms
21:07:59 [INFO] <<< STEP 33: APPLYING RULE 27 R_12(?X_2, ?X_3, "115.3"^^<http://www.w3.org/2001/XMLSchema#double>) :- R_31(?X_2, ?X_3, ?_BODY_1), R_12(?X_3, ?X_2, ?_BODY_2), Equal(?_BODY_1, "115.3"^^<http://www.w3.org/2001/XMLSchema#double>), Equal(?_BODY_2, "213.4"^^<http://www.w3.org/2001/XMLSchema#double>) >>>
21:07:59 [INFO] Execution step: Body
21:07:59 [INFO] Trie does not contain any elements
21:07:59 [INFO] Execution step: Duplicate Elimination (Datalog)
21:07:59 [INFO] Trie does not contain any elements
21:07:59 [INFO] Rule duration: 0 ms
21:07:59 [INFO] <<< STEP 34: APPLYING RULE 28 R_30(?X_3, ?X_3, ?X_1) :- R_14(?X_3), R_14(?X_3), R_14(?X_1), R_13(?X_3, ?_BODY_1, ?_BODY_2, ?Z_1, ?_BODY_3), Equal(?_BODY_1, ?X_3), Equal(?_BODY_2, ?X_3), Equal(?_BODY_3, ?X_3) >>>
21:07:59 [INFO] Execution step: Body
21:07:59 [INFO] Trie does not contain any elements
21:07:59 [INFO] Execution step: Duplicate Elimination (Datalog)
21:07:59 [INFO] Trie does not contain any elements
21:07:59 [INFO] Rule duration: 0 ms
21:07:59 [INFO] <<< STEP 35: APPLYING RULE 31 R_42(?X_2, ?X_4, ?X_1, ?X_6, ?X_3, ?X_5) :- R_7(?_BODY_1, ?X_3, ?X_1, ?X_6, ?_BODY_2), R_7(?X_5, ?X_2, ?Y_2, ?X_1, ?X_4), R_17(?Z_3, ?X_2, ?X_6), Equal(?_BODY_1, "111.7"^^<http://www.w3.org/2001/XMLSchema#double>), Equal(?_BODY_2, ?X_3) >>>
21:07:59 [INFO] Execution step: Body
21:07:59 [INFO] Trie does not contain any elements
21:07:59 [INFO] Execution step: Duplicate Elimination (Datalog)
21:07:59 [INFO] Trie does not contain any elements
21:07:59 [INFO] Rule duration: 0 ms
21:07:59 [INFO] <<< STEP 36: APPLYING RULE 32 R_4(?X_1, ?X_4, ?X_3, ?X_2) :- R_42(?X_1, ?X_4, ?X_3, ?X_2, ?_BODY_1, ?_BODY_2), R_3(?X_4, ?_BODY_3, ?_BODY_4, ?Z_4), R_18(?Z_2, ?X_2, ?X_4, ?X_1, ?_BODY_5, ?_BODY_6), Equal(?_BODY_1, ?X_2), Equal(?_BODY_2, ?X_4), Equal(?_BODY_3, "117.1"^^<http://www.w3.org/2001/XMLSchema#double>), Equal(?_BODY_4, ?X_4), Equal(?_BODY_5, ?X_4), Equal(?_BODY_6, ?X_1) >>>
21:07:59 [INFO] Execution step: Body
21:07:59 [INFO] Trie does not contain any elements
21:07:59 [INFO] Execution step: Duplicate Elimination (Datalog)
21:07:59 [INFO] Trie does not contain any elements
21:07:59 [INFO] Rule duration: 0 ms
21:07:59 [INFO] <<< STEP 37: APPLYING RULE 36 R_13(?X_4, ?X_2, ?X_4, ?X_3, ?X_5) :- HeatAffectedState(?X_4, ?X_2, ?_BODY_1), HeatAffectedState(?X_3, ?X_5, ?X_4), R_24(?X_4, ?X_5, ?_BODY_2, ?_BODY_3, ?_BODY_4, ?Z_1), R_27(?X_5, ?X_3), Equal(?_BODY_1, ?X_4), Equal(?_BODY_2, ?X_4), Equal(?_BODY_3, "117"^^<http://www.w3.org/2001/XMLSchema#double>), Equal(?_BODY_4, ?X_5) >>>
21:07:59 [INFO] Execution step: Body
21:07:59 [INFO] Trie does not contain any elements
21:07:59 [INFO] Execution step: Duplicate Elimination (Datalog)
21:07:59 [INFO] Trie does not contain any elements
21:07:59 [INFO] Rule duration: 0 ms
21:07:59 [INFO] <<< STEP 38: APPLYING RULE 38 R_31("115.2"^^<http://www.w3.org/2001/XMLSchema#double>, ?X_1, ?X_3) :- R_18(?_BODY_1, ?X_1, ?_BODY_2, ?X_3, ?_BODY_3, ?_BODY_4), TempAbove24(?Z_1, ?X_1, ?_BODY_5), TempAbove41(?X_1, ?X_3, ?_BODY_6), R_29(?X_3, ?Z_1, ?_BODY_7, ?X_1, ?_BODY_8), Equal(?_BODY_1, "115.2"^^<http://www.w3.org/2001/XMLSchema#double>), Equal(?_BODY_2, "115.3"^^<http://www.w3.org/2001/XMLSchema#double>), Equal(?_BODY_3, "115.2"^^<http://www.w3.org/2001/XMLSchema#double>), Equal(?_BODY_4, ?X_3), Equal(?_BODY_5, ?X_1), Equal(?_BODY_6, "115.2"^^<http://www.w3.org/2001/XMLSchema#double>), Equal(?_BODY_7, ?X_3), Equal(?_BODY_8, ?X_3) >>>
21:07:59 [INFO] Execution step: Body
21:07:59 [INFO] Trie does not contain any elements
21:07:59 [INFO] Execution step: Duplicate Elimination (Datalog)
21:07:59 [INFO] Trie does not contain any elements
21:07:59 [INFO] Rule duration: 0 ms
21:07:59 [INFO] <<< STEP 39: APPLYING RULE 39 R_26(?X_5, ?X_1, ?X_4, ?X_6, ?X_2, "117.1"^^<http://www.w3.org/2001/XMLSchema#double>) :- R_42(?X_5, ?X_1, ?X_4, ?X_6, ?X_2, ?_BODY_1), R_31(?X_6, ?Z_1, ?X_4), Equal(?_BODY_1, "117.1"^^<http://www.w3.org/2001/XMLSchema#double>) >>>
21:07:59 [INFO] Execution step: Body
21:07:59 [INFO] Trie does not contain any elements
21:07:59 [INFO] Execution step: Duplicate Elimination (Datalog)
21:07:59 [INFO] Trie does not contain any elements
21:07:59 [INFO] Rule duration: 0 ms
21:07:59 [INFO] <<< STEP 40: APPLYING RULE 40 R_37(?X_4, ?X_6, ?X_3, ?X_1, ?X_5, ?X_2) :- ExcessiveHeat(?X_4, ?X_6, ?X_3), ExcessiveHeat(?X_1, ?X_5, ?X_2), R_30(?X_4, ?X_1, ?X_6), R_32(?X_5, ?X_1, ?X_4, ?Z_2), R_14(?X_4) >>>
21:07:59 [INFO] Execution step: Project/Reorder
21:07:59 [INFO] Trie does not contain any elements
21:07:59 [INFO] Execution step: Body
21:07:59 [INFO] Trie does not contain any elements
21:07:59 [INFO] Execution step: Duplicate Elimination (Datalog)
21:07:59 [INFO] Trie does not contain any elements
21:07:59 [INFO] Rule duration: 0 ms
21:07:59 [INFO] <<< STEP 41: APPLYING RULE 41 R_23("213.5"^^<http://www.w3.org/2001/XMLSchema#double>, ?X_1) :- R_25(?_BODY_1, ?X_1, ?_BODY_2, ?_BODY_3), R_1(?_BODY_4, ?X_1, ?Z_1, ?_BODY_5), R_33(?X_1, ?Z_3, ?_BODY_6, ?_BODY_7, ?Z_2, ?_BODY_8), Equal(?_BODY_1, "StationA"), Equal(?_BODY_2, "213.5"^^<http://www.w3.org/2001/XMLSchema#double>), Equal(?_BODY_3, ?X_1), Equal(?_BODY_4, "115.3"^^<http://www.w3.org/2001/XMLSchema#double>), Equal(?_BODY_5, ?X_1), Equal(?_BODY_6, ?X_1), Equal(?_BODY_7, "117"^^<http://www.w3.org/2001/XMLSchema#double>), Equal(?_BODY_8, ?X_1) >>>
21:07:59 [INFO] Execution step: Body
21:07:59 [INFO] Trie does not contain any elements
21:07:59 [INFO] Execution step: Duplicate Elimination (Datalog)
21:07:59 [INFO] Trie does not contain any elements
21:07:59 [INFO] Rule duration: 0 ms
21:07:59 [INFO] <<< STEP 42: APPLYING RULE 45 R_10(?X_5, ?X_2, ?X_4, "111.7"^^<http://www.w3.org/2001/XMLSchema#double>, ?X_3) :- R_24(?X_5, ?X_2, ?X_4, ?_BODY_1, ?X_3, ?_BODY_2), R_37(?X_2, ?X_4, ?_BODY_3, ?X_3, ?_BODY_4, ?X_5), Equal(?_BODY_1, "111.7"^^<http://www.w3.org/2001/XMLSchema#double>), Equal(?_BODY_2, ?X_4), Equal(?_BODY_3, ?X_2), Equal(?_BODY_4, "117.1"^^<http://www.w3.org/2001/XMLSchema#double>) >>>
21:07:59 [INFO] Execution step: Body
21:07:59 [INFO] Trie does not contain any elements
21:07:59 [INFO] Execution step: Duplicate Elimination (Datalog)
21:07:59 [INFO] Trie does not contain any elements
21:07:59 [INFO] Rule duration: 0 ms
21:07:59 [INFO] <<< STEP 43: APPLYING RULE 46 R_7(?X_5, ?X_2, ?X_1, ?X_2, "StationA") :- HeatAffectedState(?X_5, ?X_2, ?X_1), HeatAffectedState(?X_2, ?Y_1, ?_BODY_1), R_4(?X_2, ?X_1, ?_BODY_2, ?_BODY_3), R_6(?Y_1, ?_BODY_4, ?X_2), R_10(?X_1, ?_BODY_5, ?_BODY_6, ?X_5, ?X_2), R_23(?X_2, ?Y_1), R_38(?X_2, ?_BODY_7, ?Y_1, ?_BODY_8, ?_BODY_9, ?X_5), Equal(?_BODY_1, "StationA"), Equal(?_BODY_2, "StationA"), Equal(?_BODY_3, ?X_2), Equal(?_BODY_4, ?Y_1), Equal(?_BODY_5, ?X_1), Equal(?_BODY_6, "1000"^^<http://www.w3.org/2001/XMLSchema#double>), Equal(?_BODY_7, ?X_2), Equal(?_BODY_8, ?X_2), Equal(?_BODY_9, ?X_2) >>>
21:07:59 [INFO] Execution step: Body
21:07:59 [INFO] Trie does not contain any elements
21:07:59 [INFO] Execution step: Duplicate Elimination (Datalog)
21:07:59 [INFO] Trie does not contain any elements
21:07:59 [INFO] Rule duration: 0 ms
21:07:59 [INFO] <<< STEP 44: APPLYING RULE 7 R_2(?X_2, ?X_2) :- R_32(?_BODY_1, ?_BODY_2, ?X_2, ?_BODY_3), Equal(?_BODY_1, "StationA"), Equal(?_BODY_2, "StationA"), Equal(?_BODY_3, ?X_2) >>>
21:07:59 [INFO] Loading source SimpleTable { arity: 2, data: [AnyDataValue(Iri(IriDataValue("c_6"))), AnyDataValue(UnsignedLong(UnsignedLongDataValue(11309840626465056719)))] }
21:07:59 [INFO] Execution step: Body
21:07:59 [INFO] Trie does not contain any elements
21:07:59 [INFO] Execution step: Duplicate Elimination (Datalog)
21:07:59 [INFO] Trie does not contain any elements
21:07:59 [INFO] Rule duration: 0 ms
21:07:59 [INFO] <<< STEP 45: APPLYING RULE 11 R_9(?X_3, ?X_2, ?X_1) :- R_13(?X_2, ?X_1, ?_BODY_1, ?_BODY_2, ?X_3), Equal(?_BODY_1, ?X_1), Equal(?_BODY_2, ?X_2) >>>
21:07:59 [INFO] Loading source SimpleTable { arity: 3, data: [AnyDataValue(Iri(IriDataValue("c_2"))), AnyDataValue(PlainString(StringDataValue("StationA"))), AnyDataValue(PlainString(StringDataValue("StationA"))), AnyDataValue(Iri(IriDataValue("c_3"))), AnyDataValue(Double(DoubleDataValue(113.4))), AnyDataValue(Iri(IriDataValue("c_4"))), AnyDataValue(Iri(IriDataValue("c_7"))), AnyDataValue(PlainString(StringDataValue("StationA"))), AnyDataValue(Double(DoubleDataValue(112.0)))] }
21:07:59 [INFO] Execution step: Body
21:07:59 [INFO] Trie does not contain any elements
21:07:59 [INFO] Execution step: Duplicate Elimination (Datalog)
21:07:59 [INFO] Trie does not contain any elements
21:07:59 [INFO] Rule duration: 0 ms
21:07:59 [INFO] <<< STEP 46: APPLYING RULE 19 R_11(?X_2, ?X_5, ?X_1, ?X_3, ?X_2) :- R_26(?X_2, ?X_5, ?X_1, ?X_3, ?_BODY_1, ?Y_1), HeavyWind(?Z_3, ?Z_4, ?X_2), Equal(?_BODY_1, ?X_2) >>>
21:07:59 [INFO] Loading source SimpleTable { arity: 5, data: [AnyDataValue(Iri(IriDataValue("c_8"))), AnyDataValue(Double(DoubleDataValue(112.0))), AnyDataValue(PlainString(StringDataValue("StationA"))), AnyDataValue(PlainString(StringDataValue("str_2"))), AnyDataValue(Double(DoubleDataValue(210.0))), AnyDataValue(PlainString(StringDataValue("str_7"))), AnyDataValue(PlainString(StringDataValue("str_8"))), AnyDataValue(PlainString(StringDataValue("str_9"))), AnyDataValue(Iri(IriDataValue("c_18"))), AnyDataValue(Iri(IriDataValue("c_19"))), AnyDataValue(Iri(IriDataValue("c_9"))), AnyDataValue(Double(DoubleDataValue(0.0))), AnyDataValue(Iri(IriDataValue("c_30"))), AnyDataValue(Iri(IriDataValue("c_31"))), AnyDataValue(Iri(IriDataValue("c_4")))] }
21:07:59 [INFO] Execution step: Body
21:07:59 [INFO] Trie does not contain any elements
21:07:59 [INFO] Execution step: Duplicate Elimination (Datalog)
21:07:59 [INFO] Trie does not contain any elements
21:07:59 [INFO] Rule duration: 0 ms
21:07:59 [INFO] <<< STEP 47: APPLYING RULE 22 R_19("StationA", ?X_1) :- HeatAffectedState(?X_1, ?_BODY_1, ?_BODY_2), R_2(?X_1, ?_BODY_3), Equal(?_BODY_1, ?X_1), Equal(?_BODY_2, "StationA"), Equal(?_BODY_3, ?X_1) >>>
21:07:59 [INFO] Loading source SimpleTable { arity: 2, data: [AnyDataValue(Iri(IriDataValue("c_5"))), AnyDataValue(PlainString(StringDataValue("StationA"))), AnyDataValue(Iri(IriDataValue("c_27"))), AnyDataValue(UnsignedLong(UnsignedLongDataValue(15513870645958120175)))] }
21:07:59 [INFO] Execution step: Body
21:07:59 [INFO] Trie does not contain any elements
21:07:59 [INFO] Execution step: Duplicate Elimination (Datalog)
21:07:59 [INFO] Trie does not contain any elements
21:07:59 [INFO] Rule duration: 0 ms
21:07:59 [INFO] <<< STEP 48: APPLYING RULE 35 R_20("215"^^<http://www.w3.org/2001/XMLSchema#double>) :- R_31(?_BODY_1, ?_BODY_2, ?_BODY_3), R_26(?_BODY_4, ?_BODY_5, ?_BODY_6, ?_BODY_7, ?_BODY_8, ?Z_1), Equal(?_BODY_1, "215"^^<http://www.w3.org/2001/XMLSchema#double>), Equal(?_BODY_2, "215"^^<http://www.w3.org/2001/XMLSchema#double>), Equal(?_BODY_3, "215"^^<http://www.w3.org/2001/XMLSchema#double>), Equal(?_BODY_4, "115.2"^^<http://www.w3.org/2001/XMLSchema#double>), Equal(?_BODY_5, "StationA"), Equal(?_BODY_6, "StationA"), Equal(?_BODY_7, "210"^^<http://www.w3.org/2001/XMLSchema#double>), Equal(?_BODY_8, "0"^^<http://www.w3.org/2001/XMLSchema#double>) >>>
21:07:59 [INFO] Loading source SimpleTable { arity: 1, data: [AnyDataValue(UnsignedLong(UnsignedLongDataValue(2245997698988846749))), AnyDataValue(Iri(IriDataValue("c_12"))), AnyDataValue(Iri(IriDataValue("c_16"))), AnyDataValue(Iri(IriDataValue("c_25")))] }
21:07:59 [INFO] Execution step: Body
21:07:59 [INFO] Trie does not contain any elements
21:07:59 [INFO] Execution step: Duplicate Elimination (Datalog)
21:07:59 [INFO] Trie does not contain any elements
21:07:59 [INFO] Rule duration: 0 ms
21:07:59 [INFO] <<< STEP 49: APPLYING RULE 26 R_35(?X_3, ?X_4, ?X_4, ?X_1) :- R_35(?X_3, ?X_4, ?_BODY_1, ?X_1), R_11(?X_1, ?X_4, ?X_3, ?_BODY_2, ?_BODY_3), Equal(?_BODY_1, ?X_4), Equal(?_BODY_2, ?X_1), Equal(?_BODY_3, ?X_4) >>>
21:07:59 [INFO] Loading source SimpleTable { arity: 4, data: [AnyDataValue(Iri(IriDataValue("c_9"))), AnyDataValue(Iri(IriDataValue("c_10"))), AnyDataValue(Iri(IriDataValue("c_11"))), AnyDataValue(UnsignedLong(UnsignedLongDataValue(15355648898703377797))), AnyDataValue(Iri(IriDataValue("c_23"))), AnyDataValue(Iri(IriDataValue("c_2"))), AnyDataValue(UnsignedLong(UnsignedLongDataValue(9227249496654052887))), AnyDataValue(Double(DoubleDataValue(115.3))), AnyDataValue(Double(DoubleDataValue(112.0))), AnyDataValue(PlainString(StringDataValue("str_13"))), AnyDataValue(Double(DoubleDataValue(215.0))), AnyDataValue(Iri(IriDataValue("c_26"))), AnyDataValue(UnsignedLong(UnsignedLongDataValue(17172875853103889957))), AnyDataValue(Double(DoubleDataValue(117.1))), AnyDataValue(Iri(IriDataValue("c_19"))), AnyDataValue(PlainString(StringDataValue("str_16"))), AnyDataValue(UnsignedLong(UnsignedLongDataValue(9227249496654052887))), AnyDataValue(UnsignedLong(UnsignedLongDataValue(10272368339713397144))), AnyDataValue(Iri(IriDataValue("c_29"))), AnyDataValue(PlainString(StringDataValue("str_5"))), AnyDataValue(UnsignedLong(UnsignedLongDataValue(2245997698988846749))), AnyDataValue(Iri(IriDataValue("c_33"))), AnyDataValue(Iri(IriDataValue("c_34"))), AnyDataValue(Iri(IriDataValue("c_4"))), AnyDataValue(PlainString(StringDataValue("str_18"))), AnyDataValue(PlainString(StringDataValue("str_19"))), AnyDataValue(Iri(IriDataValue("c_27"))), AnyDataValue(Iri(IriDataValue("c_21")))] }
21:07:59 [INFO] Execution step: Project/Reorder
21:07:59 [INFO] Saved temporary table: 3 entries (17648)
21:07:59 [INFO] Execution step: Body
21:07:59 [INFO] Trie does not contain any elements
21:07:59 [INFO] Execution step: Duplicate Elimination (Datalog)
21:07:59 [INFO] Trie does not contain any elements
21:07:59 [INFO] Rule duration: 0 ms
21:07:59 [INFO] <<< STEP 50: APPLYING RULE 37 R_39(?X_3, ?X_2, ?X_1, ?X_2, ?X_4) :- TempAbove41(?X_3, ?X_2, ?X_1), TempAbove41(?X_2, ?X_4, ?X_1), R_28(?Z_4, ?_BODY_1, ?X_2, ?X_1), R_19(?X_3, ?X_2), Equal(?_BODY_1, "StationA") >>>
21:07:59 [INFO] Loading source SimpleTable { arity: 5, data: [AnyDataValue(UnsignedLong(UnsignedLongDataValue(15355648898703377797))), AnyDataValue(UnsignedLong(UnsignedLongDataValue(15959886497864776121))), AnyDataValue(PlainString(StringDataValue("str_2"))), AnyDataValue(PlainString(StringDataValue("StationA"))), AnyDataValue(UnsignedLong(UnsignedLongDataValue(15959886497864776121))), AnyDataValue(Iri(IriDataValue("c_5"))), AnyDataValue(PlainString(StringDataValue("str_4"))), AnyDataValue(Iri(IriDataValue("c_13"))), AnyDataValue(PlainString(StringDataValue("str_5"))), AnyDataValue(Iri(IriDataValue("c_9"))), AnyDataValue(PlainString(StringDataValue("str_6"))), AnyDataValue(Iri(IriDataValue("c_14"))), AnyDataValue(Iri(IriDataValue("c_15"))), AnyDataValue(UnsignedLong(UnsignedLongDataValue(639081605653985529))), AnyDataValue(PlainString(StringDataValue("StationA"))), AnyDataValue(Iri(IriDataValue("c_15"))), AnyDataValue(UnsignedLong(UnsignedLongDataValue(9598715994651381207))), AnyDataValue(Iri(IriDataValue("c_2"))), AnyDataValue(UnsignedLong(UnsignedLongDataValue(10272368339713397144))), AnyDataValue(Iri(IriDataValue("c_21"))), AnyDataValue(UnsignedLong(UnsignedLongDataValue(9227249496654052887))), AnyDataValue(Iri(IriDataValue("c_4"))), AnyDataValue(UnsignedLong(UnsignedLongDataValue(2667265496601231860))), AnyDataValue(Iri(IriDataValue("c_22"))), AnyDataValue(Iri(IriDataValue("c_14")))] }
21:07:59 [INFO] Execution step: Project/Reorder
21:07:59 [INFO] Saved temporary table: 2 entries (6912)
21:07:59 [INFO] Execution step: Body
21:07:59 [INFO] Trie does not contain any elements
21:07:59 [INFO] Execution step: Duplicate Elimination (Datalog)
21:07:59 [INFO] Trie does not contain any elements
21:07:59 [INFO] Rule duration: 0 ms
21:07:59 [INFO] <<< STEP 51: APPLYING RULE 43 R_36("0"^^<http://www.w3.org/2001/XMLSchema#double>) :- R_30(?Y_1, ?_BODY_1, ?_BODY_2), R_25(?Z_1, ?Y_1, ?_BODY_3, ?_BODY_4), R_35(?Y_1, ?_BODY_5, ?Z_1, ?Z_2), Equal(?_BODY_1, "0"^^<http://www.w3.org/2001/XMLSchema#double>), Equal(?_BODY_2, ?Y_1), Equal(?_BODY_3, ?Y_1), Equal(?_BODY_4, ?Y_1), Equal(?_BODY_5, ?Y_1) >>>
21:07:59 [INFO] Loading source SimpleTable { arity: 1, data: [AnyDataValue(Iri(IriDataValue("c_3"))), AnyDataValue(Double(DoubleDataValue(1000.0))), AnyDataValue(Iri(IriDataValue("c_7"))), AnyDataValue(Iri(IriDataValue("c_6"))), AnyDataValue(UnsignedLong(UnsignedLongDataValue(639081605653985529))), AnyDataValue(PlainString(StringDataValue("str_15"))), AnyDataValue(PlainString(StringDataValue("str_2")))] }
21:07:59 [INFO] Execution step: Body
21:07:59 [INFO] Trie does not contain any elements
21:07:59 [INFO] Execution step: Duplicate Elimination (Datalog)
21:07:59 [INFO] Trie does not contain any elements
21:07:59 [INFO] Rule duration: 0 ms
21:07:59 [INFO] <<< STEP 52: APPLYING RULE 44 R_34(?X_6, ?X_1, ?X_2, ?X_4, ?X_3, ?X_5) :- R_37(?X_6, ?X_1, ?X_2, ?X_4, ?X_3, ?X_5), R_20(?X_6), R_36(?X_5) >>>
21:07:59 [INFO] Loading source SimpleTable { arity: 6, data: [AnyDataValue(PlainString(StringDataValue("str_1"))), AnyDataValue(Double(DoubleDataValue(213.4))), AnyDataValue(PlainString(StringDataValue("StationA"))), AnyDataValue(UnsignedLong(UnsignedLongDataValue(639081605653985529))), AnyDataValue(Iri(IriDataValue("c_1"))), AnyDataValue(Double(DoubleDataValue(113.4)))] }
21:07:59 [INFO] Execution step: Project/Reorder
21:07:59 [INFO] Saved temporary table: 7 entries (3500)
21:07:59 [INFO] Execution step: Body
21:07:59 [INFO] Trie does not contain any elements
21:07:59 [INFO] Execution step: Duplicate Elimination (Datalog)
21:07:59 [INFO] Trie does not contain any elements
21:07:59 [INFO] Rule duration: 0 ms
21:07:59 [INFO] <<< STEP 53: APPLYING RULE 42 R_40(?X_1) :- HeavyWind(?X_1, ?Y_1, ?_BODY_1), R_34(?Z_1, ?X_1, ?_BODY_2, ?Y_1, ?_BODY_3, ?Z_2), R_9(?Y_1, ?X_1, ?_BODY_4), Equal(?_BODY_1, ?Y_1), Equal(?_BODY_2, ?X_1), Equal(?_BODY_3, ?Y_1), Equal(?_BODY_4, "0"^^<http://www.w3.org/2001/XMLSchema#double>) >>>
21:07:59 [INFO] Loading source SimpleTable { arity: 1, data: [AnyDataValue(PlainString(StringDataValue("str_3"))), AnyDataValue(Iri(IriDataValue("c_24"))), AnyDataValue(PlainString(StringDataValue("str_14")))] }
21:07:59 [INFO] Execution step: Project/Reorder
21:07:59 [INFO] Saved temporary table: 3 entries (10580)
21:07:59 [INFO] Execution step: Body
21:07:59 [INFO] Trie does not contain any elements
21:07:59 [INFO] Execution step: Duplicate Elimination (Datalog)
21:07:59 [INFO] Trie does not contain any elements
21:07:59 [INFO] Rule duration: 0 ms
21:07:59 [INFO] <<< STEP 54: APPLYING RULE 48 R_41("0"^^<http://www.w3.org/2001/XMLSchema#double>) :- R_33(?_BODY_1, ?_BODY_2, ?Y_1, ?_BODY_3, ?_BODY_4, ?_BODY_5), R_39(?Y_1, ?Z_1, ?_BODY_6, ?_BODY_7, ?_BODY_8), R_40(?_BODY_9), R_42(?Y_1, ?_BODY_10, ?_BODY_11, ?_BODY_12, ?_BODY_13, ?_BODY_14), Equal(?_BODY_1, "113.4"^^<http://www.w3.org/2001/XMLSchema#double>), Equal(?_BODY_2, "0"^^<http://www.w3.org/2001/XMLSchema#double>), Equal(?_BODY_3, ?Y_1), Equal(?_BODY_4, "0"^^<http://www.w3.org/2001/XMLSchema#double>), Equal(?_BODY_5, ?Y_1), Equal(?_BODY_6, ?Y_1), Equal(?_BODY_7, ?Y_1), Equal(?_BODY_8, ?Y_1), Equal(?_BODY_9, "115.2"^^<http://www.w3.org/2001/XMLSchema#double>), Equal(?_BODY_10, ?Y_1), Equal(?_BODY_11, ?Y_1), Equal(?_BODY_12, "118"^^<http://www.w3.org/2001/XMLSchema#double>), Equal(?_BODY_13, ?Y_1), Equal(?_BODY_14, ?Y_1) >>>
21:07:59 [INFO] Loading source SimpleTable { arity: 1, data: [AnyDataValue(PlainString(StringDataValue("str_2"))), AnyDataValue(Iri(IriDataValue("c_17"))), AnyDataValue(Iri(IriDataValue("c_28"))), AnyDataValue(Double(DoubleDataValue(1000.0)))] }
21:07:59 [INFO] Execution step: Project/Reorder
21:07:59 [INFO] Saved temporary table: 3 entries (3460)
21:07:59 [INFO] Execution step: Project/Reorder
21:07:59 [INFO] Trie does not contain any elements
21:07:59 [INFO] Execution step: Body
21:07:59 [INFO] Trie does not contain any elements
21:07:59 [INFO] Execution step: Duplicate Elimination (Datalog)
21:07:59 [INFO] Trie does not contain any elements
21:07:59 [INFO] Rule duration: 0 ms
21:07:59 [INFO] <<< STEP 55: APPLYING RULE 47 R_OUT(?X_4, ?X_6, ?X_2, "215"^^<http://www.w3.org/2001/XMLSchema#double>, ?X_2, ?X_1) :- HeavyWind(?X_4, ?X_6, ?X_2), HeavyWind(?_BODY_1, ?X_2, ?X_1), R_41(?_BODY_2), Equal(?_BODY_1, "215"^^<http://www.w3.org/2001/XMLSchema#double>), Equal(?_BODY_2, "StationA") >>>
21:07:59 [INFO] Execution step: Project/Reorder
21:07:59 [INFO] Saved temporary table: 4 entries (3476)
21:07:59 [INFO] Execution step: Body
21:07:59 [INFO] Trie does not contain any elements
21:07:59 [INFO] Execution step: Duplicate Elimination (Datalog)
21:07:59 [INFO] Trie does not contain any elements
21:07:59 [INFO] Rule duration: 0 ms
21:07:59 [INFO] Execution step: Combining Tables
21:07:59 [INFO] Saved permanent table R_OUT (0-1) Permutation { idx_to_val: [], val_to_idx: [] } with 3 entries (21244)
21:07:59 [INFO] ----------------------------------------------
21:07:59 [INFO] --- Finished Nemo Execution - Input Program --
21:07:59 [INFO] Output size: 3
21:07:59 [INFO] ----------------------------------------------
21:07:59 [INFO] 
21:07:59 [INFO] ----------------------------------------------
21:07:59 [INFO] Beginning Nemo Execution - Transformed Program
21:07:59 [INFO] ----------------------------------------------
21:07:59 [INFO] Stratified program: [[0, 1, 2, 3, 4, 5, 7, 8, 9, 10, 16, 19, 26, 30, 31, 48, 61], [27, 42, 47, 50, 51, 58], [6, 11, 12, 13, 14, 15, 17, 18, 20, 21, 22, 24, 25, 28, 29, 32, 33, 34, 35, 36, 37, 39, 40, 41, 43, 52, 54, 57, 60], [45, 53], [23, 46], [38, 44], [49], [55, 59], [56]]
21:07:59 [INFO] Loading source SimpleTable { arity: 6, data: [AnyDataValue(PlainString(StringDataValue("str_10"))), AnyDataValue(PlainString(StringDataValue("str_11"))), AnyDataValue(Iri(IriDataValue("c_18"))), AnyDataValue(PlainString(StringDataValue("StationA"))), AnyDataValue(Iri(IriDataValue("c_20"))), AnyDataValue(Iri(IriDataValue("c_21"))), AnyDataValue(Iri(IriDataValue("c_25"))), AnyDataValue(PlainString(StringDataValue("str_4"))), AnyDataValue(Double(DoubleDataValue(118.0))), AnyDataValue(PlainString(StringDataValue("str_12"))), AnyDataValue(PlainString(StringDataValue("StationA"))), AnyDataValue(UnsignedLong(UnsignedLongDataValue(17172875853103889957))), AnyDataValue(PlainString(StringDataValue("str_14"))), AnyDataValue(PlainString(StringDataValue("str_17"))), AnyDataValue(UnsignedLong(UnsignedLongDataValue(18277813050063918937))), AnyDataValue(PlainString(StringDataValue("str_7"))), AnyDataValue(Iri(IriDataValue("c_32"))), AnyDataValue(PlainString(StringDataValue("str_8")))] }
21:07:59 [INFO] Execution step: Combining Tables
21:07:59 [INFO] Saved permanent table R_OUT (0-1) Permutation { idx_to_val: [], val_to_idx: [] } with 3 entries (21244)
21:07:59 [INFO] <<< STEP 1: APPLYING RULE 0 TempAbove41DiamondMinus1(?Station, ?Start, ?_HEAD_1) :- TempAbove41(?Station, ?Start, ?End), Equal(?_HEAD_1, NumericSum(?End, "1"^^<http://www.w3.org/2001/XMLSchema#double>)) >>>
21:07:59 [INFO] Loading source SimpleTable { arity: 3, data: [AnyDataValue(PlainString(StringDataValue("StationA"))), AnyDataValue(Double(DoubleDataValue(213.4))), AnyDataValue(Double(DoubleDataValue(213.5)))] }
21:07:59 [INFO] Execution step: Body
21:07:59 [INFO] Saved temporary table: 1 entries (10316)
21:07:59 [INFO] Execution step: Duplicate Elimination (Datalog)
21:07:59 [INFO] Saved permanent table TempAbove41DiamondMinus1 (1) Permutation { idx_to_val: [], val_to_idx: [] } with 1 entries (10364)
21:07:59 [INFO] Rule duration: 0 ms
21:07:59 [INFO] <<< STEP 2: APPLYING RULE 0 TempAbove41DiamondMinus1(?Station, ?Start, ?_HEAD_1) :- TempAbove41(?Station, ?Start, ?End), Equal(?_HEAD_1, NumericSum(?End, "1"^^<http://www.w3.org/2001/XMLSchema#double>)) >>>
21:07:59 [INFO] Execution step: Body
21:07:59 [INFO] Trie does not contain any elements
21:07:59 [INFO] Execution step: Duplicate Elimination (Datalog)
21:07:59 [INFO] Trie does not contain any elements
21:07:59 [INFO] Rule duration: 0 ms
21:07:59 [INFO] <<< STEP 3: APPLYING RULE 1 TempConstantOver24AtLeastFor1(?Station, ?_HEAD_1, ?End) :- TempAbove24(?Station, ?Start, ?End), NumericLessthan(NumericSum(?Start, "1"^^<http://www.w3.org/2001/XMLSchema#double>), ?End), Equal(?_HEAD_1, NumericSum(?Start, "1"^^<http://www.w3.org/2001/XMLSchema#double>)) >>>
21:07:59 [INFO] Loading source SimpleTable { arity: 3, data: [AnyDataValue(PlainString(StringDataValue("StationA"))), AnyDataValue(Double(DoubleDataValue(210.0))), AnyDataValue(Double(DoubleDataValue(215.0)))] }
21:07:59 [INFO] Execution step: Body
21:07:59 [INFO] Saved temporary table: 1 entries (10316)
21:07:59 [INFO] Execution step: Duplicate Elimination (Datalog)
21:07:59 [INFO] Saved permanent table TempConstantOver24AtLeastFor1 (3) Permutation { idx_to_val: [], val_to_idx: [] } with 1 entries (10364)
21:07:59 [INFO] Rule duration: 0 ms
21:07:59 [INFO] <<< STEP 4: APPLYING RULE 1 TempConstantOver24AtLeastFor1(?Station, ?_HEAD_1, ?End) :- TempAbove24(?Station, ?Start, ?End), NumericLessthan(NumericSum(?Start, "1"^^<http://www.w3.org/2001/XMLSchema#double>), ?End), Equal(?_HEAD_1, NumericSum(?Start, "1"^^<http://www.w3.org/2001/XMLSchema#double>)) >>>
21:07:59 [INFO] Execution step: Body
21:07:59 [INFO] Trie does not contain any elements
21:07:59 [INFO] Execution step: Duplicate Elimination (Datalog)
21:07:59 [INFO] Trie does not contain any elements
21:07:59 [INFO] Rule duration: 0 ms
21:07:59 [INFO] <<< STEP 5: APPLYING RULE 2 ExcessiveHeat(?Station, ?_HEAD_1, ?_HEAD_2) :- TempAbove41DiamondMinus1(?Station, ?Start41, ?End41), TempConstantOver24AtLeastFor1(?Station, ?Start24, ?End24), NumericLessthan(?Start41, ?End24), NumericLessthan(?Start24, ?End41), Equal(?_HEAD_1, NumericSubtraction(NumericMaximum(?Start24, ?Start41), "1"^^<http://www.w3.org/2001/XMLSchema#double>)), Equal(?_HEAD_2, NumericMinimum(?End41, ?End24)) >>>
21:07:59 [INFO] Execution step: Body
21:07:59 [INFO] Saved temporary table: 1 entries (10316)
21:07:59 [INFO] Execution step: Duplicate Elimination (Datalog)
21:07:59 [INFO] Saved permanent table ExcessiveHeat (5) Permutation { idx_to_val: [], val_to_idx: [] } with 1 entries (10364)
21:07:59 [INFO] Rule duration: 0 ms
21:07:59 [INFO] <<< STEP 6: APPLYING RULE 2 ExcessiveHeat(?Station, ?_HEAD_1, ?_HEAD_2) :- TempAbove41DiamondMinus1(?Station, ?Start41, ?End41), TempConstantOver24AtLeastFor1(?Station, ?Start24, ?End24), NumericLessthan(?Start41, ?End24), NumericLessthan(?Start24, ?End41), Equal(?_HEAD_1, NumericSubtraction(NumericMaximum(?Start24, ?Start41), "1"^^<http://www.w3.org/2001/XMLSchema#double>)), Equal(?_HEAD_2, NumericMinimum(?End41, ?End24)) >>>
21:07:59 [INFO] Execution step: Body
21:07:59 [INFO] Trie does not contain any elements
21:07:59 [INFO] Execution step: Duplicate Elimination (Datalog)
21:07:59 [INFO] Trie does not contain any elements
21:07:59 [INFO] Rule duration: 0 ms
21:07:59 [INFO] <<< STEP 7: APPLYING RULE 3 HeatAffectedState(?State, ?_HEAD_1, ?_HEAD_2) :- ExcessiveHeat(?Station, ?StartHeat, ?EndHeat), LocatedInState(?Station, ?State, ?StartIn, ?EndIn), NumericLessthan(?StartHeat, ?EndIn), NumericLessthan(?StartIn, ?EndHeat), Equal(?_HEAD_1, NumericMaximum(?StartHeat, ?StartIn)), Equal(?_HEAD_2, NumericMinimum(?EndHeat, ?EndIn)) >>>
21:07:59 [INFO] Loading source SimpleTable { arity: 4, data: [AnyDataValue(PlainString(StringDataValue("StationA"))), AnyDataValue(PlainString(StringDataValue("Ohio"))), AnyDataValue(Double(DoubleDataValue(0.0))), AnyDataValue(Double(DoubleDataValue(1000.0)))] }
21:07:59 [INFO] Execution step: Body
21:07:59 [INFO] Saved temporary table: 1 entries (10316)
21:07:59 [INFO] Execution step: Duplicate Elimination (Datalog)
21:07:59 [INFO] Saved permanent table HeatAffectedState (7) Permutation { idx_to_val: [], val_to_idx: [] } with 1 entries (10364)
21:07:59 [INFO] Rule duration: 0 ms
21:07:59 [INFO] <<< STEP 8: APPLYING RULE 3 HeatAffectedState(?State, ?_HEAD_1, ?_HEAD_2) :- ExcessiveHeat(?Station, ?StartHeat, ?EndHeat), LocatedInState(?Station, ?State, ?StartIn, ?EndIn), NumericLessthan(?StartHeat, ?EndIn), NumericLessthan(?StartIn, ?EndHeat), Equal(?_HEAD_1, NumericMaximum(?StartHeat, ?StartIn)), Equal(?_HEAD_2, NumericMinimum(?EndHeat, ?EndIn)) >>>
21:07:59 [INFO] Execution step: Body
21:07:59 [INFO] Trie does not contain any elements
21:07:59 [INFO] Execution step: Duplicate Elimination (Datalog)
21:07:59 [INFO] Trie does not contain any elements
21:07:59 [INFO] Rule duration: 0 ms
21:07:59 [INFO] <<< STEP 9: APPLYING RULE 4 HeavyWind(?Station, ?Start, ?End) :- HeavyWindForce(?Station, ?Start, ?End), NumericLessthan(NumericSum(?Start, "1"^^<http://www.w3.org/2001/XMLSchema#double>), ?End) >>>
21:07:59 [INFO] Loading source SimpleTable { arity: 3, data: [AnyDataValue(PlainString(StringDataValue("StationA"))), AnyDataValue(Double(DoubleDataValue(111.7))), AnyDataValue(Double(DoubleDataValue(112.0))), AnyDataValue(PlainString(StringDataValue("StationA"))), AnyDataValue(Double(DoubleDataValue(113.4))), AnyDataValue(Double(DoubleDataValue(115.2))), AnyDataValue(PlainString(StringDataValue("StationA"))), AnyDataValue(Double(DoubleDataValue(115.3))), AnyDataValue(Double(DoubleDataValue(117.0))), AnyDataValue(PlainString(StringDataValue("StationA"))), AnyDataValue(Double(DoubleDataValue(117.1))), AnyDataValue(Double(DoubleDataValue(118.0)))] }
21:07:59 [INFO] Execution step: Body
21:07:59 [INFO] Saved temporary table: 2 entries (10380)
21:07:59 [INFO] Execution step: Duplicate Elimination (Datalog)
21:07:59 [INFO] Saved permanent table HeavyWind (9) Permutation { idx_to_val: [], val_to_idx: [] } with 2 entries (10428)
21:07:59 [INFO] Rule duration: 0 ms
21:07:59 [INFO] <<< STEP 10: APPLYING RULE 4 HeavyWind(?Station, ?Start, ?End) :- HeavyWindForce(?Station, ?Start, ?End), NumericLessthan(NumericSum(?Start, "1"^^<http://www.w3.org/2001/XMLSchema#double>), ?End) >>>
21:07:59 [INFO] Execution step: Body
21:07:59 [INFO] Trie does not contain any elements
21:07:59 [INFO] Execution step: Duplicate Elimination (Datalog)
21:07:59 [INFO] Trie does not contain any elements
21:07:59 [INFO] Rule duration: 0 ms
21:07:59 [INFO] <<< STEP 11: APPLYING RULE 5 HeavyWindAffectedState(?State, ?_HEAD_1, ?_HEAD_2) :- HeavyWind(?Station, ?StartWind, ?EndWind), LocatedInState(?Station, ?State, ?StartIn, ?EndIn), NumericLessthan(?StartWind, ?EndIn), NumericLessthan(?StartIn, ?EndWind), Equal(?_HEAD_1, NumericMaximum(?StartWind, ?StartIn)), Equal(?_HEAD_2, NumericMinimum(?EndWind, ?EndIn)) >>>
21:07:59 [INFO] Execution step: Body
21:07:59 [INFO] Saved temporary table: 2 entries (10380)
21:07:59 [INFO] Execution step: Duplicate Elimination (Datalog)
21:07:59 [INFO] Saved permanent table HeavyWindAffectedState (11) Permutation { idx_to_val: [], val_to_idx: [] } with 2 entries (10428)
21:07:59 [INFO] Rule duration: 0 ms
21:07:59 [INFO] <<< STEP 12: APPLYING RULE 5 HeavyWindAffectedState(?State, ?_HEAD_1, ?_HEAD_2) :- HeavyWind(?Station, ?StartWind, ?EndWind), LocatedInState(?Station, ?State, ?StartIn, ?EndIn), NumericLessthan(?StartWind, ?EndIn), NumericLessthan(?StartIn, ?EndWind), Equal(?_HEAD_1, NumericMaximum(?StartWind, ?StartIn)), Equal(?_HEAD_2, NumericMinimum(?EndWind, ?EndIn)) >>>
21:07:59 [INFO] Execution step: Body
21:07:59 [INFO] Trie does not contain any elements
21:07:59 [INFO] Execution step: Duplicate Elimination (Datalog)
21:07:59 [INFO] Trie does not contain any elements
21:07:59 [INFO] Rule duration: 0 ms
21:07:59 [INFO] <<< STEP 13: APPLYING RULE 7 R_3("0"^^<http://www.w3.org/2001/XMLSchema#double>, ?X_2, ?X_4, ?X_3) :- LocatedInState(?_BODY_1, ?X_2, ?X_4, ?X_3), Equal(?_BODY_1, "0"^^<http://www.w3.org/2001/XMLSchema#double>) >>>
21:07:59 [INFO] Execution step: Body
21:07:59 [INFO] Trie does not contain any elements
21:07:59 [INFO] Execution step: Duplicate Elimination (Datalog)
21:07:59 [INFO] Trie does not contain any elements
21:07:59 [INFO] Rule duration: 0 ms
21:07:59 [INFO] <<< STEP 14: APPLYING RULE 8 R_5(?X_1) :- R_3(?_BODY_1, ?X_1, ?_BODY_2, ?Y_1), Equal(?_BODY_1, "112"^^<http://www.w3.org/2001/XMLSchema#double>), Equal(?_BODY_2, "112"^^<http://www.w3.org/2001/XMLSchema#double>) >>>
21:07:59 [INFO] Execution step: Body
21:07:59 [INFO] Trie does not contain any elements
21:07:59 [INFO] Execution step: Duplicate Elimination (Datalog)
21:07:59 [INFO] Trie does not contain any elements
21:07:59 [INFO] Rule duration: 0 ms
21:07:59 [INFO] <<< STEP 15: APPLYING RULE 9 R_8(?X_1, ?X_3, ?X_2, ?X_4) :- TempAbove41(?Y_1, ?X_3, ?X_2), TempAbove41(?X_1, ?_BODY_1, ?X_4), Equal(?_BODY_1, ?X_1) >>>
21:07:59 [INFO] Execution step: Body
21:07:59 [INFO] Trie does not contain any elements
21:07:59 [INFO] Execution step: Duplicate Elimination (Datalog)
21:07:59 [INFO] Trie does not contain any elements
21:07:59 [INFO] Rule duration: 0 ms
21:07:59 [INFO] <<< STEP 16: APPLYING RULE 10 R_15(?X_5, ?X_1, "StationA", ?X_6, ?X_3, ?X_4) :- R_5(?X_5), R_5(?X_1), R_5(?_BODY_1), R_5(?X_6), R_5(?X_3), R_5(?X_4), Equal(?_BODY_1, "StationA") >>>
21:07:59 [INFO] Execution step: Body
21:07:59 [INFO] Trie does not contain any elements
21:07:59 [INFO] Execution step: Duplicate Elimination (Datalog)
21:07:59 [INFO] Trie does not contain any elements
21:07:59 [INFO] Rule duration: 0 ms
21:07:59 [INFO] <<< STEP 17: APPLYING RULE 16 R_21(?X_3, ?X_2, ?X_1) :- R_17(?X_3, ?X_2, ?X_1), HeatAffectedState(?Z_2, ?_BODY_1, ?X_3), Equal(?_BODY_1, "210"^^<http://www.w3.org/2001/XMLSchema#double>) >>>
21:07:59 [INFO] Execution step: Body
21:07:59 [INFO] Trie does not contain any elements
21:07:59 [INFO] Execution step: Duplicate Elimination (Datalog)
21:07:59 [INFO] Trie does not contain any elements
21:07:59 [INFO] Rule duration: 0 ms
21:07:59 [INFO] <<< STEP 18: APPLYING RULE 30 R_22(?X_2, ?X_3, ?X_5, ?X_4, ?X_1) :- R_15(?X_2, ?X_3, ?X_5, ?X_4, ?X_1, ?_BODY_1), R_21(?X_2, ?X_4, ?X_1), Equal(?_BODY_1, ?X_1) >>>
21:07:59 [INFO] Execution step: Body
21:07:59 [INFO] Trie does not contain any elements
21:07:59 [INFO] Execution step: Duplicate Elimination (Datalog)
21:07:59 [INFO] Trie does not contain any elements
21:07:59 [INFO] Rule duration: 0 ms
21:07:59 [INFO] <<< STEP 19: APPLYING RULE 31 R_17(?X_1, ?X_2, "Ohio") :- HeavyWindAffectedState(?X_1, ?X_2, ?_BODY_1), R_22(?X_1, ?_BODY_2, ?X_2, ?_BODY_3, ?Z_2), Equal(?_BODY_1, "Ohio"), Equal(?_BODY_2, "112"^^<http://www.w3.org/2001/XMLSchema#double>), Equal(?_BODY_3, ?X_2) >>>
21:07:59 [INFO] Execution step: Body
21:07:59 [INFO] Trie does not contain any elements
21:07:59 [INFO] Execution step: Duplicate Elimination (Datalog)
21:07:59 [INFO] Trie does not contain any elements
21:07:59 [INFO] Rule duration: 0 ms
21:07:59 [INFO] <<< STEP 20: APPLYING RULE 19 R_25(?X_1, ?X_4, "1000"^^<http://www.w3.org/2001/XMLSchema#double>, ?X_1) :- LocatedInState(?X_1, ?X_4, ?_BODY_1, ?_BODY_2), LocatedInState(?X_4, ?X_1, ?_BODY_3, ?_BODY_4), TempConstantOver24AtLeastFor1(?_BODY_5, ?Z_3, ?Z_2), Equal(?_BODY_1, "1000"^^<http://www.w3.org/2001/XMLSchema#double>), Equal(?_BODY_2, ?X_1), Equal(?_BODY_3, ?X_4), Equal(?_BODY_4, ?X_1), Equal(?_BODY_5, "Ohio") >>>
21:07:59 [INFO] Execution step: Body
21:07:59 [INFO] Trie does not contain any elements
21:07:59 [INFO] Execution step: Duplicate Elimination (Datalog)
21:07:59 [INFO] Trie does not contain any elements
21:07:59 [INFO] Rule duration: 0 ms
21:07:59 [INFO] <<< STEP 21: APPLYING RULE 26 R_16(?X_2, ?X_2) :- HeavyWindAffectedState(?X_2, ?_BODY_1, ?_BODY_2), R_15(?X_2, ?_BODY_3, ?_BODY_4, ?_BODY_5, ?Z_1, ?Z_2), Equal(?_BODY_1, "210"^^<http://www.w3.org/2001/XMLSchema#double>), Equal(?_BODY_2, ?X_2), Equal(?_BODY_3, ?X_2), Equal(?_BODY_4, ?X_2), Equal(?_BODY_5, ?X_2) >>>
21:07:59 [INFO] Execution step: Body
21:07:59 [INFO] Trie does not contain any elements
21:07:59 [INFO] Execution step: Duplicate Elimination (Datalog)
21:07:59 [INFO] Trie does not contain any elements
21:07:59 [INFO] Rule duration: 0 ms
21:07:59 [INFO] <<< STEP 22: APPLYING RULE 48 R_38(c_2, ?X_5, ?X_4, ?X_6, ?X_2, ?X_2) :- R_45(?_BODY_1, ?X_5), R_45(?X_4, ?X_6), R_45(?X_2, ?_BODY_2), R_45(?_BODY_3, ?X_5), Equal(?_BODY_1, c_2), Equal(?_BODY_2, ?X_2), Equal(?_BODY_3, c_2) >>>
21:07:59 [INFO] Execution step: Project/Reorder
21:07:59 [INFO] Trie does not contain any elements
21:07:59 [INFO] Execution step: Body
21:07:59 [INFO] Trie does not contain any elements
21:07:59 [INFO] Execution step: Duplicate Elimination (Datalog)
21:07:59 [INFO] Trie does not contain any elements
21:07:59 [INFO] Rule duration: 0 ms
21:07:59 [INFO] <<< STEP 23: APPLYING RULE 61 R_30(?X_1, ?X_1, ?X_2) :- TempAbove41(?X_1, ?_BODY_1, ?X_2), TempAbove41(?X_1, ?_BODY_2, ?X_2), Equal(?_BODY_1, ?X_1), Equal(?_BODY_2, ?X_1) >>>
21:07:59 [INFO] Execution step: Project/Reorder
21:07:59 [INFO] Saved temporary table: 1 entries (10316)
21:07:59 [INFO] Execution step: Body
21:07:59 [INFO] Trie does not contain any elements
21:07:59 [INFO] Execution step: Duplicate Elimination (Datalog)
21:07:59 [INFO] Trie does not contain any elements
21:07:59 [INFO] Rule duration: 0 ms
21:07:59 [INFO] <<< STEP 24: APPLYING RULE 27 R_14(?X_1) :- R_22(?_BODY_1, ?Y_1, ?X_1, ?_BODY_2, ?_BODY_3), R_16(?Y_1, ?X_1), Equal(?_BODY_1, "117.1"^^<http://www.w3.org/2001/XMLSchema#double>), Equal(?_BODY_2, "117.1"^^<http://www.w3.org/2001/XMLSchema#double>), Equal(?_BODY_3, ?Y_1) >>>
21:07:59 [INFO] Execution step: Project/Reorder
21:07:59 [INFO] Trie does not contain any elements
21:07:59 [INFO] Execution step: Body
21:07:59 [INFO] Trie does not contain any elements
21:07:59 [INFO] Execution step: Duplicate Elimination (Datalog)
21:07:59 [INFO] Trie does not contain any elements
21:07:59 [INFO] Rule duration: 0 ms
21:07:59 [INFO] <<< STEP 25: APPLYING RULE 42 R_25("210"^^<http://www.w3.org/2001/XMLSchema#double>, ?X_3, ?X_2, ?X_4) :- HeatAffectedState(?_BODY_1, ?X_3, ?_BODY_2), HeatAffectedState(?X_4, ?X_2, ?_BODY_3), HeatAffectedState(?_BODY_4, ?X_3, ?_BODY_5), Equal(?_BODY_1, "210"^^<http://www.w3.org/2001/XMLSchema#double>), Equal(?_BODY_2, "210"^^<http://www.w3.org/2001/XMLSchema#double>), Equal(?_BODY_3, ?X_4), Equal(?_BODY_4, "210"^^<http://www.w3.org/2001/XMLSchema#double>), Equal(?_BODY_5, "210"^^<http://www.w3.org/2001/XMLSchema#double>) >>>
21:07:59 [INFO] Execution step: Project/Reorder
21:07:59 [INFO] Saved temporary table: 1 entries (10316)
21:07:59 [INFO] Execution step: Body
21:07:59 [INFO] Trie does not contain any elements
21:07:59 [INFO] Execution step: Duplicate Elimination (Datalog)
21:07:59 [INFO] Trie does not contain any elements
21:07:59 [INFO] Rule duration: 0 ms
21:07:59 [INFO] <<< STEP 26: APPLYING RULE 47 R_42(?X_1, ?X_2, ?X_4, ?X_6, ?X_5, ?X_3) :- ExcessiveHeat(?X_1, ?X_2, ?X_4), ExcessiveHeat(?X_6, ?X_5, ?X_3), ExcessiveHeat(?X_1, ?X_2, ?X_4) >>>
21:07:59 [INFO] Execution step: Project/Reorder
21:07:59 [INFO] Saved temporary table: 1 entries (10316)
21:07:59 [INFO] Execution step: Body
21:07:59 [INFO] Trie does not contain any elements
21:07:59 [INFO] Execution step: Duplicate Elimination (Datalog)
21:07:59 [INFO] Trie does not contain any elements
21:07:59 [INFO] Rule duration: 0 ms
21:07:59 [INFO] <<< STEP 27: APPLYING RULE 50 R_33(?X_1, ?X_6, ?X_3, ?X_5, ?X_2, ?X_4) :- HeatAffectedState(?X_1, ?X_6, ?X_3), HeatAffectedState(?X_5, ?X_2, ?X_4), HeatAffectedState(?X_1, ?X_6, ?X_3) >>>
21:07:59 [INFO] Execution step: Project/Reorder
21:07:59 [INFO] Saved temporary table: 1 entries (10364)
21:07:59 [INFO] Execution step: Body
21:07:59 [INFO] Trie does not contain any elements
21:07:59 [INFO] Execution step: Duplicate Elimination (Datalog)
21:07:59 [INFO] Trie does not contain any elements
21:07:59 [INFO] Rule duration: 0 ms
21:07:59 [INFO] <<< STEP 28: APPLYING RULE 51 R_24(?X_3, ?X_6, ?X_4, "str_17", ?X_1, ?X_4) :- R_15(?X_3, ?X_6, ?X_4, ?_BODY_1, ?X_1, ?_BODY_2), R_15(?X_3, ?X_6, ?X_4, ?_BODY_3, ?X_1, ?_BODY_4), Equal(?_BODY_1, "str_17"), Equal(?_BODY_2, ?X_4), Equal(?_BODY_3, "str_17"), Equal(?_BODY_4, ?X_4) >>>
21:07:59 [INFO] Execution step: Project/Reorder
21:07:59 [INFO] Trie does not contain any elements
21:07:59 [INFO] Execution step: Body
21:07:59 [INFO] Trie does not contain any elements
21:07:59 [INFO] Execution step: Duplicate Elimination (Datalog)
21:07:59 [INFO] Trie does not contain any elements
21:07:59 [INFO] Rule duration: 0 ms
21:07:59 [INFO] <<< STEP 29: APPLYING RULE 58 R_33(?X_3, ?X_4, ?X_2, ?X_6, ?X_5, ?X_2) :- ExcessiveHeat(?X_3, ?X_4, ?X_2), ExcessiveHeat(?X_6, ?X_5, ?X_2), ExcessiveHeat(?X_3, ?X_4, ?X_2) >>>
21:07:59 [INFO] Execution step: Project/Reorder
21:07:59 [INFO] Saved temporary table: 1 entries (10316)
21:07:59 [INFO] Execution step: Body
21:07:59 [INFO] Trie does not contain any elements
21:07:59 [INFO] Execution step: Duplicate Elimination (Datalog)
21:07:59 [INFO] Trie does not contain any elements
21:07:59 [INFO] Rule duration: 0 ms
21:07:59 [INFO] <<< STEP 30: APPLYING RULE 54 R_31("str_4", ?X_3, ?X_1) :- R_14(?_BODY_1), R_14(?X_3), R_14(?X_1), R_14(?_BODY_2), Equal(?_BODY_1, "str_4"), Equal(?_BODY_2, "str_4") >>>
21:07:59 [INFO] Execution step: Project/Reorder
21:07:59 [INFO] Trie does not contain any elements
21:07:59 [INFO] Execution step: Body
21:07:59 [INFO] Trie does not contain any elements
21:07:59 [INFO] Execution step: Duplicate Elimination (Datalog)
21:07:59 [INFO] Trie does not contain any elements
21:07:59 [INFO] Rule duration: 0 ms
21:07:59 [INFO] <<< STEP 31: APPLYING RULE 6 R_1("StationA", ?X_3, ?X_4, ?X_1) :- R_28(?_BODY_1, ?X_3, ?X_4, ?X_1), Equal(?_BODY_1, "StationA") >>>
21:07:59 [INFO] Execution step: Body
21:07:59 [INFO] Trie does not contain any elements
21:07:59 [INFO] Execution step: Duplicate Elimination (Datalog)
21:07:59 [INFO] Trie does not contain any elements
21:07:59 [INFO] Rule duration: 0 ms
21:07:59 [INFO] <<< STEP 32: APPLYING RULE 11 R_27(?X_2, "115.3"^^<http://www.w3.org/2001/XMLSchema#double>) :- R_6(?X_2, ?_BODY_1, ?_BODY_2), Equal(?_BODY_1, "115.3"^^<http://www.w3.org/2001/XMLSchema#double>), Equal(?_BODY_2, ?X_2) >>>
21:07:59 [INFO] Execution step: Body
21:07:59 [INFO] Trie does not contain any elements
21:07:59 [INFO] Execution step: Duplicate Elimination (Datalog)
21:07:59 [INFO] Trie does not contain any elements
21:07:59 [INFO] Rule duration: 0 ms
21:07:59 [INFO] <<< STEP 33: APPLYING RULE 12 R_28(?X_1, ?X_2, ?X_4, ?X_1) :- R_31(?X_1, ?X_2, ?X_4), R_31(?X_1, ?_BODY_1, ?_BODY_2), Equal(?_BODY_1, ?X_1), Equal(?_BODY_2, ?X_1) >>>
21:07:59 [INFO] Execution step: Body
21:07:59 [INFO] Trie does not contain any elements
21:07:59 [INFO] Execution step: Duplicate Elimination (Datalog)
21:07:59 [INFO] Trie does not contain any elements
21:07:59 [INFO] Rule duration: 0 ms
21:07:59 [INFO] <<< STEP 34: APPLYING RULE 13 R_29("StationA", ?X_5, ?X_4, ?X_2, ?X_3) :- R_33(?_BODY_1, ?X_5, ?X_4, ?X_3, ?_BODY_2, ?X_2), Equal(?_BODY_1, "StationA"), Equal(?_BODY_2, ?X_3) >>>
21:07:59 [INFO] Execution step: Body
21:07:59 [INFO] Trie does not contain any elements
21:07:59 [INFO] Execution step: Duplicate Elimination (Datalog)
21:07:59 [INFO] Trie does not contain any elements
21:07:59 [INFO] Rule duration: 0 ms
21:07:59 [INFO] <<< STEP 35: APPLYING RULE 14 R_32(?X_1, ?X_2, ?X_4, ?X_2) :- R_12(?X_1, ?X_2, ?_BODY_1), R_12(?X_2, ?_BODY_2, ?X_4), Equal(?_BODY_1, ?X_2), Equal(?_BODY_2, "117"^^<http://www.w3.org/2001/XMLSchema#double>) >>>
21:07:59 [INFO] Execution step: Body
21:07:59 [INFO] Trie does not contain any elements
21:07:59 [INFO] Execution step: Duplicate Elimination (Datalog)
21:07:59 [INFO] Trie does not contain any elements
21:07:59 [INFO] Rule duration: 0 ms
21:07:59 [INFO] <<< STEP 36: APPLYING RULE 15 R_38(?X_6, ?X_2, ?X_4, ?X_6, ?X_1, ?X_3) :- R_1(?X_6, ?X_2, ?X_4, ?_BODY_1), R_1(?X_1, ?X_3, ?_BODY_2, ?X_2), Equal(?_BODY_1, ?X_6), Equal(?_BODY_2, ?X_1) >>>
21:07:59 [INFO] Execution step: Body
21:07:59 [INFO] Trie does not contain any elements
21:07:59 [INFO] Execution step: Duplicate Elimination (Datalog)
21:07:59 [INFO] Trie does not contain any elements
21:07:59 [INFO] Rule duration: 0 ms
21:07:59 [INFO] <<< STEP 37: APPLYING RULE 18 R_33(?X_6, ?X_5, ?X_1, "0"^^<http://www.w3.org/2001/XMLSchema#double>, ?X_3, ?X_1) :- R_38(?X_6, ?X_5, ?X_1, ?_BODY_1, ?X_3, ?_BODY_2), HeavyWindForce(?X_5, ?X_1, ?Z_4), Equal(?_BODY_1, "0"^^<http://www.w3.org/2001/XMLSchema#double>), Equal(?_BODY_2, ?X_1) >>>
21:07:59 [INFO] Execution step: Body
21:07:59 [INFO] Trie does not contain any elements
21:07:59 [INFO] Execution step: Duplicate Elimination (Datalog)
21:07:59 [INFO] Trie does not contain any elements
21:07:59 [INFO] Rule duration: 0 ms
21:07:59 [INFO] <<< STEP 38: APPLYING RULE 20 R_6("213.4"^^<http://www.w3.org/2001/XMLSchema#double>, ?X_3, ?X_3) :- R_30(?_BODY_1, ?X_3, ?_BODY_2), R_5(?X_3), Equal(?_BODY_1, "213.4"^^<http://www.w3.org/2001/XMLSchema#double>), Equal(?_BODY_2, ?X_3) >>>
21:07:59 [INFO] Execution step: Body
21:07:59 [INFO] Trie does not contain any elements
21:07:59 [INFO] Execution step: Duplicate Elimination (Datalog)
21:07:59 [INFO] Trie does not contain any elements
21:07:59 [INFO] Rule duration: 0 ms
21:07:59 [INFO] <<< STEP 39: APPLYING RULE 21 R_24(?X_3, ?X_5, ?X_2, ?X_6, ?X_4, "112"^^<http://www.w3.org/2001/XMLSchema#double>) :- R_15(?X_3, ?X_5, ?X_2, ?X_6, ?X_4, ?_BODY_1), ExcessiveHeat(?Z_3, ?X_5, ?X_2), HeavyWindAffectedState(?_BODY_2, ?X_6, ?X_2), R_7(?Z_8, ?X_2, ?X_6, ?Z_4, ?X_5), TempAbove41DiamondMinus1(?X_6, ?X_3, ?_BODY_3), Equal(?_BODY_1, "112"^^<http://www.w3.org/2001/XMLSchema#double>), Equal(?_BODY_2, "StationA"), Equal(?_BODY_3, ?X_3) >>>
21:07:59 [INFO] Execution step: Project/Reorder
21:07:59 [INFO] Saved temporary table: 1 entries (10364)
21:07:59 [INFO] Execution step: Body
21:07:59 [INFO] Trie does not contain any elements
21:07:59 [INFO] Execution step: Duplicate Elimination (Datalog)
21:07:59 [INFO] Trie does not contain any elements
21:07:59 [INFO] Rule duration: 0 ms
21:07:59 [INFO] <<< STEP 40: APPLYING RULE 22 R_18(?X_6, ?X_1, ?X_3, "215"^^<http://www.w3.org/2001/XMLSchema#double>, ?X_5, ?X_5) :- R_26(?X_6, ?X_1, ?X_3, ?_BODY_1, ?X_5, ?_BODY_2), R_8(?X_6, ?X_5, ?_BODY_3, ?X_1), Equal(?_BODY_1, "215"^^<http://www.w3.org/2001/XMLSchema#double>), Equal(?_BODY_2, ?X_5), Equal(?_BODY_3, ?X_6) >>>
21:07:59 [INFO] Execution step: Body
21:07:59 [INFO] Trie does not contain any elements
21:07:59 [INFO] Execution step: Duplicate Elimination (Datalog)
21:07:59 [INFO] Trie does not contain any elements
21:07:59 [INFO] Rule duration: 0 ms
21:07:59 [INFO] <<< STEP 41: APPLYING RULE 24 R_12(?X_2, ?X_3, "115.3"^^<http://www.w3.org/2001/XMLSchema#double>) :- R_31(?X_2, ?X_3, ?_BODY_1), R_12(?X_3, ?X_2, ?_BODY_2), Equal(?_BODY_1, "115.3"^^<http://www.w3.org/2001/XMLSchema#double>), Equal(?_BODY_2, "213.4"^^<http://www.w3.org/2001/XMLSchema#double>) >>>
21:07:59 [INFO] Execution step: Body
21:07:59 [INFO] Trie does not contain any elements
21:07:59 [INFO] Execution step: Duplicate Elimination (Datalog)
21:07:59 [INFO] Trie does not contain any elements
21:07:59 [INFO] Rule duration: 0 ms
21:07:59 [INFO] <<< STEP 42: APPLYING RULE 25 R_30(?X_3, ?X_3, ?X_1) :- R_14(?X_3), R_14(?X_3), R_14(?X_1), R_13(?X_3, ?_BODY_1, ?_BODY_2, ?Z_1, ?_BODY_3), Equal(?_BODY_1, ?X_3), Equal(?_BODY_2, ?X_3), Equal(?_BODY_3, ?X_3) >>>
21:07:59 [INFO] Execution step: Body
21:07:59 [INFO] Trie does not contain any elements
21:07:59 [INFO] Execution step: Duplicate Elimination (Datalog)
21:07:59 [INFO] Trie does not contain any elements
21:07:59 [INFO] Rule duration: 0 ms
21:07:59 [INFO] <<< STEP 43: APPLYING RULE 28 R_42(?X_2, ?X_4, ?X_1, ?X_6, ?X_3, ?X_5) :- R_7(?_BODY_1, ?X_3, ?X_1, ?X_6, ?_BODY_2), R_7(?X_5, ?X_2, ?Y_2, ?X_1, ?X_4), R_17(?Z_3, ?X_2, ?X_6), Equal(?_BODY_1, "111.7"^^<http://www.w3.org/2001/XMLSchema#double>), Equal(?_BODY_2, ?X_3) >>>
21:07:59 [INFO] Execution step: Body
21:07:59 [INFO] Trie does not contain any elements
21:07:59 [INFO] Execution step: Duplicate Elimination (Datalog)
21:07:59 [INFO] Trie does not contain any elements
21:07:59 [INFO] Rule duration: 0 ms
21:07:59 [INFO] <<< STEP 44: APPLYING RULE 29 R_4(?X_1, ?X_4, ?X_3, ?X_2) :- R_42(?X_1, ?X_4, ?X_3, ?X_2, ?_BODY_1, ?_BODY_2), R_3(?X_4, ?_BODY_3, ?_BODY_4, ?Z_4), R_18(?Z_2, ?X_2, ?X_4, ?X_1, ?_BODY_5, ?_BODY_6), Equal(?_BODY_1, ?X_2), Equal(?_BODY_2, ?X_4), Equal(?_BODY_3, "117.1"^^<http://www.w3.org/2001/XMLSchema#double>), Equal(?_BODY_4, ?X_4), Equal(?_BODY_5, ?X_4), Equal(?_BODY_6, ?X_1) >>>
21:07:59 [INFO] Execution step: Body
21:07:59 [INFO] Trie does not contain any elements
21:07:59 [INFO] Execution step: Duplicate Elimination (Datalog)
21:07:59 [INFO] Trie does not contain any elements
21:07:59 [INFO] Rule duration: 0 ms
21:07:59 [INFO] <<< STEP 45: APPLYING RULE 33 R_13(?X_4, ?X_2, ?X_4, ?X_3, ?X_5) :- HeatAffectedState(?X_4, ?X_2, ?_BODY_1), HeatAffectedState(?X_3, ?X_5, ?X_4), R_24(?X_4, ?X_5, ?_BODY_2, ?_BODY_3, ?_BODY_4, ?Z_1), R_27(?X_5, ?X_3), Equal(?_BODY_1, ?X_4), Equal(?_BODY_2, ?X_4), Equal(?_BODY_3, "117"^^<http://www.w3.org/2001/XMLSchema#double>), Equal(?_BODY_4, ?X_5) >>>
21:07:59 [INFO] Execution step: Body
21:07:59 [INFO] Trie does not contain any elements
21:07:59 [INFO] Execution step: Duplicate Elimination (Datalog)
21:07:59 [INFO] Trie does not contain any elements
21:07:59 [INFO] Rule duration: 0 ms
21:07:59 [INFO] <<< STEP 46: APPLYING RULE 34 R_31("115.2"^^<http://www.w3.org/2001/XMLSchema#double>, ?X_1, ?X_3) :- R_18(?_BODY_1, ?X_1, ?_BODY_2, ?X_3, ?_BODY_3, ?_BODY_4), TempAbove24(?Z_1, ?X_1, ?_BODY_5), TempAbove41(?X_1, ?X_3, ?_BODY_6), R_29(?X_3, ?Z_1, ?_BODY_7, ?X_1, ?_BODY_8), Equal(?_BODY_1, "115.2"^^<http://www.w3.org/2001/XMLSchema#double>), Equal(?_BODY_2, "115.3"^^<http://www.w3.org/2001/XMLSchema#double>), Equal(?_BODY_3, "115.2"^^<http://www.w3.org/2001/XMLSchema#double>), Equal(?_BODY_4, ?X_3), Equal(?_BODY_5, ?X_1), Equal(?_BODY_6, "115.2"^^<http://www.w3.org/2001/XMLSchema#double>), Equal(?_BODY_7, ?X_3), Equal(?_BODY_8, ?X_3) >>>
21:07:59 [INFO] Execution step: Body
21:07:59 [INFO] Trie does not contain any elements
21:07:59 [INFO] Execution step: Duplicate Elimination (Datalog)
21:07:59 [INFO] Trie does not contain any elements
21:07:59 [INFO] Rule duration: 0 ms
21:07:59 [INFO] <<< STEP 47: APPLYING RULE 35 R_26(?X_5, ?X_1, ?X_4, ?X_6, ?X_2, "117.1"^^<http://www.w3.org/2001/XMLSchema#double>) :- R_42(?X_5, ?X_1, ?X_4, ?X_6, ?X_2, ?_BODY_1), R_31(?X_6, ?Z_1, ?X_4), Equal(?_BODY_1, "117.1"^^<http://www.w3.org/2001/XMLSchema#double>) >>>
21:07:59 [INFO] Execution step: Body
21:07:59 [INFO] Trie does not contain any elements
21:07:59 [INFO] Execution step: Duplicate Elimination (Datalog)
21:07:59 [INFO] Trie does not contain any elements
21:07:59 [INFO] Rule duration: 0 ms
21:07:59 [INFO] <<< STEP 48: APPLYING RULE 36 R_37(?X_4, ?X_6, ?X_3, ?X_1, ?X_5, ?X_2) :- ExcessiveHeat(?X_4, ?X_6, ?X_3), ExcessiveHeat(?X_1, ?X_5, ?X_2), R_30(?X_4, ?X_1, ?X_6), R_32(?X_5, ?X_1, ?X_4, ?Z_2), R_14(?X_4) >>>
21:07:59 [INFO] Execution step: Project/Reorder
21:07:59 [INFO] Trie does not contain any elements
21:07:59 [INFO] Execution step: Body
21:07:59 [INFO] Trie does not contain any elements
21:07:59 [INFO] Execution step: Duplicate Elimination (Datalog)
21:07:59 [INFO] Trie does not contain any elements
21:07:59 [INFO] Rule duration: 0 ms
21:07:59 [INFO] <<< STEP 49: APPLYING RULE 37 R_23("213.5"^^<http://www.w3.org/2001/XMLSchema#double>, ?X_1) :- R_25(?_BODY_1, ?X_1, ?_BODY_2, ?_BODY_3), R_1(?_BODY_4, ?X_1, ?Z_1, ?_BODY_5), R_33(?X_1, ?Z_3, ?_BODY_6, ?_BODY_7, ?Z_2, ?_BODY_8), Equal(?_BODY_1, "StationA"), Equal(?_BODY_2, "213.5"^^<http://www.w3.org/2001/XMLSchema#double>), Equal(?_BODY_3, ?X_1), Equal(?_BODY_4, "115.3"^^<http://www.w3.org/2001/XMLSchema#double>), Equal(?_BODY_5, ?X_1), Equal(?_BODY_6, ?X_1), Equal(?_BODY_7, "117"^^<http://www.w3.org/2001/XMLSchema#double>), Equal(?_BODY_8, ?X_1) >>>
21:07:59 [INFO] Execution step: Body
21:07:59 [INFO] Trie does not contain any elements
21:07:59 [INFO] Execution step: Duplicate Elimination (Datalog)
21:07:59 [INFO] Trie does not contain any elements
21:07:59 [INFO] Rule duration: 0 ms
21:07:59 [INFO] <<< STEP 50: APPLYING RULE 39 R_10(?X_5, ?X_2, ?X_4, "111.7"^^<http://www.w3.org/2001/XMLSchema#double>, ?X_3) :- R_24(?X_5, ?X_2, ?X_4, ?_BODY_1, ?X_3, ?_BODY_2), R_37(?X_2, ?X_4, ?_BODY_3, ?X_3, ?_BODY_4, ?X_5), Equal(?_BODY_1, "111.7"^^<http://www.w3.org/2001/XMLSchema#double>), Equal(?_BODY_2, ?X_4), Equal(?_BODY_3, ?X_2), Equal(?_BODY_4, "117.1"^^<http://www.w3.org/2001/XMLSchema#double>) >>>
21:07:59 [INFO] Execution step: Body
21:07:59 [INFO] Trie does not contain any elements
21:07:59 [INFO] Execution step: Duplicate Elimination (Datalog)
21:07:59 [INFO] Trie does not contain any elements
21:07:59 [INFO] Rule duration: 0 ms
21:07:59 [INFO] <<< STEP 51: APPLYING RULE 40 R_7(?X_5, ?X_2, ?X_1, ?X_2, "StationA") :- HeatAffectedState(?X_5, ?X_2, ?X_1), HeatAffectedState(?X_2, ?Y_1, ?_BODY_1), R_4(?X_2, ?X_1, ?_BODY_2, ?_BODY_3), R_6(?Y_1, ?_BODY_4, ?X_2), R_10(?X_1, ?_BODY_5, ?_BODY_6, ?X_5, ?X_2), R_23(?X_2, ?Y_1), R_38(?X_2, ?_BODY_7, ?Y_1, ?_BODY_8, ?_BODY_9, ?X_5), Equal(?_BODY_1, "StationA"), Equal(?_BODY_2, "StationA"), Equal(?_BODY_3, ?X_2), Equal(?_BODY_4, ?Y_1), Equal(?_BODY_5, ?X_1), Equal(?_BODY_6, "1000"^^<http://www.w3.org/2001/XMLSchema#double>), Equal(?_BODY_7, ?X_2), Equal(?_BODY_8, ?X_2), Equal(?_BODY_9, ?X_2) >>>
21:07:59 [INFO] Execution step: Body
21:07:59 [INFO] Trie does not contain any elements
21:07:59 [INFO] Execution step: Duplicate Elimination (Datalog)
21:07:59 [INFO] Trie does not contain any elements
21:07:59 [INFO] Rule duration: 0 ms
21:07:59 [INFO] <<< STEP 52: APPLYING RULE 17 R_11(?X_2, ?X_5, ?X_1, ?X_3, ?X_2) :- R_26(?X_2, ?X_5, ?X_1, ?X_3, ?_BODY_1, ?Y_1), HeavyWind(?Z_3, ?Z_4, ?X_2), Equal(?_BODY_1, ?X_2) >>>
21:07:59 [INFO] Loading source SimpleTable { arity: 5, data: [AnyDataValue(Iri(IriDataValue("c_8"))), AnyDataValue(Double(DoubleDataValue(112.0))), AnyDataValue(PlainString(StringDataValue("StationA"))), AnyDataValue(PlainString(StringDataValue("str_2"))), AnyDataValue(Double(DoubleDataValue(210.0))), AnyDataValue(PlainString(StringDataValue("str_7"))), AnyDataValue(PlainString(StringDataValue("str_8"))), AnyDataValue(PlainString(StringDataValue("str_9"))), AnyDataValue(Iri(IriDataValue("c_18"))), AnyDataValue(Iri(IriDataValue("c_19"))), AnyDataValue(Iri(IriDataValue("c_9"))), AnyDataValue(Double(DoubleDataValue(0.0))), AnyDataValue(Iri(IriDataValue("c_30"))), AnyDataValue(Iri(IriDataValue("c_31"))), AnyDataValue(Iri(IriDataValue("c_4"))), AnyDataValue(Iri(IriDataValue("c_10"))), AnyDataValue(UnsignedLong(UnsignedLongDataValue(10272368339713397144))), AnyDataValue(UnsignedLong(UnsignedLongDataValue(15355648898703377797))), AnyDataValue(PlainString(StringDataValue("str_22"))), AnyDataValue(Iri(IriDataValue("c_37")))] }
21:07:59 [INFO] Execution step: Body
21:07:59 [INFO] Trie does not contain any elements
21:07:59 [INFO] Execution step: Duplicate Elimination (Datalog)
21:07:59 [INFO] Trie does not contain any elements
21:07:59 [INFO] Rule duration: 0 ms
21:07:59 [INFO] <<< STEP 53: APPLYING RULE 32 R_20("215"^^<http://www.w3.org/2001/XMLSchema#double>) :- R_31(?_BODY_1, ?_BODY_2, ?_BODY_3), R_26(?_BODY_4, ?_BODY_5, ?_BODY_6, ?_BODY_7, ?_BODY_8, ?Z_1), Equal(?_BODY_1, "215"^^<http://www.w3.org/2001/XMLSchema#double>), Equal(?_BODY_2, "215"^^<http://www.w3.org/2001/XMLSchema#double>), Equal(?_BODY_3, "215"^^<http://www.w3.org/2001/XMLSchema#double>), Equal(?_BODY_4, "115.2"^^<http://www.w3.org/2001/XMLSchema#double>), Equal(?_BODY_5, "StationA"), Equal(?_BODY_6, "StationA"), Equal(?_BODY_7, "210"^^<http://www.w3.org/2001/XMLSchema#double>), Equal(?_BODY_8, "0"^^<http://www.w3.org/2001/XMLSchema#double>) >>>
21:07:59 [INFO] Loading source SimpleTable { arity: 1, data: [AnyDataValue(UnsignedLong(UnsignedLongDataValue(2245997698988846749))), AnyDataValue(Iri(IriDataValue("c_12"))), AnyDataValue(Iri(IriDataValue("c_16"))), AnyDataValue(Iri(IriDataValue("c_25")))] }
21:07:59 [INFO] Execution step: Body
21:07:59 [INFO] Trie does not contain any elements
21:07:59 [INFO] Execution step: Duplicate Elimination (Datalog)
21:07:59 [INFO] Trie does not contain any elements
21:07:59 [INFO] Rule duration: 0 ms
21:07:59 [INFO] <<< STEP 54: APPLYING RULE 41 R_34(?X_4, ?X_5, ?X_6, ?X_3, "113.4"^^<http://www.w3.org/2001/XMLSchema#double>, ?X_1) :- R_1(?Y_2, ?X_5, ?X_6, ?X_3), R_1(?_BODY_1, ?X_6, ?X_1, ?X_4), HeavyWind(?X_6, ?X_1, ?X_5), Equal(?_BODY_1, "113.4"^^<http://www.w3.org/2001/XMLSchema#double>) >>>
21:07:59 [INFO] Loading source SimpleTable { arity: 6, data: [AnyDataValue(PlainString(StringDataValue("str_1"))), AnyDataValue(Double(DoubleDataValue(213.4))), AnyDataValue(PlainString(StringDataValue("StationA"))), AnyDataValue(UnsignedLong(UnsignedLongDataValue(639081605653985529))), AnyDataValue(Iri(IriDataValue("c_1"))), AnyDataValue(Double(DoubleDataValue(113.4))), AnyDataValue(UnsignedLong(UnsignedLongDataValue(8568922082926108311))), AnyDataValue(Iri(IriDataValue("c_25"))), AnyDataValue(PlainString(StringDataValue("str_22"))), AnyDataValue(PlainString(StringDataValue("str_23"))), AnyDataValue(PlainString(StringDataValue("str_11"))), AnyDataValue(PlainString(StringDataValue("str_13")))] }
21:07:59 [INFO] Execution step: Project/Reorder
21:07:59 [INFO] Saved temporary table: 2 entries (10380)
21:07:59 [INFO] Execution step: Body
21:07:59 [INFO] Trie does not contain any elements
21:07:59 [INFO] Execution step: Duplicate Elimination (Datalog)
21:07:59 [INFO] Trie does not contain any elements
21:07:59 [INFO] Rule duration: 0 ms
21:07:59 [INFO] <<< STEP 55: APPLYING RULE 52 R_2(?X_2_new_1, ?X_2_new_1) :- R_32(?_BODY_1, ?_BODY_2, ?X_2, ?X_2_new_1), Equal(?_BODY_1, "StationA"), Equal(?_BODY_2, "StationA") >>>
21:07:59 [INFO] Loading source SimpleTable { arity: 2, data: [AnyDataValue(Iri(IriDataValue("c_6"))), AnyDataValue(UnsignedLong(UnsignedLongDataValue(11309840626465056719)))] }
21:07:59 [INFO] Execution step: Body
21:07:59 [INFO] Trie does not contain any elements
21:07:59 [INFO] Execution step: Duplicate Elimination (Datalog)
21:07:59 [INFO] Trie does not contain any elements
21:07:59 [INFO] Rule duration: 0 ms
21:07:59 [INFO] <<< STEP 56: APPLYING RULE 43 R_19("StationA", ?X_1) :- HeatAffectedState(?X_1_new_1, ?X_1, ?_BODY_1), R_2(?X_1, ?_BODY_2), Equal(?_BODY_1, "StationA"), Equal(?_BODY_2, ?X_1) >>>
21:07:59 [INFO] Loading source SimpleTable { arity: 2, data: [AnyDataValue(Iri(IriDataValue("c_5"))), AnyDataValue(PlainString(StringDataValue("StationA"))), AnyDataValue(Iri(IriDataValue("c_27"))), AnyDataValue(UnsignedLong(UnsignedLongDataValue(15513870645958120175))), AnyDataValue(Double(DoubleDataValue(118.0))), AnyDataValue(PlainString(StringDataValue("StationA"))), AnyDataValue(PlainString(StringDataValue("str_24"))), AnyDataValue(Double(DoubleDataValue(111.7)))] }
21:07:59 [INFO] Execution step: Body
21:07:59 [INFO] Trie does not contain any elements
21:07:59 [INFO] Execution step: Duplicate Elimination (Datalog)
21:07:59 [INFO] Trie does not contain any elements
21:07:59 [INFO] Rule duration: 0 ms
21:07:59 [INFO] <<< STEP 57: APPLYING RULE 57 R_19(?X_1, ?X_2) :- R_31(?X_1, ?X_2, ?_BODY_1), R_10(?X_1, ?X_2, ?_BODY_2, ?Y_1, ?_BODY_3), R_12(?Y_1, ?X_2, ?_BODY_4), Equal(?_BODY_1, ?X_2), Equal(?_BODY_2, c_14), Equal(?_BODY_3, ?X_1), Equal(?_BODY_4, c_14) >>>
21:07:59 [INFO] Execution step: Body
21:07:59 [INFO] Trie does not contain any elements
21:07:59 [INFO] Execution step: Duplicate Elimination (Datalog)
21:07:59 [INFO] Trie does not contain any elements
21:07:59 [INFO] Rule duration: 0 ms
21:07:59 [INFO] <<< STEP 58: APPLYING RULE 60 R_OUT(?X_3, "StationA", ?X_2, ?X_4, ?X_5, ?X_6) :- R_6(?X_3, ?X_3_new_1, ?Y_1), R_29(?X_4, ?X_5, ?X_6, ?_BODY_1, ?X_2), R_15(?X_2, ?Y_1, ?_BODY_2, ?_BODY_3, ?_BODY_4, ?_BODY_5), R_17(?Y_1, ?X_5, ?_BODY_6), Equal(?_BODY_1, "StationA"), Equal(?_BODY_2, "StationA"), Equal(?_BODY_3, ?Y_1), Equal(?_BODY_4, "StationA"), Equal(?_BODY_5, ?X_2), Equal(?_BODY_6, "StationA") >>>
21:07:59 [INFO] Execution step: Project/Reorder
21:07:59 [INFO] Trie does not contain any elements
21:07:59 [INFO] Execution step: Project/Reorder
21:07:59 [INFO] Trie does not contain any elements
21:07:59 [INFO] Execution step: Body
21:07:59 [INFO] Trie does not contain any elements
21:07:59 [INFO] Execution step: Duplicate Elimination (Datalog)
21:07:59 [INFO] Trie does not contain any elements
21:07:59 [INFO] Rule duration: 0 ms
21:07:59 [INFO] <<< STEP 59: APPLYING RULE 45 R_11("115.3"^^<http://www.w3.org/2001/XMLSchema#double>, ?X_3, ?X_3_new_1, ?X_2, ?X_1) :- R_3(?Y_1, ?X_2, ?X_3_new_1, ?X_1), R_3(?_BODY_1, ?X_1, ?X_2, ?_BODY_2), R_17(?X_3_new_1, ?X_3, ?_BODY_3), HeavyWindForce(?X_3, ?_BODY_4, ?_BODY_5), TempAbove41(?X_2, ?_BODY_6, ?X_3), R_1(?Y_1, ?X_2, ?X_3_new_1, ?_BODY_7), Equal(?_BODY_1, "str_17"), Equal(?_BODY_2, ?X_2), Equal(?_BODY_3, "115.3"^^<http://www.w3.org/2001/XMLSchema#double>), Equal(?_BODY_4, ?X_3), Equal(?_BODY_5, "str_17"), Equal(?_BODY_6, "str_17"), Equal(?_BODY_7, "str_17") >>>
21:07:59 [INFO] Execution step: Project/Reorder
21:07:59 [INFO] Saved temporary table: 1 entries (10316)
21:07:59 [INFO] Execution step: Project/Reorder
21:07:59 [INFO] Trie does not contain any elements
21:07:59 [INFO] Execution step: Body
21:07:59 [INFO] Trie does not contain any elements
21:07:59 [INFO] Execution step: Duplicate Elimination (Datalog)
21:07:59 [INFO] Trie does not contain any elements
21:07:59 [INFO] Rule duration: 0 ms
21:07:59 [INFO] <<< STEP 60: APPLYING RULE 53 R_9(?X_2, ?X_2, ?X_2) :- R_13(?X_2, ?_BODY_1, ?_BODY_2, ?_BODY_3, ?_BODY_4), R_31(?Z_1, ?_BODY_5, ?X_2), R_2(?_BODY_6, ?X_2), R_14(?Z_1), Equal(?_BODY_1, ?X_2), Equal(?_BODY_2, ?X_2), Equal(?_BODY_3, ?X_2), Equal(?_BODY_4, ?X_2), Equal(?_BODY_5, ?Z_1), Equal(?_BODY_6, "str_6") >>>
21:07:59 [INFO] Loading source SimpleTable { arity: 3, data: [AnyDataValue(Iri(IriDataValue("c_2"))), AnyDataValue(PlainString(StringDataValue("StationA"))), AnyDataValue(PlainString(StringDataValue("StationA"))), AnyDataValue(Iri(IriDataValue("c_3"))), AnyDataValue(Double(DoubleDataValue(113.4))), AnyDataValue(Iri(IriDataValue("c_4")))] }
21:07:59 [INFO] Execution step: Project/Reorder
21:07:59 [INFO] Saved temporary table: 1 entries (6856)
21:07:59 [INFO] Execution step: Project/Reorder
21:07:59 [INFO] Trie does not contain any elements
21:07:59 [INFO] Execution step: Body
21:07:59 [INFO] Trie does not contain any elements
21:07:59 [INFO] Execution step: Duplicate Elimination (Datalog)
21:07:59 [INFO] Trie does not contain any elements
21:07:59 [INFO] Rule duration: 0 ms
21:07:59 [INFO] <<< STEP 61: APPLYING RULE 23 R_35(?X_3, ?X_4, ?X_4, ?X_1) :- R_35(?X_3, ?X_4, ?_BODY_1, ?X_1), R_11(?X_1, ?X_4, ?X_3, ?_BODY_2, ?_BODY_3), Equal(?_BODY_1, ?X_4), Equal(?_BODY_2, ?X_1), Equal(?_BODY_3, ?X_4) >>>
21:07:59 [INFO] Loading source SimpleTable { arity: 4, data: [AnyDataValue(Iri(IriDataValue("c_9"))), AnyDataValue(Iri(IriDataValue("c_10"))), AnyDataValue(Iri(IriDataValue("c_11"))), AnyDataValue(UnsignedLong(UnsignedLongDataValue(15355648898703377797))), AnyDataValue(Iri(IriDataValue("c_23"))), AnyDataValue(Iri(IriDataValue("c_2"))), AnyDataValue(UnsignedLong(UnsignedLongDataValue(9227249496654052887))), AnyDataValue(Double(DoubleDataValue(115.3))), AnyDataValue(Double(DoubleDataValue(112.0))), AnyDataValue(PlainString(StringDataValue("str_13"))), AnyDataValue(Double(DoubleDataValue(215.0))), AnyDataValue(Iri(IriDataValue("c_26"))), AnyDataValue(UnsignedLong(UnsignedLongDataValue(17172875853103889957))), AnyDataValue(Double(DoubleDataValue(117.1))), AnyDataValue(Iri(IriDataValue("c_19"))), AnyDataValue(PlainString(StringDataValue("str_16"))), AnyDataValue(UnsignedLong(UnsignedLongDataValue(9227249496654052887))), AnyDataValue(UnsignedLong(UnsignedLongDataValue(10272368339713397144))), AnyDataValue(Iri(IriDataValue("c_29"))), AnyDataValue(PlainString(StringDataValue("str_5"))), AnyDataValue(UnsignedLong(UnsignedLongDataValue(2245997698988846749))), AnyDataValue(Iri(IriDataValue("c_33"))), AnyDataValue(Iri(IriDataValue("c_34"))), AnyDataValue(Iri(IriDataValue("c_4"))), AnyDataValue(PlainString(StringDataValue("str_18"))), AnyDataValue(PlainString(StringDataValue("str_19"))), AnyDataValue(Iri(IriDataValue("c_27"))), AnyDataValue(Iri(IriDataValue("c_21")))] }
21:07:59 [INFO] Execution step: Project/Reorder
21:07:59 [INFO] Saved temporary table: 4 entries (17860)
21:07:59 [INFO] Execution step: Body
21:07:59 [INFO] Trie does not contain any elements
21:07:59 [INFO] Execution step: Duplicate Elimination (Datalog)
21:07:59 [INFO] Trie does not contain any elements
21:07:59 [INFO] Rule duration: 0 ms
21:07:59 [INFO] <<< STEP 62: APPLYING RULE 46 R_36("0"^^<http://www.w3.org/2001/XMLSchema#double>) :- R_30(?Y_1, ?_BODY_1, ?_BODY_2), R_25(?Z_1, ?Y_1, ?_BODY_3, ?_BODY_4), R_35(?Y_1, ?_BODY_5, ?Z_1, ?Z_2), ExcessiveHeat(?Z_6, ?Y_1, ?_BODY_6), Equal(?_BODY_1, "0"^^<http://www.w3.org/2001/XMLSchema#double>), Equal(?_BODY_2, ?Y_1), Equal(?_BODY_3, ?Y_1), Equal(?_BODY_4, ?Y_1), Equal(?_BODY_5, ?Y_1), Equal(?_BODY_6, ?Y_1) >>>
21:07:59 [INFO] Loading source SimpleTable { arity: 1, data: [AnyDataValue(Iri(IriDataValue("c_3"))), AnyDataValue(Double(DoubleDataValue(1000.0))), AnyDataValue(Iri(IriDataValue("c_7"))), AnyDataValue(Iri(IriDataValue("c_6"))), AnyDataValue(UnsignedLong(UnsignedLongDataValue(639081605653985529))), AnyDataValue(PlainString(StringDataValue("str_15"))), AnyDataValue(PlainString(StringDataValue("str_2")))] }
21:07:59 [INFO] Execution step: Body
21:07:59 [INFO] Trie does not contain any elements
21:07:59 [INFO] Execution step: Duplicate Elimination (Datalog)
21:07:59 [INFO] Trie does not contain any elements
21:07:59 [INFO] Rule duration: 0 ms
21:07:59 [INFO] <<< STEP 63: APPLYING RULE 38 R_34(?X_6, ?X_1, ?X_2, ?X_4, ?X_3, ?X_5) :- R_37(?X_6, ?X_1, ?X_2, ?X_4, ?X_3, ?X_5), R_20(?X_6), R_36(?X_5) >>>
21:07:59 [INFO] Execution step: Project/Reorder
21:07:59 [INFO] Saved temporary table: 7 entries (3500)
21:07:59 [INFO] Execution step: Body
21:07:59 [INFO] Trie does not contain any elements
21:07:59 [INFO] Execution step: Duplicate Elimination (Datalog)
21:07:59 [INFO] Trie does not contain any elements
21:07:59 [INFO] Rule duration: 0 ms
21:07:59 [INFO] <<< STEP 64: APPLYING RULE 44 R_40(?X_1) :- HeavyWind(?X_1_new_1, ?Y_1, ?_BODY_1), R_34(?Z_1, ?X_1, ?X_1_new_1, ?Y_1, ?_BODY_2, ?Z_2), R_9(?Y_1, ?X_1_new_1, ?_BODY_3), Equal(?_BODY_1, ?Y_1), Equal(?_BODY_2, ?Y_1), Equal(?_BODY_3, "0"^^<http://www.w3.org/2001/XMLSchema#double>) >>>
21:07:59 [INFO] Loading source SimpleTable { arity: 1, data: [AnyDataValue(PlainString(StringDataValue("str_3"))), AnyDataValue(Iri(IriDataValue("c_24"))), AnyDataValue(PlainString(StringDataValue("str_14")))] }
21:07:59 [INFO] Execution step: Project/Reorder
21:07:59 [INFO] Saved temporary table: 2 entries (10468)
21:07:59 [INFO] Execution step: Body
21:07:59 [INFO] Trie does not contain any elements
21:07:59 [INFO] Execution step: Duplicate Elimination (Datalog)
21:07:59 [INFO] Trie does not contain any elements
21:07:59 [INFO] Rule duration: 0 ms
21:07:59 [INFO] <<< STEP 65: APPLYING RULE 49 R_40(?X_1) :- HeavyWindAffectedState(?X_1, ?_BODY_1, ?_BODY_2), R_31(?Y_1, ?X_1, ?_BODY_3), TempConstantOver24AtLeastFor1(?X_1, ?_BODY_4, ?_BODY_5), R_34(?X_1, ?_BODY_6, ?_BODY_7, ?_BODY_8, ?_BODY_9, ?_BODY_10), LocatedInState(?_BODY_11, ?X_1, ?Y_1, ?_BODY_12), R_16(?X_1, ?_BODY_13), Equal(?_BODY_1, ?X_1), Equal(?_BODY_2, c_22), Equal(?_BODY_3, c_22), Equal(?_BODY_4, ?X_1), Equal(?_BODY_5, ?X_1), Equal(?_BODY_6, ?X_1), Equal(?_BODY_7, ?X_1), Equal(?_BODY_8, 15959886497864776121), Equal(?_BODY_9, ?X_1), Equal(?_BODY_10, ?X_1), Equal(?_BODY_11, c_22), Equal(?_BODY_12, ?X_1), Equal(?_BODY_13, c_22) >>>
21:07:59 [INFO] Execution step: Project/Reorder
21:07:59 [INFO] Saved temporary table: 2 entries (21000)
21:07:59 [INFO] Execution step: Project/Reorder
21:07:59 [INFO] Saved temporary table: 1 entries (13768)
21:07:59 [INFO] Execution step: Project/Reorder
21:07:59 [INFO] Trie does not contain any elements
21:07:59 [INFO] Execution step: Body
21:07:59 [INFO] Trie does not contain any elements
21:07:59 [INFO] Execution step: Duplicate Elimination (Datalog)
21:07:59 [INFO] Trie does not contain any elements
21:07:59 [INFO] Rule duration: 0 ms
21:07:59 [INFO] <<< STEP 66: APPLYING RULE 55 R_41("0"^^<http://www.w3.org/2001/XMLSchema#double>) :- R_33(?_BODY_1, ?_BODY_2, ?Y_1, ?_BODY_3, ?_BODY_4, ?_BODY_5), R_39(?Y_1, ?Z_1, ?_BODY_6, ?_BODY_7, ?_BODY_8), R_37(?Y_1, ?Z_3, ?_BODY_9, ?_BODY_10, ?_BODY_11, ?Z_6), R_5(?Y_1), R_40(?_BODY_12), R_42(?Y_1, ?_BODY_13, ?_BODY_14, ?_BODY_15, ?_BODY_16, ?_BODY_17), Equal(?_BODY_1, "113.4"^^<http://www.w3.org/2001/XMLSchema#double>), Equal(?_BODY_2, "0"^^<http://www.w3.org/2001/XMLSchema#double>), Equal(?_BODY_3, ?Y_1), Equal(?_BODY_4, "0"^^<http://www.w3.org/2001/XMLSchema#double>), Equal(?_BODY_5, ?Y_1), Equal(?_BODY_6, ?Y_1), Equal(?_BODY_7, ?Y_1), Equal(?_BODY_8, ?Y_1), Equal(?_BODY_9, ?Y_1), Equal(?_BODY_10, ?Y_1), Equal(?_BODY_11, ?Y_1), Equal(?_BODY_12, "115.2"^^<http://www.w3.org/2001/XMLSchema#double>), Equal(?_BODY_13, ?Y_1), Equal(?_BODY_14, ?Y_1), Equal(?_BODY_15, "118"^^<http://www.w3.org/2001/XMLSchema#double>), Equal(?_BODY_16, ?Y_1), Equal(?_BODY_17, ?Y_1) >>>
21:07:59 [INFO] Loading source SimpleTable { arity: 5, data: [AnyDataValue(UnsignedLong(UnsignedLongDataValue(15355648898703377797))), AnyDataValue(UnsignedLong(UnsignedLongDataValue(15959886497864776121))), AnyDataValue(PlainString(StringDataValue("str_2"))), AnyDataValue(PlainString(StringDataValue("StationA"))), AnyDataValue(UnsignedLong(UnsignedLongDataValue(15959886497864776121))), AnyDataValue(Iri(IriDataValue("c_5"))), AnyDataValue(PlainString(StringDataValue("str_4"))), AnyDataValue(Iri(IriDataValue("c_13"))), AnyDataValue(PlainString(StringDataValue("str_5"))), AnyDataValue(Iri(IriDataValue("c_9"))), AnyDataValue(PlainString(StringDataValue("str_6"))), AnyDataValue(Iri(IriDataValue("c_14"))), AnyDataValue(Iri(IriDataValue("c_15"))), AnyDataValue(UnsignedLong(UnsignedLongDataValue(639081605653985529))), AnyDataValue(PlainString(StringDataValue("StationA"))), AnyDataValue(Iri(IriDataValue("c_15"))), AnyDataValue(UnsignedLong(UnsignedLongDataValue(9598715994651381207))), AnyDataValue(Iri(IriDataValue("c_2"))), AnyDataValue(UnsignedLong(UnsignedLongDataValue(10272368339713397144))), AnyDataValue(Iri(IriDataValue("c_21"))), AnyDataValue(UnsignedLong(UnsignedLongDataValue(9227249496654052887))), AnyDataValue(Iri(IriDataValue("c_4"))), AnyDataValue(UnsignedLong(UnsignedLongDataValue(2667265496601231860))), AnyDataValue(Iri(IriDataValue("c_22"))), AnyDataValue(Iri(IriDataValue("c_14")))] }
21:07:59 [INFO] Loading source SimpleTable { arity: 1, data: [AnyDataValue(PlainString(StringDataValue("str_2"))), AnyDataValue(Iri(IriDataValue("c_17"))), AnyDataValue(Iri(IriDataValue("c_28")))] }
21:07:59 [INFO] Execution step: Project/Reorder
21:07:59 [INFO] Saved temporary table: 3 entries (3460)
21:07:59 [INFO] Execution step: Project/Reorder
21:07:59 [INFO] Trie does not contain any elements
21:07:59 [INFO] Execution step: Body
21:07:59 [INFO] Trie does not contain any elements
21:07:59 [INFO] Execution step: Duplicate Elimination (Datalog)
21:07:59 [INFO] Trie does not contain any elements
21:07:59 [INFO] Rule duration: 0 ms
21:07:59 [INFO] <<< STEP 67: APPLYING RULE 59 R_39(?X_3, ?X_2, ?X_1, ?X_2, ?Z_4) :- TempAbove41(?X_3, ?X_2, ?X_1), TempAbove41(?X_2, ?Z_4, ?X_1), R_28(?Z_4, ?_BODY_1, ?X_2, ?X_1), R_41(?X_1), R_19(?X_3, ?X_2), Equal(?_BODY_1, "StationA") >>>
21:07:59 [INFO] Execution step: Project/Reorder
21:07:59 [INFO] Saved temporary table: 4 entries (6988)
21:07:59 [INFO] Execution step: Body
21:07:59 [INFO] Trie does not contain any elements
21:07:59 [INFO] Execution step: Duplicate Elimination (Datalog)
21:07:59 [INFO] Trie does not contain any elements
21:07:59 [INFO] Rule duration: 0 ms
21:07:59 [INFO] <<< STEP 68: APPLYING RULE 56 R_OUT(?X_4, ?X_6, ?X_2_new_1, "215"^^<http://www.w3.org/2001/XMLSchema#double>, ?X_2, ?X_1) :- HeavyWind(?X_4, ?X_6, ?X_2), HeavyWind(?_BODY_1, ?X_2_new_1, ?X_1), R_41(?_BODY_2), Equal(?_BODY_1, "215"^^<http://www.w3.org/2001/XMLSchema#double>), Equal(?_BODY_2, "StationA") >>>
21:07:59 [INFO] Execution step: Project/Reorder
21:07:59 [INFO] Saved temporary table: 3 entries (3460)
21:07:59 [INFO] Execution step: Body
21:07:59 [INFO] Trie does not contain any elements
21:07:59 [INFO] Execution step: Duplicate Elimination (Datalog)
21:07:59 [INFO] Trie does not contain any elements
21:07:59 [INFO] Rule duration: 0 ms
21:07:59 [INFO] Execution step: Combining Tables
21:07:59 [INFO] Saved permanent table R_OUT (0-1) Permutation { idx_to_val: [], val_to_idx: [] } with 3 entries (21244)
21:07:59 [INFO] ----------------------------------------------
21:07:59 [INFO]  Finished Nemo Execution - Transformed Program
21:07:59 [INFO] Output size: 3
21:07:59 [INFO] ----------------------------------------------
21:07:59 [INFO] 
21:07:59 [INFO] ----------------------------------------------
21:07:59 [INFO] ------------ Asserting Oracle EXP ------------
21:07:59 [INFO] ----------------------------------------------
21:07:59 [INFO] All good, output is expanding
21:07:59 [INFO] old_dir "/home/leo_repp/masterthesis/nemo/nemo-metamorphic-testing/benchmark_500k_r"
