21:07:59 [INFO] ----------------------------------------------
21:07:59 [INFO] Beginning transformation mtf_EXP_5500029
                Oracle:     EXP          Number of T: 38
                Debug Mode: false          u64 Seed:    5500029
                Number of generating transformations: 40
                Internal Seed:          [14, 81, 122, 17, 46, 70, 2, 24, 196, 239, 127, 48, 121, 60, 49, 217, 57, 179, 133, 182, 89, 209, 225, 207, 143, 56, 140, 96, 232, 88, 37, 131]
                Seed File: Currently not supported!
21:07:59 [INFO] ----------------------------------------------
21:07:59 [INFO] -------------- Reading Seed File: ------------
21:07:59 [INFO] "/home/leo_repp/masterthesis/nemo/nemo-metamorphic-testing/examples/owl-el/from-preprocessed-csv/el-calc.rls"
21:07:59 [INFO] Renaming of rules complete
21:07:59 [INFO] --------- Finished Reading Seed file ---------
21:07:59 [INFO] ----------------------------------------------
21:07:59 [INFO] 
21:07:59 [INFO] ----------------------------------------------
21:07:59 [INFO] -------- Beginning Program Generation --------
21:07:59 [INFO] ----------------------------------------------
21:07:59 [INFO] 
21:07:59 [INFO] Removing old export statements
21:07:59 [INFO] Beginning inverse_stratum and ancestry computation starting at node R_OUT
21:07:59 [INFO] Ancestry and Inverse Stratum computation complete.
21:07:59 [INFO] Constructed lite ADG
21:07:59 [INFO] Generating Program...
21:07:59 [INFO] 
21:07:59 [INFO] 1 / 39
21:07:59 [INFO]   I Add Relational Node
21:07:59 [INFO]   Added new relation R_1
21:07:59 [INFO] 2 / 39
21:07:59 [INFO]   I Add Relational Node
21:07:59 [INFO]   Added new relation R_2
21:07:59 [INFO] 3 / 39
21:07:59 [INFO]   I Add Relational Node
21:07:59 [INFO]   Added new relation R_3
21:07:59 [INFO] 4 / 39
21:07:59 [INFO]   I Add Relational Node
21:07:59 [INFO]   Added new relation R_4
21:07:59 [INFO] 5 / 39
21:07:59 [INFO]   I Add Relational Node
21:07:59 [INFO]   Added new relation R_5
21:07:59 [INFO] 6 / 39
21:07:59 [INFO]   I Add Relational Node
21:07:59 [INFO]   Added new relation R_6
21:07:59 [INFO] 7 / 39
21:07:59 [INFO]   I Add Relational Node
21:07:59 [INFO]   Added new relation R_7
21:07:59 [INFO] 8 / 39
21:07:59 [INFO]   I Add Relational Node
21:07:59 [INFO]   Added new relation R_8
21:07:59 [INFO] 9 / 39
21:07:59 [INFO]   I Add Relational Node
21:07:59 [INFO]   Added new relation R_9
21:07:59 [INFO] 10 / 39
21:07:59 [INFO]   I Add Relational Node
21:07:59 [INFO]   Added new relation R_10
21:07:59 [INFO] 11 / 39
21:07:59 [INFO]   I Add Relational Node
21:07:59 [INFO]   Added new relation R_11
21:07:59 [INFO] 12 / 39
21:07:59 [INFO]   I Add Relational Node
21:07:59 [INFO]   Added new relation R_12
21:07:59 [INFO] 13 / 39
21:07:59 [INFO]   I Add Relational Node
21:07:59 [INFO]   Added new relation R_13
21:07:59 [INFO] 14 / 39
21:07:59 [INFO]   I Add Relational Node
21:07:59 [INFO]   Added new relation R_14
21:07:59 [INFO] 15 / 39
21:07:59 [INFO]   I Add Relational Node
21:07:59 [INFO]   Added new relation R_15
21:07:59 [INFO] 16 / 39
21:07:59 [INFO]   I Add Relational Node
21:07:59 [INFO]   Added new relation R_16
21:07:59 [INFO] 17 / 39
21:07:59 [INFO]   I Add Relational Node
21:07:59 [INFO]   Added new relation R_17
21:07:59 [INFO] 18 / 39
21:07:59 [INFO]   I Add Relational Node
21:07:59 [INFO]   Added new relation R_18
21:07:59 [INFO] 19 / 39
21:07:59 [INFO]   I Add Relational Node
21:07:59 [INFO]   Added new relation R_19
21:07:59 [INFO] 20 / 39
21:07:59 [INFO]   I Add Relational Node
21:07:59 [INFO]   Added new relation R_20
21:07:59 [INFO] 21 / 39
21:07:59 [INFO]   I Add Relational Node
21:07:59 [INFO]   Added new relation R_21
21:07:59 [INFO] 22 / 39
21:07:59 [INFO]   I Add Relational Node
21:07:59 [INFO]   Added new relation R_22
21:07:59 [INFO] 23 / 39
21:07:59 [INFO]   I Add Relational Node
21:07:59 [INFO]   Added new relation R_23
21:07:59 [INFO] 24 / 39
21:07:59 [INFO]   I Add Relational Node
21:07:59 [INFO]   Added new relation R_24
21:07:59 [INFO] 25 / 39
21:07:59 [INFO]   I Add Relational Node
21:07:59 [INFO]   Added new relation R_25
21:07:59 [INFO] 26 / 39
21:07:59 [INFO]   I Add Relational Node
21:07:59 [INFO]   Added new relation R_26
21:07:59 [INFO] 27 / 39
21:07:59 [INFO]   I Add Relational Node
21:07:59 [INFO]   Added new relation R_27
21:07:59 [INFO] 28 / 39
21:07:59 [INFO]   I Add Relational Node
21:07:59 [INFO]   Added new relation R_28
21:07:59 [INFO] 29 / 39
21:07:59 [INFO]   I Add Relational Node
21:07:59 [INFO]   Added new relation R_29
21:07:59 [INFO] 30 / 39
21:07:59 [INFO]   I Add Relational Node
21:07:59 [INFO]   Added new relation R_30
21:07:59 [INFO] 31 / 39
21:07:59 [INFO]   I Add Relational Node
21:07:59 [INFO]   Added new relation R_31
21:07:59 [INFO] 32 / 39
21:07:59 [INFO]   I Add Relational Node
21:07:59 [INFO]   Added new relation R_32
21:07:59 [INFO] 33 / 39
21:07:59 [INFO]   I Add Relational Node
21:07:59 [INFO]   Added new relation R_33
21:07:59 [INFO] 34 / 39
21:07:59 [INFO]   I Add Relational Node
21:07:59 [INFO]   Added new relation R_34
21:07:59 [INFO] 35 / 39
21:07:59 [INFO]   I Add Relational Node
21:07:59 [INFO]   Added new relation R_35
21:07:59 [INFO] 36 / 39
21:07:59 [INFO]   I Add Relational Node
21:07:59 [INFO]   Added new relation R_36
21:07:59 [INFO] 37 / 39
21:07:59 [INFO]   I Add Relational Node
21:07:59 [INFO]   Added new relation R_37
21:07:59 [INFO] 38 / 39
21:07:59 [INFO]   I Add Relational Node
21:07:59 [INFO]   Added new relation R_38
21:07:59 [INFO] 39 / 39
21:07:59 [INFO]   I Add Relational Node
21:07:59 [INFO]   Added new relation R_39
21:07:59 [INFO] 
21:07:59 [INFO] Adding a new rule for each relation other than the seed relations
21:07:59 [INFO] 
21:07:59 [INFO] 1 / 40
21:07:59 [INFO]   Generating new single body literal rule for R_OUT
21:07:59 [INFO]   Assigned relation R_OUT the artiy 1
21:07:59 [INFO]   Assigned relation R_10 the artiy 2
21:07:59 [INFO]   Added new rule of name r_GEN_1
21:07:59 [INFO]   R_OUT(?X_1) :- R_10(?X_1, ?X_1) .
21:07:59 [INFO] 2 / 40
21:07:59 [INFO]   Generating new single body literal rule for R_1
21:07:59 [INFO]   Assigned relation R_1 the artiy 5
21:07:59 [INFO]   Assigned relation R_8 the artiy 5
21:07:59 [INFO]   Added new rule of name r_GEN_2
21:07:59 [INFO]   R_1(?X_2, ?X_5, ?X_1, ?X_3, ?X_2) :- R_8(?X_2, ?X_5, ?X_1, ?X_3, ?X_2) .
21:07:59 [INFO] 3 / 40
21:07:59 [INFO]   Generating new single body literal rule for R_2
21:07:59 [INFO]   Assigned relation R_2 the artiy 5
21:07:59 [INFO]   Added new rule of name r_GEN_3
21:07:59 [INFO]   R_2(?X_5, "<http://www.w3.org/2002/07/owl#Nothing>", ?X_2, ?X_1, ?X_4) :- http://rulewerk.semantic-web.org/inferred/init(?X_5), http://rulewerk.semantic-web.org/inferred/init("<http://www.w3.org/2002/07/owl#Nothing>"), http://rulewerk.semantic-web.org/inferred/init(?X_2), http://rulewerk.semantic-web.org/inferred/init(?X_1), http://rulewerk.semantic-web.org/inferred/init(?X_4) .
21:07:59 [INFO] 4 / 40
21:07:59 [INFO]   Generating new single body literal rule for R_3
21:07:59 [INFO]   Assigned relation R_3 the artiy 6
21:07:59 [INFO]   Assigned relation R_22 the artiy 6
21:07:59 [INFO]   Added new rule of name r_GEN_4
21:07:59 [INFO]   R_3(?X_3, "<http://www.w3.org/2002/07/owl#Nothing>", ?X_5, ?X_3, ?X_6, ?X_2) :- R_22(?X_3, "<http://www.w3.org/2002/07/owl#Nothing>", ?X_5, ?X_3, ?X_6, ?X_2) .
21:07:59 [INFO] 5 / 40
21:07:59 [INFO]   Generating new single body literal rule for R_4
21:07:59 [INFO]   Assigned relation R_4 the artiy 1
21:07:59 [INFO]   Assigned relation R_14 the artiy 5
21:07:59 [INFO]   Added new rule of name r_GEN_5
21:07:59 [INFO]   R_4(?X_1) :- R_14(?Y_1, ?X_1, ?X_1, "<http://www.w3.org/2002/07/owl#Nothing>", ?X_1) .
21:07:59 [INFO] 6 / 40
21:07:59 [INFO]   Generating new single body literal rule for R_5
21:07:59 [INFO]   Assigned relation R_5 the artiy 5
21:07:59 [INFO]   Assigned relation R_30 the artiy 6
21:07:59 [INFO]   Added new rule of name r_GEN_6
21:07:59 [INFO]   R_5(?X_5, "<http://www.w3.org/2002/07/owl#Nothing>", ?X_2, ?X_4, ?X_1) :- R_30(?X_5, "<http://www.w3.org/2002/07/owl#Nothing>", ?X_2, ?X_4, ?X_1, "<http://www.w3.org/2002/07/owl#Nothing>") .
21:07:59 [INFO] 7 / 40
21:07:59 [INFO]   Generating new single body literal rule for R_6
21:07:59 [INFO]   Assigned relation R_6 the artiy 6
21:07:59 [INFO]   Assigned relation R_33 the artiy 6
21:07:59 [INFO]   Added new rule of name r_GEN_7
21:07:59 [INFO]   R_6(?X_4, "<http://www.w3.org/2002/07/owl#Nothing>", ?X_1, ?X_5, ?X_2, ?X_3) :- R_33(?X_4, "<http://www.w3.org/2002/07/owl#Nothing>", ?X_1, ?X_5, ?X_2, ?X_3) .
21:07:59 [INFO] 8 / 40
21:07:59 [INFO]   Generating new single body literal rule for R_7
21:07:59 [INFO]   Assigned relation R_7 the artiy 4
21:07:59 [INFO]   Added new rule of name r_GEN_8
21:07:59 [INFO]   R_7("<http://www.w3.org/2002/07/owl#Nothing>", ?X_1, ?X_2, ?X_4) :- http://rulewerk.semantic-web.org/inferred/subClassOf("<http://www.w3.org/2002/07/owl#Nothing>", ?X_1), http://rulewerk.semantic-web.org/inferred/subClassOf(?X_2, ?X_4) .
21:07:59 [INFO] 9 / 40
21:07:59 [INFO]   Generating new single body literal rule for R_8
21:07:59 [INFO]   Added new rule of name r_GEN_9
21:07:59 [INFO]   R_8(?X_5, ?X_5, ?X_2, "<http://www.w3.org/2002/07/owl#Nothing>", ?X_4) :- mainSubClassOf(?X_5, ?X_5), mainSubClassOf(?X_2, "<http://www.w3.org/2002/07/owl#Nothing>"), mainSubClassOf(?X_4, ?X_4) .
21:07:59 [INFO] 10 / 40
21:07:59 [INFO]   Generating new single body literal rule for R_9
21:07:59 [INFO]   Assigned relation R_9 the artiy 3
21:07:59 [INFO]   Added new rule of name r_GEN_10
21:07:59 [INFO]   R_9("<http://www.w3.org/2002/07/owl#Nothing>", ?X_2, ?X_3) :- R_5("<http://www.w3.org/2002/07/owl#Nothing>", ?X_2, "<http://www.w3.org/2002/07/owl#Nothing>", "<http://www.w3.org/2002/07/owl#Nothing>", ?X_3) .
21:07:59 [INFO] 11 / 40
21:07:59 [INFO]   Generating new single body literal rule for R_10
21:07:59 [INFO]   Added new rule of name r_GEN_11
21:07:59 [INFO]   R_10(?X_2, ?X_2) :- R_22(?X_2, ?Y_1, ?X_2, ?X_2, ?Y_1, "<http://www.w3.org/2002/07/owl#Nothing>") .
21:07:59 [INFO] 12 / 40
21:07:59 [INFO]   Generating new single body literal rule for R_11
21:07:59 [INFO]   Assigned relation R_11 the artiy 1
21:07:59 [INFO]   Assigned relation R_36 the artiy 4
21:07:59 [INFO]   Added new rule of name r_GEN_12
21:07:59 [INFO]   R_11("<http://www.w3.org/2002/07/owl#Nothing>") :- R_36("<http://www.w3.org/2002/07/owl#Nothing>", ?Y_1, "<http://www.w3.org/2002/07/owl#Nothing>", ?Y_1) .
21:07:59 [INFO] 13 / 40
21:07:59 [INFO]   Generating new single body literal rule for R_12
21:07:59 [INFO]   Assigned relation R_12 the artiy 4
21:07:59 [INFO]   Added new rule of name r_GEN_13
21:07:59 [INFO]   R_12(?X_1, ?X_4, ?X_2, ?X_3) :- R_2(?X_1, ?X_4, ?X_4, ?X_3, ?X_2) .
21:07:59 [INFO] 14 / 40
21:07:59 [INFO]   Generating new single body literal rule for R_13
21:07:59 [INFO]   Assigned relation R_13 the artiy 6
21:07:59 [INFO]   Assigned relation R_25 the artiy 6
21:07:59 [INFO]   Added new rule of name r_GEN_14
21:07:59 [INFO]   R_13("<http://www.w3.org/2002/07/owl#Nothing>", ?X_3, ?X_1, ?X_4, ?X_2, ?X_6) :- R_25("<http://www.w3.org/2002/07/owl#Nothing>", ?X_3, ?X_1, ?X_4, ?X_2, ?X_6) .
21:07:59 [INFO] 15 / 40
21:07:59 [INFO]   Generating new single body literal rule for R_14
21:07:59 [INFO]   Assigned relation R_28 the artiy 6
21:07:59 [INFO]   Added new rule of name r_GEN_15
21:07:59 [INFO]   R_14(?X_1, ?X_2, "<http://www.w3.org/2002/07/owl#Nothing>", ?X_4, ?X_5) :- R_28(?X_1, ?X_2, "<http://www.w3.org/2002/07/owl#Nothing>", ?X_4, ?X_5, ?X_5) .
21:07:59 [INFO] 16 / 40
21:07:59 [INFO]   Generating new single body literal rule for R_15
21:07:59 [INFO]   Assigned relation R_15 the artiy 1
21:07:59 [INFO]   Assigned relation R_23 the artiy 4
21:07:59 [INFO]   Added new rule of name r_GEN_16
21:07:59 [INFO]   R_15(?X_1) :- R_23("<http://www.w3.org/2002/07/owl#Nothing>", ?X_1, "<http://www.w3.org/2002/07/owl#Nothing>", ?X_1) .
21:07:59 [INFO] 17 / 40
21:07:59 [INFO]   Generating new single body literal rule for R_16
21:07:59 [INFO]   Assigned relation R_16 the artiy 6
21:07:59 [INFO]   Added new rule of name r_GEN_17
21:07:59 [INFO]   R_16(?X_2, ?X_6, ?X_1, ?X_5, ?X_5, ?X_4) :- R_14(?X_2, ?X_6, ?X_6, "<http://www.w3.org/2002/07/owl#Nothing>", ?X_2), R_14(?X_4, ?X_1, "<http://www.w3.org/2002/07/owl#Nothing>", ?X_5, ?X_5) .
21:07:59 [INFO] 18 / 40
21:07:59 [INFO]   Generating new single body literal rule for R_17
21:07:59 [INFO]   Assigned relation R_17 the artiy 5
21:07:59 [INFO]   Assigned relation R_34 the artiy 6
21:07:59 [INFO]   Added new rule of name r_GEN_18
21:07:59 [INFO]   R_17(?X_2, ?X_5, ?X_4, ?X_1, ?X_1) :- R_34(?X_2, "<http://www.w3.org/2002/07/owl#Nothing>", ?X_4, ?X_1, ?X_1, ?X_5) .
21:07:59 [INFO] 19 / 40
21:07:59 [INFO]   Generating new single body literal rule for R_18
21:07:59 [INFO]   Assigned relation R_18 the artiy 4
21:07:59 [INFO]   Assigned relation R_19 the artiy 5
21:07:59 [INFO]   Added new rule of name r_GEN_19
21:07:59 [INFO]   R_18(?X_1, "<http://www.w3.org/2002/07/owl#Nothing>", ?X_4, ?X_3) :- R_19(?X_1, "<http://www.w3.org/2002/07/owl#Nothing>", ?X_4, ?X_3, "<http://www.w3.org/2002/07/owl#Nothing>") .
21:07:59 [INFO] 20 / 40
21:07:59 [INFO]   Generating new single body literal rule for R_19
21:07:59 [INFO]   Added new rule of name r_GEN_20
21:07:59 [INFO]   R_19(?X_1, ?X_1, "<http://www.w3.org/2002/07/owl#Nothing>", ?X_3, ?X_4) :- R_2(?X_1, ?X_1, "<http://www.w3.org/2002/07/owl#Nothing>", ?X_3, ?X_4) .
21:07:59 [INFO] 21 / 40
21:07:59 [INFO]   Generating new single body literal rule for R_20
21:07:59 [INFO]   Assigned relation R_20 the artiy 4
21:07:59 [INFO]   Added new rule of name r_GEN_21
21:07:59 [INFO]   R_20(?X_1, ?X_2, "<http://www.w3.org/2002/07/owl#Nothing>", ?X_1) :- R_10(?X_1, ?X_2), R_10("<http://www.w3.org/2002/07/owl#Nothing>", ?X_1) .
21:07:59 [INFO] 22 / 40
21:07:59 [INFO]   Generating new single body literal rule for R_21
21:07:59 [INFO]   Assigned relation R_21 the artiy 6
21:07:59 [INFO]   Assigned relation R_31 the artiy 6
21:07:59 [INFO]   Added new rule of name r_GEN_22
21:07:59 [INFO]   R_21(?X_2, ?X_6, ?X_3, ?X_5, "<http://www.w3.org/2002/07/owl#Nothing>", ?X_6) :- R_31(?X_2, ?X_6, ?X_3, ?X_5, "<http://www.w3.org/2002/07/owl#Nothing>", ?X_6) .
21:07:59 [INFO] 23 / 40
21:07:59 [INFO]   Generating new single body literal rule for R_22
21:07:59 [INFO]   Added new rule of name r_GEN_23
21:07:59 [INFO]   R_22(?X_5, ?X_4, ?X_2, "<http://www.w3.org/2002/07/owl#Nothing>", ?X_4, ?X_1) :- R_2(?X_5, ?X_4, ?X_2, ?X_2, ?X_4), R_2(?X_4, "<http://www.w3.org/2002/07/owl#Nothing>", "<http://www.w3.org/2002/07/owl#Nothing>", ?X_1, "<http://www.w3.org/2002/07/owl#Nothing>") .
21:07:59 [INFO] 24 / 40
21:07:59 [INFO]   Generating new single body literal rule for R_23
21:07:59 [INFO]   Added new rule of name r_GEN_24
21:07:59 [INFO]   R_23(?X_4, "<http://www.w3.org/2002/07/owl#Nothing>", ?X_2, ?X_4) :- R_33(?X_4, "<http://www.w3.org/2002/07/owl#Nothing>", ?X_2, ?X_4, ?Y_1, ?X_4) .
21:07:59 [INFO] 25 / 40
21:07:59 [INFO]   Generating new single body literal rule for R_24
21:07:59 [INFO]   Assigned relation R_24 the artiy 4
21:07:59 [INFO]   Added new rule of name r_GEN_25
21:07:59 [INFO]   R_24("<http://www.w3.org/2002/07/owl#Nothing>", ?X_2, ?X_1, ?X_3) :- R_3("<http://www.w3.org/2002/07/owl#Nothing>", ?X_2, ?X_1, "<http://www.w3.org/2002/07/owl#Nothing>", "<http://www.w3.org/2002/07/owl#Nothing>", ?X_3) .
21:07:59 [INFO] 26 / 40
21:07:59 [INFO]   Generating new single body literal rule for R_25
21:07:59 [INFO]   Added new rule of name r_GEN_26
21:07:59 [INFO]   R_25(?X_3, "<http://www.w3.org/2002/07/owl#Nothing>", ?X_1, ?X_4, ?X_5, ?X_6) :- R_3(?X_3, "<http://www.w3.org/2002/07/owl#Nothing>", ?X_1, ?X_4, ?X_5, ?X_6) .
21:07:59 [INFO] 27 / 40
21:07:59 [INFO]   Generating new single body literal rule for R_26
21:07:59 [INFO]   Assigned relation R_26 the artiy 4
21:07:59 [INFO]   Added new rule of name r_GEN_27
21:07:59 [INFO]   R_26(?X_3, ?X_1, ?X_4, ?X_1) :- http://rulewerk.semantic-web.org/normalForm/isSubClass(?X_3), http://rulewerk.semantic-web.org/normalForm/isSubClass(?X_1), http://rulewerk.semantic-web.org/normalForm/isSubClass(?X_4), http://rulewerk.semantic-web.org/normalForm/isSubClass(?X_1) .
21:07:59 [INFO] 28 / 40
21:07:59 [INFO]   Generating new single body literal rule for R_27
21:07:59 [INFO]   Assigned relation R_27 the artiy 2
21:07:59 [INFO]   Added new rule of name r_GEN_28
21:07:59 [INFO]   R_27(?X_2, ?X_1) :- R_26(?Y_1, ?Y_1, ?X_2, ?X_1) .
21:07:59 [INFO] 29 / 40
21:07:59 [INFO]   Generating new single body literal rule for R_28
21:07:59 [INFO]   Added new rule of name r_GEN_29
21:07:59 [INFO]   R_28(?X_4, "<http://www.w3.org/2002/07/owl#Nothing>", ?X_3, ?X_1, ?X_5, ?X_2) :- R_6(?X_4, "<http://www.w3.org/2002/07/owl#Nothing>", ?X_3, ?X_1, ?X_5, ?X_2) .
21:07:59 [INFO] 30 / 40
21:07:59 [INFO]   Generating new single body literal rule for R_29
21:07:59 [INFO]   Assigned relation R_29 the artiy 2
21:07:59 [INFO]   Added new rule of name r_GEN_30
21:07:59 [INFO]   R_29(?X_1, "<http://www.w3.org/2002/07/owl#Nothing>") :- R_17("<http://www.w3.org/2002/07/owl#Nothing>", ?X_1, ?X_1, ?X_1, "<http://www.w3.org/2002/07/owl#Nothing>") .
21:07:59 [INFO] 31 / 40
21:07:59 [INFO]   Generating new single body literal rule for R_30
21:07:59 [INFO]   Added new rule of name r_GEN_31
21:07:59 [INFO]   R_30(?X_4, ?X_1, ?X_5, ?X_3, ?X_4, ?X_2) :- http://rulewerk.semantic-web.org/normalForm/subPropChain(?X_4, ?X_1, ?X_5), http://rulewerk.semantic-web.org/normalForm/subPropChain(?X_3, ?X_4, ?X_2) .
21:07:59 [INFO] 32 / 40
21:07:59 [INFO]   Generating new single body literal rule for R_31
21:07:59 [INFO]   Added new rule of name r_GEN_32
21:07:59 [INFO]   R_31(?X_1, ?X_1, "<http://www.w3.org/2002/07/owl#Nothing>", ?X_3, ?X_5, ?X_2) :- R_21(?X_1, ?X_1, "<http://www.w3.org/2002/07/owl#Nothing>", ?X_3, ?X_5, ?X_2) .
21:07:59 [INFO] 33 / 40
21:07:59 [INFO]   Generating new single body literal rule for R_32
21:07:59 [INFO]   Assigned relation R_32 the artiy 3
21:07:59 [INFO]   Added new rule of name r_GEN_33
21:07:59 [INFO]   R_32("<http://www.w3.org/2002/07/owl#Nothing>", ?X_1, ?X_1) :- R_6("<http://www.w3.org/2002/07/owl#Nothing>", "<http://www.w3.org/2002/07/owl#Nothing>", ?X_1, "<http://www.w3.org/2002/07/owl#Nothing>", "<http://www.w3.org/2002/07/owl#Nothing>", ?X_1) .
21:07:59 [INFO] 34 / 40
21:07:59 [INFO]   Generating new single body literal rule for R_33
21:07:59 [INFO]   Assigned relation R_37 the artiy 6
21:07:59 [INFO]   Added new rule of name r_GEN_34
21:07:59 [INFO]   R_33(?X_4, ?X_5, ?X_2, ?X_3, ?X_6, "<http://www.w3.org/2002/07/owl#Nothing>") :- R_37(?X_4, ?X_5, ?X_2, ?X_3, ?X_6, "<http://www.w3.org/2002/07/owl#Nothing>") .
21:07:59 [INFO] 35 / 40
21:07:59 [INFO]   Generating new single body literal rule for R_34
21:07:59 [INFO]   Added new rule of name r_GEN_35
21:07:59 [INFO]   R_34(?X_5, ?X_4, ?X_2, "<http://www.w3.org/2002/07/owl#Nothing>", ?X_6, ?X_2) :- R_15(?X_5), R_15(?X_4), R_15(?X_2), R_15("<http://www.w3.org/2002/07/owl#Nothing>"), R_15(?X_6), R_15(?X_2) .
21:07:59 [INFO] 36 / 40
21:07:59 [INFO]   Generating new single body literal rule for R_35
21:07:59 [INFO]   Assigned relation R_35 the artiy 1
21:07:59 [INFO]   Added new rule of name r_GEN_36
21:07:59 [INFO]   R_35(?X_1) :- R_16(?Y_1, ?Y_1, ?X_1, ?Y_1, ?Y_1, "<http://www.w3.org/2002/07/owl#Nothing>") .
21:07:59 [INFO] 37 / 40
21:07:59 [INFO]   Generating new single body literal rule for R_36
21:07:59 [INFO]   Assigned relation R_38 the artiy 6
21:07:59 [INFO]   Added new rule of name r_GEN_37
21:07:59 [INFO]   R_36(?X_2, ?X_1, "<http://www.w3.org/2002/07/owl#Nothing>", ?X_4) :- R_38(?X_2, ?X_1, "<http://www.w3.org/2002/07/owl#Nothing>", ?X_4, "<http://www.w3.org/2002/07/owl#Nothing>", ?X_1) .
21:07:59 [INFO] 38 / 40
21:07:59 [INFO]   Generating new single body literal rule for R_37
21:07:59 [INFO]   Added new rule of name r_GEN_38
21:07:59 [INFO]   R_37(?X_4, ?X_1, ?X_3, ?X_5, "<http://www.w3.org/2002/07/owl#Nothing>", ?X_3) :- R_26("<http://www.w3.org/2002/07/owl#Nothing>", ?X_1, ?X_3, ?X_5), R_26(?Y_1, ?X_3, "<http://www.w3.org/2002/07/owl#Nothing>", ?X_4) .
21:07:59 [INFO] 39 / 40
21:07:59 [INFO]   Generating new single body literal rule for R_38
21:07:59 [INFO]   Added new rule of name r_GEN_39
21:07:59 [INFO]   R_38(?X_2, ?X_1, ?X_5, ?X_6, ?X_3, ?X_3) :- http://rulewerk.semantic-web.org/normalForm/subProp(?X_2, ?X_1), http://rulewerk.semantic-web.org/normalForm/subProp(?X_5, ?X_6), http://rulewerk.semantic-web.org/normalForm/subProp(?X_3, ?X_3) .
21:07:59 [INFO] 40 / 40
21:07:59 [INFO]   Generating new single body literal rule for R_39
21:07:59 [INFO]   Assigned relation R_39 the artiy 3
21:07:59 [INFO]   Added new rule of name r_GEN_40
21:07:59 [INFO]   R_39(?X_2, ?X_3, "<http://www.w3.org/2002/07/owl#Nothing>") :- http://rulewerk.semantic-web.org/normalForm/conj(?X_2, ?X_3, "<http://www.w3.org/2002/07/owl#Nothing>") .
21:07:59 [INFO] 
21:07:59 [INFO] Adding a outgoing relational edge for each relation other than R_OUT
21:07:59 [INFO] 
21:07:59 [INFO] 1 / 50
21:07:59 [INFO]   Adding outgoing relational edge from http://rulewerk.semantic-web.org/inferred/ex for r_GEN_16
21:07:59 [INFO]   Generated literal http://rulewerk.semantic-web.org/inferred/ex("<http://www.w3.org/2002/07/owl#Nothing>", ?X_1, ?X_1) for rule r_GEN_16
21:07:59 [INFO] 2 / 50
21:07:59 [INFO]   Adding outgoing relational edge from http://rulewerk.semantic-web.org/inferred/init for r_GEN_5
21:07:59 [INFO]   Generated literal ~http://rulewerk.semantic-web.org/inferred/init("<http://www.w3.org/2002/07/owl#Nothing>") for rule r_GEN_5
21:07:59 [INFO] 3 / 50
21:07:59 [INFO]   Adding outgoing relational edge from http://rulewerk.semantic-web.org/inferred/subClassOf for r_GEN_19
21:07:59 [INFO]   Generated literal ~http://rulewerk.semantic-web.org/inferred/subClassOf(?X_3, "<http://www.w3.org/2002/07/owl#Nothing>") for rule r_GEN_19
21:07:59 [INFO] 4 / 50
21:07:59 [INFO]   Adding outgoing relational edge from http://rulewerk.semantic-web.org/normalForm/conj for r_GEN_34
21:07:59 [INFO]   Generated literal http://rulewerk.semantic-web.org/normalForm/conj(?X_3, ?X_5, ?X_6) for rule r_GEN_34
21:07:59 [INFO] 5 / 50
21:07:59 [INFO]   Adding outgoing relational edge from http://rulewerk.semantic-web.org/normalForm/exists for r_GEN_29
21:07:59 [INFO]   Generated literal ~http://rulewerk.semantic-web.org/normalForm/exists(?X_2, "<http://www.w3.org/2002/07/owl#Nothing>", ?X_1) for rule r_GEN_29
21:07:59 [INFO] 6 / 50
21:07:59 [INFO]   Adding outgoing relational edge from http://rulewerk.semantic-web.org/normalForm/isMainClass for r_GEN_20
21:07:59 [INFO]   Generated literal http://rulewerk.semantic-web.org/normalForm/isMainClass(?X_4) for rule r_GEN_20
21:07:59 [INFO] 7 / 50
21:07:59 [INFO]   Adding outgoing relational edge from http://rulewerk.semantic-web.org/normalForm/isSubClass for r_GEN_2
21:07:59 [INFO]   Generated literal http://rulewerk.semantic-web.org/normalForm/isSubClass(?X_5) for rule r_GEN_2
21:07:59 [INFO] 8 / 50
21:07:59 [INFO]   Adding outgoing relational edge from http://rulewerk.semantic-web.org/normalForm/subClassOf for r_GEN_26
21:07:59 [INFO]   Generated literal http://rulewerk.semantic-web.org/normalForm/subClassOf(?Z_1, ?Z_3) for rule r_GEN_26
21:07:59 [INFO] 9 / 50
21:07:59 [INFO]   Adding outgoing relational edge from http://rulewerk.semantic-web.org/normalForm/subProp for r_GEN_3
21:07:59 [INFO]   Generated literal http://rulewerk.semantic-web.org/normalForm/subProp(?X_2, ?Z_3) for rule r_GEN_3
21:07:59 [INFO] 10 / 50
21:07:59 [INFO]   Adding outgoing relational edge from http://rulewerk.semantic-web.org/normalForm/subPropChain for r_GEN_15
21:07:59 [INFO]   Generated literal http://rulewerk.semantic-web.org/normalForm/subPropChain(?X_4, ?X_5, ?X_4) for rule r_GEN_15
21:07:59 [INFO] 11 / 50
21:07:59 [INFO]   Adding outgoing relational edge from mainSubClassOf for r_GEN_13
21:07:59 [INFO]   Generated literal mainSubClassOf(?X_1, ?X_3) for rule r_GEN_13
21:07:59 [INFO] 12 / 50
21:07:59 [INFO]   Adding outgoing relational edge from R_1 for r_GEN_18
21:07:59 [INFO]   Generated literal R_1(?X_1, ?X_4, ?X_1, ?Z_1, ?X_2) for rule r_GEN_18
21:07:59 [INFO] 13 / 50
21:07:59 [INFO]   Adding outgoing relational edge from R_2 for r_GEN_15
21:07:59 [INFO]   Generated literal R_2(?X_2, ?X_4, ?X_4, ?X_1, ?X_5) for rule r_GEN_15
21:07:59 [INFO] 14 / 50
21:07:59 [INFO]   Adding outgoing relational edge from R_3 for r_GEN_13
21:07:59 [INFO]   Generated literal R_3(?Z_2, ?X_1, ?X_4, ?X_4, ?X_2, ?X_2) for rule r_GEN_13
21:07:59 [INFO] 15 / 50
21:07:59 [INFO]   Adding outgoing relational edge from R_4 for r_GEN_28
21:07:59 [INFO]   Generated literal R_4(?Y_1) for rule r_GEN_28
21:07:59 [INFO] 16 / 50
21:07:59 [INFO]   Adding outgoing relational edge from R_5 for r_GEN_28
21:07:59 [INFO]   Generated literal ~R_5(?X_1, "<http://www.w3.org/2002/07/owl#Nothing>", ?Y_1, ?X_1, ?X_1) for rule r_GEN_28
21:07:59 [INFO] 17 / 50
21:07:59 [INFO]   Adding outgoing relational edge from R_6 for r_GEN_24
21:07:59 [INFO]   Generated literal ~R_6(?X_4, ?X_4, ?X_2, ?X_2, ?Y_1, ?X_4) for rule r_GEN_24
21:07:59 [INFO] 18 / 50
21:07:59 [INFO]   Adding outgoing relational edge from R_7 for r_GEN_24
21:07:59 [INFO]   Generated literal R_7(?X_2, ?X_4, ?X_4, ?X_2) for rule r_GEN_24
21:07:59 [INFO] 19 / 50
21:07:59 [INFO]   Adding outgoing relational edge from R_8 for r_GEN_14
21:07:59 [INFO]   Generated literal R_8(?X_4, ?X_2, "<http://www.w3.org/2002/07/owl#Nothing>", ?Z_2, ?X_4) for rule r_GEN_14
21:07:59 [INFO] 20 / 50
21:07:59 [INFO]   Adding outgoing relational edge from R_9 for r_GEN_3
21:07:59 [INFO]   Generated literal R_9(?X_5, ?X_1, ?X_1) for rule r_GEN_3
21:07:59 [INFO] 21 / 50
21:07:59 [INFO]   Adding outgoing relational edge from R_10 for r_GEN_19
21:07:59 [INFO]   Generated literal R_10("<http://www.w3.org/2002/07/owl#Nothing>", ?X_1) for rule r_GEN_19
21:07:59 [INFO] 22 / 50
21:07:59 [INFO]   Adding outgoing relational edge from R_11 for r_GEN_33
21:07:59 [INFO]   Generated literal ~R_11(?X_1) for rule r_GEN_33
21:07:59 [INFO] 23 / 50
21:07:59 [INFO]   Adding outgoing relational edge from R_12 for r_GEN_21
21:07:59 [INFO]   Generated literal ~R_12(?X_1, ?X_1, ?X_1, ?X_1) for rule r_GEN_21
21:07:59 [INFO] 24 / 50
21:07:59 [INFO]   Adding outgoing relational edge from R_13 for r_GEN_26
21:07:59 [INFO]   Generated literal R_13(?Z_4, ?X_1, ?X_5, ?X_3, ?X_3, ?X_1) for rule r_GEN_26
21:07:59 [INFO] 25 / 50
21:07:59 [INFO]   Adding outgoing relational edge from R_14 for r_GEN_37
21:07:59 [INFO]   Generated literal ~R_14(?X_1, ?X_4, ?X_1, ?X_1, ?X_4) for rule r_GEN_37
21:07:59 [INFO] 26 / 50
21:07:59 [INFO]   Adding outgoing relational edge from R_15 for r_GEN_26
21:07:59 [INFO]   Generated literal R_15(?X_3) for rule r_GEN_26
21:07:59 [INFO] 27 / 50
21:07:59 [INFO]   Adding outgoing relational edge from R_16 for r_GEN_11
21:07:59 [INFO]   Generated literal ~R_16(?X_2, ?X_2, ?X_2, "<http://www.w3.org/2002/07/owl#Nothing>", ?Y_1, ?Y_1) for rule r_GEN_11
21:07:59 [INFO] 28 / 50
21:07:59 [INFO]   Adding outgoing relational edge from R_17 for r_GEN_2
21:07:59 [INFO]   Generated literal R_17(?X_1, ?Z_2, ?Z_4, ?X_1, ?Z_3) for rule r_GEN_2
21:07:59 [INFO] 29 / 50
21:07:59 [INFO]   Adding outgoing relational edge from R_18 for r_GEN_40
21:07:59 [INFO]   Generated literal R_18(?Z_1, ?X_2, ?Z_2, ?X_3) for rule r_GEN_40
21:07:59 [INFO] 30 / 50
21:07:59 [INFO]   Adding outgoing relational edge from R_19 for r_GEN_25
21:07:59 [INFO]   Generated literal R_19("<http://www.w3.org/2002/07/owl#Nothing>", ?Z_2, ?X_3, ?X_1, ?Z_1) for rule r_GEN_25
21:07:59 [INFO] 31 / 50
21:07:59 [INFO]   Adding outgoing relational edge from R_20 for r_GEN_26
21:07:59 [INFO]   Generated literal R_20(?Z_5, ?Z_8, ?Z_10, ?Z_7) for rule r_GEN_26
21:07:59 [INFO] 32 / 50
21:07:59 [INFO]   Adding outgoing relational edge from R_21 for r_GEN_20
21:07:59 [INFO]   Generated literal R_21(?X_3, ?Z_2, ?Z_3, ?X_4, ?Z_1, ?X_1) for rule r_GEN_20
21:07:59 [INFO] 33 / 50
21:07:59 [INFO]   Adding outgoing relational edge from R_22 for r_GEN_8
21:07:59 [INFO]   Generated literal ~R_22(?X_4, ?X_2, ?X_1, "<http://www.w3.org/2002/07/owl#Nothing>", ?X_2, ?X_4) for rule r_GEN_8
21:07:59 [INFO] 34 / 50
21:07:59 [INFO]   Adding outgoing relational edge from R_23 for r_GEN_12
21:07:59 [INFO]   Generated literal R_23("<http://www.w3.org/2002/07/owl#Nothing>", ?Y_1, ?Y_1, ?Z_1) for rule r_GEN_12
21:07:59 [INFO] 35 / 50
21:07:59 [INFO]   Adding outgoing relational edge from R_24 for r_GEN_31
21:07:59 [INFO]   Generated literal R_24(?X_5, ?X_4, ?Z_3, ?X_3) for rule r_GEN_31
21:07:59 [INFO] 36 / 50
21:07:59 [INFO]   Adding outgoing relational edge from R_25 for r_GEN_2
21:07:59 [INFO]   Generated literal ~R_25(?X_3, ?X_5, ?Z_3, ?X_2, "<http://www.w3.org/2002/07/owl#Nothing>", ?X_2) for rule r_GEN_2
21:07:59 [INFO] 37 / 50
21:07:59 [INFO]   Adding outgoing relational edge from R_26 for r_GEN_16
21:07:59 [INFO]   Generated literal ~R_26(?X_1, ?X_1, ?X_1, ?X_1) for rule r_GEN_16
21:07:59 [INFO] 38 / 50
21:07:59 [INFO]   Adding outgoing relational edge from R_27 for r_GEN_8
21:07:59 [INFO]   Generated literal R_27(?X_2, ?X_4) for rule r_GEN_8
21:07:59 [INFO] 39 / 50
21:07:59 [INFO]   Adding outgoing relational edge from R_28 for r_GEN_40
21:07:59 [INFO]   Generated literal R_28(?X_2, ?X_3, ?X_3, ?Z_4, ?Z_3, ?X_2) for rule r_GEN_40
21:07:59 [INFO] 40 / 50
21:07:59 [INFO]   Adding outgoing relational edge from R_29 for r_GEN_19
21:07:59 [INFO]   Generated literal R_29(?Z_1, ?X_3) for rule r_GEN_19
21:07:59 [INFO] 41 / 50
21:07:59 [INFO]   Adding outgoing relational edge from R_30 for r_GEN_12
21:07:59 [INFO]   Generated literal R_30(?Z_3, ?Y_1, ?Z_1, "<http://www.w3.org/2002/07/owl#Nothing>", ?Y_1, ?Z_2) for rule r_GEN_12
21:07:59 [INFO] 42 / 50
21:07:59 [INFO]   Adding outgoing relational edge from R_31 for r_GEN_33
21:07:59 [INFO]   Generated literal R_31(?X_1, ?Z_1, ?X_1, ?X_1, ?X_1, ?X_1) for rule r_GEN_33
21:07:59 [INFO] 43 / 50
21:07:59 [INFO]   Adding outgoing relational edge from R_32 for r_GEN_33
21:07:59 [INFO]   Generated literal R_32(?X_1, ?Z_3, ?X_1) for rule r_GEN_33
21:07:59 [INFO] 44 / 50
21:07:59 [INFO]   Adding outgoing relational edge from R_33 for r_GEN_37
21:07:59 [INFO]   Generated literal R_33(?X_4, ?X_1, ?X_1, ?X_1, ?X_2, ?X_1) for rule r_GEN_37
21:07:59 [INFO] 45 / 50
21:07:59 [INFO]   Adding outgoing relational edge from R_34 for r_GEN_39
21:07:59 [INFO]   Generated literal ~R_34(?X_3, ?X_5, "<http://www.w3.org/2002/07/owl#Nothing>", ?X_6, ?X_1, ?X_3) for rule r_GEN_39
21:07:59 [INFO] 46 / 50
21:07:59 [INFO]   Adding outgoing relational edge from R_35 for r_GEN_37
21:07:59 [INFO]   Generated literal ~R_35(?X_1) for rule r_GEN_37
21:07:59 [INFO] 47 / 50
21:07:59 [INFO]   Adding outgoing relational edge from R_36 for r_GEN_39
21:07:59 [INFO]   Generated literal R_36(?X_5, ?Z_2, ?X_3, ?X_1) for rule r_GEN_39
21:07:59 [INFO] 48 / 50
21:07:59 [INFO]   Adding outgoing relational edge from R_37 for r_GEN_39
21:07:59 [INFO]   Generated literal ~R_37(?X_1, ?X_3, ?X_6, ?X_3, ?X_5, ?X_3) for rule r_GEN_39
21:07:59 [INFO] 49 / 50
21:07:59 [INFO]   Adding outgoing relational edge from R_38 for r_GEN_12
21:07:59 [INFO]   Generated literal R_38(?Z_3, ?Y_1, ?Y_1, ?Z_1, ?Y_1, ?Z_2) for rule r_GEN_12
21:07:59 [INFO] 50 / 50
21:07:59 [INFO]   Adding outgoing relational edge from R_39 for r_GEN_37
21:07:59 [INFO]   Generated literal ~R_39(?X_1, ?X_1, ?X_1) for rule r_GEN_37
21:07:59 [INFO] 
21:07:59 [INFO] Adding gen. size facts
21:07:59 [INFO] 
21:07:59 [INFO] 1 / 40
21:07:59 [INFO]   II Add Fact Node and Edge
21:07:59 [INFO]   Added new fact R_16("str_1", c_1, c_1, "str_2", "<http://www.w3.org/2002/07/owl#Nothing>", c_2).
21:07:59 [INFO] 2 / 40
21:07:59 [INFO]   II Add Fact Node and Edge
21:07:59 [INFO]   Added new fact R_23("str_2", "<http://www.w3.org/2002/07/owl#Nothing>", "str_3", c_1).
21:07:59 [INFO] 3 / 40
21:07:59 [INFO]   II Add Fact Node and Edge
21:07:59 [INFO]   Added new fact R_36(c_3, c_3, "str_2", c_1).
21:07:59 [INFO] 4 / 40
21:07:59 [INFO]   II Add Fact Node and Edge
21:07:59 [INFO]   Added new fact R_35("<http://www.w3.org/2002/07/owl#Nothing>").
21:07:59 [INFO] 5 / 40
21:07:59 [INFO]   II Add Fact Node and Edge
21:07:59 [INFO]   Added new fact R_29("str_4", "str_2").
21:07:59 [INFO] 6 / 40
21:07:59 [INFO]   II Add Fact Node and Edge
21:07:59 [INFO]   Added new fact R_39("str_4", "str_5", "str_1").
21:07:59 [INFO] 7 / 40
21:07:59 [INFO]   II Add Fact Node and Edge
21:07:59 [INFO]   Added new fact R_15("str_4").
21:07:59 [INFO] 8 / 40
21:07:59 [INFO]   II Add Fact Node and Edge
21:07:59 [INFO]   Added new fact R_23("str_4", "str_5", c_4, 3353059807551676887).
21:07:59 [INFO] 9 / 40
21:07:59 [INFO]   II Add Fact Node and Edge
21:07:59 [INFO]   Added new fact R_32(15789467482462370006, 15789467482462370006, "<http://www.w3.org/2002/07/owl#Nothing>").
21:07:59 [INFO] 10 / 40
21:07:59 [INFO]   II Add Fact Node and Edge
21:07:59 [INFO]   Added new fact R_7("str_6", 15789467482462370006, "str_5", c_5).
21:07:59 [INFO] 11 / 40
21:07:59 [INFO]   II Add Fact Node and Edge
21:07:59 [INFO]   Added new fact R_25("str_7", c_6, "str_4", "str_2", 7039485948334407105, "str_6").
21:07:59 [INFO] 12 / 40
21:07:59 [INFO]   II Add Fact Node and Edge
21:07:59 [INFO]   Added new fact R_39(c_7, "str_8", c_2).
21:07:59 [INFO] 13 / 40
21:07:59 [INFO]   II Add Fact Node and Edge
21:07:59 [INFO]   Added new fact R_27("str_3", c_3).
21:07:59 [INFO] 14 / 40
21:07:59 [INFO]   II Add Fact Node and Edge
21:07:59 [INFO]   Added new fact R_13(2424608534633957655, c_1, c_8, "str_9", c_9, c_8).
21:07:59 [INFO] 15 / 40
21:07:59 [INFO]   II Add Fact Node and Edge
21:07:59 [INFO]   Added new fact R_38("str_2", c_10, "str_3", "str_10", 10147568061029795623, c_3).
21:07:59 [INFO] 16 / 40
21:07:59 [INFO]   II Add Fact Node and Edge
21:07:59 [INFO]   Added new fact R_6("str_11", "str_7", c_10, c_11, "str_7", c_12).
21:07:59 [INFO] 17 / 40
21:07:59 [INFO]   II Add Fact Node and Edge
21:07:59 [INFO]   Added new fact R_23("str_1", c_13, c_2, c_14).
21:07:59 [INFO] 18 / 40
21:07:59 [INFO]   II Add Fact Node and Edge
21:07:59 [INFO]   Added new fact R_17("str_12", "str_7", 17138807838747411693, "str_13", "str_13").
21:07:59 [INFO] 19 / 40
21:07:59 [INFO]   II Add Fact Node and Edge
21:07:59 [INFO]   Added new fact R_39(6059323171600517444, c_6, c_15).
21:07:59 [INFO] 20 / 40
21:07:59 [INFO]   II Add Fact Node and Edge
21:07:59 [INFO]   Added new fact R_18(c_16, c_1, c_17, "str_14").
21:07:59 [INFO] 21 / 40
21:07:59 [INFO]   II Add Fact Node and Edge
21:07:59 [INFO]   Added new fact R_1("str_15", 5458300903895345267, "str_1", 7735798502142248313, c_1).
21:07:59 [INFO] 22 / 40
21:07:59 [INFO]   II Add Fact Node and Edge
21:07:59 [INFO]   Added new fact R_11(c_18).
21:07:59 [INFO] 23 / 40
21:07:59 [INFO]   II Add Fact Node and Edge
21:07:59 [INFO]   Added new fact R_20(c_19, 4579566014699590171, "str_16", 15789467482462370006).
21:07:59 [INFO] 24 / 40
21:07:59 [INFO]   II Add Fact Node and Edge
21:07:59 [INFO]   Added new fact R_8(c_18, 6059323171600517444, "str_15", 7039485948334407105, 17138807838747411693).
21:07:59 [INFO] 25 / 40
21:07:59 [INFO]   II Add Fact Node and Edge
21:07:59 [INFO]   Added new fact R_38("str_8", "str_17", c_17, c_20, c_21, c_7).
21:07:59 [INFO] 26 / 40
21:07:59 [INFO]   II Add Fact Node and Edge
21:07:59 [INFO]   Added new fact R_38(c_22, c_2, c_15, c_5, "str_7", c_6).
21:07:59 [INFO] 27 / 40
21:07:59 [INFO]   II Add Fact Node and Edge
21:07:59 [INFO]   Added new fact R_7(c_23, c_11, c_11, c_1).
21:07:59 [INFO] 28 / 40
21:07:59 [INFO]   II Add Fact Node and Edge
21:07:59 [INFO]   Added new fact R_13(c_12, c_16, 7735798502142248313, "str_9", c_24, "str_18").
21:07:59 [INFO] 29 / 40
21:07:59 [INFO]   II Add Fact Node and Edge
21:07:59 [INFO]   Added new fact R_26(10147568061029795623, 15111043445302490003, c_25, "str_19").
21:07:59 [INFO] 30 / 40
21:07:59 [INFO]   II Add Fact Node and Edge
21:07:59 [INFO]   Added new fact R_17(c_22, "str_18", c_3, 3353059807551676887, c_25).
21:07:59 [INFO] 31 / 40
21:07:59 [INFO]   II Add Fact Node and Edge
21:07:59 [INFO]   Added new fact R_35(c_25).
21:07:59 [INFO] 32 / 40
21:07:59 [INFO]   II Add Fact Node and Edge
21:07:59 [INFO]   Added new fact R_20("str_19", c_26, c_27, 7735798502142248313).
21:07:59 [INFO] 33 / 40
21:07:59 [INFO]   II Add Fact Node and Edge
21:07:59 [INFO]   Added new fact R_17(c_28, "str_12", 7039485948334407105, c_22, c_23).
21:07:59 [INFO] 34 / 40
21:07:59 [INFO]   II Add Fact Node and Edge
21:07:59 [INFO]   Added new fact R_13(c_29, c_12, 2424608534633957655, c_30, c_31, 1513635322592279928).
21:07:59 [INFO] 35 / 40
21:07:59 [INFO]   II Add Fact Node and Edge
21:07:59 [INFO]   Added new fact R_17(c_6, c_32, c_29, "str_20", c_33).
21:07:59 [INFO] 36 / 40
21:07:59 [INFO]   II Add Fact Node and Edge
21:07:59 [INFO]   Added new fact R_8(c_34, "str_4", c_35, "str_5", c_36).
21:07:59 [INFO] 37 / 40
21:07:59 [INFO]   II Add Fact Node and Edge
21:07:59 [INFO]   Added new fact R_7(5458300903895345267, c_37, 17309923380142103579, c_16).
21:07:59 [INFO] 38 / 40
21:07:59 [INFO]   II Add Fact Node and Edge
21:07:59 [INFO]   Added new fact R_15(2424608534633957655).
21:07:59 [INFO] 39 / 40
21:07:59 [INFO]   II Add Fact Node and Edge
21:07:59 [INFO]   Added new fact R_10(15111043445302490003, "str_21").
21:07:59 [INFO] 40 / 40
21:07:59 [INFO]   II Add Fact Node and Edge
21:07:59 [INFO]   Added new fact R_15(16173297177403123641).
21:07:59 [INFO] 
21:07:59 [INFO] ----------------------------------------------
21:07:59 [INFO] ----------- Program Generation Done ----------
21:07:59 [INFO] ----------------------------------------------
21:07:59 [INFO] 
21:07:59 [INFO] ----------- Generated ADG Summary: -----------
21:07:59 [INFO] ADG Fact Nodes:                  40
21:07:59 [INFO] ADG Relational Nodes:            51
21:07:59 [INFO] ADG Fact Edges:                  40
21:07:59 [INFO] ADG Relational Edges:            112
21:07:59 [INFO] Number of inv. Strata:           5
21:07:59 [INFO] 
21:07:59 [INFO] Nodes with None Ancestry:        25
21:07:59 [INFO] Nodes with Positive Ancestry:    3
21:07:59 [INFO] Nodes with Negative Ancestry:    9
21:07:59 [INFO] Nodes with Unknown Ancestry:     14
21:07:59 [INFO] 
21:07:59 [INFO] Next rule name would be:         r_EXP_41
21:07:59 [INFO] Next predicate name would be:    R_40
21:07:59 [INFO] Next constant name would be:     c_38
21:07:59 [INFO] Next string would be:            "str_22"
21:07:59 [INFO] 
21:07:59 [INFO] Output predicate:                R_OUT
21:07:59 [INFO] Generated rule count:            40
21:07:59 [INFO] Rule count:                      52
21:07:59 [INFO] Average rel. arity:              3.803921568627451
21:07:59 [INFO] Arity calc. may be inaccurate if arity > f64
21:07:59 [INFO] ----------------------------------------------
21:07:59 [INFO] 
21:07:59 [INFO] ------ Performed Gen. Transformations: -------
21:07:59 [INFO]  #      Type
21:07:59 [INFO]  40      Generate New Rule with Probably Single Lit
21:07:59 [INFO]  50      Generating an Outgoing Relational Edge
21:07:59 [INFO]  39      I     Add Relational Node
21:07:59 [INFO]  40      II    Add Fact Node and Edge
21:07:59 [INFO] ----------------------------------------------
21:07:59 [INFO] 
21:07:59 [INFO] Storing input ADG and input program
21:07:59 [INFO] 
21:07:59 [INFO] ----------------------------------------------
21:07:59 [INFO] --------- Beginning Transformations ----------
21:07:59 [INFO] --------  Oracle: EXP    Number: 38
21:07:59 [INFO] ----------------------------------------------
21:07:59 [INFO] 1 / 38
21:07:59 [INFO]   I Add Relational Node
21:07:59 [INFO]   Added new relation R_42
21:07:59 [INFO] 2 / 38
21:07:59 [INFO]   III Add Relational edges - New Rule
21:07:59 [INFO]   Added new rule of name r_EXP_43
21:07:59 [INFO]   R_17(?X_2, ?X_1, ?X_5, ?X_5, ?X_3) :- R_13(?X_2, ?X_1, ?X_2, ?X_5, ?X_3, ?X_5), ~R_20(?X_2, ?X_5, ?X_5, 15111043445302490003), ~http://rulewerk.semantic-web.org/inferred/subClassOf(?X_3, ?X_1) .
21:07:59 [INFO] 3 / 38
21:07:59 [INFO]   I Add Relational Node
21:07:59 [INFO]   Added new relation R_43
21:07:59 [INFO] 4 / 38
21:07:59 [INFO]   I Add Relational Node
21:07:59 [INFO]   Added new relation R_44
21:07:59 [INFO] 5 / 38
21:07:59 [INFO]   Xa Remove Relational Node - Rule Variant
21:07:59 [INFO]   Removing relational node R_12
21:07:59 [INFO]   Removing the Rule of the name r_GEN_13
21:07:59 [INFO]   Removing the Rule of the name r_GEN_21
21:07:59 [INFO]   Removing at least 6 relational edges.
21:07:59 [INFO] 6 / 38
21:07:59 [INFO]   III Add Relational edges - New Rule
21:07:59 [INFO]   Assigned relation R_43 the artiy 4
21:07:59 [INFO]   Added new rule of name r_EXP_44
21:07:59 [INFO]   R_4(15789467482462370006) :- http://rulewerk.semantic-web.org/normalForm/subProp(15789467482462370006, ?Y_1), http://rulewerk.semantic-web.org/inferred/ex(?Y_1, ?Y_1, ?Y_1), mainSubClassOf("str_23", ?Y_1), R_43(?Y_1, ?Y_1, 15789467482462370006, ?Y_1), R_25(15789467482462370006, "str_23", "str_23", ?Y_1, ?Y_1, "str_23"), R_5("str_23", ?Y_1, ?Y_1, "str_23", 15789467482462370006), ~R_31(?Y_1, "str_23", 15789467482462370006, "str_23", "str_23", "str_23"), ~R_31("str_23", "str_23", ?Y_1, ?Y_1, "str_23", ?Y_1), ~R_10(?Y_1, "str_23"), ~R_37("str_23", "str_23", ?Y_1, ?Y_1, ?Y_1, ?Y_1) .
21:07:59 [INFO] 7 / 38
21:07:59 [INFO]   II Add Fact Node and Edge
21:07:59 [INFO]   Added new fact R_13(c_35, 10293883234657652015, "str_24", c_40, c_33, "str_25").
21:07:59 [INFO] 8 / 38
21:07:59 [INFO]   VII Modify Rule - Add Equality
21:07:59 [INFO]   Replaced var ?X_5 with var ?X_6 in the rule r_GEN_34
21:07:59 [INFO] 9 / 38
21:07:59 [INFO]   VII Modify Rule - Add Equality
21:07:59 [INFO]   Replaced var ?X_5 with var ?X_2 in the rule r_GEN_17
21:07:59 [INFO] 10 / 38
21:07:59 [INFO]   III Add Relational edges - New Rule
21:07:59 [INFO]   Added new rule of name r_EXP_45
21:07:59 [INFO]   R_13(?X_1, ?X_5, "str_22", ?X_6, ?X_3, ?X_4) :- R_5(?X_1, ?X_5, "str_22", ?X_6, ?Y_2), R_5(?X_3, ?X_3, ?X_4, "str_22", ?Y_1) .
21:07:59 [INFO] 11 / 38
21:07:59 [INFO]   V Remove Relational Edges - Whole Rule
21:07:59 [INFO]   Removing the Rule of the name r_GEN_14
21:07:59 [INFO] 12 / 38
21:07:59 [INFO]   XI Add Contradictory Rule
21:07:59 [INFO]   Added new contradictory rule of name r_EXP_46
21:07:59 [INFO]   R_1(?X_4, ?X_1, ?X_3, ?X_2, ?X_5) :- http://rulewerk.semantic-web.org/normalForm/conj(?X_4, ?X_1, ?X_3), http://rulewerk.semantic-web.org/normalForm/conj(?X_2, ?X_5, ?X_5), ~http://rulewerk.semantic-web.org/normalForm/conj(?X_4, ?X_1, ?X_3) .
21:07:59 [INFO] 13 / 38
21:07:59 [INFO]   XI Add Contradictory Rule
21:07:59 [INFO]   Added new contradictory rule of name r_EXP_47
21:07:59 [INFO]   R_OUT("str_1") :- http://rulewerk.semantic-web.org/normalForm/subPropChain("str_1", "str_25", "str_25"), ~http://rulewerk.semantic-web.org/normalForm/subPropChain("str_1", "str_25", "str_25") .
21:07:59 [INFO] 14 / 38
21:07:59 [INFO]   V Remove Relational Edges - Whole Rule
21:07:59 [INFO]   Removing the Rule of the name r_EXP_43
21:07:59 [INFO] 15 / 38
21:07:59 [INFO]   V Remove Relational Edges - Whole Rule
21:07:59 [INFO]   Removing the Rule of the name r_EXP_44
21:07:59 [INFO] 16 / 38
21:07:59 [INFO]   VIII Modify Rule - Remove Equality
21:07:59 [INFO]   Replaced a random number of var X_2 with var X_2_new_1 in the rule r_GEN_24
21:07:59 [INFO] 17 / 38
21:07:59 [INFO]   VIII Modify Rule - Remove Equality
21:07:59 [INFO]   Replaced a random number of var X_1 with var X_1_new_1 in the rule r_GEN_1
21:07:59 [INFO] 18 / 38
21:07:59 [INFO]   IX Remove Fact Node and Edge
21:07:59 [INFO]   Removed fact R_23("str_4", "str_5", c_4, 3353059807551676887). from the program
21:07:59 [INFO]   Removed fact R_23("str_4", "str_5", c_4, 3353059807551676887). from the ADG.
21:07:59 [INFO] 19 / 38
21:07:59 [INFO]   Xa Remove Relational Node - Rule Variant
21:07:59 [INFO]   Removing relational node R_23
21:07:59 [INFO]   Removing the Rule of the name r_GEN_16
21:07:59 [INFO]   Removing the Rule of the name r_GEN_12
21:07:59 [INFO]   Removing the Rule of the name r_GEN_24
21:07:59 [INFO]   Removing at least 10 relational edges.
21:07:59 [INFO] 20 / 38
21:07:59 [INFO]   VII Modify Rule - Add Equality
21:07:59 [INFO]   Replaced var ?X_1 with var ?X_4 in the rule r_GEN_27
21:07:59 [INFO] 21 / 38
21:07:59 [INFO]   IV Add Relational Edge - New Literal
21:07:59 [INFO]   Generated literal ~R_21(?X_3, ?X_5, ?X_5, ?X_2, ?Z_3, ?Z_2) for rule r_GEN_2
21:07:59 [INFO] 22 / 38
21:07:59 [INFO]   IV Add Relational Edge - New Literal
21:07:59 [INFO]   Generated literal ~R_31(?X_2, ?X_2, "str_10", ?X_3, ?X_5, ?X_3) for rule r_GEN_7
21:07:59 [INFO] 23 / 38
21:07:59 [INFO]   VII Modify Rule - Add Equality
21:07:59 [INFO]   Replaced var ?X_1 with var ?X_3 in the rule r_GEN_19
21:07:59 [INFO] 24 / 38
21:07:59 [INFO]   I Add Relational Node
21:07:59 [INFO]   Added new relation R_45
21:07:59 [INFO] 25 / 38
21:07:59 [INFO]   VIII Modify Rule - Remove Equality
21:07:59 [INFO]   Replaced a random number of var Y_1 with var Y_1_new_1 in the rule r_GEN_36
21:07:59 [INFO] 26 / 38
21:07:59 [INFO]   XI Add Contradictory Rule
21:07:59 [INFO]   Added new contradictory rule of name r_EXP_48
21:07:59 [INFO]   R_27(?X_1, ?X_1) :- R_35(?X_1), R_35(?X_1), ~R_35(?X_1) .
21:07:59 [INFO] 27 / 38
21:07:59 [INFO]   VII Modify Rule - Add Equality
21:07:59 [INFO]   Replaced var ?X_4 with var ?X_5 in the rule r_GEN_7
21:07:59 [INFO] 28 / 38
21:07:59 [INFO]   II Add Fact Node and Edge
21:07:59 [INFO]   Assigned relation R_45 the artiy 6
21:07:59 [INFO]   Added new fact R_45(c_12, "str_13", 14675753645185617723, c_41, c_19, c_22).
21:07:59 [INFO] 29 / 38
21:07:59 [INFO]   IX Remove Fact Node and Edge
21:07:59 [INFO]   Removed fact R_36(c_3, c_3, "str_2", c_1). from the program
21:07:59 [INFO]   Removed fact R_36(c_3, c_3, "str_2", c_1). from the ADG.
21:07:59 [INFO] 30 / 38
21:07:59 [INFO]   VIII Modify Rule - Remove Equality
21:07:59 [INFO]   Replaced a random number of var X_5 with var X_5_new_1 in the rule r_EXP_46
21:07:59 [INFO] 31 / 38
21:07:59 [INFO]   VIII Modify Rule - Remove Equality
21:07:59 [INFO]   Replaced a random number of var X_4 with var X_4_new_1 in the rule r_GEN_8
21:07:59 [INFO] 32 / 38
21:07:59 [INFO]   VII Modify Rule - Add Equality
21:07:59 [INFO]   Replaced var ?X_3 with var ?X_2 in the rule r_GEN_2
21:07:59 [INFO] 33 / 38
21:07:59 [INFO]   Xa Remove Relational Node - Rule Variant
21:07:59 [INFO]   Removing relational node R_29
21:07:59 [INFO]   Removing the Rule of the name r_GEN_30
21:07:59 [INFO]   Removing the Rule of the name r_GEN_19
21:07:59 [INFO]   Removing at least 5 relational edges.
21:07:59 [INFO] 34 / 38
21:07:59 [INFO]   III Add Relational edges - New Rule
21:07:59 [INFO]   Added new rule of name r_EXP_49
21:07:59 [INFO]   R_13(?X_3, ?X_1, c_12, ?X_3, ?X_5, ?X_6) :- R_26(c_37, ?X_1, ?Y_2, ?Y_1), R_32(?X_5, ?X_1, ?X_3), R_21(?X_3, ?Y_1, ?X_5, ?X_5, ?X_6, c_12), http://rulewerk.semantic-web.org/inferred/subClassOf(?X_3, ?X_5), ~R_45(?Y_1, ?X_3, ?Y_2, ?X_3, ?X_3, ?X_5), ~R_37(?Y_2, ?X_1, ?Y_2, ?Y_1, c_12, ?X_1), ~R_6(?X_1, ?X_1, ?X_5, ?X_6, ?X_3, ?Y_1), ~R_27(?X_5, ?X_5) .
21:07:59 [INFO] 35 / 38
21:07:59 [INFO]   IV Add Relational Edge - New Literal
21:07:59 [INFO]   Generated literal ~R_45(?X_4, ?X_1, ?X_4, ?X_5_new_1, ?X_4, ?X_5) for rule r_EXP_46
21:07:59 [INFO] 36 / 38
21:07:59 [INFO]   VII Modify Rule - Add Equality
21:07:59 [INFO]   Replaced var ?X_4 with var ?X_3 in the rule r_GEN_34
21:07:59 [INFO] 37 / 38
21:07:59 [INFO]   III Add Relational edges - New Rule
21:07:59 [INFO]   Added new rule of name r_EXP_50
21:07:59 [INFO]   R_8("str_18", ?X_4, ?X_2, ?X_4, ?X_3) :- R_28("str_18", ?X_4, ?X_2, ?X_4, c_23, ?X_3), ~R_33(c_23, c_23, ?X_4, c_23, ?X_4, ?X_4), ~R_10(?X_3, c_23), ~http://rulewerk.semantic-web.org/inferred/init(?X_2), ~R_25(c_23, c_23, ?X_4, "str_18", ?X_3, c_9) .
21:07:59 [INFO] 38 / 38
21:07:59 [INFO]   II Add Fact Node and Edge
21:07:59 [INFO]   Added new fact R_39("str_2", "str_26", c_42).
21:07:59 [INFO] ----------------------------------------------
21:07:59 [INFO] ------------ Transformations Done ------------
21:07:59 [INFO] ----------------------------------------------
21:07:59 [INFO]  Ressources required: 
                data/isMainClass.csv.gz
                data/isSubClass.csv.gz
                data/conj.csv.gz
                data/exists.csv.gz
                data/subClassOf.csv.gz
                data/subPropChain.csv.gz
                data/subProp.csv.gz
                
21:07:59 [INFO] ---------- Transformed ADG Summary: ----------
21:07:59 [INFO] ADG Fact Nodes:                  38
21:07:59 [INFO] ADG Relational Nodes:            52
21:07:59 [INFO] ADG Fact Edges:                  38
21:07:59 [INFO] ADG Relational Edges:            115
21:07:59 [INFO] Number of inv. Strata:           6
21:07:59 [INFO] 
21:07:59 [INFO] Nodes with None Ancestry:        23
21:07:59 [INFO] Nodes with Positive Ancestry:    3
21:07:59 [INFO] Nodes with Negative Ancestry:    9
21:07:59 [INFO] Nodes with Unknown Ancestry:     14
21:07:59 [INFO] 
21:07:59 [INFO] Next rule name would be:         r_EXP_51
21:07:59 [INFO] Next predicate name would be:    R_46
21:07:59 [INFO] Next constant name would be:     c_43
21:07:59 [INFO] Next string would be:            "str_27"
21:07:59 [INFO] 
21:07:59 [INFO] Output predicate:                R_OUT
21:07:59 [INFO] Rule count:                      50
21:07:59 [INFO] Average rel. arity:              3.843137254901961
21:07:59 [INFO] Arity calc. may be inaccurate if arity > f64
21:07:59 [INFO] ----------------------------------------------
21:07:59 [INFO] 
21:07:59 [INFO] --------- Performed Transformations: ---------
21:07:59 [INFO]  #      Type
21:07:59 [INFO]  6      Failed Transformation Attempts
21:07:59 [INFO]  4      I     Add Relational Node
21:07:59 [INFO]  3      II    Add Fact Node and Edge
21:07:59 [INFO]  5      III   Add Relational edges - New Rule
21:07:59 [INFO]  3      IV    Add Relational Edge - New Literal
21:07:59 [INFO]  2      IX    Remove Fact Node and Edge
21:07:59 [INFO]  3      V     Remove Relational Edges - Whole Rule
21:07:59 [INFO]  0      VI    Remove Relational Edge - Single Literal
21:07:59 [INFO]  7      VII   Modify Rule - Add Equality
21:07:59 [INFO]  5      VIII  Modify Rule - Remove Equality
21:07:59 [INFO]  3      XI   Add Contradictory Rule
21:07:59 [INFO]  3      Xa     Remove Relational Node Rule Variant - None anc only
21:07:59 [INFO] ----------------------------------------------
21:07:59 [INFO] 
21:07:59 [INFO] Writing output ADG and file.
21:07:59 [INFO] 
21:07:59 [INFO] ----------------------------------------------
21:07:59 [INFO] -- Beginning Nemo Execution - Input Program --
21:07:59 [INFO] ----------------------------------------------
21:07:59 [INFO] Stratified program: [[0, 1, 2, 3, 4, 5, 6, 7, 8, 9, 10, 12, 13, 14, 15, 16, 17, 18, 19, 20, 21, 22, 23, 24, 25, 27, 28, 29], [11, 26]]
21:07:59 [INFO] <<< STEP 1: APPLYING RULE 0 http://rulewerk.semantic-web.org/inferred/init(?C) :- http://rulewerk.semantic-web.org/normalForm/isMainClass(?C) >>>
21:07:59 [INFO] Loading source DsvReader { read: "<unspecified std::io::Read>", delimiter: 44, escape: None, value formats: DsvValueFormats([Anything]) }
21:07:59 [INFO] Starting data import
21:07:59 [INFO] Finished import: processed 23136 lines (dropped 0)
21:07:59 [INFO] Execution step: Body
21:07:59 [INFO] Saved temporary table: 23136 entries (3462)
21:07:59 [INFO] Execution step: Duplicate Elimination (Datalog)
21:07:59 [INFO] Saved permanent table http://rulewerk.semantic-web.org/inferred/init (1) Permutation { idx_to_val: [], val_to_idx: [] } with 23136 entries (3510)
21:07:59 [INFO] Rule duration: 36 ms
21:07:59 [INFO] <<< STEP 2: APPLYING RULE 0 http://rulewerk.semantic-web.org/inferred/init(?C) :- http://rulewerk.semantic-web.org/normalForm/isMainClass(?C) >>>
21:07:59 [INFO] Execution step: Body
21:07:59 [INFO] Trie does not contain any elements
21:07:59 [INFO] Execution step: Duplicate Elimination (Datalog)
21:07:59 [INFO] Trie does not contain any elements
21:07:59 [INFO] Rule duration: 0 ms
21:07:59 [INFO] <<< STEP 3: APPLYING RULE 3 http://rulewerk.semantic-web.org/inferred/subClassOf(?C, "<http://www.w3.org/2002/07/owl#Thing>") :- http://rulewerk.semantic-web.org/normalForm/isMainClass(?C) >>>
21:07:59 [INFO] Execution step: Body
21:07:59 [INFO] Saved temporary table: 23136 entries (3462)
21:07:59 [INFO] Execution step: Duplicate Elimination (Datalog)
21:07:59 [INFO] Saved permanent table http://rulewerk.semantic-web.org/inferred/subClassOf (3) Permutation { idx_to_val: [], val_to_idx: [] } with 23136 entries (7360)
21:07:59 [INFO] Rule duration: 10 ms
21:07:59 [INFO] <<< STEP 4: APPLYING RULE 3 http://rulewerk.semantic-web.org/inferred/subClassOf(?C, "<http://www.w3.org/2002/07/owl#Thing>") :- http://rulewerk.semantic-web.org/normalForm/isMainClass(?C) >>>
21:07:59 [INFO] Execution step: Body
21:07:59 [INFO] Trie does not contain any elements
21:07:59 [INFO] Execution step: Duplicate Elimination (Datalog)
21:07:59 [INFO] Trie does not contain any elements
21:07:59 [INFO] Rule duration: 0 ms
21:07:59 [INFO] <<< STEP 5: APPLYING RULE 1 http://rulewerk.semantic-web.org/inferred/init(?C) :- http://rulewerk.semantic-web.org/inferred/ex(?E, ?R, ?C) >>>
21:07:59 [INFO] Execution step: Body
21:07:59 [INFO] Trie does not contain any elements
21:07:59 [INFO] Execution step: Duplicate Elimination (Datalog)
21:07:59 [INFO] Trie does not contain any elements
21:07:59 [INFO] Rule duration: 0 ms
21:07:59 [INFO] <<< STEP 6: APPLYING RULE 2 http://rulewerk.semantic-web.org/inferred/subClassOf(?C, ?C) :- http://rulewerk.semantic-web.org/inferred/init(?C) >>>
21:07:59 [INFO] Execution step: Body
21:07:59 [INFO] Saved temporary table: 23136 entries (3462)
21:07:59 [INFO] Execution step: Duplicate Elimination (Datalog)
21:07:59 [INFO] Saved permanent table http://rulewerk.semantic-web.org/inferred/subClassOf (6) Permutation { idx_to_val: [], val_to_idx: [] } with 23136 entries (7360)
21:07:59 [INFO] Rule duration: 18 ms
21:07:59 [INFO] <<< STEP 7: APPLYING RULE 4 http://rulewerk.semantic-web.org/inferred/subClassOf(?C, ?D1), http://rulewerk.semantic-web.org/inferred/subClassOf(?C, ?D2) :- http://rulewerk.semantic-web.org/inferred/subClassOf(?C, ?Y), http://rulewerk.semantic-web.org/normalForm/conj(?Y, ?D1, ?D2) >>>
21:07:59 [INFO] Loading source DsvReader { read: "<unspecified std::io::Read>", delimiter: 44, escape: None, value formats: DsvValueFormats([Anything, Anything, Anything]) }
21:07:59 [INFO] Starting data import
21:07:59 [INFO] Finished import: processed 13693 lines (dropped 0)
21:07:59 [INFO] Execution step: Body
21:07:59 [INFO] Trie does not contain any elements
21:07:59 [INFO] Trie does not contain any elements
21:07:59 [INFO] Execution step: Duplicate Elimination (Datalog)
21:07:59 [INFO] Trie does not contain any elements
21:07:59 [INFO] Rule duration: 40 ms
21:07:59 [INFO] <<< STEP 8: APPLYING RULE 5 http://rulewerk.semantic-web.org/inferred/subClassOf(?C, ?I) :- http://rulewerk.semantic-web.org/inferred/subClassOf(?C, ?D1), http://rulewerk.semantic-web.org/inferred/subClassOf(?C, ?D2), http://rulewerk.semantic-web.org/normalForm/conj(?I, ?D1, ?D2), http://rulewerk.semantic-web.org/normalForm/isSubClass(?I) >>>
21:07:59 [INFO] Loading source DsvReader { read: "<unspecified std::io::Read>", delimiter: 44, escape: None, value formats: DsvValueFormats([Anything]) }
21:07:59 [INFO] Starting data import
21:07:59 [INFO] Finished import: processed 43883 lines (dropped 0)
21:07:59 [INFO] Execution step: Body
21:07:59 [INFO] Trie does not contain any elements
21:07:59 [INFO] Execution step: Duplicate Elimination (Datalog)
21:07:59 [INFO] Trie does not contain any elements
21:07:59 [INFO] Rule duration: 46 ms
21:07:59 [INFO] <<< STEP 9: APPLYING RULE 6 http://rulewerk.semantic-web.org/inferred/ex(?E, ?R, ?C) :- http://rulewerk.semantic-web.org/inferred/subClassOf(?E, ?Y), http://rulewerk.semantic-web.org/normalForm/exists(?Y, ?R, ?C) >>>
21:07:59 [INFO] Loading source DsvReader { read: "<unspecified std::io::Read>", delimiter: 44, escape: None, value formats: DsvValueFormats([Anything, Anything, Anything]) }
21:07:59 [INFO] Starting data import
21:07:59 [INFO] Finished import: processed 14115 lines (dropped 0)
21:07:59 [INFO] Execution step: Body
21:07:59 [INFO] Trie does not contain any elements
21:07:59 [INFO] Execution step: Duplicate Elimination (Datalog)
21:07:59 [INFO] Trie does not contain any elements
21:07:59 [INFO] Rule duration: 37 ms
21:07:59 [INFO] <<< STEP 10: APPLYING RULE 7 http://rulewerk.semantic-web.org/inferred/subClassOf(?E, ?Y) :- http://rulewerk.semantic-web.org/inferred/ex(?E, ?R, ?C), http://rulewerk.semantic-web.org/inferred/subClassOf(?C, ?D), http://rulewerk.semantic-web.org/normalForm/subProp(?R, ?S), http://rulewerk.semantic-web.org/normalForm/exists(?Y, ?S, ?D), http://rulewerk.semantic-web.org/normalForm/isSubClass(?Y) >>>
21:07:59 [INFO] Loading source DsvReader { read: "<unspecified std::io::Read>", delimiter: 44, escape: None, value formats: DsvValueFormats([Anything, Anything]) }
21:07:59 [INFO] Starting data import
21:07:59 [INFO] Finished import: processed 3154 lines (dropped 0)
21:07:59 [INFO] Execution step: Body
21:07:59 [INFO] Trie does not contain any elements
21:07:59 [INFO] Execution step: Duplicate Elimination (Datalog)
21:07:59 [INFO] Trie does not contain any elements
21:07:59 [INFO] Rule duration: 10 ms
21:07:59 [INFO] <<< STEP 11: APPLYING RULE 8 http://rulewerk.semantic-web.org/inferred/ex(?E, ?S, ?D) :- http://rulewerk.semantic-web.org/inferred/ex(?E, ?R1, ?C), http://rulewerk.semantic-web.org/inferred/ex(?C, ?R2, ?D), http://rulewerk.semantic-web.org/normalForm/subProp(?R1, ?S1), http://rulewerk.semantic-web.org/normalForm/subProp(?R2, ?S2), http://rulewerk.semantic-web.org/normalForm/subPropChain(?S1, ?S2, ?S) >>>
21:07:59 [INFO] Loading source DsvReader { read: "<unspecified std::io::Read>", delimiter: 44, escape: None, value formats: DsvValueFormats([Anything, Anything, Anything]) }
21:07:59 [INFO] Starting data import
21:07:59 [INFO] Finished import: processed 0 lines (dropped 0)
21:07:59 [INFO] Execution step: Body
21:07:59 [INFO] Trie does not contain any elements
21:07:59 [INFO] Execution step: Duplicate Elimination (Datalog)
21:07:59 [INFO] Trie does not contain any elements
21:07:59 [INFO] Rule duration: 0 ms
21:07:59 [INFO] <<< STEP 12: APPLYING RULE 9 http://rulewerk.semantic-web.org/inferred/subClassOf(?C, ?E) :- http://rulewerk.semantic-web.org/inferred/subClassOf(?C, ?D), http://rulewerk.semantic-web.org/normalForm/subClassOf(?D, ?E) >>>
21:07:59 [INFO] Loading source DsvReader { read: "<unspecified std::io::Read>", delimiter: 44, escape: None, value formats: DsvValueFormats([Anything, Anything]) }
21:07:59 [INFO] Starting data import
21:07:59 [INFO] Finished import: processed 45499 lines (dropped 0)
21:07:59 [INFO] Execution step: Body
21:07:59 [INFO] Saved temporary table: 35531 entries (334448)
21:07:59 [INFO] Execution step: Duplicate Elimination (Datalog)
21:07:59 [INFO] Saved permanent table http://rulewerk.semantic-web.org/inferred/subClassOf (12) Permutation { idx_to_val: [], val_to_idx: [] } with 35531 entries (334496)
21:07:59 [INFO] Rule duration: 97 ms
21:07:59 [INFO] <<< STEP 13: APPLYING RULE 9 http://rulewerk.semantic-web.org/inferred/subClassOf(?C, ?E) :- http://rulewerk.semantic-web.org/inferred/subClassOf(?C, ?D), http://rulewerk.semantic-web.org/normalForm/subClassOf(?D, ?E) >>>
21:07:59 [INFO] Execution step: Body
21:07:59 [INFO] Saved temporary table: 29052 entries (308526)
21:07:59 [INFO] Execution step: Duplicate Elimination (Datalog)
21:07:59 [INFO] Saved permanent table http://rulewerk.semantic-web.org/inferred/subClassOf (13) Permutation { idx_to_val: [], val_to_idx: [] } with 19069 entries (247902)
21:07:59 [INFO] Rule duration: 25 ms
21:07:59 [INFO] <<< STEP 14: APPLYING RULE 9 http://rulewerk.semantic-web.org/inferred/subClassOf(?C, ?E) :- http://rulewerk.semantic-web.org/inferred/subClassOf(?C, ?D), http://rulewerk.semantic-web.org/normalForm/subClassOf(?D, ?E) >>>
21:07:59 [INFO] Execution step: Body
21:07:59 [INFO] Saved temporary table: 21017 entries (255394)
21:07:59 [INFO] Execution step: Duplicate Elimination (Datalog)
21:07:59 [INFO] Saved permanent table http://rulewerk.semantic-web.org/inferred/subClassOf (14) Permutation { idx_to_val: [], val_to_idx: [] } with 19134 entries (231314)
21:07:59 [INFO] Rule duration: 19 ms
21:07:59 [INFO] <<< STEP 15: APPLYING RULE 9 http://rulewerk.semantic-web.org/inferred/subClassOf(?C, ?E) :- http://rulewerk.semantic-web.org/inferred/subClassOf(?C, ?D), http://rulewerk.semantic-web.org/normalForm/subClassOf(?D, ?E) >>>
21:07:59 [INFO] Execution step: Body
21:07:59 [INFO] Saved temporary table: 20666 entries (232234)
21:07:59 [INFO] Execution step: Duplicate Elimination (Datalog)
21:07:59 [INFO] Saved permanent table http://rulewerk.semantic-web.org/inferred/subClassOf (15) Permutation { idx_to_val: [], val_to_idx: [] } with 18219 entries (198746)
21:07:59 [INFO] Rule duration: 19 ms
21:07:59 [INFO] <<< STEP 16: APPLYING RULE 9 http://rulewerk.semantic-web.org/inferred/subClassOf(?C, ?E) :- http://rulewerk.semantic-web.org/inferred/subClassOf(?C, ?D), http://rulewerk.semantic-web.org/normalForm/subClassOf(?D, ?E) >>>
21:07:59 [INFO] Execution step: Body
21:07:59 [INFO] Saved temporary table: 16776 entries (192362)
21:07:59 [INFO] Execution step: Duplicate Elimination (Datalog)
21:07:59 [INFO] Saved permanent table http://rulewerk.semantic-web.org/inferred/subClassOf (16) Permutation { idx_to_val: [], val_to_idx: [] } with 15549 entries (180338)
21:07:59 [INFO] Rule duration: 16 ms
21:07:59 [INFO] <<< STEP 17: APPLYING RULE 9 http://rulewerk.semantic-web.org/inferred/subClassOf(?C, ?E) :- http://rulewerk.semantic-web.org/inferred/subClassOf(?C, ?D), http://rulewerk.semantic-web.org/normalForm/subClassOf(?D, ?E) >>>
21:07:59 [INFO] Execution step: Body
21:07:59 [INFO] Saved temporary table: 13777 entries (170322)
21:07:59 [INFO] Execution step: Duplicate Elimination (Datalog)
21:07:59 [INFO] Saved permanent table http://rulewerk.semantic-web.org/inferred/subClassOf (17) Permutation { idx_to_val: [], val_to_idx: [] } with 13188 entries (167678)
21:07:59 [INFO] Rule duration: 14 ms
21:07:59 [INFO] Execution step: Combining Tables
21:07:59 [INFO] Saved permanent table http://rulewerk.semantic-web.org/inferred/subClassOf (0-19) Permutation { idx_to_val: [], val_to_idx: [] } with 166962 entries (860176)
21:07:59 [INFO] <<< STEP 18: APPLYING RULE 9 http://rulewerk.semantic-web.org/inferred/subClassOf(?C, ?E) :- http://rulewerk.semantic-web.org/inferred/subClassOf(?C, ?D), http://rulewerk.semantic-web.org/normalForm/subClassOf(?D, ?E) >>>
21:07:59 [INFO] Execution step: Body
21:07:59 [INFO] Saved temporary table: 12121 entries (156534)
21:07:59 [INFO] Execution step: Duplicate Elimination (Datalog)
21:07:59 [INFO] Saved permanent table http://rulewerk.semantic-web.org/inferred/subClassOf (18) Permutation { idx_to_val: [], val_to_idx: [] } with 11570 entries (154270)
21:07:59 [INFO] Rule duration: 8 ms
21:07:59 [INFO] <<< STEP 19: APPLYING RULE 9 http://rulewerk.semantic-web.org/inferred/subClassOf(?C, ?E) :- http://rulewerk.semantic-web.org/inferred/subClassOf(?C, ?D), http://rulewerk.semantic-web.org/normalForm/subClassOf(?D, ?E) >>>
21:07:59 [INFO] Execution step: Body
21:07:59 [INFO] Saved temporary table: 10098 entries (137510)
21:07:59 [INFO] Execution step: Duplicate Elimination (Datalog)
21:07:59 [INFO] Saved permanent table http://rulewerk.semantic-web.org/inferred/subClassOf (19) Permutation { idx_to_val: [], val_to_idx: [] } with 9551 entries (135286)
21:07:59 [INFO] Rule duration: 8 ms
21:07:59 [INFO] <<< STEP 20: APPLYING RULE 9 http://rulewerk.semantic-web.org/inferred/subClassOf(?C, ?E) :- http://rulewerk.semantic-web.org/inferred/subClassOf(?C, ?D), http://rulewerk.semantic-web.org/normalForm/subClassOf(?D, ?E) >>>
21:07:59 [INFO] Execution step: Body
21:07:59 [INFO] Saved temporary table: 9708 entries (123110)
21:07:59 [INFO] Execution step: Duplicate Elimination (Datalog)
21:07:59 [INFO] Saved permanent table http://rulewerk.semantic-web.org/inferred/subClassOf (20) Permutation { idx_to_val: [], val_to_idx: [] } with 9383 entries (121858)
21:07:59 [INFO] Rule duration: 7 ms
21:07:59 [INFO] <<< STEP 21: APPLYING RULE 9 http://rulewerk.semantic-web.org/inferred/subClassOf(?C, ?E) :- http://rulewerk.semantic-web.org/inferred/subClassOf(?C, ?D), http://rulewerk.semantic-web.org/normalForm/subClassOf(?D, ?E) >>>
21:07:59 [INFO] Execution step: Body
21:07:59 [INFO] Saved temporary table: 7095 entries (100658)
21:07:59 [INFO] Execution step: Duplicate Elimination (Datalog)
21:07:59 [INFO] Saved permanent table http://rulewerk.semantic-web.org/inferred/subClassOf (21) Permutation { idx_to_val: [], val_to_idx: [] } with 6941 entries (100090)
21:07:59 [INFO] Rule duration: 6 ms
21:07:59 [INFO] <<< STEP 22: APPLYING RULE 9 http://rulewerk.semantic-web.org/inferred/subClassOf(?C, ?E) :- http://rulewerk.semantic-web.org/inferred/subClassOf(?C, ?D), http://rulewerk.semantic-web.org/normalForm/subClassOf(?D, ?E) >>>
21:07:59 [INFO] Execution step: Body
21:07:59 [INFO] Saved temporary table: 5795 entries (81730)
21:07:59 [INFO] Execution step: Duplicate Elimination (Datalog)
21:07:59 [INFO] Saved permanent table http://rulewerk.semantic-web.org/inferred/subClassOf (22) Permutation { idx_to_val: [], val_to_idx: [] } with 5703 entries (81410)
21:07:59 [INFO] Rule duration: 5 ms
21:07:59 [INFO] <<< STEP 23: APPLYING RULE 9 http://rulewerk.semantic-web.org/inferred/subClassOf(?C, ?E) :- http://rulewerk.semantic-web.org/inferred/subClassOf(?C, ?D), http://rulewerk.semantic-web.org/normalForm/subClassOf(?D, ?E) >>>
21:07:59 [INFO] Execution step: Body
21:07:59 [INFO] Saved temporary table: 4332 entries (65618)
21:07:59 [INFO] Execution step: Duplicate Elimination (Datalog)
21:07:59 [INFO] Saved permanent table http://rulewerk.semantic-web.org/inferred/subClassOf (23) Permutation { idx_to_val: [], val_to_idx: [] } with 4320 entries (65618)
21:07:59 [INFO] Rule duration: 4 ms
21:07:59 [INFO] <<< STEP 24: APPLYING RULE 9 http://rulewerk.semantic-web.org/inferred/subClassOf(?C, ?E) :- http://rulewerk.semantic-web.org/inferred/subClassOf(?C, ?D), http://rulewerk.semantic-web.org/normalForm/subClassOf(?D, ?E) >>>
21:07:59 [INFO] Execution step: Body
21:07:59 [INFO] Saved temporary table: 2755 entries (43458)
21:07:59 [INFO] Execution step: Duplicate Elimination (Datalog)
21:07:59 [INFO] Saved permanent table http://rulewerk.semantic-web.org/inferred/subClassOf (24) Permutation { idx_to_val: [], val_to_idx: [] } with 2751 entries (43490)
21:07:59 [INFO] Rule duration: 3 ms
21:07:59 [INFO] <<< STEP 25: APPLYING RULE 9 http://rulewerk.semantic-web.org/inferred/subClassOf(?C, ?E) :- http://rulewerk.semantic-web.org/inferred/subClassOf(?C, ?D), http://rulewerk.semantic-web.org/normalForm/subClassOf(?D, ?E) >>>
21:07:59 [INFO] Execution step: Body
21:07:59 [INFO] Saved temporary table: 1875 entries (33170)
21:07:59 [INFO] Execution step: Duplicate Elimination (Datalog)
21:07:59 [INFO] Saved permanent table http://rulewerk.semantic-web.org/inferred/subClassOf (25) Permutation { idx_to_val: [], val_to_idx: [] } with 1875 entries (33218)
21:07:59 [INFO] Rule duration: 2 ms
21:07:59 [INFO] Execution step: Combining Tables
21:07:59 [INFO] Saved permanent table http://rulewerk.semantic-web.org/inferred/subClassOf (19-27) Permutation { idx_to_val: [], val_to_idx: [] } with 40524 entries (259178)
21:07:59 [INFO] <<< STEP 26: APPLYING RULE 9 http://rulewerk.semantic-web.org/inferred/subClassOf(?C, ?E) :- http://rulewerk.semantic-web.org/inferred/subClassOf(?C, ?D), http://rulewerk.semantic-web.org/normalForm/subClassOf(?D, ?E) >>>
21:07:59 [INFO] Execution step: Body
21:07:59 [INFO] Saved temporary table: 1252 entries (23946)
21:07:59 [INFO] Execution step: Duplicate Elimination (Datalog)
21:07:59 [INFO] Saved permanent table http://rulewerk.semantic-web.org/inferred/subClassOf (26) Permutation { idx_to_val: [], val_to_idx: [] } with 1251 entries (23978)
21:07:59 [INFO] Rule duration: 3 ms
21:07:59 [INFO] <<< STEP 27: APPLYING RULE 9 http://rulewerk.semantic-web.org/inferred/subClassOf(?C, ?E) :- http://rulewerk.semantic-web.org/inferred/subClassOf(?C, ?D), http://rulewerk.semantic-web.org/normalForm/subClassOf(?D, ?E) >>>
21:07:59 [INFO] Execution step: Body
21:07:59 [INFO] Saved temporary table: 877 entries (18426)
21:07:59 [INFO] Execution step: Duplicate Elimination (Datalog)
21:07:59 [INFO] Saved permanent table http://rulewerk.semantic-web.org/inferred/subClassOf (27) Permutation { idx_to_val: [], val_to_idx: [] } with 877 entries (18474)
21:07:59 [INFO] Rule duration: 2 ms
21:07:59 [INFO] <<< STEP 28: APPLYING RULE 9 http://rulewerk.semantic-web.org/inferred/subClassOf(?C, ?E) :- http://rulewerk.semantic-web.org/inferred/subClassOf(?C, ?D), http://rulewerk.semantic-web.org/normalForm/subClassOf(?D, ?E) >>>
21:07:59 [INFO] Execution step: Body
21:07:59 [INFO] Saved temporary table: 457 entries (14130)
21:07:59 [INFO] Execution step: Duplicate Elimination (Datalog)
21:07:59 [INFO] Saved permanent table http://rulewerk.semantic-web.org/inferred/subClassOf (28) Permutation { idx_to_val: [], val_to_idx: [] } with 457 entries (14178)
21:07:59 [INFO] Rule duration: 1 ms
21:07:59 [INFO] <<< STEP 29: APPLYING RULE 9 http://rulewerk.semantic-web.org/inferred/subClassOf(?C, ?E) :- http://rulewerk.semantic-web.org/inferred/subClassOf(?C, ?D), http://rulewerk.semantic-web.org/normalForm/subClassOf(?D, ?E) >>>
21:07:59 [INFO] Execution step: Body
21:07:59 [INFO] Saved temporary table: 312 entries (11690)
21:07:59 [INFO] Execution step: Duplicate Elimination (Datalog)
21:07:59 [INFO] Saved permanent table http://rulewerk.semantic-web.org/inferred/subClassOf (29) Permutation { idx_to_val: [], val_to_idx: [] } with 312 entries (11738)
21:07:59 [INFO] Rule duration: 1 ms
21:07:59 [INFO] <<< STEP 30: APPLYING RULE 9 http://rulewerk.semantic-web.org/inferred/subClassOf(?C, ?E) :- http://rulewerk.semantic-web.org/inferred/subClassOf(?C, ?D), http://rulewerk.semantic-web.org/normalForm/subClassOf(?D, ?E) >>>
21:07:59 [INFO] Execution step: Body
21:07:59 [INFO] Saved temporary table: 171 entries (9698)
21:07:59 [INFO] Execution step: Duplicate Elimination (Datalog)
21:07:59 [INFO] Saved permanent table http://rulewerk.semantic-web.org/inferred/subClassOf (30) Permutation { idx_to_val: [], val_to_idx: [] } with 171 entries (9746)
21:07:59 [INFO] Rule duration: 0 ms
21:07:59 [INFO] <<< STEP 31: APPLYING RULE 9 http://rulewerk.semantic-web.org/inferred/subClassOf(?C, ?E) :- http://rulewerk.semantic-web.org/inferred/subClassOf(?C, ?D), http://rulewerk.semantic-web.org/normalForm/subClassOf(?D, ?E) >>>
21:07:59 [INFO] Execution step: Body
21:07:59 [INFO] Saved temporary table: 47 entries (9432)
21:07:59 [INFO] Execution step: Duplicate Elimination (Datalog)
21:07:59 [INFO] Saved permanent table http://rulewerk.semantic-web.org/inferred/subClassOf (31) Permutation { idx_to_val: [], val_to_idx: [] } with 47 entries (9480)
21:07:59 [INFO] Rule duration: 0 ms
21:07:59 [INFO] <<< STEP 32: APPLYING RULE 9 http://rulewerk.semantic-web.org/inferred/subClassOf(?C, ?E) :- http://rulewerk.semantic-web.org/inferred/subClassOf(?C, ?D), http://rulewerk.semantic-web.org/normalForm/subClassOf(?D, ?E) >>>
21:07:59 [INFO] Execution step: Body
21:07:59 [INFO] Saved temporary table: 31 entries (8536)
21:07:59 [INFO] Execution step: Duplicate Elimination (Datalog)
21:07:59 [INFO] Saved permanent table http://rulewerk.semantic-web.org/inferred/subClassOf (32) Permutation { idx_to_val: [], val_to_idx: [] } with 31 entries (8584)
21:07:59 [INFO] Rule duration: 0 ms
21:07:59 [INFO] <<< STEP 33: APPLYING RULE 9 http://rulewerk.semantic-web.org/inferred/subClassOf(?C, ?E) :- http://rulewerk.semantic-web.org/inferred/subClassOf(?C, ?D), http://rulewerk.semantic-web.org/normalForm/subClassOf(?D, ?E) >>>
21:07:59 [INFO] Execution step: Body
21:07:59 [INFO] Saved temporary table: 11 entries (7416)
21:07:59 [INFO] Execution step: Duplicate Elimination (Datalog)
21:07:59 [INFO] Saved permanent table http://rulewerk.semantic-web.org/inferred/subClassOf (33) Permutation { idx_to_val: [], val_to_idx: [] } with 11 entries (7464)
21:07:59 [INFO] Rule duration: 0 ms
21:07:59 [INFO] Execution step: Combining Tables
21:07:59 [INFO] Saved permanent table http://rulewerk.semantic-web.org/inferred/subClassOf (27-35) Permutation { idx_to_val: [], val_to_idx: [] } with 1906 entries (22590)
21:07:59 [INFO] <<< STEP 34: APPLYING RULE 9 http://rulewerk.semantic-web.org/inferred/subClassOf(?C, ?E) :- http://rulewerk.semantic-web.org/inferred/subClassOf(?C, ?D), http://rulewerk.semantic-web.org/normalForm/subClassOf(?D, ?E) >>>
21:07:59 [INFO] Execution step: Body
21:07:59 [INFO] Saved temporary table: 2 entries (6912)
21:07:59 [INFO] Execution step: Duplicate Elimination (Datalog)
21:07:59 [INFO] Saved permanent table http://rulewerk.semantic-web.org/inferred/subClassOf (34) Permutation { idx_to_val: [], val_to_idx: [] } with 2 entries (6960)
21:07:59 [INFO] Rule duration: 0 ms
21:07:59 [INFO] <<< STEP 35: APPLYING RULE 9 http://rulewerk.semantic-web.org/inferred/subClassOf(?C, ?E) :- http://rulewerk.semantic-web.org/inferred/subClassOf(?C, ?D), http://rulewerk.semantic-web.org/normalForm/subClassOf(?D, ?E) >>>
21:07:59 [INFO] Execution step: Body
21:07:59 [INFO] Trie does not contain any elements
21:07:59 [INFO] Execution step: Duplicate Elimination (Datalog)
21:07:59 [INFO] Trie does not contain any elements
21:07:59 [INFO] Rule duration: 0 ms
21:07:59 [INFO] <<< STEP 36: APPLYING RULE 10 http://rulewerk.semantic-web.org/inferred/subClassOf(?E, "<http://www.w3.org/2002/07/owl#Nothing>") :- http://rulewerk.semantic-web.org/inferred/ex(?E, ?R, ?C), http://rulewerk.semantic-web.org/inferred/subClassOf(?C, ?_BODY_1), Equal(?_BODY_1, "<http://www.w3.org/2002/07/owl#Nothing>") >>>
21:07:59 [INFO] Execution step: Body
21:07:59 [INFO] Trie does not contain any elements
21:07:59 [INFO] Execution step: Duplicate Elimination (Datalog)
21:07:59 [INFO] Trie does not contain any elements
21:07:59 [INFO] Rule duration: 0 ms
21:07:59 [INFO] <<< STEP 37: APPLYING RULE 1 http://rulewerk.semantic-web.org/inferred/init(?C) :- http://rulewerk.semantic-web.org/inferred/ex(?E, ?R, ?C) >>>
21:07:59 [INFO] Execution step: Body
21:07:59 [INFO] Trie does not contain any elements
21:07:59 [INFO] Execution step: Duplicate Elimination (Datalog)
21:07:59 [INFO] Trie does not contain any elements
21:07:59 [INFO] Rule duration: 0 ms
21:07:59 [INFO] <<< STEP 38: APPLYING RULE 2 http://rulewerk.semantic-web.org/inferred/subClassOf(?C, ?C) :- http://rulewerk.semantic-web.org/inferred/init(?C) >>>
21:07:59 [INFO] Execution step: Body
21:07:59 [INFO] Trie does not contain any elements
21:07:59 [INFO] Execution step: Duplicate Elimination (Datalog)
21:07:59 [INFO] Trie does not contain any elements
21:07:59 [INFO] Rule duration: 0 ms
21:07:59 [INFO] <<< STEP 39: APPLYING RULE 4 http://rulewerk.semantic-web.org/inferred/subClassOf(?C, ?D1), http://rulewerk.semantic-web.org/inferred/subClassOf(?C, ?D2) :- http://rulewerk.semantic-web.org/inferred/subClassOf(?C, ?Y), http://rulewerk.semantic-web.org/normalForm/conj(?Y, ?D1, ?D2) >>>
21:07:59 [INFO] Execution step: Body
21:07:59 [INFO] Saved temporary table: 13819 entries (117740)
21:07:59 [INFO] Saved temporary table: 13819 entries (117740)
21:07:59 [INFO] Execution step: Duplicate Elimination (Datalog)
21:07:59 [INFO] Saved permanent table http://rulewerk.semantic-web.org/inferred/subClassOf (39) Permutation { idx_to_val: [], val_to_idx: [] } with 27638 entries (173064)
21:07:59 [INFO] Rule duration: 69 ms
21:07:59 [INFO] <<< STEP 40: APPLYING RULE 4 http://rulewerk.semantic-web.org/inferred/subClassOf(?C, ?D1), http://rulewerk.semantic-web.org/inferred/subClassOf(?C, ?D2) :- http://rulewerk.semantic-web.org/inferred/subClassOf(?C, ?Y), http://rulewerk.semantic-web.org/normalForm/conj(?Y, ?D1, ?D2) >>>
21:07:59 [INFO] Execution step: Body
21:07:59 [INFO] Saved temporary table: 1521 entries (19370)
21:07:59 [INFO] Saved temporary table: 1521 entries (19370)
21:07:59 [INFO] Execution step: Duplicate Elimination (Datalog)
21:07:59 [INFO] Saved permanent table http://rulewerk.semantic-web.org/inferred/subClassOf (40) Permutation { idx_to_val: [], val_to_idx: [] } with 3042 entries (25502)
21:07:59 [INFO] Rule duration: 6 ms
21:07:59 [INFO] <<< STEP 41: APPLYING RULE 4 http://rulewerk.semantic-web.org/inferred/subClassOf(?C, ?D1), http://rulewerk.semantic-web.org/inferred/subClassOf(?C, ?D2) :- http://rulewerk.semantic-web.org/inferred/subClassOf(?C, ?Y), http://rulewerk.semantic-web.org/normalForm/conj(?Y, ?D1, ?D2) >>>
21:07:59 [INFO] Execution step: Body
21:07:59 [INFO] Saved temporary table: 339 entries (9900)
21:07:59 [INFO] Saved temporary table: 339 entries (9900)
21:07:59 [INFO] Execution step: Duplicate Elimination (Datalog)
21:07:59 [INFO] Saved permanent table http://rulewerk.semantic-web.org/inferred/subClassOf (41) Permutation { idx_to_val: [], val_to_idx: [] } with 678 entries (11304)
21:07:59 [INFO] Rule duration: 1 ms
21:07:59 [INFO] <<< STEP 42: APPLYING RULE 4 http://rulewerk.semantic-web.org/inferred/subClassOf(?C, ?D1), http://rulewerk.semantic-web.org/inferred/subClassOf(?C, ?D2) :- http://rulewerk.semantic-web.org/inferred/subClassOf(?C, ?Y), http://rulewerk.semantic-web.org/normalForm/conj(?Y, ?D1, ?D2) >>>
21:07:59 [INFO] Execution step: Body
21:07:59 [INFO] Saved temporary table: 27 entries (8312)
21:07:59 [INFO] Saved temporary table: 27 entries (8312)
21:07:59 [INFO] Execution step: Duplicate Elimination (Datalog)
21:07:59 [INFO] Saved permanent table http://rulewerk.semantic-web.org/inferred/subClassOf (42) Permutation { idx_to_val: [], val_to_idx: [] } with 54 entries (8468)
21:07:59 [INFO] Rule duration: 0 ms
21:07:59 [INFO] <<< STEP 43: APPLYING RULE 4 http://rulewerk.semantic-web.org/inferred/subClassOf(?C, ?D1), http://rulewerk.semantic-web.org/inferred/subClassOf(?C, ?D2) :- http://rulewerk.semantic-web.org/inferred/subClassOf(?C, ?Y), http://rulewerk.semantic-web.org/normalForm/conj(?Y, ?D1, ?D2) >>>
21:07:59 [INFO] Execution step: Body
21:07:59 [INFO] Saved temporary table: 3 entries (6968)
21:07:59 [INFO] Saved temporary table: 3 entries (6968)
21:07:59 [INFO] Execution step: Duplicate Elimination (Datalog)
21:07:59 [INFO] Saved permanent table http://rulewerk.semantic-web.org/inferred/subClassOf (43) Permutation { idx_to_val: [], val_to_idx: [] } with 6 entries (7028)
21:07:59 [INFO] Rule duration: 0 ms
21:07:59 [INFO] <<< STEP 44: APPLYING RULE 4 http://rulewerk.semantic-web.org/inferred/subClassOf(?C, ?D1), http://rulewerk.semantic-web.org/inferred/subClassOf(?C, ?D2) :- http://rulewerk.semantic-web.org/inferred/subClassOf(?C, ?Y), http://rulewerk.semantic-web.org/normalForm/conj(?Y, ?D1, ?D2) >>>
21:07:59 [INFO] Execution step: Body
21:07:59 [INFO] Trie does not contain any elements
21:07:59 [INFO] Trie does not contain any elements
21:07:59 [INFO] Execution step: Duplicate Elimination (Datalog)
21:07:59 [INFO] Trie does not contain any elements
21:07:59 [INFO] Rule duration: 0 ms
21:07:59 [INFO] <<< STEP 45: APPLYING RULE 5 http://rulewerk.semantic-web.org/inferred/subClassOf(?C, ?I) :- http://rulewerk.semantic-web.org/inferred/subClassOf(?C, ?D1), http://rulewerk.semantic-web.org/inferred/subClassOf(?C, ?D2), http://rulewerk.semantic-web.org/normalForm/conj(?I, ?D1, ?D2), http://rulewerk.semantic-web.org/normalForm/isSubClass(?I) >>>
21:07:59 [INFO] Execution step: Body
21:07:59 [INFO] Saved temporary table: 38256 entries (397910)
21:07:59 [INFO] Execution step: Duplicate Elimination (Datalog)
21:07:59 [INFO] Saved permanent table http://rulewerk.semantic-web.org/inferred/subClassOf (45) Permutation { idx_to_val: [], val_to_idx: [] } with 22547 entries (197230)
21:07:59 [INFO] Rule duration: 157 ms
21:07:59 [INFO] <<< STEP 46: APPLYING RULE 5 http://rulewerk.semantic-web.org/inferred/subClassOf(?C, ?I) :- http://rulewerk.semantic-web.org/inferred/subClassOf(?C, ?D1), http://rulewerk.semantic-web.org/inferred/subClassOf(?C, ?D2), http://rulewerk.semantic-web.org/normalForm/conj(?I, ?D1, ?D2), http://rulewerk.semantic-web.org/normalForm/isSubClass(?I) >>>
21:07:59 [INFO] Execution step: Body
21:07:59 [INFO] Saved temporary table: 597 entries (12076)
21:07:59 [INFO] Execution step: Duplicate Elimination (Datalog)
21:07:59 [INFO] Saved permanent table http://rulewerk.semantic-web.org/inferred/subClassOf (46) Permutation { idx_to_val: [], val_to_idx: [] } with 597 entries (12124)
21:07:59 [INFO] Rule duration: 27 ms
21:07:59 [INFO] Execution step: Combining Tables
21:07:59 [INFO] Saved permanent table http://rulewerk.semantic-web.org/inferred/subClassOf (35-48) Permutation { idx_to_val: [], val_to_idx: [] } with 54562 entries (463182)
21:07:59 [INFO] <<< STEP 47: APPLYING RULE 5 http://rulewerk.semantic-web.org/inferred/subClassOf(?C, ?I) :- http://rulewerk.semantic-web.org/inferred/subClassOf(?C, ?D1), http://rulewerk.semantic-web.org/inferred/subClassOf(?C, ?D2), http://rulewerk.semantic-web.org/normalForm/conj(?I, ?D1, ?D2), http://rulewerk.semantic-web.org/normalForm/isSubClass(?I) >>>
21:07:59 [INFO] Execution step: Body
21:07:59 [INFO] Saved temporary table: 13 entries (7528)
21:07:59 [INFO] Execution step: Duplicate Elimination (Datalog)
21:07:59 [INFO] Saved permanent table http://rulewerk.semantic-web.org/inferred/subClassOf (47) Permutation { idx_to_val: [], val_to_idx: [] } with 13 entries (7576)
21:07:59 [INFO] Rule duration: 3 ms
21:07:59 [INFO] <<< STEP 48: APPLYING RULE 5 http://rulewerk.semantic-web.org/inferred/subClassOf(?C, ?I) :- http://rulewerk.semantic-web.org/inferred/subClassOf(?C, ?D1), http://rulewerk.semantic-web.org/inferred/subClassOf(?C, ?D2), http://rulewerk.semantic-web.org/normalForm/conj(?I, ?D1, ?D2), http://rulewerk.semantic-web.org/normalForm/isSubClass(?I) >>>
21:07:59 [INFO] Execution step: Body
21:07:59 [INFO] Trie does not contain any elements
21:07:59 [INFO] Execution step: Duplicate Elimination (Datalog)
21:07:59 [INFO] Trie does not contain any elements
21:07:59 [INFO] Rule duration: 0 ms
21:07:59 [INFO] <<< STEP 49: APPLYING RULE 6 http://rulewerk.semantic-web.org/inferred/ex(?E, ?R, ?C) :- http://rulewerk.semantic-web.org/inferred/subClassOf(?E, ?Y), http://rulewerk.semantic-web.org/normalForm/exists(?Y, ?R, ?C) >>>
21:07:59 [INFO] Execution step: Body
21:07:59 [INFO] Saved temporary table: 56942 entries (1066076)
21:07:59 [INFO] Execution step: Duplicate Elimination (Datalog)
21:07:59 [INFO] Saved permanent table http://rulewerk.semantic-web.org/inferred/ex (49) Permutation { idx_to_val: [], val_to_idx: [] } with 56942 entries (1066124)
21:07:59 [INFO] Rule duration: 77 ms
21:07:59 [INFO] <<< STEP 50: APPLYING RULE 7 http://rulewerk.semantic-web.org/inferred/subClassOf(?E, ?Y) :- http://rulewerk.semantic-web.org/inferred/ex(?E, ?R, ?C), http://rulewerk.semantic-web.org/inferred/subClassOf(?C, ?D), http://rulewerk.semantic-web.org/normalForm/subProp(?R, ?S), http://rulewerk.semantic-web.org/normalForm/exists(?Y, ?S, ?D), http://rulewerk.semantic-web.org/normalForm/isSubClass(?Y) >>>
21:08:00 [INFO] Execution step: Body
21:08:00 [INFO] Saved temporary table: 80403 entries (542294)
21:08:00 [INFO] Execution step: Duplicate Elimination (Datalog)
21:08:00 [INFO] Saved permanent table http://rulewerk.semantic-web.org/inferred/subClassOf (50) Permutation { idx_to_val: [], val_to_idx: [] } with 50490 entries (355430)
21:08:00 [INFO] Rule duration: 393 ms
21:08:00 [INFO] <<< STEP 51: APPLYING RULE 7 http://rulewerk.semantic-web.org/inferred/subClassOf(?E, ?Y) :- http://rulewerk.semantic-web.org/inferred/ex(?E, ?R, ?C), http://rulewerk.semantic-web.org/inferred/subClassOf(?C, ?D), http://rulewerk.semantic-web.org/normalForm/subProp(?R, ?S), http://rulewerk.semantic-web.org/normalForm/exists(?Y, ?S, ?D), http://rulewerk.semantic-web.org/normalForm/isSubClass(?Y) >>>
21:08:00 [INFO] Execution step: Body
21:08:00 [INFO] Trie does not contain any elements
21:08:00 [INFO] Execution step: Duplicate Elimination (Datalog)
21:08:00 [INFO] Trie does not contain any elements
21:08:00 [INFO] Rule duration: 6 ms
21:08:00 [INFO] <<< STEP 52: APPLYING RULE 8 http://rulewerk.semantic-web.org/inferred/ex(?E, ?S, ?D) :- http://rulewerk.semantic-web.org/inferred/ex(?E, ?R1, ?C), http://rulewerk.semantic-web.org/inferred/ex(?C, ?R2, ?D), http://rulewerk.semantic-web.org/normalForm/subProp(?R1, ?S1), http://rulewerk.semantic-web.org/normalForm/subProp(?R2, ?S2), http://rulewerk.semantic-web.org/normalForm/subPropChain(?S1, ?S2, ?S) >>>
21:08:00 [INFO] Execution step: Body
21:08:00 [INFO] Trie does not contain any elements
21:08:00 [INFO] Execution step: Duplicate Elimination (Datalog)
21:08:00 [INFO] Trie does not contain any elements
21:08:00 [INFO] Rule duration: 0 ms
21:08:00 [INFO] <<< STEP 53: APPLYING RULE 9 http://rulewerk.semantic-web.org/inferred/subClassOf(?C, ?E) :- http://rulewerk.semantic-web.org/inferred/subClassOf(?C, ?D), http://rulewerk.semantic-web.org/normalForm/subClassOf(?D, ?E) >>>
21:08:00 [INFO] Execution step: Body
21:08:00 [INFO] Saved temporary table: 42314 entries (413986)
21:08:00 [INFO] Execution step: Duplicate Elimination (Datalog)
21:08:00 [INFO] Saved permanent table http://rulewerk.semantic-web.org/inferred/subClassOf (53) Permutation { idx_to_val: [], val_to_idx: [] } with 42263 entries (413830)
21:08:00 [INFO] Rule duration: 103 ms
21:08:00 [INFO] <<< STEP 54: APPLYING RULE 9 http://rulewerk.semantic-web.org/inferred/subClassOf(?C, ?E) :- http://rulewerk.semantic-web.org/inferred/subClassOf(?C, ?D), http://rulewerk.semantic-web.org/normalForm/subClassOf(?D, ?E) >>>
21:08:00 [INFO] Execution step: Body
21:08:00 [INFO] Saved temporary table: 46744 entries (431706)
21:08:00 [INFO] Execution step: Duplicate Elimination (Datalog)
21:08:00 [INFO] Saved permanent table http://rulewerk.semantic-web.org/inferred/subClassOf (54) Permutation { idx_to_val: [], val_to_idx: [] } with 20299 entries (227286)
21:08:00 [INFO] Rule duration: 54 ms
21:08:00 [INFO] <<< STEP 55: APPLYING RULE 9 http://rulewerk.semantic-web.org/inferred/subClassOf(?C, ?E) :- http://rulewerk.semantic-web.org/inferred/subClassOf(?C, ?D), http://rulewerk.semantic-web.org/normalForm/subClassOf(?D, ?E) >>>
21:08:00 [INFO] Execution step: Body
21:08:00 [INFO] Saved temporary table: 12074 entries (165946)
21:08:00 [INFO] Execution step: Duplicate Elimination (Datalog)
21:08:00 [INFO] Saved permanent table http://rulewerk.semantic-web.org/inferred/subClassOf (55) Permutation { idx_to_val: [], val_to_idx: [] } with 11687 entries (161506)
21:08:00 [INFO] Rule duration: 16 ms
21:08:00 [INFO] <<< STEP 56: APPLYING RULE 9 http://rulewerk.semantic-web.org/inferred/subClassOf(?C, ?E) :- http://rulewerk.semantic-web.org/inferred/subClassOf(?C, ?D), http://rulewerk.semantic-web.org/normalForm/subClassOf(?D, ?E) >>>
21:08:00 [INFO] Execution step: Body
21:08:00 [INFO] Saved temporary table: 14149 entries (168102)
21:08:00 [INFO] Execution step: Duplicate Elimination (Datalog)
21:08:00 [INFO] Saved permanent table http://rulewerk.semantic-web.org/inferred/subClassOf (56) Permutation { idx_to_val: [], val_to_idx: [] } with 14012 entries (167386)
21:08:00 [INFO] Rule duration: 16 ms
21:08:00 [INFO] <<< STEP 57: APPLYING RULE 9 http://rulewerk.semantic-web.org/inferred/subClassOf(?C, ?E) :- http://rulewerk.semantic-web.org/inferred/subClassOf(?C, ?D), http://rulewerk.semantic-web.org/normalForm/subClassOf(?D, ?E) >>>
21:08:00 [INFO] Execution step: Body
21:08:00 [INFO] Saved temporary table: 10900 entries (152838)
21:08:00 [INFO] Execution step: Duplicate Elimination (Datalog)
21:08:00 [INFO] Saved permanent table http://rulewerk.semantic-web.org/inferred/subClassOf (57) Permutation { idx_to_val: [], val_to_idx: [] } with 10605 entries (151682)
21:08:00 [INFO] Rule duration: 15 ms
21:08:00 [INFO] <<< STEP 58: APPLYING RULE 9 http://rulewerk.semantic-web.org/inferred/subClassOf(?C, ?E) :- http://rulewerk.semantic-web.org/inferred/subClassOf(?C, ?D), http://rulewerk.semantic-web.org/normalForm/subClassOf(?D, ?E) >>>
21:08:00 [INFO] Execution step: Body
21:08:00 [INFO] Saved temporary table: 6992 entries (106006)
21:08:00 [INFO] Execution step: Duplicate Elimination (Datalog)
21:08:00 [INFO] Saved permanent table http://rulewerk.semantic-web.org/inferred/subClassOf (58) Permutation { idx_to_val: [], val_to_idx: [] } with 6791 entries (105250)
21:08:00 [INFO] Rule duration: 11 ms
21:08:00 [INFO] Execution step: Combining Tables
21:08:00 [INFO] Saved permanent table http://rulewerk.semantic-web.org/inferred/subClassOf (48-60) Permutation { idx_to_val: [], val_to_idx: [] } with 156147 entries (870866)
21:08:00 [INFO] <<< STEP 59: APPLYING RULE 9 http://rulewerk.semantic-web.org/inferred/subClassOf(?C, ?E) :- http://rulewerk.semantic-web.org/inferred/subClassOf(?C, ?D), http://rulewerk.semantic-web.org/normalForm/subClassOf(?D, ?E) >>>
21:08:00 [INFO] Execution step: Body
21:08:00 [INFO] Saved temporary table: 6614 entries (98230)
21:08:00 [INFO] Execution step: Duplicate Elimination (Datalog)
21:08:00 [INFO] Saved permanent table http://rulewerk.semantic-web.org/inferred/subClassOf (59) Permutation { idx_to_val: [], val_to_idx: [] } with 6439 entries (97578)
21:08:00 [INFO] Rule duration: 20 ms
21:08:00 [INFO] <<< STEP 60: APPLYING RULE 9 http://rulewerk.semantic-web.org/inferred/subClassOf(?C, ?E) :- http://rulewerk.semantic-web.org/inferred/subClassOf(?C, ?D), http://rulewerk.semantic-web.org/normalForm/subClassOf(?D, ?E) >>>
21:08:00 [INFO] Execution step: Body
21:08:00 [INFO] Saved temporary table: 3654 entries (61250)
21:08:00 [INFO] Execution step: Duplicate Elimination (Datalog)
21:08:00 [INFO] Saved permanent table http://rulewerk.semantic-web.org/inferred/subClassOf (60) Permutation { idx_to_val: [], val_to_idx: [] } with 3636 entries (61226)
21:08:00 [INFO] Rule duration: 13 ms
21:08:00 [INFO] <<< STEP 61: APPLYING RULE 9 http://rulewerk.semantic-web.org/inferred/subClassOf(?C, ?E) :- http://rulewerk.semantic-web.org/inferred/subClassOf(?C, ?D), http://rulewerk.semantic-web.org/normalForm/subClassOf(?D, ?E) >>>
21:08:00 [INFO] Execution step: Body
21:08:00 [INFO] Saved temporary table: 3460 entries (50538)
21:08:00 [INFO] Execution step: Duplicate Elimination (Datalog)
21:08:00 [INFO] Saved permanent table http://rulewerk.semantic-web.org/inferred/subClassOf (61) Permutation { idx_to_val: [], val_to_idx: [] } with 3460 entries (50586)
21:08:00 [INFO] Rule duration: 11 ms
21:08:00 [INFO] <<< STEP 62: APPLYING RULE 9 http://rulewerk.semantic-web.org/inferred/subClassOf(?C, ?E) :- http://rulewerk.semantic-web.org/inferred/subClassOf(?C, ?D), http://rulewerk.semantic-web.org/normalForm/subClassOf(?D, ?E) >>>
21:08:00 [INFO] Execution step: Body
21:08:00 [INFO] Saved temporary table: 2411 entries (42082)
21:08:00 [INFO] Execution step: Duplicate Elimination (Datalog)
21:08:00 [INFO] Saved permanent table http://rulewerk.semantic-web.org/inferred/subClassOf (62) Permutation { idx_to_val: [], val_to_idx: [] } with 2411 entries (42130)
21:08:00 [INFO] Rule duration: 8 ms
21:08:00 [INFO] <<< STEP 63: APPLYING RULE 9 http://rulewerk.semantic-web.org/inferred/subClassOf(?C, ?E) :- http://rulewerk.semantic-web.org/inferred/subClassOf(?C, ?D), http://rulewerk.semantic-web.org/normalForm/subClassOf(?D, ?E) >>>
21:08:00 [INFO] Execution step: Body
21:08:00 [INFO] Saved temporary table: 1437 entries (28058)
21:08:00 [INFO] Execution step: Duplicate Elimination (Datalog)
21:08:00 [INFO] Saved permanent table http://rulewerk.semantic-web.org/inferred/subClassOf (63) Permutation { idx_to_val: [], val_to_idx: [] } with 1437 entries (28106)
21:08:00 [INFO] Rule duration: 3 ms
21:08:00 [INFO] <<< STEP 64: APPLYING RULE 9 http://rulewerk.semantic-web.org/inferred/subClassOf(?C, ?E) :- http://rulewerk.semantic-web.org/inferred/subClassOf(?C, ?D), http://rulewerk.semantic-web.org/normalForm/subClassOf(?D, ?E) >>>
21:08:00 [INFO] Execution step: Body
21:08:00 [INFO] Saved temporary table: 1137 entries (23306)
21:08:00 [INFO] Execution step: Duplicate Elimination (Datalog)
21:08:00 [INFO] Saved permanent table http://rulewerk.semantic-web.org/inferred/subClassOf (64) Permutation { idx_to_val: [], val_to_idx: [] } with 1137 entries (23354)
21:08:00 [INFO] Rule duration: 2 ms
21:08:00 [INFO] <<< STEP 65: APPLYING RULE 9 http://rulewerk.semantic-web.org/inferred/subClassOf(?C, ?E) :- http://rulewerk.semantic-web.org/inferred/subClassOf(?C, ?D), http://rulewerk.semantic-web.org/normalForm/subClassOf(?D, ?E) >>>
21:08:00 [INFO] Execution step: Body
21:08:00 [INFO] Saved temporary table: 436 entries (10676)
21:08:00 [INFO] Execution step: Duplicate Elimination (Datalog)
21:08:00 [INFO] Saved permanent table http://rulewerk.semantic-web.org/inferred/subClassOf (65) Permutation { idx_to_val: [], val_to_idx: [] } with 436 entries (10724)
21:08:00 [INFO] Rule duration: 1 ms
21:08:00 [INFO] <<< STEP 66: APPLYING RULE 9 http://rulewerk.semantic-web.org/inferred/subClassOf(?C, ?E) :- http://rulewerk.semantic-web.org/inferred/subClassOf(?C, ?D), http://rulewerk.semantic-web.org/normalForm/subClassOf(?D, ?E) >>>
21:08:00 [INFO] Execution step: Body
21:08:00 [INFO] Saved temporary table: 243 entries (9132)
21:08:00 [INFO] Execution step: Duplicate Elimination (Datalog)
21:08:00 [INFO] Saved permanent table http://rulewerk.semantic-web.org/inferred/subClassOf (66) Permutation { idx_to_val: [], val_to_idx: [] } with 243 entries (9180)
21:08:00 [INFO] Rule duration: 1 ms
21:08:00 [INFO] Execution step: Combining Tables
21:08:00 [INFO] Saved permanent table http://rulewerk.semantic-web.org/inferred/subClassOf (60-68) Permutation { idx_to_val: [], val_to_idx: [] } with 12760 entries (97722)
21:08:00 [INFO] <<< STEP 67: APPLYING RULE 9 http://rulewerk.semantic-web.org/inferred/subClassOf(?C, ?E) :- http://rulewerk.semantic-web.org/inferred/subClassOf(?C, ?D), http://rulewerk.semantic-web.org/normalForm/subClassOf(?D, ?E) >>>
21:08:00 [INFO] Execution step: Body
21:08:00 [INFO] Saved temporary table: 273 entries (9986)
21:08:00 [INFO] Execution step: Duplicate Elimination (Datalog)
21:08:00 [INFO] Saved permanent table http://rulewerk.semantic-web.org/inferred/subClassOf (67) Permutation { idx_to_val: [], val_to_idx: [] } with 273 entries (10034)
21:08:00 [INFO] Rule duration: 0 ms
21:08:00 [INFO] <<< STEP 68: APPLYING RULE 9 http://rulewerk.semantic-web.org/inferred/subClassOf(?C, ?E) :- http://rulewerk.semantic-web.org/inferred/subClassOf(?C, ?D), http://rulewerk.semantic-web.org/normalForm/subClassOf(?D, ?E) >>>
21:08:00 [INFO] Execution step: Body
21:08:00 [INFO] Saved temporary table: 63 entries (7502)
21:08:00 [INFO] Execution step: Duplicate Elimination (Datalog)
21:08:00 [INFO] Saved permanent table http://rulewerk.semantic-web.org/inferred/subClassOf (68) Permutation { idx_to_val: [], val_to_idx: [] } with 63 entries (7550)
21:08:00 [INFO] Rule duration: 0 ms
21:08:00 [INFO] <<< STEP 69: APPLYING RULE 9 http://rulewerk.semantic-web.org/inferred/subClassOf(?C, ?E) :- http://rulewerk.semantic-web.org/inferred/subClassOf(?C, ?D), http://rulewerk.semantic-web.org/normalForm/subClassOf(?D, ?E) >>>
21:08:00 [INFO] Execution step: Body
21:08:00 [INFO] Saved temporary table: 63 entries (7502)
21:08:00 [INFO] Execution step: Duplicate Elimination (Datalog)
21:08:00 [INFO] Saved permanent table http://rulewerk.semantic-web.org/inferred/subClassOf (69) Permutation { idx_to_val: [], val_to_idx: [] } with 63 entries (7550)
21:08:00 [INFO] Rule duration: 0 ms
21:08:00 [INFO] <<< STEP 70: APPLYING RULE 9 http://rulewerk.semantic-web.org/inferred/subClassOf(?C, ?E) :- http://rulewerk.semantic-web.org/inferred/subClassOf(?C, ?D), http://rulewerk.semantic-web.org/normalForm/subClassOf(?D, ?E) >>>
21:08:00 [INFO] Execution step: Body
21:08:00 [INFO] Saved temporary table: 189 entries (8196)
21:08:00 [INFO] Execution step: Duplicate Elimination (Datalog)
21:08:00 [INFO] Saved permanent table http://rulewerk.semantic-web.org/inferred/subClassOf (70) Permutation { idx_to_val: [], val_to_idx: [] } with 189 entries (8244)
21:08:00 [INFO] Rule duration: 0 ms
21:08:00 [INFO] <<< STEP 71: APPLYING RULE 9 http://rulewerk.semantic-web.org/inferred/subClassOf(?C, ?E) :- http://rulewerk.semantic-web.org/inferred/subClassOf(?C, ?D), http://rulewerk.semantic-web.org/normalForm/subClassOf(?D, ?E) >>>
21:08:00 [INFO] Execution step: Body
21:08:00 [INFO] Saved temporary table: 63 entries (7502)
21:08:00 [INFO] Execution step: Duplicate Elimination (Datalog)
21:08:00 [INFO] Saved permanent table http://rulewerk.semantic-web.org/inferred/subClassOf (71) Permutation { idx_to_val: [], val_to_idx: [] } with 63 entries (7550)
21:08:00 [INFO] Rule duration: 0 ms
21:08:00 [INFO] <<< STEP 72: APPLYING RULE 9 http://rulewerk.semantic-web.org/inferred/subClassOf(?C, ?E) :- http://rulewerk.semantic-web.org/inferred/subClassOf(?C, ?D), http://rulewerk.semantic-web.org/normalForm/subClassOf(?D, ?E) >>>
21:08:00 [INFO] Execution step: Body
21:08:00 [INFO] Saved temporary table: 63 entries (7502)
21:08:00 [INFO] Execution step: Duplicate Elimination (Datalog)
21:08:00 [INFO] Saved permanent table http://rulewerk.semantic-web.org/inferred/subClassOf (72) Permutation { idx_to_val: [], val_to_idx: [] } with 63 entries (7550)
21:08:00 [INFO] Rule duration: 0 ms
21:08:00 [INFO] <<< STEP 73: APPLYING RULE 9 http://rulewerk.semantic-web.org/inferred/subClassOf(?C, ?E) :- http://rulewerk.semantic-web.org/inferred/subClassOf(?C, ?D), http://rulewerk.semantic-web.org/normalForm/subClassOf(?D, ?E) >>>
21:08:00 [INFO] Execution step: Body
21:08:00 [INFO] Saved temporary table: 63 entries (7502)
21:08:00 [INFO] Execution step: Duplicate Elimination (Datalog)
21:08:00 [INFO] Saved permanent table http://rulewerk.semantic-web.org/inferred/subClassOf (73) Permutation { idx_to_val: [], val_to_idx: [] } with 63 entries (7550)
21:08:00 [INFO] Rule duration: 0 ms
21:08:00 [INFO] <<< STEP 74: APPLYING RULE 9 http://rulewerk.semantic-web.org/inferred/subClassOf(?C, ?E) :- http://rulewerk.semantic-web.org/inferred/subClassOf(?C, ?D), http://rulewerk.semantic-web.org/normalForm/subClassOf(?D, ?E) >>>
21:08:00 [INFO] Execution step: Body
21:08:00 [INFO] Trie does not contain any elements
21:08:00 [INFO] Execution step: Duplicate Elimination (Datalog)
21:08:00 [INFO] Trie does not contain any elements
21:08:00 [INFO] Rule duration: 0 ms
21:08:00 [INFO] <<< STEP 75: APPLYING RULE 10 http://rulewerk.semantic-web.org/inferred/subClassOf(?E, "<http://www.w3.org/2002/07/owl#Nothing>") :- http://rulewerk.semantic-web.org/inferred/ex(?E, ?R, ?C), http://rulewerk.semantic-web.org/inferred/subClassOf(?C, ?_BODY_1), Equal(?_BODY_1, "<http://www.w3.org/2002/07/owl#Nothing>") >>>
21:08:00 [INFO] Execution step: Body
21:08:00 [INFO] Trie does not contain any elements
21:08:00 [INFO] Execution step: Duplicate Elimination (Datalog)
21:08:00 [INFO] Trie does not contain any elements
21:08:00 [INFO] Rule duration: 12 ms
21:08:00 [INFO] <<< STEP 76: APPLYING RULE 1 http://rulewerk.semantic-web.org/inferred/init(?C) :- http://rulewerk.semantic-web.org/inferred/ex(?E, ?R, ?C) >>>
21:08:00 [INFO] Execution step: Body
21:08:00 [INFO] Saved temporary table: 8012 entries (35448)
21:08:00 [INFO] Execution step: Duplicate Elimination (Datalog)
21:08:00 [INFO] Saved permanent table http://rulewerk.semantic-web.org/inferred/init (76) Permutation { idx_to_val: [], val_to_idx: [] } with 2396 entries (13032)
21:08:00 [INFO] Rule duration: 15 ms
21:08:00 [INFO] <<< STEP 77: APPLYING RULE 2 http://rulewerk.semantic-web.org/inferred/subClassOf(?C, ?C) :- http://rulewerk.semantic-web.org/inferred/init(?C) >>>
21:08:00 [INFO] Execution step: Body
21:08:00 [INFO] Saved temporary table: 2396 entries (12984)
21:08:00 [INFO] Execution step: Duplicate Elimination (Datalog)
21:08:00 [INFO] Saved permanent table http://rulewerk.semantic-web.org/inferred/subClassOf (77) Permutation { idx_to_val: [], val_to_idx: [] } with 2396 entries (26404)
21:08:00 [INFO] Rule duration: 1 ms
21:08:00 [INFO] Execution step: Combining Tables
21:08:00 [INFO] Saved permanent table http://rulewerk.semantic-web.org/inferred/subClassOf (68-79) Permutation { idx_to_val: [], val_to_idx: [] } with 2900 entries (28690)
21:08:00 [INFO] <<< STEP 78: APPLYING RULE 4 http://rulewerk.semantic-web.org/inferred/subClassOf(?C, ?D1), http://rulewerk.semantic-web.org/inferred/subClassOf(?C, ?D2) :- http://rulewerk.semantic-web.org/inferred/subClassOf(?C, ?Y), http://rulewerk.semantic-web.org/normalForm/conj(?Y, ?D1, ?D2) >>>
21:08:00 [INFO] Execution step: Body
21:08:00 [INFO] Saved temporary table: 22756 entries (279546)
21:08:00 [INFO] Saved temporary table: 27543 entries (298694)
21:08:00 [INFO] Execution step: Duplicate Elimination (Datalog)
21:08:00 [INFO] Saved permanent table http://rulewerk.semantic-web.org/inferred/subClassOf (78) Permutation { idx_to_val: [], val_to_idx: [] } with 13982 entries (148654)
21:08:00 [INFO] Rule duration: 95 ms
21:08:00 [INFO] <<< STEP 79: APPLYING RULE 4 http://rulewerk.semantic-web.org/inferred/subClassOf(?C, ?D1), http://rulewerk.semantic-web.org/inferred/subClassOf(?C, ?D2) :- http://rulewerk.semantic-web.org/inferred/subClassOf(?C, ?Y), http://rulewerk.semantic-web.org/normalForm/conj(?Y, ?D1, ?D2) >>>
21:08:00 [INFO] Execution step: Body
21:08:00 [INFO] Saved temporary table: 703 entries (12812)
21:08:00 [INFO] Saved temporary table: 703 entries (12812)
21:08:00 [INFO] Execution step: Duplicate Elimination (Datalog)
21:08:00 [INFO] Saved permanent table http://rulewerk.semantic-web.org/inferred/subClassOf (79) Permutation { idx_to_val: [], val_to_idx: [] } with 1352 entries (21022)
21:08:00 [INFO] Rule duration: 4 ms
21:08:00 [INFO] <<< STEP 80: APPLYING RULE 4 http://rulewerk.semantic-web.org/inferred/subClassOf(?C, ?D1), http://rulewerk.semantic-web.org/inferred/subClassOf(?C, ?D2) :- http://rulewerk.semantic-web.org/inferred/subClassOf(?C, ?Y), http://rulewerk.semantic-web.org/normalForm/conj(?Y, ?D1, ?D2) >>>
21:08:00 [INFO] Execution step: Body
21:08:00 [INFO] Saved temporary table: 108 entries (8052)
21:08:00 [INFO] Saved temporary table: 108 entries (8052)
21:08:00 [INFO] Execution step: Duplicate Elimination (Datalog)
21:08:00 [INFO] Saved permanent table http://rulewerk.semantic-web.org/inferred/subClassOf (80) Permutation { idx_to_val: [], val_to_idx: [] } with 206 entries (9298)
21:08:00 [INFO] Rule duration: 1 ms
21:08:00 [INFO] <<< STEP 81: APPLYING RULE 4 http://rulewerk.semantic-web.org/inferred/subClassOf(?C, ?D1), http://rulewerk.semantic-web.org/inferred/subClassOf(?C, ?D2) :- http://rulewerk.semantic-web.org/inferred/subClassOf(?C, ?Y), http://rulewerk.semantic-web.org/normalForm/conj(?Y, ?D1, ?D2) >>>
21:08:00 [INFO] Execution step: Body
21:08:00 [INFO] Saved temporary table: 14 entries (7584)
21:08:00 [INFO] Saved temporary table: 14 entries (7584)
21:08:00 [INFO] Execution step: Duplicate Elimination (Datalog)
21:08:00 [INFO] Saved permanent table http://rulewerk.semantic-web.org/inferred/subClassOf (81) Permutation { idx_to_val: [], val_to_idx: [] } with 27 entries (7684)
21:08:00 [INFO] Rule duration: 0 ms
21:08:00 [INFO] <<< STEP 82: APPLYING RULE 4 http://rulewerk.semantic-web.org/inferred/subClassOf(?C, ?D1), http://rulewerk.semantic-web.org/inferred/subClassOf(?C, ?D2) :- http://rulewerk.semantic-web.org/inferred/subClassOf(?C, ?Y), http://rulewerk.semantic-web.org/normalForm/conj(?Y, ?D1, ?D2) >>>
21:08:00 [INFO] Execution step: Body
21:08:00 [INFO] Trie does not contain any elements
21:08:00 [INFO] Trie does not contain any elements
21:08:00 [INFO] Execution step: Duplicate Elimination (Datalog)
21:08:00 [INFO] Trie does not contain any elements
21:08:00 [INFO] Rule duration: 0 ms
21:08:00 [INFO] <<< STEP 83: APPLYING RULE 5 http://rulewerk.semantic-web.org/inferred/subClassOf(?C, ?I) :- http://rulewerk.semantic-web.org/inferred/subClassOf(?C, ?D1), http://rulewerk.semantic-web.org/inferred/subClassOf(?C, ?D2), http://rulewerk.semantic-web.org/normalForm/conj(?I, ?D1, ?D2), http://rulewerk.semantic-web.org/normalForm/isSubClass(?I) >>>
21:08:00 [INFO] Execution step: Body
21:08:01 [INFO] Saved temporary table: 57922 entries (467850)
21:08:01 [INFO] Execution step: Duplicate Elimination (Datalog)
21:08:01 [INFO] Saved permanent table http://rulewerk.semantic-web.org/inferred/subClassOf (83) Permutation { idx_to_val: [], val_to_idx: [] } with 50411 entries (382558)
21:08:01 [INFO] Rule duration: 285 ms
21:08:01 [INFO] <<< STEP 84: APPLYING RULE 5 http://rulewerk.semantic-web.org/inferred/subClassOf(?C, ?I) :- http://rulewerk.semantic-web.org/inferred/subClassOf(?C, ?D1), http://rulewerk.semantic-web.org/inferred/subClassOf(?C, ?D2), http://rulewerk.semantic-web.org/normalForm/conj(?I, ?D1, ?D2), http://rulewerk.semantic-web.org/normalForm/isSubClass(?I) >>>
21:08:01 [INFO] Execution step: Body
21:08:01 [INFO] Saved temporary table: 2094 entries (38306)
21:08:01 [INFO] Execution step: Duplicate Elimination (Datalog)
21:08:01 [INFO] Saved permanent table http://rulewerk.semantic-web.org/inferred/subClassOf (84) Permutation { idx_to_val: [], val_to_idx: [] } with 2094 entries (38354)
21:08:01 [INFO] Rule duration: 106 ms
21:08:01 [INFO] <<< STEP 85: APPLYING RULE 5 http://rulewerk.semantic-web.org/inferred/subClassOf(?C, ?I) :- http://rulewerk.semantic-web.org/inferred/subClassOf(?C, ?D1), http://rulewerk.semantic-web.org/inferred/subClassOf(?C, ?D2), http://rulewerk.semantic-web.org/normalForm/conj(?I, ?D1, ?D2), http://rulewerk.semantic-web.org/normalForm/isSubClass(?I) >>>
21:08:01 [INFO] Execution step: Body
21:08:01 [INFO] Saved temporary table: 26 entries (8204)
21:08:01 [INFO] Execution step: Duplicate Elimination (Datalog)
21:08:01 [INFO] Saved permanent table http://rulewerk.semantic-web.org/inferred/subClassOf (85) Permutation { idx_to_val: [], val_to_idx: [] } with 26 entries (8252)
21:08:01 [INFO] Rule duration: 17 ms
21:08:01 [INFO] <<< STEP 86: APPLYING RULE 5 http://rulewerk.semantic-web.org/inferred/subClassOf(?C, ?I) :- http://rulewerk.semantic-web.org/inferred/subClassOf(?C, ?D1), http://rulewerk.semantic-web.org/inferred/subClassOf(?C, ?D2), http://rulewerk.semantic-web.org/normalForm/conj(?I, ?D1, ?D2), http://rulewerk.semantic-web.org/normalForm/isSubClass(?I) >>>
21:08:01 [INFO] Execution step: Body
21:08:01 [INFO] Trie does not contain any elements
21:08:01 [INFO] Execution step: Duplicate Elimination (Datalog)
21:08:01 [INFO] Trie does not contain any elements
21:08:01 [INFO] Rule duration: 0 ms
21:08:01 [INFO] <<< STEP 87: APPLYING RULE 6 http://rulewerk.semantic-web.org/inferred/ex(?E, ?R, ?C) :- http://rulewerk.semantic-web.org/inferred/subClassOf(?E, ?Y), http://rulewerk.semantic-web.org/normalForm/exists(?Y, ?R, ?C) >>>
21:08:01 [INFO] Execution step: Body
21:08:01 [INFO] Saved temporary table: 81489 entries (1256340)
21:08:01 [INFO] Execution step: Duplicate Elimination (Datalog)
21:08:01 [INFO] Saved permanent table http://rulewerk.semantic-web.org/inferred/ex (87) Permutation { idx_to_val: [], val_to_idx: [] } with 81489 entries (1256388)
21:08:01 [INFO] Rule duration: 94 ms
21:08:01 [INFO] <<< STEP 88: APPLYING RULE 7 http://rulewerk.semantic-web.org/inferred/subClassOf(?E, ?Y) :- http://rulewerk.semantic-web.org/inferred/ex(?E, ?R, ?C), http://rulewerk.semantic-web.org/inferred/subClassOf(?C, ?D), http://rulewerk.semantic-web.org/normalForm/subProp(?R, ?S), http://rulewerk.semantic-web.org/normalForm/exists(?Y, ?S, ?D), http://rulewerk.semantic-web.org/normalForm/isSubClass(?Y) >>>
21:08:01 [INFO] Execution step: Body
21:08:02 [INFO] Saved temporary table: 133147 entries (770034)
21:08:02 [INFO] Execution step: Duplicate Elimination (Datalog)
21:08:02 [INFO] Saved permanent table http://rulewerk.semantic-web.org/inferred/subClassOf (88) Permutation { idx_to_val: [], val_to_idx: [] } with 54923 entries (393346)
21:08:02 [INFO] Rule duration: 905 ms
21:08:02 [INFO] Execution step: Combining Tables
21:08:02 [INFO] Saved permanent table http://rulewerk.semantic-web.org/inferred/subClassOf (79-90) Permutation { idx_to_val: [], val_to_idx: [] } with 109039 entries (675498)
21:08:02 [INFO] <<< STEP 89: APPLYING RULE 7 http://rulewerk.semantic-web.org/inferred/subClassOf(?E, ?Y) :- http://rulewerk.semantic-web.org/inferred/ex(?E, ?R, ?C), http://rulewerk.semantic-web.org/inferred/subClassOf(?C, ?D), http://rulewerk.semantic-web.org/normalForm/subProp(?R, ?S), http://rulewerk.semantic-web.org/normalForm/exists(?Y, ?S, ?D), http://rulewerk.semantic-web.org/normalForm/isSubClass(?Y) >>>
21:08:02 [INFO] Execution step: Body
21:08:02 [INFO] Trie does not contain any elements
21:08:02 [INFO] Execution step: Duplicate Elimination (Datalog)
21:08:02 [INFO] Trie does not contain any elements
21:08:02 [INFO] Rule duration: 11 ms
21:08:02 [INFO] <<< STEP 90: APPLYING RULE 8 http://rulewerk.semantic-web.org/inferred/ex(?E, ?S, ?D) :- http://rulewerk.semantic-web.org/inferred/ex(?E, ?R1, ?C), http://rulewerk.semantic-web.org/inferred/ex(?C, ?R2, ?D), http://rulewerk.semantic-web.org/normalForm/subProp(?R1, ?S1), http://rulewerk.semantic-web.org/normalForm/subProp(?R2, ?S2), http://rulewerk.semantic-web.org/normalForm/subPropChain(?S1, ?S2, ?S) >>>
21:08:02 [INFO] Execution step: Body
21:08:02 [INFO] Trie does not contain any elements
21:08:02 [INFO] Execution step: Duplicate Elimination (Datalog)
21:08:02 [INFO] Trie does not contain any elements
21:08:02 [INFO] Rule duration: 0 ms
21:08:02 [INFO] <<< STEP 91: APPLYING RULE 9 http://rulewerk.semantic-web.org/inferred/subClassOf(?C, ?E) :- http://rulewerk.semantic-web.org/inferred/subClassOf(?C, ?D), http://rulewerk.semantic-web.org/normalForm/subClassOf(?D, ?E) >>>
21:08:02 [INFO] Execution step: Body
21:08:02 [INFO] Saved temporary table: 55642 entries (456990)
21:08:02 [INFO] Execution step: Duplicate Elimination (Datalog)
21:08:02 [INFO] Saved permanent table http://rulewerk.semantic-web.org/inferred/subClassOf (91) Permutation { idx_to_val: [], val_to_idx: [] } with 55619 entries (456946)
21:08:02 [INFO] Rule duration: 79 ms
21:08:02 [INFO] <<< STEP 92: APPLYING RULE 9 http://rulewerk.semantic-web.org/inferred/subClassOf(?C, ?E) :- http://rulewerk.semantic-web.org/inferred/subClassOf(?C, ?D), http://rulewerk.semantic-web.org/normalForm/subClassOf(?D, ?E) >>>
21:08:02 [INFO] Execution step: Body
21:08:02 [INFO] Saved temporary table: 60292 entries (475590)
21:08:02 [INFO] Execution step: Duplicate Elimination (Datalog)
21:08:02 [INFO] Saved permanent table http://rulewerk.semantic-web.org/inferred/subClassOf (92) Permutation { idx_to_val: [], val_to_idx: [] } with 10740 entries (140126)
21:08:02 [INFO] Rule duration: 67 ms
21:08:02 [INFO] <<< STEP 93: APPLYING RULE 9 http://rulewerk.semantic-web.org/inferred/subClassOf(?C, ?E) :- http://rulewerk.semantic-web.org/inferred/subClassOf(?C, ?D), http://rulewerk.semantic-web.org/normalForm/subClassOf(?D, ?E) >>>
21:08:02 [INFO] Execution step: Body
21:08:02 [INFO] Saved temporary table: 6177 entries (82850)
21:08:02 [INFO] Execution step: Duplicate Elimination (Datalog)
21:08:02 [INFO] Saved permanent table http://rulewerk.semantic-web.org/inferred/subClassOf (93) Permutation { idx_to_val: [], val_to_idx: [] } with 5620 entries (79494)
21:08:02 [INFO] Rule duration: 11 ms
21:08:02 [INFO] <<< STEP 94: APPLYING RULE 9 http://rulewerk.semantic-web.org/inferred/subClassOf(?C, ?E) :- http://rulewerk.semantic-web.org/inferred/subClassOf(?C, ?D), http://rulewerk.semantic-web.org/normalForm/subClassOf(?D, ?E) >>>
21:08:02 [INFO] Execution step: Body
21:08:02 [INFO] Saved temporary table: 6714 entries (81290)
21:08:02 [INFO] Execution step: Duplicate Elimination (Datalog)
21:08:02 [INFO] Saved permanent table http://rulewerk.semantic-web.org/inferred/subClassOf (94) Permutation { idx_to_val: [], val_to_idx: [] } with 6647 entries (81058)
21:08:02 [INFO] Rule duration: 10 ms
21:08:02 [INFO] <<< STEP 95: APPLYING RULE 9 http://rulewerk.semantic-web.org/inferred/subClassOf(?C, ?E) :- http://rulewerk.semantic-web.org/inferred/subClassOf(?C, ?D), http://rulewerk.semantic-web.org/normalForm/subClassOf(?D, ?E) >>>
21:08:02 [INFO] Execution step: Body
21:08:02 [INFO] Saved temporary table: 5579 entries (76102)
21:08:02 [INFO] Execution step: Duplicate Elimination (Datalog)
21:08:02 [INFO] Saved permanent table http://rulewerk.semantic-web.org/inferred/subClassOf (95) Permutation { idx_to_val: [], val_to_idx: [] } with 5294 entries (75010)
21:08:02 [INFO] Rule duration: 10 ms
21:08:02 [INFO] <<< STEP 96: APPLYING RULE 9 http://rulewerk.semantic-web.org/inferred/subClassOf(?C, ?E) :- http://rulewerk.semantic-web.org/inferred/subClassOf(?C, ?D), http://rulewerk.semantic-web.org/normalForm/subClassOf(?D, ?E) >>>
21:08:02 [INFO] Execution step: Body
21:08:02 [INFO] Saved temporary table: 4220 entries (65386)
21:08:02 [INFO] Execution step: Duplicate Elimination (Datalog)
21:08:02 [INFO] Saved permanent table http://rulewerk.semantic-web.org/inferred/subClassOf (96) Permutation { idx_to_val: [], val_to_idx: [] } with 3912 entries (64202)
21:08:02 [INFO] Rule duration: 9 ms
21:08:02 [INFO] <<< STEP 97: APPLYING RULE 9 http://rulewerk.semantic-web.org/inferred/subClassOf(?C, ?E) :- http://rulewerk.semantic-web.org/inferred/subClassOf(?C, ?D), http://rulewerk.semantic-web.org/normalForm/subClassOf(?D, ?E) >>>
21:08:02 [INFO] Execution step: Body
21:08:02 [INFO] Saved temporary table: 3491 entries (54670)
21:08:02 [INFO] Execution step: Duplicate Elimination (Datalog)
21:08:02 [INFO] Saved permanent table http://rulewerk.semantic-web.org/inferred/subClassOf (97) Permutation { idx_to_val: [], val_to_idx: [] } with 3247 entries (53742)
21:08:02 [INFO] Rule duration: 8 ms
21:08:02 [INFO] <<< STEP 98: APPLYING RULE 9 http://rulewerk.semantic-web.org/inferred/subClassOf(?C, ?E) :- http://rulewerk.semantic-web.org/inferred/subClassOf(?C, ?D), http://rulewerk.semantic-web.org/normalForm/subClassOf(?D, ?E) >>>
21:08:02 [INFO] Execution step: Body
21:08:02 [INFO] Saved temporary table: 1658 entries (32122)
21:08:02 [INFO] Execution step: Duplicate Elimination (Datalog)
21:08:02 [INFO] Saved permanent table http://rulewerk.semantic-web.org/inferred/subClassOf (98) Permutation { idx_to_val: [], val_to_idx: [] } with 1602 entries (31946)
21:08:02 [INFO] Rule duration: 4 ms
21:08:02 [INFO] Execution step: Combining Tables
21:08:02 [INFO] Saved permanent table http://rulewerk.semantic-web.org/inferred/subClassOf (90-100) Permutation { idx_to_val: [], val_to_idx: [] } with 92681 entries (605194)
21:08:02 [INFO] <<< STEP 99: APPLYING RULE 9 http://rulewerk.semantic-web.org/inferred/subClassOf(?C, ?E) :- http://rulewerk.semantic-web.org/inferred/subClassOf(?C, ?D), http://rulewerk.semantic-web.org/normalForm/subClassOf(?D, ?E) >>>
21:08:02 [INFO] Execution step: Body
21:08:02 [INFO] Saved temporary table: 1245 entries (23366)
21:08:02 [INFO] Execution step: Duplicate Elimination (Datalog)
21:08:02 [INFO] Saved permanent table http://rulewerk.semantic-web.org/inferred/subClassOf (99) Permutation { idx_to_val: [], val_to_idx: [] } with 1240 entries (23394)
21:08:02 [INFO] Rule duration: 3 ms
21:08:02 [INFO] <<< STEP 100: APPLYING RULE 9 http://rulewerk.semantic-web.org/inferred/subClassOf(?C, ?E) :- http://rulewerk.semantic-web.org/inferred/subClassOf(?C, ?D), http://rulewerk.semantic-web.org/normalForm/subClassOf(?D, ?E) >>>
21:08:02 [INFO] Execution step: Body
21:08:02 [INFO] Saved temporary table: 883 entries (19986)
21:08:02 [INFO] Execution step: Duplicate Elimination (Datalog)
21:08:02 [INFO] Saved permanent table http://rulewerk.semantic-web.org/inferred/subClassOf (100) Permutation { idx_to_val: [], val_to_idx: [] } with 883 entries (20034)
21:08:02 [INFO] Rule duration: 2 ms
21:08:02 [INFO] <<< STEP 101: APPLYING RULE 9 http://rulewerk.semantic-web.org/inferred/subClassOf(?C, ?E) :- http://rulewerk.semantic-web.org/inferred/subClassOf(?C, ?D), http://rulewerk.semantic-web.org/normalForm/subClassOf(?D, ?E) >>>
21:08:02 [INFO] Execution step: Body
21:08:02 [INFO] Saved temporary table: 550 entries (14274)
21:08:02 [INFO] Execution step: Duplicate Elimination (Datalog)
21:08:02 [INFO] Saved permanent table http://rulewerk.semantic-web.org/inferred/subClassOf (101) Permutation { idx_to_val: [], val_to_idx: [] } with 550 entries (14322)
21:08:02 [INFO] Rule duration: 1 ms
21:08:02 [INFO] <<< STEP 102: APPLYING RULE 9 http://rulewerk.semantic-web.org/inferred/subClassOf(?C, ?E) :- http://rulewerk.semantic-web.org/inferred/subClassOf(?C, ?D), http://rulewerk.semantic-web.org/normalForm/subClassOf(?D, ?E) >>>
21:08:02 [INFO] Execution step: Body
21:08:02 [INFO] Saved temporary table: 402 entries (12962)
21:08:02 [INFO] Execution step: Duplicate Elimination (Datalog)
21:08:02 [INFO] Saved permanent table http://rulewerk.semantic-web.org/inferred/subClassOf (102) Permutation { idx_to_val: [], val_to_idx: [] } with 402 entries (13010)
21:08:02 [INFO] Rule duration: 1 ms
21:08:02 [INFO] <<< STEP 103: APPLYING RULE 9 http://rulewerk.semantic-web.org/inferred/subClassOf(?C, ?E) :- http://rulewerk.semantic-web.org/inferred/subClassOf(?C, ?D), http://rulewerk.semantic-web.org/normalForm/subClassOf(?D, ?E) >>>
21:08:02 [INFO] Execution step: Body
21:08:02 [INFO] Saved temporary table: 185 entries (8668)
21:08:02 [INFO] Execution step: Duplicate Elimination (Datalog)
21:08:02 [INFO] Saved permanent table http://rulewerk.semantic-web.org/inferred/subClassOf (103) Permutation { idx_to_val: [], val_to_idx: [] } with 185 entries (8716)
21:08:02 [INFO] Rule duration: 0 ms
21:08:02 [INFO] <<< STEP 104: APPLYING RULE 9 http://rulewerk.semantic-web.org/inferred/subClassOf(?C, ?E) :- http://rulewerk.semantic-web.org/inferred/subClassOf(?C, ?D), http://rulewerk.semantic-web.org/normalForm/subClassOf(?D, ?E) >>>
21:08:02 [INFO] Execution step: Body
21:08:02 [INFO] Saved temporary table: 120 entries (8148)
21:08:02 [INFO] Execution step: Duplicate Elimination (Datalog)
21:08:02 [INFO] Saved permanent table http://rulewerk.semantic-web.org/inferred/subClassOf (104) Permutation { idx_to_val: [], val_to_idx: [] } with 120 entries (8196)
21:08:02 [INFO] Rule duration: 0 ms
21:08:02 [INFO] <<< STEP 105: APPLYING RULE 9 http://rulewerk.semantic-web.org/inferred/subClassOf(?C, ?E) :- http://rulewerk.semantic-web.org/inferred/subClassOf(?C, ?D), http://rulewerk.semantic-web.org/normalForm/subClassOf(?D, ?E) >>>
21:08:02 [INFO] Execution step: Body
21:08:02 [INFO] Saved temporary table: 97 entries (9736)
21:08:02 [INFO] Execution step: Duplicate Elimination (Datalog)
21:08:02 [INFO] Saved permanent table http://rulewerk.semantic-web.org/inferred/subClassOf (105) Permutation { idx_to_val: [], val_to_idx: [] } with 97 entries (9784)
21:08:02 [INFO] Rule duration: 0 ms
21:08:02 [INFO] <<< STEP 106: APPLYING RULE 9 http://rulewerk.semantic-web.org/inferred/subClassOf(?C, ?E) :- http://rulewerk.semantic-web.org/inferred/subClassOf(?C, ?D), http://rulewerk.semantic-web.org/normalForm/subClassOf(?D, ?E) >>>
21:08:02 [INFO] Execution step: Body
21:08:02 [INFO] Saved temporary table: 24 entries (8144)
21:08:02 [INFO] Execution step: Duplicate Elimination (Datalog)
21:08:02 [INFO] Saved permanent table http://rulewerk.semantic-web.org/inferred/subClassOf (106) Permutation { idx_to_val: [], val_to_idx: [] } with 24 entries (8192)
21:08:02 [INFO] Rule duration: 0 ms
21:08:02 [INFO] Execution step: Combining Tables
21:08:02 [INFO] Saved permanent table http://rulewerk.semantic-web.org/inferred/subClassOf (100-108) Permutation { idx_to_val: [], val_to_idx: [] } with 2261 entries (25546)
21:08:02 [INFO] <<< STEP 107: APPLYING RULE 9 http://rulewerk.semantic-web.org/inferred/subClassOf(?C, ?E) :- http://rulewerk.semantic-web.org/inferred/subClassOf(?C, ?D), http://rulewerk.semantic-web.org/normalForm/subClassOf(?D, ?E) >>>
21:08:02 [INFO] Execution step: Body
21:08:02 [INFO] Saved temporary table: 24 entries (8144)
21:08:02 [INFO] Execution step: Duplicate Elimination (Datalog)
21:08:02 [INFO] Saved permanent table http://rulewerk.semantic-web.org/inferred/subClassOf (107) Permutation { idx_to_val: [], val_to_idx: [] } with 24 entries (8192)
21:08:02 [INFO] Rule duration: 0 ms
21:08:02 [INFO] <<< STEP 108: APPLYING RULE 9 http://rulewerk.semantic-web.org/inferred/subClassOf(?C, ?E) :- http://rulewerk.semantic-web.org/inferred/subClassOf(?C, ?D), http://rulewerk.semantic-web.org/normalForm/subClassOf(?D, ?E) >>>
21:08:02 [INFO] Execution step: Body
21:08:02 [INFO] Saved temporary table: 72 entries (8336)
21:08:02 [INFO] Execution step: Duplicate Elimination (Datalog)
21:08:02 [INFO] Saved permanent table http://rulewerk.semantic-web.org/inferred/subClassOf (108) Permutation { idx_to_val: [], val_to_idx: [] } with 72 entries (8384)
21:08:02 [INFO] Rule duration: 0 ms
21:08:02 [INFO] <<< STEP 109: APPLYING RULE 9 http://rulewerk.semantic-web.org/inferred/subClassOf(?C, ?E) :- http://rulewerk.semantic-web.org/inferred/subClassOf(?C, ?D), http://rulewerk.semantic-web.org/normalForm/subClassOf(?D, ?E) >>>
21:08:02 [INFO] Execution step: Body
21:08:02 [INFO] Saved temporary table: 24 entries (8144)
21:08:02 [INFO] Execution step: Duplicate Elimination (Datalog)
21:08:02 [INFO] Saved permanent table http://rulewerk.semantic-web.org/inferred/subClassOf (109) Permutation { idx_to_val: [], val_to_idx: [] } with 24 entries (8192)
21:08:02 [INFO] Rule duration: 0 ms
21:08:02 [INFO] <<< STEP 110: APPLYING RULE 9 http://rulewerk.semantic-web.org/inferred/subClassOf(?C, ?E) :- http://rulewerk.semantic-web.org/inferred/subClassOf(?C, ?D), http://rulewerk.semantic-web.org/normalForm/subClassOf(?D, ?E) >>>
21:08:02 [INFO] Execution step: Body
21:08:02 [INFO] Saved temporary table: 24 entries (8144)
21:08:02 [INFO] Execution step: Duplicate Elimination (Datalog)
21:08:02 [INFO] Saved permanent table http://rulewerk.semantic-web.org/inferred/subClassOf (110) Permutation { idx_to_val: [], val_to_idx: [] } with 24 entries (8192)
21:08:02 [INFO] Rule duration: 0 ms
21:08:02 [INFO] <<< STEP 111: APPLYING RULE 9 http://rulewerk.semantic-web.org/inferred/subClassOf(?C, ?E) :- http://rulewerk.semantic-web.org/inferred/subClassOf(?C, ?D), http://rulewerk.semantic-web.org/normalForm/subClassOf(?D, ?E) >>>
21:08:02 [INFO] Execution step: Body
21:08:02 [INFO] Saved temporary table: 24 entries (8144)
21:08:02 [INFO] Execution step: Duplicate Elimination (Datalog)
21:08:02 [INFO] Saved permanent table http://rulewerk.semantic-web.org/inferred/subClassOf (111) Permutation { idx_to_val: [], val_to_idx: [] } with 24 entries (8192)
21:08:02 [INFO] Rule duration: 0 ms
21:08:02 [INFO] <<< STEP 112: APPLYING RULE 9 http://rulewerk.semantic-web.org/inferred/subClassOf(?C, ?E) :- http://rulewerk.semantic-web.org/inferred/subClassOf(?C, ?D), http://rulewerk.semantic-web.org/normalForm/subClassOf(?D, ?E) >>>
21:08:02 [INFO] Execution step: Body
21:08:02 [INFO] Trie does not contain any elements
21:08:02 [INFO] Execution step: Duplicate Elimination (Datalog)
21:08:02 [INFO] Trie does not contain any elements
21:08:02 [INFO] Rule duration: 0 ms
21:08:02 [INFO] <<< STEP 113: APPLYING RULE 10 http://rulewerk.semantic-web.org/inferred/subClassOf(?E, "<http://www.w3.org/2002/07/owl#Nothing>") :- http://rulewerk.semantic-web.org/inferred/ex(?E, ?R, ?C), http://rulewerk.semantic-web.org/inferred/subClassOf(?C, ?_BODY_1), Equal(?_BODY_1, "<http://www.w3.org/2002/07/owl#Nothing>") >>>
21:08:02 [INFO] Execution step: Body
21:08:02 [INFO] Trie does not contain any elements
21:08:02 [INFO] Execution step: Duplicate Elimination (Datalog)
21:08:02 [INFO] Trie does not contain any elements
21:08:02 [INFO] Rule duration: 20 ms
21:08:02 [INFO] <<< STEP 114: APPLYING RULE 1 http://rulewerk.semantic-web.org/inferred/init(?C) :- http://rulewerk.semantic-web.org/inferred/ex(?E, ?R, ?C) >>>
21:08:02 [INFO] Execution step: Body
21:08:02 [INFO] Saved temporary table: 3323 entries (16692)
21:08:02 [INFO] Execution step: Duplicate Elimination (Datalog)
21:08:02 [INFO] Saved permanent table http://rulewerk.semantic-web.org/inferred/init (114) Permutation { idx_to_val: [], val_to_idx: [] } with 335 entries (4788)
21:08:02 [INFO] Rule duration: 18 ms
21:08:02 [INFO] <<< STEP 115: APPLYING RULE 2 http://rulewerk.semantic-web.org/inferred/subClassOf(?C, ?C) :- http://rulewerk.semantic-web.org/inferred/init(?C) >>>
21:08:02 [INFO] Execution step: Body
21:08:02 [INFO] Saved temporary table: 335 entries (4740)
21:08:02 [INFO] Execution step: Duplicate Elimination (Datalog)
21:08:02 [INFO] Saved permanent table http://rulewerk.semantic-web.org/inferred/subClassOf (115) Permutation { idx_to_val: [], val_to_idx: [] } with 335 entries (9916)
21:08:02 [INFO] Rule duration: 0 ms
21:08:02 [INFO] <<< STEP 116: APPLYING RULE 4 http://rulewerk.semantic-web.org/inferred/subClassOf(?C, ?D1), http://rulewerk.semantic-web.org/inferred/subClassOf(?C, ?D2) :- http://rulewerk.semantic-web.org/inferred/subClassOf(?C, ?Y), http://rulewerk.semantic-web.org/normalForm/conj(?Y, ?D1, ?D2) >>>
21:08:02 [INFO] Execution step: Body
21:08:02 [INFO] Saved temporary table: 31368 entries (333554)
21:08:02 [INFO] Saved temporary table: 47733 entries (399014)
21:08:02 [INFO] Execution step: Duplicate Elimination (Datalog)
21:08:02 [INFO] Saved permanent table http://rulewerk.semantic-web.org/inferred/subClassOf (116) Permutation { idx_to_val: [], val_to_idx: [] } with 5435 entries (63406)
21:08:02 [INFO] Rule duration: 156 ms
21:08:02 [INFO] <<< STEP 117: APPLYING RULE 4 http://rulewerk.semantic-web.org/inferred/subClassOf(?C, ?D1), http://rulewerk.semantic-web.org/inferred/subClassOf(?C, ?D2) :- http://rulewerk.semantic-web.org/inferred/subClassOf(?C, ?Y), http://rulewerk.semantic-web.org/normalForm/conj(?Y, ?D1, ?D2) >>>
21:08:02 [INFO] Execution step: Body
21:08:02 [INFO] Saved temporary table: 330 entries (9828)
21:08:02 [INFO] Saved temporary table: 330 entries (9828)
21:08:02 [INFO] Execution step: Duplicate Elimination (Datalog)
21:08:02 [INFO] Saved permanent table http://rulewerk.semantic-web.org/inferred/subClassOf (117) Permutation { idx_to_val: [], val_to_idx: [] } with 576 entries (13442)
21:08:02 [INFO] Rule duration: 4 ms
21:08:02 [INFO] Execution step: Combining Tables
21:08:02 [INFO] Saved permanent table http://rulewerk.semantic-web.org/inferred/subClassOf (108-119) Permutation { idx_to_val: [], val_to_idx: [] } with 6490 entries (67914)
21:08:02 [INFO] <<< STEP 118: APPLYING RULE 4 http://rulewerk.semantic-web.org/inferred/subClassOf(?C, ?D1), http://rulewerk.semantic-web.org/inferred/subClassOf(?C, ?D2) :- http://rulewerk.semantic-web.org/inferred/subClassOf(?C, ?Y), http://rulewerk.semantic-web.org/normalForm/conj(?Y, ?D1, ?D2) >>>
21:08:02 [INFO] Execution step: Body
21:08:02 [INFO] Saved temporary table: 45 entries (9320)
21:08:02 [INFO] Saved temporary table: 45 entries (9320)
21:08:02 [INFO] Execution step: Duplicate Elimination (Datalog)
21:08:02 [INFO] Saved permanent table http://rulewerk.semantic-web.org/inferred/subClassOf (118) Permutation { idx_to_val: [], val_to_idx: [] } with 76 entries (9492)
21:08:02 [INFO] Rule duration: 0 ms
21:08:02 [INFO] <<< STEP 119: APPLYING RULE 4 http://rulewerk.semantic-web.org/inferred/subClassOf(?C, ?D1), http://rulewerk.semantic-web.org/inferred/subClassOf(?C, ?D2) :- http://rulewerk.semantic-web.org/inferred/subClassOf(?C, ?Y), http://rulewerk.semantic-web.org/normalForm/conj(?Y, ?D1, ?D2) >>>
21:08:02 [INFO] Execution step: Body
21:08:02 [INFO] Saved temporary table: 2 entries (6912)
21:08:02 [INFO] Saved temporary table: 2 entries (6912)
21:08:02 [INFO] Execution step: Duplicate Elimination (Datalog)
21:08:02 [INFO] Saved permanent table http://rulewerk.semantic-web.org/inferred/subClassOf (119) Permutation { idx_to_val: [], val_to_idx: [] } with 3 entries (6964)
21:08:02 [INFO] Rule duration: 0 ms
21:08:02 [INFO] <<< STEP 120: APPLYING RULE 4 http://rulewerk.semantic-web.org/inferred/subClassOf(?C, ?D1), http://rulewerk.semantic-web.org/inferred/subClassOf(?C, ?D2) :- http://rulewerk.semantic-web.org/inferred/subClassOf(?C, ?Y), http://rulewerk.semantic-web.org/normalForm/conj(?Y, ?D1, ?D2) >>>
21:08:02 [INFO] Execution step: Body
21:08:02 [INFO] Trie does not contain any elements
21:08:02 [INFO] Trie does not contain any elements
21:08:02 [INFO] Execution step: Duplicate Elimination (Datalog)
21:08:02 [INFO] Trie does not contain any elements
21:08:02 [INFO] Rule duration: 0 ms
21:08:02 [INFO] <<< STEP 121: APPLYING RULE 5 http://rulewerk.semantic-web.org/inferred/subClassOf(?C, ?I) :- http://rulewerk.semantic-web.org/inferred/subClassOf(?C, ?D1), http://rulewerk.semantic-web.org/inferred/subClassOf(?C, ?D2), http://rulewerk.semantic-web.org/normalForm/conj(?I, ?D1, ?D2), http://rulewerk.semantic-web.org/normalForm/isSubClass(?I) >>>
21:08:02 [INFO] Execution step: Body
21:08:03 [INFO] Saved temporary table: 54925 entries (390138)
21:08:03 [INFO] Execution step: Duplicate Elimination (Datalog)
21:08:03 [INFO] Saved permanent table http://rulewerk.semantic-web.org/inferred/subClassOf (121) Permutation { idx_to_val: [], val_to_idx: [] } with 51723 entries (364550)
21:08:03 [INFO] Rule duration: 397 ms
21:08:03 [INFO] <<< STEP 122: APPLYING RULE 5 http://rulewerk.semantic-web.org/inferred/subClassOf(?C, ?I) :- http://rulewerk.semantic-web.org/inferred/subClassOf(?C, ?D1), http://rulewerk.semantic-web.org/inferred/subClassOf(?C, ?D2), http://rulewerk.semantic-web.org/normalForm/conj(?I, ?D1, ?D2), http://rulewerk.semantic-web.org/normalForm/isSubClass(?I) >>>
21:08:03 [INFO] Execution step: Body
21:08:03 [INFO] Saved temporary table: 2751 entries (44978)
21:08:03 [INFO] Execution step: Duplicate Elimination (Datalog)
21:08:03 [INFO] Saved permanent table http://rulewerk.semantic-web.org/inferred/subClassOf (122) Permutation { idx_to_val: [], val_to_idx: [] } with 2751 entries (45026)
21:08:03 [INFO] Rule duration: 190 ms
21:08:03 [INFO] <<< STEP 123: APPLYING RULE 5 http://rulewerk.semantic-web.org/inferred/subClassOf(?C, ?I) :- http://rulewerk.semantic-web.org/inferred/subClassOf(?C, ?D1), http://rulewerk.semantic-web.org/inferred/subClassOf(?C, ?D2), http://rulewerk.semantic-web.org/normalForm/conj(?I, ?D1, ?D2), http://rulewerk.semantic-web.org/normalForm/isSubClass(?I) >>>
21:08:03 [INFO] Execution step: Body
21:08:03 [INFO] Saved temporary table: 40 entries (8728)
21:08:03 [INFO] Execution step: Duplicate Elimination (Datalog)
21:08:03 [INFO] Saved permanent table http://rulewerk.semantic-web.org/inferred/subClassOf (123) Permutation { idx_to_val: [], val_to_idx: [] } with 40 entries (8776)
21:08:03 [INFO] Rule duration: 36 ms
21:08:03 [INFO] <<< STEP 124: APPLYING RULE 5 http://rulewerk.semantic-web.org/inferred/subClassOf(?C, ?I) :- http://rulewerk.semantic-web.org/inferred/subClassOf(?C, ?D1), http://rulewerk.semantic-web.org/inferred/subClassOf(?C, ?D2), http://rulewerk.semantic-web.org/normalForm/conj(?I, ?D1, ?D2), http://rulewerk.semantic-web.org/normalForm/isSubClass(?I) >>>
21:08:03 [INFO] Execution step: Body
21:08:03 [INFO] Trie does not contain any elements
21:08:03 [INFO] Execution step: Duplicate Elimination (Datalog)
21:08:03 [INFO] Trie does not contain any elements
21:08:03 [INFO] Rule duration: 1 ms
21:08:03 [INFO] <<< STEP 125: APPLYING RULE 6 http://rulewerk.semantic-web.org/inferred/ex(?E, ?R, ?C) :- http://rulewerk.semantic-web.org/inferred/subClassOf(?E, ?Y), http://rulewerk.semantic-web.org/normalForm/exists(?Y, ?R, ?C) >>>
21:08:03 [INFO] Execution step: Body
21:08:03 [INFO] Saved temporary table: 69041 entries (1021508)
21:08:03 [INFO] Execution step: Duplicate Elimination (Datalog)
21:08:03 [INFO] Saved permanent table http://rulewerk.semantic-web.org/inferred/ex (125) Permutation { idx_to_val: [], val_to_idx: [] } with 69041 entries (1021556)
21:08:03 [INFO] Rule duration: 89 ms
21:08:03 [INFO] <<< STEP 126: APPLYING RULE 7 http://rulewerk.semantic-web.org/inferred/subClassOf(?E, ?Y) :- http://rulewerk.semantic-web.org/inferred/ex(?E, ?R, ?C), http://rulewerk.semantic-web.org/inferred/subClassOf(?C, ?D), http://rulewerk.semantic-web.org/normalForm/subProp(?R, ?S), http://rulewerk.semantic-web.org/normalForm/exists(?Y, ?S, ?D), http://rulewerk.semantic-web.org/normalForm/isSubClass(?Y) >>>
21:08:03 [INFO] Execution step: Body
21:08:04 [INFO] Saved temporary table: 137794 entries (760830)
21:08:04 [INFO] Execution step: Duplicate Elimination (Datalog)
21:08:04 [INFO] Saved permanent table http://rulewerk.semantic-web.org/inferred/subClassOf (126) Permutation { idx_to_val: [], val_to_idx: [] } with 58001 entries (395542)
21:08:04 [INFO] Rule duration: 1015 ms
21:08:04 [INFO] <<< STEP 127: APPLYING RULE 7 http://rulewerk.semantic-web.org/inferred/subClassOf(?E, ?Y) :- http://rulewerk.semantic-web.org/inferred/ex(?E, ?R, ?C), http://rulewerk.semantic-web.org/inferred/subClassOf(?C, ?D), http://rulewerk.semantic-web.org/normalForm/subProp(?R, ?S), http://rulewerk.semantic-web.org/normalForm/exists(?Y, ?S, ?D), http://rulewerk.semantic-web.org/normalForm/isSubClass(?Y) >>>
21:08:04 [INFO] Execution step: Body
21:08:04 [INFO] Trie does not contain any elements
21:08:04 [INFO] Execution step: Duplicate Elimination (Datalog)
21:08:04 [INFO] Trie does not contain any elements
21:08:04 [INFO] Rule duration: 13 ms
21:08:04 [INFO] <<< STEP 128: APPLYING RULE 8 http://rulewerk.semantic-web.org/inferred/ex(?E, ?S, ?D) :- http://rulewerk.semantic-web.org/inferred/ex(?E, ?R1, ?C), http://rulewerk.semantic-web.org/inferred/ex(?C, ?R2, ?D), http://rulewerk.semantic-web.org/normalForm/subProp(?R1, ?S1), http://rulewerk.semantic-web.org/normalForm/subProp(?R2, ?S2), http://rulewerk.semantic-web.org/normalForm/subPropChain(?S1, ?S2, ?S) >>>
21:08:04 [INFO] Execution step: Body
21:08:04 [INFO] Trie does not contain any elements
21:08:04 [INFO] Execution step: Duplicate Elimination (Datalog)
21:08:04 [INFO] Trie does not contain any elements
21:08:04 [INFO] Rule duration: 0 ms
21:08:04 [INFO] <<< STEP 129: APPLYING RULE 9 http://rulewerk.semantic-web.org/inferred/subClassOf(?C, ?E) :- http://rulewerk.semantic-web.org/inferred/subClassOf(?C, ?D), http://rulewerk.semantic-web.org/normalForm/subClassOf(?D, ?E) >>>
21:08:04 [INFO] Execution step: Body
21:08:04 [INFO] Saved temporary table: 48888 entries (357530)
21:08:04 [INFO] Execution step: Duplicate Elimination (Datalog)
21:08:04 [INFO] Saved permanent table http://rulewerk.semantic-web.org/inferred/subClassOf (129) Permutation { idx_to_val: [], val_to_idx: [] } with 48872 entries (357514)
21:08:04 [INFO] Rule duration: 79 ms
21:08:04 [INFO] <<< STEP 130: APPLYING RULE 9 http://rulewerk.semantic-web.org/inferred/subClassOf(?C, ?E) :- http://rulewerk.semantic-web.org/inferred/subClassOf(?C, ?D), http://rulewerk.semantic-web.org/normalForm/subClassOf(?D, ?E) >>>
21:08:04 [INFO] Execution step: Body
21:08:04 [INFO] Saved temporary table: 55358 entries (383410)
21:08:04 [INFO] Execution step: Duplicate Elimination (Datalog)
21:08:04 [INFO] Saved permanent table http://rulewerk.semantic-web.org/inferred/subClassOf (130) Permutation { idx_to_val: [], val_to_idx: [] } with 7206 entries (88238)
21:08:04 [INFO] Rule duration: 71 ms
21:08:04 [INFO] Execution step: Combining Tables
21:08:04 [INFO] Saved permanent table http://rulewerk.semantic-web.org/inferred/subClassOf (119-132) Permutation { idx_to_val: [], val_to_idx: [] } with 168596 entries (872518)
21:08:04 [INFO] <<< STEP 131: APPLYING RULE 9 http://rulewerk.semantic-web.org/inferred/subClassOf(?C, ?E) :- http://rulewerk.semantic-web.org/inferred/subClassOf(?C, ?D), http://rulewerk.semantic-web.org/normalForm/subClassOf(?D, ?E) >>>
21:08:04 [INFO] Execution step: Body
21:08:04 [INFO] Saved temporary table: 2747 entries (42082)
21:08:04 [INFO] Execution step: Duplicate Elimination (Datalog)
21:08:04 [INFO] Saved permanent table http://rulewerk.semantic-web.org/inferred/subClassOf (131) Permutation { idx_to_val: [], val_to_idx: [] } with 2439 entries (40322)
21:08:04 [INFO] Rule duration: 8 ms
21:08:04 [INFO] <<< STEP 132: APPLYING RULE 9 http://rulewerk.semantic-web.org/inferred/subClassOf(?C, ?E) :- http://rulewerk.semantic-web.org/inferred/subClassOf(?C, ?D), http://rulewerk.semantic-web.org/normalForm/subClassOf(?D, ?E) >>>
21:08:04 [INFO] Execution step: Body
21:08:04 [INFO] Saved temporary table: 4224 entries (47294)
21:08:04 [INFO] Execution step: Duplicate Elimination (Datalog)
21:08:04 [INFO] Saved permanent table http://rulewerk.semantic-web.org/inferred/subClassOf (132) Permutation { idx_to_val: [], val_to_idx: [] } with 4185 entries (47138)
21:08:04 [INFO] Rule duration: 8 ms
21:08:04 [INFO] <<< STEP 133: APPLYING RULE 9 http://rulewerk.semantic-web.org/inferred/subClassOf(?C, ?E) :- http://rulewerk.semantic-web.org/inferred/subClassOf(?C, ?D), http://rulewerk.semantic-web.org/normalForm/subClassOf(?D, ?E) >>>
21:08:04 [INFO] Execution step: Body
21:08:04 [INFO] Saved temporary table: 2431 entries (39978)
21:08:04 [INFO] Execution step: Duplicate Elimination (Datalog)
21:08:04 [INFO] Saved permanent table http://rulewerk.semantic-web.org/inferred/subClassOf (133) Permutation { idx_to_val: [], val_to_idx: [] } with 2342 entries (39646)
21:08:04 [INFO] Rule duration: 7 ms
21:08:04 [INFO] <<< STEP 134: APPLYING RULE 9 http://rulewerk.semantic-web.org/inferred/subClassOf(?C, ?E) :- http://rulewerk.semantic-web.org/inferred/subClassOf(?C, ?D), http://rulewerk.semantic-web.org/normalForm/subClassOf(?D, ?E) >>>
21:08:04 [INFO] Execution step: Body
21:08:04 [INFO] Saved temporary table: 2019 entries (37094)
21:08:04 [INFO] Execution step: Duplicate Elimination (Datalog)
21:08:04 [INFO] Saved permanent table http://rulewerk.semantic-web.org/inferred/subClassOf (134) Permutation { idx_to_val: [], val_to_idx: [] } with 1966 entries (36930)
21:08:04 [INFO] Rule duration: 7 ms
21:08:04 [INFO] <<< STEP 135: APPLYING RULE 9 http://rulewerk.semantic-web.org/inferred/subClassOf(?C, ?E) :- http://rulewerk.semantic-web.org/inferred/subClassOf(?C, ?D), http://rulewerk.semantic-web.org/normalForm/subClassOf(?D, ?E) >>>
21:08:04 [INFO] Execution step: Body
21:08:04 [INFO] Saved temporary table: 1875 entries (34886)
21:08:04 [INFO] Execution step: Duplicate Elimination (Datalog)
21:08:04 [INFO] Saved permanent table http://rulewerk.semantic-web.org/inferred/subClassOf (135) Permutation { idx_to_val: [], val_to_idx: [] } with 1783 entries (34566)
21:08:04 [INFO] Rule duration: 6 ms
21:08:04 [INFO] <<< STEP 136: APPLYING RULE 9 http://rulewerk.semantic-web.org/inferred/subClassOf(?C, ?E) :- http://rulewerk.semantic-web.org/inferred/subClassOf(?C, ?D), http://rulewerk.semantic-web.org/normalForm/subClassOf(?D, ?E) >>>
21:08:04 [INFO] Execution step: Body
21:08:04 [INFO] Saved temporary table: 545 entries (15442)
21:08:04 [INFO] Execution step: Duplicate Elimination (Datalog)
21:08:04 [INFO] Saved permanent table http://rulewerk.semantic-web.org/inferred/subClassOf (136) Permutation { idx_to_val: [], val_to_idx: [] } with 535 entries (15450)
21:08:04 [INFO] Rule duration: 2 ms
21:08:04 [INFO] <<< STEP 137: APPLYING RULE 9 http://rulewerk.semantic-web.org/inferred/subClassOf(?C, ?E) :- http://rulewerk.semantic-web.org/inferred/subClassOf(?C, ?D), http://rulewerk.semantic-web.org/normalForm/subClassOf(?D, ?E) >>>
21:08:04 [INFO] Execution step: Body
21:08:04 [INFO] Saved temporary table: 397 entries (11994)
21:08:04 [INFO] Execution step: Duplicate Elimination (Datalog)
21:08:04 [INFO] Saved permanent table http://rulewerk.semantic-web.org/inferred/subClassOf (137) Permutation { idx_to_val: [], val_to_idx: [] } with 397 entries (12042)
21:08:04 [INFO] Rule duration: 1 ms
21:08:04 [INFO] <<< STEP 138: APPLYING RULE 9 http://rulewerk.semantic-web.org/inferred/subClassOf(?C, ?E) :- http://rulewerk.semantic-web.org/inferred/subClassOf(?C, ?D), http://rulewerk.semantic-web.org/normalForm/subClassOf(?D, ?E) >>>
21:08:04 [INFO] Execution step: Body
21:08:04 [INFO] Saved temporary table: 258 entries (10826)
21:08:04 [INFO] Execution step: Duplicate Elimination (Datalog)
21:08:04 [INFO] Saved permanent table http://rulewerk.semantic-web.org/inferred/subClassOf (138) Permutation { idx_to_val: [], val_to_idx: [] } with 258 entries (10874)
21:08:04 [INFO] Rule duration: 1 ms
21:08:04 [INFO] Execution step: Combining Tables
21:08:04 [INFO] Saved permanent table http://rulewerk.semantic-web.org/inferred/subClassOf (132-140) Permutation { idx_to_val: [], val_to_idx: [] } with 11466 entries (76262)
21:08:04 [INFO] <<< STEP 139: APPLYING RULE 9 http://rulewerk.semantic-web.org/inferred/subClassOf(?C, ?E) :- http://rulewerk.semantic-web.org/inferred/subClassOf(?C, ?D), http://rulewerk.semantic-web.org/normalForm/subClassOf(?D, ?E) >>>
21:08:04 [INFO] Execution step: Body
21:08:04 [INFO] Saved temporary table: 99 entries (8690)
21:08:04 [INFO] Execution step: Duplicate Elimination (Datalog)
21:08:04 [INFO] Saved permanent table http://rulewerk.semantic-web.org/inferred/subClassOf (139) Permutation { idx_to_val: [], val_to_idx: [] } with 99 entries (8738)
21:08:04 [INFO] Rule duration: 0 ms
21:08:04 [INFO] <<< STEP 140: APPLYING RULE 9 http://rulewerk.semantic-web.org/inferred/subClassOf(?C, ?E) :- http://rulewerk.semantic-web.org/inferred/subClassOf(?C, ?D), http://rulewerk.semantic-web.org/normalForm/subClassOf(?D, ?E) >>>
21:08:04 [INFO] Execution step: Body
21:08:04 [INFO] Saved temporary table: 85 entries (7868)
21:08:04 [INFO] Execution step: Duplicate Elimination (Datalog)
21:08:04 [INFO] Saved permanent table http://rulewerk.semantic-web.org/inferred/subClassOf (140) Permutation { idx_to_val: [], val_to_idx: [] } with 85 entries (7916)
21:08:04 [INFO] Rule duration: 0 ms
21:08:04 [INFO] <<< STEP 141: APPLYING RULE 9 http://rulewerk.semantic-web.org/inferred/subClassOf(?C, ?E) :- http://rulewerk.semantic-web.org/inferred/subClassOf(?C, ?D), http://rulewerk.semantic-web.org/normalForm/subClassOf(?D, ?E) >>>
21:08:04 [INFO] Execution step: Body
21:08:04 [INFO] Saved temporary table: 21 entries (7976)
21:08:04 [INFO] Execution step: Duplicate Elimination (Datalog)
21:08:04 [INFO] Saved permanent table http://rulewerk.semantic-web.org/inferred/subClassOf (141) Permutation { idx_to_val: [], val_to_idx: [] } with 21 entries (8024)
21:08:04 [INFO] Rule duration: 0 ms
21:08:04 [INFO] <<< STEP 142: APPLYING RULE 9 http://rulewerk.semantic-web.org/inferred/subClassOf(?C, ?E) :- http://rulewerk.semantic-web.org/inferred/subClassOf(?C, ?D), http://rulewerk.semantic-web.org/normalForm/subClassOf(?D, ?E) >>>
21:08:04 [INFO] Execution step: Body
21:08:04 [INFO] Saved temporary table: 3 entries (6968)
21:08:04 [INFO] Execution step: Duplicate Elimination (Datalog)
21:08:04 [INFO] Saved permanent table http://rulewerk.semantic-web.org/inferred/subClassOf (142) Permutation { idx_to_val: [], val_to_idx: [] } with 3 entries (7016)
21:08:04 [INFO] Rule duration: 0 ms
21:08:04 [INFO] <<< STEP 143: APPLYING RULE 9 http://rulewerk.semantic-web.org/inferred/subClassOf(?C, ?E) :- http://rulewerk.semantic-web.org/inferred/subClassOf(?C, ?D), http://rulewerk.semantic-web.org/normalForm/subClassOf(?D, ?E) >>>
21:08:04 [INFO] Execution step: Body
21:08:04 [INFO] Saved temporary table: 6 entries (6928)
21:08:04 [INFO] Execution step: Duplicate Elimination (Datalog)
21:08:04 [INFO] Saved permanent table http://rulewerk.semantic-web.org/inferred/subClassOf (143) Permutation { idx_to_val: [], val_to_idx: [] } with 6 entries (6976)
21:08:04 [INFO] Rule duration: 0 ms
21:08:04 [INFO] <<< STEP 144: APPLYING RULE 9 http://rulewerk.semantic-web.org/inferred/subClassOf(?C, ?E) :- http://rulewerk.semantic-web.org/inferred/subClassOf(?C, ?D), http://rulewerk.semantic-web.org/normalForm/subClassOf(?D, ?E) >>>
21:08:04 [INFO] Execution step: Body
21:08:04 [INFO] Saved temporary table: 2 entries (6912)
21:08:04 [INFO] Execution step: Duplicate Elimination (Datalog)
21:08:04 [INFO] Saved permanent table http://rulewerk.semantic-web.org/inferred/subClassOf (144) Permutation { idx_to_val: [], val_to_idx: [] } with 2 entries (6960)
21:08:04 [INFO] Rule duration: 0 ms
21:08:04 [INFO] <<< STEP 145: APPLYING RULE 9 http://rulewerk.semantic-web.org/inferred/subClassOf(?C, ?E) :- http://rulewerk.semantic-web.org/inferred/subClassOf(?C, ?D), http://rulewerk.semantic-web.org/normalForm/subClassOf(?D, ?E) >>>
21:08:04 [INFO] Execution step: Body
21:08:04 [INFO] Saved temporary table: 2 entries (6912)
21:08:04 [INFO] Execution step: Duplicate Elimination (Datalog)
21:08:04 [INFO] Saved permanent table http://rulewerk.semantic-web.org/inferred/subClassOf (145) Permutation { idx_to_val: [], val_to_idx: [] } with 2 entries (6960)
21:08:04 [INFO] Rule duration: 0 ms
21:08:04 [INFO] <<< STEP 146: APPLYING RULE 9 http://rulewerk.semantic-web.org/inferred/subClassOf(?C, ?E) :- http://rulewerk.semantic-web.org/inferred/subClassOf(?C, ?D), http://rulewerk.semantic-web.org/normalForm/subClassOf(?D, ?E) >>>
21:08:04 [INFO] Execution step: Body
21:08:04 [INFO] Saved temporary table: 6 entries (6928)
21:08:04 [INFO] Execution step: Duplicate Elimination (Datalog)
21:08:04 [INFO] Saved permanent table http://rulewerk.semantic-web.org/inferred/subClassOf (146) Permutation { idx_to_val: [], val_to_idx: [] } with 6 entries (6976)
21:08:04 [INFO] Rule duration: 0 ms
21:08:04 [INFO] Execution step: Combining Tables
21:08:04 [INFO] Saved permanent table http://rulewerk.semantic-web.org/inferred/subClassOf (140-148) Permutation { idx_to_val: [], val_to_idx: [] } with 125 entries (8698)
21:08:04 [INFO] <<< STEP 147: APPLYING RULE 9 http://rulewerk.semantic-web.org/inferred/subClassOf(?C, ?E) :- http://rulewerk.semantic-web.org/inferred/subClassOf(?C, ?D), http://rulewerk.semantic-web.org/normalForm/subClassOf(?D, ?E) >>>
21:08:04 [INFO] Execution step: Body
21:08:04 [INFO] Saved temporary table: 2 entries (6912)
21:08:04 [INFO] Execution step: Duplicate Elimination (Datalog)
21:08:04 [INFO] Saved permanent table http://rulewerk.semantic-web.org/inferred/subClassOf (147) Permutation { idx_to_val: [], val_to_idx: [] } with 2 entries (6960)
21:08:04 [INFO] Rule duration: 0 ms
21:08:04 [INFO] <<< STEP 148: APPLYING RULE 9 http://rulewerk.semantic-web.org/inferred/subClassOf(?C, ?E) :- http://rulewerk.semantic-web.org/inferred/subClassOf(?C, ?D), http://rulewerk.semantic-web.org/normalForm/subClassOf(?D, ?E) >>>
21:08:04 [INFO] Execution step: Body
21:08:04 [INFO] Saved temporary table: 2 entries (6912)
21:08:04 [INFO] Execution step: Duplicate Elimination (Datalog)
21:08:04 [INFO] Saved permanent table http://rulewerk.semantic-web.org/inferred/subClassOf (148) Permutation { idx_to_val: [], val_to_idx: [] } with 2 entries (6960)
21:08:04 [INFO] Rule duration: 0 ms
21:08:04 [INFO] <<< STEP 149: APPLYING RULE 9 http://rulewerk.semantic-web.org/inferred/subClassOf(?C, ?E) :- http://rulewerk.semantic-web.org/inferred/subClassOf(?C, ?D), http://rulewerk.semantic-web.org/normalForm/subClassOf(?D, ?E) >>>
21:08:04 [INFO] Execution step: Body
21:08:04 [INFO] Saved temporary table: 2 entries (6912)
21:08:04 [INFO] Execution step: Duplicate Elimination (Datalog)
21:08:04 [INFO] Saved permanent table http://rulewerk.semantic-web.org/inferred/subClassOf (149) Permutation { idx_to_val: [], val_to_idx: [] } with 2 entries (6960)
21:08:04 [INFO] Rule duration: 0 ms
21:08:04 [INFO] <<< STEP 150: APPLYING RULE 9 http://rulewerk.semantic-web.org/inferred/subClassOf(?C, ?E) :- http://rulewerk.semantic-web.org/inferred/subClassOf(?C, ?D), http://rulewerk.semantic-web.org/normalForm/subClassOf(?D, ?E) >>>
21:08:04 [INFO] Execution step: Body
21:08:04 [INFO] Trie does not contain any elements
21:08:04 [INFO] Execution step: Duplicate Elimination (Datalog)
21:08:04 [INFO] Trie does not contain any elements
21:08:04 [INFO] Rule duration: 0 ms
21:08:04 [INFO] <<< STEP 151: APPLYING RULE 10 http://rulewerk.semantic-web.org/inferred/subClassOf(?E, "<http://www.w3.org/2002/07/owl#Nothing>") :- http://rulewerk.semantic-web.org/inferred/ex(?E, ?R, ?C), http://rulewerk.semantic-web.org/inferred/subClassOf(?C, ?_BODY_1), Equal(?_BODY_1, "<http://www.w3.org/2002/07/owl#Nothing>") >>>
21:08:04 [INFO] Execution step: Body
21:08:04 [INFO] Trie does not contain any elements
21:08:04 [INFO] Execution step: Duplicate Elimination (Datalog)
21:08:04 [INFO] Trie does not contain any elements
21:08:04 [INFO] Rule duration: 18 ms
21:08:04 [INFO] <<< STEP 152: APPLYING RULE 1 http://rulewerk.semantic-web.org/inferred/init(?C) :- http://rulewerk.semantic-web.org/inferred/ex(?E, ?R, ?C) >>>
21:08:04 [INFO] Execution step: Body
21:08:04 [INFO] Saved temporary table: 1677 entries (10108)
21:08:04 [INFO] Execution step: Duplicate Elimination (Datalog)
21:08:04 [INFO] Saved permanent table http://rulewerk.semantic-web.org/inferred/init (152) Permutation { idx_to_val: [], val_to_idx: [] } with 92 entries (3816)
21:08:04 [INFO] Rule duration: 16 ms
21:08:04 [INFO] <<< STEP 153: APPLYING RULE 2 http://rulewerk.semantic-web.org/inferred/subClassOf(?C, ?C) :- http://rulewerk.semantic-web.org/inferred/init(?C) >>>
21:08:04 [INFO] Execution step: Body
21:08:04 [INFO] Saved temporary table: 92 entries (3768)
21:08:04 [INFO] Execution step: Duplicate Elimination (Datalog)
21:08:04 [INFO] Saved permanent table http://rulewerk.semantic-web.org/inferred/subClassOf (153) Permutation { idx_to_val: [], val_to_idx: [] } with 92 entries (7972)
21:08:04 [INFO] Rule duration: 0 ms
21:08:04 [INFO] <<< STEP 154: APPLYING RULE 4 http://rulewerk.semantic-web.org/inferred/subClassOf(?C, ?D1), http://rulewerk.semantic-web.org/inferred/subClassOf(?C, ?D2) :- http://rulewerk.semantic-web.org/inferred/subClassOf(?C, ?Y), http://rulewerk.semantic-web.org/normalForm/conj(?Y, ?D1, ?D2) >>>
21:08:04 [INFO] Execution step: Body
21:08:04 [INFO] Saved temporary table: 31710 entries (292034)
21:08:04 [INFO] Saved temporary table: 45444 entries (346970)
21:08:04 [INFO] Execution step: Duplicate Elimination (Datalog)
21:08:04 [INFO] Saved permanent table http://rulewerk.semantic-web.org/inferred/subClassOf (154) Permutation { idx_to_val: [], val_to_idx: [] } with 1875 entries (26534)
21:08:04 [INFO] Rule duration: 261 ms
21:08:04 [INFO] <<< STEP 155: APPLYING RULE 4 http://rulewerk.semantic-web.org/inferred/subClassOf(?C, ?D1), http://rulewerk.semantic-web.org/inferred/subClassOf(?C, ?D2) :- http://rulewerk.semantic-web.org/inferred/subClassOf(?C, ?Y), http://rulewerk.semantic-web.org/normalForm/conj(?Y, ?D1, ?D2) >>>
21:08:04 [INFO] Execution step: Body
21:08:04 [INFO] Saved temporary table: 50 entries (7588)
21:08:04 [INFO] Saved temporary table: 50 entries (7588)
21:08:04 [INFO] Execution step: Duplicate Elimination (Datalog)
21:08:04 [INFO] Saved permanent table http://rulewerk.semantic-web.org/inferred/subClassOf (155) Permutation { idx_to_val: [], val_to_idx: [] } with 86 entries (8122)
21:08:04 [INFO] Rule duration: 1 ms
21:08:04 [INFO] <<< STEP 156: APPLYING RULE 4 http://rulewerk.semantic-web.org/inferred/subClassOf(?C, ?D1), http://rulewerk.semantic-web.org/inferred/subClassOf(?C, ?D2) :- http://rulewerk.semantic-web.org/inferred/subClassOf(?C, ?Y), http://rulewerk.semantic-web.org/normalForm/conj(?Y, ?D1, ?D2) >>>
21:08:04 [INFO] Execution step: Body
21:08:04 [INFO] Saved temporary table: 7 entries (7192)
21:08:04 [INFO] Saved temporary table: 7 entries (7192)
21:08:04 [INFO] Execution step: Duplicate Elimination (Datalog)
21:08:04 [INFO] Saved permanent table http://rulewerk.semantic-web.org/inferred/subClassOf (156) Permutation { idx_to_val: [], val_to_idx: [] } with 9 entries (7248)
21:08:04 [INFO] Rule duration: 0 ms
21:08:04 [INFO] <<< STEP 157: APPLYING RULE 4 http://rulewerk.semantic-web.org/inferred/subClassOf(?C, ?D1), http://rulewerk.semantic-web.org/inferred/subClassOf(?C, ?D2) :- http://rulewerk.semantic-web.org/inferred/subClassOf(?C, ?Y), http://rulewerk.semantic-web.org/normalForm/conj(?Y, ?D1, ?D2) >>>
21:08:04 [INFO] Execution step: Body
21:08:04 [INFO] Trie does not contain any elements
21:08:04 [INFO] Trie does not contain any elements
21:08:04 [INFO] Execution step: Duplicate Elimination (Datalog)
21:08:04 [INFO] Trie does not contain any elements
21:08:04 [INFO] Rule duration: 0 ms
21:08:04 [INFO] <<< STEP 158: APPLYING RULE 5 http://rulewerk.semantic-web.org/inferred/subClassOf(?C, ?I) :- http://rulewerk.semantic-web.org/inferred/subClassOf(?C, ?D1), http://rulewerk.semantic-web.org/inferred/subClassOf(?C, ?D2), http://rulewerk.semantic-web.org/normalForm/conj(?I, ?D1, ?D2), http://rulewerk.semantic-web.org/normalForm/isSubClass(?I) >>>
21:08:04 [INFO] Execution step: Body
21:08:05 [INFO] Saved temporary table: 54918 entries (353726)
21:08:05 [INFO] Execution step: Duplicate Elimination (Datalog)
21:08:05 [INFO] Saved permanent table http://rulewerk.semantic-web.org/inferred/subClassOf (158) Permutation { idx_to_val: [], val_to_idx: [] } with 53873 entries (346030)
21:08:05 [INFO] Rule duration: 520 ms
21:08:05 [INFO] Execution step: Combining Tables
21:08:05 [INFO] Saved permanent table http://rulewerk.semantic-web.org/inferred/subClassOf (148-160) Permutation { idx_to_val: [], val_to_idx: [] } with 55939 entries (357858)
21:08:05 [INFO] <<< STEP 159: APPLYING RULE 5 http://rulewerk.semantic-web.org/inferred/subClassOf(?C, ?I) :- http://rulewerk.semantic-web.org/inferred/subClassOf(?C, ?D1), http://rulewerk.semantic-web.org/inferred/subClassOf(?C, ?D2), http://rulewerk.semantic-web.org/normalForm/conj(?I, ?D1, ?D2), http://rulewerk.semantic-web.org/normalForm/isSubClass(?I) >>>
21:08:05 [INFO] Execution step: Body
21:08:05 [INFO] Saved temporary table: 3356 entries (53110)
21:08:05 [INFO] Execution step: Duplicate Elimination (Datalog)
21:08:05 [INFO] Saved permanent table http://rulewerk.semantic-web.org/inferred/subClassOf (159) Permutation { idx_to_val: [], val_to_idx: [] } with 3356 entries (53158)
21:08:05 [INFO] Rule duration: 236 ms
21:08:05 [INFO] <<< STEP 160: APPLYING RULE 5 http://rulewerk.semantic-web.org/inferred/subClassOf(?C, ?I) :- http://rulewerk.semantic-web.org/inferred/subClassOf(?C, ?D1), http://rulewerk.semantic-web.org/inferred/subClassOf(?C, ?D2), http://rulewerk.semantic-web.org/normalForm/conj(?I, ?D1, ?D2), http://rulewerk.semantic-web.org/normalForm/isSubClass(?I) >>>
21:08:05 [INFO] Execution step: Body
21:08:05 [INFO] Saved temporary table: 28 entries (8264)
21:08:05 [INFO] Execution step: Duplicate Elimination (Datalog)
21:08:05 [INFO] Saved permanent table http://rulewerk.semantic-web.org/inferred/subClassOf (160) Permutation { idx_to_val: [], val_to_idx: [] } with 28 entries (8312)
21:08:05 [INFO] Rule duration: 63 ms
21:08:05 [INFO] <<< STEP 161: APPLYING RULE 5 http://rulewerk.semantic-web.org/inferred/subClassOf(?C, ?I) :- http://rulewerk.semantic-web.org/inferred/subClassOf(?C, ?D1), http://rulewerk.semantic-web.org/inferred/subClassOf(?C, ?D2), http://rulewerk.semantic-web.org/normalForm/conj(?I, ?D1, ?D2), http://rulewerk.semantic-web.org/normalForm/isSubClass(?I) >>>
21:08:05 [INFO] Execution step: Body
21:08:05 [INFO] Saved temporary table: 3 entries (6864)
21:08:05 [INFO] Execution step: Duplicate Elimination (Datalog)
21:08:05 [INFO] Saved permanent table http://rulewerk.semantic-web.org/inferred/subClassOf (161) Permutation { idx_to_val: [], val_to_idx: [] } with 3 entries (6912)
21:08:05 [INFO] Rule duration: 1 ms
21:08:05 [INFO] <<< STEP 162: APPLYING RULE 5 http://rulewerk.semantic-web.org/inferred/subClassOf(?C, ?I) :- http://rulewerk.semantic-web.org/inferred/subClassOf(?C, ?D1), http://rulewerk.semantic-web.org/inferred/subClassOf(?C, ?D2), http://rulewerk.semantic-web.org/normalForm/conj(?I, ?D1, ?D2), http://rulewerk.semantic-web.org/normalForm/isSubClass(?I) >>>
21:08:05 [INFO] Execution step: Body
21:08:05 [INFO] Trie does not contain any elements
21:08:05 [INFO] Execution step: Duplicate Elimination (Datalog)
21:08:05 [INFO] Trie does not contain any elements
21:08:05 [INFO] Rule duration: 0 ms
21:08:05 [INFO] <<< STEP 163: APPLYING RULE 6 http://rulewerk.semantic-web.org/inferred/ex(?E, ?R, ?C) :- http://rulewerk.semantic-web.org/inferred/subClassOf(?E, ?Y), http://rulewerk.semantic-web.org/normalForm/exists(?Y, ?R, ?C) >>>
21:08:05 [INFO] Execution step: Body
21:08:05 [INFO] Saved temporary table: 66419 entries (979400)
21:08:05 [INFO] Execution step: Duplicate Elimination (Datalog)
21:08:05 [INFO] Saved permanent table http://rulewerk.semantic-web.org/inferred/ex (163) Permutation { idx_to_val: [], val_to_idx: [] } with 66419 entries (979448)
21:08:05 [INFO] Rule duration: 92 ms
21:08:05 [INFO] <<< STEP 164: APPLYING RULE 7 http://rulewerk.semantic-web.org/inferred/subClassOf(?E, ?Y) :- http://rulewerk.semantic-web.org/inferred/ex(?E, ?R, ?C), http://rulewerk.semantic-web.org/inferred/subClassOf(?C, ?D), http://rulewerk.semantic-web.org/normalForm/subProp(?R, ?S), http://rulewerk.semantic-web.org/normalForm/exists(?Y, ?S, ?D), http://rulewerk.semantic-web.org/normalForm/isSubClass(?Y) >>>
21:08:05 [INFO] Execution step: Body
21:08:06 [INFO] Saved temporary table: 104301 entries (595250)
21:08:06 [INFO] Execution step: Duplicate Elimination (Datalog)
21:08:06 [INFO] Saved permanent table http://rulewerk.semantic-web.org/inferred/subClassOf (164) Permutation { idx_to_val: [], val_to_idx: [] } with 18110 entries (160162)
21:08:06 [INFO] Rule duration: 703 ms
21:08:06 [INFO] <<< STEP 165: APPLYING RULE 7 http://rulewerk.semantic-web.org/inferred/subClassOf(?E, ?Y) :- http://rulewerk.semantic-web.org/inferred/ex(?E, ?R, ?C), http://rulewerk.semantic-web.org/inferred/subClassOf(?C, ?D), http://rulewerk.semantic-web.org/normalForm/subProp(?R, ?S), http://rulewerk.semantic-web.org/normalForm/exists(?Y, ?S, ?D), http://rulewerk.semantic-web.org/normalForm/isSubClass(?Y) >>>
21:08:06 [INFO] Execution step: Body
21:08:06 [INFO] Trie does not contain any elements
21:08:06 [INFO] Execution step: Duplicate Elimination (Datalog)
21:08:06 [INFO] Trie does not contain any elements
21:08:06 [INFO] Rule duration: 6 ms
21:08:06 [INFO] <<< STEP 166: APPLYING RULE 8 http://rulewerk.semantic-web.org/inferred/ex(?E, ?S, ?D) :- http://rulewerk.semantic-web.org/inferred/ex(?E, ?R1, ?C), http://rulewerk.semantic-web.org/inferred/ex(?C, ?R2, ?D), http://rulewerk.semantic-web.org/normalForm/subProp(?R1, ?S1), http://rulewerk.semantic-web.org/normalForm/subProp(?R2, ?S2), http://rulewerk.semantic-web.org/normalForm/subPropChain(?S1, ?S2, ?S) >>>
21:08:06 [INFO] Execution step: Body
21:08:06 [INFO] Trie does not contain any elements
21:08:06 [INFO] Execution step: Duplicate Elimination (Datalog)
21:08:06 [INFO] Trie does not contain any elements
21:08:06 [INFO] Rule duration: 0 ms
21:08:06 [INFO] <<< STEP 167: APPLYING RULE 9 http://rulewerk.semantic-web.org/inferred/subClassOf(?C, ?E) :- http://rulewerk.semantic-web.org/inferred/subClassOf(?C, ?D), http://rulewerk.semantic-web.org/normalForm/subClassOf(?D, ?E) >>>
21:08:06 [INFO] Execution step: Body
21:08:06 [INFO] Saved temporary table: 46213 entries (313722)
21:08:06 [INFO] Execution step: Duplicate Elimination (Datalog)
21:08:06 [INFO] Saved permanent table http://rulewerk.semantic-web.org/inferred/subClassOf (167) Permutation { idx_to_val: [], val_to_idx: [] } with 46209 entries (313754)
21:08:06 [INFO] Rule duration: 113 ms
21:08:06 [INFO] <<< STEP 168: APPLYING RULE 9 http://rulewerk.semantic-web.org/inferred/subClassOf(?C, ?E) :- http://rulewerk.semantic-web.org/inferred/subClassOf(?C, ?D), http://rulewerk.semantic-web.org/normalForm/subClassOf(?D, ?E) >>>
21:08:06 [INFO] Execution step: Body
21:08:06 [INFO] Saved temporary table: 50609 entries (331306)
21:08:06 [INFO] Execution step: Duplicate Elimination (Datalog)
21:08:06 [INFO] Saved permanent table http://rulewerk.semantic-web.org/inferred/subClassOf (168) Permutation { idx_to_val: [], val_to_idx: [] } with 4055 entries (56674)
21:08:06 [INFO] Rule duration: 121 ms
21:08:06 [INFO] <<< STEP 169: APPLYING RULE 9 http://rulewerk.semantic-web.org/inferred/subClassOf(?C, ?E) :- http://rulewerk.semantic-web.org/inferred/subClassOf(?C, ?D), http://rulewerk.semantic-web.org/normalForm/subClassOf(?D, ?E) >>>
21:08:06 [INFO] Execution step: Body
21:08:06 [INFO] Saved temporary table: 989 entries (19990)
21:08:06 [INFO] Execution step: Duplicate Elimination (Datalog)
21:08:06 [INFO] Saved permanent table http://rulewerk.semantic-web.org/inferred/subClassOf (169) Permutation { idx_to_val: [], val_to_idx: [] } with 897 entries (19322)
21:08:06 [INFO] Rule duration: 7 ms
21:08:06 [INFO] <<< STEP 170: APPLYING RULE 9 http://rulewerk.semantic-web.org/inferred/subClassOf(?C, ?E) :- http://rulewerk.semantic-web.org/inferred/subClassOf(?C, ?D), http://rulewerk.semantic-web.org/normalForm/subClassOf(?D, ?E) >>>
21:08:06 [INFO] Execution step: Body
21:08:06 [INFO] Saved temporary table: 1692 entries (22418)
21:08:06 [INFO] Execution step: Duplicate Elimination (Datalog)
21:08:06 [INFO] Saved permanent table http://rulewerk.semantic-web.org/inferred/subClassOf (170) Permutation { idx_to_val: [], val_to_idx: [] } with 1688 entries (22450)
21:08:06 [INFO] Rule duration: 7 ms
21:08:06 [INFO] Execution step: Combining Tables
21:08:06 [INFO] Saved permanent table http://rulewerk.semantic-web.org/inferred/subClassOf (160-172) Permutation { idx_to_val: [], val_to_idx: [] } with 70990 entries (427458)
21:08:06 [INFO] <<< STEP 171: APPLYING RULE 9 http://rulewerk.semantic-web.org/inferred/subClassOf(?C, ?E) :- http://rulewerk.semantic-web.org/inferred/subClassOf(?C, ?D), http://rulewerk.semantic-web.org/normalForm/subClassOf(?D, ?E) >>>
21:08:06 [INFO] Execution step: Body
21:08:06 [INFO] Saved temporary table: 744 entries (18530)
21:08:06 [INFO] Execution step: Duplicate Elimination (Datalog)
21:08:06 [INFO] Saved permanent table http://rulewerk.semantic-web.org/inferred/subClassOf (171) Permutation { idx_to_val: [], val_to_idx: [] } with 737 entries (18550)
21:08:06 [INFO] Rule duration: 6 ms
21:08:06 [INFO] <<< STEP 172: APPLYING RULE 9 http://rulewerk.semantic-web.org/inferred/subClassOf(?C, ?E) :- http://rulewerk.semantic-web.org/inferred/subClassOf(?C, ?D), http://rulewerk.semantic-web.org/normalForm/subClassOf(?D, ?E) >>>
21:08:06 [INFO] Execution step: Body
21:08:06 [INFO] Saved temporary table: 706 entries (18198)
21:08:06 [INFO] Execution step: Duplicate Elimination (Datalog)
21:08:06 [INFO] Saved permanent table http://rulewerk.semantic-web.org/inferred/subClassOf (172) Permutation { idx_to_val: [], val_to_idx: [] } with 704 entries (18238)
21:08:06 [INFO] Rule duration: 6 ms
21:08:06 [INFO] <<< STEP 173: APPLYING RULE 9 http://rulewerk.semantic-web.org/inferred/subClassOf(?C, ?E) :- http://rulewerk.semantic-web.org/inferred/subClassOf(?C, ?D), http://rulewerk.semantic-web.org/normalForm/subClassOf(?D, ?E) >>>
21:08:06 [INFO] Execution step: Body
21:08:06 [INFO] Saved temporary table: 632 entries (16990)
21:08:06 [INFO] Execution step: Duplicate Elimination (Datalog)
21:08:06 [INFO] Saved permanent table http://rulewerk.semantic-web.org/inferred/subClassOf (173) Permutation { idx_to_val: [], val_to_idx: [] } with 619 entries (12228)
21:08:06 [INFO] Rule duration: 5 ms
21:08:06 [INFO] <<< STEP 174: APPLYING RULE 9 http://rulewerk.semantic-web.org/inferred/subClassOf(?C, ?E) :- http://rulewerk.semantic-web.org/inferred/subClassOf(?C, ?D), http://rulewerk.semantic-web.org/normalForm/subClassOf(?D, ?E) >>>
21:08:06 [INFO] Execution step: Body
21:08:06 [INFO] Saved temporary table: 102 entries (8714)
21:08:06 [INFO] Execution step: Duplicate Elimination (Datalog)
21:08:06 [INFO] Saved permanent table http://rulewerk.semantic-web.org/inferred/subClassOf (174) Permutation { idx_to_val: [], val_to_idx: [] } with 102 entries (8762)
21:08:06 [INFO] Rule duration: 1 ms
21:08:06 [INFO] <<< STEP 175: APPLYING RULE 9 http://rulewerk.semantic-web.org/inferred/subClassOf(?C, ?E) :- http://rulewerk.semantic-web.org/inferred/subClassOf(?C, ?D), http://rulewerk.semantic-web.org/normalForm/subClassOf(?D, ?E) >>>
21:08:06 [INFO] Execution step: Body
21:08:06 [INFO] Saved temporary table: 37 entries (8456)
21:08:06 [INFO] Execution step: Duplicate Elimination (Datalog)
21:08:06 [INFO] Saved permanent table http://rulewerk.semantic-web.org/inferred/subClassOf (175) Permutation { idx_to_val: [], val_to_idx: [] } with 37 entries (8504)
21:08:06 [INFO] Rule duration: 0 ms
21:08:06 [INFO] <<< STEP 176: APPLYING RULE 9 http://rulewerk.semantic-web.org/inferred/subClassOf(?C, ?E) :- http://rulewerk.semantic-web.org/inferred/subClassOf(?C, ?D), http://rulewerk.semantic-web.org/normalForm/subClassOf(?D, ?E) >>>
21:08:06 [INFO] Execution step: Body
21:08:06 [INFO] Saved temporary table: 22 entries (8032)
21:08:06 [INFO] Execution step: Duplicate Elimination (Datalog)
21:08:06 [INFO] Saved permanent table http://rulewerk.semantic-web.org/inferred/subClassOf (176) Permutation { idx_to_val: [], val_to_idx: [] } with 22 entries (8080)
21:08:06 [INFO] Rule duration: 0 ms
21:08:06 [INFO] <<< STEP 177: APPLYING RULE 9 http://rulewerk.semantic-web.org/inferred/subClassOf(?C, ?E) :- http://rulewerk.semantic-web.org/inferred/subClassOf(?C, ?D), http://rulewerk.semantic-web.org/normalForm/subClassOf(?D, ?E) >>>
21:08:06 [INFO] Execution step: Body
21:08:06 [INFO] Saved temporary table: 7 entries (7192)
21:08:06 [INFO] Execution step: Duplicate Elimination (Datalog)
21:08:06 [INFO] Saved permanent table http://rulewerk.semantic-web.org/inferred/subClassOf (177) Permutation { idx_to_val: [], val_to_idx: [] } with 7 entries (7240)
21:08:06 [INFO] Rule duration: 0 ms
21:08:06 [INFO] <<< STEP 178: APPLYING RULE 9 http://rulewerk.semantic-web.org/inferred/subClassOf(?C, ?E) :- http://rulewerk.semantic-web.org/inferred/subClassOf(?C, ?D), http://rulewerk.semantic-web.org/normalForm/subClassOf(?D, ?E) >>>
21:08:06 [INFO] Execution step: Body
21:08:06 [INFO] Saved temporary table: 5 entries (7080)
21:08:06 [INFO] Execution step: Duplicate Elimination (Datalog)
21:08:06 [INFO] Saved permanent table http://rulewerk.semantic-web.org/inferred/subClassOf (178) Permutation { idx_to_val: [], val_to_idx: [] } with 5 entries (7128)
21:08:06 [INFO] Rule duration: 0 ms
21:08:06 [INFO] Execution step: Combining Tables
21:08:06 [INFO] Saved permanent table http://rulewerk.semantic-web.org/inferred/subClassOf (172-180) Permutation { idx_to_val: [], val_to_idx: [] } with 1496 entries (21406)
21:08:06 [INFO] <<< STEP 179: APPLYING RULE 9 http://rulewerk.semantic-web.org/inferred/subClassOf(?C, ?E) :- http://rulewerk.semantic-web.org/inferred/subClassOf(?C, ?D), http://rulewerk.semantic-web.org/normalForm/subClassOf(?D, ?E) >>>
21:08:06 [INFO] Execution step: Body
21:08:06 [INFO] Saved temporary table: 1 entries (6856)
21:08:06 [INFO] Execution step: Duplicate Elimination (Datalog)
21:08:06 [INFO] Saved permanent table http://rulewerk.semantic-web.org/inferred/subClassOf (179) Permutation { idx_to_val: [], val_to_idx: [] } with 1 entries (6904)
21:08:06 [INFO] Rule duration: 0 ms
21:08:06 [INFO] <<< STEP 180: APPLYING RULE 9 http://rulewerk.semantic-web.org/inferred/subClassOf(?C, ?E) :- http://rulewerk.semantic-web.org/inferred/subClassOf(?C, ?D), http://rulewerk.semantic-web.org/normalForm/subClassOf(?D, ?E) >>>
21:08:06 [INFO] Execution step: Body
21:08:06 [INFO] Saved temporary table: 1 entries (6856)
21:08:06 [INFO] Execution step: Duplicate Elimination (Datalog)
21:08:06 [INFO] Saved permanent table http://rulewerk.semantic-web.org/inferred/subClassOf (180) Permutation { idx_to_val: [], val_to_idx: [] } with 1 entries (6904)
21:08:06 [INFO] Rule duration: 0 ms
21:08:06 [INFO] <<< STEP 181: APPLYING RULE 9 http://rulewerk.semantic-web.org/inferred/subClassOf(?C, ?E) :- http://rulewerk.semantic-web.org/inferred/subClassOf(?C, ?D), http://rulewerk.semantic-web.org/normalForm/subClassOf(?D, ?E) >>>
21:08:06 [INFO] Execution step: Body
21:08:06 [INFO] Saved temporary table: 3 entries (6864)
21:08:06 [INFO] Execution step: Duplicate Elimination (Datalog)
21:08:06 [INFO] Saved permanent table http://rulewerk.semantic-web.org/inferred/subClassOf (181) Permutation { idx_to_val: [], val_to_idx: [] } with 3 entries (6912)
21:08:06 [INFO] Rule duration: 0 ms
21:08:06 [INFO] <<< STEP 182: APPLYING RULE 9 http://rulewerk.semantic-web.org/inferred/subClassOf(?C, ?E) :- http://rulewerk.semantic-web.org/inferred/subClassOf(?C, ?D), http://rulewerk.semantic-web.org/normalForm/subClassOf(?D, ?E) >>>
21:08:06 [INFO] Execution step: Body
21:08:06 [INFO] Saved temporary table: 1 entries (6856)
21:08:06 [INFO] Execution step: Duplicate Elimination (Datalog)
21:08:06 [INFO] Saved permanent table http://rulewerk.semantic-web.org/inferred/subClassOf (182) Permutation { idx_to_val: [], val_to_idx: [] } with 1 entries (6904)
21:08:06 [INFO] Rule duration: 0 ms
21:08:06 [INFO] <<< STEP 183: APPLYING RULE 9 http://rulewerk.semantic-web.org/inferred/subClassOf(?C, ?E) :- http://rulewerk.semantic-web.org/inferred/subClassOf(?C, ?D), http://rulewerk.semantic-web.org/normalForm/subClassOf(?D, ?E) >>>
21:08:06 [INFO] Execution step: Body
21:08:06 [INFO] Saved temporary table: 1 entries (6856)
21:08:06 [INFO] Execution step: Duplicate Elimination (Datalog)
21:08:06 [INFO] Saved permanent table http://rulewerk.semantic-web.org/inferred/subClassOf (183) Permutation { idx_to_val: [], val_to_idx: [] } with 1 entries (6904)
21:08:06 [INFO] Rule duration: 0 ms
21:08:06 [INFO] <<< STEP 184: APPLYING RULE 9 http://rulewerk.semantic-web.org/inferred/subClassOf(?C, ?E) :- http://rulewerk.semantic-web.org/inferred/subClassOf(?C, ?D), http://rulewerk.semantic-web.org/normalForm/subClassOf(?D, ?E) >>>
21:08:06 [INFO] Execution step: Body
21:08:06 [INFO] Saved temporary table: 3 entries (6864)
21:08:06 [INFO] Execution step: Duplicate Elimination (Datalog)
21:08:06 [INFO] Saved permanent table http://rulewerk.semantic-web.org/inferred/subClassOf (184) Permutation { idx_to_val: [], val_to_idx: [] } with 3 entries (6912)
21:08:06 [INFO] Rule duration: 0 ms
21:08:06 [INFO] <<< STEP 185: APPLYING RULE 9 http://rulewerk.semantic-web.org/inferred/subClassOf(?C, ?E) :- http://rulewerk.semantic-web.org/inferred/subClassOf(?C, ?D), http://rulewerk.semantic-web.org/normalForm/subClassOf(?D, ?E) >>>
21:08:06 [INFO] Execution step: Body
21:08:06 [INFO] Saved temporary table: 1 entries (6856)
21:08:06 [INFO] Execution step: Duplicate Elimination (Datalog)
21:08:06 [INFO] Saved permanent table http://rulewerk.semantic-web.org/inferred/subClassOf (185) Permutation { idx_to_val: [], val_to_idx: [] } with 1 entries (6904)
21:08:06 [INFO] Rule duration: 0 ms
21:08:06 [INFO] <<< STEP 186: APPLYING RULE 9 http://rulewerk.semantic-web.org/inferred/subClassOf(?C, ?E) :- http://rulewerk.semantic-web.org/inferred/subClassOf(?C, ?D), http://rulewerk.semantic-web.org/normalForm/subClassOf(?D, ?E) >>>
21:08:06 [INFO] Execution step: Body
21:08:06 [INFO] Saved temporary table: 1 entries (6856)
21:08:06 [INFO] Execution step: Duplicate Elimination (Datalog)
21:08:06 [INFO] Saved permanent table http://rulewerk.semantic-web.org/inferred/subClassOf (186) Permutation { idx_to_val: [], val_to_idx: [] } with 1 entries (6904)
21:08:06 [INFO] Rule duration: 0 ms
21:08:06 [INFO] Execution step: Combining Tables
21:08:06 [INFO] Saved permanent table http://rulewerk.semantic-web.org/inferred/subClassOf (180-188) Permutation { idx_to_val: [], val_to_idx: [] } with 11 entries (6944)
21:08:06 [INFO] <<< STEP 187: APPLYING RULE 9 http://rulewerk.semantic-web.org/inferred/subClassOf(?C, ?E) :- http://rulewerk.semantic-web.org/inferred/subClassOf(?C, ?D), http://rulewerk.semantic-web.org/normalForm/subClassOf(?D, ?E) >>>
21:08:06 [INFO] Execution step: Body
21:08:06 [INFO] Saved temporary table: 1 entries (6856)
21:08:06 [INFO] Execution step: Duplicate Elimination (Datalog)
21:08:06 [INFO] Saved permanent table http://rulewerk.semantic-web.org/inferred/subClassOf (187) Permutation { idx_to_val: [], val_to_idx: [] } with 1 entries (6904)
21:08:06 [INFO] Rule duration: 0 ms
21:08:06 [INFO] <<< STEP 188: APPLYING RULE 9 http://rulewerk.semantic-web.org/inferred/subClassOf(?C, ?E) :- http://rulewerk.semantic-web.org/inferred/subClassOf(?C, ?D), http://rulewerk.semantic-web.org/normalForm/subClassOf(?D, ?E) >>>
21:08:06 [INFO] Execution step: Body
21:08:06 [INFO] Trie does not contain any elements
21:08:06 [INFO] Execution step: Duplicate Elimination (Datalog)
21:08:06 [INFO] Trie does not contain any elements
21:08:06 [INFO] Rule duration: 0 ms
21:08:06 [INFO] <<< STEP 189: APPLYING RULE 10 http://rulewerk.semantic-web.org/inferred/subClassOf(?E, "<http://www.w3.org/2002/07/owl#Nothing>") :- http://rulewerk.semantic-web.org/inferred/ex(?E, ?R, ?C), http://rulewerk.semantic-web.org/inferred/subClassOf(?C, ?_BODY_1), Equal(?_BODY_1, "<http://www.w3.org/2002/07/owl#Nothing>") >>>
21:08:06 [INFO] Execution step: Body
21:08:06 [INFO] Trie does not contain any elements
21:08:06 [INFO] Execution step: Duplicate Elimination (Datalog)
21:08:06 [INFO] Trie does not contain any elements
21:08:06 [INFO] Rule duration: 24 ms
21:08:06 [INFO] <<< STEP 190: APPLYING RULE 1 http://rulewerk.semantic-web.org/inferred/init(?C) :- http://rulewerk.semantic-web.org/inferred/ex(?E, ?R, ?C) >>>
21:08:06 [INFO] Execution step: Body
21:08:06 [INFO] Saved temporary table: 988 entries (7352)
21:08:06 [INFO] Execution step: Duplicate Elimination (Datalog)
21:08:06 [INFO] Saved permanent table http://rulewerk.semantic-web.org/inferred/init (190) Permutation { idx_to_val: [], val_to_idx: [] } with 4 entries (3464)
21:08:06 [INFO] Rule duration: 27 ms
21:08:06 [INFO] <<< STEP 191: APPLYING RULE 2 http://rulewerk.semantic-web.org/inferred/subClassOf(?C, ?C) :- http://rulewerk.semantic-web.org/inferred/init(?C) >>>
21:08:06 [INFO] Execution step: Body
21:08:06 [INFO] Saved temporary table: 4 entries (3416)
21:08:06 [INFO] Execution step: Duplicate Elimination (Datalog)
21:08:06 [INFO] Saved permanent table http://rulewerk.semantic-web.org/inferred/subClassOf (191) Permutation { idx_to_val: [], val_to_idx: [] } with 4 entries (7072)
21:08:06 [INFO] Rule duration: 0 ms
21:08:06 [INFO] <<< STEP 192: APPLYING RULE 4 http://rulewerk.semantic-web.org/inferred/subClassOf(?C, ?D1), http://rulewerk.semantic-web.org/inferred/subClassOf(?C, ?D2) :- http://rulewerk.semantic-web.org/inferred/subClassOf(?C, ?Y), http://rulewerk.semantic-web.org/normalForm/conj(?Y, ?D1, ?D2) >>>
21:08:06 [INFO] Execution step: Body
21:08:07 [INFO] Saved temporary table: 30489 entries (254414)
21:08:07 [INFO] Saved temporary table: 45784 entries (315594)
21:08:07 [INFO] Execution step: Duplicate Elimination (Datalog)
21:08:07 [INFO] Saved permanent table http://rulewerk.semantic-web.org/inferred/subClassOf (192) Permutation { idx_to_val: [], val_to_idx: [] } with 502 entries (12342)
21:08:07 [INFO] Rule duration: 252 ms
21:08:07 [INFO] <<< STEP 193: APPLYING RULE 4 http://rulewerk.semantic-web.org/inferred/subClassOf(?C, ?D1), http://rulewerk.semantic-web.org/inferred/subClassOf(?C, ?D2) :- http://rulewerk.semantic-web.org/inferred/subClassOf(?C, ?Y), http://rulewerk.semantic-web.org/normalForm/conj(?Y, ?D1, ?D2) >>>
21:08:07 [INFO] Execution step: Body
21:08:07 [INFO] Saved temporary table: 10 entries (7360)
21:08:07 [INFO] Saved temporary table: 10 entries (7360)
21:08:07 [INFO] Execution step: Duplicate Elimination (Datalog)
21:08:07 [INFO] Saved permanent table http://rulewerk.semantic-web.org/inferred/subClassOf (193) Permutation { idx_to_val: [], val_to_idx: [] } with 18 entries (7440)
21:08:07 [INFO] Rule duration: 1 ms
21:08:07 [INFO] <<< STEP 194: APPLYING RULE 4 http://rulewerk.semantic-web.org/inferred/subClassOf(?C, ?D1), http://rulewerk.semantic-web.org/inferred/subClassOf(?C, ?D2) :- http://rulewerk.semantic-web.org/inferred/subClassOf(?C, ?Y), http://rulewerk.semantic-web.org/normalForm/conj(?Y, ?D1, ?D2) >>>
21:08:07 [INFO] Execution step: Body
21:08:07 [INFO] Saved temporary table: 2 entries (6912)
21:08:07 [INFO] Saved temporary table: 2 entries (6912)
21:08:07 [INFO] Execution step: Duplicate Elimination (Datalog)
21:08:07 [INFO] Saved permanent table http://rulewerk.semantic-web.org/inferred/subClassOf (194) Permutation { idx_to_val: [], val_to_idx: [] } with 3 entries (6964)
21:08:07 [INFO] Rule duration: 0 ms
21:08:07 [INFO] <<< STEP 195: APPLYING RULE 4 http://rulewerk.semantic-web.org/inferred/subClassOf(?C, ?D1), http://rulewerk.semantic-web.org/inferred/subClassOf(?C, ?D2) :- http://rulewerk.semantic-web.org/inferred/subClassOf(?C, ?Y), http://rulewerk.semantic-web.org/normalForm/conj(?Y, ?D1, ?D2) >>>
21:08:07 [INFO] Execution step: Body
21:08:07 [INFO] Trie does not contain any elements
21:08:07 [INFO] Trie does not contain any elements
21:08:07 [INFO] Execution step: Duplicate Elimination (Datalog)
21:08:07 [INFO] Trie does not contain any elements
21:08:07 [INFO] Rule duration: 0 ms
21:08:07 [INFO] <<< STEP 196: APPLYING RULE 5 http://rulewerk.semantic-web.org/inferred/subClassOf(?C, ?I) :- http://rulewerk.semantic-web.org/inferred/subClassOf(?C, ?D1), http://rulewerk.semantic-web.org/inferred/subClassOf(?C, ?D2), http://rulewerk.semantic-web.org/normalForm/conj(?I, ?D1, ?D2), http://rulewerk.semantic-web.org/normalForm/isSubClass(?I) >>>
21:08:07 [INFO] Execution step: Body
21:08:07 [INFO] Saved temporary table: 26984 entries (188830)
21:08:07 [INFO] Execution step: Duplicate Elimination (Datalog)
21:08:07 [INFO] Saved permanent table http://rulewerk.semantic-web.org/inferred/subClassOf (196) Permutation { idx_to_val: [], val_to_idx: [] } with 26709 entries (186638)
21:08:07 [INFO] Rule duration: 582 ms
21:08:07 [INFO] <<< STEP 197: APPLYING RULE 5 http://rulewerk.semantic-web.org/inferred/subClassOf(?C, ?I) :- http://rulewerk.semantic-web.org/inferred/subClassOf(?C, ?D1), http://rulewerk.semantic-web.org/inferred/subClassOf(?C, ?D2), http://rulewerk.semantic-web.org/normalForm/conj(?I, ?D1, ?D2), http://rulewerk.semantic-web.org/normalForm/isSubClass(?I) >>>
21:08:07 [INFO] Execution step: Body
21:08:08 [INFO] Saved temporary table: 2580 entries (36818)
21:08:08 [INFO] Execution step: Duplicate Elimination (Datalog)
21:08:08 [INFO] Saved permanent table http://rulewerk.semantic-web.org/inferred/subClassOf (197) Permutation { idx_to_val: [], val_to_idx: [] } with 2580 entries (36866)
21:08:08 [INFO] Rule duration: 273 ms
21:08:08 [INFO] <<< STEP 198: APPLYING RULE 5 http://rulewerk.semantic-web.org/inferred/subClassOf(?C, ?I) :- http://rulewerk.semantic-web.org/inferred/subClassOf(?C, ?D1), http://rulewerk.semantic-web.org/inferred/subClassOf(?C, ?D2), http://rulewerk.semantic-web.org/normalForm/conj(?I, ?D1, ?D2), http://rulewerk.semantic-web.org/normalForm/isSubClass(?I) >>>
21:08:08 [INFO] Execution step: Body
21:08:08 [INFO] Saved temporary table: 7 entries (7192)
21:08:08 [INFO] Execution step: Duplicate Elimination (Datalog)
21:08:08 [INFO] Saved permanent table http://rulewerk.semantic-web.org/inferred/subClassOf (198) Permutation { idx_to_val: [], val_to_idx: [] } with 7 entries (7240)
21:08:08 [INFO] Rule duration: 77 ms
21:08:08 [INFO] Execution step: Combining Tables
21:08:08 [INFO] Saved permanent table http://rulewerk.semantic-web.org/inferred/subClassOf (188-200) Permutation { idx_to_val: [], val_to_idx: [] } with 29823 entries (200234)
21:08:08 [INFO] <<< STEP 199: APPLYING RULE 5 http://rulewerk.semantic-web.org/inferred/subClassOf(?C, ?I) :- http://rulewerk.semantic-web.org/inferred/subClassOf(?C, ?D1), http://rulewerk.semantic-web.org/inferred/subClassOf(?C, ?D2), http://rulewerk.semantic-web.org/normalForm/conj(?I, ?D1, ?D2), http://rulewerk.semantic-web.org/normalForm/isSubClass(?I) >>>
21:08:08 [INFO] Execution step: Body
21:08:08 [INFO] Trie does not contain any elements
21:08:08 [INFO] Execution step: Duplicate Elimination (Datalog)
21:08:08 [INFO] Trie does not contain any elements
21:08:08 [INFO] Rule duration: 1 ms
21:08:08 [INFO] <<< STEP 200: APPLYING RULE 6 http://rulewerk.semantic-web.org/inferred/ex(?E, ?R, ?C) :- http://rulewerk.semantic-web.org/inferred/subClassOf(?E, ?Y), http://rulewerk.semantic-web.org/normalForm/exists(?Y, ?R, ?C) >>>
21:08:08 [INFO] Execution step: Body
21:08:08 [INFO] Saved temporary table: 22389 entries (388968)
21:08:08 [INFO] Execution step: Duplicate Elimination (Datalog)
21:08:08 [INFO] Saved permanent table http://rulewerk.semantic-web.org/inferred/ex (200) Permutation { idx_to_val: [], val_to_idx: [] } with 22389 entries (389016)
21:08:08 [INFO] Rule duration: 59 ms
21:08:08 [INFO] <<< STEP 201: APPLYING RULE 7 http://rulewerk.semantic-web.org/inferred/subClassOf(?E, ?Y) :- http://rulewerk.semantic-web.org/inferred/ex(?E, ?R, ?C), http://rulewerk.semantic-web.org/inferred/subClassOf(?C, ?D), http://rulewerk.semantic-web.org/normalForm/subProp(?R, ?S), http://rulewerk.semantic-web.org/normalForm/exists(?Y, ?S, ?D), http://rulewerk.semantic-web.org/normalForm/isSubClass(?Y) >>>
21:08:08 [INFO] Execution step: Body
21:08:08 [INFO] Saved temporary table: 50875 entries (314178)
21:08:08 [INFO] Execution step: Duplicate Elimination (Datalog)
21:08:08 [INFO] Saved permanent table http://rulewerk.semantic-web.org/inferred/subClassOf (201) Permutation { idx_to_val: [], val_to_idx: [] } with 7641 entries (83978)
21:08:08 [INFO] Rule duration: 299 ms
21:08:08 [INFO] <<< STEP 202: APPLYING RULE 7 http://rulewerk.semantic-web.org/inferred/subClassOf(?E, ?Y) :- http://rulewerk.semantic-web.org/inferred/ex(?E, ?R, ?C), http://rulewerk.semantic-web.org/inferred/subClassOf(?C, ?D), http://rulewerk.semantic-web.org/normalForm/subProp(?R, ?S), http://rulewerk.semantic-web.org/normalForm/exists(?Y, ?S, ?D), http://rulewerk.semantic-web.org/normalForm/isSubClass(?Y) >>>
21:08:08 [INFO] Execution step: Body
21:08:08 [INFO] Trie does not contain any elements
21:08:08 [INFO] Execution step: Duplicate Elimination (Datalog)
21:08:08 [INFO] Trie does not contain any elements
21:08:08 [INFO] Rule duration: 7 ms
21:08:08 [INFO] <<< STEP 203: APPLYING RULE 8 http://rulewerk.semantic-web.org/inferred/ex(?E, ?S, ?D) :- http://rulewerk.semantic-web.org/inferred/ex(?E, ?R1, ?C), http://rulewerk.semantic-web.org/inferred/ex(?C, ?R2, ?D), http://rulewerk.semantic-web.org/normalForm/subProp(?R1, ?S1), http://rulewerk.semantic-web.org/normalForm/subProp(?R2, ?S2), http://rulewerk.semantic-web.org/normalForm/subPropChain(?S1, ?S2, ?S) >>>
21:08:08 [INFO] Execution step: Body
21:08:08 [INFO] Trie does not contain any elements
21:08:08 [INFO] Execution step: Duplicate Elimination (Datalog)
21:08:08 [INFO] Trie does not contain any elements
21:08:08 [INFO] Rule duration: 0 ms
21:08:08 [INFO] <<< STEP 204: APPLYING RULE 9 http://rulewerk.semantic-web.org/inferred/subClassOf(?C, ?E) :- http://rulewerk.semantic-web.org/inferred/subClassOf(?C, ?D), http://rulewerk.semantic-web.org/normalForm/subClassOf(?D, ?E) >>>
21:08:08 [INFO] Execution step: Body
21:08:08 [INFO] Saved temporary table: 21281 entries (163306)
21:08:08 [INFO] Execution step: Duplicate Elimination (Datalog)
21:08:08 [INFO] Saved permanent table http://rulewerk.semantic-web.org/inferred/subClassOf (204) Permutation { idx_to_val: [], val_to_idx: [] } with 21281 entries (163354)
21:08:08 [INFO] Rule duration: 64 ms
21:08:08 [INFO] <<< STEP 205: APPLYING RULE 9 http://rulewerk.semantic-web.org/inferred/subClassOf(?C, ?E) :- http://rulewerk.semantic-web.org/inferred/subClassOf(?C, ?D), http://rulewerk.semantic-web.org/normalForm/subClassOf(?D, ?E) >>>
21:08:08 [INFO] Execution step: Body
21:08:08 [INFO] Saved temporary table: 23595 entries (172562)
21:08:08 [INFO] Execution step: Duplicate Elimination (Datalog)
21:08:08 [INFO] Saved permanent table http://rulewerk.semantic-web.org/inferred/subClassOf (205) Permutation { idx_to_val: [], val_to_idx: [] } with 1338 entries (24686)
21:08:08 [INFO] Rule duration: 44 ms
21:08:08 [INFO] <<< STEP 206: APPLYING RULE 9 http://rulewerk.semantic-web.org/inferred/subClassOf(?C, ?E) :- http://rulewerk.semantic-web.org/inferred/subClassOf(?C, ?D), http://rulewerk.semantic-web.org/normalForm/subClassOf(?D, ?E) >>>
21:08:08 [INFO] Execution step: Body
21:08:08 [INFO] Saved temporary table: 284 entries (11278)
21:08:08 [INFO] Execution step: Duplicate Elimination (Datalog)
21:08:08 [INFO] Saved permanent table http://rulewerk.semantic-web.org/inferred/subClassOf (206) Permutation { idx_to_val: [], val_to_idx: [] } with 256 entries (11154)
21:08:08 [INFO] Rule duration: 2 ms
21:08:08 [INFO] <<< STEP 207: APPLYING RULE 9 http://rulewerk.semantic-web.org/inferred/subClassOf(?C, ?E) :- http://rulewerk.semantic-web.org/inferred/subClassOf(?C, ?D), http://rulewerk.semantic-web.org/normalForm/subClassOf(?D, ?E) >>>
21:08:08 [INFO] Execution step: Body
21:08:08 [INFO] Saved temporary table: 502 entries (12090)
21:08:08 [INFO] Execution step: Duplicate Elimination (Datalog)
21:08:08 [INFO] Saved permanent table http://rulewerk.semantic-web.org/inferred/subClassOf (207) Permutation { idx_to_val: [], val_to_idx: [] } with 502 entries (12138)
21:08:08 [INFO] Rule duration: 2 ms
21:08:08 [INFO] <<< STEP 208: APPLYING RULE 9 http://rulewerk.semantic-web.org/inferred/subClassOf(?C, ?E) :- http://rulewerk.semantic-web.org/inferred/subClassOf(?C, ?D), http://rulewerk.semantic-web.org/normalForm/subClassOf(?D, ?E) >>>
21:08:08 [INFO] Execution step: Body
21:08:08 [INFO] Saved temporary table: 254 entries (11098)
21:08:08 [INFO] Execution step: Duplicate Elimination (Datalog)
21:08:08 [INFO] Saved permanent table http://rulewerk.semantic-web.org/inferred/subClassOf (208) Permutation { idx_to_val: [], val_to_idx: [] } with 252 entries (11138)
21:08:08 [INFO] Rule duration: 1 ms
21:08:08 [INFO] <<< STEP 209: APPLYING RULE 9 http://rulewerk.semantic-web.org/inferred/subClassOf(?C, ?E) :- http://rulewerk.semantic-web.org/inferred/subClassOf(?C, ?D), http://rulewerk.semantic-web.org/normalForm/subClassOf(?D, ?E) >>>
21:08:08 [INFO] Execution step: Body
21:08:08 [INFO] Saved temporary table: 250 entries (11058)
21:08:08 [INFO] Execution step: Duplicate Elimination (Datalog)
21:08:08 [INFO] Saved permanent table http://rulewerk.semantic-web.org/inferred/subClassOf (209) Permutation { idx_to_val: [], val_to_idx: [] } with 250 entries (11106)
21:08:08 [INFO] Rule duration: 1 ms
21:08:08 [INFO] <<< STEP 210: APPLYING RULE 9 http://rulewerk.semantic-web.org/inferred/subClassOf(?C, ?E) :- http://rulewerk.semantic-web.org/inferred/subClassOf(?C, ?D), http://rulewerk.semantic-web.org/normalForm/subClassOf(?D, ?E) >>>
21:08:08 [INFO] Execution step: Body
21:08:08 [INFO] Saved temporary table: 258 entries (11066)
21:08:08 [INFO] Execution step: Duplicate Elimination (Datalog)
21:08:08 [INFO] Saved permanent table http://rulewerk.semantic-web.org/inferred/subClassOf (210) Permutation { idx_to_val: [], val_to_idx: [] } with 252 entries (11090)
21:08:08 [INFO] Rule duration: 1 ms
21:08:08 [INFO] Execution step: Combining Tables
21:08:08 [INFO] Saved permanent table http://rulewerk.semantic-web.org/inferred/subClassOf (200-212) Permutation { idx_to_val: [], val_to_idx: [] } with 31772 entries (222274)
21:08:08 [INFO] <<< STEP 211: APPLYING RULE 9 http://rulewerk.semantic-web.org/inferred/subClassOf(?C, ?E) :- http://rulewerk.semantic-web.org/inferred/subClassOf(?C, ?D), http://rulewerk.semantic-web.org/normalForm/subClassOf(?D, ?E) >>>
21:08:08 [INFO] Execution step: Body
21:08:08 [INFO] Saved temporary table: 108 entries (8052)
21:08:08 [INFO] Execution step: Duplicate Elimination (Datalog)
21:08:08 [INFO] Saved permanent table http://rulewerk.semantic-web.org/inferred/subClassOf (211) Permutation { idx_to_val: [], val_to_idx: [] } with 108 entries (8100)
21:08:08 [INFO] Rule duration: 1 ms
21:08:08 [INFO] <<< STEP 212: APPLYING RULE 9 http://rulewerk.semantic-web.org/inferred/subClassOf(?C, ?E) :- http://rulewerk.semantic-web.org/inferred/subClassOf(?C, ?D), http://rulewerk.semantic-web.org/normalForm/subClassOf(?D, ?E) >>>
21:08:08 [INFO] Execution step: Body
21:08:08 [INFO] Saved temporary table: 5 entries (7080)
21:08:08 [INFO] Execution step: Duplicate Elimination (Datalog)
21:08:08 [INFO] Saved permanent table http://rulewerk.semantic-web.org/inferred/subClassOf (212) Permutation { idx_to_val: [], val_to_idx: [] } with 5 entries (7128)
21:08:08 [INFO] Rule duration: 0 ms
21:08:08 [INFO] <<< STEP 213: APPLYING RULE 9 http://rulewerk.semantic-web.org/inferred/subClassOf(?C, ?E) :- http://rulewerk.semantic-web.org/inferred/subClassOf(?C, ?D), http://rulewerk.semantic-web.org/normalForm/subClassOf(?D, ?E) >>>
21:08:08 [INFO] Execution step: Body
21:08:08 [INFO] Saved temporary table: 5 entries (7080)
21:08:08 [INFO] Execution step: Duplicate Elimination (Datalog)
21:08:08 [INFO] Saved permanent table http://rulewerk.semantic-web.org/inferred/subClassOf (213) Permutation { idx_to_val: [], val_to_idx: [] } with 5 entries (7128)
21:08:08 [INFO] Rule duration: 0 ms
21:08:08 [INFO] <<< STEP 214: APPLYING RULE 9 http://rulewerk.semantic-web.org/inferred/subClassOf(?C, ?E) :- http://rulewerk.semantic-web.org/inferred/subClassOf(?C, ?D), http://rulewerk.semantic-web.org/normalForm/subClassOf(?D, ?E) >>>
21:08:08 [INFO] Execution step: Body
21:08:08 [INFO] Trie does not contain any elements
21:08:08 [INFO] Execution step: Duplicate Elimination (Datalog)
21:08:08 [INFO] Trie does not contain any elements
21:08:08 [INFO] Rule duration: 0 ms
21:08:08 [INFO] <<< STEP 215: APPLYING RULE 10 http://rulewerk.semantic-web.org/inferred/subClassOf(?E, "<http://www.w3.org/2002/07/owl#Nothing>") :- http://rulewerk.semantic-web.org/inferred/ex(?E, ?R, ?C), http://rulewerk.semantic-web.org/inferred/subClassOf(?C, ?_BODY_1), Equal(?_BODY_1, "<http://www.w3.org/2002/07/owl#Nothing>") >>>
21:08:08 [INFO] Execution step: Body
21:08:08 [INFO] Trie does not contain any elements
21:08:08 [INFO] Execution step: Duplicate Elimination (Datalog)
21:08:08 [INFO] Trie does not contain any elements
21:08:08 [INFO] Rule duration: 8 ms
21:08:08 [INFO] <<< STEP 216: APPLYING RULE 1 http://rulewerk.semantic-web.org/inferred/init(?C) :- http://rulewerk.semantic-web.org/inferred/ex(?E, ?R, ?C) >>>
21:08:08 [INFO] Execution step: Body
21:08:08 [INFO] Saved temporary table: 487 entries (5348)
21:08:08 [INFO] Execution step: Duplicate Elimination (Datalog)
21:08:08 [INFO] Trie does not contain any elements
21:08:08 [INFO] Rule duration: 5 ms
21:08:08 [INFO] <<< STEP 217: APPLYING RULE 2 http://rulewerk.semantic-web.org/inferred/subClassOf(?C, ?C) :- http://rulewerk.semantic-web.org/inferred/init(?C) >>>
21:08:08 [INFO] Execution step: Body
21:08:08 [INFO] Trie does not contain any elements
21:08:08 [INFO] Execution step: Duplicate Elimination (Datalog)
21:08:08 [INFO] Trie does not contain any elements
21:08:08 [INFO] Rule duration: 0 ms
21:08:08 [INFO] <<< STEP 218: APPLYING RULE 4 http://rulewerk.semantic-web.org/inferred/subClassOf(?C, ?D1), http://rulewerk.semantic-web.org/inferred/subClassOf(?C, ?D2) :- http://rulewerk.semantic-web.org/inferred/subClassOf(?C, ?Y), http://rulewerk.semantic-web.org/normalForm/conj(?Y, ?D1, ?D2) >>>
21:08:08 [INFO] Execution step: Body
21:08:08 [INFO] Saved temporary table: 17479 entries (149766)
21:08:08 [INFO] Saved temporary table: 21175 entries (164550)
21:08:08 [INFO] Execution step: Duplicate Elimination (Datalog)
21:08:08 [INFO] Saved permanent table http://rulewerk.semantic-web.org/inferred/subClassOf (218) Permutation { idx_to_val: [], val_to_idx: [] } with 25 entries (7676)
21:08:08 [INFO] Rule duration: 115 ms
21:08:08 [INFO] <<< STEP 219: APPLYING RULE 4 http://rulewerk.semantic-web.org/inferred/subClassOf(?C, ?D1), http://rulewerk.semantic-web.org/inferred/subClassOf(?C, ?D2) :- http://rulewerk.semantic-web.org/inferred/subClassOf(?C, ?Y), http://rulewerk.semantic-web.org/normalForm/conj(?Y, ?D1, ?D2) >>>
21:08:08 [INFO] Execution step: Body
21:08:08 [INFO] Saved temporary table: 1 entries (6856)
21:08:08 [INFO] Saved temporary table: 1 entries (6856)
21:08:08 [INFO] Execution step: Duplicate Elimination (Datalog)
21:08:08 [INFO] Saved permanent table http://rulewerk.semantic-web.org/inferred/subClassOf (219) Permutation { idx_to_val: [], val_to_idx: [] } with 2 entries (6908)
21:08:08 [INFO] Rule duration: 1 ms
21:08:08 [INFO] <<< STEP 220: APPLYING RULE 4 http://rulewerk.semantic-web.org/inferred/subClassOf(?C, ?D1), http://rulewerk.semantic-web.org/inferred/subClassOf(?C, ?D2) :- http://rulewerk.semantic-web.org/inferred/subClassOf(?C, ?Y), http://rulewerk.semantic-web.org/normalForm/conj(?Y, ?D1, ?D2) >>>
21:08:08 [INFO] Execution step: Body
21:08:08 [INFO] Trie does not contain any elements
21:08:08 [INFO] Trie does not contain any elements
21:08:08 [INFO] Execution step: Duplicate Elimination (Datalog)
21:08:08 [INFO] Trie does not contain any elements
21:08:08 [INFO] Rule duration: 0 ms
21:08:08 [INFO] <<< STEP 221: APPLYING RULE 5 http://rulewerk.semantic-web.org/inferred/subClassOf(?C, ?I) :- http://rulewerk.semantic-web.org/inferred/subClassOf(?C, ?D1), http://rulewerk.semantic-web.org/inferred/subClassOf(?C, ?D2), http://rulewerk.semantic-web.org/normalForm/conj(?I, ?D1, ?D2), http://rulewerk.semantic-web.org/normalForm/isSubClass(?I) >>>
21:08:08 [INFO] Execution step: Body
21:08:09 [INFO] Saved temporary table: 10310 entries (85618)
21:08:09 [INFO] Execution step: Duplicate Elimination (Datalog)
21:08:09 [INFO] Saved permanent table http://rulewerk.semantic-web.org/inferred/subClassOf (221) Permutation { idx_to_val: [], val_to_idx: [] } with 10295 entries (85606)
21:08:09 [INFO] Rule duration: 353 ms
21:08:09 [INFO] <<< STEP 222: APPLYING RULE 5 http://rulewerk.semantic-web.org/inferred/subClassOf(?C, ?I) :- http://rulewerk.semantic-web.org/inferred/subClassOf(?C, ?D1), http://rulewerk.semantic-web.org/inferred/subClassOf(?C, ?D2), http://rulewerk.semantic-web.org/normalForm/conj(?I, ?D1, ?D2), http://rulewerk.semantic-web.org/normalForm/isSubClass(?I) >>>
21:08:09 [INFO] Execution step: Body
21:08:09 [INFO] Saved temporary table: 1197 entries (21158)
21:08:09 [INFO] Execution step: Duplicate Elimination (Datalog)
21:08:09 [INFO] Saved permanent table http://rulewerk.semantic-web.org/inferred/subClassOf (222) Permutation { idx_to_val: [], val_to_idx: [] } with 1197 entries (21206)
21:08:09 [INFO] Rule duration: 106 ms
21:08:09 [INFO] <<< STEP 223: APPLYING RULE 5 http://rulewerk.semantic-web.org/inferred/subClassOf(?C, ?I) :- http://rulewerk.semantic-web.org/inferred/subClassOf(?C, ?D1), http://rulewerk.semantic-web.org/inferred/subClassOf(?C, ?D2), http://rulewerk.semantic-web.org/normalForm/conj(?I, ?D1, ?D2), http://rulewerk.semantic-web.org/normalForm/isSubClass(?I) >>>
21:08:09 [INFO] Execution step: Body
21:08:09 [INFO] Saved temporary table: 10 entries (7360)
21:08:09 [INFO] Execution step: Duplicate Elimination (Datalog)
21:08:09 [INFO] Saved permanent table http://rulewerk.semantic-web.org/inferred/subClassOf (223) Permutation { idx_to_val: [], val_to_idx: [] } with 10 entries (7408)
21:08:09 [INFO] Rule duration: 27 ms
21:08:09 [INFO] Execution step: Combining Tables
21:08:09 [INFO] Saved permanent table http://rulewerk.semantic-web.org/inferred/subClassOf (212-225) Permutation { idx_to_val: [], val_to_idx: [] } with 11539 entries (90582)
21:08:09 [INFO] <<< STEP 224: APPLYING RULE 5 http://rulewerk.semantic-web.org/inferred/subClassOf(?C, ?I) :- http://rulewerk.semantic-web.org/inferred/subClassOf(?C, ?D1), http://rulewerk.semantic-web.org/inferred/subClassOf(?C, ?D2), http://rulewerk.semantic-web.org/normalForm/conj(?I, ?D1, ?D2), http://rulewerk.semantic-web.org/normalForm/isSubClass(?I) >>>
21:08:09 [INFO] Execution step: Body
21:08:09 [INFO] Trie does not contain any elements
21:08:09 [INFO] Execution step: Duplicate Elimination (Datalog)
21:08:09 [INFO] Trie does not contain any elements
21:08:09 [INFO] Rule duration: 1 ms
21:08:09 [INFO] <<< STEP 225: APPLYING RULE 6 http://rulewerk.semantic-web.org/inferred/ex(?E, ?R, ?C) :- http://rulewerk.semantic-web.org/inferred/subClassOf(?E, ?Y), http://rulewerk.semantic-web.org/normalForm/exists(?Y, ?R, ?C) >>>
21:08:09 [INFO] Execution step: Body
21:08:09 [INFO] Saved temporary table: 8897 entries (173552)
21:08:09 [INFO] Execution step: Duplicate Elimination (Datalog)
21:08:09 [INFO] Saved permanent table http://rulewerk.semantic-web.org/inferred/ex (225) Permutation { idx_to_val: [], val_to_idx: [] } with 8897 entries (173600)
21:08:09 [INFO] Rule duration: 14 ms
21:08:09 [INFO] <<< STEP 226: APPLYING RULE 7 http://rulewerk.semantic-web.org/inferred/subClassOf(?E, ?Y) :- http://rulewerk.semantic-web.org/inferred/ex(?E, ?R, ?C), http://rulewerk.semantic-web.org/inferred/subClassOf(?C, ?D), http://rulewerk.semantic-web.org/normalForm/subProp(?R, ?S), http://rulewerk.semantic-web.org/normalForm/exists(?Y, ?S, ?D), http://rulewerk.semantic-web.org/normalForm/isSubClass(?Y) >>>
21:08:09 [INFO] Execution step: Body
21:08:09 [INFO] Saved temporary table: 18389 entries (136438)
21:08:09 [INFO] Execution step: Duplicate Elimination (Datalog)
21:08:09 [INFO] Saved permanent table http://rulewerk.semantic-web.org/inferred/subClassOf (226) Permutation { idx_to_val: [], val_to_idx: [] } with 2027 entries (29698)
21:08:09 [INFO] Rule duration: 126 ms
21:08:09 [INFO] <<< STEP 227: APPLYING RULE 7 http://rulewerk.semantic-web.org/inferred/subClassOf(?E, ?Y) :- http://rulewerk.semantic-web.org/inferred/ex(?E, ?R, ?C), http://rulewerk.semantic-web.org/inferred/subClassOf(?C, ?D), http://rulewerk.semantic-web.org/normalForm/subProp(?R, ?S), http://rulewerk.semantic-web.org/normalForm/exists(?Y, ?S, ?D), http://rulewerk.semantic-web.org/normalForm/isSubClass(?Y) >>>
21:08:09 [INFO] Execution step: Body
21:08:09 [INFO] Trie does not contain any elements
21:08:09 [INFO] Execution step: Duplicate Elimination (Datalog)
21:08:09 [INFO] Trie does not contain any elements
21:08:09 [INFO] Rule duration: 1 ms
21:08:09 [INFO] <<< STEP 228: APPLYING RULE 8 http://rulewerk.semantic-web.org/inferred/ex(?E, ?S, ?D) :- http://rulewerk.semantic-web.org/inferred/ex(?E, ?R1, ?C), http://rulewerk.semantic-web.org/inferred/ex(?C, ?R2, ?D), http://rulewerk.semantic-web.org/normalForm/subProp(?R1, ?S1), http://rulewerk.semantic-web.org/normalForm/subProp(?R2, ?S2), http://rulewerk.semantic-web.org/normalForm/subPropChain(?S1, ?S2, ?S) >>>
21:08:09 [INFO] Execution step: Body
21:08:09 [INFO] Trie does not contain any elements
21:08:09 [INFO] Execution step: Duplicate Elimination (Datalog)
21:08:09 [INFO] Trie does not contain any elements
21:08:09 [INFO] Rule duration: 0 ms
21:08:09 [INFO] <<< STEP 229: APPLYING RULE 9 http://rulewerk.semantic-web.org/inferred/subClassOf(?C, ?E) :- http://rulewerk.semantic-web.org/inferred/subClassOf(?C, ?D), http://rulewerk.semantic-web.org/normalForm/subClassOf(?D, ?E) >>>
21:08:09 [INFO] Execution step: Body
21:08:09 [INFO] Saved temporary table: 8028 entries (73886)
21:08:09 [INFO] Execution step: Duplicate Elimination (Datalog)
21:08:09 [INFO] Saved permanent table http://rulewerk.semantic-web.org/inferred/subClassOf (229) Permutation { idx_to_val: [], val_to_idx: [] } with 8028 entries (73934)
21:08:09 [INFO] Rule duration: 24 ms
21:08:09 [INFO] <<< STEP 230: APPLYING RULE 9 http://rulewerk.semantic-web.org/inferred/subClassOf(?C, ?E) :- http://rulewerk.semantic-web.org/inferred/subClassOf(?C, ?D), http://rulewerk.semantic-web.org/normalForm/subClassOf(?D, ?E) >>>
21:08:09 [INFO] Execution step: Body
21:08:09 [INFO] Saved temporary table: 8955 entries (77594)
21:08:09 [INFO] Execution step: Duplicate Elimination (Datalog)
21:08:09 [INFO] Saved permanent table http://rulewerk.semantic-web.org/inferred/subClassOf (230) Permutation { idx_to_val: [], val_to_idx: [] } with 642 entries (16166)
21:08:09 [INFO] Rule duration: 24 ms
21:08:09 [INFO] <<< STEP 231: APPLYING RULE 9 http://rulewerk.semantic-web.org/inferred/subClassOf(?C, ?E) :- http://rulewerk.semantic-web.org/inferred/subClassOf(?C, ?D), http://rulewerk.semantic-web.org/normalForm/subClassOf(?D, ?E) >>>
21:08:09 [INFO] Execution step: Body
21:08:09 [INFO] Saved temporary table: 15 entries (7588)
21:08:09 [INFO] Execution step: Duplicate Elimination (Datalog)
21:08:09 [INFO] Saved permanent table http://rulewerk.semantic-web.org/inferred/subClassOf (231) Permutation { idx_to_val: [], val_to_idx: [] } with 14 entries (7632)
21:08:09 [INFO] Rule duration: 0 ms
21:08:09 [INFO] <<< STEP 232: APPLYING RULE 9 http://rulewerk.semantic-web.org/inferred/subClassOf(?C, ?E) :- http://rulewerk.semantic-web.org/inferred/subClassOf(?C, ?D), http://rulewerk.semantic-web.org/normalForm/subClassOf(?D, ?E) >>>
21:08:09 [INFO] Execution step: Body
21:08:09 [INFO] Saved temporary table: 26 entries (7632)
21:08:09 [INFO] Execution step: Duplicate Elimination (Datalog)
21:08:09 [INFO] Saved permanent table http://rulewerk.semantic-web.org/inferred/subClassOf (232) Permutation { idx_to_val: [], val_to_idx: [] } with 26 entries (7680)
21:08:09 [INFO] Rule duration: 0 ms
21:08:09 [INFO] <<< STEP 233: APPLYING RULE 9 http://rulewerk.semantic-web.org/inferred/subClassOf(?C, ?E) :- http://rulewerk.semantic-web.org/inferred/subClassOf(?C, ?D), http://rulewerk.semantic-web.org/normalForm/subClassOf(?D, ?E) >>>
21:08:09 [INFO] Execution step: Body
21:08:09 [INFO] Saved temporary table: 15 entries (7588)
21:08:09 [INFO] Execution step: Duplicate Elimination (Datalog)
21:08:09 [INFO] Saved permanent table http://rulewerk.semantic-web.org/inferred/subClassOf (233) Permutation { idx_to_val: [], val_to_idx: [] } with 15 entries (7636)
21:08:09 [INFO] Rule duration: 0 ms
21:08:09 [INFO] <<< STEP 234: APPLYING RULE 9 http://rulewerk.semantic-web.org/inferred/subClassOf(?C, ?E) :- http://rulewerk.semantic-web.org/inferred/subClassOf(?C, ?D), http://rulewerk.semantic-web.org/normalForm/subClassOf(?D, ?E) >>>
21:08:09 [INFO] Execution step: Body
21:08:09 [INFO] Saved temporary table: 15 entries (7588)
21:08:09 [INFO] Execution step: Duplicate Elimination (Datalog)
21:08:09 [INFO] Saved permanent table http://rulewerk.semantic-web.org/inferred/subClassOf (234) Permutation { idx_to_val: [], val_to_idx: [] } with 15 entries (7636)
21:08:09 [INFO] Rule duration: 0 ms
21:08:09 [INFO] <<< STEP 235: APPLYING RULE 9 http://rulewerk.semantic-web.org/inferred/subClassOf(?C, ?E) :- http://rulewerk.semantic-web.org/inferred/subClassOf(?C, ?D), http://rulewerk.semantic-web.org/normalForm/subClassOf(?D, ?E) >>>
21:08:09 [INFO] Execution step: Body
21:08:09 [INFO] Saved temporary table: 15 entries (7588)
21:08:09 [INFO] Execution step: Duplicate Elimination (Datalog)
21:08:09 [INFO] Saved permanent table http://rulewerk.semantic-web.org/inferred/subClassOf (235) Permutation { idx_to_val: [], val_to_idx: [] } with 14 entries (7632)
21:08:09 [INFO] Rule duration: 0 ms
21:08:09 [INFO] Execution step: Combining Tables
21:08:09 [INFO] Saved permanent table http://rulewerk.semantic-web.org/inferred/subClassOf (225-237) Permutation { idx_to_val: [], val_to_idx: [] } with 10781 entries (90622)
21:08:09 [INFO] <<< STEP 236: APPLYING RULE 9 http://rulewerk.semantic-web.org/inferred/subClassOf(?C, ?E) :- http://rulewerk.semantic-web.org/inferred/subClassOf(?C, ?D), http://rulewerk.semantic-web.org/normalForm/subClassOf(?D, ?E) >>>
21:08:09 [INFO] Execution step: Body
21:08:09 [INFO] Saved temporary table: 7 entries (7192)
21:08:09 [INFO] Execution step: Duplicate Elimination (Datalog)
21:08:09 [INFO] Saved permanent table http://rulewerk.semantic-web.org/inferred/subClassOf (236) Permutation { idx_to_val: [], val_to_idx: [] } with 7 entries (7240)
21:08:09 [INFO] Rule duration: 0 ms
21:08:09 [INFO] <<< STEP 237: APPLYING RULE 9 http://rulewerk.semantic-web.org/inferred/subClassOf(?C, ?E) :- http://rulewerk.semantic-web.org/inferred/subClassOf(?C, ?D), http://rulewerk.semantic-web.org/normalForm/subClassOf(?D, ?E) >>>
21:08:09 [INFO] Execution step: Body
21:08:09 [INFO] Trie does not contain any elements
21:08:09 [INFO] Execution step: Duplicate Elimination (Datalog)
21:08:09 [INFO] Trie does not contain any elements
21:08:09 [INFO] Rule duration: 0 ms
21:08:09 [INFO] <<< STEP 238: APPLYING RULE 10 http://rulewerk.semantic-web.org/inferred/subClassOf(?E, "<http://www.w3.org/2002/07/owl#Nothing>") :- http://rulewerk.semantic-web.org/inferred/ex(?E, ?R, ?C), http://rulewerk.semantic-web.org/inferred/subClassOf(?C, ?_BODY_1), Equal(?_BODY_1, "<http://www.w3.org/2002/07/owl#Nothing>") >>>
21:08:09 [INFO] Execution step: Body
21:08:09 [INFO] Trie does not contain any elements
21:08:09 [INFO] Execution step: Duplicate Elimination (Datalog)
21:08:09 [INFO] Trie does not contain any elements
21:08:09 [INFO] Rule duration: 5 ms
21:08:09 [INFO] <<< STEP 239: APPLYING RULE 1 http://rulewerk.semantic-web.org/inferred/init(?C) :- http://rulewerk.semantic-web.org/inferred/ex(?E, ?R, ?C) >>>
21:08:09 [INFO] Execution step: Body
21:08:09 [INFO] Saved temporary table: 300 entries (4600)
21:08:09 [INFO] Execution step: Duplicate Elimination (Datalog)
21:08:09 [INFO] Trie does not contain any elements
21:08:09 [INFO] Rule duration: 2 ms
21:08:09 [INFO] <<< STEP 240: APPLYING RULE 2 http://rulewerk.semantic-web.org/inferred/subClassOf(?C, ?C) :- http://rulewerk.semantic-web.org/inferred/init(?C) >>>
21:08:09 [INFO] Execution step: Body
21:08:09 [INFO] Trie does not contain any elements
21:08:09 [INFO] Execution step: Duplicate Elimination (Datalog)
21:08:09 [INFO] Trie does not contain any elements
21:08:09 [INFO] Rule duration: 0 ms
21:08:09 [INFO] <<< STEP 241: APPLYING RULE 4 http://rulewerk.semantic-web.org/inferred/subClassOf(?C, ?D1), http://rulewerk.semantic-web.org/inferred/subClassOf(?C, ?D2) :- http://rulewerk.semantic-web.org/inferred/subClassOf(?C, ?Y), http://rulewerk.semantic-web.org/normalForm/conj(?Y, ?D1, ?D2) >>>
21:08:09 [INFO] Execution step: Body
21:08:09 [INFO] Saved temporary table: 7818 entries (75650)
21:08:09 [INFO] Saved temporary table: 9120 entries (80858)
21:08:09 [INFO] Execution step: Duplicate Elimination (Datalog)
21:08:09 [INFO] Trie does not contain any elements
21:08:09 [INFO] Rule duration: 49 ms
21:08:09 [INFO] <<< STEP 242: APPLYING RULE 5 http://rulewerk.semantic-web.org/inferred/subClassOf(?C, ?I) :- http://rulewerk.semantic-web.org/inferred/subClassOf(?C, ?D1), http://rulewerk.semantic-web.org/inferred/subClassOf(?C, ?D2), http://rulewerk.semantic-web.org/normalForm/conj(?I, ?D1, ?D2), http://rulewerk.semantic-web.org/normalForm/isSubClass(?I) >>>
21:08:09 [INFO] Execution step: Body
21:08:09 [INFO] Saved temporary table: 2992 entries (34938)
21:08:09 [INFO] Execution step: Duplicate Elimination (Datalog)
21:08:09 [INFO] Saved permanent table http://rulewerk.semantic-web.org/inferred/subClassOf (242) Permutation { idx_to_val: [], val_to_idx: [] } with 2992 entries (34986)
21:08:09 [INFO] Rule duration: 177 ms
21:08:09 [INFO] <<< STEP 243: APPLYING RULE 5 http://rulewerk.semantic-web.org/inferred/subClassOf(?C, ?I) :- http://rulewerk.semantic-web.org/inferred/subClassOf(?C, ?D1), http://rulewerk.semantic-web.org/inferred/subClassOf(?C, ?D2), http://rulewerk.semantic-web.org/normalForm/conj(?I, ?D1, ?D2), http://rulewerk.semantic-web.org/normalForm/isSubClass(?I) >>>
21:08:09 [INFO] Execution step: Body
21:08:09 [INFO] Saved temporary table: 418 entries (13122)
21:08:09 [INFO] Execution step: Duplicate Elimination (Datalog)
21:08:09 [INFO] Saved permanent table http://rulewerk.semantic-web.org/inferred/subClassOf (243) Permutation { idx_to_val: [], val_to_idx: [] } with 418 entries (13170)
21:08:09 [INFO] Rule duration: 73 ms
21:08:09 [INFO] <<< STEP 244: APPLYING RULE 5 http://rulewerk.semantic-web.org/inferred/subClassOf(?C, ?I) :- http://rulewerk.semantic-web.org/inferred/subClassOf(?C, ?D1), http://rulewerk.semantic-web.org/inferred/subClassOf(?C, ?D2), http://rulewerk.semantic-web.org/normalForm/conj(?I, ?D1, ?D2), http://rulewerk.semantic-web.org/normalForm/isSubClass(?I) >>>
21:08:09 [INFO] Execution step: Body
21:08:09 [INFO] Trie does not contain any elements
21:08:09 [INFO] Execution step: Duplicate Elimination (Datalog)
21:08:09 [INFO] Trie does not contain any elements
21:08:09 [INFO] Rule duration: 20 ms
21:08:09 [INFO] <<< STEP 245: APPLYING RULE 6 http://rulewerk.semantic-web.org/inferred/ex(?E, ?R, ?C) :- http://rulewerk.semantic-web.org/inferred/subClassOf(?E, ?Y), http://rulewerk.semantic-web.org/normalForm/exists(?Y, ?R, ?C) >>>
21:08:09 [INFO] Execution step: Body
21:08:09 [INFO] Saved temporary table: 2661 entries (64620)
21:08:09 [INFO] Execution step: Duplicate Elimination (Datalog)
21:08:09 [INFO] Saved permanent table http://rulewerk.semantic-web.org/inferred/ex (245) Permutation { idx_to_val: [], val_to_idx: [] } with 2661 entries (64668)
21:08:09 [INFO] Rule duration: 10 ms
21:08:09 [INFO] <<< STEP 246: APPLYING RULE 7 http://rulewerk.semantic-web.org/inferred/subClassOf(?E, ?Y) :- http://rulewerk.semantic-web.org/inferred/ex(?E, ?R, ?C), http://rulewerk.semantic-web.org/inferred/subClassOf(?C, ?D), http://rulewerk.semantic-web.org/normalForm/subProp(?R, ?S), http://rulewerk.semantic-web.org/normalForm/exists(?Y, ?S, ?D), http://rulewerk.semantic-web.org/normalForm/isSubClass(?Y) >>>
21:08:09 [INFO] Execution step: Body
21:08:09 [INFO] Saved temporary table: 7039 entries (55314)
21:08:09 [INFO] Execution step: Duplicate Elimination (Datalog)
21:08:09 [INFO] Saved permanent table http://rulewerk.semantic-web.org/inferred/subClassOf (246) Permutation { idx_to_val: [], val_to_idx: [] } with 1136 entries (18262)
21:08:09 [INFO] Rule duration: 83 ms
21:08:09 [INFO] <<< STEP 247: APPLYING RULE 7 http://rulewerk.semantic-web.org/inferred/subClassOf(?E, ?Y) :- http://rulewerk.semantic-web.org/inferred/ex(?E, ?R, ?C), http://rulewerk.semantic-web.org/inferred/subClassOf(?C, ?D), http://rulewerk.semantic-web.org/normalForm/subProp(?R, ?S), http://rulewerk.semantic-web.org/normalForm/exists(?Y, ?S, ?D), http://rulewerk.semantic-web.org/normalForm/isSubClass(?Y) >>>
21:08:09 [INFO] Execution step: Body
21:08:09 [INFO] Trie does not contain any elements
21:08:09 [INFO] Execution step: Duplicate Elimination (Datalog)
21:08:09 [INFO] Trie does not contain any elements
21:08:09 [INFO] Rule duration: 2 ms
21:08:09 [INFO] <<< STEP 248: APPLYING RULE 8 http://rulewerk.semantic-web.org/inferred/ex(?E, ?S, ?D) :- http://rulewerk.semantic-web.org/inferred/ex(?E, ?R1, ?C), http://rulewerk.semantic-web.org/inferred/ex(?C, ?R2, ?D), http://rulewerk.semantic-web.org/normalForm/subProp(?R1, ?S1), http://rulewerk.semantic-web.org/normalForm/subProp(?R2, ?S2), http://rulewerk.semantic-web.org/normalForm/subPropChain(?S1, ?S2, ?S) >>>
21:08:09 [INFO] Execution step: Body
21:08:09 [INFO] Trie does not contain any elements
21:08:09 [INFO] Execution step: Duplicate Elimination (Datalog)
21:08:09 [INFO] Trie does not contain any elements
21:08:09 [INFO] Rule duration: 0 ms
21:08:09 [INFO] <<< STEP 249: APPLYING RULE 9 http://rulewerk.semantic-web.org/inferred/subClassOf(?C, ?E) :- http://rulewerk.semantic-web.org/inferred/subClassOf(?C, ?D), http://rulewerk.semantic-web.org/normalForm/subClassOf(?D, ?E) >>>
21:08:09 [INFO] Execution step: Body
21:08:09 [INFO] Saved temporary table: 2193 entries (28094)
21:08:09 [INFO] Execution step: Duplicate Elimination (Datalog)
21:08:09 [INFO] Saved permanent table http://rulewerk.semantic-web.org/inferred/subClassOf (249) Permutation { idx_to_val: [], val_to_idx: [] } with 2193 entries (28142)
21:08:09 [INFO] Rule duration: 16 ms
21:08:09 [INFO] <<< STEP 250: APPLYING RULE 9 http://rulewerk.semantic-web.org/inferred/subClassOf(?C, ?E) :- http://rulewerk.semantic-web.org/inferred/subClassOf(?C, ?D), http://rulewerk.semantic-web.org/normalForm/subClassOf(?D, ?E) >>>
21:08:09 [INFO] Execution step: Body
21:08:09 [INFO] Saved temporary table: 2446 entries (29106)
21:08:09 [INFO] Execution step: Duplicate Elimination (Datalog)
21:08:09 [INFO] Saved permanent table http://rulewerk.semantic-web.org/inferred/subClassOf (250) Permutation { idx_to_val: [], val_to_idx: [] } with 132 entries (9146)
21:08:09 [INFO] Rule duration: 14 ms
21:08:09 [INFO] <<< STEP 251: APPLYING RULE 9 http://rulewerk.semantic-web.org/inferred/subClassOf(?C, ?E) :- http://rulewerk.semantic-web.org/inferred/subClassOf(?C, ?D), http://rulewerk.semantic-web.org/normalForm/subClassOf(?D, ?E) >>>
21:08:09 [INFO] Execution step: Body
21:08:09 [INFO] Trie does not contain any elements
21:08:09 [INFO] Execution step: Duplicate Elimination (Datalog)
21:08:09 [INFO] Trie does not contain any elements
21:08:09 [INFO] Rule duration: 0 ms
21:08:09 [INFO] <<< STEP 252: APPLYING RULE 10 http://rulewerk.semantic-web.org/inferred/subClassOf(?E, "<http://www.w3.org/2002/07/owl#Nothing>") :- http://rulewerk.semantic-web.org/inferred/ex(?E, ?R, ?C), http://rulewerk.semantic-web.org/inferred/subClassOf(?C, ?_BODY_1), Equal(?_BODY_1, "<http://www.w3.org/2002/07/owl#Nothing>") >>>
21:08:09 [INFO] Execution step: Body
21:08:09 [INFO] Trie does not contain any elements
21:08:09 [INFO] Execution step: Duplicate Elimination (Datalog)
21:08:09 [INFO] Trie does not contain any elements
21:08:09 [INFO] Rule duration: 4 ms
21:08:09 [INFO] <<< STEP 253: APPLYING RULE 1 http://rulewerk.semantic-web.org/inferred/init(?C) :- http://rulewerk.semantic-web.org/inferred/ex(?E, ?R, ?C) >>>
21:08:09 [INFO] Execution step: Body
21:08:09 [INFO] Saved temporary table: 143 entries (3972)
21:08:09 [INFO] Execution step: Duplicate Elimination (Datalog)
21:08:09 [INFO] Trie does not contain any elements
21:08:09 [INFO] Rule duration: 1 ms
21:08:09 [INFO] <<< STEP 254: APPLYING RULE 2 http://rulewerk.semantic-web.org/inferred/subClassOf(?C, ?C) :- http://rulewerk.semantic-web.org/inferred/init(?C) >>>
21:08:09 [INFO] Execution step: Body
21:08:09 [INFO] Trie does not contain any elements
21:08:09 [INFO] Execution step: Duplicate Elimination (Datalog)
21:08:09 [INFO] Trie does not contain any elements
21:08:09 [INFO] Rule duration: 0 ms
21:08:09 [INFO] <<< STEP 255: APPLYING RULE 4 http://rulewerk.semantic-web.org/inferred/subClassOf(?C, ?D1), http://rulewerk.semantic-web.org/inferred/subClassOf(?C, ?D2) :- http://rulewerk.semantic-web.org/inferred/subClassOf(?C, ?Y), http://rulewerk.semantic-web.org/normalForm/conj(?Y, ?D1, ?D2) >>>
21:08:09 [INFO] Execution step: Body
21:08:09 [INFO] Saved temporary table: 2870 entries (34450)
21:08:09 [INFO] Saved temporary table: 2725 entries (33870)
21:08:09 [INFO] Execution step: Duplicate Elimination (Datalog)
21:08:09 [INFO] Trie does not contain any elements
21:08:09 [INFO] Rule duration: 33 ms
21:08:09 [INFO] <<< STEP 256: APPLYING RULE 5 http://rulewerk.semantic-web.org/inferred/subClassOf(?C, ?I) :- http://rulewerk.semantic-web.org/inferred/subClassOf(?C, ?D1), http://rulewerk.semantic-web.org/inferred/subClassOf(?C, ?D2), http://rulewerk.semantic-web.org/normalForm/conj(?I, ?D1, ?D2), http://rulewerk.semantic-web.org/normalForm/isSubClass(?I) >>>
21:08:09 [INFO] Execution step: Body
21:08:10 [INFO] Saved temporary table: 1118 entries (18394)
21:08:10 [INFO] Execution step: Duplicate Elimination (Datalog)
21:08:10 [INFO] Saved permanent table http://rulewerk.semantic-web.org/inferred/subClassOf (256) Permutation { idx_to_val: [], val_to_idx: [] } with 1118 entries (18442)
21:08:10 [INFO] Rule duration: 90 ms
21:08:10 [INFO] <<< STEP 257: APPLYING RULE 5 http://rulewerk.semantic-web.org/inferred/subClassOf(?C, ?I) :- http://rulewerk.semantic-web.org/inferred/subClassOf(?C, ?D1), http://rulewerk.semantic-web.org/inferred/subClassOf(?C, ?D2), http://rulewerk.semantic-web.org/normalForm/conj(?I, ?D1, ?D2), http://rulewerk.semantic-web.org/normalForm/isSubClass(?I) >>>
21:08:10 [INFO] Execution step: Body
21:08:10 [INFO] Saved temporary table: 108 entries (8702)
21:08:10 [INFO] Execution step: Duplicate Elimination (Datalog)
21:08:10 [INFO] Saved permanent table http://rulewerk.semantic-web.org/inferred/subClassOf (257) Permutation { idx_to_val: [], val_to_idx: [] } with 108 entries (8750)
21:08:10 [INFO] Rule duration: 36 ms
21:08:10 [INFO] Execution step: Combining Tables
21:08:10 [INFO] Saved permanent table http://rulewerk.semantic-web.org/inferred/subClassOf (237-259) Permutation { idx_to_val: [], val_to_idx: [] } with 8097 entries (57458)
21:08:10 [INFO] <<< STEP 258: APPLYING RULE 5 http://rulewerk.semantic-web.org/inferred/subClassOf(?C, ?I) :- http://rulewerk.semantic-web.org/inferred/subClassOf(?C, ?D1), http://rulewerk.semantic-web.org/inferred/subClassOf(?C, ?D2), http://rulewerk.semantic-web.org/normalForm/conj(?I, ?D1, ?D2), http://rulewerk.semantic-web.org/normalForm/isSubClass(?I) >>>
21:08:10 [INFO] Execution step: Body
21:08:10 [INFO] Trie does not contain any elements
21:08:10 [INFO] Execution step: Duplicate Elimination (Datalog)
21:08:10 [INFO] Trie does not contain any elements
21:08:10 [INFO] Rule duration: 7 ms
21:08:10 [INFO] <<< STEP 259: APPLYING RULE 6 http://rulewerk.semantic-web.org/inferred/ex(?E, ?R, ?C) :- http://rulewerk.semantic-web.org/inferred/subClassOf(?E, ?Y), http://rulewerk.semantic-web.org/normalForm/exists(?Y, ?R, ?C) >>>
21:08:10 [INFO] Execution step: Body
21:08:10 [INFO] Saved temporary table: 1268 entries (33884)
21:08:10 [INFO] Execution step: Duplicate Elimination (Datalog)
21:08:10 [INFO] Saved permanent table http://rulewerk.semantic-web.org/inferred/ex (259) Permutation { idx_to_val: [], val_to_idx: [] } with 1268 entries (33932)
21:08:10 [INFO] Rule duration: 4 ms
21:08:10 [INFO] Execution step: Combining Tables
21:08:10 [INFO] Saved permanent table http://rulewerk.semantic-web.org/inferred/ex (0-261) Permutation { idx_to_val: [], val_to_idx: [] } with 309106 entries (3432676)
21:08:10 [INFO] <<< STEP 260: APPLYING RULE 7 http://rulewerk.semantic-web.org/inferred/subClassOf(?E, ?Y) :- http://rulewerk.semantic-web.org/inferred/ex(?E, ?R, ?C), http://rulewerk.semantic-web.org/inferred/subClassOf(?C, ?D), http://rulewerk.semantic-web.org/normalForm/subProp(?R, ?S), http://rulewerk.semantic-web.org/normalForm/exists(?Y, ?S, ?D), http://rulewerk.semantic-web.org/normalForm/isSubClass(?Y) >>>
21:08:10 [INFO] Execution step: Body
21:08:10 [INFO] Saved temporary table: 2095 entries (22998)
21:08:10 [INFO] Execution step: Duplicate Elimination (Datalog)
21:08:10 [INFO] Saved permanent table http://rulewerk.semantic-web.org/inferred/subClassOf (260) Permutation { idx_to_val: [], val_to_idx: [] } with 243 entries (9866)
21:08:10 [INFO] Rule duration: 17 ms
21:08:10 [INFO] <<< STEP 261: APPLYING RULE 7 http://rulewerk.semantic-web.org/inferred/subClassOf(?E, ?Y) :- http://rulewerk.semantic-web.org/inferred/ex(?E, ?R, ?C), http://rulewerk.semantic-web.org/inferred/subClassOf(?C, ?D), http://rulewerk.semantic-web.org/normalForm/subProp(?R, ?S), http://rulewerk.semantic-web.org/normalForm/exists(?Y, ?S, ?D), http://rulewerk.semantic-web.org/normalForm/isSubClass(?Y) >>>
21:08:10 [INFO] Execution step: Body
21:08:10 [INFO] Trie does not contain any elements
21:08:10 [INFO] Execution step: Duplicate Elimination (Datalog)
21:08:10 [INFO] Trie does not contain any elements
21:08:10 [INFO] Rule duration: 145 ms
21:08:10 [INFO] <<< STEP 262: APPLYING RULE 8 http://rulewerk.semantic-web.org/inferred/ex(?E, ?S, ?D) :- http://rulewerk.semantic-web.org/inferred/ex(?E, ?R1, ?C), http://rulewerk.semantic-web.org/inferred/ex(?C, ?R2, ?D), http://rulewerk.semantic-web.org/normalForm/subProp(?R1, ?S1), http://rulewerk.semantic-web.org/normalForm/subProp(?R2, ?S2), http://rulewerk.semantic-web.org/normalForm/subPropChain(?S1, ?S2, ?S) >>>
21:08:10 [INFO] Execution step: Body
21:08:10 [INFO] Trie does not contain any elements
21:08:10 [INFO] Execution step: Duplicate Elimination (Datalog)
21:08:10 [INFO] Trie does not contain any elements
21:08:10 [INFO] Rule duration: 0 ms
21:08:10 [INFO] <<< STEP 263: APPLYING RULE 9 http://rulewerk.semantic-web.org/inferred/subClassOf(?C, ?E) :- http://rulewerk.semantic-web.org/inferred/subClassOf(?C, ?D), http://rulewerk.semantic-web.org/normalForm/subClassOf(?D, ?E) >>>
21:08:10 [INFO] Execution step: Body
21:08:10 [INFO] Saved temporary table: 810 entries (17066)
21:08:10 [INFO] Execution step: Duplicate Elimination (Datalog)
21:08:10 [INFO] Saved permanent table http://rulewerk.semantic-web.org/inferred/subClassOf (263) Permutation { idx_to_val: [], val_to_idx: [] } with 810 entries (17114)
21:08:10 [INFO] Rule duration: 5 ms
21:08:10 [INFO] <<< STEP 264: APPLYING RULE 9 http://rulewerk.semantic-web.org/inferred/subClassOf(?C, ?E) :- http://rulewerk.semantic-web.org/inferred/subClassOf(?C, ?D), http://rulewerk.semantic-web.org/normalForm/subClassOf(?D, ?E) >>>
21:08:10 [INFO] Execution step: Body
21:08:10 [INFO] Saved temporary table: 873 entries (17318)
21:08:10 [INFO] Execution step: Duplicate Elimination (Datalog)
21:08:10 [INFO] Saved permanent table http://rulewerk.semantic-web.org/inferred/subClassOf (264) Permutation { idx_to_val: [], val_to_idx: [] } with 55 entries (7676)
21:08:10 [INFO] Rule duration: 5 ms
21:08:10 [INFO] <<< STEP 265: APPLYING RULE 9 http://rulewerk.semantic-web.org/inferred/subClassOf(?C, ?E) :- http://rulewerk.semantic-web.org/inferred/subClassOf(?C, ?D), http://rulewerk.semantic-web.org/normalForm/subClassOf(?D, ?E) >>>
21:08:10 [INFO] Execution step: Body
21:08:10 [INFO] Trie does not contain any elements
21:08:10 [INFO] Execution step: Duplicate Elimination (Datalog)
21:08:10 [INFO] Trie does not contain any elements
21:08:10 [INFO] Rule duration: 0 ms
21:08:10 [INFO] <<< STEP 266: APPLYING RULE 10 http://rulewerk.semantic-web.org/inferred/subClassOf(?E, "<http://www.w3.org/2002/07/owl#Nothing>") :- http://rulewerk.semantic-web.org/inferred/ex(?E, ?R, ?C), http://rulewerk.semantic-web.org/inferred/subClassOf(?C, ?_BODY_1), Equal(?_BODY_1, "<http://www.w3.org/2002/07/owl#Nothing>") >>>
21:08:10 [INFO] Execution step: Body
21:08:10 [INFO] Trie does not contain any elements
21:08:10 [INFO] Execution step: Duplicate Elimination (Datalog)
21:08:10 [INFO] Trie does not contain any elements
21:08:10 [INFO] Rule duration: 1 ms
21:08:10 [INFO] <<< STEP 267: APPLYING RULE 1 http://rulewerk.semantic-web.org/inferred/init(?C) :- http://rulewerk.semantic-web.org/inferred/ex(?E, ?R, ?C) >>>
21:08:10 [INFO] Execution step: Body
21:08:10 [INFO] Saved temporary table: 77 entries (3708)
21:08:10 [INFO] Execution step: Duplicate Elimination (Datalog)
21:08:10 [INFO] Trie does not contain any elements
21:08:10 [INFO] Rule duration: 0 ms
21:08:10 [INFO] <<< STEP 268: APPLYING RULE 2 http://rulewerk.semantic-web.org/inferred/subClassOf(?C, ?C) :- http://rulewerk.semantic-web.org/inferred/init(?C) >>>
21:08:10 [INFO] Execution step: Body
21:08:10 [INFO] Trie does not contain any elements
21:08:10 [INFO] Execution step: Duplicate Elimination (Datalog)
21:08:10 [INFO] Trie does not contain any elements
21:08:10 [INFO] Rule duration: 0 ms
21:08:10 [INFO] <<< STEP 269: APPLYING RULE 4 http://rulewerk.semantic-web.org/inferred/subClassOf(?C, ?D1), http://rulewerk.semantic-web.org/inferred/subClassOf(?C, ?D2) :- http://rulewerk.semantic-web.org/inferred/subClassOf(?C, ?Y), http://rulewerk.semantic-web.org/normalForm/conj(?Y, ?D1, ?D2) >>>
21:08:10 [INFO] Execution step: Body
21:08:10 [INFO] Saved temporary table: 1061 entries (18166)
21:08:10 [INFO] Saved temporary table: 940 entries (17682)
21:08:10 [INFO] Execution step: Duplicate Elimination (Datalog)
21:08:10 [INFO] Trie does not contain any elements
21:08:10 [INFO] Rule duration: 9 ms
21:08:10 [INFO] <<< STEP 270: APPLYING RULE 5 http://rulewerk.semantic-web.org/inferred/subClassOf(?C, ?I) :- http://rulewerk.semantic-web.org/inferred/subClassOf(?C, ?D1), http://rulewerk.semantic-web.org/inferred/subClassOf(?C, ?D2), http://rulewerk.semantic-web.org/normalForm/conj(?I, ?D1, ?D2), http://rulewerk.semantic-web.org/normalForm/isSubClass(?I) >>>
21:08:10 [INFO] Execution step: Body
21:08:10 [INFO] Saved temporary table: 338 entries (10210)
21:08:10 [INFO] Execution step: Duplicate Elimination (Datalog)
21:08:10 [INFO] Saved permanent table http://rulewerk.semantic-web.org/inferred/subClassOf (270) Permutation { idx_to_val: [], val_to_idx: [] } with 338 entries (10258)
21:08:10 [INFO] Rule duration: 27 ms
21:08:10 [INFO] <<< STEP 271: APPLYING RULE 5 http://rulewerk.semantic-web.org/inferred/subClassOf(?C, ?I) :- http://rulewerk.semantic-web.org/inferred/subClassOf(?C, ?D1), http://rulewerk.semantic-web.org/inferred/subClassOf(?C, ?D2), http://rulewerk.semantic-web.org/normalForm/conj(?I, ?D1, ?D2), http://rulewerk.semantic-web.org/normalForm/isSubClass(?I) >>>
21:08:10 [INFO] Execution step: Body
21:08:10 [INFO] Saved temporary table: 48 entries (9488)
21:08:10 [INFO] Execution step: Duplicate Elimination (Datalog)
21:08:10 [INFO] Saved permanent table http://rulewerk.semantic-web.org/inferred/subClassOf (271) Permutation { idx_to_val: [], val_to_idx: [] } with 48 entries (9536)
21:08:10 [INFO] Rule duration: 6 ms
21:08:10 [INFO] <<< STEP 272: APPLYING RULE 5 http://rulewerk.semantic-web.org/inferred/subClassOf(?C, ?I) :- http://rulewerk.semantic-web.org/inferred/subClassOf(?C, ?D1), http://rulewerk.semantic-web.org/inferred/subClassOf(?C, ?D2), http://rulewerk.semantic-web.org/normalForm/conj(?I, ?D1, ?D2), http://rulewerk.semantic-web.org/normalForm/isSubClass(?I) >>>
21:08:10 [INFO] Execution step: Body
21:08:10 [INFO] Trie does not contain any elements
21:08:10 [INFO] Execution step: Duplicate Elimination (Datalog)
21:08:10 [INFO] Trie does not contain any elements
21:08:10 [INFO] Rule duration: 2 ms
21:08:10 [INFO] <<< STEP 273: APPLYING RULE 6 http://rulewerk.semantic-web.org/inferred/ex(?E, ?R, ?C) :- http://rulewerk.semantic-web.org/inferred/subClassOf(?E, ?Y), http://rulewerk.semantic-web.org/normalForm/exists(?Y, ?R, ?C) >>>
21:08:10 [INFO] Execution step: Body
21:08:10 [INFO] Saved temporary table: 298 entries (16516)
21:08:10 [INFO] Execution step: Duplicate Elimination (Datalog)
21:08:10 [INFO] Saved permanent table http://rulewerk.semantic-web.org/inferred/ex (273) Permutation { idx_to_val: [], val_to_idx: [] } with 298 entries (16564)
21:08:10 [INFO] Rule duration: 1 ms
21:08:10 [INFO] <<< STEP 274: APPLYING RULE 7 http://rulewerk.semantic-web.org/inferred/subClassOf(?E, ?Y) :- http://rulewerk.semantic-web.org/inferred/ex(?E, ?R, ?C), http://rulewerk.semantic-web.org/inferred/subClassOf(?C, ?D), http://rulewerk.semantic-web.org/normalForm/subProp(?R, ?S), http://rulewerk.semantic-web.org/normalForm/exists(?Y, ?S, ?D), http://rulewerk.semantic-web.org/normalForm/isSubClass(?Y) >>>
21:08:10 [INFO] Execution step: Body
21:08:10 [INFO] Saved temporary table: 667 entries (11946)
21:08:10 [INFO] Execution step: Duplicate Elimination (Datalog)
21:08:10 [INFO] Saved permanent table http://rulewerk.semantic-web.org/inferred/subClassOf (274) Permutation { idx_to_val: [], val_to_idx: [] } with 134 entries (8518)
21:08:10 [INFO] Rule duration: 11 ms
21:08:10 [INFO] <<< STEP 275: APPLYING RULE 7 http://rulewerk.semantic-web.org/inferred/subClassOf(?E, ?Y) :- http://rulewerk.semantic-web.org/inferred/ex(?E, ?R, ?C), http://rulewerk.semantic-web.org/inferred/subClassOf(?C, ?D), http://rulewerk.semantic-web.org/normalForm/subProp(?R, ?S), http://rulewerk.semantic-web.org/normalForm/exists(?Y, ?S, ?D), http://rulewerk.semantic-web.org/normalForm/isSubClass(?Y) >>>
21:08:10 [INFO] Execution step: Body
21:08:10 [INFO] Trie does not contain any elements
21:08:10 [INFO] Execution step: Duplicate Elimination (Datalog)
21:08:10 [INFO] Trie does not contain any elements
21:08:10 [INFO] Rule duration: 1 ms
21:08:10 [INFO] <<< STEP 276: APPLYING RULE 8 http://rulewerk.semantic-web.org/inferred/ex(?E, ?S, ?D) :- http://rulewerk.semantic-web.org/inferred/ex(?E, ?R1, ?C), http://rulewerk.semantic-web.org/inferred/ex(?C, ?R2, ?D), http://rulewerk.semantic-web.org/normalForm/subProp(?R1, ?S1), http://rulewerk.semantic-web.org/normalForm/subProp(?R2, ?S2), http://rulewerk.semantic-web.org/normalForm/subPropChain(?S1, ?S2, ?S) >>>
21:08:10 [INFO] Execution step: Body
21:08:10 [INFO] Trie does not contain any elements
21:08:10 [INFO] Execution step: Duplicate Elimination (Datalog)
21:08:10 [INFO] Trie does not contain any elements
21:08:10 [INFO] Rule duration: 0 ms
21:08:10 [INFO] <<< STEP 277: APPLYING RULE 9 http://rulewerk.semantic-web.org/inferred/subClassOf(?C, ?E) :- http://rulewerk.semantic-web.org/inferred/subClassOf(?C, ?D), http://rulewerk.semantic-web.org/normalForm/subClassOf(?D, ?E) >>>
21:08:10 [INFO] Execution step: Body
21:08:10 [INFO] Saved temporary table: 276 entries (9950)
21:08:10 [INFO] Execution step: Duplicate Elimination (Datalog)
21:08:10 [INFO] Saved permanent table http://rulewerk.semantic-web.org/inferred/subClassOf (277) Permutation { idx_to_val: [], val_to_idx: [] } with 276 entries (9998)
21:08:10 [INFO] Rule duration: 3 ms
21:08:10 [INFO] <<< STEP 278: APPLYING RULE 9 http://rulewerk.semantic-web.org/inferred/subClassOf(?C, ?E) :- http://rulewerk.semantic-web.org/inferred/subClassOf(?C, ?D), http://rulewerk.semantic-web.org/normalForm/subClassOf(?D, ?E) >>>
21:08:10 [INFO] Execution step: Body
21:08:10 [INFO] Saved temporary table: 328 entries (10158)
21:08:10 [INFO] Execution step: Duplicate Elimination (Datalog)
21:08:10 [INFO] Saved permanent table http://rulewerk.semantic-web.org/inferred/subClassOf (278) Permutation { idx_to_val: [], val_to_idx: [] } with 21 entries (7816)
21:08:10 [INFO] Rule duration: 3 ms
21:08:10 [INFO] Execution step: Combining Tables
21:08:10 [INFO] Saved permanent table http://rulewerk.semantic-web.org/inferred/subClassOf (259-280) Permutation { idx_to_val: [], val_to_idx: [] } with 1925 entries (22270)
21:08:10 [INFO] <<< STEP 279: APPLYING RULE 9 http://rulewerk.semantic-web.org/inferred/subClassOf(?C, ?E) :- http://rulewerk.semantic-web.org/inferred/subClassOf(?C, ?D), http://rulewerk.semantic-web.org/normalForm/subClassOf(?D, ?E) >>>
21:08:10 [INFO] Execution step: Body
21:08:10 [INFO] Trie does not contain any elements
21:08:10 [INFO] Execution step: Duplicate Elimination (Datalog)
21:08:10 [INFO] Trie does not contain any elements
21:08:10 [INFO] Rule duration: 0 ms
21:08:10 [INFO] <<< STEP 280: APPLYING RULE 10 http://rulewerk.semantic-web.org/inferred/subClassOf(?E, "<http://www.w3.org/2002/07/owl#Nothing>") :- http://rulewerk.semantic-web.org/inferred/ex(?E, ?R, ?C), http://rulewerk.semantic-web.org/inferred/subClassOf(?C, ?_BODY_1), Equal(?_BODY_1, "<http://www.w3.org/2002/07/owl#Nothing>") >>>
21:08:10 [INFO] Execution step: Body
21:08:10 [INFO] Trie does not contain any elements
21:08:10 [INFO] Execution step: Duplicate Elimination (Datalog)
21:08:10 [INFO] Trie does not contain any elements
21:08:10 [INFO] Rule duration: 1 ms
21:08:10 [INFO] <<< STEP 281: APPLYING RULE 1 http://rulewerk.semantic-web.org/inferred/init(?C) :- http://rulewerk.semantic-web.org/inferred/ex(?E, ?R, ?C) >>>
21:08:10 [INFO] Execution step: Body
21:08:10 [INFO] Saved temporary table: 44 entries (3576)
21:08:10 [INFO] Execution step: Duplicate Elimination (Datalog)
21:08:10 [INFO] Trie does not contain any elements
21:08:10 [INFO] Rule duration: 0 ms
21:08:10 [INFO] <<< STEP 282: APPLYING RULE 2 http://rulewerk.semantic-web.org/inferred/subClassOf(?C, ?C) :- http://rulewerk.semantic-web.org/inferred/init(?C) >>>
21:08:10 [INFO] Execution step: Body
21:08:10 [INFO] Trie does not contain any elements
21:08:10 [INFO] Execution step: Duplicate Elimination (Datalog)
21:08:10 [INFO] Trie does not contain any elements
21:08:10 [INFO] Rule duration: 0 ms
21:08:10 [INFO] <<< STEP 283: APPLYING RULE 4 http://rulewerk.semantic-web.org/inferred/subClassOf(?C, ?D1), http://rulewerk.semantic-web.org/inferred/subClassOf(?C, ?D2) :- http://rulewerk.semantic-web.org/inferred/subClassOf(?C, ?Y), http://rulewerk.semantic-web.org/normalForm/conj(?Y, ?D1, ?D2) >>>
21:08:10 [INFO] Execution step: Body
21:08:10 [INFO] Saved temporary table: 335 entries (10198)
21:08:10 [INFO] Saved temporary table: 297 entries (10046)
21:08:10 [INFO] Execution step: Duplicate Elimination (Datalog)
21:08:10 [INFO] Trie does not contain any elements
21:08:10 [INFO] Rule duration: 5 ms
21:08:10 [INFO] <<< STEP 284: APPLYING RULE 5 http://rulewerk.semantic-web.org/inferred/subClassOf(?C, ?I) :- http://rulewerk.semantic-web.org/inferred/subClassOf(?C, ?D1), http://rulewerk.semantic-web.org/inferred/subClassOf(?C, ?D2), http://rulewerk.semantic-web.org/normalForm/conj(?I, ?D1, ?D2), http://rulewerk.semantic-web.org/normalForm/isSubClass(?I) >>>
21:08:10 [INFO] Execution step: Body
21:08:10 [INFO] Saved temporary table: 142 entries (8574)
21:08:10 [INFO] Execution step: Duplicate Elimination (Datalog)
21:08:10 [INFO] Saved permanent table http://rulewerk.semantic-web.org/inferred/subClassOf (284) Permutation { idx_to_val: [], val_to_idx: [] } with 142 entries (8622)
21:08:10 [INFO] Rule duration: 13 ms
21:08:10 [INFO] <<< STEP 285: APPLYING RULE 5 http://rulewerk.semantic-web.org/inferred/subClassOf(?C, ?I) :- http://rulewerk.semantic-web.org/inferred/subClassOf(?C, ?D1), http://rulewerk.semantic-web.org/inferred/subClassOf(?C, ?D2), http://rulewerk.semantic-web.org/normalForm/conj(?I, ?D1, ?D2), http://rulewerk.semantic-web.org/normalForm/isSubClass(?I) >>>
21:08:10 [INFO] Execution step: Body
21:08:10 [INFO] Saved temporary table: 30 entries (8480)
21:08:10 [INFO] Execution step: Duplicate Elimination (Datalog)
21:08:10 [INFO] Saved permanent table http://rulewerk.semantic-web.org/inferred/subClassOf (285) Permutation { idx_to_val: [], val_to_idx: [] } with 30 entries (8528)
21:08:10 [INFO] Rule duration: 6 ms
21:08:10 [INFO] <<< STEP 286: APPLYING RULE 5 http://rulewerk.semantic-web.org/inferred/subClassOf(?C, ?I) :- http://rulewerk.semantic-web.org/inferred/subClassOf(?C, ?D1), http://rulewerk.semantic-web.org/inferred/subClassOf(?C, ?D2), http://rulewerk.semantic-web.org/normalForm/conj(?I, ?D1, ?D2), http://rulewerk.semantic-web.org/normalForm/isSubClass(?I) >>>
21:08:10 [INFO] Execution step: Body
21:08:10 [INFO] Trie does not contain any elements
21:08:10 [INFO] Execution step: Duplicate Elimination (Datalog)
21:08:10 [INFO] Trie does not contain any elements
21:08:10 [INFO] Rule duration: 3 ms
21:08:10 [INFO] <<< STEP 287: APPLYING RULE 6 http://rulewerk.semantic-web.org/inferred/ex(?E, ?R, ?C) :- http://rulewerk.semantic-web.org/inferred/subClassOf(?E, ?Y), http://rulewerk.semantic-web.org/normalForm/exists(?Y, ?R, ?C) >>>
21:08:10 [INFO] Execution step: Body
21:08:10 [INFO] Saved temporary table: 155 entries (13448)
21:08:10 [INFO] Execution step: Duplicate Elimination (Datalog)
21:08:10 [INFO] Saved permanent table http://rulewerk.semantic-web.org/inferred/ex (287) Permutation { idx_to_val: [], val_to_idx: [] } with 155 entries (13496)
21:08:10 [INFO] Rule duration: 1 ms
21:08:10 [INFO] <<< STEP 288: APPLYING RULE 7 http://rulewerk.semantic-web.org/inferred/subClassOf(?E, ?Y) :- http://rulewerk.semantic-web.org/inferred/ex(?E, ?R, ?C), http://rulewerk.semantic-web.org/inferred/subClassOf(?C, ?D), http://rulewerk.semantic-web.org/normalForm/subProp(?R, ?S), http://rulewerk.semantic-web.org/normalForm/exists(?Y, ?S, ?D), http://rulewerk.semantic-web.org/normalForm/isSubClass(?Y) >>>
21:08:10 [INFO] Execution step: Body
21:08:10 [INFO] Saved temporary table: 213 entries (8978)
21:08:10 [INFO] Execution step: Duplicate Elimination (Datalog)
21:08:10 [INFO] Saved permanent table http://rulewerk.semantic-web.org/inferred/subClassOf (288) Permutation { idx_to_val: [], val_to_idx: [] } with 36 entries (8344)
21:08:10 [INFO] Rule duration: 5 ms
21:08:10 [INFO] <<< STEP 289: APPLYING RULE 7 http://rulewerk.semantic-web.org/inferred/subClassOf(?E, ?Y) :- http://rulewerk.semantic-web.org/inferred/ex(?E, ?R, ?C), http://rulewerk.semantic-web.org/inferred/subClassOf(?C, ?D), http://rulewerk.semantic-web.org/normalForm/subProp(?R, ?S), http://rulewerk.semantic-web.org/normalForm/exists(?Y, ?S, ?D), http://rulewerk.semantic-web.org/normalForm/isSubClass(?Y) >>>
21:08:10 [INFO] Execution step: Body
21:08:10 [INFO] Trie does not contain any elements
21:08:10 [INFO] Execution step: Duplicate Elimination (Datalog)
21:08:10 [INFO] Trie does not contain any elements
21:08:10 [INFO] Rule duration: 1 ms
21:08:10 [INFO] <<< STEP 290: APPLYING RULE 8 http://rulewerk.semantic-web.org/inferred/ex(?E, ?S, ?D) :- http://rulewerk.semantic-web.org/inferred/ex(?E, ?R1, ?C), http://rulewerk.semantic-web.org/inferred/ex(?C, ?R2, ?D), http://rulewerk.semantic-web.org/normalForm/subProp(?R1, ?S1), http://rulewerk.semantic-web.org/normalForm/subProp(?R2, ?S2), http://rulewerk.semantic-web.org/normalForm/subPropChain(?S1, ?S2, ?S) >>>
21:08:10 [INFO] Execution step: Body
21:08:10 [INFO] Trie does not contain any elements
21:08:10 [INFO] Execution step: Duplicate Elimination (Datalog)
21:08:10 [INFO] Trie does not contain any elements
21:08:10 [INFO] Rule duration: 0 ms
21:08:10 [INFO] <<< STEP 291: APPLYING RULE 9 http://rulewerk.semantic-web.org/inferred/subClassOf(?C, ?E) :- http://rulewerk.semantic-web.org/inferred/subClassOf(?C, ?D), http://rulewerk.semantic-web.org/normalForm/subClassOf(?D, ?E) >>>
21:08:10 [INFO] Execution step: Body
21:08:10 [INFO] Saved temporary table: 89 entries (8314)
21:08:10 [INFO] Execution step: Duplicate Elimination (Datalog)
21:08:10 [INFO] Saved permanent table http://rulewerk.semantic-web.org/inferred/subClassOf (291) Permutation { idx_to_val: [], val_to_idx: [] } with 89 entries (8362)
21:08:10 [INFO] Rule duration: 1 ms
21:08:10 [INFO] <<< STEP 292: APPLYING RULE 9 http://rulewerk.semantic-web.org/inferred/subClassOf(?C, ?E) :- http://rulewerk.semantic-web.org/inferred/subClassOf(?C, ?D), http://rulewerk.semantic-web.org/normalForm/subClassOf(?D, ?E) >>>
21:08:10 [INFO] Execution step: Body
21:08:10 [INFO] Saved temporary table: 116 entries (8422)
21:08:10 [INFO] Execution step: Duplicate Elimination (Datalog)
21:08:10 [INFO] Saved permanent table http://rulewerk.semantic-web.org/inferred/subClassOf (292) Permutation { idx_to_val: [], val_to_idx: [] } with 27 entries (8360)
21:08:10 [INFO] Rule duration: 1 ms
21:08:10 [INFO] <<< STEP 293: APPLYING RULE 9 http://rulewerk.semantic-web.org/inferred/subClassOf(?C, ?E) :- http://rulewerk.semantic-web.org/inferred/subClassOf(?C, ?D), http://rulewerk.semantic-web.org/normalForm/subClassOf(?D, ?E) >>>
21:08:10 [INFO] Execution step: Body
21:08:10 [INFO] Trie does not contain any elements
21:08:10 [INFO] Execution step: Duplicate Elimination (Datalog)
21:08:10 [INFO] Trie does not contain any elements
21:08:10 [INFO] Rule duration: 0 ms
21:08:10 [INFO] <<< STEP 294: APPLYING RULE 10 http://rulewerk.semantic-web.org/inferred/subClassOf(?E, "<http://www.w3.org/2002/07/owl#Nothing>") :- http://rulewerk.semantic-web.org/inferred/ex(?E, ?R, ?C), http://rulewerk.semantic-web.org/inferred/subClassOf(?C, ?_BODY_1), Equal(?_BODY_1, "<http://www.w3.org/2002/07/owl#Nothing>") >>>
21:08:10 [INFO] Execution step: Body
21:08:10 [INFO] Trie does not contain any elements
21:08:10 [INFO] Execution step: Duplicate Elimination (Datalog)
21:08:10 [INFO] Trie does not contain any elements
21:08:10 [INFO] Rule duration: 1 ms
21:08:10 [INFO] <<< STEP 295: APPLYING RULE 1 http://rulewerk.semantic-web.org/inferred/init(?C) :- http://rulewerk.semantic-web.org/inferred/ex(?E, ?R, ?C) >>>
21:08:10 [INFO] Execution step: Body
21:08:10 [INFO] Saved temporary table: 26 entries (3504)
21:08:10 [INFO] Execution step: Duplicate Elimination (Datalog)
21:08:10 [INFO] Trie does not contain any elements
21:08:10 [INFO] Rule duration: 0 ms
21:08:10 [INFO] <<< STEP 296: APPLYING RULE 2 http://rulewerk.semantic-web.org/inferred/subClassOf(?C, ?C) :- http://rulewerk.semantic-web.org/inferred/init(?C) >>>
21:08:10 [INFO] Execution step: Body
21:08:10 [INFO] Trie does not contain any elements
21:08:10 [INFO] Execution step: Duplicate Elimination (Datalog)
21:08:10 [INFO] Trie does not contain any elements
21:08:10 [INFO] Rule duration: 0 ms
21:08:10 [INFO] <<< STEP 297: APPLYING RULE 4 http://rulewerk.semantic-web.org/inferred/subClassOf(?C, ?D1), http://rulewerk.semantic-web.org/inferred/subClassOf(?C, ?D2) :- http://rulewerk.semantic-web.org/inferred/subClassOf(?C, ?Y), http://rulewerk.semantic-web.org/normalForm/conj(?Y, ?D1, ?D2) >>>
21:08:10 [INFO] Execution step: Body
21:08:10 [INFO] Saved temporary table: 161 entries (8650)
21:08:10 [INFO] Saved temporary table: 136 entries (8550)
21:08:10 [INFO] Execution step: Duplicate Elimination (Datalog)
21:08:10 [INFO] Trie does not contain any elements
21:08:10 [INFO] Rule duration: 3 ms
21:08:10 [INFO] <<< STEP 298: APPLYING RULE 5 http://rulewerk.semantic-web.org/inferred/subClassOf(?C, ?I) :- http://rulewerk.semantic-web.org/inferred/subClassOf(?C, ?D1), http://rulewerk.semantic-web.org/inferred/subClassOf(?C, ?D2), http://rulewerk.semantic-web.org/normalForm/conj(?I, ?D1, ?D2), http://rulewerk.semantic-web.org/normalForm/isSubClass(?I) >>>
21:08:10 [INFO] Execution step: Body
21:08:10 [INFO] Saved temporary table: 78 entries (8880)
21:08:10 [INFO] Execution step: Duplicate Elimination (Datalog)
21:08:10 [INFO] Saved permanent table http://rulewerk.semantic-web.org/inferred/subClassOf (298) Permutation { idx_to_val: [], val_to_idx: [] } with 78 entries (8928)
21:08:10 [INFO] Rule duration: 7 ms
21:08:10 [INFO] <<< STEP 299: APPLYING RULE 5 http://rulewerk.semantic-web.org/inferred/subClassOf(?C, ?I) :- http://rulewerk.semantic-web.org/inferred/subClassOf(?C, ?D1), http://rulewerk.semantic-web.org/inferred/subClassOf(?C, ?D2), http://rulewerk.semantic-web.org/normalForm/conj(?I, ?D1, ?D2), http://rulewerk.semantic-web.org/normalForm/isSubClass(?I) >>>
21:08:10 [INFO] Execution step: Body
21:08:10 [INFO] Saved temporary table: 26 entries (8256)
21:08:10 [INFO] Execution step: Duplicate Elimination (Datalog)
21:08:10 [INFO] Saved permanent table http://rulewerk.semantic-web.org/inferred/subClassOf (299) Permutation { idx_to_val: [], val_to_idx: [] } with 26 entries (8304)
21:08:10 [INFO] Rule duration: 4 ms
21:08:10 [INFO] <<< STEP 300: APPLYING RULE 5 http://rulewerk.semantic-web.org/inferred/subClassOf(?C, ?I) :- http://rulewerk.semantic-web.org/inferred/subClassOf(?C, ?D1), http://rulewerk.semantic-web.org/inferred/subClassOf(?C, ?D2), http://rulewerk.semantic-web.org/normalForm/conj(?I, ?D1, ?D2), http://rulewerk.semantic-web.org/normalForm/isSubClass(?I) >>>
21:08:10 [INFO] Execution step: Body
21:08:10 [INFO] Trie does not contain any elements
21:08:10 [INFO] Execution step: Duplicate Elimination (Datalog)
21:08:10 [INFO] Trie does not contain any elements
21:08:10 [INFO] Rule duration: 3 ms
21:08:10 [INFO] <<< STEP 301: APPLYING RULE 6 http://rulewerk.semantic-web.org/inferred/ex(?E, ?R, ?C) :- http://rulewerk.semantic-web.org/inferred/subClassOf(?E, ?Y), http://rulewerk.semantic-web.org/normalForm/exists(?Y, ?R, ?C) >>>
21:08:10 [INFO] Execution step: Body
21:08:10 [INFO] Saved temporary table: 63 entries (13374)
21:08:10 [INFO] Execution step: Duplicate Elimination (Datalog)
21:08:10 [INFO] Saved permanent table http://rulewerk.semantic-web.org/inferred/ex (301) Permutation { idx_to_val: [], val_to_idx: [] } with 63 entries (13422)
21:08:10 [INFO] Rule duration: 0 ms
21:08:10 [INFO] <<< STEP 302: APPLYING RULE 7 http://rulewerk.semantic-web.org/inferred/subClassOf(?E, ?Y) :- http://rulewerk.semantic-web.org/inferred/ex(?E, ?R, ?C), http://rulewerk.semantic-web.org/inferred/subClassOf(?C, ?D), http://rulewerk.semantic-web.org/normalForm/subProp(?R, ?S), http://rulewerk.semantic-web.org/normalForm/exists(?Y, ?S, ?D), http://rulewerk.semantic-web.org/normalForm/isSubClass(?Y) >>>
21:08:10 [INFO] Execution step: Body
21:08:10 [INFO] Saved temporary table: 219 entries (9912)
21:08:10 [INFO] Execution step: Duplicate Elimination (Datalog)
21:08:10 [INFO] Saved permanent table http://rulewerk.semantic-web.org/inferred/subClassOf (302) Permutation { idx_to_val: [], val_to_idx: [] } with 70 entries (8792)
21:08:10 [INFO] Rule duration: 3 ms
21:08:10 [INFO] Execution step: Combining Tables
21:08:10 [INFO] Saved permanent table http://rulewerk.semantic-web.org/inferred/subClassOf (280-304) Permutation { idx_to_val: [], val_to_idx: [] } with 498 entries (10190)
21:08:10 [INFO] <<< STEP 303: APPLYING RULE 7 http://rulewerk.semantic-web.org/inferred/subClassOf(?E, ?Y) :- http://rulewerk.semantic-web.org/inferred/ex(?E, ?R, ?C), http://rulewerk.semantic-web.org/inferred/subClassOf(?C, ?D), http://rulewerk.semantic-web.org/normalForm/subProp(?R, ?S), http://rulewerk.semantic-web.org/normalForm/exists(?Y, ?S, ?D), http://rulewerk.semantic-web.org/normalForm/isSubClass(?Y) >>>
21:08:10 [INFO] Execution step: Body
21:08:10 [INFO] Trie does not contain any elements
21:08:10 [INFO] Execution step: Duplicate Elimination (Datalog)
21:08:10 [INFO] Trie does not contain any elements
21:08:10 [INFO] Rule duration: 1 ms
21:08:10 [INFO] <<< STEP 304: APPLYING RULE 8 http://rulewerk.semantic-web.org/inferred/ex(?E, ?S, ?D) :- http://rulewerk.semantic-web.org/inferred/ex(?E, ?R1, ?C), http://rulewerk.semantic-web.org/inferred/ex(?C, ?R2, ?D), http://rulewerk.semantic-web.org/normalForm/subProp(?R1, ?S1), http://rulewerk.semantic-web.org/normalForm/subProp(?R2, ?S2), http://rulewerk.semantic-web.org/normalForm/subPropChain(?S1, ?S2, ?S) >>>
21:08:10 [INFO] Execution step: Body
21:08:10 [INFO] Trie does not contain any elements
21:08:10 [INFO] Execution step: Duplicate Elimination (Datalog)
21:08:10 [INFO] Trie does not contain any elements
21:08:10 [INFO] Rule duration: 0 ms
21:08:10 [INFO] <<< STEP 305: APPLYING RULE 9 http://rulewerk.semantic-web.org/inferred/subClassOf(?C, ?E) :- http://rulewerk.semantic-web.org/inferred/subClassOf(?C, ?D), http://rulewerk.semantic-web.org/normalForm/subClassOf(?D, ?E) >>>
21:08:10 [INFO] Execution step: Body
21:08:10 [INFO] Saved temporary table: 73 entries (8860)
21:08:10 [INFO] Execution step: Duplicate Elimination (Datalog)
21:08:10 [INFO] Saved permanent table http://rulewerk.semantic-web.org/inferred/subClassOf (305) Permutation { idx_to_val: [], val_to_idx: [] } with 73 entries (8908)
21:08:10 [INFO] Rule duration: 1 ms
21:08:10 [INFO] <<< STEP 306: APPLYING RULE 9 http://rulewerk.semantic-web.org/inferred/subClassOf(?C, ?E) :- http://rulewerk.semantic-web.org/inferred/subClassOf(?C, ?D), http://rulewerk.semantic-web.org/normalForm/subClassOf(?D, ?E) >>>
21:08:10 [INFO] Execution step: Body
21:08:10 [INFO] Saved temporary table: 79 entries (8884)
21:08:10 [INFO] Execution step: Duplicate Elimination (Datalog)
21:08:10 [INFO] Saved permanent table http://rulewerk.semantic-web.org/inferred/subClassOf (306) Permutation { idx_to_val: [], val_to_idx: [] } with 1 entries (6904)
21:08:10 [INFO] Rule duration: 1 ms
21:08:10 [INFO] <<< STEP 307: APPLYING RULE 9 http://rulewerk.semantic-web.org/inferred/subClassOf(?C, ?E) :- http://rulewerk.semantic-web.org/inferred/subClassOf(?C, ?D), http://rulewerk.semantic-web.org/normalForm/subClassOf(?D, ?E) >>>
21:08:10 [INFO] Execution step: Body
21:08:10 [INFO] Trie does not contain any elements
21:08:10 [INFO] Execution step: Duplicate Elimination (Datalog)
21:08:10 [INFO] Trie does not contain any elements
21:08:10 [INFO] Rule duration: 0 ms
21:08:10 [INFO] <<< STEP 308: APPLYING RULE 10 http://rulewerk.semantic-web.org/inferred/subClassOf(?E, "<http://www.w3.org/2002/07/owl#Nothing>") :- http://rulewerk.semantic-web.org/inferred/ex(?E, ?R, ?C), http://rulewerk.semantic-web.org/inferred/subClassOf(?C, ?_BODY_1), Equal(?_BODY_1, "<http://www.w3.org/2002/07/owl#Nothing>") >>>
21:08:10 [INFO] Execution step: Body
21:08:10 [INFO] Trie does not contain any elements
21:08:10 [INFO] Execution step: Duplicate Elimination (Datalog)
21:08:10 [INFO] Trie does not contain any elements
21:08:10 [INFO] Rule duration: 0 ms
21:08:10 [INFO] <<< STEP 309: APPLYING RULE 1 http://rulewerk.semantic-web.org/inferred/init(?C) :- http://rulewerk.semantic-web.org/inferred/ex(?E, ?R, ?C) >>>
21:08:10 [INFO] Execution step: Body
21:08:10 [INFO] Saved temporary table: 10 entries (3440)
21:08:10 [INFO] Execution step: Duplicate Elimination (Datalog)
21:08:10 [INFO] Trie does not contain any elements
21:08:10 [INFO] Rule duration: 0 ms
21:08:10 [INFO] <<< STEP 310: APPLYING RULE 2 http://rulewerk.semantic-web.org/inferred/subClassOf(?C, ?C) :- http://rulewerk.semantic-web.org/inferred/init(?C) >>>
21:08:10 [INFO] Execution step: Body
21:08:10 [INFO] Trie does not contain any elements
21:08:10 [INFO] Execution step: Duplicate Elimination (Datalog)
21:08:10 [INFO] Trie does not contain any elements
21:08:10 [INFO] Rule duration: 0 ms
21:08:10 [INFO] <<< STEP 311: APPLYING RULE 4 http://rulewerk.semantic-web.org/inferred/subClassOf(?C, ?D1), http://rulewerk.semantic-web.org/inferred/subClassOf(?C, ?D2) :- http://rulewerk.semantic-web.org/inferred/subClassOf(?C, ?Y), http://rulewerk.semantic-web.org/normalForm/conj(?Y, ?D1, ?D2) >>>
21:08:10 [INFO] Execution step: Body
21:08:10 [INFO] Saved temporary table: 97 entries (8956)
21:08:10 [INFO] Saved temporary table: 72 entries (8856)
21:08:10 [INFO] Execution step: Duplicate Elimination (Datalog)
21:08:10 [INFO] Trie does not contain any elements
21:08:10 [INFO] Rule duration: 2 ms
21:08:10 [INFO] <<< STEP 312: APPLYING RULE 5 http://rulewerk.semantic-web.org/inferred/subClassOf(?C, ?I) :- http://rulewerk.semantic-web.org/inferred/subClassOf(?C, ?D1), http://rulewerk.semantic-web.org/inferred/subClassOf(?C, ?D2), http://rulewerk.semantic-web.org/normalForm/conj(?I, ?D1, ?D2), http://rulewerk.semantic-web.org/normalForm/isSubClass(?I) >>>
21:08:10 [INFO] Execution step: Body
21:08:10 [INFO] Saved temporary table: 56 entries (8688)
21:08:10 [INFO] Execution step: Duplicate Elimination (Datalog)
21:08:10 [INFO] Saved permanent table http://rulewerk.semantic-web.org/inferred/subClassOf (312) Permutation { idx_to_val: [], val_to_idx: [] } with 56 entries (8736)
21:08:10 [INFO] Rule duration: 5 ms
21:08:10 [INFO] <<< STEP 313: APPLYING RULE 5 http://rulewerk.semantic-web.org/inferred/subClassOf(?C, ?I) :- http://rulewerk.semantic-web.org/inferred/subClassOf(?C, ?D1), http://rulewerk.semantic-web.org/inferred/subClassOf(?C, ?D2), http://rulewerk.semantic-web.org/normalForm/conj(?I, ?D1, ?D2), http://rulewerk.semantic-web.org/normalForm/isSubClass(?I) >>>
21:08:10 [INFO] Execution step: Body
21:08:10 [INFO] Saved temporary table: 5 entries (7080)
21:08:10 [INFO] Execution step: Duplicate Elimination (Datalog)
21:08:10 [INFO] Saved permanent table http://rulewerk.semantic-web.org/inferred/subClassOf (313) Permutation { idx_to_val: [], val_to_idx: [] } with 5 entries (7128)
21:08:10 [INFO] Rule duration: 3 ms
21:08:10 [INFO] <<< STEP 314: APPLYING RULE 5 http://rulewerk.semantic-web.org/inferred/subClassOf(?C, ?I) :- http://rulewerk.semantic-web.org/inferred/subClassOf(?C, ?D1), http://rulewerk.semantic-web.org/inferred/subClassOf(?C, ?D2), http://rulewerk.semantic-web.org/normalForm/conj(?I, ?D1, ?D2), http://rulewerk.semantic-web.org/normalForm/isSubClass(?I) >>>
21:08:10 [INFO] Execution step: Body
21:08:10 [INFO] Trie does not contain any elements
21:08:10 [INFO] Execution step: Duplicate Elimination (Datalog)
21:08:10 [INFO] Trie does not contain any elements
21:08:10 [INFO] Rule duration: 2 ms
21:08:10 [INFO] <<< STEP 315: APPLYING RULE 6 http://rulewerk.semantic-web.org/inferred/ex(?E, ?R, ?C) :- http://rulewerk.semantic-web.org/inferred/subClassOf(?E, ?Y), http://rulewerk.semantic-web.org/normalForm/exists(?Y, ?R, ?C) >>>
21:08:10 [INFO] Execution step: Body
21:08:10 [INFO] Saved temporary table: 71 entries (13916)
21:08:10 [INFO] Execution step: Duplicate Elimination (Datalog)
21:08:10 [INFO] Saved permanent table http://rulewerk.semantic-web.org/inferred/ex (315) Permutation { idx_to_val: [], val_to_idx: [] } with 71 entries (13964)
21:08:10 [INFO] Rule duration: 0 ms
21:08:10 [INFO] <<< STEP 316: APPLYING RULE 7 http://rulewerk.semantic-web.org/inferred/subClassOf(?E, ?Y) :- http://rulewerk.semantic-web.org/inferred/ex(?E, ?R, ?C), http://rulewerk.semantic-web.org/inferred/subClassOf(?C, ?D), http://rulewerk.semantic-web.org/normalForm/subProp(?R, ?S), http://rulewerk.semantic-web.org/normalForm/exists(?Y, ?S, ?D), http://rulewerk.semantic-web.org/normalForm/isSubClass(?Y) >>>
21:08:10 [INFO] Execution step: Body
21:08:10 [INFO] Saved temporary table: 86 entries (8860)
21:08:10 [INFO] Execution step: Duplicate Elimination (Datalog)
21:08:10 [INFO] Trie does not contain any elements
21:08:10 [INFO] Rule duration: 2 ms
21:08:10 [INFO] <<< STEP 317: APPLYING RULE 8 http://rulewerk.semantic-web.org/inferred/ex(?E, ?S, ?D) :- http://rulewerk.semantic-web.org/inferred/ex(?E, ?R1, ?C), http://rulewerk.semantic-web.org/inferred/ex(?C, ?R2, ?D), http://rulewerk.semantic-web.org/normalForm/subProp(?R1, ?S1), http://rulewerk.semantic-web.org/normalForm/subProp(?R2, ?S2), http://rulewerk.semantic-web.org/normalForm/subPropChain(?S1, ?S2, ?S) >>>
21:08:10 [INFO] Execution step: Body
21:08:10 [INFO] Trie does not contain any elements
21:08:10 [INFO] Execution step: Duplicate Elimination (Datalog)
21:08:10 [INFO] Trie does not contain any elements
21:08:10 [INFO] Rule duration: 0 ms
21:08:10 [INFO] <<< STEP 318: APPLYING RULE 9 http://rulewerk.semantic-web.org/inferred/subClassOf(?C, ?E) :- http://rulewerk.semantic-web.org/inferred/subClassOf(?C, ?D), http://rulewerk.semantic-web.org/normalForm/subClassOf(?D, ?E) >>>
21:08:10 [INFO] Execution step: Body
21:08:10 [INFO] Saved temporary table: 31 entries (8536)
21:08:10 [INFO] Execution step: Duplicate Elimination (Datalog)
21:08:10 [INFO] Saved permanent table http://rulewerk.semantic-web.org/inferred/subClassOf (318) Permutation { idx_to_val: [], val_to_idx: [] } with 31 entries (8584)
21:08:10 [INFO] Rule duration: 1 ms
21:08:10 [INFO] <<< STEP 319: APPLYING RULE 9 http://rulewerk.semantic-web.org/inferred/subClassOf(?C, ?E) :- http://rulewerk.semantic-web.org/inferred/subClassOf(?C, ?D), http://rulewerk.semantic-web.org/normalForm/subClassOf(?D, ?E) >>>
21:08:10 [INFO] Execution step: Body
21:08:10 [INFO] Saved temporary table: 36 entries (8556)
21:08:10 [INFO] Execution step: Duplicate Elimination (Datalog)
21:08:10 [INFO] Saved permanent table http://rulewerk.semantic-web.org/inferred/subClassOf (319) Permutation { idx_to_val: [], val_to_idx: [] } with 5 entries (7128)
21:08:10 [INFO] Rule duration: 1 ms
21:08:10 [INFO] <<< STEP 320: APPLYING RULE 9 http://rulewerk.semantic-web.org/inferred/subClassOf(?C, ?E) :- http://rulewerk.semantic-web.org/inferred/subClassOf(?C, ?D), http://rulewerk.semantic-web.org/normalForm/subClassOf(?D, ?E) >>>
21:08:10 [INFO] Execution step: Body
21:08:10 [INFO] Trie does not contain any elements
21:08:10 [INFO] Execution step: Duplicate Elimination (Datalog)
21:08:10 [INFO] Trie does not contain any elements
21:08:10 [INFO] Rule duration: 0 ms
21:08:10 [INFO] <<< STEP 321: APPLYING RULE 10 http://rulewerk.semantic-web.org/inferred/subClassOf(?E, "<http://www.w3.org/2002/07/owl#Nothing>") :- http://rulewerk.semantic-web.org/inferred/ex(?E, ?R, ?C), http://rulewerk.semantic-web.org/inferred/subClassOf(?C, ?_BODY_1), Equal(?_BODY_1, "<http://www.w3.org/2002/07/owl#Nothing>") >>>
21:08:10 [INFO] Execution step: Body
21:08:10 [INFO] Trie does not contain any elements
21:08:10 [INFO] Execution step: Duplicate Elimination (Datalog)
21:08:10 [INFO] Trie does not contain any elements
21:08:10 [INFO] Rule duration: 0 ms
21:08:10 [INFO] <<< STEP 322: APPLYING RULE 1 http://rulewerk.semantic-web.org/inferred/init(?C) :- http://rulewerk.semantic-web.org/inferred/ex(?E, ?R, ?C) >>>
21:08:10 [INFO] Execution step: Body
21:08:10 [INFO] Saved temporary table: 5 entries (3420)
21:08:10 [INFO] Execution step: Duplicate Elimination (Datalog)
21:08:10 [INFO] Trie does not contain any elements
21:08:10 [INFO] Rule duration: 0 ms
21:08:10 [INFO] <<< STEP 323: APPLYING RULE 2 http://rulewerk.semantic-web.org/inferred/subClassOf(?C, ?C) :- http://rulewerk.semantic-web.org/inferred/init(?C) >>>
21:08:10 [INFO] Execution step: Body
21:08:10 [INFO] Trie does not contain any elements
21:08:10 [INFO] Execution step: Duplicate Elimination (Datalog)
21:08:10 [INFO] Trie does not contain any elements
21:08:10 [INFO] Rule duration: 0 ms
21:08:10 [INFO] <<< STEP 324: APPLYING RULE 4 http://rulewerk.semantic-web.org/inferred/subClassOf(?C, ?D1), http://rulewerk.semantic-web.org/inferred/subClassOf(?C, ?D2) :- http://rulewerk.semantic-web.org/inferred/subClassOf(?C, ?Y), http://rulewerk.semantic-web.org/normalForm/conj(?Y, ?D1, ?D2) >>>
21:08:10 [INFO] Execution step: Body
21:08:10 [INFO] Saved temporary table: 61 entries (8708)
21:08:10 [INFO] Saved temporary table: 49 entries (8660)
21:08:10 [INFO] Execution step: Duplicate Elimination (Datalog)
21:08:10 [INFO] Trie does not contain any elements
21:08:10 [INFO] Rule duration: 2 ms
21:08:10 [INFO] <<< STEP 325: APPLYING RULE 5 http://rulewerk.semantic-web.org/inferred/subClassOf(?C, ?I) :- http://rulewerk.semantic-web.org/inferred/subClassOf(?C, ?D1), http://rulewerk.semantic-web.org/inferred/subClassOf(?C, ?D2), http://rulewerk.semantic-web.org/normalForm/conj(?I, ?D1, ?D2), http://rulewerk.semantic-web.org/normalForm/isSubClass(?I) >>>
21:08:10 [INFO] Execution step: Body
21:08:10 [INFO] Saved temporary table: 13 entries (7112)
21:08:10 [INFO] Execution step: Duplicate Elimination (Datalog)
21:08:10 [INFO] Saved permanent table http://rulewerk.semantic-web.org/inferred/subClassOf (325) Permutation { idx_to_val: [], val_to_idx: [] } with 13 entries (7160)
21:08:10 [INFO] Rule duration: 3 ms
21:08:10 [INFO] <<< STEP 326: APPLYING RULE 5 http://rulewerk.semantic-web.org/inferred/subClassOf(?C, ?I) :- http://rulewerk.semantic-web.org/inferred/subClassOf(?C, ?D1), http://rulewerk.semantic-web.org/inferred/subClassOf(?C, ?D2), http://rulewerk.semantic-web.org/normalForm/conj(?I, ?D1, ?D2), http://rulewerk.semantic-web.org/normalForm/isSubClass(?I) >>>
21:08:10 [INFO] Execution step: Body
21:08:10 [INFO] Saved temporary table: 5 entries (7080)
21:08:10 [INFO] Execution step: Duplicate Elimination (Datalog)
21:08:10 [INFO] Saved permanent table http://rulewerk.semantic-web.org/inferred/subClassOf (326) Permutation { idx_to_val: [], val_to_idx: [] } with 5 entries (7128)
21:08:10 [INFO] Rule duration: 2 ms
21:08:10 [INFO] Execution step: Combining Tables
21:08:10 [INFO] Saved permanent table http://rulewerk.semantic-web.org/inferred/subClassOf (304-328) Permutation { idx_to_val: [], val_to_idx: [] } with 189 entries (9632)
21:08:10 [INFO] <<< STEP 327: APPLYING RULE 5 http://rulewerk.semantic-web.org/inferred/subClassOf(?C, ?I) :- http://rulewerk.semantic-web.org/inferred/subClassOf(?C, ?D1), http://rulewerk.semantic-web.org/inferred/subClassOf(?C, ?D2), http://rulewerk.semantic-web.org/normalForm/conj(?I, ?D1, ?D2), http://rulewerk.semantic-web.org/normalForm/isSubClass(?I) >>>
21:08:10 [INFO] Execution step: Body
21:08:10 [INFO] Trie does not contain any elements
21:08:10 [INFO] Execution step: Duplicate Elimination (Datalog)
21:08:10 [INFO] Trie does not contain any elements
21:08:10 [INFO] Rule duration: 2 ms
21:08:10 [INFO] <<< STEP 328: APPLYING RULE 6 http://rulewerk.semantic-web.org/inferred/ex(?E, ?R, ?C) :- http://rulewerk.semantic-web.org/inferred/subClassOf(?E, ?Y), http://rulewerk.semantic-web.org/normalForm/exists(?Y, ?R, ?C) >>>
21:08:10 [INFO] Execution step: Body
21:08:10 [INFO] Saved temporary table: 5 entries (10740)
21:08:10 [INFO] Execution step: Duplicate Elimination (Datalog)
21:08:10 [INFO] Saved permanent table http://rulewerk.semantic-web.org/inferred/ex (328) Permutation { idx_to_val: [], val_to_idx: [] } with 5 entries (10788)
21:08:10 [INFO] Rule duration: 0 ms
21:08:10 [INFO] <<< STEP 329: APPLYING RULE 7 http://rulewerk.semantic-web.org/inferred/subClassOf(?E, ?Y) :- http://rulewerk.semantic-web.org/inferred/ex(?E, ?R, ?C), http://rulewerk.semantic-web.org/inferred/subClassOf(?C, ?D), http://rulewerk.semantic-web.org/normalForm/subProp(?R, ?S), http://rulewerk.semantic-web.org/normalForm/exists(?Y, ?S, ?D), http://rulewerk.semantic-web.org/normalForm/isSubClass(?Y) >>>
21:08:10 [INFO] Execution step: Body
21:08:10 [INFO] Saved temporary table: 20 entries (7140)
21:08:10 [INFO] Execution step: Duplicate Elimination (Datalog)
21:08:10 [INFO] Saved permanent table http://rulewerk.semantic-web.org/inferred/subClassOf (329) Permutation { idx_to_val: [], val_to_idx: [] } with 15 entries (7168)
21:08:10 [INFO] Rule duration: 1 ms
21:08:10 [INFO] <<< STEP 330: APPLYING RULE 7 http://rulewerk.semantic-web.org/inferred/subClassOf(?E, ?Y) :- http://rulewerk.semantic-web.org/inferred/ex(?E, ?R, ?C), http://rulewerk.semantic-web.org/inferred/subClassOf(?C, ?D), http://rulewerk.semantic-web.org/normalForm/subProp(?R, ?S), http://rulewerk.semantic-web.org/normalForm/exists(?Y, ?S, ?D), http://rulewerk.semantic-web.org/normalForm/isSubClass(?Y) >>>
21:08:10 [INFO] Execution step: Body
21:08:10 [INFO] Trie does not contain any elements
21:08:10 [INFO] Execution step: Duplicate Elimination (Datalog)
21:08:10 [INFO] Trie does not contain any elements
21:08:10 [INFO] Rule duration: 1 ms
21:08:10 [INFO] <<< STEP 331: APPLYING RULE 8 http://rulewerk.semantic-web.org/inferred/ex(?E, ?S, ?D) :- http://rulewerk.semantic-web.org/inferred/ex(?E, ?R1, ?C), http://rulewerk.semantic-web.org/inferred/ex(?C, ?R2, ?D), http://rulewerk.semantic-web.org/normalForm/subProp(?R1, ?S1), http://rulewerk.semantic-web.org/normalForm/subProp(?R2, ?S2), http://rulewerk.semantic-web.org/normalForm/subPropChain(?S1, ?S2, ?S) >>>
21:08:10 [INFO] Execution step: Body
21:08:10 [INFO] Trie does not contain any elements
21:08:10 [INFO] Execution step: Duplicate Elimination (Datalog)
21:08:10 [INFO] Trie does not contain any elements
21:08:10 [INFO] Rule duration: 0 ms
21:08:10 [INFO] <<< STEP 332: APPLYING RULE 9 http://rulewerk.semantic-web.org/inferred/subClassOf(?C, ?E) :- http://rulewerk.semantic-web.org/inferred/subClassOf(?C, ?D), http://rulewerk.semantic-web.org/normalForm/subClassOf(?D, ?E) >>>
21:08:10 [INFO] Execution step: Body
21:08:10 [INFO] Saved temporary table: 10 entries (7100)
21:08:10 [INFO] Execution step: Duplicate Elimination (Datalog)
21:08:10 [INFO] Saved permanent table http://rulewerk.semantic-web.org/inferred/subClassOf (332) Permutation { idx_to_val: [], val_to_idx: [] } with 10 entries (7148)
21:08:10 [INFO] Rule duration: 0 ms
21:08:10 [INFO] <<< STEP 333: APPLYING RULE 9 http://rulewerk.semantic-web.org/inferred/subClassOf(?C, ?E) :- http://rulewerk.semantic-web.org/inferred/subClassOf(?C, ?D), http://rulewerk.semantic-web.org/normalForm/subClassOf(?D, ?E) >>>
21:08:10 [INFO] Execution step: Body
21:08:10 [INFO] Saved temporary table: 10 entries (7100)
21:08:10 [INFO] Execution step: Duplicate Elimination (Datalog)
21:08:10 [INFO] Trie does not contain any elements
21:08:10 [INFO] Rule duration: 0 ms
21:08:10 [INFO] <<< STEP 334: APPLYING RULE 10 http://rulewerk.semantic-web.org/inferred/subClassOf(?E, "<http://www.w3.org/2002/07/owl#Nothing>") :- http://rulewerk.semantic-web.org/inferred/ex(?E, ?R, ?C), http://rulewerk.semantic-web.org/inferred/subClassOf(?C, ?_BODY_1), Equal(?_BODY_1, "<http://www.w3.org/2002/07/owl#Nothing>") >>>
21:08:10 [INFO] Execution step: Body
21:08:10 [INFO] Trie does not contain any elements
21:08:10 [INFO] Execution step: Duplicate Elimination (Datalog)
21:08:10 [INFO] Trie does not contain any elements
21:08:10 [INFO] Rule duration: 0 ms
21:08:10 [INFO] <<< STEP 335: APPLYING RULE 1 http://rulewerk.semantic-web.org/inferred/init(?C) :- http://rulewerk.semantic-web.org/inferred/ex(?E, ?R, ?C) >>>
21:08:10 [INFO] Execution step: Body
21:08:10 [INFO] Saved temporary table: 1 entries (3404)
21:08:10 [INFO] Execution step: Duplicate Elimination (Datalog)
21:08:10 [INFO] Trie does not contain any elements
21:08:10 [INFO] Rule duration: 0 ms
21:08:10 [INFO] <<< STEP 336: APPLYING RULE 2 http://rulewerk.semantic-web.org/inferred/subClassOf(?C, ?C) :- http://rulewerk.semantic-web.org/inferred/init(?C) >>>
21:08:10 [INFO] Execution step: Body
21:08:10 [INFO] Trie does not contain any elements
21:08:10 [INFO] Execution step: Duplicate Elimination (Datalog)
21:08:10 [INFO] Trie does not contain any elements
21:08:10 [INFO] Rule duration: 0 ms
21:08:10 [INFO] <<< STEP 337: APPLYING RULE 4 http://rulewerk.semantic-web.org/inferred/subClassOf(?C, ?D1), http://rulewerk.semantic-web.org/inferred/subClassOf(?C, ?D2) :- http://rulewerk.semantic-web.org/inferred/subClassOf(?C, ?Y), http://rulewerk.semantic-web.org/normalForm/conj(?Y, ?D1, ?D2) >>>
21:08:10 [INFO] Execution step: Body
21:08:10 [INFO] Saved temporary table: 18 entries (7132)
21:08:10 [INFO] Saved temporary table: 10 entries (7100)
21:08:10 [INFO] Execution step: Duplicate Elimination (Datalog)
21:08:10 [INFO] Trie does not contain any elements
21:08:10 [INFO] Rule duration: 1 ms
21:08:10 [INFO] <<< STEP 338: APPLYING RULE 5 http://rulewerk.semantic-web.org/inferred/subClassOf(?C, ?I) :- http://rulewerk.semantic-web.org/inferred/subClassOf(?C, ?D1), http://rulewerk.semantic-web.org/inferred/subClassOf(?C, ?D2), http://rulewerk.semantic-web.org/normalForm/conj(?I, ?D1, ?D2), http://rulewerk.semantic-web.org/normalForm/isSubClass(?I) >>>
21:08:10 [INFO] Execution step: Body
21:08:10 [INFO] Saved temporary table: 15 entries (7120)
21:08:10 [INFO] Execution step: Duplicate Elimination (Datalog)
21:08:10 [INFO] Saved permanent table http://rulewerk.semantic-web.org/inferred/subClassOf (338) Permutation { idx_to_val: [], val_to_idx: [] } with 15 entries (7168)
21:08:10 [INFO] Rule duration: 2 ms
21:08:10 [INFO] <<< STEP 339: APPLYING RULE 5 http://rulewerk.semantic-web.org/inferred/subClassOf(?C, ?I) :- http://rulewerk.semantic-web.org/inferred/subClassOf(?C, ?D1), http://rulewerk.semantic-web.org/inferred/subClassOf(?C, ?D2), http://rulewerk.semantic-web.org/normalForm/conj(?I, ?D1, ?D2), http://rulewerk.semantic-web.org/normalForm/isSubClass(?I) >>>
21:08:10 [INFO] Execution step: Body
21:08:10 [INFO] Trie does not contain any elements
21:08:10 [INFO] Execution step: Duplicate Elimination (Datalog)
21:08:10 [INFO] Trie does not contain any elements
21:08:10 [INFO] Rule duration: 2 ms
21:08:10 [INFO] <<< STEP 340: APPLYING RULE 6 http://rulewerk.semantic-web.org/inferred/ex(?E, ?R, ?C) :- http://rulewerk.semantic-web.org/inferred/subClassOf(?E, ?Y), http://rulewerk.semantic-web.org/normalForm/exists(?Y, ?R, ?C) >>>
21:08:10 [INFO] Execution step: Body
21:08:10 [INFO] Saved temporary table: 15 entries (10780)
21:08:10 [INFO] Execution step: Duplicate Elimination (Datalog)
21:08:10 [INFO] Saved permanent table http://rulewerk.semantic-web.org/inferred/ex (340) Permutation { idx_to_val: [], val_to_idx: [] } with 15 entries (10828)
21:08:10 [INFO] Rule duration: 0 ms
21:08:10 [INFO] <<< STEP 341: APPLYING RULE 7 http://rulewerk.semantic-web.org/inferred/subClassOf(?E, ?Y) :- http://rulewerk.semantic-web.org/inferred/ex(?E, ?R, ?C), http://rulewerk.semantic-web.org/inferred/subClassOf(?C, ?D), http://rulewerk.semantic-web.org/normalForm/subProp(?R, ?S), http://rulewerk.semantic-web.org/normalForm/exists(?Y, ?S, ?D), http://rulewerk.semantic-web.org/normalForm/isSubClass(?Y) >>>
21:08:10 [INFO] Execution step: Body
21:08:10 [INFO] Saved temporary table: 15 entries (7120)
21:08:10 [INFO] Execution step: Duplicate Elimination (Datalog)
21:08:10 [INFO] Trie does not contain any elements
21:08:10 [INFO] Rule duration: 1 ms
21:08:10 [INFO] <<< STEP 342: APPLYING RULE 8 http://rulewerk.semantic-web.org/inferred/ex(?E, ?S, ?D) :- http://rulewerk.semantic-web.org/inferred/ex(?E, ?R1, ?C), http://rulewerk.semantic-web.org/inferred/ex(?C, ?R2, ?D), http://rulewerk.semantic-web.org/normalForm/subProp(?R1, ?S1), http://rulewerk.semantic-web.org/normalForm/subProp(?R2, ?S2), http://rulewerk.semantic-web.org/normalForm/subPropChain(?S1, ?S2, ?S) >>>
21:08:10 [INFO] Execution step: Body
21:08:10 [INFO] Trie does not contain any elements
21:08:10 [INFO] Execution step: Duplicate Elimination (Datalog)
21:08:10 [INFO] Trie does not contain any elements
21:08:10 [INFO] Rule duration: 0 ms
21:08:10 [INFO] <<< STEP 343: APPLYING RULE 9 http://rulewerk.semantic-web.org/inferred/subClassOf(?C, ?E) :- http://rulewerk.semantic-web.org/inferred/subClassOf(?C, ?D), http://rulewerk.semantic-web.org/normalForm/subClassOf(?D, ?E) >>>
21:08:10 [INFO] Execution step: Body
21:08:10 [INFO] Saved temporary table: 5 entries (7080)
21:08:10 [INFO] Execution step: Duplicate Elimination (Datalog)
21:08:10 [INFO] Saved permanent table http://rulewerk.semantic-web.org/inferred/subClassOf (343) Permutation { idx_to_val: [], val_to_idx: [] } with 5 entries (7128)
21:08:10 [INFO] Rule duration: 0 ms
21:08:10 [INFO] <<< STEP 344: APPLYING RULE 9 http://rulewerk.semantic-web.org/inferred/subClassOf(?C, ?E) :- http://rulewerk.semantic-web.org/inferred/subClassOf(?C, ?D), http://rulewerk.semantic-web.org/normalForm/subClassOf(?D, ?E) >>>
21:08:10 [INFO] Execution step: Body
21:08:10 [INFO] Saved temporary table: 5 entries (7080)
21:08:10 [INFO] Execution step: Duplicate Elimination (Datalog)
21:08:10 [INFO] Trie does not contain any elements
21:08:10 [INFO] Rule duration: 0 ms
21:08:10 [INFO] <<< STEP 345: APPLYING RULE 10 http://rulewerk.semantic-web.org/inferred/subClassOf(?E, "<http://www.w3.org/2002/07/owl#Nothing>") :- http://rulewerk.semantic-web.org/inferred/ex(?E, ?R, ?C), http://rulewerk.semantic-web.org/inferred/subClassOf(?C, ?_BODY_1), Equal(?_BODY_1, "<http://www.w3.org/2002/07/owl#Nothing>") >>>
21:08:10 [INFO] Execution step: Body
21:08:10 [INFO] Trie does not contain any elements
21:08:10 [INFO] Execution step: Duplicate Elimination (Datalog)
21:08:10 [INFO] Trie does not contain any elements
21:08:10 [INFO] Rule duration: 0 ms
21:08:10 [INFO] <<< STEP 346: APPLYING RULE 1 http://rulewerk.semantic-web.org/inferred/init(?C) :- http://rulewerk.semantic-web.org/inferred/ex(?E, ?R, ?C) >>>
21:08:10 [INFO] Execution step: Body
21:08:10 [INFO] Saved temporary table: 3 entries (3412)
21:08:10 [INFO] Execution step: Duplicate Elimination (Datalog)
21:08:10 [INFO] Trie does not contain any elements
21:08:10 [INFO] Rule duration: 0 ms
21:08:10 [INFO] <<< STEP 347: APPLYING RULE 2 http://rulewerk.semantic-web.org/inferred/subClassOf(?C, ?C) :- http://rulewerk.semantic-web.org/inferred/init(?C) >>>
21:08:10 [INFO] Execution step: Body
21:08:10 [INFO] Trie does not contain any elements
21:08:10 [INFO] Execution step: Duplicate Elimination (Datalog)
21:08:10 [INFO] Trie does not contain any elements
21:08:10 [INFO] Rule duration: 0 ms
21:08:10 [INFO] <<< STEP 348: APPLYING RULE 4 http://rulewerk.semantic-web.org/inferred/subClassOf(?C, ?D1), http://rulewerk.semantic-web.org/inferred/subClassOf(?C, ?D2) :- http://rulewerk.semantic-web.org/inferred/subClassOf(?C, ?Y), http://rulewerk.semantic-web.org/normalForm/conj(?Y, ?D1, ?D2) >>>
21:08:10 [INFO] Execution step: Body
21:08:10 [INFO] Saved temporary table: 15 entries (7120)
21:08:10 [INFO] Saved temporary table: 10 entries (7100)
21:08:10 [INFO] Execution step: Duplicate Elimination (Datalog)
21:08:10 [INFO] Trie does not contain any elements
21:08:10 [INFO] Rule duration: 1 ms
21:08:10 [INFO] <<< STEP 349: APPLYING RULE 5 http://rulewerk.semantic-web.org/inferred/subClassOf(?C, ?I) :- http://rulewerk.semantic-web.org/inferred/subClassOf(?C, ?D1), http://rulewerk.semantic-web.org/inferred/subClassOf(?C, ?D2), http://rulewerk.semantic-web.org/normalForm/conj(?I, ?D1, ?D2), http://rulewerk.semantic-web.org/normalForm/isSubClass(?I) >>>
21:08:10 [INFO] Execution step: Body
21:08:10 [INFO] Trie does not contain any elements
21:08:10 [INFO] Execution step: Duplicate Elimination (Datalog)
21:08:10 [INFO] Trie does not contain any elements
21:08:10 [INFO] Rule duration: 2 ms
21:08:10 [INFO] <<< STEP 350: APPLYING RULE 6 http://rulewerk.semantic-web.org/inferred/ex(?E, ?R, ?C) :- http://rulewerk.semantic-web.org/inferred/subClassOf(?E, ?Y), http://rulewerk.semantic-web.org/normalForm/exists(?Y, ?R, ?C) >>>
21:08:10 [INFO] Execution step: Body
21:08:10 [INFO] Trie does not contain any elements
21:08:10 [INFO] Execution step: Duplicate Elimination (Datalog)
21:08:10 [INFO] Trie does not contain any elements
21:08:10 [INFO] Rule duration: 0 ms
21:08:10 [INFO] <<< STEP 351: APPLYING RULE 7 http://rulewerk.semantic-web.org/inferred/subClassOf(?E, ?Y) :- http://rulewerk.semantic-web.org/inferred/ex(?E, ?R, ?C), http://rulewerk.semantic-web.org/inferred/subClassOf(?C, ?D), http://rulewerk.semantic-web.org/normalForm/subProp(?R, ?S), http://rulewerk.semantic-web.org/normalForm/exists(?Y, ?S, ?D), http://rulewerk.semantic-web.org/normalForm/isSubClass(?Y) >>>
21:08:10 [INFO] Execution step: Body
21:08:10 [INFO] Trie does not contain any elements
21:08:10 [INFO] Execution step: Duplicate Elimination (Datalog)
21:08:10 [INFO] Trie does not contain any elements
21:08:10 [INFO] Rule duration: 1 ms
21:08:10 [INFO] <<< STEP 352: APPLYING RULE 8 http://rulewerk.semantic-web.org/inferred/ex(?E, ?S, ?D) :- http://rulewerk.semantic-web.org/inferred/ex(?E, ?R1, ?C), http://rulewerk.semantic-web.org/inferred/ex(?C, ?R2, ?D), http://rulewerk.semantic-web.org/normalForm/subProp(?R1, ?S1), http://rulewerk.semantic-web.org/normalForm/subProp(?R2, ?S2), http://rulewerk.semantic-web.org/normalForm/subPropChain(?S1, ?S2, ?S) >>>
21:08:10 [INFO] Execution step: Body
21:08:10 [INFO] Trie does not contain any elements
21:08:10 [INFO] Execution step: Duplicate Elimination (Datalog)
21:08:10 [INFO] Trie does not contain any elements
21:08:10 [INFO] Rule duration: 0 ms
21:08:10 [INFO] <<< STEP 353: APPLYING RULE 17 R_21(?X_2, ?X_6, ?X_3, ?X_5, "<http://www.w3.org/2002/07/owl#Nothing>", ?X_6) :- R_31(?X_2, ?X_6, ?X_3, ?X_5, ?_BODY_1, ?_BODY_2), Equal(?_BODY_1, "<http://www.w3.org/2002/07/owl#Nothing>"), Equal(?_BODY_2, ?X_6) >>>
21:08:10 [INFO] Execution step: Body
21:08:10 [INFO] Trie does not contain any elements
21:08:10 [INFO] Execution step: Duplicate Elimination (Datalog)
21:08:10 [INFO] Trie does not contain any elements
21:08:10 [INFO] Rule duration: 0 ms
21:08:10 [INFO] <<< STEP 354: APPLYING RULE 20 R_31(?X_1, ?X_1, "<http://www.w3.org/2002/07/owl#Nothing>", ?X_3, ?X_5, ?X_2) :- R_21(?X_1, ?_BODY_1, ?_BODY_2, ?X_3, ?X_5, ?X_2), Equal(?_BODY_1, ?X_1), Equal(?_BODY_2, "<http://www.w3.org/2002/07/owl#Nothing>") >>>
21:08:10 [INFO] Execution step: Body
21:08:10 [INFO] Trie does not contain any elements
21:08:10 [INFO] Execution step: Duplicate Elimination (Datalog)
21:08:10 [INFO] Trie does not contain any elements
21:08:10 [INFO] Rule duration: 0 ms
21:08:10 [INFO] <<< STEP 355: APPLYING RULE 12 R_3(?X_3, "<http://www.w3.org/2002/07/owl#Nothing>", ?X_5, ?X_3, ?X_6, ?X_2) :- R_22(?X_3, ?_BODY_1, ?X_5, ?_BODY_2, ?X_6, ?X_2), Equal(?_BODY_1, "<http://www.w3.org/2002/07/owl#Nothing>"), Equal(?_BODY_2, ?X_3) >>>
21:08:10 [INFO] Execution step: Body
21:08:10 [INFO] Trie does not contain any elements
21:08:10 [INFO] Execution step: Duplicate Elimination (Datalog)
21:08:10 [INFO] Trie does not contain any elements
21:08:10 [INFO] Rule duration: 0 ms
21:08:10 [INFO] <<< STEP 356: APPLYING RULE 13 R_5(?X_5, "<http://www.w3.org/2002/07/owl#Nothing>", ?X_2, ?X_4, ?X_1) :- R_30(?X_5, ?_BODY_1, ?X_2, ?X_4, ?X_1, ?_BODY_2), Equal(?_BODY_1, "<http://www.w3.org/2002/07/owl#Nothing>"), Equal(?_BODY_2, "<http://www.w3.org/2002/07/owl#Nothing>") >>>
21:08:10 [INFO] Execution step: Body
21:08:10 [INFO] Trie does not contain any elements
21:08:10 [INFO] Execution step: Duplicate Elimination (Datalog)
21:08:10 [INFO] Trie does not contain any elements
21:08:10 [INFO] Rule duration: 0 ms
21:08:10 [INFO] <<< STEP 357: APPLYING RULE 15 R_9("<http://www.w3.org/2002/07/owl#Nothing>", ?X_2, ?X_3) :- R_5(?_BODY_1, ?X_2, ?_BODY_2, ?_BODY_3, ?X_3), Equal(?_BODY_1, "<http://www.w3.org/2002/07/owl#Nothing>"), Equal(?_BODY_2, "<http://www.w3.org/2002/07/owl#Nothing>"), Equal(?_BODY_3, "<http://www.w3.org/2002/07/owl#Nothing>") >>>
21:08:10 [INFO] Execution step: Body
21:08:10 [INFO] Trie does not contain any elements
21:08:10 [INFO] Execution step: Duplicate Elimination (Datalog)
21:08:10 [INFO] Trie does not contain any elements
21:08:10 [INFO] Rule duration: 0 ms
21:08:10 [INFO] <<< STEP 358: APPLYING RULE 18 R_22(?X_5, ?X_4, ?X_2, "<http://www.w3.org/2002/07/owl#Nothing>", ?X_4, ?X_1) :- R_2(?X_5, ?X_4, ?X_2, ?_BODY_1, ?_BODY_2), R_2(?X_4, ?_BODY_3, ?_BODY_4, ?X_1, ?_BODY_5), Equal(?_BODY_1, ?X_2), Equal(?_BODY_2, ?X_4), Equal(?_BODY_3, "<http://www.w3.org/2002/07/owl#Nothing>"), Equal(?_BODY_4, "<http://www.w3.org/2002/07/owl#Nothing>"), Equal(?_BODY_5, "<http://www.w3.org/2002/07/owl#Nothing>") >>>
21:08:10 [INFO] Execution step: Body
21:08:10 [INFO] Trie does not contain any elements
21:08:10 [INFO] Execution step: Duplicate Elimination (Datalog)
21:08:10 [INFO] Trie does not contain any elements
21:08:10 [INFO] Rule duration: 0 ms
21:08:10 [INFO] <<< STEP 359: APPLYING RULE 25 R_2(?X_5, "<http://www.w3.org/2002/07/owl#Nothing>", ?X_2, ?X_1, ?X_4) :- http://rulewerk.semantic-web.org/inferred/init(?X_5), http://rulewerk.semantic-web.org/inferred/init(?_BODY_1), http://rulewerk.semantic-web.org/inferred/init(?X_2), http://rulewerk.semantic-web.org/inferred/init(?X_1), http://rulewerk.semantic-web.org/inferred/init(?X_4), http://rulewerk.semantic-web.org/normalForm/subProp(?X_2, ?Z_3), R_9(?X_5, ?X_1, ?_BODY_2), Equal(?_BODY_1, "<http://www.w3.org/2002/07/owl#Nothing>"), Equal(?_BODY_2, ?X_1) >>>
21:08:10 [INFO] Execution step: Body
21:08:10 [INFO] Trie does not contain any elements
21:08:10 [INFO] Execution step: Duplicate Elimination (Datalog)
21:08:10 [INFO] Trie does not contain any elements
21:08:10 [INFO] Rule duration: 0 ms
21:08:10 [INFO] <<< STEP 360: APPLYING RULE 27 R_24("<http://www.w3.org/2002/07/owl#Nothing>", ?X_2, ?X_1, ?X_3) :- R_3(?_BODY_1, ?X_2, ?X_1, ?_BODY_2, ?_BODY_3, ?X_3), R_19(?_BODY_4, ?Z_2, ?X_3, ?X_1, ?Z_1), Equal(?_BODY_1, "<http://www.w3.org/2002/07/owl#Nothing>"), Equal(?_BODY_2, "<http://www.w3.org/2002/07/owl#Nothing>"), Equal(?_BODY_3, "<http://www.w3.org/2002/07/owl#Nothing>"), Equal(?_BODY_4, "<http://www.w3.org/2002/07/owl#Nothing>") >>>
21:08:10 [INFO] Execution step: Body
21:08:10 [INFO] Trie does not contain any elements
21:08:10 [INFO] Execution step: Duplicate Elimination (Datalog)
21:08:10 [INFO] Trie does not contain any elements
21:08:10 [INFO] Rule duration: 0 ms
21:08:10 [INFO] <<< STEP 361: APPLYING RULE 28 R_19(?X_1, ?X_1, "<http://www.w3.org/2002/07/owl#Nothing>", ?X_3, ?X_4) :- R_2(?X_1, ?_BODY_1, ?_BODY_2, ?X_3, ?X_4), http://rulewerk.semantic-web.org/normalForm/isMainClass(?X_4), R_21(?X_3, ?Z_2, ?Z_3, ?X_4, ?Z_1, ?X_1), Equal(?_BODY_1, ?X_1), Equal(?_BODY_2, "<http://www.w3.org/2002/07/owl#Nothing>") >>>
21:08:10 [INFO] Execution step: Body
21:08:10 [INFO] Trie does not contain any elements
21:08:10 [INFO] Execution step: Duplicate Elimination (Datalog)
21:08:10 [INFO] Trie does not contain any elements
21:08:10 [INFO] Rule duration: 0 ms
21:08:10 [INFO] <<< STEP 362: APPLYING RULE 29 R_30(?X_4, ?X_1, ?X_5, ?X_3, ?X_4, ?X_2) :- http://rulewerk.semantic-web.org/normalForm/subPropChain(?X_4, ?X_1, ?X_5), http://rulewerk.semantic-web.org/normalForm/subPropChain(?X_3, ?X_4, ?X_2), R_24(?X_5, ?X_4, ?Z_3, ?X_3) >>>
21:08:10 [INFO] Execution step: Body
21:08:10 [INFO] Trie does not contain any elements
21:08:10 [INFO] Execution step: Duplicate Elimination (Datalog)
21:08:10 [INFO] Trie does not contain any elements
21:08:10 [INFO] Rule duration: 0 ms
21:08:10 [INFO] <<< STEP 363: APPLYING RULE 19 R_26(?X_3, ?X_1, ?X_4, ?X_1) :- http://rulewerk.semantic-web.org/normalForm/isSubClass(?X_3), http://rulewerk.semantic-web.org/normalForm/isSubClass(?X_1), http://rulewerk.semantic-web.org/normalForm/isSubClass(?X_4), http://rulewerk.semantic-web.org/normalForm/isSubClass(?X_1) >>>
21:08:10 [INFO] Loading source SimpleTable { arity: 4, data: [AnyDataValue(UnsignedLong(UnsignedLongDataValue(10147568061029795623))), AnyDataValue(UnsignedLong(UnsignedLongDataValue(15111043445302490003))), AnyDataValue(Iri(IriDataValue("c_25"))), AnyDataValue(PlainString(StringDataValue("str_19")))] }
21:08:10 [INFO] Execution step: Body
