08:51:33 [INFO] ----------------------------------------------
08:51:33 [INFO] Beginning transformation mtf_CON_5500051
                Oracle:     CON          Number of T: 60
                Debug Mode: false          u64 Seed:    5500051
                Number of generating transformations: 22
                Internal Seed:          [85, 47, 121, 194, 69, 195, 228, 207, 245, 97, 217, 131, 170, 64, 104, 147, 68, 12, 238, 139, 238, 203, 110, 80, 9, 201, 42, 45, 156, 244, 155, 7]
                Seed File: Currently not supported!
08:51:33 [INFO] ----------------------------------------------
08:51:33 [INFO] -------------- Reading Seed File: ------------
08:51:33 [INFO] "/home/leo_repp/masterthesis/nemo/nemo-metamorphic-testing/examples/owl-el/from-preprocessed-csv/el-calc.rls"
08:51:33 [INFO] Renaming of rules complete
08:51:33 [INFO] --------- Finished Reading Seed file ---------
08:51:33 [INFO] ----------------------------------------------
08:51:33 [INFO] 
08:51:33 [INFO] ----------------------------------------------
08:51:33 [INFO] -------- Beginning Program Generation --------
08:51:33 [INFO] ----------------------------------------------
08:51:33 [INFO] 
08:51:33 [INFO] Removing old export statements
08:51:33 [INFO] Beginning inverse_stratum and ancestry computation starting at node R_OUT
08:51:33 [INFO] Ancestry and Inverse Stratum computation complete.
08:51:33 [INFO] Constructed lite ADG
08:51:33 [INFO] Generating Program...
08:51:33 [INFO] 
08:51:33 [INFO] 1 / 21
08:51:33 [INFO]   I Add Relational Node
08:51:33 [INFO]   Added new relation R_1
08:51:33 [INFO] 2 / 21
08:51:33 [INFO]   I Add Relational Node
08:51:33 [INFO]   Added new relation R_2
08:51:33 [INFO] 3 / 21
08:51:33 [INFO]   I Add Relational Node
08:51:33 [INFO]   Added new relation R_3
08:51:33 [INFO] 4 / 21
08:51:33 [INFO]   I Add Relational Node
08:51:33 [INFO]   Added new relation R_4
08:51:33 [INFO] 5 / 21
08:51:33 [INFO]   I Add Relational Node
08:51:33 [INFO]   Added new relation R_5
08:51:33 [INFO] 6 / 21
08:51:33 [INFO]   I Add Relational Node
08:51:33 [INFO]   Added new relation R_6
08:51:33 [INFO] 7 / 21
08:51:33 [INFO]   I Add Relational Node
08:51:33 [INFO]   Added new relation R_7
08:51:33 [INFO] 8 / 21
08:51:33 [INFO]   I Add Relational Node
08:51:33 [INFO]   Added new relation R_8
08:51:33 [INFO] 9 / 21
08:51:33 [INFO]   I Add Relational Node
08:51:33 [INFO]   Added new relation R_9
08:51:33 [INFO] 10 / 21
08:51:33 [INFO]   I Add Relational Node
08:51:33 [INFO]   Added new relation R_10
08:51:33 [INFO] 11 / 21
08:51:33 [INFO]   I Add Relational Node
08:51:33 [INFO]   Added new relation R_11
08:51:33 [INFO] 12 / 21
08:51:33 [INFO]   I Add Relational Node
08:51:33 [INFO]   Added new relation R_12
08:51:33 [INFO] 13 / 21
08:51:33 [INFO]   I Add Relational Node
08:51:33 [INFO]   Added new relation R_13
08:51:33 [INFO] 14 / 21
08:51:33 [INFO]   I Add Relational Node
08:51:33 [INFO]   Added new relation R_14
08:51:33 [INFO] 15 / 21
08:51:33 [INFO]   I Add Relational Node
08:51:33 [INFO]   Added new relation R_15
08:51:33 [INFO] 16 / 21
08:51:33 [INFO]   I Add Relational Node
08:51:33 [INFO]   Added new relation R_16
08:51:33 [INFO] 17 / 21
08:51:33 [INFO]   I Add Relational Node
08:51:33 [INFO]   Added new relation R_17
08:51:33 [INFO] 18 / 21
08:51:33 [INFO]   I Add Relational Node
08:51:33 [INFO]   Added new relation R_18
08:51:33 [INFO] 19 / 21
08:51:33 [INFO]   I Add Relational Node
08:51:33 [INFO]   Added new relation R_19
08:51:33 [INFO] 20 / 21
08:51:33 [INFO]   I Add Relational Node
08:51:33 [INFO]   Added new relation R_20
08:51:33 [INFO] 21 / 21
08:51:33 [INFO]   I Add Relational Node
08:51:33 [INFO]   Added new relation R_21
08:51:33 [INFO] 
08:51:33 [INFO] Adding a new rule for each relation other than the seed relations
08:51:33 [INFO] 
08:51:33 [INFO] 1 / 22
08:51:33 [INFO]   Generating new single body literal rule for R_OUT
08:51:33 [INFO]   Assigned relation R_OUT the artiy 3
08:51:33 [INFO]   Assigned relation R_3 the artiy 5
08:51:33 [INFO]   Added new rule of name r_GEN_1
08:51:33 [INFO]   R_OUT(?X_1, ?X_2, ?X_3) :- R_3(?X_1, ?X_2, ?X_3, ?X_2, ?X_1) .
08:51:33 [INFO] 2 / 22
08:51:33 [INFO]   Generating new single body literal rule for R_1
08:51:33 [INFO]   Assigned relation R_1 the artiy 4
08:51:33 [INFO]   Added new rule of name r_GEN_2
08:51:33 [INFO]   R_1(?X_1, ?X_3, ?X_4, ?X_2) :- R_1(?X_1, ?X_3, ?X_4, ?X_2) .
08:51:33 [INFO] 3 / 22
08:51:33 [INFO]   Generating new single body literal rule for R_2
08:51:33 [INFO]   Assigned relation R_2 the artiy 4
08:51:33 [INFO]   Assigned relation R_8 the artiy 4
08:51:33 [INFO]   Added new rule of name r_GEN_3
08:51:33 [INFO]   R_2(?X_3, ?X_2, "<http://www.w3.org/2002/07/owl#Nothing>", ?X_1) :- R_8(?X_3, ?X_2, "<http://www.w3.org/2002/07/owl#Nothing>", ?X_1) .
08:51:33 [INFO] 4 / 22
08:51:33 [INFO]   Generating new single body literal rule for R_3
08:51:33 [INFO]   Added new rule of name r_GEN_4
08:51:33 [INFO]   R_3(?X_2, ?X_5, ?X_3, ?X_1, ?X_4) :- http://rulewerk.semantic-web.org/normalForm/isMainClass(?X_2), http://rulewerk.semantic-web.org/normalForm/isMainClass(?X_5), http://rulewerk.semantic-web.org/normalForm/isMainClass(?X_3), http://rulewerk.semantic-web.org/normalForm/isMainClass(?X_1), http://rulewerk.semantic-web.org/normalForm/isMainClass(?X_4) .
08:51:33 [INFO] 5 / 22
08:51:33 [INFO]   Generating new single body literal rule for R_4
08:51:33 [INFO]   Assigned relation R_4 the artiy 6
08:51:33 [INFO]   Assigned relation R_17 the artiy 6
08:51:33 [INFO]   Added new rule of name r_GEN_5
08:51:33 [INFO]   R_4(?X_4, ?X_6, ?X_1, ?X_5, ?X_3, ?X_2) :- R_17(?X_4, ?X_6, ?X_1, ?X_5, ?X_3, ?X_2) .
08:51:33 [INFO] 6 / 22
08:51:33 [INFO]   Generating new single body literal rule for R_5
08:51:33 [INFO]   Assigned relation R_5 the artiy 6
08:51:33 [INFO]   Added new rule of name r_GEN_6
08:51:33 [INFO]   R_5(?X_2, ?X_3, ?X_5, ?X_4, "<http://www.w3.org/2002/07/owl#Nothing>", ?X_1) :- R_4(?X_2, ?X_3, ?X_5, ?X_4, "<http://www.w3.org/2002/07/owl#Nothing>", ?X_1) .
08:51:33 [INFO] 7 / 22
08:51:33 [INFO]   Generating new single body literal rule for R_6
08:51:33 [INFO]   Assigned relation R_6 the artiy 5
08:51:33 [INFO]   Added new rule of name r_GEN_7
08:51:33 [INFO]   R_6(?X_1, ?X_2, ?X_4, ?X_3, ?X_5) :- http://rulewerk.semantic-web.org/normalForm/subClassOf(?X_1, ?X_2), http://rulewerk.semantic-web.org/normalForm/subClassOf(?X_4, ?X_3), http://rulewerk.semantic-web.org/normalForm/subClassOf(?Y_1, ?X_5) .
08:51:33 [INFO] 8 / 22
08:51:33 [INFO]   Generating new single body literal rule for R_7
08:51:33 [INFO]   Assigned relation R_7 the artiy 6
08:51:33 [INFO]   Added new rule of name r_GEN_8
08:51:33 [INFO]   R_7(?X_5, "<http://www.w3.org/2002/07/owl#Nothing>", ?X_2, ?X_5, ?X_4, ?X_6) :- http://rulewerk.semantic-web.org/normalForm/exists(?X_5, "<http://www.w3.org/2002/07/owl#Nothing>", ?X_2), http://rulewerk.semantic-web.org/normalForm/exists(?X_5, ?X_4, ?X_6) .
08:51:33 [INFO] 9 / 22
08:51:33 [INFO]   Generating new single body literal rule for R_8
08:51:33 [INFO]   Added new rule of name r_GEN_9
08:51:33 [INFO]   R_8("<http://www.w3.org/2002/07/owl#Nothing>", ?X_2, ?X_4, ?X_4) :- R_2("<http://www.w3.org/2002/07/owl#Nothing>", ?X_2, ?X_4, ?X_4) .
08:51:33 [INFO] 10 / 22
08:51:33 [INFO]   Generating new single body literal rule for R_9
08:51:33 [INFO]   Assigned relation R_9 the artiy 4
08:51:33 [INFO]   Added new rule of name r_GEN_10
08:51:33 [INFO]   R_9(?X_2, ?X_1, ?X_3, ?X_4) :- http://rulewerk.semantic-web.org/inferred/ex(?X_2, ?X_1, ?X_3), http://rulewerk.semantic-web.org/inferred/ex(?Y_1, ?X_2, ?X_4) .
08:51:33 [INFO] 11 / 22
08:51:33 [INFO]   Generating new single body literal rule for R_10
08:51:33 [INFO]   Assigned relation R_10 the artiy 1
08:51:33 [INFO]   Assigned relation R_15 the artiy 1
08:51:33 [INFO]   Added new rule of name r_GEN_11
08:51:33 [INFO]   R_10("<http://www.w3.org/2002/07/owl#Nothing>") :- R_15("<http://www.w3.org/2002/07/owl#Nothing>") .
08:51:33 [INFO] 12 / 22
08:51:33 [INFO]   Generating new single body literal rule for R_11
08:51:33 [INFO]   Assigned relation R_11 the artiy 3
08:51:33 [INFO]   Added new rule of name r_GEN_12
08:51:33 [INFO]   R_11(?X_1, "<http://www.w3.org/2002/07/owl#Nothing>", ?X_2) :- http://rulewerk.semantic-web.org/normalForm/isMainClass(?X_1), http://rulewerk.semantic-web.org/normalForm/isMainClass("<http://www.w3.org/2002/07/owl#Nothing>"), http://rulewerk.semantic-web.org/normalForm/isMainClass(?X_2) .
08:51:33 [INFO] 13 / 22
08:51:33 [INFO]   Generating new single body literal rule for R_12
08:51:33 [INFO]   Assigned relation R_12 the artiy 5
08:51:33 [INFO]   Added new rule of name r_GEN_13
08:51:33 [INFO]   R_12("<http://www.w3.org/2002/07/owl#Nothing>", ?X_2, ?X_4, ?X_3, ?X_1) :- R_11("<http://www.w3.org/2002/07/owl#Nothing>", "<http://www.w3.org/2002/07/owl#Nothing>", ?X_4), R_11(?X_3, ?X_1, ?X_2) .
08:51:33 [INFO] 14 / 22
08:51:33 [INFO]   Generating new single body literal rule for R_13
08:51:33 [INFO]   Assigned relation R_13 the artiy 2
08:51:33 [INFO]   Added new rule of name r_GEN_14
08:51:33 [INFO]   R_13(?X_1, ?X_2) :- http://rulewerk.semantic-web.org/normalForm/conj(?X_2, ?X_2, ?X_1) .
08:51:33 [INFO] 15 / 22
08:51:33 [INFO]   Generating new single body literal rule for R_14
08:51:33 [INFO]   Assigned relation R_14 the artiy 1
08:51:33 [INFO]   Added new rule of name r_GEN_15
08:51:33 [INFO]   R_14("<http://www.w3.org/2002/07/owl#Nothing>") :- R_5(?Y_1, ?Y_1, "<http://www.w3.org/2002/07/owl#Nothing>", "<http://www.w3.org/2002/07/owl#Nothing>", ?Y_1, "<http://www.w3.org/2002/07/owl#Nothing>") .
08:51:33 [INFO] 16 / 22
08:51:33 [INFO]   Generating new single body literal rule for R_15
08:51:33 [INFO]   Added new rule of name r_GEN_16
08:51:33 [INFO]   R_15(?X_1) :- R_14(?X_1) .
08:51:33 [INFO] 17 / 22
08:51:33 [INFO]   Generating new single body literal rule for R_16
08:51:33 [INFO]   Assigned relation R_16 the artiy 2
08:51:33 [INFO]   Added new rule of name r_GEN_17
08:51:33 [INFO]   R_16("<http://www.w3.org/2002/07/owl#Nothing>", ?X_1) :- http://rulewerk.semantic-web.org/normalForm/subPropChain(?X_1, ?X_1, "<http://www.w3.org/2002/07/owl#Nothing>") .
08:51:33 [INFO] 18 / 22
08:51:33 [INFO]   Generating new single body literal rule for R_17
08:51:33 [INFO]   Added new rule of name r_GEN_18
08:51:33 [INFO]   R_17(?X_5, ?X_3, ?X_4, ?X_2, ?X_2, "<http://www.w3.org/2002/07/owl#Nothing>") :- R_8(?X_5, ?X_3, ?X_2, ?X_2), R_8(?Y_2, "<http://www.w3.org/2002/07/owl#Nothing>", ?X_4, ?X_2) .
08:51:33 [INFO] 19 / 22
08:51:33 [INFO]   Generating new single body literal rule for R_18
08:51:33 [INFO]   Assigned relation R_18 the artiy 1
08:51:33 [INFO]   Added new rule of name r_GEN_19
08:51:33 [INFO]   R_18("<http://www.w3.org/2002/07/owl#Nothing>") :- R_8(?Y_1, "<http://www.w3.org/2002/07/owl#Nothing>", ?Y_1, "<http://www.w3.org/2002/07/owl#Nothing>") .
08:51:33 [INFO] 20 / 22
08:51:33 [INFO]   Generating new single body literal rule for R_19
08:51:33 [INFO]   Assigned relation R_19 the artiy 6
08:51:33 [INFO]   Added new rule of name r_GEN_20
08:51:33 [INFO]   R_19(?X_1, "<http://www.w3.org/2002/07/owl#Nothing>", ?X_2, ?X_5, ?X_4, ?X_6) :- http://rulewerk.semantic-web.org/normalForm/subProp(?X_1, "<http://www.w3.org/2002/07/owl#Nothing>"), http://rulewerk.semantic-web.org/normalForm/subProp(?X_2, ?X_5), http://rulewerk.semantic-web.org/normalForm/subProp(?X_4, ?X_6) .
08:51:33 [INFO] 21 / 22
08:51:33 [INFO]   Generating new single body literal rule for R_20
08:51:33 [INFO]   Assigned relation R_20 the artiy 3
08:51:33 [INFO]   Added new rule of name r_GEN_21
08:51:33 [INFO]   R_20(?X_3, ?X_2, "<http://www.w3.org/2002/07/owl#Nothing>") :- http://rulewerk.semantic-web.org/normalForm/subClassOf(?X_3, ?X_2), http://rulewerk.semantic-web.org/normalForm/subClassOf(?X_3, "<http://www.w3.org/2002/07/owl#Nothing>") .
08:51:33 [INFO] 22 / 22
08:51:33 [INFO]   Generating new single body literal rule for R_21
08:51:33 [INFO]   Assigned relation R_21 the artiy 5
08:51:33 [INFO]   Added new rule of name r_GEN_22
08:51:33 [INFO]   R_21(?X_5, "<http://www.w3.org/2002/07/owl#Nothing>", ?X_1, ?X_4, ?X_2) :- R_14(?X_5), R_14("<http://www.w3.org/2002/07/owl#Nothing>"), R_14(?X_1), R_14(?X_4), R_14(?X_2) .
08:51:33 [INFO] 
08:51:33 [INFO] Adding a outgoing relational edge for each relation other than R_OUT
08:51:33 [INFO] 
08:51:33 [INFO] 1 / 32
08:51:33 [INFO]   Adding outgoing relational edge from http://rulewerk.semantic-web.org/inferred/ex for r_GEN_3
08:51:33 [INFO]   Generated literal http://rulewerk.semantic-web.org/inferred/ex(?Z_2, ?X_1, ?X_2) for rule r_GEN_3
08:51:33 [INFO] 2 / 32
08:51:33 [INFO]   Adding outgoing relational edge from http://rulewerk.semantic-web.org/inferred/init for r_GEN_5
08:51:33 [INFO]   Generated literal http://rulewerk.semantic-web.org/inferred/init(?Z_3) for rule r_GEN_5
08:51:33 [INFO] 3 / 32
08:51:33 [INFO]   Adding outgoing relational edge from http://rulewerk.semantic-web.org/inferred/subClassOf for r_GEN_10
08:51:33 [INFO]   Generated literal http://rulewerk.semantic-web.org/inferred/subClassOf(?X_2, ?Y_1) for rule r_GEN_10
08:51:33 [INFO] 4 / 32
08:51:33 [INFO]   Adding outgoing relational edge from http://rulewerk.semantic-web.org/normalForm/conj for r_GEN_6
08:51:33 [INFO]   Generated literal http://rulewerk.semantic-web.org/normalForm/conj(?Z_4, ?X_1, ?X_5) for rule r_GEN_6
08:51:33 [INFO] 5 / 32
08:51:33 [INFO]   Adding outgoing relational edge from http://rulewerk.semantic-web.org/normalForm/exists for r_GEN_22
08:51:33 [INFO]   Generated literal http://rulewerk.semantic-web.org/normalForm/exists(?X_4, ?X_5, ?Z_1) for rule r_GEN_22
08:51:33 [INFO] 6 / 32
08:51:33 [INFO]   Adding outgoing relational edge from http://rulewerk.semantic-web.org/normalForm/isMainClass for r_GEN_14
08:51:33 [INFO]   Generated literal http://rulewerk.semantic-web.org/normalForm/isMainClass(?X_2) for rule r_GEN_14
08:51:33 [INFO] 7 / 32
08:51:33 [INFO]   Adding outgoing relational edge from http://rulewerk.semantic-web.org/normalForm/isSubClass for r_GEN_21
08:51:33 [INFO]   Generated literal http://rulewerk.semantic-web.org/normalForm/isSubClass(?X_2) for rule r_GEN_21
08:51:33 [INFO] 8 / 32
08:51:33 [INFO]   Adding outgoing relational edge from http://rulewerk.semantic-web.org/normalForm/subClassOf for r_GEN_16
08:51:33 [INFO]   Generated literal http://rulewerk.semantic-web.org/normalForm/subClassOf("<http://www.w3.org/2002/07/owl#Nothing>", ?Z_1) for rule r_GEN_16
08:51:33 [INFO] 9 / 32
08:51:33 [INFO]   Adding outgoing relational edge from http://rulewerk.semantic-web.org/normalForm/subProp for r_GEN_19
08:51:33 [INFO]   Generated literal http://rulewerk.semantic-web.org/normalForm/subProp(?Y_1, ?Y_1) for rule r_GEN_19
08:51:33 [INFO] 10 / 32
08:51:33 [INFO]   Adding outgoing relational edge from http://rulewerk.semantic-web.org/normalForm/subPropChain for r_GEN_4
08:51:33 [INFO]   Generated literal http://rulewerk.semantic-web.org/normalForm/subPropChain(?Z_4, ?X_4, ?X_3) for rule r_GEN_4
08:51:33 [INFO] 11 / 32
08:51:33 [INFO]   Adding outgoing relational edge from mainSubClassOf for r_GEN_12
08:51:33 [INFO]   Generated literal mainSubClassOf("<http://www.w3.org/2002/07/owl#Nothing>", ?Z_2) for rule r_GEN_12
08:51:33 [INFO] 12 / 32
08:51:33 [INFO]   Adding outgoing relational edge from R_1 for r_GEN_20
08:51:33 [INFO]   Generated literal R_1(?X_6, ?X_4, ?X_4, ?X_2) for rule r_GEN_20
08:51:33 [INFO] 13 / 32
08:51:33 [INFO]   Adding outgoing relational edge from R_2 for r_GEN_19
08:51:33 [INFO]   Generated literal ~R_2(?Y_1, ?Y_1, ?Y_1, ?Y_1) for rule r_GEN_19
08:51:33 [INFO] 14 / 32
08:51:33 [INFO]   Adding outgoing relational edge from R_3 for r_GEN_11
08:51:33 [INFO]   Generated literal R_3("<http://www.w3.org/2002/07/owl#Nothing>", "<http://www.w3.org/2002/07/owl#Nothing>", "<http://www.w3.org/2002/07/owl#Nothing>", "<http://www.w3.org/2002/07/owl#Nothing>", ?Z_1) for rule r_GEN_11
08:51:33 [INFO] 15 / 32
08:51:33 [INFO]   Adding outgoing relational edge from R_4 for r_GEN_6
08:51:33 [INFO]   Generated literal R_4("<http://www.w3.org/2002/07/owl#Nothing>", ?X_3, ?Z_1, ?X_3, ?X_2, ?X_1) for rule r_GEN_6
08:51:33 [INFO] 16 / 32
08:51:33 [INFO]   Adding outgoing relational edge from R_5 for r_GEN_4
08:51:33 [INFO]   Generated literal R_5(?X_4, ?X_1, ?X_4, ?Z_6, ?Z_1, ?Z_3) for rule r_GEN_4
08:51:33 [INFO] 17 / 32
08:51:33 [INFO]   Adding outgoing relational edge from R_6 for r_GEN_21
08:51:33 [INFO]   Generated literal R_6(?X_2, "<http://www.w3.org/2002/07/owl#Nothing>", ?Z_1, ?Z_2, ?X_2) for rule r_GEN_21
08:51:33 [INFO] 18 / 32
08:51:33 [INFO]   Adding outgoing relational edge from R_7 for r_GEN_5
08:51:33 [INFO]   Generated literal R_7(?X_4, ?X_1, ?X_6, ?X_2, ?Z_4, ?X_5) for rule r_GEN_5
08:51:33 [INFO] 19 / 32
08:51:33 [INFO]   Adding outgoing relational edge from R_8 for r_GEN_9
08:51:33 [INFO]   Generated literal R_8(?X_4, ?X_2, ?X_4, ?X_4) for rule r_GEN_9
08:51:33 [INFO] 20 / 32
08:51:33 [INFO]   Adding outgoing relational edge from R_9 for r_GEN_7
08:51:33 [INFO]   Generated literal R_9(?X_1, ?X_4, ?X_2, ?X_5) for rule r_GEN_7
08:51:33 [INFO] 21 / 32
08:51:33 [INFO]   Adding outgoing relational edge from R_10 for r_GEN_20
08:51:33 [INFO]   Generated literal R_10(?X_2) for rule r_GEN_20
08:51:33 [INFO] 22 / 32
08:51:33 [INFO]   Adding outgoing relational edge from R_11 for r_GEN_15
08:51:33 [INFO]   Generated literal R_11(?Y_1, ?Z_1, ?Y_1) for rule r_GEN_15
08:51:33 [INFO] 23 / 32
08:51:33 [INFO]   Adding outgoing relational edge from R_12 for r_GEN_7
08:51:33 [INFO]   Generated literal R_12(?Y_1, ?X_5, ?Z_1, ?X_3, ?Z_5) for rule r_GEN_7
08:51:33 [INFO] 24 / 32
08:51:33 [INFO]   Adding outgoing relational edge from R_13 for r_GEN_9
08:51:33 [INFO]   Generated literal R_13(?X_4, ?X_2) for rule r_GEN_9
08:51:33 [INFO] 25 / 32
08:51:33 [INFO]   Adding outgoing relational edge from R_14 for r_GEN_8
08:51:33 [INFO]   Generated literal R_14(?X_2) for rule r_GEN_8
08:51:33 [INFO] 26 / 32
08:51:33 [INFO]   Adding outgoing relational edge from R_15 for r_GEN_21
08:51:33 [INFO]   Generated literal ~R_15(?X_3) for rule r_GEN_21
08:51:33 [INFO] 27 / 32
08:51:33 [INFO]   Adding outgoing relational edge from R_16 for r_GEN_10
08:51:33 [INFO]   Generated literal R_16(?Z_3, ?Z_2) for rule r_GEN_10
08:51:33 [INFO] 28 / 32
08:51:33 [INFO]   Adding outgoing relational edge from R_17 for r_GEN_5
08:51:33 [INFO]   Generated literal R_17(?Z_6, ?X_3, ?Z_1, ?X_1, ?X_6, ?X_1) for rule r_GEN_5
08:51:33 [INFO] 29 / 32
08:51:33 [INFO]   Adding outgoing relational edge from R_18 for r_GEN_18
08:51:33 [INFO]   Generated literal R_18(?X_2) for rule r_GEN_18
08:51:33 [INFO] 30 / 32
08:51:33 [INFO]   Adding outgoing relational edge from R_19 for r_GEN_21
08:51:33 [INFO]   Generated literal ~R_19("<http://www.w3.org/2002/07/owl#Nothing>", ?X_2, ?X_2, ?X_3, ?X_2, ?Z_1) for rule r_GEN_21
08:51:33 [INFO] 31 / 32
08:51:33 [INFO]   Adding outgoing relational edge from R_20 for r_GEN_22
08:51:33 [INFO]   Generated literal ~R_20(?X_2, ?X_2, ?X_1) for rule r_GEN_22
08:51:33 [INFO] 32 / 32
08:51:33 [INFO]   Adding outgoing relational edge from R_21 for r_GEN_1
08:51:33 [INFO]   Generated literal R_21(?X_1, ?Z_1, ?X_2, ?Z_3, ?X_2) for rule r_GEN_1
08:51:33 [INFO] 
08:51:33 [INFO] Adding gen. size facts
08:51:33 [INFO] 
08:51:33 [INFO] 1 / 22
08:51:33 [INFO]   II Add Fact Node and Edge
08:51:33 [INFO]   Added new fact R_OUT("<http://www.w3.org/2002/07/owl#Nothing>", "<http://www.w3.org/2002/07/owl#Nothing>", "<http://www.w3.org/2002/07/owl#Nothing>").
08:51:33 [INFO] 2 / 22
08:51:33 [INFO]   II Add Fact Node and Edge
08:51:33 [INFO]   Added new fact R_20("<http://www.w3.org/2002/07/owl#Nothing>", c_1, "<http://www.w3.org/2002/07/owl#Nothing>").
08:51:33 [INFO] 3 / 22
08:51:33 [INFO]   II Add Fact Node and Edge
08:51:33 [INFO]   Added new fact R_9("<http://www.w3.org/2002/07/owl#Nothing>", "str_1", c_1, "<http://www.w3.org/2002/07/owl#Nothing>").
08:51:33 [INFO] 4 / 22
08:51:33 [INFO]   II Add Fact Node and Edge
08:51:33 [INFO]   Added new fact R_21(c_1, "<http://www.w3.org/2002/07/owl#Nothing>", 17325310719316645025, c_2, "<http://www.w3.org/2002/07/owl#Nothing>").
08:51:33 [INFO] 5 / 22
08:51:33 [INFO]   II Add Fact Node and Edge
08:51:33 [INFO]   Added new fact R_18(c_1).
08:51:33 [INFO] 6 / 22
08:51:33 [INFO]   II Add Fact Node and Edge
08:51:33 [INFO]   Added new fact R_6(c_3, c_4, c_4, c_2, c_5).
08:51:33 [INFO] 7 / 22
08:51:33 [INFO]   II Add Fact Node and Edge
08:51:33 [INFO]   Added new fact R_12(c_6, "<http://www.w3.org/2002/07/owl#Nothing>", c_7, c_8, "str_2").
08:51:33 [INFO] 8 / 22
08:51:33 [INFO]   II Add Fact Node and Edge
08:51:33 [INFO]   Added new fact R_20("str_3", "str_2", c_9).
08:51:33 [INFO] 9 / 22
08:51:33 [INFO]   II Add Fact Node and Edge
08:51:33 [INFO]   Added new fact R_4(c_10, "str_1", c_5, "str_4", 8874890605412104012, "str_5").
08:51:33 [INFO] 10 / 22
08:51:33 [INFO]   II Add Fact Node and Edge
08:51:33 [INFO]   Added new fact R_6(c_6, "str_4", "str_3", c_9, c_1).
08:51:33 [INFO] 11 / 22
08:51:33 [INFO]   II Add Fact Node and Edge
08:51:33 [INFO]   Added new fact R_16(c_6, "str_5").
08:51:33 [INFO] 12 / 22
08:51:33 [INFO]   II Add Fact Node and Edge
08:51:33 [INFO]   Added new fact R_21(c_9, c_11, c_12, 16752089233587318671, "str_6").
08:51:33 [INFO] 13 / 22
08:51:33 [INFO]   II Add Fact Node and Edge
08:51:33 [INFO]   Added new fact R_20("str_1", c_13, c_11).
08:51:33 [INFO] 14 / 22
08:51:33 [INFO]   II Add Fact Node and Edge
08:51:33 [INFO]   Added new fact R_12(c_12, "str_7", c_14, 4953071513316444611, c_15).
08:51:33 [INFO] 15 / 22
08:51:33 [INFO]   II Add Fact Node and Edge
08:51:33 [INFO]   Added new fact R_12(c_16, c_12, c_17, c_11, c_18).
08:51:33 [INFO] 16 / 22
08:51:33 [INFO]   II Add Fact Node and Edge
08:51:33 [INFO]   Added new fact R_5(c_18, "str_8", c_19, c_2, 15261644084369168672, 6424044022302312569).
08:51:33 [INFO] 17 / 22
08:51:33 [INFO]   II Add Fact Node and Edge
08:51:33 [INFO]   Added new fact R_9(c_11, c_20, c_21, c_22).
08:51:33 [INFO] 18 / 22
08:51:33 [INFO]   II Add Fact Node and Edge
08:51:33 [INFO]   Added new fact R_3(c_9, c_9, c_11, c_23, 4953071513316444611).
08:51:33 [INFO] 19 / 22
08:51:33 [INFO]   II Add Fact Node and Edge
08:51:33 [INFO]   Added new fact R_20(5105093193467469543, c_24, c_11).
08:51:33 [INFO] 20 / 22
08:51:33 [INFO]   II Add Fact Node and Edge
08:51:33 [INFO]   Added new fact R_15(c_22).
08:51:33 [INFO] 21 / 22
08:51:33 [INFO]   II Add Fact Node and Edge
08:51:33 [INFO]   Added new fact R_17(c_25, c_26, 4353284344307173291, "str_9", c_27, c_25).
08:51:33 [INFO] 22 / 22
08:51:33 [INFO]   II Add Fact Node and Edge
08:51:33 [INFO]   Added new fact R_16(7655883634313778688, "str_10").
08:51:33 [INFO] 
08:51:33 [INFO] ----------------------------------------------
08:51:33 [INFO] ----------- Program Generation Done ----------
08:51:33 [INFO] ----------------------------------------------
08:51:33 [INFO] 
08:51:33 [INFO] ----------- Generated ADG Summary: -----------
08:51:33 [INFO] ADG Fact Nodes:                  22
08:51:33 [INFO] ADG Relational Nodes:            33
08:51:33 [INFO] ADG Fact Edges:                  22
08:51:33 [INFO] ADG Relational Edges:            73
08:51:33 [INFO] Number of inv. Strata:           3
08:51:33 [INFO] 
08:51:33 [INFO] Nodes with None Ancestry:        0
08:51:33 [INFO] Nodes with Positive Ancestry:    16
08:51:33 [INFO] Nodes with Negative Ancestry:    7
08:51:33 [INFO] Nodes with Unknown Ancestry:     10
08:51:33 [INFO] 
08:51:33 [INFO] Next rule name would be:         r_CON_23
08:51:33 [INFO] Next predicate name would be:    R_22
08:51:33 [INFO] Next constant name would be:     c_28
08:51:33 [INFO] Next string would be:            "str_11"
08:51:33 [INFO] 
08:51:33 [INFO] Output predicate:                R_OUT
08:51:33 [INFO] Generated rule count:            22
08:51:33 [INFO] Rule count:                      34
08:51:33 [INFO] Average rel. arity:              3.212121212121212
08:51:33 [INFO] Arity calc. may be inaccurate if arity > f64
08:51:33 [INFO] ----------------------------------------------
08:51:33 [INFO] 
08:51:33 [INFO] ------ Performed Gen. Transformations: -------
08:51:33 [INFO]  #      Type
08:51:33 [INFO]  22      Generate New Rule with Probably Single Lit
08:51:33 [INFO]  32      Generating an Outgoing Relational Edge
08:51:33 [INFO]  21      I     Add Relational Node
08:51:33 [INFO]  22      II    Add Fact Node and Edge
08:51:33 [INFO] ----------------------------------------------
08:51:33 [INFO] 
08:51:33 [INFO] Storing input ADG and input program
08:51:33 [INFO] 
08:51:33 [INFO] ----------------------------------------------
08:51:33 [INFO] --------- Beginning Transformations ----------
08:51:33 [INFO] --------  Oracle: CON    Number: 60
08:51:33 [INFO] ----------------------------------------------
08:51:33 [INFO] 1 / 60
08:51:33 [INFO]   IX Remove Fact Node and Edge
08:51:33 [INFO]   Removed fact R_21(c_1, "<http://www.w3.org/2002/07/owl#Nothing>", 17325310719316645025, c_2, "<http://www.w3.org/2002/07/owl#Nothing>"). from the program
08:51:33 [INFO]   Removed fact R_21(c_1, "<http://www.w3.org/2002/07/owl#Nothing>", 17325310719316645025, c_2, "<http://www.w3.org/2002/07/owl#Nothing>"). from the ADG.
08:51:33 [INFO] 2 / 60
08:51:33 [INFO]   I Add Relational Node
08:51:33 [INFO]   Added new relation R_24
08:51:33 [INFO] 3 / 60
08:51:33 [INFO]   IV Add Relational Edge - New Literal
08:51:33 [INFO]   Generated literal R_9(?X_2, ?X_3, "str_3", ?Z_3) for rule r_GEN_18
08:51:33 [INFO] 4 / 60
08:51:33 [INFO]   I Add Relational Node
08:51:33 [INFO]   Added new relation R_25
08:51:33 [INFO] 5 / 60
08:51:33 [INFO]   VIII Modify Rule - Remove Equality
08:51:33 [INFO]   Replaced a random number of var X_2 with var X_2_new_1 in the rule r_GEN_7
08:51:33 [INFO] 6 / 60
08:51:33 [INFO]   III Add Relational edges - New Rule
08:51:33 [INFO]   Assigned relation R_25 the artiy 6
08:51:33 [INFO]   Added new rule of name r_CON_25
08:51:33 [INFO]   R_6(?X_3, "<http://www.w3.org/2002/07/owl#Nothing>", ?X_2, ?X_1, ?X_4) :- R_15(?X_3), R_4("<http://www.w3.org/2002/07/owl#Nothing>", ?X_2, ?Y_1, ?X_4, ?X_1, ?X_2), ~R_25(?X_3, ?X_4, ?X_4, ?X_4, ?X_1, ?X_3), ~http://rulewerk.semantic-web.org/normalForm/conj(?Y_1, "<http://www.w3.org/2002/07/owl#Nothing>", ?Y_1), ~R_16("<http://www.w3.org/2002/07/owl#Nothing>", ?X_2) .
08:51:33 [INFO] 7 / 60
08:51:33 [INFO]   II Add Fact Node and Edge
08:51:33 [INFO]   Added new fact R_12(c_1, c_2, c_12, "str_13", c_28).
08:51:33 [INFO] 8 / 60
08:51:33 [INFO]   I Add Relational Node
08:51:33 [INFO]   Added new relation R_26
08:51:33 [INFO] 9 / 60
08:51:33 [INFO]   I Add Relational Node
08:51:33 [INFO]   Added new relation R_27
08:51:33 [INFO] 10 / 60
08:51:33 [INFO]   VIII Modify Rule - Remove Equality
08:51:33 [INFO]   Replaced a random number of var Y_1 with var Y_1_new_1 in the rule r_GEN_7
08:51:33 [INFO] 11 / 60
08:51:33 [INFO]   III Add Relational edges - New Rule
08:51:33 [INFO]   Assigned relation R_27 the artiy 5
08:51:33 [INFO]   Added new rule of name r_CON_26
08:51:33 [INFO]   R_6(6424044022302312569, ?X_2, ?X_3, ?X_5, ?X_2) :- R_8(?X_2, ?X_3, ?X_3, c_18), R_5(?Y_1, ?X_2, ?X_2, 6424044022302312569, ?X_2, c_18), R_4(?X_2, ?X_5, c_18, ?X_5, ?X_2, 6424044022302312569), ~R_27(c_18, 6424044022302312569, ?X_5, ?X_2, ?X_2) .
08:51:33 [INFO] 12 / 60
08:51:33 [INFO]   I Add Relational Node
08:51:33 [INFO]   Added new relation R_28
08:51:33 [INFO] 13 / 60
08:51:33 [INFO]   IX Remove Fact Node and Edge
08:51:33 [INFO]   Removed fact R_3(c_9, c_9, c_11, c_23, 4953071513316444611). from the program
08:51:33 [INFO]   Removed fact R_3(c_9, c_9, c_11, c_23, 4953071513316444611). from the ADG.
08:51:33 [INFO] 14 / 60
08:51:33 [INFO]   VII Modify Rule - Add Equality
08:51:33 [INFO]   Replaced var ?Z_3 with var ?Z_1 in the rule r_GEN_4
08:51:33 [INFO] 15 / 60
08:51:33 [INFO]   VII Modify Rule - Add Equality
08:51:33 [INFO]   Replaced var ?Z_4 with var ?X_2 in the rule r_GEN_4
08:51:33 [INFO] 16 / 60
08:51:33 [INFO]   II Add Fact Node and Edge
08:51:33 [INFO]   Added new fact R_12(c_30, c_13, c_31, c_13, "str_14").
08:51:33 [INFO] 17 / 60
08:51:33 [INFO]   I Add Relational Node
08:51:33 [INFO]   Added new relation R_29
08:51:33 [INFO] 18 / 60
08:51:33 [INFO]   III Add Relational edges - New Rule
08:51:33 [INFO]   Added new rule of name r_CON_27
08:51:33 [INFO]   R_6(?X_5, ?X_3, ?X_5, ?X_4, "str_5") :- R_12(?X_5, "str_5", "str_5", ?X_5, ?X_5), R_2("str_5", "str_5", ?Y_1, ?X_3), http://rulewerk.semantic-web.org/inferred/subClassOf(?X_4, ?X_3), R_4(?X_3, c_22, ?X_5, "str_5", ?X_4, ?X_3), R_27(c_22, "str_5", ?Y_1, c_22, "str_5"), R_11(c_22, ?X_5, ?Y_1), ~R_5(c_22, ?Y_1, ?X_4, ?X_5, ?X_3, ?X_3), ~R_19(?X_3, ?Y_1, ?Y_1, ?X_3, ?X_3, c_22), ~R_3(c_22, "str_5", ?X_4, ?X_3, ?X_3), ~http://rulewerk.semantic-web.org/normalForm/subClassOf(17325310719316645025, c_22) .
08:51:33 [INFO] 19 / 60
08:51:33 [INFO]   I Add Relational Node
08:51:33 [INFO]   Added new relation R_30
08:51:33 [INFO] 20 / 60
08:51:33 [INFO]   VII Modify Rule - Add Equality
08:51:33 [INFO]   Replaced var ?X_3 with var ?X_2 in the rule r_GEN_2
08:51:33 [INFO] 21 / 60
08:51:33 [INFO]   VIII Modify Rule - Remove Equality
08:51:33 [INFO]   Replaced a random number of var X_3 with var X_3_new_1 in the rule r_GEN_21
08:51:33 [INFO] 22 / 60
08:51:33 [INFO]   IV Add Relational Edge - New Literal
08:51:33 [INFO]   Generated literal R_25(c_28, c_16, ?Z_1, c_6, ?Z_2, ?Z_1) for rule r_GEN_11
08:51:33 [INFO] 23 / 60
08:51:33 [INFO]   IV Add Relational Edge - New Literal
08:51:33 [INFO]   Generated literal ~R_1(c_12, ?X_4, ?X_4, ?X_5) for rule r_GEN_22
08:51:33 [INFO] 24 / 60
08:51:33 [INFO]   III Add Relational edges - New Rule
08:51:33 [INFO]   Assigned relation R_29 the artiy 1
08:51:33 [INFO]   Added new rule of name r_CON_28
08:51:33 [INFO]   R_29(?X_1) :- R_16(?X_1, "<http://www.w3.org/2002/07/owl#Nothing>"), R_2("<http://www.w3.org/2002/07/owl#Nothing>", "<http://www.w3.org/2002/07/owl#Nothing>", ?X_1, ?X_1), ~http://rulewerk.semantic-web.org/normalForm/isSubClass(c_2) .
08:51:33 [INFO] 25 / 60
08:51:33 [INFO]   IX Remove Fact Node and Edge
08:51:33 [INFO]   Removed fact R_21(c_9, c_11, c_12, 16752089233587318671, "str_6"). from the program
08:51:33 [INFO]   Removed fact R_21(c_9, c_11, c_12, 16752089233587318671, "str_6"). from the ADG.
08:51:33 [INFO] 26 / 60
08:51:33 [INFO]   III Add Relational edges - New Rule
08:51:33 [INFO]   Assigned relation R_28 the artiy 6
08:51:33 [INFO]   Added new rule of name r_CON_29
08:51:33 [INFO]   R_28(?X_6, "str_2", ?X_1, ?X_4, ?X_2, ?X_2) :- R_29(?X_6), R_13("str_2", ?X_1), R_29(?X_4), R_29(?X_2), R_29(?X_2), ~R_25(?X_6, ?X_2, "str_2", ?X_2, ?X_4, "str_2"), ~R_1("str_2", "str_2", 4353284344307173291, ?X_4), ~http://rulewerk.semantic-web.org/inferred/init(?X_2) .
08:51:33 [INFO] 27 / 60
08:51:33 [INFO]   II Add Fact Node and Edge
08:51:33 [INFO]   Added new fact R_28(c_23, c_22, 15261644084369168672, c_32, 5990827081179698573, c_33).
08:51:33 [INFO] 28 / 60
08:51:33 [INFO]   IX Remove Fact Node and Edge
08:51:33 [INFO]   Removed fact R_28(c_23, c_22, 15261644084369168672, c_32, 5990827081179698573, c_33). from the program
08:51:33 [INFO]   Removed fact R_28(c_23, c_22, 15261644084369168672, c_32, 5990827081179698573, c_33). from the ADG.
08:51:33 [INFO] 29 / 60
08:51:33 [INFO]   XI Add Contradictory Rule
08:51:33 [INFO]   Added new contradictory rule of name r_CON_30
08:51:33 [INFO]   R_28(?X_3, ?X_2, ?X_4, ?X_5, ?X_6, c_31) :- R_16(?X_3, ?X_2), R_16(?X_4, ?X_5), R_16(?X_6, c_31), ~R_16(?X_3, ?X_2) .
08:51:33 [INFO] 30 / 60
08:51:33 [INFO]   II Add Fact Node and Edge
08:51:33 [INFO]   Added new fact R_20(6424044022302312569, c_34, c_21).
08:51:33 [INFO] 31 / 60
08:51:33 [INFO]   IX Remove Fact Node and Edge
08:51:33 [INFO]   Removed fact R_OUT("<http://www.w3.org/2002/07/owl#Nothing>", "<http://www.w3.org/2002/07/owl#Nothing>", "<http://www.w3.org/2002/07/owl#Nothing>"). from the program
08:51:33 [INFO]   Removed fact R_OUT("<http://www.w3.org/2002/07/owl#Nothing>", "<http://www.w3.org/2002/07/owl#Nothing>", "<http://www.w3.org/2002/07/owl#Nothing>"). from the ADG.
08:51:33 [INFO] 32 / 60
08:51:33 [INFO]   IV Add Relational Edge - New Literal
08:51:33 [INFO]   Generated literal R_16(?Z_2, c_11) for rule r_GEN_11
08:51:33 [INFO] 33 / 60
08:51:33 [INFO]   XI Add Contradictory Rule
08:51:33 [INFO]   Assigned relation R_26 the artiy 1
08:51:33 [INFO]   Added new contradictory rule of name r_CON_31
08:51:33 [INFO]   R_26(c_24) :- http://rulewerk.semantic-web.org/normalForm/exists(c_24, c_24, "str_13"), ~http://rulewerk.semantic-web.org/normalForm/exists(c_24, c_24, "str_13") .
08:51:33 [INFO] 34 / 60
08:51:33 [INFO]   VII Modify Rule - Add Equality
08:51:33 [INFO]   Aborting the introduction of an equality - rule has too few variables!
08:51:33 [INFO] 35 / 60
08:51:33 [INFO]   XI Add Contradictory Rule
08:51:33 [INFO]   Added new contradictory rule of name r_CON_32
08:51:33 [INFO]   R_5(?X_4, ?X_3, ?X_1, ?X_2, ?X_6, ?X_5) :- http://rulewerk.semantic-web.org/inferred/init(?X_4), http://rulewerk.semantic-web.org/inferred/init(?X_3), http://rulewerk.semantic-web.org/inferred/init(?X_1), http://rulewerk.semantic-web.org/inferred/init(?X_2), http://rulewerk.semantic-web.org/inferred/init(?X_6), http://rulewerk.semantic-web.org/inferred/init(?X_5), ~http://rulewerk.semantic-web.org/inferred/init(?X_4) .
08:51:33 [INFO] 36 / 60
08:51:33 [INFO]   II Add Fact Node and Edge
08:51:33 [INFO]   Added new fact R_12(c_35, 7655883634313778688, c_33, c_36, c_37).
08:51:33 [INFO] 37 / 60
08:51:33 [INFO]   VII Modify Rule - Add Equality
08:51:33 [INFO]   Replaced var ?X_5 with var ?X_4 in the rule r_GEN_22
08:51:33 [INFO] 38 / 60
08:51:33 [INFO]   IV Add Relational Edge - New Literal
08:51:33 [INFO]   Generated literal R_15(?Z_2) for rule r_GEN_11
08:51:33 [INFO] 39 / 60
08:51:33 [INFO]   IV Add Relational Edge - New Literal
08:51:33 [INFO]   Generated literal ~R_18(?X_2) for rule r_GEN_20
08:51:33 [INFO] 40 / 60
08:51:33 [INFO]   XI Add Contradictory Rule
08:51:33 [INFO]   Added new contradictory rule of name r_CON_33
08:51:33 [INFO]   R_28(?X_4, ?X_5, ?X_4, ?X_6, ?X_3, c_30) :- http://rulewerk.semantic-web.org/inferred/subClassOf(?X_4, ?X_5), http://rulewerk.semantic-web.org/inferred/subClassOf(?X_4, ?X_6), http://rulewerk.semantic-web.org/inferred/subClassOf(?X_3, c_30), ~http://rulewerk.semantic-web.org/inferred/subClassOf(?X_4, ?X_5) .
08:51:33 [INFO] 41 / 60
08:51:33 [INFO]   II Add Fact Node and Edge
08:51:33 [INFO]   Added new fact R_6(c_38, "str_15", c_23, "str_16", c_11).
08:51:33 [INFO] 42 / 60
08:51:33 [INFO]   I Add Relational Node
08:51:33 [INFO]   Added new relation R_31
08:51:33 [INFO] 43 / 60
08:51:33 [INFO]   Xa Remove Relational Node - Rule Variant
08:51:33 [INFO]   Removing relational node R_28
08:51:33 [INFO]   Removing the Rule of the name r_CON_29
08:51:33 [INFO]   Removing the Rule of the name r_CON_30
08:51:33 [INFO]   Removing the Rule of the name r_CON_33
08:51:33 [INFO]   Removing at least 16 relational edges.
08:51:33 [INFO] 44 / 60
08:51:33 [INFO]   IV Add Relational Edge - New Literal
08:51:33 [INFO]   Generated literal ~R_OUT(4353284344307173291, c_26, "str_8") for rule r_CON_31
08:51:33 [INFO] 45 / 60
08:51:33 [INFO]   Xa Remove Relational Node - Rule Variant
08:51:33 [INFO]   Removing relational node R_26
08:51:33 [INFO]   Removing the Rule of the name r_CON_31
08:51:33 [INFO]   Removing at least 3 relational edges.
08:51:33 [INFO] 46 / 60
08:51:33 [INFO]   Xa Remove Relational Node - Rule Variant
08:51:33 [INFO]   Removing relational node R_29
08:51:33 [INFO]   Removing the Rule of the name r_CON_28
08:51:33 [INFO]   Removing at least 3 relational edges.
08:51:33 [INFO] 47 / 60
08:51:33 [INFO]   III Add Relational edges - New Rule
08:51:33 [INFO]   Assigned relation R_31 the artiy 1
08:51:33 [INFO]   Added new rule of name r_CON_34
08:51:33 [INFO]   R_6(?X_1, ?X_1, ?X_4, ?X_2, ?X_5) :- R_31(?X_1), R_31(?X_1), R_31(?X_4), R_31(?X_2), R_31(?X_5), ~R_2(?X_5, ?X_4, ?X_2, ?X_4), ~http://rulewerk.semantic-web.org/inferred/subClassOf(c_37, ?X_5), ~http://rulewerk.semantic-web.org/inferred/subClassOf(c_37, ?X_1) .
08:51:33 [INFO] 48 / 60
08:51:33 [INFO]   II Add Fact Node and Edge
08:51:33 [INFO]   Added new fact R_6(c_39, c_24, c_4, 4353284344307173291, "str_14").
08:51:33 [INFO] 49 / 60
08:51:33 [INFO]   III Add Relational edges - New Rule
08:51:33 [INFO]   Added new rule of name r_CON_35
08:51:33 [INFO]   R_6(?X_5, ?X_4, "str_9", ?X_5, ?X_2) :- R_2(?X_5, ?X_4, ?X_5, ?X_5), R_2(?X_2, ?X_2, "str_9", ?Y_1), ~http://rulewerk.semantic-web.org/normalForm/isSubClass("str_9"), ~R_14(?X_2), ~R_18(?X_5) .
08:51:33 [INFO] 50 / 60
08:51:33 [INFO]   VIII Modify Rule - Remove Equality
08:51:33 [INFO]   Replaced a random number of var X_5 with var X_5_new_1 in the rule r_CON_35
08:51:33 [INFO] 51 / 60
08:51:33 [INFO]   I Add Relational Node
08:51:33 [INFO]   Added new relation R_32
08:51:33 [INFO] 52 / 60
08:51:33 [INFO]   II Add Fact Node and Edge
08:51:33 [INFO]   Added new fact R_20(c_40, "str_2", 3674625243825616303).
08:51:33 [INFO] 53 / 60
08:51:33 [INFO]   VII Modify Rule - Add Equality
08:51:33 [INFO]   Replaced var ?Z_1 with var ?X_2 in the rule r_GEN_22
08:51:33 [INFO] 54 / 60
08:51:33 [INFO]   III Add Relational edges - New Rule
08:51:33 [INFO]   Added new rule of name r_CON_36
08:51:33 [INFO]   R_20(?X_3, ?X_2, ?X_1) :- R_16(?X_3, ?X_2), R_16(c_38, ?X_1) .
08:51:33 [INFO] 55 / 60
08:51:33 [INFO]   XI Add Contradictory Rule
08:51:33 [INFO]   Added new contradictory rule of name r_CON_37
08:51:33 [INFO]   R_20(?X_3, c_34, ?X_1) :- R_19(c_1, c_34, ?X_1, ?X_3, ?X_3, ?X_3), ~R_19(c_1, c_34, ?X_1, ?X_3, ?X_3, ?X_3) .
08:51:33 [INFO] 56 / 60
08:51:33 [INFO]   I Add Relational Node
08:51:33 [INFO]   Added new relation R_33
08:51:33 [INFO] 57 / 60
08:51:33 [INFO]   II Add Fact Node and Edge
08:51:33 [INFO]   Assigned relation R_30 the artiy 3
08:51:33 [INFO]   Added new fact R_30(c_41, c_42, c_30).
08:51:33 [INFO] 58 / 60
08:51:33 [INFO]   VIII Modify Rule - Remove Equality
08:51:33 [INFO]   Replaced a random number of var X_3 with var X_3_new_1 in the rule r_CON_27
08:51:33 [INFO] 59 / 60
08:51:33 [INFO]   IV Add Relational Edge - New Literal
08:51:33 [INFO]   Generated literal http://rulewerk.semantic-web.org/inferred/init(?X_2) for rule r_GEN_22
08:51:33 [INFO] 60 / 60
08:51:33 [INFO]   IX Remove Fact Node and Edge
08:51:33 [INFO]   Removed fact R_30(c_41, c_42, c_30). from the program
08:51:33 [INFO]   Removed fact R_30(c_41, c_42, c_30). from the ADG.
08:51:33 [INFO] ----------------------------------------------
08:51:33 [INFO] ------------ Transformations Done ------------
08:51:33 [INFO] ----------------------------------------------
08:51:33 [INFO]  Ressources required: 
                data/isMainClass.csv.gz
                data/isSubClass.csv.gz
                data/conj.csv.gz
                data/exists.csv.gz
                data/subClassOf.csv.gz
                data/subPropChain.csv.gz
                data/subProp.csv.gz
                
08:51:33 [INFO] ---------- Transformed ADG Summary: ----------
08:51:33 [INFO] ADG Fact Nodes:                  25
08:51:33 [INFO] ADG Relational Nodes:            40
08:51:33 [INFO] ADG Fact Edges:                  25
08:51:33 [INFO] ADG Relational Edges:            123
08:51:33 [INFO] Number of inv. Strata:           5
08:51:33 [INFO] 
08:51:33 [INFO] Nodes with None Ancestry:        0
08:51:33 [INFO] Nodes with Positive Ancestry:    2
08:51:33 [INFO] Nodes with Negative Ancestry:    4
08:51:33 [INFO] Nodes with Unknown Ancestry:     30
08:51:33 [INFO] 
08:51:33 [INFO] Next rule name would be:         r_CON_38
08:51:33 [INFO] Next predicate name would be:    R_34
08:51:33 [INFO] Next constant name would be:     c_43
08:51:33 [INFO] Next string would be:            "str_17"
08:51:33 [INFO] 
08:51:33 [INFO] Output predicate:                R_OUT
08:51:33 [INFO] Rule count:                      42
08:51:33 [INFO] Average rel. arity:              3.2777777777777777
08:51:33 [INFO] Arity calc. may be inaccurate if arity > f64
08:51:33 [INFO] ----------------------------------------------
08:51:33 [INFO] 
08:51:33 [INFO] --------- Performed Transformations: ---------
08:51:33 [INFO]  #      Type
08:51:33 [INFO]  26      Failed Transformation Attempts
08:51:33 [INFO]  10      I     Add Relational Node
08:51:33 [INFO]  9      II    Add Fact Node and Edge
08:51:33 [INFO]  8      III   Add Relational edges - New Rule
08:51:33 [INFO]  8      IV    Add Relational Edge - New Literal
08:51:33 [INFO]  6      IX    Remove Fact Node and Edge
08:51:33 [INFO]  0      V     Remove Relational Edges - Whole Rule
08:51:33 [INFO]  0      VI    Remove Relational Edge - Single Literal
08:51:33 [INFO]  6      VII   Modify Rule - Add Equality
08:51:33 [INFO]  5      VIII  Modify Rule - Remove Equality
08:51:33 [INFO]  5      XI   Add Contradictory Rule
08:51:33 [INFO]  3      Xa     Remove Relational Node Rule Variant - None anc only
08:51:33 [INFO] ----------------------------------------------
08:51:33 [INFO] 
08:51:33 [INFO] Writing output ADG and file.
08:51:33 [INFO] 
08:51:33 [INFO] ----------------------------------------------
08:51:33 [INFO] -- Beginning Nemo Execution - Input Program --
08:51:33 [INFO] ----------------------------------------------
08:51:33 [INFO] Stratified program: [[0, 1, 2, 3, 4, 5, 6, 7, 8, 9, 10, 11, 12, 13, 14, 15, 16, 18, 25, 26, 28], [17, 19, 20, 21, 22, 23, 24, 27, 29, 30], [31], [32, 33]]
08:51:33 [INFO] Loading source SimpleTable { arity: 3, data: [AnyDataValue(PlainString(StringDataValue("<http://www.w3.org/2002/07/owl#Nothing>"))), AnyDataValue(PlainString(StringDataValue("<http://www.w3.org/2002/07/owl#Nothing>"))), AnyDataValue(PlainString(StringDataValue("<http://www.w3.org/2002/07/owl#Nothing>")))] }
08:51:33 [INFO] Execution step: Combining Tables
08:51:33 [INFO] Saved permanent table R_OUT (0-1) Permutation { idx_to_val: [], val_to_idx: [] } with 1 entries (10356)
08:51:33 [INFO] <<< STEP 1: APPLYING RULE 0 http://rulewerk.semantic-web.org/inferred/init(?C) :- http://rulewerk.semantic-web.org/normalForm/isMainClass(?C) >>>
08:51:33 [INFO] Loading source DsvReader { read: "<unspecified std::io::Read>", delimiter: 44, escape: None, value formats: DsvValueFormats([Anything]) }
08:51:33 [INFO] Starting data import
08:51:33 [INFO] Finished import: processed 23136 lines (dropped 0)
08:51:33 [INFO] Execution step: Body
08:51:33 [INFO] Saved temporary table: 23136 entries (3462)
08:51:33 [INFO] Execution step: Duplicate Elimination (Datalog)
08:51:33 [INFO] Saved permanent table http://rulewerk.semantic-web.org/inferred/init (1) Permutation { idx_to_val: [], val_to_idx: [] } with 23136 entries (3510)
08:51:33 [INFO] Rule duration: 41 ms
08:51:33 [INFO] <<< STEP 2: APPLYING RULE 0 http://rulewerk.semantic-web.org/inferred/init(?C) :- http://rulewerk.semantic-web.org/normalForm/isMainClass(?C) >>>
08:51:33 [INFO] Execution step: Body
08:51:33 [INFO] Trie does not contain any elements
08:51:33 [INFO] Execution step: Duplicate Elimination (Datalog)
08:51:33 [INFO] Trie does not contain any elements
08:51:33 [INFO] Rule duration: 0 ms
08:51:33 [INFO] <<< STEP 3: APPLYING RULE 3 http://rulewerk.semantic-web.org/inferred/subClassOf(?C, "<http://www.w3.org/2002/07/owl#Thing>") :- http://rulewerk.semantic-web.org/normalForm/isMainClass(?C) >>>
08:51:33 [INFO] Execution step: Body
08:51:33 [INFO] Saved temporary table: 23136 entries (3462)
08:51:33 [INFO] Execution step: Duplicate Elimination (Datalog)
08:51:33 [INFO] Saved permanent table http://rulewerk.semantic-web.org/inferred/subClassOf (3) Permutation { idx_to_val: [], val_to_idx: [] } with 23136 entries (7360)
08:51:33 [INFO] Rule duration: 10 ms
08:51:33 [INFO] <<< STEP 4: APPLYING RULE 3 http://rulewerk.semantic-web.org/inferred/subClassOf(?C, "<http://www.w3.org/2002/07/owl#Thing>") :- http://rulewerk.semantic-web.org/normalForm/isMainClass(?C) >>>
08:51:33 [INFO] Execution step: Body
08:51:33 [INFO] Trie does not contain any elements
08:51:33 [INFO] Execution step: Duplicate Elimination (Datalog)
08:51:33 [INFO] Trie does not contain any elements
08:51:33 [INFO] Rule duration: 0 ms
08:51:33 [INFO] <<< STEP 5: APPLYING RULE 1 http://rulewerk.semantic-web.org/inferred/init(?C) :- http://rulewerk.semantic-web.org/inferred/ex(?E, ?R, ?C) >>>
08:51:33 [INFO] Execution step: Body
08:51:33 [INFO] Trie does not contain any elements
08:51:33 [INFO] Execution step: Duplicate Elimination (Datalog)
08:51:33 [INFO] Trie does not contain any elements
08:51:33 [INFO] Rule duration: 0 ms
08:51:33 [INFO] <<< STEP 6: APPLYING RULE 2 http://rulewerk.semantic-web.org/inferred/subClassOf(?C, ?C) :- http://rulewerk.semantic-web.org/inferred/init(?C) >>>
08:51:33 [INFO] Execution step: Body
08:51:33 [INFO] Saved temporary table: 23136 entries (3462)
08:51:33 [INFO] Execution step: Duplicate Elimination (Datalog)
08:51:33 [INFO] Saved permanent table http://rulewerk.semantic-web.org/inferred/subClassOf (6) Permutation { idx_to_val: [], val_to_idx: [] } with 23136 entries (7360)
08:51:33 [INFO] Rule duration: 11 ms
08:51:33 [INFO] <<< STEP 7: APPLYING RULE 4 http://rulewerk.semantic-web.org/inferred/subClassOf(?C, ?D1), http://rulewerk.semantic-web.org/inferred/subClassOf(?C, ?D2) :- http://rulewerk.semantic-web.org/inferred/subClassOf(?C, ?Y), http://rulewerk.semantic-web.org/normalForm/conj(?Y, ?D1, ?D2) >>>
08:51:33 [INFO] Loading source DsvReader { read: "<unspecified std::io::Read>", delimiter: 44, escape: None, value formats: DsvValueFormats([Anything, Anything, Anything]) }
08:51:33 [INFO] Starting data import
08:51:33 [INFO] Finished import: processed 13693 lines (dropped 0)
08:51:33 [INFO] Execution step: Body
08:51:33 [INFO] Trie does not contain any elements
08:51:33 [INFO] Trie does not contain any elements
08:51:33 [INFO] Execution step: Duplicate Elimination (Datalog)
08:51:33 [INFO] Trie does not contain any elements
08:51:33 [INFO] Rule duration: 48 ms
08:51:33 [INFO] <<< STEP 8: APPLYING RULE 5 http://rulewerk.semantic-web.org/inferred/subClassOf(?C, ?I) :- http://rulewerk.semantic-web.org/inferred/subClassOf(?C, ?D1), http://rulewerk.semantic-web.org/inferred/subClassOf(?C, ?D2), http://rulewerk.semantic-web.org/normalForm/conj(?I, ?D1, ?D2), http://rulewerk.semantic-web.org/normalForm/isSubClass(?I) >>>
08:51:33 [INFO] Loading source DsvReader { read: "<unspecified std::io::Read>", delimiter: 44, escape: None, value formats: DsvValueFormats([Anything]) }
08:51:33 [INFO] Starting data import
08:51:33 [INFO] Finished import: processed 43883 lines (dropped 0)
08:51:33 [INFO] Execution step: Body
08:51:33 [INFO] Trie does not contain any elements
08:51:33 [INFO] Execution step: Duplicate Elimination (Datalog)
08:51:33 [INFO] Trie does not contain any elements
08:51:33 [INFO] Rule duration: 47 ms
08:51:33 [INFO] <<< STEP 9: APPLYING RULE 6 http://rulewerk.semantic-web.org/inferred/ex(?E, ?R, ?C) :- http://rulewerk.semantic-web.org/inferred/subClassOf(?E, ?Y), http://rulewerk.semantic-web.org/normalForm/exists(?Y, ?R, ?C) >>>
08:51:33 [INFO] Loading source DsvReader { read: "<unspecified std::io::Read>", delimiter: 44, escape: None, value formats: DsvValueFormats([Anything, Anything, Anything]) }
08:51:33 [INFO] Starting data import
08:51:33 [INFO] Finished import: processed 14115 lines (dropped 0)
08:51:33 [INFO] Execution step: Body
08:51:33 [INFO] Trie does not contain any elements
08:51:33 [INFO] Execution step: Duplicate Elimination (Datalog)
08:51:33 [INFO] Trie does not contain any elements
08:51:33 [INFO] Rule duration: 28 ms
08:51:33 [INFO] <<< STEP 10: APPLYING RULE 7 http://rulewerk.semantic-web.org/inferred/subClassOf(?E, ?Y) :- http://rulewerk.semantic-web.org/inferred/ex(?E, ?R, ?C), http://rulewerk.semantic-web.org/inferred/subClassOf(?C, ?D), http://rulewerk.semantic-web.org/normalForm/subProp(?R, ?S), http://rulewerk.semantic-web.org/normalForm/exists(?Y, ?S, ?D), http://rulewerk.semantic-web.org/normalForm/isSubClass(?Y) >>>
08:51:33 [INFO] Loading source DsvReader { read: "<unspecified std::io::Read>", delimiter: 44, escape: None, value formats: DsvValueFormats([Anything, Anything]) }
08:51:33 [INFO] Starting data import
08:51:33 [INFO] Finished import: processed 3154 lines (dropped 0)
08:51:33 [INFO] Execution step: Body
08:51:33 [INFO] Trie does not contain any elements
08:51:33 [INFO] Execution step: Duplicate Elimination (Datalog)
08:51:33 [INFO] Trie does not contain any elements
08:51:33 [INFO] Rule duration: 7 ms
08:51:33 [INFO] <<< STEP 11: APPLYING RULE 8 http://rulewerk.semantic-web.org/inferred/ex(?E, ?S, ?D) :- http://rulewerk.semantic-web.org/inferred/ex(?E, ?R1, ?C), http://rulewerk.semantic-web.org/inferred/ex(?C, ?R2, ?D), http://rulewerk.semantic-web.org/normalForm/subProp(?R1, ?S1), http://rulewerk.semantic-web.org/normalForm/subProp(?R2, ?S2), http://rulewerk.semantic-web.org/normalForm/subPropChain(?S1, ?S2, ?S) >>>
08:51:33 [INFO] Loading source DsvReader { read: "<unspecified std::io::Read>", delimiter: 44, escape: None, value formats: DsvValueFormats([Anything, Anything, Anything]) }
08:51:33 [INFO] Starting data import
08:51:33 [INFO] Finished import: processed 0 lines (dropped 0)
08:51:33 [INFO] Execution step: Body
08:51:33 [INFO] Trie does not contain any elements
08:51:33 [INFO] Execution step: Duplicate Elimination (Datalog)
08:51:33 [INFO] Trie does not contain any elements
08:51:33 [INFO] Rule duration: 0 ms
08:51:33 [INFO] <<< STEP 12: APPLYING RULE 9 http://rulewerk.semantic-web.org/inferred/subClassOf(?C, ?E) :- http://rulewerk.semantic-web.org/inferred/subClassOf(?C, ?D), http://rulewerk.semantic-web.org/normalForm/subClassOf(?D, ?E) >>>
08:51:33 [INFO] Loading source DsvReader { read: "<unspecified std::io::Read>", delimiter: 44, escape: None, value formats: DsvValueFormats([Anything, Anything]) }
08:51:33 [INFO] Starting data import
08:51:33 [INFO] Finished import: processed 45499 lines (dropped 0)
08:51:33 [INFO] Execution step: Body
08:51:33 [INFO] Saved temporary table: 35531 entries (334448)
08:51:33 [INFO] Execution step: Duplicate Elimination (Datalog)
08:51:33 [INFO] Saved permanent table http://rulewerk.semantic-web.org/inferred/subClassOf (12) Permutation { idx_to_val: [], val_to_idx: [] } with 35531 entries (334496)
08:51:33 [INFO] Rule duration: 71 ms
08:51:33 [INFO] <<< STEP 13: APPLYING RULE 9 http://rulewerk.semantic-web.org/inferred/subClassOf(?C, ?E) :- http://rulewerk.semantic-web.org/inferred/subClassOf(?C, ?D), http://rulewerk.semantic-web.org/normalForm/subClassOf(?D, ?E) >>>
08:51:33 [INFO] Execution step: Body
08:51:33 [INFO] Saved temporary table: 29052 entries (308526)
08:51:33 [INFO] Execution step: Duplicate Elimination (Datalog)
08:51:33 [INFO] Saved permanent table http://rulewerk.semantic-web.org/inferred/subClassOf (13) Permutation { idx_to_val: [], val_to_idx: [] } with 19069 entries (247902)
08:51:33 [INFO] Rule duration: 30 ms
08:51:33 [INFO] <<< STEP 14: APPLYING RULE 9 http://rulewerk.semantic-web.org/inferred/subClassOf(?C, ?E) :- http://rulewerk.semantic-web.org/inferred/subClassOf(?C, ?D), http://rulewerk.semantic-web.org/normalForm/subClassOf(?D, ?E) >>>
08:51:33 [INFO] Execution step: Body
08:51:33 [INFO] Saved temporary table: 21017 entries (255394)
08:51:33 [INFO] Execution step: Duplicate Elimination (Datalog)
08:51:33 [INFO] Saved permanent table http://rulewerk.semantic-web.org/inferred/subClassOf (14) Permutation { idx_to_val: [], val_to_idx: [] } with 19134 entries (231314)
08:51:33 [INFO] Rule duration: 29 ms
08:51:33 [INFO] <<< STEP 15: APPLYING RULE 9 http://rulewerk.semantic-web.org/inferred/subClassOf(?C, ?E) :- http://rulewerk.semantic-web.org/inferred/subClassOf(?C, ?D), http://rulewerk.semantic-web.org/normalForm/subClassOf(?D, ?E) >>>
08:51:33 [INFO] Execution step: Body
08:51:33 [INFO] Saved temporary table: 20666 entries (232234)
08:51:33 [INFO] Execution step: Duplicate Elimination (Datalog)
08:51:33 [INFO] Saved permanent table http://rulewerk.semantic-web.org/inferred/subClassOf (15) Permutation { idx_to_val: [], val_to_idx: [] } with 18219 entries (198746)
08:51:33 [INFO] Rule duration: 27 ms
08:51:33 [INFO] <<< STEP 16: APPLYING RULE 9 http://rulewerk.semantic-web.org/inferred/subClassOf(?C, ?E) :- http://rulewerk.semantic-web.org/inferred/subClassOf(?C, ?D), http://rulewerk.semantic-web.org/normalForm/subClassOf(?D, ?E) >>>
08:51:33 [INFO] Execution step: Body
08:51:33 [INFO] Saved temporary table: 16776 entries (192362)
08:51:33 [INFO] Execution step: Duplicate Elimination (Datalog)
08:51:33 [INFO] Saved permanent table http://rulewerk.semantic-web.org/inferred/subClassOf (16) Permutation { idx_to_val: [], val_to_idx: [] } with 15549 entries (180338)
08:51:33 [INFO] Rule duration: 24 ms
08:51:33 [INFO] <<< STEP 17: APPLYING RULE 9 http://rulewerk.semantic-web.org/inferred/subClassOf(?C, ?E) :- http://rulewerk.semantic-web.org/inferred/subClassOf(?C, ?D), http://rulewerk.semantic-web.org/normalForm/subClassOf(?D, ?E) >>>
08:51:33 [INFO] Execution step: Body
08:51:33 [INFO] Saved temporary table: 13777 entries (170322)
08:51:33 [INFO] Execution step: Duplicate Elimination (Datalog)
08:51:33 [INFO] Saved permanent table http://rulewerk.semantic-web.org/inferred/subClassOf (17) Permutation { idx_to_val: [], val_to_idx: [] } with 13188 entries (167678)
08:51:33 [INFO] Rule duration: 22 ms
08:51:33 [INFO] Execution step: Combining Tables
08:51:33 [INFO] Saved permanent table http://rulewerk.semantic-web.org/inferred/subClassOf (0-19) Permutation { idx_to_val: [], val_to_idx: [] } with 166962 entries (860176)
08:51:33 [INFO] <<< STEP 18: APPLYING RULE 9 http://rulewerk.semantic-web.org/inferred/subClassOf(?C, ?E) :- http://rulewerk.semantic-web.org/inferred/subClassOf(?C, ?D), http://rulewerk.semantic-web.org/normalForm/subClassOf(?D, ?E) >>>
08:51:33 [INFO] Execution step: Body
08:51:33 [INFO] Saved temporary table: 12121 entries (156534)
08:51:33 [INFO] Execution step: Duplicate Elimination (Datalog)
08:51:33 [INFO] Saved permanent table http://rulewerk.semantic-web.org/inferred/subClassOf (18) Permutation { idx_to_val: [], val_to_idx: [] } with 11570 entries (154270)
08:51:33 [INFO] Rule duration: 6 ms
08:51:33 [INFO] <<< STEP 19: APPLYING RULE 9 http://rulewerk.semantic-web.org/inferred/subClassOf(?C, ?E) :- http://rulewerk.semantic-web.org/inferred/subClassOf(?C, ?D), http://rulewerk.semantic-web.org/normalForm/subClassOf(?D, ?E) >>>
08:51:33 [INFO] Execution step: Body
08:51:33 [INFO] Saved temporary table: 10098 entries (137510)
08:51:33 [INFO] Execution step: Duplicate Elimination (Datalog)
08:51:33 [INFO] Saved permanent table http://rulewerk.semantic-web.org/inferred/subClassOf (19) Permutation { idx_to_val: [], val_to_idx: [] } with 9551 entries (135286)
08:51:33 [INFO] Rule duration: 5 ms
08:51:33 [INFO] <<< STEP 20: APPLYING RULE 9 http://rulewerk.semantic-web.org/inferred/subClassOf(?C, ?E) :- http://rulewerk.semantic-web.org/inferred/subClassOf(?C, ?D), http://rulewerk.semantic-web.org/normalForm/subClassOf(?D, ?E) >>>
08:51:33 [INFO] Execution step: Body
08:51:33 [INFO] Saved temporary table: 9708 entries (123110)
08:51:33 [INFO] Execution step: Duplicate Elimination (Datalog)
08:51:33 [INFO] Saved permanent table http://rulewerk.semantic-web.org/inferred/subClassOf (20) Permutation { idx_to_val: [], val_to_idx: [] } with 9383 entries (121858)
08:51:33 [INFO] Rule duration: 8 ms
08:51:33 [INFO] <<< STEP 21: APPLYING RULE 9 http://rulewerk.semantic-web.org/inferred/subClassOf(?C, ?E) :- http://rulewerk.semantic-web.org/inferred/subClassOf(?C, ?D), http://rulewerk.semantic-web.org/normalForm/subClassOf(?D, ?E) >>>
08:51:33 [INFO] Execution step: Body
08:51:33 [INFO] Saved temporary table: 7095 entries (100658)
08:51:33 [INFO] Execution step: Duplicate Elimination (Datalog)
08:51:33 [INFO] Saved permanent table http://rulewerk.semantic-web.org/inferred/subClassOf (21) Permutation { idx_to_val: [], val_to_idx: [] } with 6941 entries (100090)
08:51:33 [INFO] Rule duration: 9 ms
08:51:33 [INFO] <<< STEP 22: APPLYING RULE 9 http://rulewerk.semantic-web.org/inferred/subClassOf(?C, ?E) :- http://rulewerk.semantic-web.org/inferred/subClassOf(?C, ?D), http://rulewerk.semantic-web.org/normalForm/subClassOf(?D, ?E) >>>
08:51:33 [INFO] Execution step: Body
08:51:33 [INFO] Saved temporary table: 5795 entries (81730)
08:51:33 [INFO] Execution step: Duplicate Elimination (Datalog)
08:51:33 [INFO] Saved permanent table http://rulewerk.semantic-web.org/inferred/subClassOf (22) Permutation { idx_to_val: [], val_to_idx: [] } with 5703 entries (81410)
08:51:33 [INFO] Rule duration: 7 ms
08:51:33 [INFO] <<< STEP 23: APPLYING RULE 9 http://rulewerk.semantic-web.org/inferred/subClassOf(?C, ?E) :- http://rulewerk.semantic-web.org/inferred/subClassOf(?C, ?D), http://rulewerk.semantic-web.org/normalForm/subClassOf(?D, ?E) >>>
08:51:33 [INFO] Execution step: Body
08:51:33 [INFO] Saved temporary table: 4332 entries (65618)
08:51:33 [INFO] Execution step: Duplicate Elimination (Datalog)
08:51:34 [INFO] Saved permanent table http://rulewerk.semantic-web.org/inferred/subClassOf (23) Permutation { idx_to_val: [], val_to_idx: [] } with 4320 entries (65618)
08:51:34 [INFO] Rule duration: 6 ms
08:51:34 [INFO] <<< STEP 24: APPLYING RULE 9 http://rulewerk.semantic-web.org/inferred/subClassOf(?C, ?E) :- http://rulewerk.semantic-web.org/inferred/subClassOf(?C, ?D), http://rulewerk.semantic-web.org/normalForm/subClassOf(?D, ?E) >>>
08:51:34 [INFO] Execution step: Body
08:51:34 [INFO] Saved temporary table: 2755 entries (43458)
08:51:34 [INFO] Execution step: Duplicate Elimination (Datalog)
08:51:34 [INFO] Saved permanent table http://rulewerk.semantic-web.org/inferred/subClassOf (24) Permutation { idx_to_val: [], val_to_idx: [] } with 2751 entries (43490)
08:51:34 [INFO] Rule duration: 4 ms
08:51:34 [INFO] <<< STEP 25: APPLYING RULE 9 http://rulewerk.semantic-web.org/inferred/subClassOf(?C, ?E) :- http://rulewerk.semantic-web.org/inferred/subClassOf(?C, ?D), http://rulewerk.semantic-web.org/normalForm/subClassOf(?D, ?E) >>>
08:51:34 [INFO] Execution step: Body
08:51:34 [INFO] Saved temporary table: 1875 entries (33170)
08:51:34 [INFO] Execution step: Duplicate Elimination (Datalog)
08:51:34 [INFO] Saved permanent table http://rulewerk.semantic-web.org/inferred/subClassOf (25) Permutation { idx_to_val: [], val_to_idx: [] } with 1875 entries (33218)
08:51:34 [INFO] Rule duration: 3 ms
08:51:34 [INFO] Execution step: Combining Tables
08:51:34 [INFO] Saved permanent table http://rulewerk.semantic-web.org/inferred/subClassOf (19-27) Permutation { idx_to_val: [], val_to_idx: [] } with 40524 entries (259178)
08:51:34 [INFO] <<< STEP 26: APPLYING RULE 9 http://rulewerk.semantic-web.org/inferred/subClassOf(?C, ?E) :- http://rulewerk.semantic-web.org/inferred/subClassOf(?C, ?D), http://rulewerk.semantic-web.org/normalForm/subClassOf(?D, ?E) >>>
08:51:34 [INFO] Execution step: Body
08:51:34 [INFO] Saved temporary table: 1252 entries (23946)
08:51:34 [INFO] Execution step: Duplicate Elimination (Datalog)
08:51:34 [INFO] Saved permanent table http://rulewerk.semantic-web.org/inferred/subClassOf (26) Permutation { idx_to_val: [], val_to_idx: [] } with 1251 entries (23978)
08:51:34 [INFO] Rule duration: 2 ms
08:51:34 [INFO] <<< STEP 27: APPLYING RULE 9 http://rulewerk.semantic-web.org/inferred/subClassOf(?C, ?E) :- http://rulewerk.semantic-web.org/inferred/subClassOf(?C, ?D), http://rulewerk.semantic-web.org/normalForm/subClassOf(?D, ?E) >>>
08:51:34 [INFO] Execution step: Body
08:51:34 [INFO] Saved temporary table: 877 entries (18426)
08:51:34 [INFO] Execution step: Duplicate Elimination (Datalog)
08:51:34 [INFO] Saved permanent table http://rulewerk.semantic-web.org/inferred/subClassOf (27) Permutation { idx_to_val: [], val_to_idx: [] } with 877 entries (18474)
08:51:34 [INFO] Rule duration: 1 ms
08:51:34 [INFO] <<< STEP 28: APPLYING RULE 9 http://rulewerk.semantic-web.org/inferred/subClassOf(?C, ?E) :- http://rulewerk.semantic-web.org/inferred/subClassOf(?C, ?D), http://rulewerk.semantic-web.org/normalForm/subClassOf(?D, ?E) >>>
08:51:34 [INFO] Execution step: Body
08:51:34 [INFO] Saved temporary table: 457 entries (14130)
08:51:34 [INFO] Execution step: Duplicate Elimination (Datalog)
08:51:34 [INFO] Saved permanent table http://rulewerk.semantic-web.org/inferred/subClassOf (28) Permutation { idx_to_val: [], val_to_idx: [] } with 457 entries (14178)
08:51:34 [INFO] Rule duration: 1 ms
08:51:34 [INFO] <<< STEP 29: APPLYING RULE 9 http://rulewerk.semantic-web.org/inferred/subClassOf(?C, ?E) :- http://rulewerk.semantic-web.org/inferred/subClassOf(?C, ?D), http://rulewerk.semantic-web.org/normalForm/subClassOf(?D, ?E) >>>
08:51:34 [INFO] Execution step: Body
08:51:34 [INFO] Saved temporary table: 312 entries (11690)
08:51:34 [INFO] Execution step: Duplicate Elimination (Datalog)
08:51:34 [INFO] Saved permanent table http://rulewerk.semantic-web.org/inferred/subClassOf (29) Permutation { idx_to_val: [], val_to_idx: [] } with 312 entries (11738)
08:51:34 [INFO] Rule duration: 0 ms
08:51:34 [INFO] <<< STEP 30: APPLYING RULE 9 http://rulewerk.semantic-web.org/inferred/subClassOf(?C, ?E) :- http://rulewerk.semantic-web.org/inferred/subClassOf(?C, ?D), http://rulewerk.semantic-web.org/normalForm/subClassOf(?D, ?E) >>>
08:51:34 [INFO] Execution step: Body
08:51:34 [INFO] Saved temporary table: 171 entries (9698)
08:51:34 [INFO] Execution step: Duplicate Elimination (Datalog)
08:51:34 [INFO] Saved permanent table http://rulewerk.semantic-web.org/inferred/subClassOf (30) Permutation { idx_to_val: [], val_to_idx: [] } with 171 entries (9746)
08:51:34 [INFO] Rule duration: 0 ms
08:51:34 [INFO] <<< STEP 31: APPLYING RULE 9 http://rulewerk.semantic-web.org/inferred/subClassOf(?C, ?E) :- http://rulewerk.semantic-web.org/inferred/subClassOf(?C, ?D), http://rulewerk.semantic-web.org/normalForm/subClassOf(?D, ?E) >>>
08:51:34 [INFO] Execution step: Body
08:51:34 [INFO] Saved temporary table: 47 entries (9432)
08:51:34 [INFO] Execution step: Duplicate Elimination (Datalog)
08:51:34 [INFO] Saved permanent table http://rulewerk.semantic-web.org/inferred/subClassOf (31) Permutation { idx_to_val: [], val_to_idx: [] } with 47 entries (9480)
08:51:34 [INFO] Rule duration: 0 ms
08:51:34 [INFO] <<< STEP 32: APPLYING RULE 9 http://rulewerk.semantic-web.org/inferred/subClassOf(?C, ?E) :- http://rulewerk.semantic-web.org/inferred/subClassOf(?C, ?D), http://rulewerk.semantic-web.org/normalForm/subClassOf(?D, ?E) >>>
08:51:34 [INFO] Execution step: Body
08:51:34 [INFO] Saved temporary table: 31 entries (8536)
08:51:34 [INFO] Execution step: Duplicate Elimination (Datalog)
08:51:34 [INFO] Saved permanent table http://rulewerk.semantic-web.org/inferred/subClassOf (32) Permutation { idx_to_val: [], val_to_idx: [] } with 31 entries (8584)
08:51:34 [INFO] Rule duration: 0 ms
08:51:34 [INFO] <<< STEP 33: APPLYING RULE 9 http://rulewerk.semantic-web.org/inferred/subClassOf(?C, ?E) :- http://rulewerk.semantic-web.org/inferred/subClassOf(?C, ?D), http://rulewerk.semantic-web.org/normalForm/subClassOf(?D, ?E) >>>
08:51:34 [INFO] Execution step: Body
08:51:34 [INFO] Saved temporary table: 11 entries (7416)
08:51:34 [INFO] Execution step: Duplicate Elimination (Datalog)
08:51:34 [INFO] Saved permanent table http://rulewerk.semantic-web.org/inferred/subClassOf (33) Permutation { idx_to_val: [], val_to_idx: [] } with 11 entries (7464)
08:51:34 [INFO] Rule duration: 0 ms
08:51:34 [INFO] Execution step: Combining Tables
08:51:34 [INFO] Saved permanent table http://rulewerk.semantic-web.org/inferred/subClassOf (27-35) Permutation { idx_to_val: [], val_to_idx: [] } with 1906 entries (22590)
08:51:34 [INFO] <<< STEP 34: APPLYING RULE 9 http://rulewerk.semantic-web.org/inferred/subClassOf(?C, ?E) :- http://rulewerk.semantic-web.org/inferred/subClassOf(?C, ?D), http://rulewerk.semantic-web.org/normalForm/subClassOf(?D, ?E) >>>
08:51:34 [INFO] Execution step: Body
08:51:34 [INFO] Saved temporary table: 2 entries (6912)
08:51:34 [INFO] Execution step: Duplicate Elimination (Datalog)
08:51:34 [INFO] Saved permanent table http://rulewerk.semantic-web.org/inferred/subClassOf (34) Permutation { idx_to_val: [], val_to_idx: [] } with 2 entries (6960)
08:51:34 [INFO] Rule duration: 0 ms
08:51:34 [INFO] <<< STEP 35: APPLYING RULE 9 http://rulewerk.semantic-web.org/inferred/subClassOf(?C, ?E) :- http://rulewerk.semantic-web.org/inferred/subClassOf(?C, ?D), http://rulewerk.semantic-web.org/normalForm/subClassOf(?D, ?E) >>>
08:51:34 [INFO] Execution step: Body
08:51:34 [INFO] Trie does not contain any elements
08:51:34 [INFO] Execution step: Duplicate Elimination (Datalog)
08:51:34 [INFO] Trie does not contain any elements
08:51:34 [INFO] Rule duration: 0 ms
08:51:34 [INFO] <<< STEP 36: APPLYING RULE 10 http://rulewerk.semantic-web.org/inferred/subClassOf(?E, "<http://www.w3.org/2002/07/owl#Nothing>") :- http://rulewerk.semantic-web.org/inferred/ex(?E, ?R, ?C), http://rulewerk.semantic-web.org/inferred/subClassOf(?C, ?_BODY_1), Equal(?_BODY_1, "<http://www.w3.org/2002/07/owl#Nothing>") >>>
08:51:34 [INFO] Execution step: Body
08:51:34 [INFO] Trie does not contain any elements
08:51:34 [INFO] Execution step: Duplicate Elimination (Datalog)
08:51:34 [INFO] Trie does not contain any elements
08:51:34 [INFO] Rule duration: 0 ms
08:51:34 [INFO] <<< STEP 37: APPLYING RULE 1 http://rulewerk.semantic-web.org/inferred/init(?C) :- http://rulewerk.semantic-web.org/inferred/ex(?E, ?R, ?C) >>>
08:51:34 [INFO] Execution step: Body
08:51:34 [INFO] Trie does not contain any elements
08:51:34 [INFO] Execution step: Duplicate Elimination (Datalog)
08:51:34 [INFO] Trie does not contain any elements
08:51:34 [INFO] Rule duration: 0 ms
08:51:34 [INFO] <<< STEP 38: APPLYING RULE 2 http://rulewerk.semantic-web.org/inferred/subClassOf(?C, ?C) :- http://rulewerk.semantic-web.org/inferred/init(?C) >>>
08:51:34 [INFO] Execution step: Body
08:51:34 [INFO] Trie does not contain any elements
08:51:34 [INFO] Execution step: Duplicate Elimination (Datalog)
08:51:34 [INFO] Trie does not contain any elements
08:51:34 [INFO] Rule duration: 0 ms
08:51:34 [INFO] <<< STEP 39: APPLYING RULE 4 http://rulewerk.semantic-web.org/inferred/subClassOf(?C, ?D1), http://rulewerk.semantic-web.org/inferred/subClassOf(?C, ?D2) :- http://rulewerk.semantic-web.org/inferred/subClassOf(?C, ?Y), http://rulewerk.semantic-web.org/normalForm/conj(?Y, ?D1, ?D2) >>>
08:51:34 [INFO] Execution step: Body
08:51:34 [INFO] Saved temporary table: 13819 entries (117740)
08:51:34 [INFO] Saved temporary table: 13819 entries (117740)
08:51:34 [INFO] Execution step: Duplicate Elimination (Datalog)
08:51:34 [INFO] Saved permanent table http://rulewerk.semantic-web.org/inferred/subClassOf (39) Permutation { idx_to_val: [], val_to_idx: [] } with 27638 entries (173064)
08:51:34 [INFO] Rule duration: 48 ms
08:51:34 [INFO] <<< STEP 40: APPLYING RULE 4 http://rulewerk.semantic-web.org/inferred/subClassOf(?C, ?D1), http://rulewerk.semantic-web.org/inferred/subClassOf(?C, ?D2) :- http://rulewerk.semantic-web.org/inferred/subClassOf(?C, ?Y), http://rulewerk.semantic-web.org/normalForm/conj(?Y, ?D1, ?D2) >>>
08:51:34 [INFO] Execution step: Body
08:51:34 [INFO] Saved temporary table: 1521 entries (19370)
08:51:34 [INFO] Saved temporary table: 1521 entries (19370)
08:51:34 [INFO] Execution step: Duplicate Elimination (Datalog)
08:51:34 [INFO] Saved permanent table http://rulewerk.semantic-web.org/inferred/subClassOf (40) Permutation { idx_to_val: [], val_to_idx: [] } with 3042 entries (25502)
08:51:34 [INFO] Rule duration: 7 ms
08:51:34 [INFO] <<< STEP 41: APPLYING RULE 4 http://rulewerk.semantic-web.org/inferred/subClassOf(?C, ?D1), http://rulewerk.semantic-web.org/inferred/subClassOf(?C, ?D2) :- http://rulewerk.semantic-web.org/inferred/subClassOf(?C, ?Y), http://rulewerk.semantic-web.org/normalForm/conj(?Y, ?D1, ?D2) >>>
08:51:34 [INFO] Execution step: Body
08:51:34 [INFO] Saved temporary table: 339 entries (9900)
08:51:34 [INFO] Saved temporary table: 339 entries (9900)
08:51:34 [INFO] Execution step: Duplicate Elimination (Datalog)
08:51:34 [INFO] Saved permanent table http://rulewerk.semantic-web.org/inferred/subClassOf (41) Permutation { idx_to_val: [], val_to_idx: [] } with 678 entries (11304)
08:51:34 [INFO] Rule duration: 1 ms
08:51:34 [INFO] <<< STEP 42: APPLYING RULE 4 http://rulewerk.semantic-web.org/inferred/subClassOf(?C, ?D1), http://rulewerk.semantic-web.org/inferred/subClassOf(?C, ?D2) :- http://rulewerk.semantic-web.org/inferred/subClassOf(?C, ?Y), http://rulewerk.semantic-web.org/normalForm/conj(?Y, ?D1, ?D2) >>>
08:51:34 [INFO] Execution step: Body
08:51:34 [INFO] Saved temporary table: 27 entries (8312)
08:51:34 [INFO] Saved temporary table: 27 entries (8312)
08:51:34 [INFO] Execution step: Duplicate Elimination (Datalog)
08:51:34 [INFO] Saved permanent table http://rulewerk.semantic-web.org/inferred/subClassOf (42) Permutation { idx_to_val: [], val_to_idx: [] } with 54 entries (8468)
08:51:34 [INFO] Rule duration: 0 ms
08:51:34 [INFO] <<< STEP 43: APPLYING RULE 4 http://rulewerk.semantic-web.org/inferred/subClassOf(?C, ?D1), http://rulewerk.semantic-web.org/inferred/subClassOf(?C, ?D2) :- http://rulewerk.semantic-web.org/inferred/subClassOf(?C, ?Y), http://rulewerk.semantic-web.org/normalForm/conj(?Y, ?D1, ?D2) >>>
08:51:34 [INFO] Execution step: Body
08:51:34 [INFO] Saved temporary table: 3 entries (6968)
08:51:34 [INFO] Saved temporary table: 3 entries (6968)
08:51:34 [INFO] Execution step: Duplicate Elimination (Datalog)
08:51:34 [INFO] Saved permanent table http://rulewerk.semantic-web.org/inferred/subClassOf (43) Permutation { idx_to_val: [], val_to_idx: [] } with 6 entries (7028)
08:51:34 [INFO] Rule duration: 0 ms
08:51:34 [INFO] <<< STEP 44: APPLYING RULE 4 http://rulewerk.semantic-web.org/inferred/subClassOf(?C, ?D1), http://rulewerk.semantic-web.org/inferred/subClassOf(?C, ?D2) :- http://rulewerk.semantic-web.org/inferred/subClassOf(?C, ?Y), http://rulewerk.semantic-web.org/normalForm/conj(?Y, ?D1, ?D2) >>>
08:51:34 [INFO] Execution step: Body
08:51:34 [INFO] Trie does not contain any elements
08:51:34 [INFO] Trie does not contain any elements
08:51:34 [INFO] Execution step: Duplicate Elimination (Datalog)
08:51:34 [INFO] Trie does not contain any elements
08:51:34 [INFO] Rule duration: 0 ms
08:51:34 [INFO] <<< STEP 45: APPLYING RULE 5 http://rulewerk.semantic-web.org/inferred/subClassOf(?C, ?I) :- http://rulewerk.semantic-web.org/inferred/subClassOf(?C, ?D1), http://rulewerk.semantic-web.org/inferred/subClassOf(?C, ?D2), http://rulewerk.semantic-web.org/normalForm/conj(?I, ?D1, ?D2), http://rulewerk.semantic-web.org/normalForm/isSubClass(?I) >>>
08:51:34 [INFO] Execution step: Body
08:51:34 [INFO] Saved temporary table: 38256 entries (397910)
08:51:34 [INFO] Execution step: Duplicate Elimination (Datalog)
08:51:34 [INFO] Saved permanent table http://rulewerk.semantic-web.org/inferred/subClassOf (45) Permutation { idx_to_val: [], val_to_idx: [] } with 22547 entries (197230)
08:51:34 [INFO] Rule duration: 128 ms
08:51:34 [INFO] <<< STEP 46: APPLYING RULE 5 http://rulewerk.semantic-web.org/inferred/subClassOf(?C, ?I) :- http://rulewerk.semantic-web.org/inferred/subClassOf(?C, ?D1), http://rulewerk.semantic-web.org/inferred/subClassOf(?C, ?D2), http://rulewerk.semantic-web.org/normalForm/conj(?I, ?D1, ?D2), http://rulewerk.semantic-web.org/normalForm/isSubClass(?I) >>>
08:51:34 [INFO] Execution step: Body
08:51:34 [INFO] Saved temporary table: 597 entries (12076)
08:51:34 [INFO] Execution step: Duplicate Elimination (Datalog)
08:51:34 [INFO] Saved permanent table http://rulewerk.semantic-web.org/inferred/subClassOf (46) Permutation { idx_to_val: [], val_to_idx: [] } with 597 entries (12124)
08:51:34 [INFO] Rule duration: 19 ms
08:51:34 [INFO] Execution step: Combining Tables
08:51:34 [INFO] Saved permanent table http://rulewerk.semantic-web.org/inferred/subClassOf (35-48) Permutation { idx_to_val: [], val_to_idx: [] } with 54562 entries (463182)
08:51:34 [INFO] <<< STEP 47: APPLYING RULE 5 http://rulewerk.semantic-web.org/inferred/subClassOf(?C, ?I) :- http://rulewerk.semantic-web.org/inferred/subClassOf(?C, ?D1), http://rulewerk.semantic-web.org/inferred/subClassOf(?C, ?D2), http://rulewerk.semantic-web.org/normalForm/conj(?I, ?D1, ?D2), http://rulewerk.semantic-web.org/normalForm/isSubClass(?I) >>>
08:51:34 [INFO] Execution step: Body
08:51:34 [INFO] Saved temporary table: 13 entries (7528)
08:51:34 [INFO] Execution step: Duplicate Elimination (Datalog)
08:51:34 [INFO] Saved permanent table http://rulewerk.semantic-web.org/inferred/subClassOf (47) Permutation { idx_to_val: [], val_to_idx: [] } with 13 entries (7576)
08:51:34 [INFO] Rule duration: 2 ms
08:51:34 [INFO] <<< STEP 48: APPLYING RULE 5 http://rulewerk.semantic-web.org/inferred/subClassOf(?C, ?I) :- http://rulewerk.semantic-web.org/inferred/subClassOf(?C, ?D1), http://rulewerk.semantic-web.org/inferred/subClassOf(?C, ?D2), http://rulewerk.semantic-web.org/normalForm/conj(?I, ?D1, ?D2), http://rulewerk.semantic-web.org/normalForm/isSubClass(?I) >>>
08:51:34 [INFO] Execution step: Body
08:51:34 [INFO] Trie does not contain any elements
08:51:34 [INFO] Execution step: Duplicate Elimination (Datalog)
08:51:34 [INFO] Trie does not contain any elements
08:51:34 [INFO] Rule duration: 0 ms
08:51:34 [INFO] <<< STEP 49: APPLYING RULE 6 http://rulewerk.semantic-web.org/inferred/ex(?E, ?R, ?C) :- http://rulewerk.semantic-web.org/inferred/subClassOf(?E, ?Y), http://rulewerk.semantic-web.org/normalForm/exists(?Y, ?R, ?C) >>>
08:51:34 [INFO] Execution step: Body
08:51:34 [INFO] Saved temporary table: 56942 entries (1066076)
08:51:34 [INFO] Execution step: Duplicate Elimination (Datalog)
08:51:34 [INFO] Saved permanent table http://rulewerk.semantic-web.org/inferred/ex (49) Permutation { idx_to_val: [], val_to_idx: [] } with 56942 entries (1066124)
08:51:34 [INFO] Rule duration: 75 ms
08:51:34 [INFO] <<< STEP 50: APPLYING RULE 7 http://rulewerk.semantic-web.org/inferred/subClassOf(?E, ?Y) :- http://rulewerk.semantic-web.org/inferred/ex(?E, ?R, ?C), http://rulewerk.semantic-web.org/inferred/subClassOf(?C, ?D), http://rulewerk.semantic-web.org/normalForm/subProp(?R, ?S), http://rulewerk.semantic-web.org/normalForm/exists(?Y, ?S, ?D), http://rulewerk.semantic-web.org/normalForm/isSubClass(?Y) >>>
08:51:34 [INFO] Execution step: Body
08:51:34 [INFO] Saved temporary table: 80403 entries (542294)
08:51:34 [INFO] Execution step: Duplicate Elimination (Datalog)
08:51:34 [INFO] Saved permanent table http://rulewerk.semantic-web.org/inferred/subClassOf (50) Permutation { idx_to_val: [], val_to_idx: [] } with 50490 entries (355430)
08:51:34 [INFO] Rule duration: 236 ms
08:51:34 [INFO] <<< STEP 51: APPLYING RULE 7 http://rulewerk.semantic-web.org/inferred/subClassOf(?E, ?Y) :- http://rulewerk.semantic-web.org/inferred/ex(?E, ?R, ?C), http://rulewerk.semantic-web.org/inferred/subClassOf(?C, ?D), http://rulewerk.semantic-web.org/normalForm/subProp(?R, ?S), http://rulewerk.semantic-web.org/normalForm/exists(?Y, ?S, ?D), http://rulewerk.semantic-web.org/normalForm/isSubClass(?Y) >>>
08:51:34 [INFO] Execution step: Body
08:51:34 [INFO] Trie does not contain any elements
08:51:34 [INFO] Execution step: Duplicate Elimination (Datalog)
08:51:34 [INFO] Trie does not contain any elements
08:51:34 [INFO] Rule duration: 2 ms
08:51:34 [INFO] <<< STEP 52: APPLYING RULE 8 http://rulewerk.semantic-web.org/inferred/ex(?E, ?S, ?D) :- http://rulewerk.semantic-web.org/inferred/ex(?E, ?R1, ?C), http://rulewerk.semantic-web.org/inferred/ex(?C, ?R2, ?D), http://rulewerk.semantic-web.org/normalForm/subProp(?R1, ?S1), http://rulewerk.semantic-web.org/normalForm/subProp(?R2, ?S2), http://rulewerk.semantic-web.org/normalForm/subPropChain(?S1, ?S2, ?S) >>>
08:51:34 [INFO] Execution step: Body
08:51:34 [INFO] Trie does not contain any elements
08:51:34 [INFO] Execution step: Duplicate Elimination (Datalog)
08:51:34 [INFO] Trie does not contain any elements
08:51:34 [INFO] Rule duration: 17 ms
08:51:34 [INFO] <<< STEP 53: APPLYING RULE 9 http://rulewerk.semantic-web.org/inferred/subClassOf(?C, ?E) :- http://rulewerk.semantic-web.org/inferred/subClassOf(?C, ?D), http://rulewerk.semantic-web.org/normalForm/subClassOf(?D, ?E) >>>
08:51:34 [INFO] Execution step: Body
08:51:34 [INFO] Saved temporary table: 42314 entries (413986)
08:51:34 [INFO] Execution step: Duplicate Elimination (Datalog)
08:51:34 [INFO] Saved permanent table http://rulewerk.semantic-web.org/inferred/subClassOf (53) Permutation { idx_to_val: [], val_to_idx: [] } with 42263 entries (413830)
08:51:34 [INFO] Rule duration: 41 ms
08:51:34 [INFO] <<< STEP 54: APPLYING RULE 9 http://rulewerk.semantic-web.org/inferred/subClassOf(?C, ?E) :- http://rulewerk.semantic-web.org/inferred/subClassOf(?C, ?D), http://rulewerk.semantic-web.org/normalForm/subClassOf(?D, ?E) >>>
08:51:34 [INFO] Execution step: Body
08:51:34 [INFO] Saved temporary table: 46744 entries (431706)
08:51:34 [INFO] Execution step: Duplicate Elimination (Datalog)
08:51:34 [INFO] Saved permanent table http://rulewerk.semantic-web.org/inferred/subClassOf (54) Permutation { idx_to_val: [], val_to_idx: [] } with 20299 entries (227286)
08:51:34 [INFO] Rule duration: 34 ms
08:51:34 [INFO] <<< STEP 55: APPLYING RULE 9 http://rulewerk.semantic-web.org/inferred/subClassOf(?C, ?E) :- http://rulewerk.semantic-web.org/inferred/subClassOf(?C, ?D), http://rulewerk.semantic-web.org/normalForm/subClassOf(?D, ?E) >>>
08:51:34 [INFO] Execution step: Body
08:51:34 [INFO] Saved temporary table: 12074 entries (165946)
08:51:34 [INFO] Execution step: Duplicate Elimination (Datalog)
08:51:34 [INFO] Saved permanent table http://rulewerk.semantic-web.org/inferred/subClassOf (55) Permutation { idx_to_val: [], val_to_idx: [] } with 11687 entries (161506)
08:51:34 [INFO] Rule duration: 23 ms
08:51:34 [INFO] <<< STEP 56: APPLYING RULE 9 http://rulewerk.semantic-web.org/inferred/subClassOf(?C, ?E) :- http://rulewerk.semantic-web.org/inferred/subClassOf(?C, ?D), http://rulewerk.semantic-web.org/normalForm/subClassOf(?D, ?E) >>>
08:51:34 [INFO] Execution step: Body
08:51:34 [INFO] Saved temporary table: 14149 entries (168102)
08:51:34 [INFO] Execution step: Duplicate Elimination (Datalog)
08:51:34 [INFO] Saved permanent table http://rulewerk.semantic-web.org/inferred/subClassOf (56) Permutation { idx_to_val: [], val_to_idx: [] } with 14012 entries (167386)
08:51:34 [INFO] Rule duration: 23 ms
08:51:34 [INFO] <<< STEP 57: APPLYING RULE 9 http://rulewerk.semantic-web.org/inferred/subClassOf(?C, ?E) :- http://rulewerk.semantic-web.org/inferred/subClassOf(?C, ?D), http://rulewerk.semantic-web.org/normalForm/subClassOf(?D, ?E) >>>
08:51:34 [INFO] Execution step: Body
08:51:34 [INFO] Saved temporary table: 10900 entries (152838)
08:51:34 [INFO] Execution step: Duplicate Elimination (Datalog)
08:51:34 [INFO] Saved permanent table http://rulewerk.semantic-web.org/inferred/subClassOf (57) Permutation { idx_to_val: [], val_to_idx: [] } with 10605 entries (151682)
08:51:34 [INFO] Rule duration: 15 ms
08:51:34 [INFO] <<< STEP 58: APPLYING RULE 9 http://rulewerk.semantic-web.org/inferred/subClassOf(?C, ?E) :- http://rulewerk.semantic-web.org/inferred/subClassOf(?C, ?D), http://rulewerk.semantic-web.org/normalForm/subClassOf(?D, ?E) >>>
08:51:34 [INFO] Execution step: Body
08:51:34 [INFO] Saved temporary table: 6992 entries (106006)
08:51:34 [INFO] Execution step: Duplicate Elimination (Datalog)
08:51:34 [INFO] Saved permanent table http://rulewerk.semantic-web.org/inferred/subClassOf (58) Permutation { idx_to_val: [], val_to_idx: [] } with 6791 entries (105250)
08:51:34 [INFO] Rule duration: 8 ms
08:51:34 [INFO] Execution step: Combining Tables
08:51:34 [INFO] Saved permanent table http://rulewerk.semantic-web.org/inferred/subClassOf (48-60) Permutation { idx_to_val: [], val_to_idx: [] } with 156147 entries (870866)
08:51:34 [INFO] <<< STEP 59: APPLYING RULE 9 http://rulewerk.semantic-web.org/inferred/subClassOf(?C, ?E) :- http://rulewerk.semantic-web.org/inferred/subClassOf(?C, ?D), http://rulewerk.semantic-web.org/normalForm/subClassOf(?D, ?E) >>>
08:51:34 [INFO] Execution step: Body
08:51:34 [INFO] Saved temporary table: 6614 entries (98230)
08:51:34 [INFO] Execution step: Duplicate Elimination (Datalog)
08:51:34 [INFO] Saved permanent table http://rulewerk.semantic-web.org/inferred/subClassOf (59) Permutation { idx_to_val: [], val_to_idx: [] } with 6439 entries (97578)
08:51:34 [INFO] Rule duration: 8 ms
08:51:34 [INFO] <<< STEP 60: APPLYING RULE 9 http://rulewerk.semantic-web.org/inferred/subClassOf(?C, ?E) :- http://rulewerk.semantic-web.org/inferred/subClassOf(?C, ?D), http://rulewerk.semantic-web.org/normalForm/subClassOf(?D, ?E) >>>
08:51:34 [INFO] Execution step: Body
08:51:34 [INFO] Saved temporary table: 3654 entries (61250)
08:51:34 [INFO] Execution step: Duplicate Elimination (Datalog)
08:51:34 [INFO] Saved permanent table http://rulewerk.semantic-web.org/inferred/subClassOf (60) Permutation { idx_to_val: [], val_to_idx: [] } with 3636 entries (61226)
08:51:34 [INFO] Rule duration: 5 ms
08:51:34 [INFO] <<< STEP 61: APPLYING RULE 9 http://rulewerk.semantic-web.org/inferred/subClassOf(?C, ?E) :- http://rulewerk.semantic-web.org/inferred/subClassOf(?C, ?D), http://rulewerk.semantic-web.org/normalForm/subClassOf(?D, ?E) >>>
08:51:34 [INFO] Execution step: Body
08:51:34 [INFO] Saved temporary table: 3460 entries (50538)
08:51:34 [INFO] Execution step: Duplicate Elimination (Datalog)
08:51:34 [INFO] Saved permanent table http://rulewerk.semantic-web.org/inferred/subClassOf (61) Permutation { idx_to_val: [], val_to_idx: [] } with 3460 entries (50586)
08:51:34 [INFO] Rule duration: 4 ms
08:51:34 [INFO] <<< STEP 62: APPLYING RULE 9 http://rulewerk.semantic-web.org/inferred/subClassOf(?C, ?E) :- http://rulewerk.semantic-web.org/inferred/subClassOf(?C, ?D), http://rulewerk.semantic-web.org/normalForm/subClassOf(?D, ?E) >>>
08:51:34 [INFO] Execution step: Body
08:51:34 [INFO] Saved temporary table: 2411 entries (42082)
08:51:34 [INFO] Execution step: Duplicate Elimination (Datalog)
08:51:34 [INFO] Saved permanent table http://rulewerk.semantic-web.org/inferred/subClassOf (62) Permutation { idx_to_val: [], val_to_idx: [] } with 2411 entries (42130)
08:51:34 [INFO] Rule duration: 3 ms
08:51:34 [INFO] <<< STEP 63: APPLYING RULE 9 http://rulewerk.semantic-web.org/inferred/subClassOf(?C, ?E) :- http://rulewerk.semantic-web.org/inferred/subClassOf(?C, ?D), http://rulewerk.semantic-web.org/normalForm/subClassOf(?D, ?E) >>>
08:51:34 [INFO] Execution step: Body
08:51:34 [INFO] Saved temporary table: 1437 entries (28058)
08:51:34 [INFO] Execution step: Duplicate Elimination (Datalog)
08:51:34 [INFO] Saved permanent table http://rulewerk.semantic-web.org/inferred/subClassOf (63) Permutation { idx_to_val: [], val_to_idx: [] } with 1437 entries (28106)
08:51:34 [INFO] Rule duration: 2 ms
08:51:34 [INFO] <<< STEP 64: APPLYING RULE 9 http://rulewerk.semantic-web.org/inferred/subClassOf(?C, ?E) :- http://rulewerk.semantic-web.org/inferred/subClassOf(?C, ?D), http://rulewerk.semantic-web.org/normalForm/subClassOf(?D, ?E) >>>
08:51:34 [INFO] Execution step: Body
08:51:34 [INFO] Saved temporary table: 1137 entries (23306)
08:51:34 [INFO] Execution step: Duplicate Elimination (Datalog)
08:51:34 [INFO] Saved permanent table http://rulewerk.semantic-web.org/inferred/subClassOf (64) Permutation { idx_to_val: [], val_to_idx: [] } with 1137 entries (23354)
08:51:34 [INFO] Rule duration: 2 ms
08:51:34 [INFO] <<< STEP 65: APPLYING RULE 9 http://rulewerk.semantic-web.org/inferred/subClassOf(?C, ?E) :- http://rulewerk.semantic-web.org/inferred/subClassOf(?C, ?D), http://rulewerk.semantic-web.org/normalForm/subClassOf(?D, ?E) >>>
08:51:34 [INFO] Execution step: Body
08:51:34 [INFO] Saved temporary table: 436 entries (10676)
08:51:34 [INFO] Execution step: Duplicate Elimination (Datalog)
08:51:34 [INFO] Saved permanent table http://rulewerk.semantic-web.org/inferred/subClassOf (65) Permutation { idx_to_val: [], val_to_idx: [] } with 436 entries (10724)
08:51:34 [INFO] Rule duration: 1 ms
08:51:34 [INFO] <<< STEP 66: APPLYING RULE 9 http://rulewerk.semantic-web.org/inferred/subClassOf(?C, ?E) :- http://rulewerk.semantic-web.org/inferred/subClassOf(?C, ?D), http://rulewerk.semantic-web.org/normalForm/subClassOf(?D, ?E) >>>
08:51:34 [INFO] Execution step: Body
08:51:34 [INFO] Saved temporary table: 243 entries (9132)
08:51:34 [INFO] Execution step: Duplicate Elimination (Datalog)
08:51:34 [INFO] Saved permanent table http://rulewerk.semantic-web.org/inferred/subClassOf (66) Permutation { idx_to_val: [], val_to_idx: [] } with 243 entries (9180)
08:51:34 [INFO] Rule duration: 0 ms
08:51:34 [INFO] Execution step: Combining Tables
08:51:34 [INFO] Saved permanent table http://rulewerk.semantic-web.org/inferred/subClassOf (60-68) Permutation { idx_to_val: [], val_to_idx: [] } with 12760 entries (97722)
08:51:34 [INFO] <<< STEP 67: APPLYING RULE 9 http://rulewerk.semantic-web.org/inferred/subClassOf(?C, ?E) :- http://rulewerk.semantic-web.org/inferred/subClassOf(?C, ?D), http://rulewerk.semantic-web.org/normalForm/subClassOf(?D, ?E) >>>
08:51:34 [INFO] Execution step: Body
08:51:34 [INFO] Saved temporary table: 273 entries (9986)
08:51:34 [INFO] Execution step: Duplicate Elimination (Datalog)
08:51:34 [INFO] Saved permanent table http://rulewerk.semantic-web.org/inferred/subClassOf (67) Permutation { idx_to_val: [], val_to_idx: [] } with 273 entries (10034)
08:51:34 [INFO] Rule duration: 0 ms
08:51:34 [INFO] <<< STEP 68: APPLYING RULE 9 http://rulewerk.semantic-web.org/inferred/subClassOf(?C, ?E) :- http://rulewerk.semantic-web.org/inferred/subClassOf(?C, ?D), http://rulewerk.semantic-web.org/normalForm/subClassOf(?D, ?E) >>>
08:51:34 [INFO] Execution step: Body
08:51:34 [INFO] Saved temporary table: 63 entries (7502)
08:51:34 [INFO] Execution step: Duplicate Elimination (Datalog)
08:51:34 [INFO] Saved permanent table http://rulewerk.semantic-web.org/inferred/subClassOf (68) Permutation { idx_to_val: [], val_to_idx: [] } with 63 entries (7550)
08:51:34 [INFO] Rule duration: 0 ms
08:51:34 [INFO] <<< STEP 69: APPLYING RULE 9 http://rulewerk.semantic-web.org/inferred/subClassOf(?C, ?E) :- http://rulewerk.semantic-web.org/inferred/subClassOf(?C, ?D), http://rulewerk.semantic-web.org/normalForm/subClassOf(?D, ?E) >>>
08:51:34 [INFO] Execution step: Body
08:51:34 [INFO] Saved temporary table: 63 entries (7502)
08:51:34 [INFO] Execution step: Duplicate Elimination (Datalog)
08:51:34 [INFO] Saved permanent table http://rulewerk.semantic-web.org/inferred/subClassOf (69) Permutation { idx_to_val: [], val_to_idx: [] } with 63 entries (7550)
08:51:34 [INFO] Rule duration: 0 ms
08:51:34 [INFO] <<< STEP 70: APPLYING RULE 9 http://rulewerk.semantic-web.org/inferred/subClassOf(?C, ?E) :- http://rulewerk.semantic-web.org/inferred/subClassOf(?C, ?D), http://rulewerk.semantic-web.org/normalForm/subClassOf(?D, ?E) >>>
08:51:34 [INFO] Execution step: Body
08:51:34 [INFO] Saved temporary table: 189 entries (8196)
08:51:34 [INFO] Execution step: Duplicate Elimination (Datalog)
08:51:34 [INFO] Saved permanent table http://rulewerk.semantic-web.org/inferred/subClassOf (70) Permutation { idx_to_val: [], val_to_idx: [] } with 189 entries (8244)
08:51:34 [INFO] Rule duration: 0 ms
08:51:34 [INFO] <<< STEP 71: APPLYING RULE 9 http://rulewerk.semantic-web.org/inferred/subClassOf(?C, ?E) :- http://rulewerk.semantic-web.org/inferred/subClassOf(?C, ?D), http://rulewerk.semantic-web.org/normalForm/subClassOf(?D, ?E) >>>
08:51:34 [INFO] Execution step: Body
08:51:34 [INFO] Saved temporary table: 63 entries (7502)
08:51:34 [INFO] Execution step: Duplicate Elimination (Datalog)
08:51:34 [INFO] Saved permanent table http://rulewerk.semantic-web.org/inferred/subClassOf (71) Permutation { idx_to_val: [], val_to_idx: [] } with 63 entries (7550)
08:51:34 [INFO] Rule duration: 0 ms
08:51:34 [INFO] <<< STEP 72: APPLYING RULE 9 http://rulewerk.semantic-web.org/inferred/subClassOf(?C, ?E) :- http://rulewerk.semantic-web.org/inferred/subClassOf(?C, ?D), http://rulewerk.semantic-web.org/normalForm/subClassOf(?D, ?E) >>>
08:51:34 [INFO] Execution step: Body
08:51:34 [INFO] Saved temporary table: 63 entries (7502)
08:51:34 [INFO] Execution step: Duplicate Elimination (Datalog)
08:51:34 [INFO] Saved permanent table http://rulewerk.semantic-web.org/inferred/subClassOf (72) Permutation { idx_to_val: [], val_to_idx: [] } with 63 entries (7550)
08:51:34 [INFO] Rule duration: 0 ms
08:51:34 [INFO] <<< STEP 73: APPLYING RULE 9 http://rulewerk.semantic-web.org/inferred/subClassOf(?C, ?E) :- http://rulewerk.semantic-web.org/inferred/subClassOf(?C, ?D), http://rulewerk.semantic-web.org/normalForm/subClassOf(?D, ?E) >>>
08:51:34 [INFO] Execution step: Body
08:51:34 [INFO] Saved temporary table: 63 entries (7502)
08:51:34 [INFO] Execution step: Duplicate Elimination (Datalog)
08:51:34 [INFO] Saved permanent table http://rulewerk.semantic-web.org/inferred/subClassOf (73) Permutation { idx_to_val: [], val_to_idx: [] } with 63 entries (7550)
08:51:34 [INFO] Rule duration: 0 ms
08:51:34 [INFO] <<< STEP 74: APPLYING RULE 9 http://rulewerk.semantic-web.org/inferred/subClassOf(?C, ?E) :- http://rulewerk.semantic-web.org/inferred/subClassOf(?C, ?D), http://rulewerk.semantic-web.org/normalForm/subClassOf(?D, ?E) >>>
08:51:34 [INFO] Execution step: Body
08:51:34 [INFO] Trie does not contain any elements
08:51:34 [INFO] Execution step: Duplicate Elimination (Datalog)
08:51:34 [INFO] Trie does not contain any elements
08:51:34 [INFO] Rule duration: 0 ms
08:51:34 [INFO] <<< STEP 75: APPLYING RULE 10 http://rulewerk.semantic-web.org/inferred/subClassOf(?E, "<http://www.w3.org/2002/07/owl#Nothing>") :- http://rulewerk.semantic-web.org/inferred/ex(?E, ?R, ?C), http://rulewerk.semantic-web.org/inferred/subClassOf(?C, ?_BODY_1), Equal(?_BODY_1, "<http://www.w3.org/2002/07/owl#Nothing>") >>>
08:51:34 [INFO] Execution step: Body
08:51:34 [INFO] Trie does not contain any elements
08:51:34 [INFO] Execution step: Duplicate Elimination (Datalog)
08:51:34 [INFO] Trie does not contain any elements
08:51:34 [INFO] Rule duration: 9 ms
08:51:34 [INFO] <<< STEP 76: APPLYING RULE 1 http://rulewerk.semantic-web.org/inferred/init(?C) :- http://rulewerk.semantic-web.org/inferred/ex(?E, ?R, ?C) >>>
08:51:34 [INFO] Execution step: Body
08:51:34 [INFO] Saved temporary table: 8012 entries (35448)
08:51:34 [INFO] Execution step: Duplicate Elimination (Datalog)
08:51:34 [INFO] Saved permanent table http://rulewerk.semantic-web.org/inferred/init (76) Permutation { idx_to_val: [], val_to_idx: [] } with 2396 entries (13032)
08:51:34 [INFO] Rule duration: 30 ms
08:51:34 [INFO] <<< STEP 77: APPLYING RULE 2 http://rulewerk.semantic-web.org/inferred/subClassOf(?C, ?C) :- http://rulewerk.semantic-web.org/inferred/init(?C) >>>
08:51:34 [INFO] Execution step: Body
08:51:34 [INFO] Saved temporary table: 2396 entries (12984)
08:51:34 [INFO] Execution step: Duplicate Elimination (Datalog)
08:51:34 [INFO] Saved permanent table http://rulewerk.semantic-web.org/inferred/subClassOf (77) Permutation { idx_to_val: [], val_to_idx: [] } with 2396 entries (26404)
08:51:34 [INFO] Rule duration: 1 ms
08:51:34 [INFO] Execution step: Combining Tables
08:51:34 [INFO] Saved permanent table http://rulewerk.semantic-web.org/inferred/subClassOf (68-79) Permutation { idx_to_val: [], val_to_idx: [] } with 2900 entries (28690)
08:51:34 [INFO] <<< STEP 78: APPLYING RULE 4 http://rulewerk.semantic-web.org/inferred/subClassOf(?C, ?D1), http://rulewerk.semantic-web.org/inferred/subClassOf(?C, ?D2) :- http://rulewerk.semantic-web.org/inferred/subClassOf(?C, ?Y), http://rulewerk.semantic-web.org/normalForm/conj(?Y, ?D1, ?D2) >>>
08:51:34 [INFO] Execution step: Body
08:51:34 [INFO] Saved temporary table: 22756 entries (279546)
08:51:34 [INFO] Saved temporary table: 27543 entries (298694)
08:51:34 [INFO] Execution step: Duplicate Elimination (Datalog)
08:51:34 [INFO] Saved permanent table http://rulewerk.semantic-web.org/inferred/subClassOf (78) Permutation { idx_to_val: [], val_to_idx: [] } with 13982 entries (148654)
08:51:34 [INFO] Rule duration: 78 ms
08:51:34 [INFO] <<< STEP 79: APPLYING RULE 4 http://rulewerk.semantic-web.org/inferred/subClassOf(?C, ?D1), http://rulewerk.semantic-web.org/inferred/subClassOf(?C, ?D2) :- http://rulewerk.semantic-web.org/inferred/subClassOf(?C, ?Y), http://rulewerk.semantic-web.org/normalForm/conj(?Y, ?D1, ?D2) >>>
08:51:34 [INFO] Execution step: Body
08:51:34 [INFO] Saved temporary table: 703 entries (12812)
08:51:34 [INFO] Saved temporary table: 703 entries (12812)
08:51:34 [INFO] Execution step: Duplicate Elimination (Datalog)
08:51:34 [INFO] Saved permanent table http://rulewerk.semantic-web.org/inferred/subClassOf (79) Permutation { idx_to_val: [], val_to_idx: [] } with 1352 entries (21022)
08:51:34 [INFO] Rule duration: 3 ms
08:51:34 [INFO] <<< STEP 80: APPLYING RULE 4 http://rulewerk.semantic-web.org/inferred/subClassOf(?C, ?D1), http://rulewerk.semantic-web.org/inferred/subClassOf(?C, ?D2) :- http://rulewerk.semantic-web.org/inferred/subClassOf(?C, ?Y), http://rulewerk.semantic-web.org/normalForm/conj(?Y, ?D1, ?D2) >>>
08:51:34 [INFO] Execution step: Body
08:51:34 [INFO] Saved temporary table: 108 entries (8052)
08:51:34 [INFO] Saved temporary table: 108 entries (8052)
08:51:34 [INFO] Execution step: Duplicate Elimination (Datalog)
08:51:34 [INFO] Saved permanent table http://rulewerk.semantic-web.org/inferred/subClassOf (80) Permutation { idx_to_val: [], val_to_idx: [] } with 206 entries (9298)
08:51:34 [INFO] Rule duration: 0 ms
08:51:34 [INFO] <<< STEP 81: APPLYING RULE 4 http://rulewerk.semantic-web.org/inferred/subClassOf(?C, ?D1), http://rulewerk.semantic-web.org/inferred/subClassOf(?C, ?D2) :- http://rulewerk.semantic-web.org/inferred/subClassOf(?C, ?Y), http://rulewerk.semantic-web.org/normalForm/conj(?Y, ?D1, ?D2) >>>
08:51:34 [INFO] Execution step: Body
08:51:34 [INFO] Saved temporary table: 14 entries (7584)
08:51:34 [INFO] Saved temporary table: 14 entries (7584)
08:51:34 [INFO] Execution step: Duplicate Elimination (Datalog)
08:51:34 [INFO] Saved permanent table http://rulewerk.semantic-web.org/inferred/subClassOf (81) Permutation { idx_to_val: [], val_to_idx: [] } with 27 entries (7684)
08:51:34 [INFO] Rule duration: 0 ms
08:51:34 [INFO] <<< STEP 82: APPLYING RULE 4 http://rulewerk.semantic-web.org/inferred/subClassOf(?C, ?D1), http://rulewerk.semantic-web.org/inferred/subClassOf(?C, ?D2) :- http://rulewerk.semantic-web.org/inferred/subClassOf(?C, ?Y), http://rulewerk.semantic-web.org/normalForm/conj(?Y, ?D1, ?D2) >>>
08:51:34 [INFO] Execution step: Body
08:51:34 [INFO] Trie does not contain any elements
08:51:34 [INFO] Trie does not contain any elements
08:51:34 [INFO] Execution step: Duplicate Elimination (Datalog)
08:51:34 [INFO] Trie does not contain any elements
08:51:34 [INFO] Rule duration: 0 ms
08:51:34 [INFO] <<< STEP 83: APPLYING RULE 5 http://rulewerk.semantic-web.org/inferred/subClassOf(?C, ?I) :- http://rulewerk.semantic-web.org/inferred/subClassOf(?C, ?D1), http://rulewerk.semantic-web.org/inferred/subClassOf(?C, ?D2), http://rulewerk.semantic-web.org/normalForm/conj(?I, ?D1, ?D2), http://rulewerk.semantic-web.org/normalForm/isSubClass(?I) >>>
08:51:34 [INFO] Execution step: Body
08:51:35 [INFO] Saved temporary table: 57922 entries (467850)
08:51:35 [INFO] Execution step: Duplicate Elimination (Datalog)
08:51:35 [INFO] Saved permanent table http://rulewerk.semantic-web.org/inferred/subClassOf (83) Permutation { idx_to_val: [], val_to_idx: [] } with 50411 entries (382558)
08:51:35 [INFO] Rule duration: 212 ms
08:51:35 [INFO] <<< STEP 84: APPLYING RULE 5 http://rulewerk.semantic-web.org/inferred/subClassOf(?C, ?I) :- http://rulewerk.semantic-web.org/inferred/subClassOf(?C, ?D1), http://rulewerk.semantic-web.org/inferred/subClassOf(?C, ?D2), http://rulewerk.semantic-web.org/normalForm/conj(?I, ?D1, ?D2), http://rulewerk.semantic-web.org/normalForm/isSubClass(?I) >>>
08:51:35 [INFO] Execution step: Body
08:51:35 [INFO] Saved temporary table: 2094 entries (38306)
08:51:35 [INFO] Execution step: Duplicate Elimination (Datalog)
08:51:35 [INFO] Saved permanent table http://rulewerk.semantic-web.org/inferred/subClassOf (84) Permutation { idx_to_val: [], val_to_idx: [] } with 2094 entries (38354)
08:51:35 [INFO] Rule duration: 84 ms
08:51:35 [INFO] <<< STEP 85: APPLYING RULE 5 http://rulewerk.semantic-web.org/inferred/subClassOf(?C, ?I) :- http://rulewerk.semantic-web.org/inferred/subClassOf(?C, ?D1), http://rulewerk.semantic-web.org/inferred/subClassOf(?C, ?D2), http://rulewerk.semantic-web.org/normalForm/conj(?I, ?D1, ?D2), http://rulewerk.semantic-web.org/normalForm/isSubClass(?I) >>>
08:51:35 [INFO] Execution step: Body
08:51:35 [INFO] Saved temporary table: 26 entries (8204)
08:51:35 [INFO] Execution step: Duplicate Elimination (Datalog)
08:51:35 [INFO] Saved permanent table http://rulewerk.semantic-web.org/inferred/subClassOf (85) Permutation { idx_to_val: [], val_to_idx: [] } with 26 entries (8252)
08:51:35 [INFO] Rule duration: 21 ms
08:51:35 [INFO] <<< STEP 86: APPLYING RULE 5 http://rulewerk.semantic-web.org/inferred/subClassOf(?C, ?I) :- http://rulewerk.semantic-web.org/inferred/subClassOf(?C, ?D1), http://rulewerk.semantic-web.org/inferred/subClassOf(?C, ?D2), http://rulewerk.semantic-web.org/normalForm/conj(?I, ?D1, ?D2), http://rulewerk.semantic-web.org/normalForm/isSubClass(?I) >>>
08:51:35 [INFO] Execution step: Body
08:51:35 [INFO] Trie does not contain any elements
08:51:35 [INFO] Execution step: Duplicate Elimination (Datalog)
08:51:35 [INFO] Trie does not contain any elements
08:51:35 [INFO] Rule duration: 1 ms
08:51:35 [INFO] <<< STEP 87: APPLYING RULE 6 http://rulewerk.semantic-web.org/inferred/ex(?E, ?R, ?C) :- http://rulewerk.semantic-web.org/inferred/subClassOf(?E, ?Y), http://rulewerk.semantic-web.org/normalForm/exists(?Y, ?R, ?C) >>>
08:51:35 [INFO] Execution step: Body
08:51:35 [INFO] Saved temporary table: 81489 entries (1256340)
08:51:35 [INFO] Execution step: Duplicate Elimination (Datalog)
08:51:35 [INFO] Saved permanent table http://rulewerk.semantic-web.org/inferred/ex (87) Permutation { idx_to_val: [], val_to_idx: [] } with 81489 entries (1256388)
08:51:35 [INFO] Rule duration: 84 ms
08:51:35 [INFO] <<< STEP 88: APPLYING RULE 7 http://rulewerk.semantic-web.org/inferred/subClassOf(?E, ?Y) :- http://rulewerk.semantic-web.org/inferred/ex(?E, ?R, ?C), http://rulewerk.semantic-web.org/inferred/subClassOf(?C, ?D), http://rulewerk.semantic-web.org/normalForm/subProp(?R, ?S), http://rulewerk.semantic-web.org/normalForm/exists(?Y, ?S, ?D), http://rulewerk.semantic-web.org/normalForm/isSubClass(?Y) >>>
08:51:35 [INFO] Execution step: Body
08:51:35 [INFO] Saved temporary table: 133147 entries (770034)
08:51:35 [INFO] Execution step: Duplicate Elimination (Datalog)
08:51:35 [INFO] Saved permanent table http://rulewerk.semantic-web.org/inferred/subClassOf (88) Permutation { idx_to_val: [], val_to_idx: [] } with 54923 entries (393346)
08:51:35 [INFO] Rule duration: 646 ms
08:51:35 [INFO] Execution step: Combining Tables
08:51:35 [INFO] Saved permanent table http://rulewerk.semantic-web.org/inferred/subClassOf (79-90) Permutation { idx_to_val: [], val_to_idx: [] } with 109039 entries (675498)
08:51:35 [INFO] <<< STEP 89: APPLYING RULE 7 http://rulewerk.semantic-web.org/inferred/subClassOf(?E, ?Y) :- http://rulewerk.semantic-web.org/inferred/ex(?E, ?R, ?C), http://rulewerk.semantic-web.org/inferred/subClassOf(?C, ?D), http://rulewerk.semantic-web.org/normalForm/subProp(?R, ?S), http://rulewerk.semantic-web.org/normalForm/exists(?Y, ?S, ?D), http://rulewerk.semantic-web.org/normalForm/isSubClass(?Y) >>>
08:51:35 [INFO] Execution step: Body
08:51:35 [INFO] Trie does not contain any elements
08:51:35 [INFO] Execution step: Duplicate Elimination (Datalog)
08:51:35 [INFO] Trie does not contain any elements
08:51:35 [INFO] Rule duration: 3 ms
08:51:35 [INFO] <<< STEP 90: APPLYING RULE 8 http://rulewerk.semantic-web.org/inferred/ex(?E, ?S, ?D) :- http://rulewerk.semantic-web.org/inferred/ex(?E, ?R1, ?C), http://rulewerk.semantic-web.org/inferred/ex(?C, ?R2, ?D), http://rulewerk.semantic-web.org/normalForm/subProp(?R1, ?S1), http://rulewerk.semantic-web.org/normalForm/subProp(?R2, ?S2), http://rulewerk.semantic-web.org/normalForm/subPropChain(?S1, ?S2, ?S) >>>
08:51:35 [INFO] Execution step: Body
08:51:35 [INFO] Trie does not contain any elements
08:51:35 [INFO] Execution step: Duplicate Elimination (Datalog)
08:51:35 [INFO] Trie does not contain any elements
08:51:35 [INFO] Rule duration: 25 ms
08:51:35 [INFO] <<< STEP 91: APPLYING RULE 9 http://rulewerk.semantic-web.org/inferred/subClassOf(?C, ?E) :- http://rulewerk.semantic-web.org/inferred/subClassOf(?C, ?D), http://rulewerk.semantic-web.org/normalForm/subClassOf(?D, ?E) >>>
08:51:35 [INFO] Execution step: Body
08:51:36 [INFO] Saved temporary table: 55642 entries (456990)
08:51:36 [INFO] Execution step: Duplicate Elimination (Datalog)
08:51:36 [INFO] Saved permanent table http://rulewerk.semantic-web.org/inferred/subClassOf (91) Permutation { idx_to_val: [], val_to_idx: [] } with 55619 entries (456946)
08:51:36 [INFO] Rule duration: 87 ms
08:51:36 [INFO] <<< STEP 92: APPLYING RULE 9 http://rulewerk.semantic-web.org/inferred/subClassOf(?C, ?E) :- http://rulewerk.semantic-web.org/inferred/subClassOf(?C, ?D), http://rulewerk.semantic-web.org/normalForm/subClassOf(?D, ?E) >>>
08:51:36 [INFO] Execution step: Body
08:51:36 [INFO] Saved temporary table: 60292 entries (475590)
08:51:36 [INFO] Execution step: Duplicate Elimination (Datalog)
08:51:36 [INFO] Saved permanent table http://rulewerk.semantic-web.org/inferred/subClassOf (92) Permutation { idx_to_val: [], val_to_idx: [] } with 10740 entries (140126)
08:51:36 [INFO] Rule duration: 93 ms
08:51:36 [INFO] <<< STEP 93: APPLYING RULE 9 http://rulewerk.semantic-web.org/inferred/subClassOf(?C, ?E) :- http://rulewerk.semantic-web.org/inferred/subClassOf(?C, ?D), http://rulewerk.semantic-web.org/normalForm/subClassOf(?D, ?E) >>>
08:51:36 [INFO] Execution step: Body
08:51:36 [INFO] Saved temporary table: 6177 entries (82850)
08:51:36 [INFO] Execution step: Duplicate Elimination (Datalog)
08:51:36 [INFO] Saved permanent table http://rulewerk.semantic-web.org/inferred/subClassOf (93) Permutation { idx_to_val: [], val_to_idx: [] } with 5620 entries (79494)
08:51:36 [INFO] Rule duration: 15 ms
08:51:36 [INFO] <<< STEP 94: APPLYING RULE 9 http://rulewerk.semantic-web.org/inferred/subClassOf(?C, ?E) :- http://rulewerk.semantic-web.org/inferred/subClassOf(?C, ?D), http://rulewerk.semantic-web.org/normalForm/subClassOf(?D, ?E) >>>
08:51:36 [INFO] Execution step: Body
08:51:36 [INFO] Saved temporary table: 6714 entries (81290)
08:51:36 [INFO] Execution step: Duplicate Elimination (Datalog)
08:51:36 [INFO] Saved permanent table http://rulewerk.semantic-web.org/inferred/subClassOf (94) Permutation { idx_to_val: [], val_to_idx: [] } with 6647 entries (81058)
08:51:36 [INFO] Rule duration: 14 ms
08:51:36 [INFO] <<< STEP 95: APPLYING RULE 9 http://rulewerk.semantic-web.org/inferred/subClassOf(?C, ?E) :- http://rulewerk.semantic-web.org/inferred/subClassOf(?C, ?D), http://rulewerk.semantic-web.org/normalForm/subClassOf(?D, ?E) >>>
08:51:36 [INFO] Execution step: Body
08:51:36 [INFO] Saved temporary table: 5579 entries (76102)
08:51:36 [INFO] Execution step: Duplicate Elimination (Datalog)
08:51:36 [INFO] Saved permanent table http://rulewerk.semantic-web.org/inferred/subClassOf (95) Permutation { idx_to_val: [], val_to_idx: [] } with 5294 entries (75010)
08:51:36 [INFO] Rule duration: 9 ms
08:51:36 [INFO] <<< STEP 96: APPLYING RULE 9 http://rulewerk.semantic-web.org/inferred/subClassOf(?C, ?E) :- http://rulewerk.semantic-web.org/inferred/subClassOf(?C, ?D), http://rulewerk.semantic-web.org/normalForm/subClassOf(?D, ?E) >>>
08:51:36 [INFO] Execution step: Body
08:51:36 [INFO] Saved temporary table: 4220 entries (65386)
08:51:36 [INFO] Execution step: Duplicate Elimination (Datalog)
08:51:36 [INFO] Saved permanent table http://rulewerk.semantic-web.org/inferred/subClassOf (96) Permutation { idx_to_val: [], val_to_idx: [] } with 3912 entries (64202)
08:51:36 [INFO] Rule duration: 6 ms
08:51:36 [INFO] <<< STEP 97: APPLYING RULE 9 http://rulewerk.semantic-web.org/inferred/subClassOf(?C, ?E) :- http://rulewerk.semantic-web.org/inferred/subClassOf(?C, ?D), http://rulewerk.semantic-web.org/normalForm/subClassOf(?D, ?E) >>>
08:51:36 [INFO] Execution step: Body
08:51:36 [INFO] Saved temporary table: 3491 entries (54670)
08:51:36 [INFO] Execution step: Duplicate Elimination (Datalog)
08:51:36 [INFO] Saved permanent table http://rulewerk.semantic-web.org/inferred/subClassOf (97) Permutation { idx_to_val: [], val_to_idx: [] } with 3247 entries (53742)
08:51:36 [INFO] Rule duration: 6 ms
08:51:36 [INFO] <<< STEP 98: APPLYING RULE 9 http://rulewerk.semantic-web.org/inferred/subClassOf(?C, ?E) :- http://rulewerk.semantic-web.org/inferred/subClassOf(?C, ?D), http://rulewerk.semantic-web.org/normalForm/subClassOf(?D, ?E) >>>
08:51:36 [INFO] Execution step: Body
08:51:36 [INFO] Saved temporary table: 1658 entries (32122)
08:51:36 [INFO] Execution step: Duplicate Elimination (Datalog)
08:51:36 [INFO] Saved permanent table http://rulewerk.semantic-web.org/inferred/subClassOf (98) Permutation { idx_to_val: [], val_to_idx: [] } with 1602 entries (31946)
08:51:36 [INFO] Rule duration: 3 ms
08:51:36 [INFO] Execution step: Combining Tables
08:51:36 [INFO] Saved permanent table http://rulewerk.semantic-web.org/inferred/subClassOf (90-100) Permutation { idx_to_val: [], val_to_idx: [] } with 92681 entries (605194)
08:51:36 [INFO] <<< STEP 99: APPLYING RULE 9 http://rulewerk.semantic-web.org/inferred/subClassOf(?C, ?E) :- http://rulewerk.semantic-web.org/inferred/subClassOf(?C, ?D), http://rulewerk.semantic-web.org/normalForm/subClassOf(?D, ?E) >>>
08:51:36 [INFO] Execution step: Body
08:51:36 [INFO] Saved temporary table: 1245 entries (23366)
08:51:36 [INFO] Execution step: Duplicate Elimination (Datalog)
08:51:36 [INFO] Saved permanent table http://rulewerk.semantic-web.org/inferred/subClassOf (99) Permutation { idx_to_val: [], val_to_idx: [] } with 1240 entries (23394)
08:51:36 [INFO] Rule duration: 2 ms
08:51:36 [INFO] <<< STEP 100: APPLYING RULE 9 http://rulewerk.semantic-web.org/inferred/subClassOf(?C, ?E) :- http://rulewerk.semantic-web.org/inferred/subClassOf(?C, ?D), http://rulewerk.semantic-web.org/normalForm/subClassOf(?D, ?E) >>>
08:51:36 [INFO] Execution step: Body
08:51:36 [INFO] Saved temporary table: 883 entries (19986)
08:51:36 [INFO] Execution step: Duplicate Elimination (Datalog)
08:51:36 [INFO] Saved permanent table http://rulewerk.semantic-web.org/inferred/subClassOf (100) Permutation { idx_to_val: [], val_to_idx: [] } with 883 entries (20034)
08:51:36 [INFO] Rule duration: 2 ms
08:51:36 [INFO] <<< STEP 101: APPLYING RULE 9 http://rulewerk.semantic-web.org/inferred/subClassOf(?C, ?E) :- http://rulewerk.semantic-web.org/inferred/subClassOf(?C, ?D), http://rulewerk.semantic-web.org/normalForm/subClassOf(?D, ?E) >>>
08:51:36 [INFO] Execution step: Body
08:51:36 [INFO] Saved temporary table: 550 entries (14274)
08:51:36 [INFO] Execution step: Duplicate Elimination (Datalog)
08:51:36 [INFO] Saved permanent table http://rulewerk.semantic-web.org/inferred/subClassOf (101) Permutation { idx_to_val: [], val_to_idx: [] } with 550 entries (14322)
08:51:36 [INFO] Rule duration: 1 ms
08:51:36 [INFO] <<< STEP 102: APPLYING RULE 9 http://rulewerk.semantic-web.org/inferred/subClassOf(?C, ?E) :- http://rulewerk.semantic-web.org/inferred/subClassOf(?C, ?D), http://rulewerk.semantic-web.org/normalForm/subClassOf(?D, ?E) >>>
08:51:36 [INFO] Execution step: Body
08:51:36 [INFO] Saved temporary table: 402 entries (12962)
08:51:36 [INFO] Execution step: Duplicate Elimination (Datalog)
08:51:36 [INFO] Saved permanent table http://rulewerk.semantic-web.org/inferred/subClassOf (102) Permutation { idx_to_val: [], val_to_idx: [] } with 402 entries (13010)
08:51:36 [INFO] Rule duration: 0 ms
08:51:36 [INFO] <<< STEP 103: APPLYING RULE 9 http://rulewerk.semantic-web.org/inferred/subClassOf(?C, ?E) :- http://rulewerk.semantic-web.org/inferred/subClassOf(?C, ?D), http://rulewerk.semantic-web.org/normalForm/subClassOf(?D, ?E) >>>
08:51:36 [INFO] Execution step: Body
08:51:36 [INFO] Saved temporary table: 185 entries (8668)
08:51:36 [INFO] Execution step: Duplicate Elimination (Datalog)
08:51:36 [INFO] Saved permanent table http://rulewerk.semantic-web.org/inferred/subClassOf (103) Permutation { idx_to_val: [], val_to_idx: [] } with 185 entries (8716)
08:51:36 [INFO] Rule duration: 0 ms
08:51:36 [INFO] <<< STEP 104: APPLYING RULE 9 http://rulewerk.semantic-web.org/inferred/subClassOf(?C, ?E) :- http://rulewerk.semantic-web.org/inferred/subClassOf(?C, ?D), http://rulewerk.semantic-web.org/normalForm/subClassOf(?D, ?E) >>>
08:51:36 [INFO] Execution step: Body
08:51:36 [INFO] Saved temporary table: 120 entries (8148)
08:51:36 [INFO] Execution step: Duplicate Elimination (Datalog)
08:51:36 [INFO] Saved permanent table http://rulewerk.semantic-web.org/inferred/subClassOf (104) Permutation { idx_to_val: [], val_to_idx: [] } with 120 entries (8196)
08:51:36 [INFO] Rule duration: 0 ms
08:51:36 [INFO] <<< STEP 105: APPLYING RULE 9 http://rulewerk.semantic-web.org/inferred/subClassOf(?C, ?E) :- http://rulewerk.semantic-web.org/inferred/subClassOf(?C, ?D), http://rulewerk.semantic-web.org/normalForm/subClassOf(?D, ?E) >>>
08:51:36 [INFO] Execution step: Body
08:51:36 [INFO] Saved temporary table: 97 entries (9736)
08:51:36 [INFO] Execution step: Duplicate Elimination (Datalog)
08:51:36 [INFO] Saved permanent table http://rulewerk.semantic-web.org/inferred/subClassOf (105) Permutation { idx_to_val: [], val_to_idx: [] } with 97 entries (9784)
08:51:36 [INFO] Rule duration: 0 ms
08:51:36 [INFO] <<< STEP 106: APPLYING RULE 9 http://rulewerk.semantic-web.org/inferred/subClassOf(?C, ?E) :- http://rulewerk.semantic-web.org/inferred/subClassOf(?C, ?D), http://rulewerk.semantic-web.org/normalForm/subClassOf(?D, ?E) >>>
08:51:36 [INFO] Execution step: Body
08:51:36 [INFO] Saved temporary table: 24 entries (8144)
08:51:36 [INFO] Execution step: Duplicate Elimination (Datalog)
08:51:36 [INFO] Saved permanent table http://rulewerk.semantic-web.org/inferred/subClassOf (106) Permutation { idx_to_val: [], val_to_idx: [] } with 24 entries (8192)
08:51:36 [INFO] Rule duration: 0 ms
08:51:36 [INFO] Execution step: Combining Tables
08:51:36 [INFO] Saved permanent table http://rulewerk.semantic-web.org/inferred/subClassOf (100-108) Permutation { idx_to_val: [], val_to_idx: [] } with 2261 entries (25546)
08:51:36 [INFO] <<< STEP 107: APPLYING RULE 9 http://rulewerk.semantic-web.org/inferred/subClassOf(?C, ?E) :- http://rulewerk.semantic-web.org/inferred/subClassOf(?C, ?D), http://rulewerk.semantic-web.org/normalForm/subClassOf(?D, ?E) >>>
08:51:36 [INFO] Execution step: Body
08:51:36 [INFO] Saved temporary table: 24 entries (8144)
08:51:36 [INFO] Execution step: Duplicate Elimination (Datalog)
08:51:36 [INFO] Saved permanent table http://rulewerk.semantic-web.org/inferred/subClassOf (107) Permutation { idx_to_val: [], val_to_idx: [] } with 24 entries (8192)
08:51:36 [INFO] Rule duration: 0 ms
08:51:36 [INFO] <<< STEP 108: APPLYING RULE 9 http://rulewerk.semantic-web.org/inferred/subClassOf(?C, ?E) :- http://rulewerk.semantic-web.org/inferred/subClassOf(?C, ?D), http://rulewerk.semantic-web.org/normalForm/subClassOf(?D, ?E) >>>
08:51:36 [INFO] Execution step: Body
08:51:36 [INFO] Saved temporary table: 72 entries (8336)
08:51:36 [INFO] Execution step: Duplicate Elimination (Datalog)
08:51:36 [INFO] Saved permanent table http://rulewerk.semantic-web.org/inferred/subClassOf (108) Permutation { idx_to_val: [], val_to_idx: [] } with 72 entries (8384)
08:51:36 [INFO] Rule duration: 0 ms
08:51:36 [INFO] <<< STEP 109: APPLYING RULE 9 http://rulewerk.semantic-web.org/inferred/subClassOf(?C, ?E) :- http://rulewerk.semantic-web.org/inferred/subClassOf(?C, ?D), http://rulewerk.semantic-web.org/normalForm/subClassOf(?D, ?E) >>>
08:51:36 [INFO] Execution step: Body
08:51:36 [INFO] Saved temporary table: 24 entries (8144)
08:51:36 [INFO] Execution step: Duplicate Elimination (Datalog)
08:51:36 [INFO] Saved permanent table http://rulewerk.semantic-web.org/inferred/subClassOf (109) Permutation { idx_to_val: [], val_to_idx: [] } with 24 entries (8192)
08:51:36 [INFO] Rule duration: 0 ms
08:51:36 [INFO] <<< STEP 110: APPLYING RULE 9 http://rulewerk.semantic-web.org/inferred/subClassOf(?C, ?E) :- http://rulewerk.semantic-web.org/inferred/subClassOf(?C, ?D), http://rulewerk.semantic-web.org/normalForm/subClassOf(?D, ?E) >>>
08:51:36 [INFO] Execution step: Body
08:51:36 [INFO] Saved temporary table: 24 entries (8144)
08:51:36 [INFO] Execution step: Duplicate Elimination (Datalog)
08:51:36 [INFO] Saved permanent table http://rulewerk.semantic-web.org/inferred/subClassOf (110) Permutation { idx_to_val: [], val_to_idx: [] } with 24 entries (8192)
08:51:36 [INFO] Rule duration: 0 ms
08:51:36 [INFO] <<< STEP 111: APPLYING RULE 9 http://rulewerk.semantic-web.org/inferred/subClassOf(?C, ?E) :- http://rulewerk.semantic-web.org/inferred/subClassOf(?C, ?D), http://rulewerk.semantic-web.org/normalForm/subClassOf(?D, ?E) >>>
08:51:36 [INFO] Execution step: Body
08:51:36 [INFO] Saved temporary table: 24 entries (8144)
08:51:36 [INFO] Execution step: Duplicate Elimination (Datalog)
08:51:36 [INFO] Saved permanent table http://rulewerk.semantic-web.org/inferred/subClassOf (111) Permutation { idx_to_val: [], val_to_idx: [] } with 24 entries (8192)
08:51:36 [INFO] Rule duration: 0 ms
08:51:36 [INFO] <<< STEP 112: APPLYING RULE 9 http://rulewerk.semantic-web.org/inferred/subClassOf(?C, ?E) :- http://rulewerk.semantic-web.org/inferred/subClassOf(?C, ?D), http://rulewerk.semantic-web.org/normalForm/subClassOf(?D, ?E) >>>
08:51:36 [INFO] Execution step: Body
08:51:36 [INFO] Trie does not contain any elements
08:51:36 [INFO] Execution step: Duplicate Elimination (Datalog)
08:51:36 [INFO] Trie does not contain any elements
08:51:36 [INFO] Rule duration: 0 ms
08:51:36 [INFO] <<< STEP 113: APPLYING RULE 10 http://rulewerk.semantic-web.org/inferred/subClassOf(?E, "<http://www.w3.org/2002/07/owl#Nothing>") :- http://rulewerk.semantic-web.org/inferred/ex(?E, ?R, ?C), http://rulewerk.semantic-web.org/inferred/subClassOf(?C, ?_BODY_1), Equal(?_BODY_1, "<http://www.w3.org/2002/07/owl#Nothing>") >>>
08:51:36 [INFO] Execution step: Body
08:51:36 [INFO] Trie does not contain any elements
08:51:36 [INFO] Execution step: Duplicate Elimination (Datalog)
08:51:36 [INFO] Trie does not contain any elements
08:51:36 [INFO] Rule duration: 14 ms
08:51:36 [INFO] <<< STEP 114: APPLYING RULE 1 http://rulewerk.semantic-web.org/inferred/init(?C) :- http://rulewerk.semantic-web.org/inferred/ex(?E, ?R, ?C) >>>
08:51:36 [INFO] Execution step: Body
08:51:36 [INFO] Saved temporary table: 3323 entries (16692)
08:51:36 [INFO] Execution step: Duplicate Elimination (Datalog)
08:51:36 [INFO] Saved permanent table http://rulewerk.semantic-web.org/inferred/init (114) Permutation { idx_to_val: [], val_to_idx: [] } with 335 entries (4788)
08:51:36 [INFO] Rule duration: 38 ms
08:51:36 [INFO] <<< STEP 115: APPLYING RULE 2 http://rulewerk.semantic-web.org/inferred/subClassOf(?C, ?C) :- http://rulewerk.semantic-web.org/inferred/init(?C) >>>
08:51:36 [INFO] Execution step: Body
08:51:36 [INFO] Saved temporary table: 335 entries (4740)
08:51:36 [INFO] Execution step: Duplicate Elimination (Datalog)
08:51:36 [INFO] Saved permanent table http://rulewerk.semantic-web.org/inferred/subClassOf (115) Permutation { idx_to_val: [], val_to_idx: [] } with 335 entries (9916)
08:51:36 [INFO] Rule duration: 0 ms
08:51:36 [INFO] <<< STEP 116: APPLYING RULE 4 http://rulewerk.semantic-web.org/inferred/subClassOf(?C, ?D1), http://rulewerk.semantic-web.org/inferred/subClassOf(?C, ?D2) :- http://rulewerk.semantic-web.org/inferred/subClassOf(?C, ?Y), http://rulewerk.semantic-web.org/normalForm/conj(?Y, ?D1, ?D2) >>>
08:51:36 [INFO] Execution step: Body
08:51:36 [INFO] Saved temporary table: 31368 entries (333554)
08:51:36 [INFO] Saved temporary table: 47733 entries (399014)
08:51:36 [INFO] Execution step: Duplicate Elimination (Datalog)
08:51:36 [INFO] Saved permanent table http://rulewerk.semantic-web.org/inferred/subClassOf (116) Permutation { idx_to_val: [], val_to_idx: [] } with 5435 entries (63406)
08:51:36 [INFO] Rule duration: 122 ms
08:51:36 [INFO] <<< STEP 117: APPLYING RULE 4 http://rulewerk.semantic-web.org/inferred/subClassOf(?C, ?D1), http://rulewerk.semantic-web.org/inferred/subClassOf(?C, ?D2) :- http://rulewerk.semantic-web.org/inferred/subClassOf(?C, ?Y), http://rulewerk.semantic-web.org/normalForm/conj(?Y, ?D1, ?D2) >>>
08:51:36 [INFO] Execution step: Body
08:51:36 [INFO] Saved temporary table: 330 entries (9828)
08:51:36 [INFO] Saved temporary table: 330 entries (9828)
08:51:36 [INFO] Execution step: Duplicate Elimination (Datalog)
08:51:36 [INFO] Saved permanent table http://rulewerk.semantic-web.org/inferred/subClassOf (117) Permutation { idx_to_val: [], val_to_idx: [] } with 576 entries (13442)
08:51:36 [INFO] Rule duration: 3 ms
08:51:36 [INFO] Execution step: Combining Tables
08:51:36 [INFO] Saved permanent table http://rulewerk.semantic-web.org/inferred/subClassOf (108-119) Permutation { idx_to_val: [], val_to_idx: [] } with 6490 entries (67914)
08:51:36 [INFO] <<< STEP 118: APPLYING RULE 4 http://rulewerk.semantic-web.org/inferred/subClassOf(?C, ?D1), http://rulewerk.semantic-web.org/inferred/subClassOf(?C, ?D2) :- http://rulewerk.semantic-web.org/inferred/subClassOf(?C, ?Y), http://rulewerk.semantic-web.org/normalForm/conj(?Y, ?D1, ?D2) >>>
08:51:36 [INFO] Execution step: Body
08:51:36 [INFO] Saved temporary table: 45 entries (9320)
08:51:36 [INFO] Saved temporary table: 45 entries (9320)
08:51:36 [INFO] Execution step: Duplicate Elimination (Datalog)
08:51:36 [INFO] Saved permanent table http://rulewerk.semantic-web.org/inferred/subClassOf (118) Permutation { idx_to_val: [], val_to_idx: [] } with 76 entries (9492)
08:51:36 [INFO] Rule duration: 1 ms
08:51:36 [INFO] <<< STEP 119: APPLYING RULE 4 http://rulewerk.semantic-web.org/inferred/subClassOf(?C, ?D1), http://rulewerk.semantic-web.org/inferred/subClassOf(?C, ?D2) :- http://rulewerk.semantic-web.org/inferred/subClassOf(?C, ?Y), http://rulewerk.semantic-web.org/normalForm/conj(?Y, ?D1, ?D2) >>>
08:51:36 [INFO] Execution step: Body
08:51:36 [INFO] Saved temporary table: 2 entries (6912)
08:51:36 [INFO] Saved temporary table: 2 entries (6912)
08:51:36 [INFO] Execution step: Duplicate Elimination (Datalog)
08:51:36 [INFO] Saved permanent table http://rulewerk.semantic-web.org/inferred/subClassOf (119) Permutation { idx_to_val: [], val_to_idx: [] } with 3 entries (6964)
08:51:36 [INFO] Rule duration: 0 ms
08:51:36 [INFO] <<< STEP 120: APPLYING RULE 4 http://rulewerk.semantic-web.org/inferred/subClassOf(?C, ?D1), http://rulewerk.semantic-web.org/inferred/subClassOf(?C, ?D2) :- http://rulewerk.semantic-web.org/inferred/subClassOf(?C, ?Y), http://rulewerk.semantic-web.org/normalForm/conj(?Y, ?D1, ?D2) >>>
08:51:36 [INFO] Execution step: Body
08:51:36 [INFO] Trie does not contain any elements
08:51:36 [INFO] Trie does not contain any elements
08:51:36 [INFO] Execution step: Duplicate Elimination (Datalog)
08:51:36 [INFO] Trie does not contain any elements
08:51:36 [INFO] Rule duration: 0 ms
08:51:36 [INFO] <<< STEP 121: APPLYING RULE 5 http://rulewerk.semantic-web.org/inferred/subClassOf(?C, ?I) :- http://rulewerk.semantic-web.org/inferred/subClassOf(?C, ?D1), http://rulewerk.semantic-web.org/inferred/subClassOf(?C, ?D2), http://rulewerk.semantic-web.org/normalForm/conj(?I, ?D1, ?D2), http://rulewerk.semantic-web.org/normalForm/isSubClass(?I) >>>
08:51:36 [INFO] Execution step: Body
08:51:36 [INFO] Saved temporary table: 54925 entries (390138)
08:51:36 [INFO] Execution step: Duplicate Elimination (Datalog)
08:51:36 [INFO] Saved permanent table http://rulewerk.semantic-web.org/inferred/subClassOf (121) Permutation { idx_to_val: [], val_to_idx: [] } with 51723 entries (364550)
08:51:36 [INFO] Rule duration: 315 ms
08:51:36 [INFO] <<< STEP 122: APPLYING RULE 5 http://rulewerk.semantic-web.org/inferred/subClassOf(?C, ?I) :- http://rulewerk.semantic-web.org/inferred/subClassOf(?C, ?D1), http://rulewerk.semantic-web.org/inferred/subClassOf(?C, ?D2), http://rulewerk.semantic-web.org/normalForm/conj(?I, ?D1, ?D2), http://rulewerk.semantic-web.org/normalForm/isSubClass(?I) >>>
08:51:36 [INFO] Execution step: Body
08:51:36 [INFO] Saved temporary table: 2751 entries (44978)
08:51:36 [INFO] Execution step: Duplicate Elimination (Datalog)
08:51:36 [INFO] Saved permanent table http://rulewerk.semantic-web.org/inferred/subClassOf (122) Permutation { idx_to_val: [], val_to_idx: [] } with 2751 entries (45026)
08:51:36 [INFO] Rule duration: 180 ms
08:51:36 [INFO] <<< STEP 123: APPLYING RULE 5 http://rulewerk.semantic-web.org/inferred/subClassOf(?C, ?I) :- http://rulewerk.semantic-web.org/inferred/subClassOf(?C, ?D1), http://rulewerk.semantic-web.org/inferred/subClassOf(?C, ?D2), http://rulewerk.semantic-web.org/normalForm/conj(?I, ?D1, ?D2), http://rulewerk.semantic-web.org/normalForm/isSubClass(?I) >>>
08:51:36 [INFO] Execution step: Body
08:51:36 [INFO] Saved temporary table: 40 entries (8728)
08:51:36 [INFO] Execution step: Duplicate Elimination (Datalog)
08:51:36 [INFO] Saved permanent table http://rulewerk.semantic-web.org/inferred/subClassOf (123) Permutation { idx_to_val: [], val_to_idx: [] } with 40 entries (8776)
08:51:36 [INFO] Rule duration: 46 ms
08:51:36 [INFO] <<< STEP 124: APPLYING RULE 5 http://rulewerk.semantic-web.org/inferred/subClassOf(?C, ?I) :- http://rulewerk.semantic-web.org/inferred/subClassOf(?C, ?D1), http://rulewerk.semantic-web.org/inferred/subClassOf(?C, ?D2), http://rulewerk.semantic-web.org/normalForm/conj(?I, ?D1, ?D2), http://rulewerk.semantic-web.org/normalForm/isSubClass(?I) >>>
08:51:36 [INFO] Execution step: Body
08:51:36 [INFO] Trie does not contain any elements
08:51:36 [INFO] Execution step: Duplicate Elimination (Datalog)
08:51:36 [INFO] Trie does not contain any elements
08:51:36 [INFO] Rule duration: 1 ms
08:51:36 [INFO] <<< STEP 125: APPLYING RULE 6 http://rulewerk.semantic-web.org/inferred/ex(?E, ?R, ?C) :- http://rulewerk.semantic-web.org/inferred/subClassOf(?E, ?Y), http://rulewerk.semantic-web.org/normalForm/exists(?Y, ?R, ?C) >>>
08:51:36 [INFO] Execution step: Body
08:51:37 [INFO] Saved temporary table: 69041 entries (1021508)
08:51:37 [INFO] Execution step: Duplicate Elimination (Datalog)
08:51:37 [INFO] Saved permanent table http://rulewerk.semantic-web.org/inferred/ex (125) Permutation { idx_to_val: [], val_to_idx: [] } with 69041 entries (1021556)
08:51:37 [INFO] Rule duration: 66 ms
08:51:37 [INFO] <<< STEP 126: APPLYING RULE 7 http://rulewerk.semantic-web.org/inferred/subClassOf(?E, ?Y) :- http://rulewerk.semantic-web.org/inferred/ex(?E, ?R, ?C), http://rulewerk.semantic-web.org/inferred/subClassOf(?C, ?D), http://rulewerk.semantic-web.org/normalForm/subProp(?R, ?S), http://rulewerk.semantic-web.org/normalForm/exists(?Y, ?S, ?D), http://rulewerk.semantic-web.org/normalForm/isSubClass(?Y) >>>
08:51:37 [INFO] Execution step: Body
08:51:37 [INFO] Saved temporary table: 137794 entries (760830)
08:51:37 [INFO] Execution step: Duplicate Elimination (Datalog)
08:51:37 [INFO] Saved permanent table http://rulewerk.semantic-web.org/inferred/subClassOf (126) Permutation { idx_to_val: [], val_to_idx: [] } with 58001 entries (395542)
08:51:37 [INFO] Rule duration: 690 ms
08:51:37 [INFO] <<< STEP 127: APPLYING RULE 7 http://rulewerk.semantic-web.org/inferred/subClassOf(?E, ?Y) :- http://rulewerk.semantic-web.org/inferred/ex(?E, ?R, ?C), http://rulewerk.semantic-web.org/inferred/subClassOf(?C, ?D), http://rulewerk.semantic-web.org/normalForm/subProp(?R, ?S), http://rulewerk.semantic-web.org/normalForm/exists(?Y, ?S, ?D), http://rulewerk.semantic-web.org/normalForm/isSubClass(?Y) >>>
08:51:37 [INFO] Execution step: Body
08:51:37 [INFO] Trie does not contain any elements
08:51:37 [INFO] Execution step: Duplicate Elimination (Datalog)
08:51:37 [INFO] Trie does not contain any elements
08:51:37 [INFO] Rule duration: 3 ms
08:51:37 [INFO] <<< STEP 128: APPLYING RULE 8 http://rulewerk.semantic-web.org/inferred/ex(?E, ?S, ?D) :- http://rulewerk.semantic-web.org/inferred/ex(?E, ?R1, ?C), http://rulewerk.semantic-web.org/inferred/ex(?C, ?R2, ?D), http://rulewerk.semantic-web.org/normalForm/subProp(?R1, ?S1), http://rulewerk.semantic-web.org/normalForm/subProp(?R2, ?S2), http://rulewerk.semantic-web.org/normalForm/subPropChain(?S1, ?S2, ?S) >>>
08:51:37 [INFO] Execution step: Body
08:51:37 [INFO] Trie does not contain any elements
08:51:37 [INFO] Execution step: Duplicate Elimination (Datalog)
08:51:37 [INFO] Trie does not contain any elements
08:51:37 [INFO] Rule duration: 19 ms
08:51:37 [INFO] <<< STEP 129: APPLYING RULE 9 http://rulewerk.semantic-web.org/inferred/subClassOf(?C, ?E) :- http://rulewerk.semantic-web.org/inferred/subClassOf(?C, ?D), http://rulewerk.semantic-web.org/normalForm/subClassOf(?D, ?E) >>>
08:51:37 [INFO] Execution step: Body
08:51:37 [INFO] Saved temporary table: 48888 entries (357530)
08:51:37 [INFO] Execution step: Duplicate Elimination (Datalog)
08:51:37 [INFO] Saved permanent table http://rulewerk.semantic-web.org/inferred/subClassOf (129) Permutation { idx_to_val: [], val_to_idx: [] } with 48872 entries (357514)
08:51:37 [INFO] Rule duration: 61 ms
08:51:37 [INFO] <<< STEP 130: APPLYING RULE 9 http://rulewerk.semantic-web.org/inferred/subClassOf(?C, ?E) :- http://rulewerk.semantic-web.org/inferred/subClassOf(?C, ?D), http://rulewerk.semantic-web.org/normalForm/subClassOf(?D, ?E) >>>
08:51:37 [INFO] Execution step: Body
08:51:37 [INFO] Saved temporary table: 55358 entries (383410)
08:51:37 [INFO] Execution step: Duplicate Elimination (Datalog)
08:51:37 [INFO] Saved permanent table http://rulewerk.semantic-web.org/inferred/subClassOf (130) Permutation { idx_to_val: [], val_to_idx: [] } with 7206 entries (88238)
08:51:37 [INFO] Rule duration: 64 ms
08:51:37 [INFO] Execution step: Combining Tables
08:51:37 [INFO] Saved permanent table http://rulewerk.semantic-web.org/inferred/subClassOf (119-132) Permutation { idx_to_val: [], val_to_idx: [] } with 168596 entries (872518)
08:51:37 [INFO] <<< STEP 131: APPLYING RULE 9 http://rulewerk.semantic-web.org/inferred/subClassOf(?C, ?E) :- http://rulewerk.semantic-web.org/inferred/subClassOf(?C, ?D), http://rulewerk.semantic-web.org/normalForm/subClassOf(?D, ?E) >>>
08:51:37 [INFO] Execution step: Body
08:51:37 [INFO] Saved temporary table: 2747 entries (42082)
08:51:37 [INFO] Execution step: Duplicate Elimination (Datalog)
08:51:37 [INFO] Saved permanent table http://rulewerk.semantic-web.org/inferred/subClassOf (131) Permutation { idx_to_val: [], val_to_idx: [] } with 2439 entries (40322)
08:51:37 [INFO] Rule duration: 6 ms
08:51:37 [INFO] <<< STEP 132: APPLYING RULE 9 http://rulewerk.semantic-web.org/inferred/subClassOf(?C, ?E) :- http://rulewerk.semantic-web.org/inferred/subClassOf(?C, ?D), http://rulewerk.semantic-web.org/normalForm/subClassOf(?D, ?E) >>>
08:51:37 [INFO] Execution step: Body
08:51:37 [INFO] Saved temporary table: 4224 entries (47294)
08:51:37 [INFO] Execution step: Duplicate Elimination (Datalog)
08:51:37 [INFO] Saved permanent table http://rulewerk.semantic-web.org/inferred/subClassOf (132) Permutation { idx_to_val: [], val_to_idx: [] } with 4185 entries (47138)
08:51:37 [INFO] Rule duration: 6 ms
08:51:37 [INFO] <<< STEP 133: APPLYING RULE 9 http://rulewerk.semantic-web.org/inferred/subClassOf(?C, ?E) :- http://rulewerk.semantic-web.org/inferred/subClassOf(?C, ?D), http://rulewerk.semantic-web.org/normalForm/subClassOf(?D, ?E) >>>
08:51:37 [INFO] Execution step: Body
08:51:37 [INFO] Saved temporary table: 2431 entries (39978)
08:51:37 [INFO] Execution step: Duplicate Elimination (Datalog)
08:51:37 [INFO] Saved permanent table http://rulewerk.semantic-web.org/inferred/subClassOf (133) Permutation { idx_to_val: [], val_to_idx: [] } with 2342 entries (39646)
08:51:37 [INFO] Rule duration: 5 ms
08:51:37 [INFO] <<< STEP 134: APPLYING RULE 9 http://rulewerk.semantic-web.org/inferred/subClassOf(?C, ?E) :- http://rulewerk.semantic-web.org/inferred/subClassOf(?C, ?D), http://rulewerk.semantic-web.org/normalForm/subClassOf(?D, ?E) >>>
08:51:37 [INFO] Execution step: Body
08:51:37 [INFO] Saved temporary table: 2019 entries (37094)
08:51:37 [INFO] Execution step: Duplicate Elimination (Datalog)
08:51:37 [INFO] Saved permanent table http://rulewerk.semantic-web.org/inferred/subClassOf (134) Permutation { idx_to_val: [], val_to_idx: [] } with 1966 entries (36930)
08:51:37 [INFO] Rule duration: 5 ms
08:51:37 [INFO] <<< STEP 135: APPLYING RULE 9 http://rulewerk.semantic-web.org/inferred/subClassOf(?C, ?E) :- http://rulewerk.semantic-web.org/inferred/subClassOf(?C, ?D), http://rulewerk.semantic-web.org/normalForm/subClassOf(?D, ?E) >>>
08:51:37 [INFO] Execution step: Body
08:51:37 [INFO] Saved temporary table: 1875 entries (34886)
08:51:37 [INFO] Execution step: Duplicate Elimination (Datalog)
08:51:37 [INFO] Saved permanent table http://rulewerk.semantic-web.org/inferred/subClassOf (135) Permutation { idx_to_val: [], val_to_idx: [] } with 1783 entries (34566)
08:51:37 [INFO] Rule duration: 5 ms
08:51:37 [INFO] <<< STEP 136: APPLYING RULE 9 http://rulewerk.semantic-web.org/inferred/subClassOf(?C, ?E) :- http://rulewerk.semantic-web.org/inferred/subClassOf(?C, ?D), http://rulewerk.semantic-web.org/normalForm/subClassOf(?D, ?E) >>>
08:51:37 [INFO] Execution step: Body
08:51:37 [INFO] Saved temporary table: 545 entries (15442)
08:51:37 [INFO] Execution step: Duplicate Elimination (Datalog)
08:51:37 [INFO] Saved permanent table http://rulewerk.semantic-web.org/inferred/subClassOf (136) Permutation { idx_to_val: [], val_to_idx: [] } with 535 entries (15450)
08:51:37 [INFO] Rule duration: 1 ms
08:51:37 [INFO] <<< STEP 137: APPLYING RULE 9 http://rulewerk.semantic-web.org/inferred/subClassOf(?C, ?E) :- http://rulewerk.semantic-web.org/inferred/subClassOf(?C, ?D), http://rulewerk.semantic-web.org/normalForm/subClassOf(?D, ?E) >>>
08:51:37 [INFO] Execution step: Body
08:51:37 [INFO] Saved temporary table: 397 entries (11994)
08:51:37 [INFO] Execution step: Duplicate Elimination (Datalog)
08:51:37 [INFO] Saved permanent table http://rulewerk.semantic-web.org/inferred/subClassOf (137) Permutation { idx_to_val: [], val_to_idx: [] } with 397 entries (12042)
08:51:37 [INFO] Rule duration: 1 ms
08:51:37 [INFO] <<< STEP 138: APPLYING RULE 9 http://rulewerk.semantic-web.org/inferred/subClassOf(?C, ?E) :- http://rulewerk.semantic-web.org/inferred/subClassOf(?C, ?D), http://rulewerk.semantic-web.org/normalForm/subClassOf(?D, ?E) >>>
08:51:37 [INFO] Execution step: Body
08:51:37 [INFO] Saved temporary table: 258 entries (10826)
08:51:37 [INFO] Execution step: Duplicate Elimination (Datalog)
08:51:37 [INFO] Saved permanent table http://rulewerk.semantic-web.org/inferred/subClassOf (138) Permutation { idx_to_val: [], val_to_idx: [] } with 258 entries (10874)
08:51:37 [INFO] Rule duration: 1 ms
08:51:37 [INFO] Execution step: Combining Tables
08:51:37 [INFO] Saved permanent table http://rulewerk.semantic-web.org/inferred/subClassOf (132-140) Permutation { idx_to_val: [], val_to_idx: [] } with 11466 entries (76262)
08:51:37 [INFO] <<< STEP 139: APPLYING RULE 9 http://rulewerk.semantic-web.org/inferred/subClassOf(?C, ?E) :- http://rulewerk.semantic-web.org/inferred/subClassOf(?C, ?D), http://rulewerk.semantic-web.org/normalForm/subClassOf(?D, ?E) >>>
08:51:37 [INFO] Execution step: Body
08:51:37 [INFO] Saved temporary table: 99 entries (8690)
08:51:37 [INFO] Execution step: Duplicate Elimination (Datalog)
08:51:37 [INFO] Saved permanent table http://rulewerk.semantic-web.org/inferred/subClassOf (139) Permutation { idx_to_val: [], val_to_idx: [] } with 99 entries (8738)
08:51:37 [INFO] Rule duration: 0 ms
08:51:37 [INFO] <<< STEP 140: APPLYING RULE 9 http://rulewerk.semantic-web.org/inferred/subClassOf(?C, ?E) :- http://rulewerk.semantic-web.org/inferred/subClassOf(?C, ?D), http://rulewerk.semantic-web.org/normalForm/subClassOf(?D, ?E) >>>
08:51:37 [INFO] Execution step: Body
08:51:37 [INFO] Saved temporary table: 85 entries (7868)
08:51:37 [INFO] Execution step: Duplicate Elimination (Datalog)
08:51:37 [INFO] Saved permanent table http://rulewerk.semantic-web.org/inferred/subClassOf (140) Permutation { idx_to_val: [], val_to_idx: [] } with 85 entries (7916)
08:51:37 [INFO] Rule duration: 0 ms
08:51:37 [INFO] <<< STEP 141: APPLYING RULE 9 http://rulewerk.semantic-web.org/inferred/subClassOf(?C, ?E) :- http://rulewerk.semantic-web.org/inferred/subClassOf(?C, ?D), http://rulewerk.semantic-web.org/normalForm/subClassOf(?D, ?E) >>>
08:51:37 [INFO] Execution step: Body
08:51:37 [INFO] Saved temporary table: 21 entries (7976)
08:51:37 [INFO] Execution step: Duplicate Elimination (Datalog)
08:51:37 [INFO] Saved permanent table http://rulewerk.semantic-web.org/inferred/subClassOf (141) Permutation { idx_to_val: [], val_to_idx: [] } with 21 entries (8024)
08:51:37 [INFO] Rule duration: 0 ms
08:51:37 [INFO] <<< STEP 142: APPLYING RULE 9 http://rulewerk.semantic-web.org/inferred/subClassOf(?C, ?E) :- http://rulewerk.semantic-web.org/inferred/subClassOf(?C, ?D), http://rulewerk.semantic-web.org/normalForm/subClassOf(?D, ?E) >>>
08:51:37 [INFO] Execution step: Body
08:51:37 [INFO] Saved temporary table: 3 entries (6968)
08:51:37 [INFO] Execution step: Duplicate Elimination (Datalog)
08:51:37 [INFO] Saved permanent table http://rulewerk.semantic-web.org/inferred/subClassOf (142) Permutation { idx_to_val: [], val_to_idx: [] } with 3 entries (7016)
08:51:37 [INFO] Rule duration: 0 ms
08:51:37 [INFO] <<< STEP 143: APPLYING RULE 9 http://rulewerk.semantic-web.org/inferred/subClassOf(?C, ?E) :- http://rulewerk.semantic-web.org/inferred/subClassOf(?C, ?D), http://rulewerk.semantic-web.org/normalForm/subClassOf(?D, ?E) >>>
08:51:37 [INFO] Execution step: Body
08:51:37 [INFO] Saved temporary table: 6 entries (6928)
08:51:37 [INFO] Execution step: Duplicate Elimination (Datalog)
08:51:37 [INFO] Saved permanent table http://rulewerk.semantic-web.org/inferred/subClassOf (143) Permutation { idx_to_val: [], val_to_idx: [] } with 6 entries (6976)
08:51:37 [INFO] Rule duration: 0 ms
08:51:37 [INFO] <<< STEP 144: APPLYING RULE 9 http://rulewerk.semantic-web.org/inferred/subClassOf(?C, ?E) :- http://rulewerk.semantic-web.org/inferred/subClassOf(?C, ?D), http://rulewerk.semantic-web.org/normalForm/subClassOf(?D, ?E) >>>
08:51:37 [INFO] Execution step: Body
08:51:37 [INFO] Saved temporary table: 2 entries (6912)
08:51:37 [INFO] Execution step: Duplicate Elimination (Datalog)
08:51:37 [INFO] Saved permanent table http://rulewerk.semantic-web.org/inferred/subClassOf (144) Permutation { idx_to_val: [], val_to_idx: [] } with 2 entries (6960)
08:51:37 [INFO] Rule duration: 0 ms
08:51:37 [INFO] <<< STEP 145: APPLYING RULE 9 http://rulewerk.semantic-web.org/inferred/subClassOf(?C, ?E) :- http://rulewerk.semantic-web.org/inferred/subClassOf(?C, ?D), http://rulewerk.semantic-web.org/normalForm/subClassOf(?D, ?E) >>>
08:51:37 [INFO] Execution step: Body
08:51:37 [INFO] Saved temporary table: 2 entries (6912)
08:51:37 [INFO] Execution step: Duplicate Elimination (Datalog)
08:51:37 [INFO] Saved permanent table http://rulewerk.semantic-web.org/inferred/subClassOf (145) Permutation { idx_to_val: [], val_to_idx: [] } with 2 entries (6960)
08:51:37 [INFO] Rule duration: 0 ms
08:51:37 [INFO] <<< STEP 146: APPLYING RULE 9 http://rulewerk.semantic-web.org/inferred/subClassOf(?C, ?E) :- http://rulewerk.semantic-web.org/inferred/subClassOf(?C, ?D), http://rulewerk.semantic-web.org/normalForm/subClassOf(?D, ?E) >>>
08:51:37 [INFO] Execution step: Body
08:51:37 [INFO] Saved temporary table: 6 entries (6928)
08:51:37 [INFO] Execution step: Duplicate Elimination (Datalog)
08:51:37 [INFO] Saved permanent table http://rulewerk.semantic-web.org/inferred/subClassOf (146) Permutation { idx_to_val: [], val_to_idx: [] } with 6 entries (6976)
08:51:37 [INFO] Rule duration: 0 ms
08:51:37 [INFO] Execution step: Combining Tables
08:51:37 [INFO] Saved permanent table http://rulewerk.semantic-web.org/inferred/subClassOf (140-148) Permutation { idx_to_val: [], val_to_idx: [] } with 125 entries (8698)
08:51:37 [INFO] <<< STEP 147: APPLYING RULE 9 http://rulewerk.semantic-web.org/inferred/subClassOf(?C, ?E) :- http://rulewerk.semantic-web.org/inferred/subClassOf(?C, ?D), http://rulewerk.semantic-web.org/normalForm/subClassOf(?D, ?E) >>>
08:51:37 [INFO] Execution step: Body
08:51:37 [INFO] Saved temporary table: 2 entries (6912)
08:51:37 [INFO] Execution step: Duplicate Elimination (Datalog)
08:51:37 [INFO] Saved permanent table http://rulewerk.semantic-web.org/inferred/subClassOf (147) Permutation { idx_to_val: [], val_to_idx: [] } with 2 entries (6960)
08:51:37 [INFO] Rule duration: 0 ms
08:51:37 [INFO] <<< STEP 148: APPLYING RULE 9 http://rulewerk.semantic-web.org/inferred/subClassOf(?C, ?E) :- http://rulewerk.semantic-web.org/inferred/subClassOf(?C, ?D), http://rulewerk.semantic-web.org/normalForm/subClassOf(?D, ?E) >>>
08:51:37 [INFO] Execution step: Body
08:51:37 [INFO] Saved temporary table: 2 entries (6912)
08:51:37 [INFO] Execution step: Duplicate Elimination (Datalog)
08:51:37 [INFO] Saved permanent table http://rulewerk.semantic-web.org/inferred/subClassOf (148) Permutation { idx_to_val: [], val_to_idx: [] } with 2 entries (6960)
08:51:37 [INFO] Rule duration: 0 ms
08:51:37 [INFO] <<< STEP 149: APPLYING RULE 9 http://rulewerk.semantic-web.org/inferred/subClassOf(?C, ?E) :- http://rulewerk.semantic-web.org/inferred/subClassOf(?C, ?D), http://rulewerk.semantic-web.org/normalForm/subClassOf(?D, ?E) >>>
08:51:37 [INFO] Execution step: Body
08:51:37 [INFO] Saved temporary table: 2 entries (6912)
08:51:37 [INFO] Execution step: Duplicate Elimination (Datalog)
08:51:37 [INFO] Saved permanent table http://rulewerk.semantic-web.org/inferred/subClassOf (149) Permutation { idx_to_val: [], val_to_idx: [] } with 2 entries (6960)
08:51:37 [INFO] Rule duration: 0 ms
08:51:37 [INFO] <<< STEP 150: APPLYING RULE 9 http://rulewerk.semantic-web.org/inferred/subClassOf(?C, ?E) :- http://rulewerk.semantic-web.org/inferred/subClassOf(?C, ?D), http://rulewerk.semantic-web.org/normalForm/subClassOf(?D, ?E) >>>
08:51:37 [INFO] Execution step: Body
08:51:37 [INFO] Trie does not contain any elements
08:51:37 [INFO] Execution step: Duplicate Elimination (Datalog)
08:51:37 [INFO] Trie does not contain any elements
08:51:37 [INFO] Rule duration: 0 ms
08:51:37 [INFO] <<< STEP 151: APPLYING RULE 10 http://rulewerk.semantic-web.org/inferred/subClassOf(?E, "<http://www.w3.org/2002/07/owl#Nothing>") :- http://rulewerk.semantic-web.org/inferred/ex(?E, ?R, ?C), http://rulewerk.semantic-web.org/inferred/subClassOf(?C, ?_BODY_1), Equal(?_BODY_1, "<http://www.w3.org/2002/07/owl#Nothing>") >>>
08:51:37 [INFO] Execution step: Body
08:51:37 [INFO] Trie does not contain any elements
08:51:37 [INFO] Execution step: Duplicate Elimination (Datalog)
08:51:37 [INFO] Trie does not contain any elements
08:51:37 [INFO] Rule duration: 14 ms
08:51:37 [INFO] <<< STEP 152: APPLYING RULE 1 http://rulewerk.semantic-web.org/inferred/init(?C) :- http://rulewerk.semantic-web.org/inferred/ex(?E, ?R, ?C) >>>
08:51:37 [INFO] Execution step: Body
08:51:37 [INFO] Saved temporary table: 1677 entries (10108)
08:51:37 [INFO] Execution step: Duplicate Elimination (Datalog)
08:51:37 [INFO] Saved permanent table http://rulewerk.semantic-web.org/inferred/init (152) Permutation { idx_to_val: [], val_to_idx: [] } with 92 entries (3816)
08:51:37 [INFO] Rule duration: 36 ms
08:51:37 [INFO] <<< STEP 153: APPLYING RULE 2 http://rulewerk.semantic-web.org/inferred/subClassOf(?C, ?C) :- http://rulewerk.semantic-web.org/inferred/init(?C) >>>
08:51:37 [INFO] Execution step: Body
08:51:37 [INFO] Saved temporary table: 92 entries (3768)
08:51:37 [INFO] Execution step: Duplicate Elimination (Datalog)
08:51:37 [INFO] Saved permanent table http://rulewerk.semantic-web.org/inferred/subClassOf (153) Permutation { idx_to_val: [], val_to_idx: [] } with 92 entries (7972)
08:51:37 [INFO] Rule duration: 0 ms
08:51:37 [INFO] <<< STEP 154: APPLYING RULE 4 http://rulewerk.semantic-web.org/inferred/subClassOf(?C, ?D1), http://rulewerk.semantic-web.org/inferred/subClassOf(?C, ?D2) :- http://rulewerk.semantic-web.org/inferred/subClassOf(?C, ?Y), http://rulewerk.semantic-web.org/normalForm/conj(?Y, ?D1, ?D2) >>>
08:51:37 [INFO] Execution step: Body
08:51:38 [INFO] Saved temporary table: 31710 entries (292034)
08:51:38 [INFO] Saved temporary table: 45444 entries (346970)
08:51:38 [INFO] Execution step: Duplicate Elimination (Datalog)
08:51:38 [INFO] Saved permanent table http://rulewerk.semantic-web.org/inferred/subClassOf (154) Permutation { idx_to_val: [], val_to_idx: [] } with 1875 entries (26534)
08:51:38 [INFO] Rule duration: 123 ms
08:51:38 [INFO] <<< STEP 155: APPLYING RULE 4 http://rulewerk.semantic-web.org/inferred/subClassOf(?C, ?D1), http://rulewerk.semantic-web.org/inferred/subClassOf(?C, ?D2) :- http://rulewerk.semantic-web.org/inferred/subClassOf(?C, ?Y), http://rulewerk.semantic-web.org/normalForm/conj(?Y, ?D1, ?D2) >>>
08:51:38 [INFO] Execution step: Body
08:51:38 [INFO] Saved temporary table: 50 entries (7588)
08:51:38 [INFO] Saved temporary table: 50 entries (7588)
08:51:38 [INFO] Execution step: Duplicate Elimination (Datalog)
08:51:38 [INFO] Saved permanent table http://rulewerk.semantic-web.org/inferred/subClassOf (155) Permutation { idx_to_val: [], val_to_idx: [] } with 86 entries (8122)
08:51:38 [INFO] Rule duration: 0 ms
08:51:38 [INFO] <<< STEP 156: APPLYING RULE 4 http://rulewerk.semantic-web.org/inferred/subClassOf(?C, ?D1), http://rulewerk.semantic-web.org/inferred/subClassOf(?C, ?D2) :- http://rulewerk.semantic-web.org/inferred/subClassOf(?C, ?Y), http://rulewerk.semantic-web.org/normalForm/conj(?Y, ?D1, ?D2) >>>
08:51:38 [INFO] Execution step: Body
08:51:38 [INFO] Saved temporary table: 7 entries (7192)
08:51:38 [INFO] Saved temporary table: 7 entries (7192)
08:51:38 [INFO] Execution step: Duplicate Elimination (Datalog)
08:51:38 [INFO] Saved permanent table http://rulewerk.semantic-web.org/inferred/subClassOf (156) Permutation { idx_to_val: [], val_to_idx: [] } with 9 entries (7248)
08:51:38 [INFO] Rule duration: 0 ms
08:51:38 [INFO] <<< STEP 157: APPLYING RULE 4 http://rulewerk.semantic-web.org/inferred/subClassOf(?C, ?D1), http://rulewerk.semantic-web.org/inferred/subClassOf(?C, ?D2) :- http://rulewerk.semantic-web.org/inferred/subClassOf(?C, ?Y), http://rulewerk.semantic-web.org/normalForm/conj(?Y, ?D1, ?D2) >>>
08:51:38 [INFO] Execution step: Body
08:51:38 [INFO] Trie does not contain any elements
08:51:38 [INFO] Trie does not contain any elements
08:51:38 [INFO] Execution step: Duplicate Elimination (Datalog)
08:51:38 [INFO] Trie does not contain any elements
08:51:38 [INFO] Rule duration: 0 ms
08:51:38 [INFO] <<< STEP 158: APPLYING RULE 5 http://rulewerk.semantic-web.org/inferred/subClassOf(?C, ?I) :- http://rulewerk.semantic-web.org/inferred/subClassOf(?C, ?D1), http://rulewerk.semantic-web.org/inferred/subClassOf(?C, ?D2), http://rulewerk.semantic-web.org/normalForm/conj(?I, ?D1, ?D2), http://rulewerk.semantic-web.org/normalForm/isSubClass(?I) >>>
08:51:38 [INFO] Execution step: Body
08:51:38 [INFO] Saved temporary table: 54918 entries (353726)
08:51:38 [INFO] Execution step: Duplicate Elimination (Datalog)
08:51:38 [INFO] Saved permanent table http://rulewerk.semantic-web.org/inferred/subClassOf (158) Permutation { idx_to_val: [], val_to_idx: [] } with 53873 entries (346030)
08:51:38 [INFO] Rule duration: 420 ms
08:51:38 [INFO] Execution step: Combining Tables
08:51:38 [INFO] Saved permanent table http://rulewerk.semantic-web.org/inferred/subClassOf (148-160) Permutation { idx_to_val: [], val_to_idx: [] } with 55939 entries (357858)
08:51:38 [INFO] <<< STEP 159: APPLYING RULE 5 http://rulewerk.semantic-web.org/inferred/subClassOf(?C, ?I) :- http://rulewerk.semantic-web.org/inferred/subClassOf(?C, ?D1), http://rulewerk.semantic-web.org/inferred/subClassOf(?C, ?D2), http://rulewerk.semantic-web.org/normalForm/conj(?I, ?D1, ?D2), http://rulewerk.semantic-web.org/normalForm/isSubClass(?I) >>>
08:51:38 [INFO] Execution step: Body
08:51:38 [INFO] Saved temporary table: 3356 entries (53110)
08:51:38 [INFO] Execution step: Duplicate Elimination (Datalog)
08:51:38 [INFO] Saved permanent table http://rulewerk.semantic-web.org/inferred/subClassOf (159) Permutation { idx_to_val: [], val_to_idx: [] } with 3356 entries (53158)
08:51:38 [INFO] Rule duration: 163 ms
08:51:38 [INFO] <<< STEP 160: APPLYING RULE 5 http://rulewerk.semantic-web.org/inferred/subClassOf(?C, ?I) :- http://rulewerk.semantic-web.org/inferred/subClassOf(?C, ?D1), http://rulewerk.semantic-web.org/inferred/subClassOf(?C, ?D2), http://rulewerk.semantic-web.org/normalForm/conj(?I, ?D1, ?D2), http://rulewerk.semantic-web.org/normalForm/isSubClass(?I) >>>
08:51:38 [INFO] Execution step: Body
08:51:38 [INFO] Saved temporary table: 28 entries (8264)
08:51:38 [INFO] Execution step: Duplicate Elimination (Datalog)
08:51:38 [INFO] Saved permanent table http://rulewerk.semantic-web.org/inferred/subClassOf (160) Permutation { idx_to_val: [], val_to_idx: [] } with 28 entries (8312)
08:51:38 [INFO] Rule duration: 46 ms
08:51:38 [INFO] <<< STEP 161: APPLYING RULE 5 http://rulewerk.semantic-web.org/inferred/subClassOf(?C, ?I) :- http://rulewerk.semantic-web.org/inferred/subClassOf(?C, ?D1), http://rulewerk.semantic-web.org/inferred/subClassOf(?C, ?D2), http://rulewerk.semantic-web.org/normalForm/conj(?I, ?D1, ?D2), http://rulewerk.semantic-web.org/normalForm/isSubClass(?I) >>>
08:51:38 [INFO] Execution step: Body
08:51:38 [INFO] Saved temporary table: 3 entries (6864)
08:51:38 [INFO] Execution step: Duplicate Elimination (Datalog)
08:51:38 [INFO] Saved permanent table http://rulewerk.semantic-web.org/inferred/subClassOf (161) Permutation { idx_to_val: [], val_to_idx: [] } with 3 entries (6912)
08:51:38 [INFO] Rule duration: 1 ms
08:51:38 [INFO] <<< STEP 162: APPLYING RULE 5 http://rulewerk.semantic-web.org/inferred/subClassOf(?C, ?I) :- http://rulewerk.semantic-web.org/inferred/subClassOf(?C, ?D1), http://rulewerk.semantic-web.org/inferred/subClassOf(?C, ?D2), http://rulewerk.semantic-web.org/normalForm/conj(?I, ?D1, ?D2), http://rulewerk.semantic-web.org/normalForm/isSubClass(?I) >>>
08:51:38 [INFO] Execution step: Body
08:51:38 [INFO] Trie does not contain any elements
08:51:38 [INFO] Execution step: Duplicate Elimination (Datalog)
08:51:38 [INFO] Trie does not contain any elements
08:51:38 [INFO] Rule duration: 0 ms
08:51:38 [INFO] <<< STEP 163: APPLYING RULE 6 http://rulewerk.semantic-web.org/inferred/ex(?E, ?R, ?C) :- http://rulewerk.semantic-web.org/inferred/subClassOf(?E, ?Y), http://rulewerk.semantic-web.org/normalForm/exists(?Y, ?R, ?C) >>>
08:51:38 [INFO] Execution step: Body
08:51:38 [INFO] Saved temporary table: 66419 entries (979400)
08:51:38 [INFO] Execution step: Duplicate Elimination (Datalog)
08:51:38 [INFO] Saved permanent table http://rulewerk.semantic-web.org/inferred/ex (163) Permutation { idx_to_val: [], val_to_idx: [] } with 66419 entries (979448)
08:51:38 [INFO] Rule duration: 62 ms
08:51:38 [INFO] <<< STEP 164: APPLYING RULE 7 http://rulewerk.semantic-web.org/inferred/subClassOf(?E, ?Y) :- http://rulewerk.semantic-web.org/inferred/ex(?E, ?R, ?C), http://rulewerk.semantic-web.org/inferred/subClassOf(?C, ?D), http://rulewerk.semantic-web.org/normalForm/subProp(?R, ?S), http://rulewerk.semantic-web.org/normalForm/exists(?Y, ?S, ?D), http://rulewerk.semantic-web.org/normalForm/isSubClass(?Y) >>>
08:51:38 [INFO] Execution step: Body
08:51:39 [INFO] Saved temporary table: 104301 entries (595250)
08:51:39 [INFO] Execution step: Duplicate Elimination (Datalog)
08:51:39 [INFO] Saved permanent table http://rulewerk.semantic-web.org/inferred/subClassOf (164) Permutation { idx_to_val: [], val_to_idx: [] } with 18110 entries (160162)
08:51:39 [INFO] Rule duration: 433 ms
08:51:39 [INFO] <<< STEP 165: APPLYING RULE 7 http://rulewerk.semantic-web.org/inferred/subClassOf(?E, ?Y) :- http://rulewerk.semantic-web.org/inferred/ex(?E, ?R, ?C), http://rulewerk.semantic-web.org/inferred/subClassOf(?C, ?D), http://rulewerk.semantic-web.org/normalForm/subProp(?R, ?S), http://rulewerk.semantic-web.org/normalForm/exists(?Y, ?S, ?D), http://rulewerk.semantic-web.org/normalForm/isSubClass(?Y) >>>
08:51:39 [INFO] Execution step: Body
08:51:39 [INFO] Trie does not contain any elements
08:51:39 [INFO] Execution step: Duplicate Elimination (Datalog)
08:51:39 [INFO] Trie does not contain any elements
08:51:39 [INFO] Rule duration: 2 ms
08:51:39 [INFO] <<< STEP 166: APPLYING RULE 8 http://rulewerk.semantic-web.org/inferred/ex(?E, ?S, ?D) :- http://rulewerk.semantic-web.org/inferred/ex(?E, ?R1, ?C), http://rulewerk.semantic-web.org/inferred/ex(?C, ?R2, ?D), http://rulewerk.semantic-web.org/normalForm/subProp(?R1, ?S1), http://rulewerk.semantic-web.org/normalForm/subProp(?R2, ?S2), http://rulewerk.semantic-web.org/normalForm/subPropChain(?S1, ?S2, ?S) >>>
08:51:39 [INFO] Execution step: Body
08:51:39 [INFO] Trie does not contain any elements
08:51:39 [INFO] Execution step: Duplicate Elimination (Datalog)
08:51:39 [INFO] Trie does not contain any elements
08:51:39 [INFO] Rule duration: 20 ms
08:51:39 [INFO] <<< STEP 167: APPLYING RULE 9 http://rulewerk.semantic-web.org/inferred/subClassOf(?C, ?E) :- http://rulewerk.semantic-web.org/inferred/subClassOf(?C, ?D), http://rulewerk.semantic-web.org/normalForm/subClassOf(?D, ?E) >>>
08:51:39 [INFO] Execution step: Body
08:51:39 [INFO] Saved temporary table: 46213 entries (313722)
08:51:39 [INFO] Execution step: Duplicate Elimination (Datalog)
08:51:39 [INFO] Saved permanent table http://rulewerk.semantic-web.org/inferred/subClassOf (167) Permutation { idx_to_val: [], val_to_idx: [] } with 46209 entries (313754)
08:51:39 [INFO] Rule duration: 57 ms
08:51:39 [INFO] <<< STEP 168: APPLYING RULE 9 http://rulewerk.semantic-web.org/inferred/subClassOf(?C, ?E) :- http://rulewerk.semantic-web.org/inferred/subClassOf(?C, ?D), http://rulewerk.semantic-web.org/normalForm/subClassOf(?D, ?E) >>>
08:51:39 [INFO] Execution step: Body
08:51:39 [INFO] Saved temporary table: 50609 entries (331306)
08:51:39 [INFO] Execution step: Duplicate Elimination (Datalog)
08:51:39 [INFO] Saved permanent table http://rulewerk.semantic-web.org/inferred/subClassOf (168) Permutation { idx_to_val: [], val_to_idx: [] } with 4055 entries (56674)
08:51:39 [INFO] Rule duration: 56 ms
08:51:39 [INFO] <<< STEP 169: APPLYING RULE 9 http://rulewerk.semantic-web.org/inferred/subClassOf(?C, ?E) :- http://rulewerk.semantic-web.org/inferred/subClassOf(?C, ?D), http://rulewerk.semantic-web.org/normalForm/subClassOf(?D, ?E) >>>
08:51:39 [INFO] Execution step: Body
08:51:39 [INFO] Saved temporary table: 989 entries (19990)
08:51:39 [INFO] Execution step: Duplicate Elimination (Datalog)
08:51:39 [INFO] Saved permanent table http://rulewerk.semantic-web.org/inferred/subClassOf (169) Permutation { idx_to_val: [], val_to_idx: [] } with 897 entries (19322)
08:51:39 [INFO] Rule duration: 3 ms
08:51:39 [INFO] <<< STEP 170: APPLYING RULE 9 http://rulewerk.semantic-web.org/inferred/subClassOf(?C, ?E) :- http://rulewerk.semantic-web.org/inferred/subClassOf(?C, ?D), http://rulewerk.semantic-web.org/normalForm/subClassOf(?D, ?E) >>>
08:51:39 [INFO] Execution step: Body
08:51:39 [INFO] Saved temporary table: 1692 entries (22418)
08:51:39 [INFO] Execution step: Duplicate Elimination (Datalog)
08:51:39 [INFO] Saved permanent table http://rulewerk.semantic-web.org/inferred/subClassOf (170) Permutation { idx_to_val: [], val_to_idx: [] } with 1688 entries (22450)
08:51:39 [INFO] Rule duration: 3 ms
08:51:39 [INFO] Execution step: Combining Tables
08:51:39 [INFO] Saved permanent table http://rulewerk.semantic-web.org/inferred/subClassOf (160-172) Permutation { idx_to_val: [], val_to_idx: [] } with 70990 entries (427458)
08:51:39 [INFO] <<< STEP 171: APPLYING RULE 9 http://rulewerk.semantic-web.org/inferred/subClassOf(?C, ?E) :- http://rulewerk.semantic-web.org/inferred/subClassOf(?C, ?D), http://rulewerk.semantic-web.org/normalForm/subClassOf(?D, ?E) >>>
08:51:39 [INFO] Execution step: Body
08:51:39 [INFO] Saved temporary table: 744 entries (18530)
08:51:39 [INFO] Execution step: Duplicate Elimination (Datalog)
08:51:39 [INFO] Saved permanent table http://rulewerk.semantic-web.org/inferred/subClassOf (171) Permutation { idx_to_val: [], val_to_idx: [] } with 737 entries (18550)
08:51:39 [INFO] Rule duration: 3 ms
08:51:39 [INFO] <<< STEP 172: APPLYING RULE 9 http://rulewerk.semantic-web.org/inferred/subClassOf(?C, ?E) :- http://rulewerk.semantic-web.org/inferred/subClassOf(?C, ?D), http://rulewerk.semantic-web.org/normalForm/subClassOf(?D, ?E) >>>
08:51:39 [INFO] Execution step: Body
08:51:39 [INFO] Saved temporary table: 706 entries (18198)
08:51:39 [INFO] Execution step: Duplicate Elimination (Datalog)
08:51:39 [INFO] Saved permanent table http://rulewerk.semantic-web.org/inferred/subClassOf (172) Permutation { idx_to_val: [], val_to_idx: [] } with 704 entries (18238)
08:51:39 [INFO] Rule duration: 3 ms
08:51:39 [INFO] <<< STEP 173: APPLYING RULE 9 http://rulewerk.semantic-web.org/inferred/subClassOf(?C, ?E) :- http://rulewerk.semantic-web.org/inferred/subClassOf(?C, ?D), http://rulewerk.semantic-web.org/normalForm/subClassOf(?D, ?E) >>>
08:51:39 [INFO] Execution step: Body
08:51:39 [INFO] Saved temporary table: 632 entries (16990)
08:51:39 [INFO] Execution step: Duplicate Elimination (Datalog)
08:51:39 [INFO] Saved permanent table http://rulewerk.semantic-web.org/inferred/subClassOf (173) Permutation { idx_to_val: [], val_to_idx: [] } with 619 entries (12228)
08:51:39 [INFO] Rule duration: 2 ms
08:51:39 [INFO] <<< STEP 174: APPLYING RULE 9 http://rulewerk.semantic-web.org/inferred/subClassOf(?C, ?E) :- http://rulewerk.semantic-web.org/inferred/subClassOf(?C, ?D), http://rulewerk.semantic-web.org/normalForm/subClassOf(?D, ?E) >>>
08:51:39 [INFO] Execution step: Body
08:51:39 [INFO] Saved temporary table: 102 entries (8714)
08:51:39 [INFO] Execution step: Duplicate Elimination (Datalog)
08:51:39 [INFO] Saved permanent table http://rulewerk.semantic-web.org/inferred/subClassOf (174) Permutation { idx_to_val: [], val_to_idx: [] } with 102 entries (8762)
08:51:39 [INFO] Rule duration: 0 ms
08:51:39 [INFO] <<< STEP 175: APPLYING RULE 9 http://rulewerk.semantic-web.org/inferred/subClassOf(?C, ?E) :- http://rulewerk.semantic-web.org/inferred/subClassOf(?C, ?D), http://rulewerk.semantic-web.org/normalForm/subClassOf(?D, ?E) >>>
08:51:39 [INFO] Execution step: Body
08:51:39 [INFO] Saved temporary table: 37 entries (8456)
08:51:39 [INFO] Execution step: Duplicate Elimination (Datalog)
08:51:39 [INFO] Saved permanent table http://rulewerk.semantic-web.org/inferred/subClassOf (175) Permutation { idx_to_val: [], val_to_idx: [] } with 37 entries (8504)
08:51:39 [INFO] Rule duration: 0 ms
08:51:39 [INFO] <<< STEP 176: APPLYING RULE 9 http://rulewerk.semantic-web.org/inferred/subClassOf(?C, ?E) :- http://rulewerk.semantic-web.org/inferred/subClassOf(?C, ?D), http://rulewerk.semantic-web.org/normalForm/subClassOf(?D, ?E) >>>
08:51:39 [INFO] Execution step: Body
08:51:39 [INFO] Saved temporary table: 22 entries (8032)
08:51:39 [INFO] Execution step: Duplicate Elimination (Datalog)
08:51:39 [INFO] Saved permanent table http://rulewerk.semantic-web.org/inferred/subClassOf (176) Permutation { idx_to_val: [], val_to_idx: [] } with 22 entries (8080)
08:51:39 [INFO] Rule duration: 0 ms
08:51:39 [INFO] <<< STEP 177: APPLYING RULE 9 http://rulewerk.semantic-web.org/inferred/subClassOf(?C, ?E) :- http://rulewerk.semantic-web.org/inferred/subClassOf(?C, ?D), http://rulewerk.semantic-web.org/normalForm/subClassOf(?D, ?E) >>>
08:51:39 [INFO] Execution step: Body
08:51:39 [INFO] Saved temporary table: 7 entries (7192)
08:51:39 [INFO] Execution step: Duplicate Elimination (Datalog)
08:51:39 [INFO] Saved permanent table http://rulewerk.semantic-web.org/inferred/subClassOf (177) Permutation { idx_to_val: [], val_to_idx: [] } with 7 entries (7240)
08:51:39 [INFO] Rule duration: 0 ms
08:51:39 [INFO] <<< STEP 178: APPLYING RULE 9 http://rulewerk.semantic-web.org/inferred/subClassOf(?C, ?E) :- http://rulewerk.semantic-web.org/inferred/subClassOf(?C, ?D), http://rulewerk.semantic-web.org/normalForm/subClassOf(?D, ?E) >>>
08:51:39 [INFO] Execution step: Body
08:51:39 [INFO] Saved temporary table: 5 entries (7080)
08:51:39 [INFO] Execution step: Duplicate Elimination (Datalog)
08:51:39 [INFO] Saved permanent table http://rulewerk.semantic-web.org/inferred/subClassOf (178) Permutation { idx_to_val: [], val_to_idx: [] } with 5 entries (7128)
08:51:39 [INFO] Rule duration: 0 ms
08:51:39 [INFO] Execution step: Combining Tables
08:51:39 [INFO] Saved permanent table http://rulewerk.semantic-web.org/inferred/subClassOf (172-180) Permutation { idx_to_val: [], val_to_idx: [] } with 1496 entries (21406)
08:51:39 [INFO] <<< STEP 179: APPLYING RULE 9 http://rulewerk.semantic-web.org/inferred/subClassOf(?C, ?E) :- http://rulewerk.semantic-web.org/inferred/subClassOf(?C, ?D), http://rulewerk.semantic-web.org/normalForm/subClassOf(?D, ?E) >>>
08:51:39 [INFO] Execution step: Body
08:51:39 [INFO] Saved temporary table: 1 entries (6856)
08:51:39 [INFO] Execution step: Duplicate Elimination (Datalog)
08:51:39 [INFO] Saved permanent table http://rulewerk.semantic-web.org/inferred/subClassOf (179) Permutation { idx_to_val: [], val_to_idx: [] } with 1 entries (6904)
08:51:39 [INFO] Rule duration: 0 ms
08:51:39 [INFO] <<< STEP 180: APPLYING RULE 9 http://rulewerk.semantic-web.org/inferred/subClassOf(?C, ?E) :- http://rulewerk.semantic-web.org/inferred/subClassOf(?C, ?D), http://rulewerk.semantic-web.org/normalForm/subClassOf(?D, ?E) >>>
08:51:39 [INFO] Execution step: Body
08:51:39 [INFO] Saved temporary table: 1 entries (6856)
08:51:39 [INFO] Execution step: Duplicate Elimination (Datalog)
08:51:39 [INFO] Saved permanent table http://rulewerk.semantic-web.org/inferred/subClassOf (180) Permutation { idx_to_val: [], val_to_idx: [] } with 1 entries (6904)
08:51:39 [INFO] Rule duration: 0 ms
08:51:39 [INFO] <<< STEP 181: APPLYING RULE 9 http://rulewerk.semantic-web.org/inferred/subClassOf(?C, ?E) :- http://rulewerk.semantic-web.org/inferred/subClassOf(?C, ?D), http://rulewerk.semantic-web.org/normalForm/subClassOf(?D, ?E) >>>
08:51:39 [INFO] Execution step: Body
08:51:39 [INFO] Saved temporary table: 3 entries (6864)
08:51:39 [INFO] Execution step: Duplicate Elimination (Datalog)
08:51:39 [INFO] Saved permanent table http://rulewerk.semantic-web.org/inferred/subClassOf (181) Permutation { idx_to_val: [], val_to_idx: [] } with 3 entries (6912)
08:51:39 [INFO] Rule duration: 0 ms
08:51:39 [INFO] <<< STEP 182: APPLYING RULE 9 http://rulewerk.semantic-web.org/inferred/subClassOf(?C, ?E) :- http://rulewerk.semantic-web.org/inferred/subClassOf(?C, ?D), http://rulewerk.semantic-web.org/normalForm/subClassOf(?D, ?E) >>>
08:51:39 [INFO] Execution step: Body
08:51:39 [INFO] Saved temporary table: 1 entries (6856)
08:51:39 [INFO] Execution step: Duplicate Elimination (Datalog)
08:51:39 [INFO] Saved permanent table http://rulewerk.semantic-web.org/inferred/subClassOf (182) Permutation { idx_to_val: [], val_to_idx: [] } with 1 entries (6904)
08:51:39 [INFO] Rule duration: 0 ms
08:51:39 [INFO] <<< STEP 183: APPLYING RULE 9 http://rulewerk.semantic-web.org/inferred/subClassOf(?C, ?E) :- http://rulewerk.semantic-web.org/inferred/subClassOf(?C, ?D), http://rulewerk.semantic-web.org/normalForm/subClassOf(?D, ?E) >>>
08:51:39 [INFO] Execution step: Body
08:51:39 [INFO] Saved temporary table: 1 entries (6856)
08:51:39 [INFO] Execution step: Duplicate Elimination (Datalog)
08:51:39 [INFO] Saved permanent table http://rulewerk.semantic-web.org/inferred/subClassOf (183) Permutation { idx_to_val: [], val_to_idx: [] } with 1 entries (6904)
08:51:39 [INFO] Rule duration: 0 ms
08:51:39 [INFO] <<< STEP 184: APPLYING RULE 9 http://rulewerk.semantic-web.org/inferred/subClassOf(?C, ?E) :- http://rulewerk.semantic-web.org/inferred/subClassOf(?C, ?D), http://rulewerk.semantic-web.org/normalForm/subClassOf(?D, ?E) >>>
08:51:39 [INFO] Execution step: Body
08:51:39 [INFO] Saved temporary table: 3 entries (6864)
08:51:39 [INFO] Execution step: Duplicate Elimination (Datalog)
08:51:39 [INFO] Saved permanent table http://rulewerk.semantic-web.org/inferred/subClassOf (184) Permutation { idx_to_val: [], val_to_idx: [] } with 3 entries (6912)
08:51:39 [INFO] Rule duration: 0 ms
08:51:39 [INFO] <<< STEP 185: APPLYING RULE 9 http://rulewerk.semantic-web.org/inferred/subClassOf(?C, ?E) :- http://rulewerk.semantic-web.org/inferred/subClassOf(?C, ?D), http://rulewerk.semantic-web.org/normalForm/subClassOf(?D, ?E) >>>
08:51:39 [INFO] Execution step: Body
08:51:39 [INFO] Saved temporary table: 1 entries (6856)
08:51:39 [INFO] Execution step: Duplicate Elimination (Datalog)
08:51:39 [INFO] Saved permanent table http://rulewerk.semantic-web.org/inferred/subClassOf (185) Permutation { idx_to_val: [], val_to_idx: [] } with 1 entries (6904)
08:51:39 [INFO] Rule duration: 0 ms
08:51:39 [INFO] <<< STEP 186: APPLYING RULE 9 http://rulewerk.semantic-web.org/inferred/subClassOf(?C, ?E) :- http://rulewerk.semantic-web.org/inferred/subClassOf(?C, ?D), http://rulewerk.semantic-web.org/normalForm/subClassOf(?D, ?E) >>>
08:51:39 [INFO] Execution step: Body
08:51:39 [INFO] Saved temporary table: 1 entries (6856)
08:51:39 [INFO] Execution step: Duplicate Elimination (Datalog)
08:51:39 [INFO] Saved permanent table http://rulewerk.semantic-web.org/inferred/subClassOf (186) Permutation { idx_to_val: [], val_to_idx: [] } with 1 entries (6904)
08:51:39 [INFO] Rule duration: 0 ms
08:51:39 [INFO] Execution step: Combining Tables
08:51:39 [INFO] Saved permanent table http://rulewerk.semantic-web.org/inferred/subClassOf (180-188) Permutation { idx_to_val: [], val_to_idx: [] } with 11 entries (6944)
08:51:39 [INFO] <<< STEP 187: APPLYING RULE 9 http://rulewerk.semantic-web.org/inferred/subClassOf(?C, ?E) :- http://rulewerk.semantic-web.org/inferred/subClassOf(?C, ?D), http://rulewerk.semantic-web.org/normalForm/subClassOf(?D, ?E) >>>
08:51:39 [INFO] Execution step: Body
08:51:39 [INFO] Saved temporary table: 1 entries (6856)
08:51:39 [INFO] Execution step: Duplicate Elimination (Datalog)
08:51:39 [INFO] Saved permanent table http://rulewerk.semantic-web.org/inferred/subClassOf (187) Permutation { idx_to_val: [], val_to_idx: [] } with 1 entries (6904)
08:51:39 [INFO] Rule duration: 0 ms
08:51:39 [INFO] <<< STEP 188: APPLYING RULE 9 http://rulewerk.semantic-web.org/inferred/subClassOf(?C, ?E) :- http://rulewerk.semantic-web.org/inferred/subClassOf(?C, ?D), http://rulewerk.semantic-web.org/normalForm/subClassOf(?D, ?E) >>>
08:51:39 [INFO] Execution step: Body
08:51:39 [INFO] Trie does not contain any elements
08:51:39 [INFO] Execution step: Duplicate Elimination (Datalog)
08:51:39 [INFO] Trie does not contain any elements
08:51:39 [INFO] Rule duration: 0 ms
08:51:39 [INFO] <<< STEP 189: APPLYING RULE 10 http://rulewerk.semantic-web.org/inferred/subClassOf(?E, "<http://www.w3.org/2002/07/owl#Nothing>") :- http://rulewerk.semantic-web.org/inferred/ex(?E, ?R, ?C), http://rulewerk.semantic-web.org/inferred/subClassOf(?C, ?_BODY_1), Equal(?_BODY_1, "<http://www.w3.org/2002/07/owl#Nothing>") >>>
08:51:39 [INFO] Execution step: Body
08:51:39 [INFO] Trie does not contain any elements
08:51:39 [INFO] Execution step: Duplicate Elimination (Datalog)
08:51:39 [INFO] Trie does not contain any elements
08:51:39 [INFO] Rule duration: 11 ms
08:51:39 [INFO] <<< STEP 190: APPLYING RULE 1 http://rulewerk.semantic-web.org/inferred/init(?C) :- http://rulewerk.semantic-web.org/inferred/ex(?E, ?R, ?C) >>>
08:51:39 [INFO] Execution step: Body
08:51:39 [INFO] Saved temporary table: 988 entries (7352)
08:51:39 [INFO] Execution step: Duplicate Elimination (Datalog)
08:51:39 [INFO] Saved permanent table http://rulewerk.semantic-web.org/inferred/init (190) Permutation { idx_to_val: [], val_to_idx: [] } with 4 entries (3464)
08:51:39 [INFO] Rule duration: 32 ms
08:51:39 [INFO] <<< STEP 191: APPLYING RULE 2 http://rulewerk.semantic-web.org/inferred/subClassOf(?C, ?C) :- http://rulewerk.semantic-web.org/inferred/init(?C) >>>
08:51:39 [INFO] Execution step: Body
08:51:39 [INFO] Saved temporary table: 4 entries (3416)
08:51:39 [INFO] Execution step: Duplicate Elimination (Datalog)
08:51:39 [INFO] Saved permanent table http://rulewerk.semantic-web.org/inferred/subClassOf (191) Permutation { idx_to_val: [], val_to_idx: [] } with 4 entries (7072)
08:51:39 [INFO] Rule duration: 0 ms
08:51:39 [INFO] <<< STEP 192: APPLYING RULE 4 http://rulewerk.semantic-web.org/inferred/subClassOf(?C, ?D1), http://rulewerk.semantic-web.org/inferred/subClassOf(?C, ?D2) :- http://rulewerk.semantic-web.org/inferred/subClassOf(?C, ?Y), http://rulewerk.semantic-web.org/normalForm/conj(?Y, ?D1, ?D2) >>>
08:51:39 [INFO] Execution step: Body
08:51:39 [INFO] Saved temporary table: 30489 entries (254414)
08:51:39 [INFO] Saved temporary table: 45784 entries (315594)
08:51:39 [INFO] Execution step: Duplicate Elimination (Datalog)
08:51:39 [INFO] Saved permanent table http://rulewerk.semantic-web.org/inferred/subClassOf (192) Permutation { idx_to_val: [], val_to_idx: [] } with 502 entries (12342)
08:51:39 [INFO] Rule duration: 165 ms
08:51:39 [INFO] <<< STEP 193: APPLYING RULE 4 http://rulewerk.semantic-web.org/inferred/subClassOf(?C, ?D1), http://rulewerk.semantic-web.org/inferred/subClassOf(?C, ?D2) :- http://rulewerk.semantic-web.org/inferred/subClassOf(?C, ?Y), http://rulewerk.semantic-web.org/normalForm/conj(?Y, ?D1, ?D2) >>>
08:51:39 [INFO] Execution step: Body
08:51:39 [INFO] Saved temporary table: 10 entries (7360)
08:51:39 [INFO] Saved temporary table: 10 entries (7360)
08:51:39 [INFO] Execution step: Duplicate Elimination (Datalog)
08:51:39 [INFO] Saved permanent table http://rulewerk.semantic-web.org/inferred/subClassOf (193) Permutation { idx_to_val: [], val_to_idx: [] } with 18 entries (7440)
08:51:39 [INFO] Rule duration: 0 ms
08:51:39 [INFO] <<< STEP 194: APPLYING RULE 4 http://rulewerk.semantic-web.org/inferred/subClassOf(?C, ?D1), http://rulewerk.semantic-web.org/inferred/subClassOf(?C, ?D2) :- http://rulewerk.semantic-web.org/inferred/subClassOf(?C, ?Y), http://rulewerk.semantic-web.org/normalForm/conj(?Y, ?D1, ?D2) >>>
08:51:39 [INFO] Execution step: Body
08:51:39 [INFO] Saved temporary table: 2 entries (6912)
08:51:39 [INFO] Saved temporary table: 2 entries (6912)
08:51:39 [INFO] Execution step: Duplicate Elimination (Datalog)
08:51:39 [INFO] Saved permanent table http://rulewerk.semantic-web.org/inferred/subClassOf (194) Permutation { idx_to_val: [], val_to_idx: [] } with 3 entries (6964)
08:51:39 [INFO] Rule duration: 0 ms
08:51:39 [INFO] <<< STEP 195: APPLYING RULE 4 http://rulewerk.semantic-web.org/inferred/subClassOf(?C, ?D1), http://rulewerk.semantic-web.org/inferred/subClassOf(?C, ?D2) :- http://rulewerk.semantic-web.org/inferred/subClassOf(?C, ?Y), http://rulewerk.semantic-web.org/normalForm/conj(?Y, ?D1, ?D2) >>>
08:51:39 [INFO] Execution step: Body
08:51:39 [INFO] Trie does not contain any elements
08:51:39 [INFO] Trie does not contain any elements
08:51:39 [INFO] Execution step: Duplicate Elimination (Datalog)
08:51:39 [INFO] Trie does not contain any elements
08:51:39 [INFO] Rule duration: 0 ms
08:51:39 [INFO] <<< STEP 196: APPLYING RULE 5 http://rulewerk.semantic-web.org/inferred/subClassOf(?C, ?I) :- http://rulewerk.semantic-web.org/inferred/subClassOf(?C, ?D1), http://rulewerk.semantic-web.org/inferred/subClassOf(?C, ?D2), http://rulewerk.semantic-web.org/normalForm/conj(?I, ?D1, ?D2), http://rulewerk.semantic-web.org/normalForm/isSubClass(?I) >>>
08:51:39 [INFO] Execution step: Body
08:51:39 [INFO] Saved temporary table: 26984 entries (188830)
08:51:39 [INFO] Execution step: Duplicate Elimination (Datalog)
08:51:39 [INFO] Saved permanent table http://rulewerk.semantic-web.org/inferred/subClassOf (196) Permutation { idx_to_val: [], val_to_idx: [] } with 26709 entries (186638)
08:51:39 [INFO] Rule duration: 346 ms
08:51:39 [INFO] <<< STEP 197: APPLYING RULE 5 http://rulewerk.semantic-web.org/inferred/subClassOf(?C, ?I) :- http://rulewerk.semantic-web.org/inferred/subClassOf(?C, ?D1), http://rulewerk.semantic-web.org/inferred/subClassOf(?C, ?D2), http://rulewerk.semantic-web.org/normalForm/conj(?I, ?D1, ?D2), http://rulewerk.semantic-web.org/normalForm/isSubClass(?I) >>>
08:51:39 [INFO] Execution step: Body
08:51:40 [INFO] Saved temporary table: 2580 entries (36818)
08:51:40 [INFO] Execution step: Duplicate Elimination (Datalog)
08:51:40 [INFO] Saved permanent table http://rulewerk.semantic-web.org/inferred/subClassOf (197) Permutation { idx_to_val: [], val_to_idx: [] } with 2580 entries (36866)
08:51:40 [INFO] Rule duration: 143 ms
08:51:40 [INFO] <<< STEP 198: APPLYING RULE 5 http://rulewerk.semantic-web.org/inferred/subClassOf(?C, ?I) :- http://rulewerk.semantic-web.org/inferred/subClassOf(?C, ?D1), http://rulewerk.semantic-web.org/inferred/subClassOf(?C, ?D2), http://rulewerk.semantic-web.org/normalForm/conj(?I, ?D1, ?D2), http://rulewerk.semantic-web.org/normalForm/isSubClass(?I) >>>
08:51:40 [INFO] Execution step: Body
08:51:40 [INFO] Saved temporary table: 7 entries (7192)
08:51:40 [INFO] Execution step: Duplicate Elimination (Datalog)
08:51:40 [INFO] Saved permanent table http://rulewerk.semantic-web.org/inferred/subClassOf (198) Permutation { idx_to_val: [], val_to_idx: [] } with 7 entries (7240)
08:51:40 [INFO] Rule duration: 37 ms
08:51:40 [INFO] Execution step: Combining Tables
08:51:40 [INFO] Saved permanent table http://rulewerk.semantic-web.org/inferred/subClassOf (188-200) Permutation { idx_to_val: [], val_to_idx: [] } with 29823 entries (200234)
08:51:40 [INFO] <<< STEP 199: APPLYING RULE 5 http://rulewerk.semantic-web.org/inferred/subClassOf(?C, ?I) :- http://rulewerk.semantic-web.org/inferred/subClassOf(?C, ?D1), http://rulewerk.semantic-web.org/inferred/subClassOf(?C, ?D2), http://rulewerk.semantic-web.org/normalForm/conj(?I, ?D1, ?D2), http://rulewerk.semantic-web.org/normalForm/isSubClass(?I) >>>
08:51:40 [INFO] Execution step: Body
08:51:40 [INFO] Trie does not contain any elements
08:51:40 [INFO] Execution step: Duplicate Elimination (Datalog)
08:51:40 [INFO] Trie does not contain any elements
08:51:40 [INFO] Rule duration: 0 ms
08:51:40 [INFO] <<< STEP 200: APPLYING RULE 6 http://rulewerk.semantic-web.org/inferred/ex(?E, ?R, ?C) :- http://rulewerk.semantic-web.org/inferred/subClassOf(?E, ?Y), http://rulewerk.semantic-web.org/normalForm/exists(?Y, ?R, ?C) >>>
08:51:40 [INFO] Execution step: Body
08:51:40 [INFO] Saved temporary table: 22389 entries (388968)
08:51:40 [INFO] Execution step: Duplicate Elimination (Datalog)
08:51:40 [INFO] Saved permanent table http://rulewerk.semantic-web.org/inferred/ex (200) Permutation { idx_to_val: [], val_to_idx: [] } with 22389 entries (389016)
08:51:40 [INFO] Rule duration: 25 ms
08:51:40 [INFO] <<< STEP 201: APPLYING RULE 7 http://rulewerk.semantic-web.org/inferred/subClassOf(?E, ?Y) :- http://rulewerk.semantic-web.org/inferred/ex(?E, ?R, ?C), http://rulewerk.semantic-web.org/inferred/subClassOf(?C, ?D), http://rulewerk.semantic-web.org/normalForm/subProp(?R, ?S), http://rulewerk.semantic-web.org/normalForm/exists(?Y, ?S, ?D), http://rulewerk.semantic-web.org/normalForm/isSubClass(?Y) >>>
08:51:40 [INFO] Execution step: Body
08:51:40 [INFO] Saved temporary table: 50875 entries (314178)
08:51:40 [INFO] Execution step: Duplicate Elimination (Datalog)
08:51:40 [INFO] Saved permanent table http://rulewerk.semantic-web.org/inferred/subClassOf (201) Permutation { idx_to_val: [], val_to_idx: [] } with 7641 entries (83978)
08:51:40 [INFO] Rule duration: 174 ms
08:51:40 [INFO] <<< STEP 202: APPLYING RULE 7 http://rulewerk.semantic-web.org/inferred/subClassOf(?E, ?Y) :- http://rulewerk.semantic-web.org/inferred/ex(?E, ?R, ?C), http://rulewerk.semantic-web.org/inferred/subClassOf(?C, ?D), http://rulewerk.semantic-web.org/normalForm/subProp(?R, ?S), http://rulewerk.semantic-web.org/normalForm/exists(?Y, ?S, ?D), http://rulewerk.semantic-web.org/normalForm/isSubClass(?Y) >>>
08:51:40 [INFO] Execution step: Body
08:51:40 [INFO] Trie does not contain any elements
08:51:40 [INFO] Execution step: Duplicate Elimination (Datalog)
08:51:40 [INFO] Trie does not contain any elements
08:51:40 [INFO] Rule duration: 1 ms
08:51:40 [INFO] <<< STEP 203: APPLYING RULE 8 http://rulewerk.semantic-web.org/inferred/ex(?E, ?S, ?D) :- http://rulewerk.semantic-web.org/inferred/ex(?E, ?R1, ?C), http://rulewerk.semantic-web.org/inferred/ex(?C, ?R2, ?D), http://rulewerk.semantic-web.org/normalForm/subProp(?R1, ?S1), http://rulewerk.semantic-web.org/normalForm/subProp(?R2, ?S2), http://rulewerk.semantic-web.org/normalForm/subPropChain(?S1, ?S2, ?S) >>>
08:51:40 [INFO] Execution step: Body
08:51:40 [INFO] Trie does not contain any elements
08:51:40 [INFO] Execution step: Duplicate Elimination (Datalog)
08:51:40 [INFO] Trie does not contain any elements
08:51:40 [INFO] Rule duration: 6 ms
08:51:40 [INFO] <<< STEP 204: APPLYING RULE 9 http://rulewerk.semantic-web.org/inferred/subClassOf(?C, ?E) :- http://rulewerk.semantic-web.org/inferred/subClassOf(?C, ?D), http://rulewerk.semantic-web.org/normalForm/subClassOf(?D, ?E) >>>
08:51:40 [INFO] Execution step: Body
08:51:40 [INFO] Saved temporary table: 21281 entries (163306)
08:51:40 [INFO] Execution step: Duplicate Elimination (Datalog)
08:51:40 [INFO] Saved permanent table http://rulewerk.semantic-web.org/inferred/subClassOf (204) Permutation { idx_to_val: [], val_to_idx: [] } with 21281 entries (163354)
08:51:40 [INFO] Rule duration: 36 ms
08:51:40 [INFO] <<< STEP 205: APPLYING RULE 9 http://rulewerk.semantic-web.org/inferred/subClassOf(?C, ?E) :- http://rulewerk.semantic-web.org/inferred/subClassOf(?C, ?D), http://rulewerk.semantic-web.org/normalForm/subClassOf(?D, ?E) >>>
08:51:40 [INFO] Execution step: Body
08:51:40 [INFO] Saved temporary table: 23595 entries (172562)
08:51:40 [INFO] Execution step: Duplicate Elimination (Datalog)
08:51:40 [INFO] Saved permanent table http://rulewerk.semantic-web.org/inferred/subClassOf (205) Permutation { idx_to_val: [], val_to_idx: [] } with 1338 entries (24686)
08:51:40 [INFO] Rule duration: 36 ms
08:51:40 [INFO] <<< STEP 206: APPLYING RULE 9 http://rulewerk.semantic-web.org/inferred/subClassOf(?C, ?E) :- http://rulewerk.semantic-web.org/inferred/subClassOf(?C, ?D), http://rulewerk.semantic-web.org/normalForm/subClassOf(?D, ?E) >>>
08:51:40 [INFO] Execution step: Body
08:51:40 [INFO] Saved temporary table: 284 entries (11278)
08:51:40 [INFO] Execution step: Duplicate Elimination (Datalog)
08:51:40 [INFO] Saved permanent table http://rulewerk.semantic-web.org/inferred/subClassOf (206) Permutation { idx_to_val: [], val_to_idx: [] } with 256 entries (11154)
08:51:40 [INFO] Rule duration: 1 ms
08:51:40 [INFO] <<< STEP 207: APPLYING RULE 9 http://rulewerk.semantic-web.org/inferred/subClassOf(?C, ?E) :- http://rulewerk.semantic-web.org/inferred/subClassOf(?C, ?D), http://rulewerk.semantic-web.org/normalForm/subClassOf(?D, ?E) >>>
08:51:40 [INFO] Execution step: Body
08:51:40 [INFO] Saved temporary table: 502 entries (12090)
08:51:40 [INFO] Execution step: Duplicate Elimination (Datalog)
08:51:40 [INFO] Saved permanent table http://rulewerk.semantic-web.org/inferred/subClassOf (207) Permutation { idx_to_val: [], val_to_idx: [] } with 502 entries (12138)
08:51:40 [INFO] Rule duration: 2 ms
08:51:40 [INFO] <<< STEP 208: APPLYING RULE 9 http://rulewerk.semantic-web.org/inferred/subClassOf(?C, ?E) :- http://rulewerk.semantic-web.org/inferred/subClassOf(?C, ?D), http://rulewerk.semantic-web.org/normalForm/subClassOf(?D, ?E) >>>
08:51:40 [INFO] Execution step: Body
08:51:40 [INFO] Saved temporary table: 254 entries (11098)
08:51:40 [INFO] Execution step: Duplicate Elimination (Datalog)
08:51:40 [INFO] Saved permanent table http://rulewerk.semantic-web.org/inferred/subClassOf (208) Permutation { idx_to_val: [], val_to_idx: [] } with 252 entries (11138)
08:51:40 [INFO] Rule duration: 2 ms
08:51:40 [INFO] <<< STEP 209: APPLYING RULE 9 http://rulewerk.semantic-web.org/inferred/subClassOf(?C, ?E) :- http://rulewerk.semantic-web.org/inferred/subClassOf(?C, ?D), http://rulewerk.semantic-web.org/normalForm/subClassOf(?D, ?E) >>>
08:51:40 [INFO] Execution step: Body
08:51:40 [INFO] Saved temporary table: 250 entries (11058)
08:51:40 [INFO] Execution step: Duplicate Elimination (Datalog)
08:51:40 [INFO] Saved permanent table http://rulewerk.semantic-web.org/inferred/subClassOf (209) Permutation { idx_to_val: [], val_to_idx: [] } with 250 entries (11106)
08:51:40 [INFO] Rule duration: 2 ms
08:51:40 [INFO] <<< STEP 210: APPLYING RULE 9 http://rulewerk.semantic-web.org/inferred/subClassOf(?C, ?E) :- http://rulewerk.semantic-web.org/inferred/subClassOf(?C, ?D), http://rulewerk.semantic-web.org/normalForm/subClassOf(?D, ?E) >>>
08:51:40 [INFO] Execution step: Body
08:51:40 [INFO] Saved temporary table: 258 entries (11066)
08:51:40 [INFO] Execution step: Duplicate Elimination (Datalog)
08:51:40 [INFO] Saved permanent table http://rulewerk.semantic-web.org/inferred/subClassOf (210) Permutation { idx_to_val: [], val_to_idx: [] } with 252 entries (11090)
08:51:40 [INFO] Rule duration: 2 ms
08:51:40 [INFO] Execution step: Combining Tables
08:51:40 [INFO] Saved permanent table http://rulewerk.semantic-web.org/inferred/subClassOf (200-212) Permutation { idx_to_val: [], val_to_idx: [] } with 31772 entries (222274)
08:51:40 [INFO] <<< STEP 211: APPLYING RULE 9 http://rulewerk.semantic-web.org/inferred/subClassOf(?C, ?E) :- http://rulewerk.semantic-web.org/inferred/subClassOf(?C, ?D), http://rulewerk.semantic-web.org/normalForm/subClassOf(?D, ?E) >>>
08:51:40 [INFO] Execution step: Body
08:51:40 [INFO] Saved temporary table: 108 entries (8052)
08:51:40 [INFO] Execution step: Duplicate Elimination (Datalog)
08:51:40 [INFO] Saved permanent table http://rulewerk.semantic-web.org/inferred/subClassOf (211) Permutation { idx_to_val: [], val_to_idx: [] } with 108 entries (8100)
08:51:40 [INFO] Rule duration: 1 ms
08:51:40 [INFO] <<< STEP 212: APPLYING RULE 9 http://rulewerk.semantic-web.org/inferred/subClassOf(?C, ?E) :- http://rulewerk.semantic-web.org/inferred/subClassOf(?C, ?D), http://rulewerk.semantic-web.org/normalForm/subClassOf(?D, ?E) >>>
08:51:40 [INFO] Execution step: Body
08:51:40 [INFO] Saved temporary table: 5 entries (7080)
08:51:40 [INFO] Execution step: Duplicate Elimination (Datalog)
08:51:40 [INFO] Saved permanent table http://rulewerk.semantic-web.org/inferred/subClassOf (212) Permutation { idx_to_val: [], val_to_idx: [] } with 5 entries (7128)
08:51:40 [INFO] Rule duration: 0 ms
08:51:40 [INFO] <<< STEP 213: APPLYING RULE 9 http://rulewerk.semantic-web.org/inferred/subClassOf(?C, ?E) :- http://rulewerk.semantic-web.org/inferred/subClassOf(?C, ?D), http://rulewerk.semantic-web.org/normalForm/subClassOf(?D, ?E) >>>
08:51:40 [INFO] Execution step: Body
08:51:40 [INFO] Saved temporary table: 5 entries (7080)
08:51:40 [INFO] Execution step: Duplicate Elimination (Datalog)
08:51:40 [INFO] Saved permanent table http://rulewerk.semantic-web.org/inferred/subClassOf (213) Permutation { idx_to_val: [], val_to_idx: [] } with 5 entries (7128)
08:51:40 [INFO] Rule duration: 0 ms
08:51:40 [INFO] <<< STEP 214: APPLYING RULE 9 http://rulewerk.semantic-web.org/inferred/subClassOf(?C, ?E) :- http://rulewerk.semantic-web.org/inferred/subClassOf(?C, ?D), http://rulewerk.semantic-web.org/normalForm/subClassOf(?D, ?E) >>>
08:51:40 [INFO] Execution step: Body
08:51:40 [INFO] Trie does not contain any elements
08:51:40 [INFO] Execution step: Duplicate Elimination (Datalog)
08:51:40 [INFO] Trie does not contain any elements
08:51:40 [INFO] Rule duration: 0 ms
08:51:40 [INFO] <<< STEP 215: APPLYING RULE 10 http://rulewerk.semantic-web.org/inferred/subClassOf(?E, "<http://www.w3.org/2002/07/owl#Nothing>") :- http://rulewerk.semantic-web.org/inferred/ex(?E, ?R, ?C), http://rulewerk.semantic-web.org/inferred/subClassOf(?C, ?_BODY_1), Equal(?_BODY_1, "<http://www.w3.org/2002/07/owl#Nothing>") >>>
08:51:40 [INFO] Execution step: Body
08:51:40 [INFO] Trie does not contain any elements
08:51:40 [INFO] Execution step: Duplicate Elimination (Datalog)
08:51:40 [INFO] Trie does not contain any elements
08:51:40 [INFO] Rule duration: 11 ms
08:51:40 [INFO] <<< STEP 216: APPLYING RULE 1 http://rulewerk.semantic-web.org/inferred/init(?C) :- http://rulewerk.semantic-web.org/inferred/ex(?E, ?R, ?C) >>>
08:51:40 [INFO] Execution step: Body
08:51:40 [INFO] Saved temporary table: 487 entries (5348)
08:51:40 [INFO] Execution step: Duplicate Elimination (Datalog)
08:51:40 [INFO] Trie does not contain any elements
08:51:40 [INFO] Rule duration: 14 ms
08:51:40 [INFO] <<< STEP 217: APPLYING RULE 2 http://rulewerk.semantic-web.org/inferred/subClassOf(?C, ?C) :- http://rulewerk.semantic-web.org/inferred/init(?C) >>>
08:51:40 [INFO] Execution step: Body
08:51:40 [INFO] Trie does not contain any elements
08:51:40 [INFO] Execution step: Duplicate Elimination (Datalog)
08:51:40 [INFO] Trie does not contain any elements
08:51:40 [INFO] Rule duration: 0 ms
08:51:40 [INFO] <<< STEP 218: APPLYING RULE 4 http://rulewerk.semantic-web.org/inferred/subClassOf(?C, ?D1), http://rulewerk.semantic-web.org/inferred/subClassOf(?C, ?D2) :- http://rulewerk.semantic-web.org/inferred/subClassOf(?C, ?Y), http://rulewerk.semantic-web.org/normalForm/conj(?Y, ?D1, ?D2) >>>
08:51:40 [INFO] Execution step: Body
08:51:40 [INFO] Saved temporary table: 17479 entries (149766)
08:51:40 [INFO] Saved temporary table: 21175 entries (164550)
08:51:40 [INFO] Execution step: Duplicate Elimination (Datalog)
08:51:40 [INFO] Saved permanent table http://rulewerk.semantic-web.org/inferred/subClassOf (218) Permutation { idx_to_val: [], val_to_idx: [] } with 25 entries (7676)
08:51:40 [INFO] Rule duration: 71 ms
08:51:40 [INFO] <<< STEP 219: APPLYING RULE 4 http://rulewerk.semantic-web.org/inferred/subClassOf(?C, ?D1), http://rulewerk.semantic-web.org/inferred/subClassOf(?C, ?D2) :- http://rulewerk.semantic-web.org/inferred/subClassOf(?C, ?Y), http://rulewerk.semantic-web.org/normalForm/conj(?Y, ?D1, ?D2) >>>
08:51:40 [INFO] Execution step: Body
08:51:40 [INFO] Saved temporary table: 1 entries (6856)
08:51:40 [INFO] Saved temporary table: 1 entries (6856)
08:51:40 [INFO] Execution step: Duplicate Elimination (Datalog)
08:51:40 [INFO] Saved permanent table http://rulewerk.semantic-web.org/inferred/subClassOf (219) Permutation { idx_to_val: [], val_to_idx: [] } with 2 entries (6908)
08:51:40 [INFO] Rule duration: 0 ms
08:51:40 [INFO] <<< STEP 220: APPLYING RULE 4 http://rulewerk.semantic-web.org/inferred/subClassOf(?C, ?D1), http://rulewerk.semantic-web.org/inferred/subClassOf(?C, ?D2) :- http://rulewerk.semantic-web.org/inferred/subClassOf(?C, ?Y), http://rulewerk.semantic-web.org/normalForm/conj(?Y, ?D1, ?D2) >>>
08:51:40 [INFO] Execution step: Body
08:51:40 [INFO] Trie does not contain any elements
08:51:40 [INFO] Trie does not contain any elements
08:51:40 [INFO] Execution step: Duplicate Elimination (Datalog)
08:51:40 [INFO] Trie does not contain any elements
08:51:40 [INFO] Rule duration: 0 ms
08:51:40 [INFO] <<< STEP 221: APPLYING RULE 5 http://rulewerk.semantic-web.org/inferred/subClassOf(?C, ?I) :- http://rulewerk.semantic-web.org/inferred/subClassOf(?C, ?D1), http://rulewerk.semantic-web.org/inferred/subClassOf(?C, ?D2), http://rulewerk.semantic-web.org/normalForm/conj(?I, ?D1, ?D2), http://rulewerk.semantic-web.org/normalForm/isSubClass(?I) >>>
08:51:40 [INFO] Execution step: Body
08:51:40 [INFO] Saved temporary table: 10310 entries (85618)
08:51:40 [INFO] Execution step: Duplicate Elimination (Datalog)
08:51:40 [INFO] Saved permanent table http://rulewerk.semantic-web.org/inferred/subClassOf (221) Permutation { idx_to_val: [], val_to_idx: [] } with 10295 entries (85606)
08:51:40 [INFO] Rule duration: 246 ms
08:51:40 [INFO] <<< STEP 222: APPLYING RULE 5 http://rulewerk.semantic-web.org/inferred/subClassOf(?C, ?I) :- http://rulewerk.semantic-web.org/inferred/subClassOf(?C, ?D1), http://rulewerk.semantic-web.org/inferred/subClassOf(?C, ?D2), http://rulewerk.semantic-web.org/normalForm/conj(?I, ?D1, ?D2), http://rulewerk.semantic-web.org/normalForm/isSubClass(?I) >>>
08:51:40 [INFO] Execution step: Body
08:51:40 [INFO] Saved temporary table: 1197 entries (21158)
08:51:40 [INFO] Execution step: Duplicate Elimination (Datalog)
08:51:40 [INFO] Saved permanent table http://rulewerk.semantic-web.org/inferred/subClassOf (222) Permutation { idx_to_val: [], val_to_idx: [] } with 1197 entries (21206)
08:51:40 [INFO] Rule duration: 113 ms
08:51:40 [INFO] <<< STEP 223: APPLYING RULE 5 http://rulewerk.semantic-web.org/inferred/subClassOf(?C, ?I) :- http://rulewerk.semantic-web.org/inferred/subClassOf(?C, ?D1), http://rulewerk.semantic-web.org/inferred/subClassOf(?C, ?D2), http://rulewerk.semantic-web.org/normalForm/conj(?I, ?D1, ?D2), http://rulewerk.semantic-web.org/normalForm/isSubClass(?I) >>>
08:51:40 [INFO] Execution step: Body
08:51:40 [INFO] Saved temporary table: 10 entries (7360)
08:51:40 [INFO] Execution step: Duplicate Elimination (Datalog)
08:51:40 [INFO] Saved permanent table http://rulewerk.semantic-web.org/inferred/subClassOf (223) Permutation { idx_to_val: [], val_to_idx: [] } with 10 entries (7408)
08:51:40 [INFO] Rule duration: 30 ms
08:51:40 [INFO] Execution step: Combining Tables
08:51:40 [INFO] Saved permanent table http://rulewerk.semantic-web.org/inferred/subClassOf (212-225) Permutation { idx_to_val: [], val_to_idx: [] } with 11539 entries (90582)
08:51:40 [INFO] <<< STEP 224: APPLYING RULE 5 http://rulewerk.semantic-web.org/inferred/subClassOf(?C, ?I) :- http://rulewerk.semantic-web.org/inferred/subClassOf(?C, ?D1), http://rulewerk.semantic-web.org/inferred/subClassOf(?C, ?D2), http://rulewerk.semantic-web.org/normalForm/conj(?I, ?D1, ?D2), http://rulewerk.semantic-web.org/normalForm/isSubClass(?I) >>>
08:51:40 [INFO] Execution step: Body
08:51:40 [INFO] Trie does not contain any elements
08:51:40 [INFO] Execution step: Duplicate Elimination (Datalog)
08:51:40 [INFO] Trie does not contain any elements
08:51:40 [INFO] Rule duration: 1 ms
08:51:40 [INFO] <<< STEP 225: APPLYING RULE 6 http://rulewerk.semantic-web.org/inferred/ex(?E, ?R, ?C) :- http://rulewerk.semantic-web.org/inferred/subClassOf(?E, ?Y), http://rulewerk.semantic-web.org/normalForm/exists(?Y, ?R, ?C) >>>
08:51:40 [INFO] Execution step: Body
08:51:40 [INFO] Saved temporary table: 8897 entries (173552)
08:51:40 [INFO] Execution step: Duplicate Elimination (Datalog)
08:51:40 [INFO] Saved permanent table http://rulewerk.semantic-web.org/inferred/ex (225) Permutation { idx_to_val: [], val_to_idx: [] } with 8897 entries (173600)
08:51:40 [INFO] Rule duration: 20 ms
08:51:40 [INFO] <<< STEP 226: APPLYING RULE 7 http://rulewerk.semantic-web.org/inferred/subClassOf(?E, ?Y) :- http://rulewerk.semantic-web.org/inferred/ex(?E, ?R, ?C), http://rulewerk.semantic-web.org/inferred/subClassOf(?C, ?D), http://rulewerk.semantic-web.org/normalForm/subProp(?R, ?S), http://rulewerk.semantic-web.org/normalForm/exists(?Y, ?S, ?D), http://rulewerk.semantic-web.org/normalForm/isSubClass(?Y) >>>
08:51:40 [INFO] Execution step: Body
08:51:41 [INFO] Saved temporary table: 18389 entries (136438)
08:51:41 [INFO] Execution step: Duplicate Elimination (Datalog)
08:51:41 [INFO] Saved permanent table http://rulewerk.semantic-web.org/inferred/subClassOf (226) Permutation { idx_to_val: [], val_to_idx: [] } with 2027 entries (29698)
08:51:41 [INFO] Rule duration: 101 ms
08:51:41 [INFO] <<< STEP 227: APPLYING RULE 7 http://rulewerk.semantic-web.org/inferred/subClassOf(?E, ?Y) :- http://rulewerk.semantic-web.org/inferred/ex(?E, ?R, ?C), http://rulewerk.semantic-web.org/inferred/subClassOf(?C, ?D), http://rulewerk.semantic-web.org/normalForm/subProp(?R, ?S), http://rulewerk.semantic-web.org/normalForm/exists(?Y, ?S, ?D), http://rulewerk.semantic-web.org/normalForm/isSubClass(?Y) >>>
08:51:41 [INFO] Execution step: Body
08:51:41 [INFO] Trie does not contain any elements
08:51:41 [INFO] Execution step: Duplicate Elimination (Datalog)
08:51:41 [INFO] Trie does not contain any elements
08:51:41 [INFO] Rule duration: 1 ms
08:51:41 [INFO] <<< STEP 228: APPLYING RULE 8 http://rulewerk.semantic-web.org/inferred/ex(?E, ?S, ?D) :- http://rulewerk.semantic-web.org/inferred/ex(?E, ?R1, ?C), http://rulewerk.semantic-web.org/inferred/ex(?C, ?R2, ?D), http://rulewerk.semantic-web.org/normalForm/subProp(?R1, ?S1), http://rulewerk.semantic-web.org/normalForm/subProp(?R2, ?S2), http://rulewerk.semantic-web.org/normalForm/subPropChain(?S1, ?S2, ?S) >>>
08:51:41 [INFO] Execution step: Body
08:51:41 [INFO] Trie does not contain any elements
08:51:41 [INFO] Execution step: Duplicate Elimination (Datalog)
08:51:41 [INFO] Trie does not contain any elements
08:51:41 [INFO] Rule duration: 2 ms
08:51:41 [INFO] <<< STEP 229: APPLYING RULE 9 http://rulewerk.semantic-web.org/inferred/subClassOf(?C, ?E) :- http://rulewerk.semantic-web.org/inferred/subClassOf(?C, ?D), http://rulewerk.semantic-web.org/normalForm/subClassOf(?D, ?E) >>>
08:51:41 [INFO] Execution step: Body
08:51:41 [INFO] Saved temporary table: 8028 entries (73886)
08:51:41 [INFO] Execution step: Duplicate Elimination (Datalog)
08:51:41 [INFO] Saved permanent table http://rulewerk.semantic-web.org/inferred/subClassOf (229) Permutation { idx_to_val: [], val_to_idx: [] } with 8028 entries (73934)
08:51:41 [INFO] Rule duration: 18 ms
08:51:41 [INFO] <<< STEP 230: APPLYING RULE 9 http://rulewerk.semantic-web.org/inferred/subClassOf(?C, ?E) :- http://rulewerk.semantic-web.org/inferred/subClassOf(?C, ?D), http://rulewerk.semantic-web.org/normalForm/subClassOf(?D, ?E) >>>
08:51:41 [INFO] Execution step: Body
08:51:41 [INFO] Saved temporary table: 8955 entries (77594)
08:51:41 [INFO] Execution step: Duplicate Elimination (Datalog)
08:51:41 [INFO] Saved permanent table http://rulewerk.semantic-web.org/inferred/subClassOf (230) Permutation { idx_to_val: [], val_to_idx: [] } with 642 entries (16166)
08:51:41 [INFO] Rule duration: 18 ms
08:51:41 [INFO] <<< STEP 231: APPLYING RULE 9 http://rulewerk.semantic-web.org/inferred/subClassOf(?C, ?E) :- http://rulewerk.semantic-web.org/inferred/subClassOf(?C, ?D), http://rulewerk.semantic-web.org/normalForm/subClassOf(?D, ?E) >>>
08:51:41 [INFO] Execution step: Body
08:51:41 [INFO] Saved temporary table: 15 entries (7588)
08:51:41 [INFO] Execution step: Duplicate Elimination (Datalog)
08:51:41 [INFO] Saved permanent table http://rulewerk.semantic-web.org/inferred/subClassOf (231) Permutation { idx_to_val: [], val_to_idx: [] } with 14 entries (7632)
08:51:41 [INFO] Rule duration: 0 ms
08:51:41 [INFO] <<< STEP 232: APPLYING RULE 9 http://rulewerk.semantic-web.org/inferred/subClassOf(?C, ?E) :- http://rulewerk.semantic-web.org/inferred/subClassOf(?C, ?D), http://rulewerk.semantic-web.org/normalForm/subClassOf(?D, ?E) >>>
08:51:41 [INFO] Execution step: Body
08:51:41 [INFO] Saved temporary table: 26 entries (7632)
08:51:41 [INFO] Execution step: Duplicate Elimination (Datalog)
08:51:41 [INFO] Saved permanent table http://rulewerk.semantic-web.org/inferred/subClassOf (232) Permutation { idx_to_val: [], val_to_idx: [] } with 26 entries (7680)
08:51:41 [INFO] Rule duration: 0 ms
08:51:41 [INFO] <<< STEP 233: APPLYING RULE 9 http://rulewerk.semantic-web.org/inferred/subClassOf(?C, ?E) :- http://rulewerk.semantic-web.org/inferred/subClassOf(?C, ?D), http://rulewerk.semantic-web.org/normalForm/subClassOf(?D, ?E) >>>
08:51:41 [INFO] Execution step: Body
08:51:41 [INFO] Saved temporary table: 15 entries (7588)
08:51:41 [INFO] Execution step: Duplicate Elimination (Datalog)
08:51:41 [INFO] Saved permanent table http://rulewerk.semantic-web.org/inferred/subClassOf (233) Permutation { idx_to_val: [], val_to_idx: [] } with 15 entries (7636)
08:51:41 [INFO] Rule duration: 0 ms
08:51:41 [INFO] <<< STEP 234: APPLYING RULE 9 http://rulewerk.semantic-web.org/inferred/subClassOf(?C, ?E) :- http://rulewerk.semantic-web.org/inferred/subClassOf(?C, ?D), http://rulewerk.semantic-web.org/normalForm/subClassOf(?D, ?E) >>>
08:51:41 [INFO] Execution step: Body
08:51:41 [INFO] Saved temporary table: 15 entries (7588)
08:51:41 [INFO] Execution step: Duplicate Elimination (Datalog)
08:51:41 [INFO] Saved permanent table http://rulewerk.semantic-web.org/inferred/subClassOf (234) Permutation { idx_to_val: [], val_to_idx: [] } with 15 entries (7636)
08:51:41 [INFO] Rule duration: 0 ms
08:51:41 [INFO] <<< STEP 235: APPLYING RULE 9 http://rulewerk.semantic-web.org/inferred/subClassOf(?C, ?E) :- http://rulewerk.semantic-web.org/inferred/subClassOf(?C, ?D), http://rulewerk.semantic-web.org/normalForm/subClassOf(?D, ?E) >>>
08:51:41 [INFO] Execution step: Body
08:51:41 [INFO] Saved temporary table: 15 entries (7588)
08:51:41 [INFO] Execution step: Duplicate Elimination (Datalog)
08:51:41 [INFO] Saved permanent table http://rulewerk.semantic-web.org/inferred/subClassOf (235) Permutation { idx_to_val: [], val_to_idx: [] } with 14 entries (7632)
08:51:41 [INFO] Rule duration: 0 ms
08:51:41 [INFO] Execution step: Combining Tables
08:51:41 [INFO] Saved permanent table http://rulewerk.semantic-web.org/inferred/subClassOf (225-237) Permutation { idx_to_val: [], val_to_idx: [] } with 10781 entries (90622)
08:51:41 [INFO] <<< STEP 236: APPLYING RULE 9 http://rulewerk.semantic-web.org/inferred/subClassOf(?C, ?E) :- http://rulewerk.semantic-web.org/inferred/subClassOf(?C, ?D), http://rulewerk.semantic-web.org/normalForm/subClassOf(?D, ?E) >>>
08:51:41 [INFO] Execution step: Body
08:51:41 [INFO] Saved temporary table: 7 entries (7192)
08:51:41 [INFO] Execution step: Duplicate Elimination (Datalog)
08:51:41 [INFO] Saved permanent table http://rulewerk.semantic-web.org/inferred/subClassOf (236) Permutation { idx_to_val: [], val_to_idx: [] } with 7 entries (7240)
08:51:41 [INFO] Rule duration: 0 ms
08:51:41 [INFO] <<< STEP 237: APPLYING RULE 9 http://rulewerk.semantic-web.org/inferred/subClassOf(?C, ?E) :- http://rulewerk.semantic-web.org/inferred/subClassOf(?C, ?D), http://rulewerk.semantic-web.org/normalForm/subClassOf(?D, ?E) >>>
08:51:41 [INFO] Execution step: Body
08:51:41 [INFO] Trie does not contain any elements
08:51:41 [INFO] Execution step: Duplicate Elimination (Datalog)
08:51:41 [INFO] Trie does not contain any elements
08:51:41 [INFO] Rule duration: 0 ms
08:51:41 [INFO] <<< STEP 238: APPLYING RULE 10 http://rulewerk.semantic-web.org/inferred/subClassOf(?E, "<http://www.w3.org/2002/07/owl#Nothing>") :- http://rulewerk.semantic-web.org/inferred/ex(?E, ?R, ?C), http://rulewerk.semantic-web.org/inferred/subClassOf(?C, ?_BODY_1), Equal(?_BODY_1, "<http://www.w3.org/2002/07/owl#Nothing>") >>>
08:51:41 [INFO] Execution step: Body
08:51:41 [INFO] Trie does not contain any elements
08:51:41 [INFO] Execution step: Duplicate Elimination (Datalog)
08:51:41 [INFO] Trie does not contain any elements
08:51:41 [INFO] Rule duration: 4 ms
08:51:41 [INFO] <<< STEP 239: APPLYING RULE 1 http://rulewerk.semantic-web.org/inferred/init(?C) :- http://rulewerk.semantic-web.org/inferred/ex(?E, ?R, ?C) >>>
08:51:41 [INFO] Execution step: Body
08:51:41 [INFO] Saved temporary table: 300 entries (4600)
08:51:41 [INFO] Execution step: Duplicate Elimination (Datalog)
08:51:41 [INFO] Trie does not contain any elements
08:51:41 [INFO] Rule duration: 4 ms
08:51:41 [INFO] <<< STEP 240: APPLYING RULE 2 http://rulewerk.semantic-web.org/inferred/subClassOf(?C, ?C) :- http://rulewerk.semantic-web.org/inferred/init(?C) >>>
08:51:41 [INFO] Execution step: Body
08:51:41 [INFO] Trie does not contain any elements
08:51:41 [INFO] Execution step: Duplicate Elimination (Datalog)
08:51:41 [INFO] Trie does not contain any elements
08:51:41 [INFO] Rule duration: 0 ms
08:51:41 [INFO] <<< STEP 241: APPLYING RULE 4 http://rulewerk.semantic-web.org/inferred/subClassOf(?C, ?D1), http://rulewerk.semantic-web.org/inferred/subClassOf(?C, ?D2) :- http://rulewerk.semantic-web.org/inferred/subClassOf(?C, ?Y), http://rulewerk.semantic-web.org/normalForm/conj(?Y, ?D1, ?D2) >>>
08:51:41 [INFO] Execution step: Body
08:51:41 [INFO] Saved temporary table: 7818 entries (75650)
08:51:41 [INFO] Saved temporary table: 9120 entries (80858)
08:51:41 [INFO] Execution step: Duplicate Elimination (Datalog)
08:51:41 [INFO] Trie does not contain any elements
08:51:41 [INFO] Rule duration: 38 ms
08:51:41 [INFO] <<< STEP 242: APPLYING RULE 5 http://rulewerk.semantic-web.org/inferred/subClassOf(?C, ?I) :- http://rulewerk.semantic-web.org/inferred/subClassOf(?C, ?D1), http://rulewerk.semantic-web.org/inferred/subClassOf(?C, ?D2), http://rulewerk.semantic-web.org/normalForm/conj(?I, ?D1, ?D2), http://rulewerk.semantic-web.org/normalForm/isSubClass(?I) >>>
08:51:41 [INFO] Execution step: Body
08:51:41 [INFO] Saved temporary table: 2992 entries (34938)
08:51:41 [INFO] Execution step: Duplicate Elimination (Datalog)
08:51:41 [INFO] Saved permanent table http://rulewerk.semantic-web.org/inferred/subClassOf (242) Permutation { idx_to_val: [], val_to_idx: [] } with 2992 entries (34986)
08:51:41 [INFO] Rule duration: 106 ms
08:51:41 [INFO] <<< STEP 243: APPLYING RULE 5 http://rulewerk.semantic-web.org/inferred/subClassOf(?C, ?I) :- http://rulewerk.semantic-web.org/inferred/subClassOf(?C, ?D1), http://rulewerk.semantic-web.org/inferred/subClassOf(?C, ?D2), http://rulewerk.semantic-web.org/normalForm/conj(?I, ?D1, ?D2), http://rulewerk.semantic-web.org/normalForm/isSubClass(?I) >>>
08:51:41 [INFO] Execution step: Body
08:51:41 [INFO] Saved temporary table: 418 entries (13122)
08:51:41 [INFO] Execution step: Duplicate Elimination (Datalog)
08:51:41 [INFO] Saved permanent table http://rulewerk.semantic-web.org/inferred/subClassOf (243) Permutation { idx_to_val: [], val_to_idx: [] } with 418 entries (13170)
08:51:41 [INFO] Rule duration: 38 ms
08:51:41 [INFO] <<< STEP 244: APPLYING RULE 5 http://rulewerk.semantic-web.org/inferred/subClassOf(?C, ?I) :- http://rulewerk.semantic-web.org/inferred/subClassOf(?C, ?D1), http://rulewerk.semantic-web.org/inferred/subClassOf(?C, ?D2), http://rulewerk.semantic-web.org/normalForm/conj(?I, ?D1, ?D2), http://rulewerk.semantic-web.org/normalForm/isSubClass(?I) >>>
08:51:41 [INFO] Execution step: Body
08:51:41 [INFO] Trie does not contain any elements
08:51:41 [INFO] Execution step: Duplicate Elimination (Datalog)
08:51:41 [INFO] Trie does not contain any elements
08:51:41 [INFO] Rule duration: 9 ms
08:51:41 [INFO] <<< STEP 245: APPLYING RULE 6 http://rulewerk.semantic-web.org/inferred/ex(?E, ?R, ?C) :- http://rulewerk.semantic-web.org/inferred/subClassOf(?E, ?Y), http://rulewerk.semantic-web.org/normalForm/exists(?Y, ?R, ?C) >>>
08:51:41 [INFO] Execution step: Body
08:51:41 [INFO] Saved temporary table: 2661 entries (64620)
08:51:41 [INFO] Execution step: Duplicate Elimination (Datalog)
08:51:41 [INFO] Saved permanent table http://rulewerk.semantic-web.org/inferred/ex (245) Permutation { idx_to_val: [], val_to_idx: [] } with 2661 entries (64668)
08:51:41 [INFO] Rule duration: 4 ms
08:51:41 [INFO] <<< STEP 246: APPLYING RULE 7 http://rulewerk.semantic-web.org/inferred/subClassOf(?E, ?Y) :- http://rulewerk.semantic-web.org/inferred/ex(?E, ?R, ?C), http://rulewerk.semantic-web.org/inferred/subClassOf(?C, ?D), http://rulewerk.semantic-web.org/normalForm/subProp(?R, ?S), http://rulewerk.semantic-web.org/normalForm/exists(?Y, ?S, ?D), http://rulewerk.semantic-web.org/normalForm/isSubClass(?Y) >>>
08:51:41 [INFO] Execution step: Body
08:51:41 [INFO] Saved temporary table: 7039 entries (55314)
08:51:41 [INFO] Execution step: Duplicate Elimination (Datalog)
08:51:41 [INFO] Saved permanent table http://rulewerk.semantic-web.org/inferred/subClassOf (246) Permutation { idx_to_val: [], val_to_idx: [] } with 1136 entries (18262)
08:51:41 [INFO] Rule duration: 29 ms
08:51:41 [INFO] <<< STEP 247: APPLYING RULE 7 http://rulewerk.semantic-web.org/inferred/subClassOf(?E, ?Y) :- http://rulewerk.semantic-web.org/inferred/ex(?E, ?R, ?C), http://rulewerk.semantic-web.org/inferred/subClassOf(?C, ?D), http://rulewerk.semantic-web.org/normalForm/subProp(?R, ?S), http://rulewerk.semantic-web.org/normalForm/exists(?Y, ?S, ?D), http://rulewerk.semantic-web.org/normalForm/isSubClass(?Y) >>>
08:51:41 [INFO] Execution step: Body
08:51:41 [INFO] Trie does not contain any elements
08:51:41 [INFO] Execution step: Duplicate Elimination (Datalog)
08:51:41 [INFO] Trie does not contain any elements
08:51:41 [INFO] Rule duration: 0 ms
08:51:41 [INFO] <<< STEP 248: APPLYING RULE 8 http://rulewerk.semantic-web.org/inferred/ex(?E, ?S, ?D) :- http://rulewerk.semantic-web.org/inferred/ex(?E, ?R1, ?C), http://rulewerk.semantic-web.org/inferred/ex(?C, ?R2, ?D), http://rulewerk.semantic-web.org/normalForm/subProp(?R1, ?S1), http://rulewerk.semantic-web.org/normalForm/subProp(?R2, ?S2), http://rulewerk.semantic-web.org/normalForm/subPropChain(?S1, ?S2, ?S) >>>
08:51:41 [INFO] Execution step: Body
08:51:41 [INFO] Trie does not contain any elements
08:51:41 [INFO] Execution step: Duplicate Elimination (Datalog)
08:51:41 [INFO] Trie does not contain any elements
08:51:41 [INFO] Rule duration: 1 ms
08:51:41 [INFO] <<< STEP 249: APPLYING RULE 9 http://rulewerk.semantic-web.org/inferred/subClassOf(?C, ?E) :- http://rulewerk.semantic-web.org/inferred/subClassOf(?C, ?D), http://rulewerk.semantic-web.org/normalForm/subClassOf(?D, ?E) >>>
08:51:41 [INFO] Execution step: Body
08:51:41 [INFO] Saved temporary table: 2193 entries (28094)
08:51:41 [INFO] Execution step: Duplicate Elimination (Datalog)
08:51:41 [INFO] Saved permanent table http://rulewerk.semantic-web.org/inferred/subClassOf (249) Permutation { idx_to_val: [], val_to_idx: [] } with 2193 entries (28142)
08:51:41 [INFO] Rule duration: 7 ms
08:51:41 [INFO] <<< STEP 250: APPLYING RULE 9 http://rulewerk.semantic-web.org/inferred/subClassOf(?C, ?E) :- http://rulewerk.semantic-web.org/inferred/subClassOf(?C, ?D), http://rulewerk.semantic-web.org/normalForm/subClassOf(?D, ?E) >>>
08:51:41 [INFO] Execution step: Body
08:51:41 [INFO] Saved temporary table: 2446 entries (29106)
08:51:41 [INFO] Execution step: Duplicate Elimination (Datalog)
08:51:41 [INFO] Saved permanent table http://rulewerk.semantic-web.org/inferred/subClassOf (250) Permutation { idx_to_val: [], val_to_idx: [] } with 132 entries (9146)
08:51:41 [INFO] Rule duration: 7 ms
08:51:41 [INFO] <<< STEP 251: APPLYING RULE 9 http://rulewerk.semantic-web.org/inferred/subClassOf(?C, ?E) :- http://rulewerk.semantic-web.org/inferred/subClassOf(?C, ?D), http://rulewerk.semantic-web.org/normalForm/subClassOf(?D, ?E) >>>
08:51:41 [INFO] Execution step: Body
08:51:41 [INFO] Trie does not contain any elements
08:51:41 [INFO] Execution step: Duplicate Elimination (Datalog)
08:51:41 [INFO] Trie does not contain any elements
08:51:41 [INFO] Rule duration: 0 ms
08:51:41 [INFO] <<< STEP 252: APPLYING RULE 10 http://rulewerk.semantic-web.org/inferred/subClassOf(?E, "<http://www.w3.org/2002/07/owl#Nothing>") :- http://rulewerk.semantic-web.org/inferred/ex(?E, ?R, ?C), http://rulewerk.semantic-web.org/inferred/subClassOf(?C, ?_BODY_1), Equal(?_BODY_1, "<http://www.w3.org/2002/07/owl#Nothing>") >>>
08:51:41 [INFO] Execution step: Body
08:51:41 [INFO] Trie does not contain any elements
08:51:41 [INFO] Execution step: Duplicate Elimination (Datalog)
08:51:41 [INFO] Trie does not contain any elements
08:51:41 [INFO] Rule duration: 2 ms
08:51:41 [INFO] <<< STEP 253: APPLYING RULE 1 http://rulewerk.semantic-web.org/inferred/init(?C) :- http://rulewerk.semantic-web.org/inferred/ex(?E, ?R, ?C) >>>
08:51:41 [INFO] Execution step: Body
08:51:41 [INFO] Saved temporary table: 143 entries (3972)
08:51:41 [INFO] Execution step: Duplicate Elimination (Datalog)
08:51:41 [INFO] Trie does not contain any elements
08:51:41 [INFO] Rule duration: 1 ms
08:51:41 [INFO] <<< STEP 254: APPLYING RULE 2 http://rulewerk.semantic-web.org/inferred/subClassOf(?C, ?C) :- http://rulewerk.semantic-web.org/inferred/init(?C) >>>
08:51:41 [INFO] Execution step: Body
08:51:41 [INFO] Trie does not contain any elements
08:51:41 [INFO] Execution step: Duplicate Elimination (Datalog)
08:51:41 [INFO] Trie does not contain any elements
08:51:41 [INFO] Rule duration: 0 ms
08:51:41 [INFO] <<< STEP 255: APPLYING RULE 4 http://rulewerk.semantic-web.org/inferred/subClassOf(?C, ?D1), http://rulewerk.semantic-web.org/inferred/subClassOf(?C, ?D2) :- http://rulewerk.semantic-web.org/inferred/subClassOf(?C, ?Y), http://rulewerk.semantic-web.org/normalForm/conj(?Y, ?D1, ?D2) >>>
08:51:41 [INFO] Execution step: Body
08:51:41 [INFO] Saved temporary table: 2870 entries (34450)
08:51:41 [INFO] Saved temporary table: 2725 entries (33870)
08:51:41 [INFO] Execution step: Duplicate Elimination (Datalog)
08:51:41 [INFO] Trie does not contain any elements
08:51:41 [INFO] Rule duration: 16 ms
08:51:41 [INFO] <<< STEP 256: APPLYING RULE 5 http://rulewerk.semantic-web.org/inferred/subClassOf(?C, ?I) :- http://rulewerk.semantic-web.org/inferred/subClassOf(?C, ?D1), http://rulewerk.semantic-web.org/inferred/subClassOf(?C, ?D2), http://rulewerk.semantic-web.org/normalForm/conj(?I, ?D1, ?D2), http://rulewerk.semantic-web.org/normalForm/isSubClass(?I) >>>
08:51:41 [INFO] Execution step: Body
08:51:41 [INFO] Saved temporary table: 1118 entries (18394)
08:51:41 [INFO] Execution step: Duplicate Elimination (Datalog)
08:51:41 [INFO] Saved permanent table http://rulewerk.semantic-web.org/inferred/subClassOf (256) Permutation { idx_to_val: [], val_to_idx: [] } with 1118 entries (18442)
08:51:41 [INFO] Rule duration: 45 ms
08:51:41 [INFO] <<< STEP 257: APPLYING RULE 5 http://rulewerk.semantic-web.org/inferred/subClassOf(?C, ?I) :- http://rulewerk.semantic-web.org/inferred/subClassOf(?C, ?D1), http://rulewerk.semantic-web.org/inferred/subClassOf(?C, ?D2), http://rulewerk.semantic-web.org/normalForm/conj(?I, ?D1, ?D2), http://rulewerk.semantic-web.org/normalForm/isSubClass(?I) >>>
08:51:41 [INFO] Execution step: Body
08:51:41 [INFO] Saved temporary table: 108 entries (8702)
08:51:41 [INFO] Execution step: Duplicate Elimination (Datalog)
08:51:41 [INFO] Saved permanent table http://rulewerk.semantic-web.org/inferred/subClassOf (257) Permutation { idx_to_val: [], val_to_idx: [] } with 108 entries (8750)
08:51:41 [INFO] Rule duration: 18 ms
08:51:41 [INFO] Execution step: Combining Tables
08:51:41 [INFO] Saved permanent table http://rulewerk.semantic-web.org/inferred/subClassOf (237-259) Permutation { idx_to_val: [], val_to_idx: [] } with 8097 entries (57458)
08:51:41 [INFO] <<< STEP 258: APPLYING RULE 5 http://rulewerk.semantic-web.org/inferred/subClassOf(?C, ?I) :- http://rulewerk.semantic-web.org/inferred/subClassOf(?C, ?D1), http://rulewerk.semantic-web.org/inferred/subClassOf(?C, ?D2), http://rulewerk.semantic-web.org/normalForm/conj(?I, ?D1, ?D2), http://rulewerk.semantic-web.org/normalForm/isSubClass(?I) >>>
08:51:41 [INFO] Execution step: Body
08:51:41 [INFO] Trie does not contain any elements
08:51:41 [INFO] Execution step: Duplicate Elimination (Datalog)
08:51:41 [INFO] Trie does not contain any elements
08:51:41 [INFO] Rule duration: 3 ms
08:51:41 [INFO] <<< STEP 259: APPLYING RULE 6 http://rulewerk.semantic-web.org/inferred/ex(?E, ?R, ?C) :- http://rulewerk.semantic-web.org/inferred/subClassOf(?E, ?Y), http://rulewerk.semantic-web.org/normalForm/exists(?Y, ?R, ?C) >>>
08:51:41 [INFO] Execution step: Body
08:51:41 [INFO] Saved temporary table: 1268 entries (33884)
08:51:41 [INFO] Execution step: Duplicate Elimination (Datalog)
08:51:41 [INFO] Saved permanent table http://rulewerk.semantic-web.org/inferred/ex (259) Permutation { idx_to_val: [], val_to_idx: [] } with 1268 entries (33932)
08:51:41 [INFO] Rule duration: 2 ms
08:51:41 [INFO] Execution step: Combining Tables
08:51:41 [INFO] Saved permanent table http://rulewerk.semantic-web.org/inferred/ex (0-261) Permutation { idx_to_val: [], val_to_idx: [] } with 309106 entries (3432676)
08:51:41 [INFO] <<< STEP 260: APPLYING RULE 7 http://rulewerk.semantic-web.org/inferred/subClassOf(?E, ?Y) :- http://rulewerk.semantic-web.org/inferred/ex(?E, ?R, ?C), http://rulewerk.semantic-web.org/inferred/subClassOf(?C, ?D), http://rulewerk.semantic-web.org/normalForm/subProp(?R, ?S), http://rulewerk.semantic-web.org/normalForm/exists(?Y, ?S, ?D), http://rulewerk.semantic-web.org/normalForm/isSubClass(?Y) >>>
08:51:41 [INFO] Execution step: Body
08:51:41 [INFO] Saved temporary table: 2095 entries (22998)
08:51:41 [INFO] Execution step: Duplicate Elimination (Datalog)
08:51:41 [INFO] Saved permanent table http://rulewerk.semantic-web.org/inferred/subClassOf (260) Permutation { idx_to_val: [], val_to_idx: [] } with 243 entries (9866)
08:51:41 [INFO] Rule duration: 11 ms
08:51:41 [INFO] <<< STEP 261: APPLYING RULE 7 http://rulewerk.semantic-web.org/inferred/subClassOf(?E, ?Y) :- http://rulewerk.semantic-web.org/inferred/ex(?E, ?R, ?C), http://rulewerk.semantic-web.org/inferred/subClassOf(?C, ?D), http://rulewerk.semantic-web.org/normalForm/subProp(?R, ?S), http://rulewerk.semantic-web.org/normalForm/exists(?Y, ?S, ?D), http://rulewerk.semantic-web.org/normalForm/isSubClass(?Y) >>>
08:51:41 [INFO] Execution step: Body
08:51:41 [INFO] Trie does not contain any elements
08:51:41 [INFO] Execution step: Duplicate Elimination (Datalog)
08:51:41 [INFO] Trie does not contain any elements
08:51:41 [INFO] Rule duration: 154 ms
08:51:41 [INFO] <<< STEP 262: APPLYING RULE 8 http://rulewerk.semantic-web.org/inferred/ex(?E, ?S, ?D) :- http://rulewerk.semantic-web.org/inferred/ex(?E, ?R1, ?C), http://rulewerk.semantic-web.org/inferred/ex(?C, ?R2, ?D), http://rulewerk.semantic-web.org/normalForm/subProp(?R1, ?S1), http://rulewerk.semantic-web.org/normalForm/subProp(?R2, ?S2), http://rulewerk.semantic-web.org/normalForm/subPropChain(?S1, ?S2, ?S) >>>
08:51:41 [INFO] Execution step: Body
08:51:41 [INFO] Trie does not contain any elements
08:51:41 [INFO] Execution step: Duplicate Elimination (Datalog)
08:51:41 [INFO] Trie does not contain any elements
08:51:41 [INFO] Rule duration: 141 ms
08:51:41 [INFO] <<< STEP 263: APPLYING RULE 9 http://rulewerk.semantic-web.org/inferred/subClassOf(?C, ?E) :- http://rulewerk.semantic-web.org/inferred/subClassOf(?C, ?D), http://rulewerk.semantic-web.org/normalForm/subClassOf(?D, ?E) >>>
08:51:41 [INFO] Execution step: Body
08:51:41 [INFO] Saved temporary table: 810 entries (17066)
08:51:41 [INFO] Execution step: Duplicate Elimination (Datalog)
08:51:41 [INFO] Saved permanent table http://rulewerk.semantic-web.org/inferred/subClassOf (263) Permutation { idx_to_val: [], val_to_idx: [] } with 810 entries (17114)
08:51:41 [INFO] Rule duration: 8 ms
08:51:41 [INFO] <<< STEP 264: APPLYING RULE 9 http://rulewerk.semantic-web.org/inferred/subClassOf(?C, ?E) :- http://rulewerk.semantic-web.org/inferred/subClassOf(?C, ?D), http://rulewerk.semantic-web.org/normalForm/subClassOf(?D, ?E) >>>
08:51:41 [INFO] Execution step: Body
08:51:41 [INFO] Saved temporary table: 873 entries (17318)
08:51:41 [INFO] Execution step: Duplicate Elimination (Datalog)
08:51:41 [INFO] Saved permanent table http://rulewerk.semantic-web.org/inferred/subClassOf (264) Permutation { idx_to_val: [], val_to_idx: [] } with 55 entries (7676)
08:51:41 [INFO] Rule duration: 5 ms
08:51:41 [INFO] <<< STEP 265: APPLYING RULE 9 http://rulewerk.semantic-web.org/inferred/subClassOf(?C, ?E) :- http://rulewerk.semantic-web.org/inferred/subClassOf(?C, ?D), http://rulewerk.semantic-web.org/normalForm/subClassOf(?D, ?E) >>>
08:51:41 [INFO] Execution step: Body
08:51:41 [INFO] Trie does not contain any elements
08:51:41 [INFO] Execution step: Duplicate Elimination (Datalog)
08:51:41 [INFO] Trie does not contain any elements
08:51:41 [INFO] Rule duration: 0 ms
08:51:41 [INFO] <<< STEP 266: APPLYING RULE 10 http://rulewerk.semantic-web.org/inferred/subClassOf(?E, "<http://www.w3.org/2002/07/owl#Nothing>") :- http://rulewerk.semantic-web.org/inferred/ex(?E, ?R, ?C), http://rulewerk.semantic-web.org/inferred/subClassOf(?C, ?_BODY_1), Equal(?_BODY_1, "<http://www.w3.org/2002/07/owl#Nothing>") >>>
08:51:41 [INFO] Execution step: Body
08:51:41 [INFO] Trie does not contain any elements
08:51:41 [INFO] Execution step: Duplicate Elimination (Datalog)
08:51:41 [INFO] Trie does not contain any elements
08:51:41 [INFO] Rule duration: 1 ms
08:51:41 [INFO] <<< STEP 267: APPLYING RULE 1 http://rulewerk.semantic-web.org/inferred/init(?C) :- http://rulewerk.semantic-web.org/inferred/ex(?E, ?R, ?C) >>>
08:51:41 [INFO] Execution step: Body
08:51:41 [INFO] Saved temporary table: 77 entries (3708)
08:51:41 [INFO] Execution step: Duplicate Elimination (Datalog)
08:51:41 [INFO] Trie does not contain any elements
08:51:41 [INFO] Rule duration: 0 ms
08:51:41 [INFO] <<< STEP 268: APPLYING RULE 2 http://rulewerk.semantic-web.org/inferred/subClassOf(?C, ?C) :- http://rulewerk.semantic-web.org/inferred/init(?C) >>>
08:51:41 [INFO] Execution step: Body
08:51:41 [INFO] Trie does not contain any elements
08:51:41 [INFO] Execution step: Duplicate Elimination (Datalog)
08:51:41 [INFO] Trie does not contain any elements
08:51:41 [INFO] Rule duration: 0 ms
08:51:41 [INFO] <<< STEP 269: APPLYING RULE 4 http://rulewerk.semantic-web.org/inferred/subClassOf(?C, ?D1), http://rulewerk.semantic-web.org/inferred/subClassOf(?C, ?D2) :- http://rulewerk.semantic-web.org/inferred/subClassOf(?C, ?Y), http://rulewerk.semantic-web.org/normalForm/conj(?Y, ?D1, ?D2) >>>
08:51:41 [INFO] Execution step: Body
08:51:41 [INFO] Saved temporary table: 1061 entries (18166)
08:51:41 [INFO] Saved temporary table: 940 entries (17682)
08:51:41 [INFO] Execution step: Duplicate Elimination (Datalog)
08:51:41 [INFO] Trie does not contain any elements
08:51:41 [INFO] Rule duration: 7 ms
08:51:41 [INFO] <<< STEP 270: APPLYING RULE 5 http://rulewerk.semantic-web.org/inferred/subClassOf(?C, ?I) :- http://rulewerk.semantic-web.org/inferred/subClassOf(?C, ?D1), http://rulewerk.semantic-web.org/inferred/subClassOf(?C, ?D2), http://rulewerk.semantic-web.org/normalForm/conj(?I, ?D1, ?D2), http://rulewerk.semantic-web.org/normalForm/isSubClass(?I) >>>
08:51:41 [INFO] Execution step: Body
08:51:41 [INFO] Saved temporary table: 338 entries (10210)
08:51:41 [INFO] Execution step: Duplicate Elimination (Datalog)
08:51:41 [INFO] Saved permanent table http://rulewerk.semantic-web.org/inferred/subClassOf (270) Permutation { idx_to_val: [], val_to_idx: [] } with 338 entries (10258)
08:51:41 [INFO] Rule duration: 32 ms
08:51:41 [INFO] <<< STEP 271: APPLYING RULE 5 http://rulewerk.semantic-web.org/inferred/subClassOf(?C, ?I) :- http://rulewerk.semantic-web.org/inferred/subClassOf(?C, ?D1), http://rulewerk.semantic-web.org/inferred/subClassOf(?C, ?D2), http://rulewerk.semantic-web.org/normalForm/conj(?I, ?D1, ?D2), http://rulewerk.semantic-web.org/normalForm/isSubClass(?I) >>>
08:51:41 [INFO] Execution step: Body
08:51:41 [INFO] Saved temporary table: 48 entries (9488)
08:51:41 [INFO] Execution step: Duplicate Elimination (Datalog)
08:51:41 [INFO] Saved permanent table http://rulewerk.semantic-web.org/inferred/subClassOf (271) Permutation { idx_to_val: [], val_to_idx: [] } with 48 entries (9536)
08:51:41 [INFO] Rule duration: 7 ms
08:51:41 [INFO] <<< STEP 272: APPLYING RULE 5 http://rulewerk.semantic-web.org/inferred/subClassOf(?C, ?I) :- http://rulewerk.semantic-web.org/inferred/subClassOf(?C, ?D1), http://rulewerk.semantic-web.org/inferred/subClassOf(?C, ?D2), http://rulewerk.semantic-web.org/normalForm/conj(?I, ?D1, ?D2), http://rulewerk.semantic-web.org/normalForm/isSubClass(?I) >>>
08:51:41 [INFO] Execution step: Body
08:51:41 [INFO] Trie does not contain any elements
08:51:41 [INFO] Execution step: Duplicate Elimination (Datalog)
08:51:41 [INFO] Trie does not contain any elements
08:51:41 [INFO] Rule duration: 2 ms
08:51:41 [INFO] <<< STEP 273: APPLYING RULE 6 http://rulewerk.semantic-web.org/inferred/ex(?E, ?R, ?C) :- http://rulewerk.semantic-web.org/inferred/subClassOf(?E, ?Y), http://rulewerk.semantic-web.org/normalForm/exists(?Y, ?R, ?C) >>>
08:51:41 [INFO] Execution step: Body
08:51:41 [INFO] Saved temporary table: 298 entries (16516)
08:51:41 [INFO] Execution step: Duplicate Elimination (Datalog)
08:51:41 [INFO] Saved permanent table http://rulewerk.semantic-web.org/inferred/ex (273) Permutation { idx_to_val: [], val_to_idx: [] } with 298 entries (16564)
08:51:41 [INFO] Rule duration: 0 ms
08:51:41 [INFO] <<< STEP 274: APPLYING RULE 7 http://rulewerk.semantic-web.org/inferred/subClassOf(?E, ?Y) :- http://rulewerk.semantic-web.org/inferred/ex(?E, ?R, ?C), http://rulewerk.semantic-web.org/inferred/subClassOf(?C, ?D), http://rulewerk.semantic-web.org/normalForm/subProp(?R, ?S), http://rulewerk.semantic-web.org/normalForm/exists(?Y, ?S, ?D), http://rulewerk.semantic-web.org/normalForm/isSubClass(?Y) >>>
08:51:41 [INFO] Execution step: Body
08:51:41 [INFO] Saved temporary table: 667 entries (11946)
08:51:41 [INFO] Execution step: Duplicate Elimination (Datalog)
08:51:41 [INFO] Saved permanent table http://rulewerk.semantic-web.org/inferred/subClassOf (274) Permutation { idx_to_val: [], val_to_idx: [] } with 134 entries (8518)
08:51:41 [INFO] Rule duration: 4 ms
08:51:41 [INFO] <<< STEP 275: APPLYING RULE 7 http://rulewerk.semantic-web.org/inferred/subClassOf(?E, ?Y) :- http://rulewerk.semantic-web.org/inferred/ex(?E, ?R, ?C), http://rulewerk.semantic-web.org/inferred/subClassOf(?C, ?D), http://rulewerk.semantic-web.org/normalForm/subProp(?R, ?S), http://rulewerk.semantic-web.org/normalForm/exists(?Y, ?S, ?D), http://rulewerk.semantic-web.org/normalForm/isSubClass(?Y) >>>
08:51:41 [INFO] Execution step: Body
08:51:41 [INFO] Trie does not contain any elements
08:51:41 [INFO] Execution step: Duplicate Elimination (Datalog)
08:51:41 [INFO] Trie does not contain any elements
08:51:41 [INFO] Rule duration: 0 ms
08:51:41 [INFO] <<< STEP 276: APPLYING RULE 8 http://rulewerk.semantic-web.org/inferred/ex(?E, ?S, ?D) :- http://rulewerk.semantic-web.org/inferred/ex(?E, ?R1, ?C), http://rulewerk.semantic-web.org/inferred/ex(?C, ?R2, ?D), http://rulewerk.semantic-web.org/normalForm/subProp(?R1, ?S1), http://rulewerk.semantic-web.org/normalForm/subProp(?R2, ?S2), http://rulewerk.semantic-web.org/normalForm/subPropChain(?S1, ?S2, ?S) >>>
08:51:41 [INFO] Execution step: Body
08:51:41 [INFO] Trie does not contain any elements
08:51:41 [INFO] Execution step: Duplicate Elimination (Datalog)
08:51:41 [INFO] Trie does not contain any elements
08:51:41 [INFO] Rule duration: 0 ms
08:51:41 [INFO] <<< STEP 277: APPLYING RULE 9 http://rulewerk.semantic-web.org/inferred/subClassOf(?C, ?E) :- http://rulewerk.semantic-web.org/inferred/subClassOf(?C, ?D), http://rulewerk.semantic-web.org/normalForm/subClassOf(?D, ?E) >>>
08:51:41 [INFO] Execution step: Body
08:51:41 [INFO] Saved temporary table: 276 entries (9950)
08:51:41 [INFO] Execution step: Duplicate Elimination (Datalog)
08:51:41 [INFO] Saved permanent table http://rulewerk.semantic-web.org/inferred/subClassOf (277) Permutation { idx_to_val: [], val_to_idx: [] } with 276 entries (9998)
08:51:41 [INFO] Rule duration: 1 ms
08:51:41 [INFO] <<< STEP 278: APPLYING RULE 9 http://rulewerk.semantic-web.org/inferred/subClassOf(?C, ?E) :- http://rulewerk.semantic-web.org/inferred/subClassOf(?C, ?D), http://rulewerk.semantic-web.org/normalForm/subClassOf(?D, ?E) >>>
08:51:41 [INFO] Execution step: Body
08:51:41 [INFO] Saved temporary table: 328 entries (10158)
08:51:41 [INFO] Execution step: Duplicate Elimination (Datalog)
08:51:41 [INFO] Saved permanent table http://rulewerk.semantic-web.org/inferred/subClassOf (278) Permutation { idx_to_val: [], val_to_idx: [] } with 21 entries (7816)
08:51:41 [INFO] Rule duration: 1 ms
08:51:41 [INFO] Execution step: Combining Tables
08:51:41 [INFO] Saved permanent table http://rulewerk.semantic-web.org/inferred/subClassOf (259-280) Permutation { idx_to_val: [], val_to_idx: [] } with 1925 entries (22270)
08:51:41 [INFO] <<< STEP 279: APPLYING RULE 9 http://rulewerk.semantic-web.org/inferred/subClassOf(?C, ?E) :- http://rulewerk.semantic-web.org/inferred/subClassOf(?C, ?D), http://rulewerk.semantic-web.org/normalForm/subClassOf(?D, ?E) >>>
08:51:41 [INFO] Execution step: Body
08:51:41 [INFO] Trie does not contain any elements
08:51:41 [INFO] Execution step: Duplicate Elimination (Datalog)
08:51:41 [INFO] Trie does not contain any elements
08:51:41 [INFO] Rule duration: 0 ms
08:51:41 [INFO] <<< STEP 280: APPLYING RULE 10 http://rulewerk.semantic-web.org/inferred/subClassOf(?E, "<http://www.w3.org/2002/07/owl#Nothing>") :- http://rulewerk.semantic-web.org/inferred/ex(?E, ?R, ?C), http://rulewerk.semantic-web.org/inferred/subClassOf(?C, ?_BODY_1), Equal(?_BODY_1, "<http://www.w3.org/2002/07/owl#Nothing>") >>>
08:51:41 [INFO] Execution step: Body
08:51:41 [INFO] Trie does not contain any elements
08:51:41 [INFO] Execution step: Duplicate Elimination (Datalog)
08:51:41 [INFO] Trie does not contain any elements
08:51:41 [INFO] Rule duration: 0 ms
08:51:41 [INFO] <<< STEP 281: APPLYING RULE 1 http://rulewerk.semantic-web.org/inferred/init(?C) :- http://rulewerk.semantic-web.org/inferred/ex(?E, ?R, ?C) >>>
08:51:41 [INFO] Execution step: Body
08:51:41 [INFO] Saved temporary table: 44 entries (3576)
08:51:41 [INFO] Execution step: Duplicate Elimination (Datalog)
08:51:41 [INFO] Trie does not contain any elements
08:51:41 [INFO] Rule duration: 0 ms
08:51:41 [INFO] <<< STEP 282: APPLYING RULE 2 http://rulewerk.semantic-web.org/inferred/subClassOf(?C, ?C) :- http://rulewerk.semantic-web.org/inferred/init(?C) >>>
08:51:41 [INFO] Execution step: Body
08:51:41 [INFO] Trie does not contain any elements
08:51:41 [INFO] Execution step: Duplicate Elimination (Datalog)
08:51:41 [INFO] Trie does not contain any elements
08:51:41 [INFO] Rule duration: 0 ms
08:51:41 [INFO] <<< STEP 283: APPLYING RULE 4 http://rulewerk.semantic-web.org/inferred/subClassOf(?C, ?D1), http://rulewerk.semantic-web.org/inferred/subClassOf(?C, ?D2) :- http://rulewerk.semantic-web.org/inferred/subClassOf(?C, ?Y), http://rulewerk.semantic-web.org/normalForm/conj(?Y, ?D1, ?D2) >>>
08:51:41 [INFO] Execution step: Body
08:51:41 [INFO] Saved temporary table: 335 entries (10198)
08:51:41 [INFO] Saved temporary table: 297 entries (10046)
08:51:41 [INFO] Execution step: Duplicate Elimination (Datalog)
08:51:41 [INFO] Trie does not contain any elements
08:51:41 [INFO] Rule duration: 2 ms
08:51:41 [INFO] <<< STEP 284: APPLYING RULE 5 http://rulewerk.semantic-web.org/inferred/subClassOf(?C, ?I) :- http://rulewerk.semantic-web.org/inferred/subClassOf(?C, ?D1), http://rulewerk.semantic-web.org/inferred/subClassOf(?C, ?D2), http://rulewerk.semantic-web.org/normalForm/conj(?I, ?D1, ?D2), http://rulewerk.semantic-web.org/normalForm/isSubClass(?I) >>>
08:51:41 [INFO] Execution step: Body
08:51:41 [INFO] Saved temporary table: 142 entries (8574)
08:51:41 [INFO] Execution step: Duplicate Elimination (Datalog)
08:51:41 [INFO] Saved permanent table http://rulewerk.semantic-web.org/inferred/subClassOf (284) Permutation { idx_to_val: [], val_to_idx: [] } with 142 entries (8622)
08:51:41 [INFO] Rule duration: 6 ms
08:51:41 [INFO] <<< STEP 285: APPLYING RULE 5 http://rulewerk.semantic-web.org/inferred/subClassOf(?C, ?I) :- http://rulewerk.semantic-web.org/inferred/subClassOf(?C, ?D1), http://rulewerk.semantic-web.org/inferred/subClassOf(?C, ?D2), http://rulewerk.semantic-web.org/normalForm/conj(?I, ?D1, ?D2), http://rulewerk.semantic-web.org/normalForm/isSubClass(?I) >>>
08:51:41 [INFO] Execution step: Body
08:51:41 [INFO] Saved temporary table: 30 entries (8480)
08:51:41 [INFO] Execution step: Duplicate Elimination (Datalog)
08:51:41 [INFO] Saved permanent table http://rulewerk.semantic-web.org/inferred/subClassOf (285) Permutation { idx_to_val: [], val_to_idx: [] } with 30 entries (8528)
08:51:41 [INFO] Rule duration: 3 ms
08:51:41 [INFO] <<< STEP 286: APPLYING RULE 5 http://rulewerk.semantic-web.org/inferred/subClassOf(?C, ?I) :- http://rulewerk.semantic-web.org/inferred/subClassOf(?C, ?D1), http://rulewerk.semantic-web.org/inferred/subClassOf(?C, ?D2), http://rulewerk.semantic-web.org/normalForm/conj(?I, ?D1, ?D2), http://rulewerk.semantic-web.org/normalForm/isSubClass(?I) >>>
08:51:41 [INFO] Execution step: Body
08:51:41 [INFO] Trie does not contain any elements
08:51:41 [INFO] Execution step: Duplicate Elimination (Datalog)
08:51:41 [INFO] Trie does not contain any elements
08:51:41 [INFO] Rule duration: 1 ms
08:51:41 [INFO] <<< STEP 287: APPLYING RULE 6 http://rulewerk.semantic-web.org/inferred/ex(?E, ?R, ?C) :- http://rulewerk.semantic-web.org/inferred/subClassOf(?E, ?Y), http://rulewerk.semantic-web.org/normalForm/exists(?Y, ?R, ?C) >>>
08:51:41 [INFO] Execution step: Body
08:51:41 [INFO] Saved temporary table: 155 entries (13448)
08:51:41 [INFO] Execution step: Duplicate Elimination (Datalog)
08:51:41 [INFO] Saved permanent table http://rulewerk.semantic-web.org/inferred/ex (287) Permutation { idx_to_val: [], val_to_idx: [] } with 155 entries (13496)
08:51:41 [INFO] Rule duration: 0 ms
08:51:41 [INFO] <<< STEP 288: APPLYING RULE 7 http://rulewerk.semantic-web.org/inferred/subClassOf(?E, ?Y) :- http://rulewerk.semantic-web.org/inferred/ex(?E, ?R, ?C), http://rulewerk.semantic-web.org/inferred/subClassOf(?C, ?D), http://rulewerk.semantic-web.org/normalForm/subProp(?R, ?S), http://rulewerk.semantic-web.org/normalForm/exists(?Y, ?S, ?D), http://rulewerk.semantic-web.org/normalForm/isSubClass(?Y) >>>
08:51:41 [INFO] Execution step: Body
08:51:41 [INFO] Saved temporary table: 213 entries (8978)
08:51:41 [INFO] Execution step: Duplicate Elimination (Datalog)
08:51:41 [INFO] Saved permanent table http://rulewerk.semantic-web.org/inferred/subClassOf (288) Permutation { idx_to_val: [], val_to_idx: [] } with 36 entries (8344)
08:51:41 [INFO] Rule duration: 2 ms
08:51:41 [INFO] <<< STEP 289: APPLYING RULE 7 http://rulewerk.semantic-web.org/inferred/subClassOf(?E, ?Y) :- http://rulewerk.semantic-web.org/inferred/ex(?E, ?R, ?C), http://rulewerk.semantic-web.org/inferred/subClassOf(?C, ?D), http://rulewerk.semantic-web.org/normalForm/subProp(?R, ?S), http://rulewerk.semantic-web.org/normalForm/exists(?Y, ?S, ?D), http://rulewerk.semantic-web.org/normalForm/isSubClass(?Y) >>>
08:51:41 [INFO] Execution step: Body
08:51:41 [INFO] Trie does not contain any elements
08:51:41 [INFO] Execution step: Duplicate Elimination (Datalog)
08:51:41 [INFO] Trie does not contain any elements
08:51:41 [INFO] Rule duration: 0 ms
08:51:41 [INFO] <<< STEP 290: APPLYING RULE 8 http://rulewerk.semantic-web.org/inferred/ex(?E, ?S, ?D) :- http://rulewerk.semantic-web.org/inferred/ex(?E, ?R1, ?C), http://rulewerk.semantic-web.org/inferred/ex(?C, ?R2, ?D), http://rulewerk.semantic-web.org/normalForm/subProp(?R1, ?S1), http://rulewerk.semantic-web.org/normalForm/subProp(?R2, ?S2), http://rulewerk.semantic-web.org/normalForm/subPropChain(?S1, ?S2, ?S) >>>
08:51:41 [INFO] Execution step: Body
08:51:41 [INFO] Trie does not contain any elements
08:51:41 [INFO] Execution step: Duplicate Elimination (Datalog)
08:51:41 [INFO] Trie does not contain any elements
08:51:41 [INFO] Rule duration: 0 ms
08:51:41 [INFO] <<< STEP 291: APPLYING RULE 9 http://rulewerk.semantic-web.org/inferred/subClassOf(?C, ?E) :- http://rulewerk.semantic-web.org/inferred/subClassOf(?C, ?D), http://rulewerk.semantic-web.org/normalForm/subClassOf(?D, ?E) >>>
08:51:41 [INFO] Execution step: Body
08:51:41 [INFO] Saved temporary table: 89 entries (8314)
08:51:41 [INFO] Execution step: Duplicate Elimination (Datalog)
08:51:41 [INFO] Saved permanent table http://rulewerk.semantic-web.org/inferred/subClassOf (291) Permutation { idx_to_val: [], val_to_idx: [] } with 89 entries (8362)
08:51:41 [INFO] Rule duration: 0 ms
08:51:41 [INFO] <<< STEP 292: APPLYING RULE 9 http://rulewerk.semantic-web.org/inferred/subClassOf(?C, ?E) :- http://rulewerk.semantic-web.org/inferred/subClassOf(?C, ?D), http://rulewerk.semantic-web.org/normalForm/subClassOf(?D, ?E) >>>
08:51:41 [INFO] Execution step: Body
08:51:41 [INFO] Saved temporary table: 116 entries (8422)
08:51:41 [INFO] Execution step: Duplicate Elimination (Datalog)
08:51:41 [INFO] Saved permanent table http://rulewerk.semantic-web.org/inferred/subClassOf (292) Permutation { idx_to_val: [], val_to_idx: [] } with 27 entries (8360)
08:51:41 [INFO] Rule duration: 0 ms
08:51:41 [INFO] <<< STEP 293: APPLYING RULE 9 http://rulewerk.semantic-web.org/inferred/subClassOf(?C, ?E) :- http://rulewerk.semantic-web.org/inferred/subClassOf(?C, ?D), http://rulewerk.semantic-web.org/normalForm/subClassOf(?D, ?E) >>>
08:51:41 [INFO] Execution step: Body
08:51:41 [INFO] Trie does not contain any elements
08:51:41 [INFO] Execution step: Duplicate Elimination (Datalog)
08:51:41 [INFO] Trie does not contain any elements
08:51:41 [INFO] Rule duration: 0 ms
08:51:41 [INFO] <<< STEP 294: APPLYING RULE 10 http://rulewerk.semantic-web.org/inferred/subClassOf(?E, "<http://www.w3.org/2002/07/owl#Nothing>") :- http://rulewerk.semantic-web.org/inferred/ex(?E, ?R, ?C), http://rulewerk.semantic-web.org/inferred/subClassOf(?C, ?_BODY_1), Equal(?_BODY_1, "<http://www.w3.org/2002/07/owl#Nothing>") >>>
08:51:41 [INFO] Execution step: Body
08:51:41 [INFO] Trie does not contain any elements
08:51:41 [INFO] Execution step: Duplicate Elimination (Datalog)
08:51:41 [INFO] Trie does not contain any elements
08:51:41 [INFO] Rule duration: 0 ms
08:51:41 [INFO] <<< STEP 295: APPLYING RULE 1 http://rulewerk.semantic-web.org/inferred/init(?C) :- http://rulewerk.semantic-web.org/inferred/ex(?E, ?R, ?C) >>>
08:51:41 [INFO] Execution step: Body
08:51:41 [INFO] Saved temporary table: 26 entries (3504)
08:51:41 [INFO] Execution step: Duplicate Elimination (Datalog)
08:51:41 [INFO] Trie does not contain any elements
08:51:41 [INFO] Rule duration: 0 ms
08:51:41 [INFO] <<< STEP 296: APPLYING RULE 2 http://rulewerk.semantic-web.org/inferred/subClassOf(?C, ?C) :- http://rulewerk.semantic-web.org/inferred/init(?C) >>>
08:51:41 [INFO] Execution step: Body
08:51:41 [INFO] Trie does not contain any elements
08:51:41 [INFO] Execution step: Duplicate Elimination (Datalog)
08:51:41 [INFO] Trie does not contain any elements
08:51:41 [INFO] Rule duration: 0 ms
08:51:41 [INFO] <<< STEP 297: APPLYING RULE 4 http://rulewerk.semantic-web.org/inferred/subClassOf(?C, ?D1), http://rulewerk.semantic-web.org/inferred/subClassOf(?C, ?D2) :- http://rulewerk.semantic-web.org/inferred/subClassOf(?C, ?Y), http://rulewerk.semantic-web.org/normalForm/conj(?Y, ?D1, ?D2) >>>
08:51:41 [INFO] Execution step: Body
08:51:41 [INFO] Saved temporary table: 161 entries (8650)
08:51:41 [INFO] Saved temporary table: 136 entries (8550)
08:51:41 [INFO] Execution step: Duplicate Elimination (Datalog)
08:51:41 [INFO] Trie does not contain any elements
08:51:41 [INFO] Rule duration: 1 ms
08:51:41 [INFO] <<< STEP 298: APPLYING RULE 5 http://rulewerk.semantic-web.org/inferred/subClassOf(?C, ?I) :- http://rulewerk.semantic-web.org/inferred/subClassOf(?C, ?D1), http://rulewerk.semantic-web.org/inferred/subClassOf(?C, ?D2), http://rulewerk.semantic-web.org/normalForm/conj(?I, ?D1, ?D2), http://rulewerk.semantic-web.org/normalForm/isSubClass(?I) >>>
08:51:41 [INFO] Execution step: Body
08:51:41 [INFO] Saved temporary table: 78 entries (8880)
08:51:41 [INFO] Execution step: Duplicate Elimination (Datalog)
08:51:41 [INFO] Saved permanent table http://rulewerk.semantic-web.org/inferred/subClassOf (298) Permutation { idx_to_val: [], val_to_idx: [] } with 78 entries (8928)
08:51:41 [INFO] Rule duration: 3 ms
08:51:41 [INFO] <<< STEP 299: APPLYING RULE 5 http://rulewerk.semantic-web.org/inferred/subClassOf(?C, ?I) :- http://rulewerk.semantic-web.org/inferred/subClassOf(?C, ?D1), http://rulewerk.semantic-web.org/inferred/subClassOf(?C, ?D2), http://rulewerk.semantic-web.org/normalForm/conj(?I, ?D1, ?D2), http://rulewerk.semantic-web.org/normalForm/isSubClass(?I) >>>
08:51:41 [INFO] Execution step: Body
08:51:41 [INFO] Saved temporary table: 26 entries (8256)
08:51:41 [INFO] Execution step: Duplicate Elimination (Datalog)
08:51:41 [INFO] Saved permanent table http://rulewerk.semantic-web.org/inferred/subClassOf (299) Permutation { idx_to_val: [], val_to_idx: [] } with 26 entries (8304)
08:51:41 [INFO] Rule duration: 1 ms
08:51:41 [INFO] <<< STEP 300: APPLYING RULE 5 http://rulewerk.semantic-web.org/inferred/subClassOf(?C, ?I) :- http://rulewerk.semantic-web.org/inferred/subClassOf(?C, ?D1), http://rulewerk.semantic-web.org/inferred/subClassOf(?C, ?D2), http://rulewerk.semantic-web.org/normalForm/conj(?I, ?D1, ?D2), http://rulewerk.semantic-web.org/normalForm/isSubClass(?I) >>>
08:51:41 [INFO] Execution step: Body
08:51:41 [INFO] Trie does not contain any elements
08:51:41 [INFO] Execution step: Duplicate Elimination (Datalog)
08:51:41 [INFO] Trie does not contain any elements
08:51:41 [INFO] Rule duration: 1 ms
08:51:41 [INFO] <<< STEP 301: APPLYING RULE 6 http://rulewerk.semantic-web.org/inferred/ex(?E, ?R, ?C) :- http://rulewerk.semantic-web.org/inferred/subClassOf(?E, ?Y), http://rulewerk.semantic-web.org/normalForm/exists(?Y, ?R, ?C) >>>
08:51:41 [INFO] Execution step: Body
08:51:41 [INFO] Saved temporary table: 63 entries (13374)
08:51:41 [INFO] Execution step: Duplicate Elimination (Datalog)
08:51:41 [INFO] Saved permanent table http://rulewerk.semantic-web.org/inferred/ex (301) Permutation { idx_to_val: [], val_to_idx: [] } with 63 entries (13422)
08:51:41 [INFO] Rule duration: 0 ms
08:51:41 [INFO] <<< STEP 302: APPLYING RULE 7 http://rulewerk.semantic-web.org/inferred/subClassOf(?E, ?Y) :- http://rulewerk.semantic-web.org/inferred/ex(?E, ?R, ?C), http://rulewerk.semantic-web.org/inferred/subClassOf(?C, ?D), http://rulewerk.semantic-web.org/normalForm/subProp(?R, ?S), http://rulewerk.semantic-web.org/normalForm/exists(?Y, ?S, ?D), http://rulewerk.semantic-web.org/normalForm/isSubClass(?Y) >>>
08:51:41 [INFO] Execution step: Body
08:51:41 [INFO] Saved temporary table: 219 entries (9912)
08:51:41 [INFO] Execution step: Duplicate Elimination (Datalog)
08:51:41 [INFO] Saved permanent table http://rulewerk.semantic-web.org/inferred/subClassOf (302) Permutation { idx_to_val: [], val_to_idx: [] } with 70 entries (8792)
08:51:41 [INFO] Rule duration: 1 ms
08:51:41 [INFO] Execution step: Combining Tables
08:51:41 [INFO] Saved permanent table http://rulewerk.semantic-web.org/inferred/subClassOf (280-304) Permutation { idx_to_val: [], val_to_idx: [] } with 498 entries (10190)
08:51:41 [INFO] <<< STEP 303: APPLYING RULE 7 http://rulewerk.semantic-web.org/inferred/subClassOf(?E, ?Y) :- http://rulewerk.semantic-web.org/inferred/ex(?E, ?R, ?C), http://rulewerk.semantic-web.org/inferred/subClassOf(?C, ?D), http://rulewerk.semantic-web.org/normalForm/subProp(?R, ?S), http://rulewerk.semantic-web.org/normalForm/exists(?Y, ?S, ?D), http://rulewerk.semantic-web.org/normalForm/isSubClass(?Y) >>>
08:51:41 [INFO] Execution step: Body
08:51:41 [INFO] Trie does not contain any elements
08:51:41 [INFO] Execution step: Duplicate Elimination (Datalog)
08:51:41 [INFO] Trie does not contain any elements
08:51:41 [INFO] Rule duration: 0 ms
08:51:41 [INFO] <<< STEP 304: APPLYING RULE 8 http://rulewerk.semantic-web.org/inferred/ex(?E, ?S, ?D) :- http://rulewerk.semantic-web.org/inferred/ex(?E, ?R1, ?C), http://rulewerk.semantic-web.org/inferred/ex(?C, ?R2, ?D), http://rulewerk.semantic-web.org/normalForm/subProp(?R1, ?S1), http://rulewerk.semantic-web.org/normalForm/subProp(?R2, ?S2), http://rulewerk.semantic-web.org/normalForm/subPropChain(?S1, ?S2, ?S) >>>
08:51:41 [INFO] Execution step: Body
08:51:41 [INFO] Trie does not contain any elements
08:51:41 [INFO] Execution step: Duplicate Elimination (Datalog)
08:51:41 [INFO] Trie does not contain any elements
08:51:41 [INFO] Rule duration: 0 ms
08:51:41 [INFO] <<< STEP 305: APPLYING RULE 9 http://rulewerk.semantic-web.org/inferred/subClassOf(?C, ?E) :- http://rulewerk.semantic-web.org/inferred/subClassOf(?C, ?D), http://rulewerk.semantic-web.org/normalForm/subClassOf(?D, ?E) >>>
08:51:41 [INFO] Execution step: Body
08:51:41 [INFO] Saved temporary table: 73 entries (8860)
08:51:41 [INFO] Execution step: Duplicate Elimination (Datalog)
08:51:41 [INFO] Saved permanent table http://rulewerk.semantic-web.org/inferred/subClassOf (305) Permutation { idx_to_val: [], val_to_idx: [] } with 73 entries (8908)
08:51:41 [INFO] Rule duration: 0 ms
08:51:41 [INFO] <<< STEP 306: APPLYING RULE 9 http://rulewerk.semantic-web.org/inferred/subClassOf(?C, ?E) :- http://rulewerk.semantic-web.org/inferred/subClassOf(?C, ?D), http://rulewerk.semantic-web.org/normalForm/subClassOf(?D, ?E) >>>
08:51:41 [INFO] Execution step: Body
08:51:41 [INFO] Saved temporary table: 79 entries (8884)
08:51:41 [INFO] Execution step: Duplicate Elimination (Datalog)
08:51:41 [INFO] Saved permanent table http://rulewerk.semantic-web.org/inferred/subClassOf (306) Permutation { idx_to_val: [], val_to_idx: [] } with 1 entries (6904)
08:51:41 [INFO] Rule duration: 0 ms
08:51:41 [INFO] <<< STEP 307: APPLYING RULE 9 http://rulewerk.semantic-web.org/inferred/subClassOf(?C, ?E) :- http://rulewerk.semantic-web.org/inferred/subClassOf(?C, ?D), http://rulewerk.semantic-web.org/normalForm/subClassOf(?D, ?E) >>>
08:51:41 [INFO] Execution step: Body
08:51:41 [INFO] Trie does not contain any elements
08:51:41 [INFO] Execution step: Duplicate Elimination (Datalog)
08:51:41 [INFO] Trie does not contain any elements
08:51:41 [INFO] Rule duration: 0 ms
08:51:41 [INFO] <<< STEP 308: APPLYING RULE 10 http://rulewerk.semantic-web.org/inferred/subClassOf(?E, "<http://www.w3.org/2002/07/owl#Nothing>") :- http://rulewerk.semantic-web.org/inferred/ex(?E, ?R, ?C), http://rulewerk.semantic-web.org/inferred/subClassOf(?C, ?_BODY_1), Equal(?_BODY_1, "<http://www.w3.org/2002/07/owl#Nothing>") >>>
08:51:41 [INFO] Execution step: Body
08:51:41 [INFO] Trie does not contain any elements
08:51:41 [INFO] Execution step: Duplicate Elimination (Datalog)
08:51:41 [INFO] Trie does not contain any elements
08:51:41 [INFO] Rule duration: 0 ms
08:51:41 [INFO] <<< STEP 309: APPLYING RULE 1 http://rulewerk.semantic-web.org/inferred/init(?C) :- http://rulewerk.semantic-web.org/inferred/ex(?E, ?R, ?C) >>>
08:51:41 [INFO] Execution step: Body
08:51:41 [INFO] Saved temporary table: 10 entries (3440)
08:51:41 [INFO] Execution step: Duplicate Elimination (Datalog)
08:51:41 [INFO] Trie does not contain any elements
08:51:41 [INFO] Rule duration: 0 ms
08:51:41 [INFO] <<< STEP 310: APPLYING RULE 2 http://rulewerk.semantic-web.org/inferred/subClassOf(?C, ?C) :- http://rulewerk.semantic-web.org/inferred/init(?C) >>>
08:51:41 [INFO] Execution step: Body
08:51:41 [INFO] Trie does not contain any elements
08:51:41 [INFO] Execution step: Duplicate Elimination (Datalog)
08:51:41 [INFO] Trie does not contain any elements
08:51:41 [INFO] Rule duration: 0 ms
08:51:41 [INFO] <<< STEP 311: APPLYING RULE 4 http://rulewerk.semantic-web.org/inferred/subClassOf(?C, ?D1), http://rulewerk.semantic-web.org/inferred/subClassOf(?C, ?D2) :- http://rulewerk.semantic-web.org/inferred/subClassOf(?C, ?Y), http://rulewerk.semantic-web.org/normalForm/conj(?Y, ?D1, ?D2) >>>
08:51:41 [INFO] Execution step: Body
08:51:41 [INFO] Saved temporary table: 97 entries (8956)
08:51:41 [INFO] Saved temporary table: 72 entries (8856)
08:51:41 [INFO] Execution step: Duplicate Elimination (Datalog)
08:51:41 [INFO] Trie does not contain any elements
08:51:41 [INFO] Rule duration: 1 ms
08:51:41 [INFO] <<< STEP 312: APPLYING RULE 5 http://rulewerk.semantic-web.org/inferred/subClassOf(?C, ?I) :- http://rulewerk.semantic-web.org/inferred/subClassOf(?C, ?D1), http://rulewerk.semantic-web.org/inferred/subClassOf(?C, ?D2), http://rulewerk.semantic-web.org/normalForm/conj(?I, ?D1, ?D2), http://rulewerk.semantic-web.org/normalForm/isSubClass(?I) >>>
08:51:41 [INFO] Execution step: Body
08:51:41 [INFO] Saved temporary table: 56 entries (8688)
08:51:41 [INFO] Execution step: Duplicate Elimination (Datalog)
08:51:41 [INFO] Saved permanent table http://rulewerk.semantic-web.org/inferred/subClassOf (312) Permutation { idx_to_val: [], val_to_idx: [] } with 56 entries (8736)
08:51:41 [INFO] Rule duration: 2 ms
08:51:41 [INFO] <<< STEP 313: APPLYING RULE 5 http://rulewerk.semantic-web.org/inferred/subClassOf(?C, ?I) :- http://rulewerk.semantic-web.org/inferred/subClassOf(?C, ?D1), http://rulewerk.semantic-web.org/inferred/subClassOf(?C, ?D2), http://rulewerk.semantic-web.org/normalForm/conj(?I, ?D1, ?D2), http://rulewerk.semantic-web.org/normalForm/isSubClass(?I) >>>
08:51:41 [INFO] Execution step: Body
08:51:41 [INFO] Saved temporary table: 5 entries (7080)
08:51:41 [INFO] Execution step: Duplicate Elimination (Datalog)
08:51:41 [INFO] Saved permanent table http://rulewerk.semantic-web.org/inferred/subClassOf (313) Permutation { idx_to_val: [], val_to_idx: [] } with 5 entries (7128)
08:51:41 [INFO] Rule duration: 1 ms
08:51:41 [INFO] <<< STEP 314: APPLYING RULE 5 http://rulewerk.semantic-web.org/inferred/subClassOf(?C, ?I) :- http://rulewerk.semantic-web.org/inferred/subClassOf(?C, ?D1), http://rulewerk.semantic-web.org/inferred/subClassOf(?C, ?D2), http://rulewerk.semantic-web.org/normalForm/conj(?I, ?D1, ?D2), http://rulewerk.semantic-web.org/normalForm/isSubClass(?I) >>>
08:51:41 [INFO] Execution step: Body
08:51:41 [INFO] Trie does not contain any elements
08:51:41 [INFO] Execution step: Duplicate Elimination (Datalog)
08:51:41 [INFO] Trie does not contain any elements
08:51:41 [INFO] Rule duration: 0 ms
08:51:41 [INFO] <<< STEP 315: APPLYING RULE 6 http://rulewerk.semantic-web.org/inferred/ex(?E, ?R, ?C) :- http://rulewerk.semantic-web.org/inferred/subClassOf(?E, ?Y), http://rulewerk.semantic-web.org/normalForm/exists(?Y, ?R, ?C) >>>
08:51:41 [INFO] Execution step: Body
08:51:41 [INFO] Saved temporary table: 71 entries (13916)
08:51:41 [INFO] Execution step: Duplicate Elimination (Datalog)
08:51:41 [INFO] Saved permanent table http://rulewerk.semantic-web.org/inferred/ex (315) Permutation { idx_to_val: [], val_to_idx: [] } with 71 entries (13964)
08:51:41 [INFO] Rule duration: 0 ms
08:51:41 [INFO] <<< STEP 316: APPLYING RULE 7 http://rulewerk.semantic-web.org/inferred/subClassOf(?E, ?Y) :- http://rulewerk.semantic-web.org/inferred/ex(?E, ?R, ?C), http://rulewerk.semantic-web.org/inferred/subClassOf(?C, ?D), http://rulewerk.semantic-web.org/normalForm/subProp(?R, ?S), http://rulewerk.semantic-web.org/normalForm/exists(?Y, ?S, ?D), http://rulewerk.semantic-web.org/normalForm/isSubClass(?Y) >>>
08:51:41 [INFO] Execution step: Body
08:51:41 [INFO] Saved temporary table: 86 entries (8860)
08:51:41 [INFO] Execution step: Duplicate Elimination (Datalog)
08:51:41 [INFO] Trie does not contain any elements
08:51:41 [INFO] Rule duration: 1 ms
08:51:41 [INFO] <<< STEP 317: APPLYING RULE 8 http://rulewerk.semantic-web.org/inferred/ex(?E, ?S, ?D) :- http://rulewerk.semantic-web.org/inferred/ex(?E, ?R1, ?C), http://rulewerk.semantic-web.org/inferred/ex(?C, ?R2, ?D), http://rulewerk.semantic-web.org/normalForm/subProp(?R1, ?S1), http://rulewerk.semantic-web.org/normalForm/subProp(?R2, ?S2), http://rulewerk.semantic-web.org/normalForm/subPropChain(?S1, ?S2, ?S) >>>
08:51:41 [INFO] Execution step: Body
08:51:41 [INFO] Trie does not contain any elements
08:51:41 [INFO] Execution step: Duplicate Elimination (Datalog)
08:51:41 [INFO] Trie does not contain any elements
08:51:41 [INFO] Rule duration: 0 ms
08:51:41 [INFO] <<< STEP 318: APPLYING RULE 9 http://rulewerk.semantic-web.org/inferred/subClassOf(?C, ?E) :- http://rulewerk.semantic-web.org/inferred/subClassOf(?C, ?D), http://rulewerk.semantic-web.org/normalForm/subClassOf(?D, ?E) >>>
08:51:41 [INFO] Execution step: Body
08:51:41 [INFO] Saved temporary table: 31 entries (8536)
08:51:41 [INFO] Execution step: Duplicate Elimination (Datalog)
08:51:41 [INFO] Saved permanent table http://rulewerk.semantic-web.org/inferred/subClassOf (318) Permutation { idx_to_val: [], val_to_idx: [] } with 31 entries (8584)
08:51:41 [INFO] Rule duration: 0 ms
08:51:41 [INFO] <<< STEP 319: APPLYING RULE 9 http://rulewerk.semantic-web.org/inferred/subClassOf(?C, ?E) :- http://rulewerk.semantic-web.org/inferred/subClassOf(?C, ?D), http://rulewerk.semantic-web.org/normalForm/subClassOf(?D, ?E) >>>
08:51:41 [INFO] Execution step: Body
08:51:41 [INFO] Saved temporary table: 36 entries (8556)
08:51:41 [INFO] Execution step: Duplicate Elimination (Datalog)
08:51:41 [INFO] Saved permanent table http://rulewerk.semantic-web.org/inferred/subClassOf (319) Permutation { idx_to_val: [], val_to_idx: [] } with 5 entries (7128)
08:51:41 [INFO] Rule duration: 0 ms
08:51:41 [INFO] <<< STEP 320: APPLYING RULE 9 http://rulewerk.semantic-web.org/inferred/subClassOf(?C, ?E) :- http://rulewerk.semantic-web.org/inferred/subClassOf(?C, ?D), http://rulewerk.semantic-web.org/normalForm/subClassOf(?D, ?E) >>>
08:51:41 [INFO] Execution step: Body
08:51:41 [INFO] Trie does not contain any elements
08:51:41 [INFO] Execution step: Duplicate Elimination (Datalog)
08:51:41 [INFO] Trie does not contain any elements
08:51:41 [INFO] Rule duration: 0 ms
08:51:41 [INFO] <<< STEP 321: APPLYING RULE 10 http://rulewerk.semantic-web.org/inferred/subClassOf(?E, "<http://www.w3.org/2002/07/owl#Nothing>") :- http://rulewerk.semantic-web.org/inferred/ex(?E, ?R, ?C), http://rulewerk.semantic-web.org/inferred/subClassOf(?C, ?_BODY_1), Equal(?_BODY_1, "<http://www.w3.org/2002/07/owl#Nothing>") >>>
08:51:41 [INFO] Execution step: Body
08:51:41 [INFO] Trie does not contain any elements
08:51:41 [INFO] Execution step: Duplicate Elimination (Datalog)
08:51:41 [INFO] Trie does not contain any elements
08:51:41 [INFO] Rule duration: 0 ms
08:51:41 [INFO] <<< STEP 322: APPLYING RULE 1 http://rulewerk.semantic-web.org/inferred/init(?C) :- http://rulewerk.semantic-web.org/inferred/ex(?E, ?R, ?C) >>>
08:51:41 [INFO] Execution step: Body
08:51:41 [INFO] Saved temporary table: 5 entries (3420)
08:51:41 [INFO] Execution step: Duplicate Elimination (Datalog)
08:51:41 [INFO] Trie does not contain any elements
08:51:41 [INFO] Rule duration: 0 ms
08:51:41 [INFO] <<< STEP 323: APPLYING RULE 2 http://rulewerk.semantic-web.org/inferred/subClassOf(?C, ?C) :- http://rulewerk.semantic-web.org/inferred/init(?C) >>>
08:51:41 [INFO] Execution step: Body
08:51:41 [INFO] Trie does not contain any elements
08:51:41 [INFO] Execution step: Duplicate Elimination (Datalog)
08:51:41 [INFO] Trie does not contain any elements
08:51:41 [INFO] Rule duration: 0 ms
08:51:41 [INFO] <<< STEP 324: APPLYING RULE 4 http://rulewerk.semantic-web.org/inferred/subClassOf(?C, ?D1), http://rulewerk.semantic-web.org/inferred/subClassOf(?C, ?D2) :- http://rulewerk.semantic-web.org/inferred/subClassOf(?C, ?Y), http://rulewerk.semantic-web.org/normalForm/conj(?Y, ?D1, ?D2) >>>
08:51:41 [INFO] Execution step: Body
08:51:41 [INFO] Saved temporary table: 61 entries (8708)
08:51:41 [INFO] Saved temporary table: 49 entries (8660)
08:51:41 [INFO] Execution step: Duplicate Elimination (Datalog)
08:51:41 [INFO] Trie does not contain any elements
08:51:41 [INFO] Rule duration: 0 ms
08:51:41 [INFO] <<< STEP 325: APPLYING RULE 5 http://rulewerk.semantic-web.org/inferred/subClassOf(?C, ?I) :- http://rulewerk.semantic-web.org/inferred/subClassOf(?C, ?D1), http://rulewerk.semantic-web.org/inferred/subClassOf(?C, ?D2), http://rulewerk.semantic-web.org/normalForm/conj(?I, ?D1, ?D2), http://rulewerk.semantic-web.org/normalForm/isSubClass(?I) >>>
08:51:41 [INFO] Execution step: Body
08:51:41 [INFO] Saved temporary table: 13 entries (7112)
08:51:41 [INFO] Execution step: Duplicate Elimination (Datalog)
08:51:41 [INFO] Saved permanent table http://rulewerk.semantic-web.org/inferred/subClassOf (325) Permutation { idx_to_val: [], val_to_idx: [] } with 13 entries (7160)
08:51:41 [INFO] Rule duration: 1 ms
08:51:41 [INFO] <<< STEP 326: APPLYING RULE 5 http://rulewerk.semantic-web.org/inferred/subClassOf(?C, ?I) :- http://rulewerk.semantic-web.org/inferred/subClassOf(?C, ?D1), http://rulewerk.semantic-web.org/inferred/subClassOf(?C, ?D2), http://rulewerk.semantic-web.org/normalForm/conj(?I, ?D1, ?D2), http://rulewerk.semantic-web.org/normalForm/isSubClass(?I) >>>
08:51:41 [INFO] Execution step: Body
08:51:41 [INFO] Saved temporary table: 5 entries (7080)
08:51:41 [INFO] Execution step: Duplicate Elimination (Datalog)
08:51:41 [INFO] Saved permanent table http://rulewerk.semantic-web.org/inferred/subClassOf (326) Permutation { idx_to_val: [], val_to_idx: [] } with 5 entries (7128)
08:51:41 [INFO] Rule duration: 1 ms
08:51:41 [INFO] Execution step: Combining Tables
08:51:41 [INFO] Saved permanent table http://rulewerk.semantic-web.org/inferred/subClassOf (304-328) Permutation { idx_to_val: [], val_to_idx: [] } with 189 entries (9632)
08:51:41 [INFO] <<< STEP 327: APPLYING RULE 5 http://rulewerk.semantic-web.org/inferred/subClassOf(?C, ?I) :- http://rulewerk.semantic-web.org/inferred/subClassOf(?C, ?D1), http://rulewerk.semantic-web.org/inferred/subClassOf(?C, ?D2), http://rulewerk.semantic-web.org/normalForm/conj(?I, ?D1, ?D2), http://rulewerk.semantic-web.org/normalForm/isSubClass(?I) >>>
08:51:41 [INFO] Execution step: Body
08:51:41 [INFO] Trie does not contain any elements
08:51:41 [INFO] Execution step: Duplicate Elimination (Datalog)
08:51:41 [INFO] Trie does not contain any elements
08:51:41 [INFO] Rule duration: 1 ms
08:51:41 [INFO] <<< STEP 328: APPLYING RULE 6 http://rulewerk.semantic-web.org/inferred/ex(?E, ?R, ?C) :- http://rulewerk.semantic-web.org/inferred/subClassOf(?E, ?Y), http://rulewerk.semantic-web.org/normalForm/exists(?Y, ?R, ?C) >>>
08:51:41 [INFO] Execution step: Body
08:51:41 [INFO] Saved temporary table: 5 entries (10740)
08:51:41 [INFO] Execution step: Duplicate Elimination (Datalog)
08:51:41 [INFO] Saved permanent table http://rulewerk.semantic-web.org/inferred/ex (328) Permutation { idx_to_val: [], val_to_idx: [] } with 5 entries (10788)
08:51:41 [INFO] Rule duration: 0 ms
08:51:41 [INFO] <<< STEP 329: APPLYING RULE 7 http://rulewerk.semantic-web.org/inferred/subClassOf(?E, ?Y) :- http://rulewerk.semantic-web.org/inferred/ex(?E, ?R, ?C), http://rulewerk.semantic-web.org/inferred/subClassOf(?C, ?D), http://rulewerk.semantic-web.org/normalForm/subProp(?R, ?S), http://rulewerk.semantic-web.org/normalForm/exists(?Y, ?S, ?D), http://rulewerk.semantic-web.org/normalForm/isSubClass(?Y) >>>
08:51:41 [INFO] Execution step: Body
08:51:41 [INFO] Saved temporary table: 20 entries (7140)
08:51:41 [INFO] Execution step: Duplicate Elimination (Datalog)
08:51:41 [INFO] Saved permanent table http://rulewerk.semantic-web.org/inferred/subClassOf (329) Permutation { idx_to_val: [], val_to_idx: [] } with 15 entries (7168)
08:51:41 [INFO] Rule duration: 0 ms
08:51:41 [INFO] <<< STEP 330: APPLYING RULE 7 http://rulewerk.semantic-web.org/inferred/subClassOf(?E, ?Y) :- http://rulewerk.semantic-web.org/inferred/ex(?E, ?R, ?C), http://rulewerk.semantic-web.org/inferred/subClassOf(?C, ?D), http://rulewerk.semantic-web.org/normalForm/subProp(?R, ?S), http://rulewerk.semantic-web.org/normalForm/exists(?Y, ?S, ?D), http://rulewerk.semantic-web.org/normalForm/isSubClass(?Y) >>>
08:51:41 [INFO] Execution step: Body
08:51:41 [INFO] Trie does not contain any elements
08:51:41 [INFO] Execution step: Duplicate Elimination (Datalog)
08:51:41 [INFO] Trie does not contain any elements
08:51:41 [INFO] Rule duration: 0 ms
08:51:41 [INFO] <<< STEP 331: APPLYING RULE 8 http://rulewerk.semantic-web.org/inferred/ex(?E, ?S, ?D) :- http://rulewerk.semantic-web.org/inferred/ex(?E, ?R1, ?C), http://rulewerk.semantic-web.org/inferred/ex(?C, ?R2, ?D), http://rulewerk.semantic-web.org/normalForm/subProp(?R1, ?S1), http://rulewerk.semantic-web.org/normalForm/subProp(?R2, ?S2), http://rulewerk.semantic-web.org/normalForm/subPropChain(?S1, ?S2, ?S) >>>
08:51:41 [INFO] Execution step: Body
08:51:41 [INFO] Trie does not contain any elements
08:51:41 [INFO] Execution step: Duplicate Elimination (Datalog)
08:51:41 [INFO] Trie does not contain any elements
08:51:41 [INFO] Rule duration: 0 ms
08:51:41 [INFO] <<< STEP 332: APPLYING RULE 9 http://rulewerk.semantic-web.org/inferred/subClassOf(?C, ?E) :- http://rulewerk.semantic-web.org/inferred/subClassOf(?C, ?D), http://rulewerk.semantic-web.org/normalForm/subClassOf(?D, ?E) >>>
08:51:41 [INFO] Execution step: Body
08:51:41 [INFO] Saved temporary table: 10 entries (7100)
08:51:41 [INFO] Execution step: Duplicate Elimination (Datalog)
08:51:41 [INFO] Saved permanent table http://rulewerk.semantic-web.org/inferred/subClassOf (332) Permutation { idx_to_val: [], val_to_idx: [] } with 10 entries (7148)
08:51:41 [INFO] Rule duration: 0 ms
08:51:41 [INFO] <<< STEP 333: APPLYING RULE 9 http://rulewerk.semantic-web.org/inferred/subClassOf(?C, ?E) :- http://rulewerk.semantic-web.org/inferred/subClassOf(?C, ?D), http://rulewerk.semantic-web.org/normalForm/subClassOf(?D, ?E) >>>
08:51:41 [INFO] Execution step: Body
08:51:41 [INFO] Saved temporary table: 10 entries (7100)
08:51:41 [INFO] Execution step: Duplicate Elimination (Datalog)
08:51:41 [INFO] Trie does not contain any elements
08:51:41 [INFO] Rule duration: 0 ms
08:51:41 [INFO] <<< STEP 334: APPLYING RULE 10 http://rulewerk.semantic-web.org/inferred/subClassOf(?E, "<http://www.w3.org/2002/07/owl#Nothing>") :- http://rulewerk.semantic-web.org/inferred/ex(?E, ?R, ?C), http://rulewerk.semantic-web.org/inferred/subClassOf(?C, ?_BODY_1), Equal(?_BODY_1, "<http://www.w3.org/2002/07/owl#Nothing>") >>>
08:51:41 [INFO] Execution step: Body
08:51:41 [INFO] Trie does not contain any elements
08:51:41 [INFO] Execution step: Duplicate Elimination (Datalog)
08:51:41 [INFO] Trie does not contain any elements
08:51:41 [INFO] Rule duration: 0 ms
08:51:41 [INFO] <<< STEP 335: APPLYING RULE 1 http://rulewerk.semantic-web.org/inferred/init(?C) :- http://rulewerk.semantic-web.org/inferred/ex(?E, ?R, ?C) >>>
08:51:41 [INFO] Execution step: Body
08:51:41 [INFO] Saved temporary table: 1 entries (3404)
08:51:41 [INFO] Execution step: Duplicate Elimination (Datalog)
08:51:41 [INFO] Trie does not contain any elements
08:51:41 [INFO] Rule duration: 0 ms
08:51:41 [INFO] <<< STEP 336: APPLYING RULE 2 http://rulewerk.semantic-web.org/inferred/subClassOf(?C, ?C) :- http://rulewerk.semantic-web.org/inferred/init(?C) >>>
08:51:41 [INFO] Execution step: Body
08:51:41 [INFO] Trie does not contain any elements
08:51:41 [INFO] Execution step: Duplicate Elimination (Datalog)
08:51:41 [INFO] Trie does not contain any elements
08:51:41 [INFO] Rule duration: 0 ms
08:51:41 [INFO] <<< STEP 337: APPLYING RULE 4 http://rulewerk.semantic-web.org/inferred/subClassOf(?C, ?D1), http://rulewerk.semantic-web.org/inferred/subClassOf(?C, ?D2) :- http://rulewerk.semantic-web.org/inferred/subClassOf(?C, ?Y), http://rulewerk.semantic-web.org/normalForm/conj(?Y, ?D1, ?D2) >>>
08:51:41 [INFO] Execution step: Body
08:51:41 [INFO] Saved temporary table: 18 entries (7132)
08:51:41 [INFO] Saved temporary table: 10 entries (7100)
08:51:41 [INFO] Execution step: Duplicate Elimination (Datalog)
08:51:41 [INFO] Trie does not contain any elements
08:51:41 [INFO] Rule duration: 0 ms
08:51:41 [INFO] <<< STEP 338: APPLYING RULE 5 http://rulewerk.semantic-web.org/inferred/subClassOf(?C, ?I) :- http://rulewerk.semantic-web.org/inferred/subClassOf(?C, ?D1), http://rulewerk.semantic-web.org/inferred/subClassOf(?C, ?D2), http://rulewerk.semantic-web.org/normalForm/conj(?I, ?D1, ?D2), http://rulewerk.semantic-web.org/normalForm/isSubClass(?I) >>>
08:51:41 [INFO] Execution step: Body
08:51:41 [INFO] Saved temporary table: 15 entries (7120)
08:51:41 [INFO] Execution step: Duplicate Elimination (Datalog)
08:51:41 [INFO] Saved permanent table http://rulewerk.semantic-web.org/inferred/subClassOf (338) Permutation { idx_to_val: [], val_to_idx: [] } with 15 entries (7168)
08:51:41 [INFO] Rule duration: 1 ms
08:51:41 [INFO] <<< STEP 339: APPLYING RULE 5 http://rulewerk.semantic-web.org/inferred/subClassOf(?C, ?I) :- http://rulewerk.semantic-web.org/inferred/subClassOf(?C, ?D1), http://rulewerk.semantic-web.org/inferred/subClassOf(?C, ?D2), http://rulewerk.semantic-web.org/normalForm/conj(?I, ?D1, ?D2), http://rulewerk.semantic-web.org/normalForm/isSubClass(?I) >>>
08:51:41 [INFO] Execution step: Body
08:51:41 [INFO] Trie does not contain any elements
08:51:41 [INFO] Execution step: Duplicate Elimination (Datalog)
08:51:41 [INFO] Trie does not contain any elements
08:51:41 [INFO] Rule duration: 0 ms
08:51:41 [INFO] <<< STEP 340: APPLYING RULE 6 http://rulewerk.semantic-web.org/inferred/ex(?E, ?R, ?C) :- http://rulewerk.semantic-web.org/inferred/subClassOf(?E, ?Y), http://rulewerk.semantic-web.org/normalForm/exists(?Y, ?R, ?C) >>>
08:51:41 [INFO] Execution step: Body
08:51:41 [INFO] Saved temporary table: 15 entries (10780)
08:51:41 [INFO] Execution step: Duplicate Elimination (Datalog)
08:51:41 [INFO] Saved permanent table http://rulewerk.semantic-web.org/inferred/ex (340) Permutation { idx_to_val: [], val_to_idx: [] } with 15 entries (10828)
08:51:41 [INFO] Rule duration: 0 ms
08:51:41 [INFO] <<< STEP 341: APPLYING RULE 7 http://rulewerk.semantic-web.org/inferred/subClassOf(?E, ?Y) :- http://rulewerk.semantic-web.org/inferred/ex(?E, ?R, ?C), http://rulewerk.semantic-web.org/inferred/subClassOf(?C, ?D), http://rulewerk.semantic-web.org/normalForm/subProp(?R, ?S), http://rulewerk.semantic-web.org/normalForm/exists(?Y, ?S, ?D), http://rulewerk.semantic-web.org/normalForm/isSubClass(?Y) >>>
08:51:41 [INFO] Execution step: Body
08:51:41 [INFO] Saved temporary table: 15 entries (7120)
08:51:41 [INFO] Execution step: Duplicate Elimination (Datalog)
08:51:41 [INFO] Trie does not contain any elements
08:51:41 [INFO] Rule duration: 0 ms
08:51:41 [INFO] <<< STEP 342: APPLYING RULE 8 http://rulewerk.semantic-web.org/inferred/ex(?E, ?S, ?D) :- http://rulewerk.semantic-web.org/inferred/ex(?E, ?R1, ?C), http://rulewerk.semantic-web.org/inferred/ex(?C, ?R2, ?D), http://rulewerk.semantic-web.org/normalForm/subProp(?R1, ?S1), http://rulewerk.semantic-web.org/normalForm/subProp(?R2, ?S2), http://rulewerk.semantic-web.org/normalForm/subPropChain(?S1, ?S2, ?S) >>>
08:51:41 [INFO] Execution step: Body
08:51:41 [INFO] Trie does not contain any elements
08:51:41 [INFO] Execution step: Duplicate Elimination (Datalog)
08:51:41 [INFO] Trie does not contain any elements
08:51:41 [INFO] Rule duration: 0 ms
08:51:41 [INFO] <<< STEP 343: APPLYING RULE 9 http://rulewerk.semantic-web.org/inferred/subClassOf(?C, ?E) :- http://rulewerk.semantic-web.org/inferred/subClassOf(?C, ?D), http://rulewerk.semantic-web.org/normalForm/subClassOf(?D, ?E) >>>
08:51:41 [INFO] Execution step: Body
08:51:41 [INFO] Saved temporary table: 5 entries (7080)
08:51:41 [INFO] Execution step: Duplicate Elimination (Datalog)
08:51:41 [INFO] Saved permanent table http://rulewerk.semantic-web.org/inferred/subClassOf (343) Permutation { idx_to_val: [], val_to_idx: [] } with 5 entries (7128)
08:51:41 [INFO] Rule duration: 0 ms
08:51:41 [INFO] <<< STEP 344: APPLYING RULE 9 http://rulewerk.semantic-web.org/inferred/subClassOf(?C, ?E) :- http://rulewerk.semantic-web.org/inferred/subClassOf(?C, ?D), http://rulewerk.semantic-web.org/normalForm/subClassOf(?D, ?E) >>>
08:51:41 [INFO] Execution step: Body
08:51:41 [INFO] Saved temporary table: 5 entries (7080)
08:51:41 [INFO] Execution step: Duplicate Elimination (Datalog)
08:51:41 [INFO] Trie does not contain any elements
08:51:41 [INFO] Rule duration: 0 ms
08:51:41 [INFO] <<< STEP 345: APPLYING RULE 10 http://rulewerk.semantic-web.org/inferred/subClassOf(?E, "<http://www.w3.org/2002/07/owl#Nothing>") :- http://rulewerk.semantic-web.org/inferred/ex(?E, ?R, ?C), http://rulewerk.semantic-web.org/inferred/subClassOf(?C, ?_BODY_1), Equal(?_BODY_1, "<http://www.w3.org/2002/07/owl#Nothing>") >>>
08:51:41 [INFO] Execution step: Body
08:51:41 [INFO] Trie does not contain any elements
08:51:41 [INFO] Execution step: Duplicate Elimination (Datalog)
08:51:41 [INFO] Trie does not contain any elements
08:51:41 [INFO] Rule duration: 0 ms
08:51:41 [INFO] <<< STEP 346: APPLYING RULE 1 http://rulewerk.semantic-web.org/inferred/init(?C) :- http://rulewerk.semantic-web.org/inferred/ex(?E, ?R, ?C) >>>
08:51:41 [INFO] Execution step: Body
08:51:41 [INFO] Saved temporary table: 3 entries (3412)
08:51:41 [INFO] Execution step: Duplicate Elimination (Datalog)
08:51:41 [INFO] Trie does not contain any elements
08:51:41 [INFO] Rule duration: 0 ms
08:51:41 [INFO] <<< STEP 347: APPLYING RULE 2 http://rulewerk.semantic-web.org/inferred/subClassOf(?C, ?C) :- http://rulewerk.semantic-web.org/inferred/init(?C) >>>
08:51:41 [INFO] Execution step: Body
08:51:41 [INFO] Trie does not contain any elements
08:51:41 [INFO] Execution step: Duplicate Elimination (Datalog)
08:51:41 [INFO] Trie does not contain any elements
08:51:41 [INFO] Rule duration: 0 ms
08:51:41 [INFO] <<< STEP 348: APPLYING RULE 4 http://rulewerk.semantic-web.org/inferred/subClassOf(?C, ?D1), http://rulewerk.semantic-web.org/inferred/subClassOf(?C, ?D2) :- http://rulewerk.semantic-web.org/inferred/subClassOf(?C, ?Y), http://rulewerk.semantic-web.org/normalForm/conj(?Y, ?D1, ?D2) >>>
08:51:41 [INFO] Execution step: Body
08:51:41 [INFO] Saved temporary table: 15 entries (7120)
08:51:41 [INFO] Saved temporary table: 10 entries (7100)
08:51:41 [INFO] Execution step: Duplicate Elimination (Datalog)
08:51:41 [INFO] Trie does not contain any elements
08:51:41 [INFO] Rule duration: 0 ms
08:51:41 [INFO] <<< STEP 349: APPLYING RULE 5 http://rulewerk.semantic-web.org/inferred/subClassOf(?C, ?I) :- http://rulewerk.semantic-web.org/inferred/subClassOf(?C, ?D1), http://rulewerk.semantic-web.org/inferred/subClassOf(?C, ?D2), http://rulewerk.semantic-web.org/normalForm/conj(?I, ?D1, ?D2), http://rulewerk.semantic-web.org/normalForm/isSubClass(?I) >>>
08:51:41 [INFO] Execution step: Body
08:51:41 [INFO] Trie does not contain any elements
08:51:41 [INFO] Execution step: Duplicate Elimination (Datalog)
08:51:41 [INFO] Trie does not contain any elements
08:51:41 [INFO] Rule duration: 1 ms
08:51:41 [INFO] <<< STEP 350: APPLYING RULE 6 http://rulewerk.semantic-web.org/inferred/ex(?E, ?R, ?C) :- http://rulewerk.semantic-web.org/inferred/subClassOf(?E, ?Y), http://rulewerk.semantic-web.org/normalForm/exists(?Y, ?R, ?C) >>>
08:51:41 [INFO] Execution step: Body
08:51:41 [INFO] Trie does not contain any elements
08:51:41 [INFO] Execution step: Duplicate Elimination (Datalog)
08:51:41 [INFO] Trie does not contain any elements
08:51:41 [INFO] Rule duration: 0 ms
08:51:41 [INFO] <<< STEP 351: APPLYING RULE 7 http://rulewerk.semantic-web.org/inferred/subClassOf(?E, ?Y) :- http://rulewerk.semantic-web.org/inferred/ex(?E, ?R, ?C), http://rulewerk.semantic-web.org/inferred/subClassOf(?C, ?D), http://rulewerk.semantic-web.org/normalForm/subProp(?R, ?S), http://rulewerk.semantic-web.org/normalForm/exists(?Y, ?S, ?D), http://rulewerk.semantic-web.org/normalForm/isSubClass(?Y) >>>
08:51:41 [INFO] Execution step: Body
08:51:41 [INFO] Trie does not contain any elements
08:51:41 [INFO] Execution step: Duplicate Elimination (Datalog)
08:51:41 [INFO] Trie does not contain any elements
08:51:41 [INFO] Rule duration: 0 ms
08:51:41 [INFO] <<< STEP 352: APPLYING RULE 8 http://rulewerk.semantic-web.org/inferred/ex(?E, ?S, ?D) :- http://rulewerk.semantic-web.org/inferred/ex(?E, ?R1, ?C), http://rulewerk.semantic-web.org/inferred/ex(?C, ?R2, ?D), http://rulewerk.semantic-web.org/normalForm/subProp(?R1, ?S1), http://rulewerk.semantic-web.org/normalForm/subProp(?R2, ?S2), http://rulewerk.semantic-web.org/normalForm/subPropChain(?S1, ?S2, ?S) >>>
08:51:41 [INFO] Execution step: Body
08:51:41 [INFO] Trie does not contain any elements
08:51:41 [INFO] Execution step: Duplicate Elimination (Datalog)
08:51:41 [INFO] Trie does not contain any elements
08:51:41 [INFO] Rule duration: 0 ms
08:51:41 [INFO] <<< STEP 353: APPLYING RULE 11 mainSubClassOf(?A, ?B) :- http://rulewerk.semantic-web.org/inferred/subClassOf(?A, ?B), http://rulewerk.semantic-web.org/normalForm/isMainClass(?A), http://rulewerk.semantic-web.org/normalForm/isMainClass(?B) >>>
08:51:41 [INFO] Execution step: Body
08:51:42 [INFO] Saved temporary table: 455126 entries (2012784)
08:51:42 [INFO] Execution step: Duplicate Elimination (Datalog)
08:51:42 [INFO] Saved permanent table mainSubClassOf (353) Permutation { idx_to_val: [], val_to_idx: [] } with 455126 entries (2012832)
08:51:42 [INFO] Rule duration: 249 ms
08:51:42 [INFO] <<< STEP 354: APPLYING RULE 11 mainSubClassOf(?A, ?B) :- http://rulewerk.semantic-web.org/inferred/subClassOf(?A, ?B), http://rulewerk.semantic-web.org/normalForm/isMainClass(?A), http://rulewerk.semantic-web.org/normalForm/isMainClass(?B) >>>
08:51:42 [INFO] Execution step: Body
08:51:42 [INFO] Trie does not contain any elements
08:51:42 [INFO] Execution step: Duplicate Elimination (Datalog)
08:51:42 [INFO] Trie does not contain any elements
08:51:42 [INFO] Rule duration: 0 ms
08:51:42 [INFO] <<< STEP 355: APPLYING RULE 12 R_1(?X_1, ?X_3, ?X_4, ?X_2) :- R_1(?X_1, ?X_3, ?X_4, ?X_2) >>>
08:51:42 [INFO] Execution step: Body
08:51:42 [INFO] Trie does not contain any elements
08:51:42 [INFO] Execution step: Duplicate Elimination (Datalog)
08:51:42 [INFO] Trie does not contain any elements
08:51:42 [INFO] Rule duration: 0 ms
08:51:42 [INFO] <<< STEP 356: APPLYING RULE 18 R_11(?X_1, "<http://www.w3.org/2002/07/owl#Nothing>", ?X_2) :- http://rulewerk.semantic-web.org/normalForm/isMainClass(?X_1), http://rulewerk.semantic-web.org/normalForm/isMainClass(?_BODY_1), http://rulewerk.semantic-web.org/normalForm/isMainClass(?X_2), mainSubClassOf(?_BODY_2, ?Z_2), Equal(?_BODY_1, "<http://www.w3.org/2002/07/owl#Nothing>"), Equal(?_BODY_2, "<http://www.w3.org/2002/07/owl#Nothing>") >>>
08:51:42 [INFO] Execution step: Body
08:51:42 [INFO] Trie does not contain any elements
08:51:42 [INFO] Execution step: Duplicate Elimination (Datalog)
08:51:42 [INFO] Trie does not contain any elements
08:51:42 [INFO] Rule duration: 0 ms
08:51:42 [INFO] <<< STEP 357: APPLYING RULE 13 R_12("<http://www.w3.org/2002/07/owl#Nothing>", ?X_2, ?X_4, ?X_3, ?X_1) :- R_11(?_BODY_1, ?_BODY_2, ?X_4), R_11(?X_3, ?X_1, ?X_2), Equal(?_BODY_1, "<http://www.w3.org/2002/07/owl#Nothing>"), Equal(?_BODY_2, "<http://www.w3.org/2002/07/owl#Nothing>") >>>
08:51:42 [INFO] Loading source SimpleTable { arity: 5, data: [AnyDataValue(Iri(IriDataValue("c_6"))), AnyDataValue(PlainString(StringDataValue("<http://www.w3.org/2002/07/owl#Nothing>"))), AnyDataValue(Iri(IriDataValue("c_7"))), AnyDataValue(Iri(IriDataValue("c_8"))), AnyDataValue(PlainString(StringDataValue("str_2"))), AnyDataValue(Iri(IriDataValue("c_12"))), AnyDataValue(PlainString(StringDataValue("str_7"))), AnyDataValue(Iri(IriDataValue("c_14"))), AnyDataValue(UnsignedLong(UnsignedLongDataValue(4953071513316444611))), AnyDataValue(Iri(IriDataValue("c_15"))), AnyDataValue(Iri(IriDataValue("c_16"))), AnyDataValue(Iri(IriDataValue("c_12"))), AnyDataValue(Iri(IriDataValue("c_17"))), AnyDataValue(Iri(IriDataValue("c_11"))), AnyDataValue(Iri(IriDataValue("c_18")))] }
08:51:42 [INFO] Execution step: Body
08:51:42 [INFO] Trie does not contain any elements
08:51:42 [INFO] Execution step: Duplicate Elimination (Datalog)
08:51:42 [INFO] Trie does not contain any elements
08:51:42 [INFO] Rule duration: 0 ms
08:51:42 [INFO] <<< STEP 358: APPLYING RULE 14 R_16("<http://www.w3.org/2002/07/owl#Nothing>", ?X_1) :- http://rulewerk.semantic-web.org/normalForm/subPropChain(?X_1, ?_BODY_1, ?_BODY_2), Equal(?_BODY_1, ?X_1), Equal(?_BODY_2, "<http://www.w3.org/2002/07/owl#Nothing>") >>>
08:51:42 [INFO] Loading source SimpleTable { arity: 2, data: [AnyDataValue(Iri(IriDataValue("c_6"))), AnyDataValue(PlainString(StringDataValue("str_5"))), AnyDataValue(UnsignedLong(UnsignedLongDataValue(7655883634313778688))), AnyDataValue(PlainString(StringDataValue("str_10")))] }
08:51:42 [INFO] Execution step: Body
08:51:42 [INFO] Trie does not contain any elements
08:51:42 [INFO] Execution step: Duplicate Elimination (Datalog)
08:51:42 [INFO] Trie does not contain any elements
08:51:42 [INFO] Rule duration: 0 ms
08:51:42 [INFO] <<< STEP 359: APPLYING RULE 16 R_13(?X_1, ?X_2) :- http://rulewerk.semantic-web.org/normalForm/conj(?X_2, ?_BODY_1, ?X_1), http://rulewerk.semantic-web.org/normalForm/isMainClass(?X_2), Equal(?_BODY_1, ?X_2) >>>
08:51:42 [INFO] Execution step: Body
08:51:42 [INFO] Trie does not contain any elements
08:51:42 [INFO] Execution step: Duplicate Elimination (Datalog)
08:51:42 [INFO] Trie does not contain any elements
08:51:42 [INFO] Rule duration: 0 ms
08:51:42 [INFO] <<< STEP 360: APPLYING RULE 15 R_2(?X_3, ?X_2, "<http://www.w3.org/2002/07/owl#Nothing>", ?X_1) :- R_8(?X_3, ?X_2, ?_BODY_1, ?X_1), http://rulewerk.semantic-web.org/inferred/ex(?Z_2, ?X_1, ?X_2), Equal(?_BODY_1, "<http://www.w3.org/2002/07/owl#Nothing>") >>>
08:51:42 [INFO] Execution step: Body
08:51:42 [INFO] Trie does not contain any elements
08:51:42 [INFO] Execution step: Duplicate Elimination (Datalog)
08:51:42 [INFO] Trie does not contain any elements
08:51:42 [INFO] Rule duration: 113 ms
08:51:42 [INFO] <<< STEP 361: APPLYING RULE 26 R_8("<http://www.w3.org/2002/07/owl#Nothing>", ?X_2, ?X_4, ?X_4) :- R_2(?_BODY_1, ?X_2, ?X_4, ?_BODY_2), R_8(?X_4, ?X_2, ?_BODY_3, ?_BODY_4), R_13(?X_4, ?X_2), Equal(?_BODY_1, "<http://www.w3.org/2002/07/owl#Nothing>"), Equal(?_BODY_2, ?X_4), Equal(?_BODY_3, ?X_4), Equal(?_BODY_4, ?X_4) >>>
08:51:42 [INFO] Execution step: Body
08:51:42 [INFO] Trie does not contain any elements
08:51:42 [INFO] Execution step: Duplicate Elimination (Datalog)
08:51:42 [INFO] Trie does not contain any elements
08:51:42 [INFO] Rule duration: 0 ms
08:51:42 [INFO] <<< STEP 362: APPLYING RULE 28 R_9(?X_2, ?X_1, ?X_3, ?X_4) :- http://rulewerk.semantic-web.org/inferred/ex(?X_2, ?X_1, ?X_3), http://rulewerk.semantic-web.org/inferred/ex(?Y_1, ?X_2, ?X_4), http://rulewerk.semantic-web.org/inferred/subClassOf(?X_2, ?Y_1), R_16(?Z_3, ?Z_2) >>>
08:51:42 [INFO] Loading source SimpleTable { arity: 4, data: [AnyDataValue(PlainString(StringDataValue("<http://www.w3.org/2002/07/owl#Nothing>"))), AnyDataValue(PlainString(StringDataValue("str_1"))), AnyDataValue(Iri(IriDataValue("c_1"))), AnyDataValue(PlainString(StringDataValue("<http://www.w3.org/2002/07/owl#Nothing>"))), AnyDataValue(Iri(IriDataValue("c_11"))), AnyDataValue(Iri(IriDataValue("c_20"))), AnyDataValue(Iri(IriDataValue("c_21"))), AnyDataValue(Iri(IriDataValue("c_22")))] }
08:51:42 [INFO] Execution step: Body
08:51:42 [INFO] Trie does not contain any elements
08:51:42 [INFO] Execution step: Duplicate Elimination (Datalog)
08:51:42 [INFO] Trie does not contain any elements
08:51:42 [INFO] Rule duration: 182 ms
08:51:42 [INFO] <<< STEP 363: APPLYING RULE 25 R_6(?X_1, ?X_2, ?X_4, ?X_3, ?X_5) :- http://rulewerk.semantic-web.org/normalForm/subClassOf(?X_1, ?X_2), http://rulewerk.semantic-web.org/normalForm/subClassOf(?X_4, ?X_3), http://rulewerk.semantic-web.org/normalForm/subClassOf(?Y_1, ?X_5), R_9(?X_1, ?X_4, ?X_2, ?X_5), R_12(?Y_1, ?X_5, ?Z_1, ?X_3, ?Z_5) >>>
08:51:42 [INFO] Loading source SimpleTable { arity: 5, data: [AnyDataValue(Iri(IriDataValue("c_3"))), AnyDataValue(Iri(IriDataValue("c_4"))), AnyDataValue(Iri(IriDataValue("c_4"))), AnyDataValue(Iri(IriDataValue("c_2"))), AnyDataValue(Iri(IriDataValue("c_5"))), AnyDataValue(Iri(IriDataValue("c_6"))), AnyDataValue(PlainString(StringDataValue("str_4"))), AnyDataValue(PlainString(StringDataValue("str_3"))), AnyDataValue(Iri(IriDataValue("c_9"))), AnyDataValue(Iri(IriDataValue("c_1")))] }
08:51:42 [INFO] Execution step: Body
08:51:42 [INFO] Trie does not contain any elements
08:51:42 [INFO] Execution step: Duplicate Elimination (Datalog)
08:51:42 [INFO] Trie does not contain any elements
08:51:42 [INFO] Rule duration: 21 ms
08:51:42 [INFO] <<< STEP 364: APPLYING RULE 19 R_18("<http://www.w3.org/2002/07/owl#Nothing>") :- R_8(?Y_1, ?_BODY_1, ?_BODY_2, ?_BODY_3), http://rulewerk.semantic-web.org/normalForm/subProp(?Y_1, ?_BODY_4), R_2(?Y_1, ?_BODY_5, ?_BODY_6, ?_BODY_7), Equal(?_BODY_1, "<http://www.w3.org/2002/07/owl#Nothing>"), Equal(?_BODY_2, ?Y_1), Equal(?_BODY_3, "<http://www.w3.org/2002/07/owl#Nothing>"), Equal(?_BODY_4, ?Y_1), Equal(?_BODY_5, ?Y_1), Equal(?_BODY_6, ?Y_1), Equal(?_BODY_7, ?Y_1) >>>
08:51:42 [INFO] Loading source SimpleTable { arity: 1, data: [AnyDataValue(Iri(IriDataValue("c_1")))] }
08:51:42 [INFO] Execution step: Project/Reorder
08:51:42 [INFO] Trie does not contain any elements
08:51:42 [INFO] Execution step: Body
08:51:42 [INFO] Trie does not contain any elements
08:51:42 [INFO] Execution step: Duplicate Elimination (Datalog)
08:51:42 [INFO] Trie does not contain any elements
08:51:42 [INFO] Rule duration: 0 ms
08:51:42 [INFO] <<< STEP 365: APPLYING RULE 30 R_17(?X_5, ?X_3, ?X_4, ?X_2, ?X_2, "<http://www.w3.org/2002/07/owl#Nothing>") :- R_8(?X_5, ?X_3, ?X_2, ?_BODY_1), R_8(?Y_2, ?_BODY_2, ?X_4, ?X_2), R_18(?X_2), Equal(?_BODY_1, ?X_2), Equal(?_BODY_2, "<http://www.w3.org/2002/07/owl#Nothing>") >>>
08:51:42 [INFO] Loading source SimpleTable { arity: 6, data: [AnyDataValue(Iri(IriDataValue("c_25"))), AnyDataValue(Iri(IriDataValue("c_26"))), AnyDataValue(UnsignedLong(UnsignedLongDataValue(4353284344307173291))), AnyDataValue(PlainString(StringDataValue("str_9"))), AnyDataValue(Iri(IriDataValue("c_27"))), AnyDataValue(Iri(IriDataValue("c_25")))] }
08:51:42 [INFO] Execution step: Body
08:51:42 [INFO] Trie does not contain any elements
08:51:42 [INFO] Execution step: Duplicate Elimination (Datalog)
08:51:42 [INFO] Trie does not contain any elements
08:51:42 [INFO] Rule duration: 0 ms
08:51:42 [INFO] <<< STEP 366: APPLYING RULE 21 R_5(?X_2, ?X_3, ?X_5, ?X_4, "<http://www.w3.org/2002/07/owl#Nothing>", ?X_1) :- R_4(?X_2, ?X_3, ?X_5, ?X_4, ?_BODY_1, ?X_1), http://rulewerk.semantic-web.org/normalForm/conj(?Z_4, ?X_1, ?X_5), R_4(?_BODY_2, ?X_3, ?Z_1, ?_BODY_3, ?X_2, ?X_1), Equal(?_BODY_1, "<http://www.w3.org/2002/07/owl#Nothing>"), Equal(?_BODY_2, "<http://www.w3.org/2002/07/owl#Nothing>"), Equal(?_BODY_3, ?X_3) >>>
08:51:42 [INFO] Loading source SimpleTable { arity: 6, data: [AnyDataValue(Iri(IriDataValue("c_10"))), AnyDataValue(PlainString(StringDataValue("str_1"))), AnyDataValue(Iri(IriDataValue("c_5"))), AnyDataValue(PlainString(StringDataValue("str_4"))), AnyDataValue(UnsignedLong(UnsignedLongDataValue(8874890605412104012))), AnyDataValue(PlainString(StringDataValue("str_5")))] }
08:51:42 [INFO] Loading source SimpleTable { arity: 6, data: [AnyDataValue(Iri(IriDataValue("c_18"))), AnyDataValue(PlainString(StringDataValue("str_8"))), AnyDataValue(Iri(IriDataValue("c_19"))), AnyDataValue(Iri(IriDataValue("c_2"))), AnyDataValue(UnsignedLong(UnsignedLongDataValue(15261644084369168672))), AnyDataValue(UnsignedLong(UnsignedLongDataValue(6424044022302312569)))] }
08:51:42 [INFO] Execution step: Body
08:51:42 [INFO] Trie does not contain any elements
08:51:42 [INFO] Execution step: Duplicate Elimination (Datalog)
08:51:42 [INFO] Trie does not contain any elements
08:51:42 [INFO] Rule duration: 8 ms
08:51:42 [INFO] <<< STEP 367: APPLYING RULE 24 R_14("<http://www.w3.org/2002/07/owl#Nothing>") :- R_5(?Y_1, ?_BODY_1, ?_BODY_2, ?_BODY_3, ?_BODY_4, ?_BODY_5), R_11(?Y_1, ?Z_1, ?_BODY_6), Equal(?_BODY_1, ?Y_1), Equal(?_BODY_2, "<http://www.w3.org/2002/07/owl#Nothing>"), Equal(?_BODY_3, "<http://www.w3.org/2002/07/owl#Nothing>"), Equal(?_BODY_4, ?Y_1), Equal(?_BODY_5, "<http://www.w3.org/2002/07/owl#Nothing>"), Equal(?_BODY_6, ?Y_1) >>>
08:51:42 [INFO] Execution step: Body
08:51:42 [INFO] Trie does not contain any elements
08:51:42 [INFO] Execution step: Duplicate Elimination (Datalog)
08:51:42 [INFO] Trie does not contain any elements
08:51:42 [INFO] Rule duration: 0 ms
08:51:42 [INFO] <<< STEP 368: APPLYING RULE 27 R_7(?X_5, "<http://www.w3.org/2002/07/owl#Nothing>", ?X_2, ?X_5, ?X_4, ?X_6) :- http://rulewerk.semantic-web.org/normalForm/exists(?X_5, ?_BODY_1, ?X_2), http://rulewerk.semantic-web.org/normalForm/exists(?X_5, ?X_4, ?X_6), R_14(?X_2), Equal(?_BODY_1, "<http://www.w3.org/2002/07/owl#Nothing>") >>>
08:51:42 [INFO] Execution step: Body
08:51:42 [INFO] Trie does not contain any elements
08:51:42 [INFO] Execution step: Duplicate Elimination (Datalog)
08:51:42 [INFO] Trie does not contain any elements
08:51:42 [INFO] Rule duration: 0 ms
08:51:42 [INFO] <<< STEP 369: APPLYING RULE 29 R_4(?X_4, ?X_6, ?X_1, ?X_5, ?X_3, ?X_2) :- R_17(?X_4, ?X_6, ?X_1, ?X_5, ?X_3, ?X_2), http://rulewerk.semantic-web.org/inferred/init(?Z_3), R_7(?X_4, ?X_1, ?X_6, ?X_2, ?Z_4, ?X_5), R_17(?Z_6, ?X_3, ?Z_1, ?X_1, ?X_6, ?_BODY_1), Equal(?_BODY_1, ?X_1) >>>
08:51:42 [INFO] Execution step: Body
08:51:42 [INFO] Trie does not contain any elements
08:51:42 [INFO] Execution step: Duplicate Elimination (Datalog)
08:51:42 [INFO] Trie does not contain any elements
08:51:42 [INFO] Rule duration: 0 ms
08:51:42 [INFO] <<< STEP 370: APPLYING RULE 17 R_15(?X_1) :- R_14(?X_1), http://rulewerk.semantic-web.org/normalForm/subClassOf(?_BODY_1, ?Z_1), Equal(?_BODY_1, "<http://www.w3.org/2002/07/owl#Nothing>") >>>
08:51:42 [INFO] Loading source SimpleTable { arity: 1, data: [AnyDataValue(Iri(IriDataValue("c_22")))] }
08:51:42 [INFO] Execution step: Body
08:51:42 [INFO] Trie does not contain any elements
08:51:42 [INFO] Execution step: Duplicate Elimination (Datalog)
08:51:42 [INFO] Trie does not contain any elements
08:51:42 [INFO] Rule duration: 0 ms
08:51:42 [INFO] <<< STEP 371: APPLYING RULE 22 R_3(?X_2, ?X_5, ?X_3, ?X_1, ?X_4) :- http://rulewerk.semantic-web.org/normalForm/isMainClass(?X_2), http://rulewerk.semantic-web.org/normalForm/isMainClass(?X_5), http://rulewerk.semantic-web.org/normalForm/isMainClass(?X_3), http://rulewerk.semantic-web.org/normalForm/isMainClass(?X_1), http://rulewerk.semantic-web.org/normalForm/isMainClass(?X_4), http://rulewerk.semantic-web.org/normalForm/subPropChain(?Z_4, ?X_4, ?X_3), R_5(?X_4, ?X_1, ?_BODY_1, ?Z_6, ?Z_1, ?Z_3), Equal(?_BODY_1, ?X_4) >>>
08:51:42 [INFO] Loading source SimpleTable { arity: 5, data: [AnyDataValue(Iri(IriDataValue("c_9"))), AnyDataValue(Iri(IriDataValue("c_9"))), AnyDataValue(Iri(IriDataValue("c_11"))), AnyDataValue(Iri(IriDataValue("c_23"))), AnyDataValue(UnsignedLong(UnsignedLongDataValue(4953071513316444611)))] }
08:51:42 [INFO] Execution step: Body
08:51:42 [INFO] Trie does not contain any elements
08:51:42 [INFO] Execution step: Duplicate Elimination (Datalog)
08:51:42 [INFO] Trie does not contain any elements
08:51:42 [INFO] Rule duration: 0 ms
08:51:42 [INFO] <<< STEP 372: APPLYING RULE 20 R_10("<http://www.w3.org/2002/07/owl#Nothing>") :- R_15(?_BODY_1), R_3(?_BODY_2, ?_BODY_3, ?_BODY_4, ?_BODY_5, ?Z_1), Equal(?_BODY_1, "<http://www.w3.org/2002/07/owl#Nothing>"), Equal(?_BODY_2, "<http://www.w3.org/2002/07/owl#Nothing>"), Equal(?_BODY_3, "<http://www.w3.org/2002/07/owl#Nothing>"), Equal(?_BODY_4, "<http://www.w3.org/2002/07/owl#Nothing>"), Equal(?_BODY_5, "<http://www.w3.org/2002/07/owl#Nothing>") >>>
08:51:42 [INFO] Execution step: Body
08:51:42 [INFO] Trie does not contain any elements
08:51:42 [INFO] Execution step: Duplicate Elimination (Datalog)
08:51:42 [INFO] Trie does not contain any elements
08:51:42 [INFO] Rule duration: 0 ms
08:51:42 [INFO] <<< STEP 373: APPLYING RULE 23 R_19(?X_1, "<http://www.w3.org/2002/07/owl#Nothing>", ?X_2, ?X_5, ?X_4, ?X_6) :- http://rulewerk.semantic-web.org/normalForm/subProp(?X_1, ?_BODY_1), http://rulewerk.semantic-web.org/normalForm/subProp(?X_2, ?X_5), http://rulewerk.semantic-web.org/normalForm/subProp(?X_4, ?X_6), R_1(?X_6, ?X_4, ?_BODY_2, ?X_2), R_10(?X_2), Equal(?_BODY_1, "<http://www.w3.org/2002/07/owl#Nothing>"), Equal(?_BODY_2, ?X_4) >>>
08:51:42 [INFO] Execution step: Body
08:51:42 [INFO] Trie does not contain any elements
08:51:42 [INFO] Execution step: Duplicate Elimination (Datalog)
08:51:42 [INFO] Trie does not contain any elements
08:51:42 [INFO] Rule duration: 0 ms
08:51:42 [INFO] <<< STEP 374: APPLYING RULE 31 R_20(?X_3, ?X_2, "<http://www.w3.org/2002/07/owl#Nothing>") :- http://rulewerk.semantic-web.org/normalForm/subClassOf(?X_3, ?X_2), http://rulewerk.semantic-web.org/normalForm/subClassOf(?X_3, ?_BODY_1), http://rulewerk.semantic-web.org/normalForm/isSubClass(?X_2), R_6(?X_2, ?_BODY_2, ?Z_1, ?Z_2, ?_BODY_3), R_15(?X_3), R_19(?_BODY_4, ?X_2, ?_BODY_5, ?X_3, ?_BODY_6, ?Z_1), Equal(?_BODY_1, "<http://www.w3.org/2002/07/owl#Nothing>"), Equal(?_BODY_2, "<http://www.w3.org/2002/07/owl#Nothing>"), Equal(?_BODY_3, ?X_2), Equal(?_BODY_4, "<http://www.w3.org/2002/07/owl#Nothing>"), Equal(?_BODY_5, ?X_2), Equal(?_BODY_6, ?X_2) >>>
08:51:42 [INFO] Loading source SimpleTable { arity: 3, data: [AnyDataValue(PlainString(StringDataValue("<http://www.w3.org/2002/07/owl#Nothing>"))), AnyDataValue(Iri(IriDataValue("c_1"))), AnyDataValue(PlainString(StringDataValue("<http://www.w3.org/2002/07/owl#Nothing>"))), AnyDataValue(PlainString(StringDataValue("str_3"))), AnyDataValue(PlainString(StringDataValue("str_2"))), AnyDataValue(Iri(IriDataValue("c_9"))), AnyDataValue(PlainString(StringDataValue("str_1"))), AnyDataValue(Iri(IriDataValue("c_13"))), AnyDataValue(Iri(IriDataValue("c_11"))), AnyDataValue(UnsignedLong(UnsignedLongDataValue(5105093193467469543))), AnyDataValue(Iri(IriDataValue("c_24"))), AnyDataValue(Iri(IriDataValue("c_11")))] }
08:51:42 [INFO] Execution step: Project/Reorder
08:51:42 [INFO] Saved temporary table: 1 entries (3452)
08:51:42 [INFO] Execution step: Project/Reorder
08:51:42 [INFO] Trie does not contain any elements
08:51:42 [INFO] Execution step: Body
08:51:42 [INFO] Trie does not contain any elements
08:51:42 [INFO] Execution step: Duplicate Elimination (Datalog)
08:51:42 [INFO] Trie does not contain any elements
08:51:42 [INFO] Rule duration: 0 ms
08:51:42 [INFO] <<< STEP 375: APPLYING RULE 32 R_21(?X_5, "<http://www.w3.org/2002/07/owl#Nothing>", ?X_1, ?X_4, ?X_2) :- R_14(?X_5), R_14(?_BODY_1), R_14(?X_1), R_14(?X_4), R_14(?X_2), http://rulewerk.semantic-web.org/normalForm/exists(?X_4, ?X_5, ?Z_1), R_20(?X_2, ?_BODY_2, ?X_1), Equal(?_BODY_1, "<http://www.w3.org/2002/07/owl#Nothing>"), Equal(?_BODY_2, ?X_2) >>>
08:51:42 [INFO] Loading source SimpleTable { arity: 5, data: [AnyDataValue(Iri(IriDataValue("c_1"))), AnyDataValue(PlainString(StringDataValue("<http://www.w3.org/2002/07/owl#Nothing>"))), AnyDataValue(UnsignedLong(UnsignedLongDataValue(17325310719316645025))), AnyDataValue(Iri(IriDataValue("c_2"))), AnyDataValue(PlainString(StringDataValue("<http://www.w3.org/2002/07/owl#Nothing>"))), AnyDataValue(Iri(IriDataValue("c_9"))), AnyDataValue(Iri(IriDataValue("c_11"))), AnyDataValue(Iri(IriDataValue("c_12"))), AnyDataValue(UnsignedLong(UnsignedLongDataValue(16752089233587318671))), AnyDataValue(PlainString(StringDataValue("str_6")))] }
08:51:42 [INFO] Execution step: Project/Reorder
08:51:42 [INFO] Saved temporary table: 4 entries (10592)
08:51:42 [INFO] Execution step: Body
08:51:42 [INFO] Trie does not contain any elements
08:51:42 [INFO] Execution step: Duplicate Elimination (Datalog)
08:51:42 [INFO] Trie does not contain any elements
08:51:42 [INFO] Rule duration: 0 ms
08:51:42 [INFO] <<< STEP 376: APPLYING RULE 33 R_OUT(?X_1, ?X_2, ?X_3) :- R_3(?X_1, ?X_2, ?X_3, ?_BODY_1, ?_BODY_2), R_21(?X_1, ?Z_1, ?X_2, ?Z_3, ?_BODY_3), Equal(?_BODY_1, ?X_2), Equal(?_BODY_2, ?X_1), Equal(?_BODY_3, ?X_2) >>>
08:51:42 [INFO] Execution step: Body
08:51:42 [INFO] Trie does not contain any elements
08:51:42 [INFO] Execution step: Duplicate Elimination (Datalog)
08:51:42 [INFO] Trie does not contain any elements
08:51:42 [INFO] Rule duration: 0 ms
08:51:42 [INFO] Execution step: Combining Tables
08:51:42 [INFO] Saved permanent table R_OUT (0-1) Permutation { idx_to_val: [], val_to_idx: [] } with 1 entries (10356)
08:51:42 [INFO] ----------------------------------------------
08:51:42 [INFO] --- Finished Nemo Execution - Input Program --
08:51:42 [INFO] Output size: 1
08:51:42 [INFO] ----------------------------------------------
08:51:42 [INFO] 
08:51:42 [INFO] ----------------------------------------------
08:51:42 [INFO] Beginning Nemo Execution - Transformed Program
08:51:42 [INFO] ----------------------------------------------
08:51:42 [INFO] Stratified program: [[0, 1, 2, 3, 4, 5, 6, 7, 8, 9, 10, 11, 12, 13, 14, 15, 17, 21, 23, 28, 31, 38], [16, 18, 19, 20, 22, 24, 26, 27, 29, 30, 33, 34, 36], [35, 37], [32, 39, 40], [25, 41]]
08:51:42 [INFO] <<< STEP 1: APPLYING RULE 0 http://rulewerk.semantic-web.org/inferred/init(?C) :- http://rulewerk.semantic-web.org/normalForm/isMainClass(?C) >>>
08:51:42 [INFO] Loading source DsvReader { read: "<unspecified std::io::Read>", delimiter: 44, escape: None, value formats: DsvValueFormats([Anything]) }
08:51:42 [INFO] Starting data import
08:51:42 [INFO] Finished import: processed 23136 lines (dropped 0)
08:51:42 [INFO] Execution step: Body
08:51:42 [INFO] Saved temporary table: 23136 entries (3462)
08:51:42 [INFO] Execution step: Duplicate Elimination (Datalog)
08:51:42 [INFO] Saved permanent table http://rulewerk.semantic-web.org/inferred/init (1) Permutation { idx_to_val: [], val_to_idx: [] } with 23136 entries (3510)
08:51:42 [INFO] Rule duration: 18 ms
08:51:42 [INFO] <<< STEP 2: APPLYING RULE 0 http://rulewerk.semantic-web.org/inferred/init(?C) :- http://rulewerk.semantic-web.org/normalForm/isMainClass(?C) >>>
08:51:42 [INFO] Execution step: Body
08:51:42 [INFO] Trie does not contain any elements
08:51:42 [INFO] Execution step: Duplicate Elimination (Datalog)
08:51:42 [INFO] Trie does not contain any elements
08:51:42 [INFO] Rule duration: 0 ms
08:51:42 [INFO] <<< STEP 3: APPLYING RULE 3 http://rulewerk.semantic-web.org/inferred/subClassOf(?C, "<http://www.w3.org/2002/07/owl#Thing>") :- http://rulewerk.semantic-web.org/normalForm/isMainClass(?C) >>>
08:51:42 [INFO] Execution step: Body
08:51:42 [INFO] Saved temporary table: 23136 entries (3462)
08:51:42 [INFO] Execution step: Duplicate Elimination (Datalog)
08:51:42 [INFO] Saved permanent table http://rulewerk.semantic-web.org/inferred/subClassOf (3) Permutation { idx_to_val: [], val_to_idx: [] } with 23136 entries (7360)
08:51:42 [INFO] Rule duration: 4 ms
08:51:42 [INFO] <<< STEP 4: APPLYING RULE 3 http://rulewerk.semantic-web.org/inferred/subClassOf(?C, "<http://www.w3.org/2002/07/owl#Thing>") :- http://rulewerk.semantic-web.org/normalForm/isMainClass(?C) >>>
08:51:42 [INFO] Execution step: Body
08:51:42 [INFO] Trie does not contain any elements
08:51:42 [INFO] Execution step: Duplicate Elimination (Datalog)
08:51:42 [INFO] Trie does not contain any elements
08:51:42 [INFO] Rule duration: 0 ms
08:51:42 [INFO] <<< STEP 5: APPLYING RULE 1 http://rulewerk.semantic-web.org/inferred/init(?C) :- http://rulewerk.semantic-web.org/inferred/ex(?E, ?R, ?C) >>>
08:51:42 [INFO] Execution step: Body
08:51:42 [INFO] Trie does not contain any elements
08:51:42 [INFO] Execution step: Duplicate Elimination (Datalog)
08:51:42 [INFO] Trie does not contain any elements
08:51:42 [INFO] Rule duration: 0 ms
08:51:42 [INFO] <<< STEP 6: APPLYING RULE 2 http://rulewerk.semantic-web.org/inferred/subClassOf(?C, ?C) :- http://rulewerk.semantic-web.org/inferred/init(?C) >>>
08:51:42 [INFO] Execution step: Body
08:51:42 [INFO] Saved temporary table: 23136 entries (3462)
08:51:42 [INFO] Execution step: Duplicate Elimination (Datalog)
08:51:42 [INFO] Saved permanent table http://rulewerk.semantic-web.org/inferred/subClassOf (6) Permutation { idx_to_val: [], val_to_idx: [] } with 23136 entries (7360)
08:51:42 [INFO] Rule duration: 7 ms
08:51:42 [INFO] <<< STEP 7: APPLYING RULE 4 http://rulewerk.semantic-web.org/inferred/subClassOf(?C, ?D1), http://rulewerk.semantic-web.org/inferred/subClassOf(?C, ?D2) :- http://rulewerk.semantic-web.org/inferred/subClassOf(?C, ?Y), http://rulewerk.semantic-web.org/normalForm/conj(?Y, ?D1, ?D2) >>>
08:51:42 [INFO] Loading source DsvReader { read: "<unspecified std::io::Read>", delimiter: 44, escape: None, value formats: DsvValueFormats([Anything, Anything, Anything]) }
08:51:42 [INFO] Starting data import
08:51:42 [INFO] Finished import: processed 13693 lines (dropped 0)
08:51:42 [INFO] Execution step: Body
08:51:42 [INFO] Trie does not contain any elements
08:51:42 [INFO] Trie does not contain any elements
08:51:42 [INFO] Execution step: Duplicate Elimination (Datalog)
08:51:42 [INFO] Trie does not contain any elements
08:51:42 [INFO] Rule duration: 32 ms
08:51:42 [INFO] <<< STEP 8: APPLYING RULE 5 http://rulewerk.semantic-web.org/inferred/subClassOf(?C, ?I) :- http://rulewerk.semantic-web.org/inferred/subClassOf(?C, ?D1), http://rulewerk.semantic-web.org/inferred/subClassOf(?C, ?D2), http://rulewerk.semantic-web.org/normalForm/conj(?I, ?D1, ?D2), http://rulewerk.semantic-web.org/normalForm/isSubClass(?I) >>>
08:51:42 [INFO] Loading source DsvReader { read: "<unspecified std::io::Read>", delimiter: 44, escape: None, value formats: DsvValueFormats([Anything]) }
08:51:42 [INFO] Starting data import
08:51:42 [INFO] Finished import: processed 43883 lines (dropped 0)
08:51:42 [INFO] Execution step: Body
08:51:42 [INFO] Trie does not contain any elements
08:51:42 [INFO] Execution step: Duplicate Elimination (Datalog)
08:51:42 [INFO] Trie does not contain any elements
08:51:42 [INFO] Rule duration: 38 ms
08:51:42 [INFO] <<< STEP 9: APPLYING RULE 6 http://rulewerk.semantic-web.org/inferred/ex(?E, ?R, ?C) :- http://rulewerk.semantic-web.org/inferred/subClassOf(?E, ?Y), http://rulewerk.semantic-web.org/normalForm/exists(?Y, ?R, ?C) >>>
08:51:42 [INFO] Loading source DsvReader { read: "<unspecified std::io::Read>", delimiter: 44, escape: None, value formats: DsvValueFormats([Anything, Anything, Anything]) }
08:51:42 [INFO] Starting data import
08:51:42 [INFO] Finished import: processed 14115 lines (dropped 0)
08:51:42 [INFO] Execution step: Body
08:51:42 [INFO] Trie does not contain any elements
08:51:42 [INFO] Execution step: Duplicate Elimination (Datalog)
08:51:42 [INFO] Trie does not contain any elements
08:51:42 [INFO] Rule duration: 32 ms
08:51:42 [INFO] <<< STEP 10: APPLYING RULE 7 http://rulewerk.semantic-web.org/inferred/subClassOf(?E, ?Y) :- http://rulewerk.semantic-web.org/inferred/ex(?E, ?R, ?C), http://rulewerk.semantic-web.org/inferred/subClassOf(?C, ?D), http://rulewerk.semantic-web.org/normalForm/subProp(?R, ?S), http://rulewerk.semantic-web.org/normalForm/exists(?Y, ?S, ?D), http://rulewerk.semantic-web.org/normalForm/isSubClass(?Y) >>>
08:51:42 [INFO] Loading source DsvReader { read: "<unspecified std::io::Read>", delimiter: 44, escape: None, value formats: DsvValueFormats([Anything, Anything]) }
08:51:42 [INFO] Starting data import
08:51:42 [INFO] Finished import: processed 3154 lines (dropped 0)
08:51:42 [INFO] Execution step: Body
08:51:42 [INFO] Trie does not contain any elements
08:51:42 [INFO] Execution step: Duplicate Elimination (Datalog)
08:51:42 [INFO] Trie does not contain any elements
08:51:42 [INFO] Rule duration: 8 ms
08:51:42 [INFO] <<< STEP 11: APPLYING RULE 8 http://rulewerk.semantic-web.org/inferred/ex(?E, ?S, ?D) :- http://rulewerk.semantic-web.org/inferred/ex(?E, ?R1, ?C), http://rulewerk.semantic-web.org/inferred/ex(?C, ?R2, ?D), http://rulewerk.semantic-web.org/normalForm/subProp(?R1, ?S1), http://rulewerk.semantic-web.org/normalForm/subProp(?R2, ?S2), http://rulewerk.semantic-web.org/normalForm/subPropChain(?S1, ?S2, ?S) >>>
08:51:42 [INFO] Loading source DsvReader { read: "<unspecified std::io::Read>", delimiter: 44, escape: None, value formats: DsvValueFormats([Anything, Anything, Anything]) }
08:51:42 [INFO] Starting data import
08:51:42 [INFO] Finished import: processed 0 lines (dropped 0)
08:51:42 [INFO] Execution step: Body
08:51:42 [INFO] Trie does not contain any elements
08:51:42 [INFO] Execution step: Duplicate Elimination (Datalog)
08:51:42 [INFO] Trie does not contain any elements
08:51:42 [INFO] Rule duration: 0 ms
08:51:42 [INFO] <<< STEP 12: APPLYING RULE 9 http://rulewerk.semantic-web.org/inferred/subClassOf(?C, ?E) :- http://rulewerk.semantic-web.org/inferred/subClassOf(?C, ?D), http://rulewerk.semantic-web.org/normalForm/subClassOf(?D, ?E) >>>
08:51:42 [INFO] Loading source DsvReader { read: "<unspecified std::io::Read>", delimiter: 44, escape: None, value formats: DsvValueFormats([Anything, Anything]) }
08:51:42 [INFO] Starting data import
08:51:42 [INFO] Finished import: processed 45499 lines (dropped 0)
08:51:42 [INFO] Execution step: Body
08:51:42 [INFO] Saved temporary table: 35531 entries (334448)
08:51:42 [INFO] Execution step: Duplicate Elimination (Datalog)
08:51:42 [INFO] Saved permanent table http://rulewerk.semantic-web.org/inferred/subClassOf (12) Permutation { idx_to_val: [], val_to_idx: [] } with 35531 entries (334496)
08:51:42 [INFO] Rule duration: 73 ms
08:51:42 [INFO] <<< STEP 13: APPLYING RULE 9 http://rulewerk.semantic-web.org/inferred/subClassOf(?C, ?E) :- http://rulewerk.semantic-web.org/inferred/subClassOf(?C, ?D), http://rulewerk.semantic-web.org/normalForm/subClassOf(?D, ?E) >>>
08:51:42 [INFO] Execution step: Body
08:51:42 [INFO] Saved temporary table: 29052 entries (308526)
08:51:42 [INFO] Execution step: Duplicate Elimination (Datalog)
08:51:42 [INFO] Saved permanent table http://rulewerk.semantic-web.org/inferred/subClassOf (13) Permutation { idx_to_val: [], val_to_idx: [] } with 19069 entries (247902)
08:51:42 [INFO] Rule duration: 28 ms
08:51:42 [INFO] <<< STEP 14: APPLYING RULE 9 http://rulewerk.semantic-web.org/inferred/subClassOf(?C, ?E) :- http://rulewerk.semantic-web.org/inferred/subClassOf(?C, ?D), http://rulewerk.semantic-web.org/normalForm/subClassOf(?D, ?E) >>>
08:51:42 [INFO] Execution step: Body
08:51:42 [INFO] Saved temporary table: 21017 entries (255394)
08:51:42 [INFO] Execution step: Duplicate Elimination (Datalog)
08:51:42 [INFO] Saved permanent table http://rulewerk.semantic-web.org/inferred/subClassOf (14) Permutation { idx_to_val: [], val_to_idx: [] } with 19134 entries (231314)
08:51:42 [INFO] Rule duration: 18 ms
08:51:42 [INFO] <<< STEP 15: APPLYING RULE 9 http://rulewerk.semantic-web.org/inferred/subClassOf(?C, ?E) :- http://rulewerk.semantic-web.org/inferred/subClassOf(?C, ?D), http://rulewerk.semantic-web.org/normalForm/subClassOf(?D, ?E) >>>
08:51:42 [INFO] Execution step: Body
08:51:42 [INFO] Saved temporary table: 20666 entries (232234)
08:51:42 [INFO] Execution step: Duplicate Elimination (Datalog)
08:51:42 [INFO] Saved permanent table http://rulewerk.semantic-web.org/inferred/subClassOf (15) Permutation { idx_to_val: [], val_to_idx: [] } with 18219 entries (198746)
08:51:42 [INFO] Rule duration: 17 ms
08:51:42 [INFO] <<< STEP 16: APPLYING RULE 9 http://rulewerk.semantic-web.org/inferred/subClassOf(?C, ?E) :- http://rulewerk.semantic-web.org/inferred/subClassOf(?C, ?D), http://rulewerk.semantic-web.org/normalForm/subClassOf(?D, ?E) >>>
08:51:42 [INFO] Execution step: Body
08:51:42 [INFO] Saved temporary table: 16776 entries (192362)
08:51:42 [INFO] Execution step: Duplicate Elimination (Datalog)
08:51:42 [INFO] Saved permanent table http://rulewerk.semantic-web.org/inferred/subClassOf (16) Permutation { idx_to_val: [], val_to_idx: [] } with 15549 entries (180338)
08:51:42 [INFO] Rule duration: 15 ms
08:51:42 [INFO] <<< STEP 17: APPLYING RULE 9 http://rulewerk.semantic-web.org/inferred/subClassOf(?C, ?E) :- http://rulewerk.semantic-web.org/inferred/subClassOf(?C, ?D), http://rulewerk.semantic-web.org/normalForm/subClassOf(?D, ?E) >>>
08:51:42 [INFO] Execution step: Body
08:51:42 [INFO] Saved temporary table: 13777 entries (170322)
08:51:42 [INFO] Execution step: Duplicate Elimination (Datalog)
08:51:42 [INFO] Saved permanent table http://rulewerk.semantic-web.org/inferred/subClassOf (17) Permutation { idx_to_val: [], val_to_idx: [] } with 13188 entries (167678)
08:51:42 [INFO] Rule duration: 20 ms
08:51:42 [INFO] Execution step: Combining Tables
08:51:42 [INFO] Saved permanent table http://rulewerk.semantic-web.org/inferred/subClassOf (0-19) Permutation { idx_to_val: [], val_to_idx: [] } with 166962 entries (860176)
08:51:42 [INFO] <<< STEP 18: APPLYING RULE 9 http://rulewerk.semantic-web.org/inferred/subClassOf(?C, ?E) :- http://rulewerk.semantic-web.org/inferred/subClassOf(?C, ?D), http://rulewerk.semantic-web.org/normalForm/subClassOf(?D, ?E) >>>
08:51:42 [INFO] Execution step: Body
08:51:42 [INFO] Saved temporary table: 12121 entries (156534)
08:51:42 [INFO] Execution step: Duplicate Elimination (Datalog)
08:51:42 [INFO] Saved permanent table http://rulewerk.semantic-web.org/inferred/subClassOf (18) Permutation { idx_to_val: [], val_to_idx: [] } with 11570 entries (154270)
08:51:42 [INFO] Rule duration: 8 ms
08:51:42 [INFO] <<< STEP 19: APPLYING RULE 9 http://rulewerk.semantic-web.org/inferred/subClassOf(?C, ?E) :- http://rulewerk.semantic-web.org/inferred/subClassOf(?C, ?D), http://rulewerk.semantic-web.org/normalForm/subClassOf(?D, ?E) >>>
08:51:42 [INFO] Execution step: Body
08:51:42 [INFO] Saved temporary table: 10098 entries (137510)
08:51:42 [INFO] Execution step: Duplicate Elimination (Datalog)
08:51:42 [INFO] Saved permanent table http://rulewerk.semantic-web.org/inferred/subClassOf (19) Permutation { idx_to_val: [], val_to_idx: [] } with 9551 entries (135286)
08:51:42 [INFO] Rule duration: 55 ms
08:51:42 [INFO] <<< STEP 20: APPLYING RULE 9 http://rulewerk.semantic-web.org/inferred/subClassOf(?C, ?E) :- http://rulewerk.semantic-web.org/inferred/subClassOf(?C, ?D), http://rulewerk.semantic-web.org/normalForm/subClassOf(?D, ?E) >>>
08:51:42 [INFO] Execution step: Body
08:51:42 [INFO] Saved temporary table: 9708 entries (123110)
08:51:42 [INFO] Execution step: Duplicate Elimination (Datalog)
08:51:42 [INFO] Saved permanent table http://rulewerk.semantic-web.org/inferred/subClassOf (20) Permutation { idx_to_val: [], val_to_idx: [] } with 9383 entries (121858)
08:51:42 [INFO] Rule duration: 7 ms
08:51:42 [INFO] <<< STEP 21: APPLYING RULE 9 http://rulewerk.semantic-web.org/inferred/subClassOf(?C, ?E) :- http://rulewerk.semantic-web.org/inferred/subClassOf(?C, ?D), http://rulewerk.semantic-web.org/normalForm/subClassOf(?D, ?E) >>>
08:51:42 [INFO] Execution step: Body
08:51:42 [INFO] Saved temporary table: 7095 entries (100658)
08:51:42 [INFO] Execution step: Duplicate Elimination (Datalog)
08:51:42 [INFO] Saved permanent table http://rulewerk.semantic-web.org/inferred/subClassOf (21) Permutation { idx_to_val: [], val_to_idx: [] } with 6941 entries (100090)
08:51:42 [INFO] Rule duration: 6 ms
08:51:42 [INFO] <<< STEP 22: APPLYING RULE 9 http://rulewerk.semantic-web.org/inferred/subClassOf(?C, ?E) :- http://rulewerk.semantic-web.org/inferred/subClassOf(?C, ?D), http://rulewerk.semantic-web.org/normalForm/subClassOf(?D, ?E) >>>
08:51:42 [INFO] Execution step: Body
08:51:42 [INFO] Saved temporary table: 5795 entries (81730)
08:51:42 [INFO] Execution step: Duplicate Elimination (Datalog)
08:51:42 [INFO] Saved permanent table http://rulewerk.semantic-web.org/inferred/subClassOf (22) Permutation { idx_to_val: [], val_to_idx: [] } with 5703 entries (81410)
08:51:42 [INFO] Rule duration: 5 ms
08:51:42 [INFO] <<< STEP 23: APPLYING RULE 9 http://rulewerk.semantic-web.org/inferred/subClassOf(?C, ?E) :- http://rulewerk.semantic-web.org/inferred/subClassOf(?C, ?D), http://rulewerk.semantic-web.org/normalForm/subClassOf(?D, ?E) >>>
08:51:42 [INFO] Execution step: Body
08:51:42 [INFO] Saved temporary table: 4332 entries (65618)
08:51:42 [INFO] Execution step: Duplicate Elimination (Datalog)
08:51:42 [INFO] Saved permanent table http://rulewerk.semantic-web.org/inferred/subClassOf (23) Permutation { idx_to_val: [], val_to_idx: [] } with 4320 entries (65618)
08:51:42 [INFO] Rule duration: 4 ms
08:51:42 [INFO] <<< STEP 24: APPLYING RULE 9 http://rulewerk.semantic-web.org/inferred/subClassOf(?C, ?E) :- http://rulewerk.semantic-web.org/inferred/subClassOf(?C, ?D), http://rulewerk.semantic-web.org/normalForm/subClassOf(?D, ?E) >>>
08:51:42 [INFO] Execution step: Body
08:51:42 [INFO] Saved temporary table: 2755 entries (43458)
08:51:42 [INFO] Execution step: Duplicate Elimination (Datalog)
08:51:42 [INFO] Saved permanent table http://rulewerk.semantic-web.org/inferred/subClassOf (24) Permutation { idx_to_val: [], val_to_idx: [] } with 2751 entries (43490)
08:51:42 [INFO] Rule duration: 3 ms
08:51:42 [INFO] <<< STEP 25: APPLYING RULE 9 http://rulewerk.semantic-web.org/inferred/subClassOf(?C, ?E) :- http://rulewerk.semantic-web.org/inferred/subClassOf(?C, ?D), http://rulewerk.semantic-web.org/normalForm/subClassOf(?D, ?E) >>>
08:51:42 [INFO] Execution step: Body
08:51:42 [INFO] Saved temporary table: 1875 entries (33170)
08:51:42 [INFO] Execution step: Duplicate Elimination (Datalog)
08:51:42 [INFO] Saved permanent table http://rulewerk.semantic-web.org/inferred/subClassOf (25) Permutation { idx_to_val: [], val_to_idx: [] } with 1875 entries (33218)
08:51:42 [INFO] Rule duration: 2 ms
08:51:42 [INFO] Execution step: Combining Tables
08:51:42 [INFO] Saved permanent table http://rulewerk.semantic-web.org/inferred/subClassOf (19-27) Permutation { idx_to_val: [], val_to_idx: [] } with 40524 entries (259178)
08:51:42 [INFO] <<< STEP 26: APPLYING RULE 9 http://rulewerk.semantic-web.org/inferred/subClassOf(?C, ?E) :- http://rulewerk.semantic-web.org/inferred/subClassOf(?C, ?D), http://rulewerk.semantic-web.org/normalForm/subClassOf(?D, ?E) >>>
08:51:43 [INFO] Execution step: Body
08:51:43 [INFO] Saved temporary table: 1252 entries (23946)
08:51:43 [INFO] Execution step: Duplicate Elimination (Datalog)
08:51:43 [INFO] Saved permanent table http://rulewerk.semantic-web.org/inferred/subClassOf (26) Permutation { idx_to_val: [], val_to_idx: [] } with 1251 entries (23978)
08:51:43 [INFO] Rule duration: 1 ms
08:51:43 [INFO] <<< STEP 27: APPLYING RULE 9 http://rulewerk.semantic-web.org/inferred/subClassOf(?C, ?E) :- http://rulewerk.semantic-web.org/inferred/subClassOf(?C, ?D), http://rulewerk.semantic-web.org/normalForm/subClassOf(?D, ?E) >>>
08:51:43 [INFO] Execution step: Body
08:51:43 [INFO] Saved temporary table: 877 entries (18426)
08:51:43 [INFO] Execution step: Duplicate Elimination (Datalog)
08:51:43 [INFO] Saved permanent table http://rulewerk.semantic-web.org/inferred/subClassOf (27) Permutation { idx_to_val: [], val_to_idx: [] } with 877 entries (18474)
08:51:43 [INFO] Rule duration: 1 ms
08:51:43 [INFO] <<< STEP 28: APPLYING RULE 9 http://rulewerk.semantic-web.org/inferred/subClassOf(?C, ?E) :- http://rulewerk.semantic-web.org/inferred/subClassOf(?C, ?D), http://rulewerk.semantic-web.org/normalForm/subClassOf(?D, ?E) >>>
08:51:43 [INFO] Execution step: Body
08:51:43 [INFO] Saved temporary table: 457 entries (14130)
08:51:43 [INFO] Execution step: Duplicate Elimination (Datalog)
08:51:43 [INFO] Saved permanent table http://rulewerk.semantic-web.org/inferred/subClassOf (28) Permutation { idx_to_val: [], val_to_idx: [] } with 457 entries (14178)
08:51:43 [INFO] Rule duration: 0 ms
08:51:43 [INFO] <<< STEP 29: APPLYING RULE 9 http://rulewerk.semantic-web.org/inferred/subClassOf(?C, ?E) :- http://rulewerk.semantic-web.org/inferred/subClassOf(?C, ?D), http://rulewerk.semantic-web.org/normalForm/subClassOf(?D, ?E) >>>
08:51:43 [INFO] Execution step: Body
08:51:43 [INFO] Saved temporary table: 312 entries (11690)
08:51:43 [INFO] Execution step: Duplicate Elimination (Datalog)
08:51:43 [INFO] Saved permanent table http://rulewerk.semantic-web.org/inferred/subClassOf (29) Permutation { idx_to_val: [], val_to_idx: [] } with 312 entries (11738)
08:51:43 [INFO] Rule duration: 0 ms
08:51:43 [INFO] <<< STEP 30: APPLYING RULE 9 http://rulewerk.semantic-web.org/inferred/subClassOf(?C, ?E) :- http://rulewerk.semantic-web.org/inferred/subClassOf(?C, ?D), http://rulewerk.semantic-web.org/normalForm/subClassOf(?D, ?E) >>>
08:51:43 [INFO] Execution step: Body
08:51:43 [INFO] Saved temporary table: 171 entries (9698)
08:51:43 [INFO] Execution step: Duplicate Elimination (Datalog)
08:51:43 [INFO] Saved permanent table http://rulewerk.semantic-web.org/inferred/subClassOf (30) Permutation { idx_to_val: [], val_to_idx: [] } with 171 entries (9746)
08:51:43 [INFO] Rule duration: 0 ms
08:51:43 [INFO] <<< STEP 31: APPLYING RULE 9 http://rulewerk.semantic-web.org/inferred/subClassOf(?C, ?E) :- http://rulewerk.semantic-web.org/inferred/subClassOf(?C, ?D), http://rulewerk.semantic-web.org/normalForm/subClassOf(?D, ?E) >>>
08:51:43 [INFO] Execution step: Body
08:51:43 [INFO] Saved temporary table: 47 entries (9432)
08:51:43 [INFO] Execution step: Duplicate Elimination (Datalog)
08:51:43 [INFO] Saved permanent table http://rulewerk.semantic-web.org/inferred/subClassOf (31) Permutation { idx_to_val: [], val_to_idx: [] } with 47 entries (9480)
08:51:43 [INFO] Rule duration: 0 ms
08:51:43 [INFO] <<< STEP 32: APPLYING RULE 9 http://rulewerk.semantic-web.org/inferred/subClassOf(?C, ?E) :- http://rulewerk.semantic-web.org/inferred/subClassOf(?C, ?D), http://rulewerk.semantic-web.org/normalForm/subClassOf(?D, ?E) >>>
08:51:43 [INFO] Execution step: Body
08:51:43 [INFO] Saved temporary table: 31 entries (8536)
08:51:43 [INFO] Execution step: Duplicate Elimination (Datalog)
08:51:43 [INFO] Saved permanent table http://rulewerk.semantic-web.org/inferred/subClassOf (32) Permutation { idx_to_val: [], val_to_idx: [] } with 31 entries (8584)
08:51:43 [INFO] Rule duration: 0 ms
08:51:43 [INFO] <<< STEP 33: APPLYING RULE 9 http://rulewerk.semantic-web.org/inferred/subClassOf(?C, ?E) :- http://rulewerk.semantic-web.org/inferred/subClassOf(?C, ?D), http://rulewerk.semantic-web.org/normalForm/subClassOf(?D, ?E) >>>
08:51:43 [INFO] Execution step: Body
08:51:43 [INFO] Saved temporary table: 11 entries (7416)
08:51:43 [INFO] Execution step: Duplicate Elimination (Datalog)
08:51:43 [INFO] Saved permanent table http://rulewerk.semantic-web.org/inferred/subClassOf (33) Permutation { idx_to_val: [], val_to_idx: [] } with 11 entries (7464)
08:51:43 [INFO] Rule duration: 0 ms
08:51:43 [INFO] Execution step: Combining Tables
08:51:43 [INFO] Saved permanent table http://rulewerk.semantic-web.org/inferred/subClassOf (27-35) Permutation { idx_to_val: [], val_to_idx: [] } with 1906 entries (22590)
08:51:43 [INFO] <<< STEP 34: APPLYING RULE 9 http://rulewerk.semantic-web.org/inferred/subClassOf(?C, ?E) :- http://rulewerk.semantic-web.org/inferred/subClassOf(?C, ?D), http://rulewerk.semantic-web.org/normalForm/subClassOf(?D, ?E) >>>
08:51:43 [INFO] Execution step: Body
08:51:43 [INFO] Saved temporary table: 2 entries (6912)
08:51:43 [INFO] Execution step: Duplicate Elimination (Datalog)
08:51:43 [INFO] Saved permanent table http://rulewerk.semantic-web.org/inferred/subClassOf (34) Permutation { idx_to_val: [], val_to_idx: [] } with 2 entries (6960)
08:51:43 [INFO] Rule duration: 0 ms
08:51:43 [INFO] <<< STEP 35: APPLYING RULE 9 http://rulewerk.semantic-web.org/inferred/subClassOf(?C, ?E) :- http://rulewerk.semantic-web.org/inferred/subClassOf(?C, ?D), http://rulewerk.semantic-web.org/normalForm/subClassOf(?D, ?E) >>>
08:51:43 [INFO] Execution step: Body
08:51:43 [INFO] Trie does not contain any elements
08:51:43 [INFO] Execution step: Duplicate Elimination (Datalog)
08:51:43 [INFO] Trie does not contain any elements
08:51:43 [INFO] Rule duration: 0 ms
08:51:43 [INFO] <<< STEP 36: APPLYING RULE 10 http://rulewerk.semantic-web.org/inferred/subClassOf(?E, "<http://www.w3.org/2002/07/owl#Nothing>") :- http://rulewerk.semantic-web.org/inferred/ex(?E, ?R, ?C), http://rulewerk.semantic-web.org/inferred/subClassOf(?C, ?_BODY_1), Equal(?_BODY_1, "<http://www.w3.org/2002/07/owl#Nothing>") >>>
08:51:43 [INFO] Execution step: Body
08:51:43 [INFO] Trie does not contain any elements
08:51:43 [INFO] Execution step: Duplicate Elimination (Datalog)
08:51:43 [INFO] Trie does not contain any elements
08:51:43 [INFO] Rule duration: 0 ms
08:51:43 [INFO] <<< STEP 37: APPLYING RULE 1 http://rulewerk.semantic-web.org/inferred/init(?C) :- http://rulewerk.semantic-web.org/inferred/ex(?E, ?R, ?C) >>>
08:51:43 [INFO] Execution step: Body
08:51:43 [INFO] Trie does not contain any elements
08:51:43 [INFO] Execution step: Duplicate Elimination (Datalog)
08:51:43 [INFO] Trie does not contain any elements
08:51:43 [INFO] Rule duration: 0 ms
08:51:43 [INFO] <<< STEP 38: APPLYING RULE 2 http://rulewerk.semantic-web.org/inferred/subClassOf(?C, ?C) :- http://rulewerk.semantic-web.org/inferred/init(?C) >>>
08:51:43 [INFO] Execution step: Body
08:51:43 [INFO] Trie does not contain any elements
08:51:43 [INFO] Execution step: Duplicate Elimination (Datalog)
08:51:43 [INFO] Trie does not contain any elements
08:51:43 [INFO] Rule duration: 0 ms
08:51:43 [INFO] <<< STEP 39: APPLYING RULE 4 http://rulewerk.semantic-web.org/inferred/subClassOf(?C, ?D1), http://rulewerk.semantic-web.org/inferred/subClassOf(?C, ?D2) :- http://rulewerk.semantic-web.org/inferred/subClassOf(?C, ?Y), http://rulewerk.semantic-web.org/normalForm/conj(?Y, ?D1, ?D2) >>>
08:51:43 [INFO] Execution step: Body
08:51:43 [INFO] Saved temporary table: 13819 entries (117740)
08:51:43 [INFO] Saved temporary table: 13819 entries (117740)
08:51:43 [INFO] Execution step: Duplicate Elimination (Datalog)
08:51:43 [INFO] Saved permanent table http://rulewerk.semantic-web.org/inferred/subClassOf (39) Permutation { idx_to_val: [], val_to_idx: [] } with 27638 entries (173064)
08:51:43 [INFO] Rule duration: 24 ms
08:51:43 [INFO] <<< STEP 40: APPLYING RULE 4 http://rulewerk.semantic-web.org/inferred/subClassOf(?C, ?D1), http://rulewerk.semantic-web.org/inferred/subClassOf(?C, ?D2) :- http://rulewerk.semantic-web.org/inferred/subClassOf(?C, ?Y), http://rulewerk.semantic-web.org/normalForm/conj(?Y, ?D1, ?D2) >>>
08:51:43 [INFO] Execution step: Body
08:51:43 [INFO] Saved temporary table: 1521 entries (19370)
08:51:43 [INFO] Saved temporary table: 1521 entries (19370)
08:51:43 [INFO] Execution step: Duplicate Elimination (Datalog)
08:51:43 [INFO] Saved permanent table http://rulewerk.semantic-web.org/inferred/subClassOf (40) Permutation { idx_to_val: [], val_to_idx: [] } with 3042 entries (25502)
08:51:43 [INFO] Rule duration: 10 ms
08:51:43 [INFO] <<< STEP 41: APPLYING RULE 4 http://rulewerk.semantic-web.org/inferred/subClassOf(?C, ?D1), http://rulewerk.semantic-web.org/inferred/subClassOf(?C, ?D2) :- http://rulewerk.semantic-web.org/inferred/subClassOf(?C, ?Y), http://rulewerk.semantic-web.org/normalForm/conj(?Y, ?D1, ?D2) >>>
08:51:43 [INFO] Execution step: Body
08:51:43 [INFO] Saved temporary table: 339 entries (9900)
08:51:43 [INFO] Saved temporary table: 339 entries (9900)
08:51:43 [INFO] Execution step: Duplicate Elimination (Datalog)
08:51:43 [INFO] Saved permanent table http://rulewerk.semantic-web.org/inferred/subClassOf (41) Permutation { idx_to_val: [], val_to_idx: [] } with 678 entries (11304)
08:51:43 [INFO] Rule duration: 1 ms
08:51:43 [INFO] <<< STEP 42: APPLYING RULE 4 http://rulewerk.semantic-web.org/inferred/subClassOf(?C, ?D1), http://rulewerk.semantic-web.org/inferred/subClassOf(?C, ?D2) :- http://rulewerk.semantic-web.org/inferred/subClassOf(?C, ?Y), http://rulewerk.semantic-web.org/normalForm/conj(?Y, ?D1, ?D2) >>>
08:51:43 [INFO] Execution step: Body
08:51:43 [INFO] Saved temporary table: 27 entries (8312)
08:51:43 [INFO] Saved temporary table: 27 entries (8312)
08:51:43 [INFO] Execution step: Duplicate Elimination (Datalog)
08:51:43 [INFO] Saved permanent table http://rulewerk.semantic-web.org/inferred/subClassOf (42) Permutation { idx_to_val: [], val_to_idx: [] } with 54 entries (8468)
08:51:43 [INFO] Rule duration: 0 ms
08:51:43 [INFO] <<< STEP 43: APPLYING RULE 4 http://rulewerk.semantic-web.org/inferred/subClassOf(?C, ?D1), http://rulewerk.semantic-web.org/inferred/subClassOf(?C, ?D2) :- http://rulewerk.semantic-web.org/inferred/subClassOf(?C, ?Y), http://rulewerk.semantic-web.org/normalForm/conj(?Y, ?D1, ?D2) >>>
08:51:43 [INFO] Execution step: Body
08:51:43 [INFO] Saved temporary table: 3 entries (6968)
08:51:43 [INFO] Saved temporary table: 3 entries (6968)
08:51:43 [INFO] Execution step: Duplicate Elimination (Datalog)
08:51:43 [INFO] Saved permanent table http://rulewerk.semantic-web.org/inferred/subClassOf (43) Permutation { idx_to_val: [], val_to_idx: [] } with 6 entries (7028)
08:51:43 [INFO] Rule duration: 0 ms
08:51:43 [INFO] <<< STEP 44: APPLYING RULE 4 http://rulewerk.semantic-web.org/inferred/subClassOf(?C, ?D1), http://rulewerk.semantic-web.org/inferred/subClassOf(?C, ?D2) :- http://rulewerk.semantic-web.org/inferred/subClassOf(?C, ?Y), http://rulewerk.semantic-web.org/normalForm/conj(?Y, ?D1, ?D2) >>>
08:51:43 [INFO] Execution step: Body
08:51:43 [INFO] Trie does not contain any elements
08:51:43 [INFO] Trie does not contain any elements
08:51:43 [INFO] Execution step: Duplicate Elimination (Datalog)
08:51:43 [INFO] Trie does not contain any elements
08:51:43 [INFO] Rule duration: 0 ms
08:51:43 [INFO] <<< STEP 45: APPLYING RULE 5 http://rulewerk.semantic-web.org/inferred/subClassOf(?C, ?I) :- http://rulewerk.semantic-web.org/inferred/subClassOf(?C, ?D1), http://rulewerk.semantic-web.org/inferred/subClassOf(?C, ?D2), http://rulewerk.semantic-web.org/normalForm/conj(?I, ?D1, ?D2), http://rulewerk.semantic-web.org/normalForm/isSubClass(?I) >>>
08:51:43 [INFO] Execution step: Body
08:51:43 [INFO] Saved temporary table: 38256 entries (397910)
08:51:43 [INFO] Execution step: Duplicate Elimination (Datalog)
08:51:43 [INFO] Saved permanent table http://rulewerk.semantic-web.org/inferred/subClassOf (45) Permutation { idx_to_val: [], val_to_idx: [] } with 22547 entries (197230)
08:51:43 [INFO] Rule duration: 142 ms
08:51:43 [INFO] <<< STEP 46: APPLYING RULE 5 http://rulewerk.semantic-web.org/inferred/subClassOf(?C, ?I) :- http://rulewerk.semantic-web.org/inferred/subClassOf(?C, ?D1), http://rulewerk.semantic-web.org/inferred/subClassOf(?C, ?D2), http://rulewerk.semantic-web.org/normalForm/conj(?I, ?D1, ?D2), http://rulewerk.semantic-web.org/normalForm/isSubClass(?I) >>>
08:51:43 [INFO] Execution step: Body
08:51:43 [INFO] Saved temporary table: 597 entries (12076)
08:51:43 [INFO] Execution step: Duplicate Elimination (Datalog)
08:51:43 [INFO] Saved permanent table http://rulewerk.semantic-web.org/inferred/subClassOf (46) Permutation { idx_to_val: [], val_to_idx: [] } with 597 entries (12124)
08:51:43 [INFO] Rule duration: 27 ms
08:51:43 [INFO] Execution step: Combining Tables
08:51:43 [INFO] Saved permanent table http://rulewerk.semantic-web.org/inferred/subClassOf (35-48) Permutation { idx_to_val: [], val_to_idx: [] } with 54562 entries (463182)
08:51:43 [INFO] <<< STEP 47: APPLYING RULE 5 http://rulewerk.semantic-web.org/inferred/subClassOf(?C, ?I) :- http://rulewerk.semantic-web.org/inferred/subClassOf(?C, ?D1), http://rulewerk.semantic-web.org/inferred/subClassOf(?C, ?D2), http://rulewerk.semantic-web.org/normalForm/conj(?I, ?D1, ?D2), http://rulewerk.semantic-web.org/normalForm/isSubClass(?I) >>>
08:51:43 [INFO] Execution step: Body
08:51:43 [INFO] Saved temporary table: 13 entries (7528)
08:51:43 [INFO] Execution step: Duplicate Elimination (Datalog)
08:51:43 [INFO] Saved permanent table http://rulewerk.semantic-web.org/inferred/subClassOf (47) Permutation { idx_to_val: [], val_to_idx: [] } with 13 entries (7576)
08:51:43 [INFO] Rule duration: 2 ms
08:51:43 [INFO] <<< STEP 48: APPLYING RULE 5 http://rulewerk.semantic-web.org/inferred/subClassOf(?C, ?I) :- http://rulewerk.semantic-web.org/inferred/subClassOf(?C, ?D1), http://rulewerk.semantic-web.org/inferred/subClassOf(?C, ?D2), http://rulewerk.semantic-web.org/normalForm/conj(?I, ?D1, ?D2), http://rulewerk.semantic-web.org/normalForm/isSubClass(?I) >>>
08:51:43 [INFO] Execution step: Body
08:51:43 [INFO] Trie does not contain any elements
08:51:43 [INFO] Execution step: Duplicate Elimination (Datalog)
08:51:43 [INFO] Trie does not contain any elements
08:51:43 [INFO] Rule duration: 0 ms
08:51:43 [INFO] <<< STEP 49: APPLYING RULE 6 http://rulewerk.semantic-web.org/inferred/ex(?E, ?R, ?C) :- http://rulewerk.semantic-web.org/inferred/subClassOf(?E, ?Y), http://rulewerk.semantic-web.org/normalForm/exists(?Y, ?R, ?C) >>>
08:51:43 [INFO] Execution step: Body
08:51:43 [INFO] Saved temporary table: 56942 entries (1066076)
08:51:43 [INFO] Execution step: Duplicate Elimination (Datalog)
08:51:43 [INFO] Saved permanent table http://rulewerk.semantic-web.org/inferred/ex (49) Permutation { idx_to_val: [], val_to_idx: [] } with 56942 entries (1066124)
08:51:43 [INFO] Rule duration: 91 ms
08:51:43 [INFO] <<< STEP 50: APPLYING RULE 7 http://rulewerk.semantic-web.org/inferred/subClassOf(?E, ?Y) :- http://rulewerk.semantic-web.org/inferred/ex(?E, ?R, ?C), http://rulewerk.semantic-web.org/inferred/subClassOf(?C, ?D), http://rulewerk.semantic-web.org/normalForm/subProp(?R, ?S), http://rulewerk.semantic-web.org/normalForm/exists(?Y, ?S, ?D), http://rulewerk.semantic-web.org/normalForm/isSubClass(?Y) >>>
08:51:43 [INFO] Execution step: Body
08:51:43 [INFO] Saved temporary table: 80403 entries (542294)
08:51:43 [INFO] Execution step: Duplicate Elimination (Datalog)
08:51:43 [INFO] Saved permanent table http://rulewerk.semantic-web.org/inferred/subClassOf (50) Permutation { idx_to_val: [], val_to_idx: [] } with 50490 entries (355430)
08:51:43 [INFO] Rule duration: 259 ms
08:51:43 [INFO] <<< STEP 51: APPLYING RULE 7 http://rulewerk.semantic-web.org/inferred/subClassOf(?E, ?Y) :- http://rulewerk.semantic-web.org/inferred/ex(?E, ?R, ?C), http://rulewerk.semantic-web.org/inferred/subClassOf(?C, ?D), http://rulewerk.semantic-web.org/normalForm/subProp(?R, ?S), http://rulewerk.semantic-web.org/normalForm/exists(?Y, ?S, ?D), http://rulewerk.semantic-web.org/normalForm/isSubClass(?Y) >>>
08:51:43 [INFO] Execution step: Body
08:51:43 [INFO] Trie does not contain any elements
08:51:43 [INFO] Execution step: Duplicate Elimination (Datalog)
08:51:43 [INFO] Trie does not contain any elements
08:51:43 [INFO] Rule duration: 2 ms
08:51:43 [INFO] <<< STEP 52: APPLYING RULE 8 http://rulewerk.semantic-web.org/inferred/ex(?E, ?S, ?D) :- http://rulewerk.semantic-web.org/inferred/ex(?E, ?R1, ?C), http://rulewerk.semantic-web.org/inferred/ex(?C, ?R2, ?D), http://rulewerk.semantic-web.org/normalForm/subProp(?R1, ?S1), http://rulewerk.semantic-web.org/normalForm/subProp(?R2, ?S2), http://rulewerk.semantic-web.org/normalForm/subPropChain(?S1, ?S2, ?S) >>>
08:51:43 [INFO] Execution step: Body
08:51:43 [INFO] Trie does not contain any elements
08:51:43 [INFO] Execution step: Duplicate Elimination (Datalog)
08:51:43 [INFO] Trie does not contain any elements
08:51:43 [INFO] Rule duration: 24 ms
08:51:43 [INFO] <<< STEP 53: APPLYING RULE 9 http://rulewerk.semantic-web.org/inferred/subClassOf(?C, ?E) :- http://rulewerk.semantic-web.org/inferred/subClassOf(?C, ?D), http://rulewerk.semantic-web.org/normalForm/subClassOf(?D, ?E) >>>
08:51:43 [INFO] Execution step: Body
08:51:43 [INFO] Saved temporary table: 42314 entries (413986)
08:51:43 [INFO] Execution step: Duplicate Elimination (Datalog)
08:51:43 [INFO] Saved permanent table http://rulewerk.semantic-web.org/inferred/subClassOf (53) Permutation { idx_to_val: [], val_to_idx: [] } with 42263 entries (413830)
08:51:43 [INFO] Rule duration: 61 ms
08:51:43 [INFO] <<< STEP 54: APPLYING RULE 9 http://rulewerk.semantic-web.org/inferred/subClassOf(?C, ?E) :- http://rulewerk.semantic-web.org/inferred/subClassOf(?C, ?D), http://rulewerk.semantic-web.org/normalForm/subClassOf(?D, ?E) >>>
08:51:43 [INFO] Execution step: Body
08:51:43 [INFO] Saved temporary table: 46744 entries (431706)
08:51:43 [INFO] Execution step: Duplicate Elimination (Datalog)
08:51:43 [INFO] Saved permanent table http://rulewerk.semantic-web.org/inferred/subClassOf (54) Permutation { idx_to_val: [], val_to_idx: [] } with 20299 entries (227286)
08:51:43 [INFO] Rule duration: 42 ms
08:51:43 [INFO] <<< STEP 55: APPLYING RULE 9 http://rulewerk.semantic-web.org/inferred/subClassOf(?C, ?E) :- http://rulewerk.semantic-web.org/inferred/subClassOf(?C, ?D), http://rulewerk.semantic-web.org/normalForm/subClassOf(?D, ?E) >>>
08:51:43 [INFO] Execution step: Body
08:51:43 [INFO] Saved temporary table: 12074 entries (165946)
08:51:43 [INFO] Execution step: Duplicate Elimination (Datalog)
08:51:43 [INFO] Saved permanent table http://rulewerk.semantic-web.org/inferred/subClassOf (55) Permutation { idx_to_val: [], val_to_idx: [] } with 11687 entries (161506)
08:51:43 [INFO] Rule duration: 17 ms
08:51:43 [INFO] <<< STEP 56: APPLYING RULE 9 http://rulewerk.semantic-web.org/inferred/subClassOf(?C, ?E) :- http://rulewerk.semantic-web.org/inferred/subClassOf(?C, ?D), http://rulewerk.semantic-web.org/normalForm/subClassOf(?D, ?E) >>>
08:51:43 [INFO] Execution step: Body
08:51:43 [INFO] Saved temporary table: 14149 entries (168102)
08:51:43 [INFO] Execution step: Duplicate Elimination (Datalog)
08:51:43 [INFO] Saved permanent table http://rulewerk.semantic-web.org/inferred/subClassOf (56) Permutation { idx_to_val: [], val_to_idx: [] } with 14012 entries (167386)
08:51:43 [INFO] Rule duration: 14 ms
08:51:43 [INFO] <<< STEP 57: APPLYING RULE 9 http://rulewerk.semantic-web.org/inferred/subClassOf(?C, ?E) :- http://rulewerk.semantic-web.org/inferred/subClassOf(?C, ?D), http://rulewerk.semantic-web.org/normalForm/subClassOf(?D, ?E) >>>
08:51:43 [INFO] Execution step: Body
08:51:43 [INFO] Saved temporary table: 10900 entries (152838)
08:51:43 [INFO] Execution step: Duplicate Elimination (Datalog)
08:51:43 [INFO] Saved permanent table http://rulewerk.semantic-web.org/inferred/subClassOf (57) Permutation { idx_to_val: [], val_to_idx: [] } with 10605 entries (151682)
08:51:43 [INFO] Rule duration: 13 ms
08:51:43 [INFO] <<< STEP 58: APPLYING RULE 9 http://rulewerk.semantic-web.org/inferred/subClassOf(?C, ?E) :- http://rulewerk.semantic-web.org/inferred/subClassOf(?C, ?D), http://rulewerk.semantic-web.org/normalForm/subClassOf(?D, ?E) >>>
08:51:43 [INFO] Execution step: Body
08:51:43 [INFO] Saved temporary table: 6992 entries (106006)
08:51:43 [INFO] Execution step: Duplicate Elimination (Datalog)
08:51:43 [INFO] Saved permanent table http://rulewerk.semantic-web.org/inferred/subClassOf (58) Permutation { idx_to_val: [], val_to_idx: [] } with 6791 entries (105250)
08:51:43 [INFO] Rule duration: 9 ms
08:51:43 [INFO] Execution step: Combining Tables
08:51:43 [INFO] Saved permanent table http://rulewerk.semantic-web.org/inferred/subClassOf (48-60) Permutation { idx_to_val: [], val_to_idx: [] } with 156147 entries (870866)
08:51:43 [INFO] <<< STEP 59: APPLYING RULE 9 http://rulewerk.semantic-web.org/inferred/subClassOf(?C, ?E) :- http://rulewerk.semantic-web.org/inferred/subClassOf(?C, ?D), http://rulewerk.semantic-web.org/normalForm/subClassOf(?D, ?E) >>>
08:51:43 [INFO] Execution step: Body
08:51:43 [INFO] Saved temporary table: 6614 entries (98230)
08:51:43 [INFO] Execution step: Duplicate Elimination (Datalog)
08:51:43 [INFO] Saved permanent table http://rulewerk.semantic-web.org/inferred/subClassOf (59) Permutation { idx_to_val: [], val_to_idx: [] } with 6439 entries (97578)
08:51:43 [INFO] Rule duration: 8 ms
08:51:43 [INFO] <<< STEP 60: APPLYING RULE 9 http://rulewerk.semantic-web.org/inferred/subClassOf(?C, ?E) :- http://rulewerk.semantic-web.org/inferred/subClassOf(?C, ?D), http://rulewerk.semantic-web.org/normalForm/subClassOf(?D, ?E) >>>
08:51:43 [INFO] Execution step: Body
08:51:43 [INFO] Saved temporary table: 3654 entries (61250)
08:51:43 [INFO] Execution step: Duplicate Elimination (Datalog)
08:51:43 [INFO] Saved permanent table http://rulewerk.semantic-web.org/inferred/subClassOf (60) Permutation { idx_to_val: [], val_to_idx: [] } with 3636 entries (61226)
08:51:43 [INFO] Rule duration: 6 ms
08:51:43 [INFO] <<< STEP 61: APPLYING RULE 9 http://rulewerk.semantic-web.org/inferred/subClassOf(?C, ?E) :- http://rulewerk.semantic-web.org/inferred/subClassOf(?C, ?D), http://rulewerk.semantic-web.org/normalForm/subClassOf(?D, ?E) >>>
08:51:43 [INFO] Execution step: Body
08:51:43 [INFO] Saved temporary table: 3460 entries (50538)
08:51:43 [INFO] Execution step: Duplicate Elimination (Datalog)
08:51:43 [INFO] Saved permanent table http://rulewerk.semantic-web.org/inferred/subClassOf (61) Permutation { idx_to_val: [], val_to_idx: [] } with 3460 entries (50586)
08:51:43 [INFO] Rule duration: 4 ms
08:51:43 [INFO] <<< STEP 62: APPLYING RULE 9 http://rulewerk.semantic-web.org/inferred/subClassOf(?C, ?E) :- http://rulewerk.semantic-web.org/inferred/subClassOf(?C, ?D), http://rulewerk.semantic-web.org/normalForm/subClassOf(?D, ?E) >>>
08:51:43 [INFO] Execution step: Body
08:51:43 [INFO] Saved temporary table: 2411 entries (42082)
08:51:43 [INFO] Execution step: Duplicate Elimination (Datalog)
08:51:43 [INFO] Saved permanent table http://rulewerk.semantic-web.org/inferred/subClassOf (62) Permutation { idx_to_val: [], val_to_idx: [] } with 2411 entries (42130)
08:51:43 [INFO] Rule duration: 4 ms
08:51:43 [INFO] <<< STEP 63: APPLYING RULE 9 http://rulewerk.semantic-web.org/inferred/subClassOf(?C, ?E) :- http://rulewerk.semantic-web.org/inferred/subClassOf(?C, ?D), http://rulewerk.semantic-web.org/normalForm/subClassOf(?D, ?E) >>>
08:51:43 [INFO] Execution step: Body
08:51:43 [INFO] Saved temporary table: 1437 entries (28058)
08:51:43 [INFO] Execution step: Duplicate Elimination (Datalog)
08:51:43 [INFO] Saved permanent table http://rulewerk.semantic-web.org/inferred/subClassOf (63) Permutation { idx_to_val: [], val_to_idx: [] } with 1437 entries (28106)
08:51:43 [INFO] Rule duration: 2 ms
08:51:43 [INFO] <<< STEP 64: APPLYING RULE 9 http://rulewerk.semantic-web.org/inferred/subClassOf(?C, ?E) :- http://rulewerk.semantic-web.org/inferred/subClassOf(?C, ?D), http://rulewerk.semantic-web.org/normalForm/subClassOf(?D, ?E) >>>
08:51:43 [INFO] Execution step: Body
08:51:43 [INFO] Saved temporary table: 1137 entries (23306)
08:51:43 [INFO] Execution step: Duplicate Elimination (Datalog)
08:51:43 [INFO] Saved permanent table http://rulewerk.semantic-web.org/inferred/subClassOf (64) Permutation { idx_to_val: [], val_to_idx: [] } with 1137 entries (23354)
08:51:43 [INFO] Rule duration: 2 ms
08:51:43 [INFO] <<< STEP 65: APPLYING RULE 9 http://rulewerk.semantic-web.org/inferred/subClassOf(?C, ?E) :- http://rulewerk.semantic-web.org/inferred/subClassOf(?C, ?D), http://rulewerk.semantic-web.org/normalForm/subClassOf(?D, ?E) >>>
08:51:43 [INFO] Execution step: Body
08:51:43 [INFO] Saved temporary table: 436 entries (10676)
08:51:43 [INFO] Execution step: Duplicate Elimination (Datalog)
08:51:43 [INFO] Saved permanent table http://rulewerk.semantic-web.org/inferred/subClassOf (65) Permutation { idx_to_val: [], val_to_idx: [] } with 436 entries (10724)
08:51:43 [INFO] Rule duration: 1 ms
08:51:43 [INFO] <<< STEP 66: APPLYING RULE 9 http://rulewerk.semantic-web.org/inferred/subClassOf(?C, ?E) :- http://rulewerk.semantic-web.org/inferred/subClassOf(?C, ?D), http://rulewerk.semantic-web.org/normalForm/subClassOf(?D, ?E) >>>
08:51:43 [INFO] Execution step: Body
08:51:43 [INFO] Saved temporary table: 243 entries (9132)
08:51:43 [INFO] Execution step: Duplicate Elimination (Datalog)
08:51:43 [INFO] Saved permanent table http://rulewerk.semantic-web.org/inferred/subClassOf (66) Permutation { idx_to_val: [], val_to_idx: [] } with 243 entries (9180)
08:51:43 [INFO] Rule duration: 0 ms
08:51:43 [INFO] Execution step: Combining Tables
08:51:43 [INFO] Saved permanent table http://rulewerk.semantic-web.org/inferred/subClassOf (60-68) Permutation { idx_to_val: [], val_to_idx: [] } with 12760 entries (97722)
08:51:43 [INFO] <<< STEP 67: APPLYING RULE 9 http://rulewerk.semantic-web.org/inferred/subClassOf(?C, ?E) :- http://rulewerk.semantic-web.org/inferred/subClassOf(?C, ?D), http://rulewerk.semantic-web.org/normalForm/subClassOf(?D, ?E) >>>
08:51:43 [INFO] Execution step: Body
08:51:43 [INFO] Saved temporary table: 273 entries (9986)
08:51:43 [INFO] Execution step: Duplicate Elimination (Datalog)
08:51:43 [INFO] Saved permanent table http://rulewerk.semantic-web.org/inferred/subClassOf (67) Permutation { idx_to_val: [], val_to_idx: [] } with 273 entries (10034)
08:51:43 [INFO] Rule duration: 0 ms
08:51:43 [INFO] <<< STEP 68: APPLYING RULE 9 http://rulewerk.semantic-web.org/inferred/subClassOf(?C, ?E) :- http://rulewerk.semantic-web.org/inferred/subClassOf(?C, ?D), http://rulewerk.semantic-web.org/normalForm/subClassOf(?D, ?E) >>>
08:51:43 [INFO] Execution step: Body
08:51:43 [INFO] Saved temporary table: 63 entries (7502)
08:51:43 [INFO] Execution step: Duplicate Elimination (Datalog)
08:51:43 [INFO] Saved permanent table http://rulewerk.semantic-web.org/inferred/subClassOf (68) Permutation { idx_to_val: [], val_to_idx: [] } with 63 entries (7550)
08:51:43 [INFO] Rule duration: 0 ms
08:51:43 [INFO] <<< STEP 69: APPLYING RULE 9 http://rulewerk.semantic-web.org/inferred/subClassOf(?C, ?E) :- http://rulewerk.semantic-web.org/inferred/subClassOf(?C, ?D), http://rulewerk.semantic-web.org/normalForm/subClassOf(?D, ?E) >>>
08:51:43 [INFO] Execution step: Body
08:51:43 [INFO] Saved temporary table: 63 entries (7502)
08:51:43 [INFO] Execution step: Duplicate Elimination (Datalog)
08:51:43 [INFO] Saved permanent table http://rulewerk.semantic-web.org/inferred/subClassOf (69) Permutation { idx_to_val: [], val_to_idx: [] } with 63 entries (7550)
08:51:43 [INFO] Rule duration: 0 ms
08:51:43 [INFO] <<< STEP 70: APPLYING RULE 9 http://rulewerk.semantic-web.org/inferred/subClassOf(?C, ?E) :- http://rulewerk.semantic-web.org/inferred/subClassOf(?C, ?D), http://rulewerk.semantic-web.org/normalForm/subClassOf(?D, ?E) >>>
08:51:43 [INFO] Execution step: Body
08:51:43 [INFO] Saved temporary table: 189 entries (8196)
08:51:43 [INFO] Execution step: Duplicate Elimination (Datalog)
08:51:43 [INFO] Saved permanent table http://rulewerk.semantic-web.org/inferred/subClassOf (70) Permutation { idx_to_val: [], val_to_idx: [] } with 189 entries (8244)
08:51:43 [INFO] Rule duration: 0 ms
08:51:43 [INFO] <<< STEP 71: APPLYING RULE 9 http://rulewerk.semantic-web.org/inferred/subClassOf(?C, ?E) :- http://rulewerk.semantic-web.org/inferred/subClassOf(?C, ?D), http://rulewerk.semantic-web.org/normalForm/subClassOf(?D, ?E) >>>
08:51:43 [INFO] Execution step: Body
08:51:43 [INFO] Saved temporary table: 63 entries (7502)
08:51:43 [INFO] Execution step: Duplicate Elimination (Datalog)
08:51:43 [INFO] Saved permanent table http://rulewerk.semantic-web.org/inferred/subClassOf (71) Permutation { idx_to_val: [], val_to_idx: [] } with 63 entries (7550)
08:51:43 [INFO] Rule duration: 0 ms
08:51:43 [INFO] <<< STEP 72: APPLYING RULE 9 http://rulewerk.semantic-web.org/inferred/subClassOf(?C, ?E) :- http://rulewerk.semantic-web.org/inferred/subClassOf(?C, ?D), http://rulewerk.semantic-web.org/normalForm/subClassOf(?D, ?E) >>>
08:51:43 [INFO] Execution step: Body
08:51:43 [INFO] Saved temporary table: 63 entries (7502)
08:51:43 [INFO] Execution step: Duplicate Elimination (Datalog)
08:51:43 [INFO] Saved permanent table http://rulewerk.semantic-web.org/inferred/subClassOf (72) Permutation { idx_to_val: [], val_to_idx: [] } with 63 entries (7550)
08:51:43 [INFO] Rule duration: 0 ms
08:51:43 [INFO] <<< STEP 73: APPLYING RULE 9 http://rulewerk.semantic-web.org/inferred/subClassOf(?C, ?E) :- http://rulewerk.semantic-web.org/inferred/subClassOf(?C, ?D), http://rulewerk.semantic-web.org/normalForm/subClassOf(?D, ?E) >>>
08:51:43 [INFO] Execution step: Body
08:51:43 [INFO] Saved temporary table: 63 entries (7502)
08:51:43 [INFO] Execution step: Duplicate Elimination (Datalog)
08:51:43 [INFO] Saved permanent table http://rulewerk.semantic-web.org/inferred/subClassOf (73) Permutation { idx_to_val: [], val_to_idx: [] } with 63 entries (7550)
08:51:43 [INFO] Rule duration: 0 ms
08:51:43 [INFO] <<< STEP 74: APPLYING RULE 9 http://rulewerk.semantic-web.org/inferred/subClassOf(?C, ?E) :- http://rulewerk.semantic-web.org/inferred/subClassOf(?C, ?D), http://rulewerk.semantic-web.org/normalForm/subClassOf(?D, ?E) >>>
08:51:43 [INFO] Execution step: Body
08:51:43 [INFO] Trie does not contain any elements
08:51:43 [INFO] Execution step: Duplicate Elimination (Datalog)
08:51:43 [INFO] Trie does not contain any elements
08:51:43 [INFO] Rule duration: 0 ms
08:51:43 [INFO] <<< STEP 75: APPLYING RULE 10 http://rulewerk.semantic-web.org/inferred/subClassOf(?E, "<http://www.w3.org/2002/07/owl#Nothing>") :- http://rulewerk.semantic-web.org/inferred/ex(?E, ?R, ?C), http://rulewerk.semantic-web.org/inferred/subClassOf(?C, ?_BODY_1), Equal(?_BODY_1, "<http://www.w3.org/2002/07/owl#Nothing>") >>>
08:51:43 [INFO] Execution step: Body
08:51:43 [INFO] Trie does not contain any elements
08:51:43 [INFO] Execution step: Duplicate Elimination (Datalog)
08:51:43 [INFO] Trie does not contain any elements
08:51:43 [INFO] Rule duration: 9 ms
08:51:43 [INFO] <<< STEP 76: APPLYING RULE 1 http://rulewerk.semantic-web.org/inferred/init(?C) :- http://rulewerk.semantic-web.org/inferred/ex(?E, ?R, ?C) >>>
08:51:43 [INFO] Execution step: Body
08:51:43 [INFO] Saved temporary table: 8012 entries (35448)
08:51:43 [INFO] Execution step: Duplicate Elimination (Datalog)
08:51:43 [INFO] Saved permanent table http://rulewerk.semantic-web.org/inferred/init (76) Permutation { idx_to_val: [], val_to_idx: [] } with 2396 entries (13032)
08:51:43 [INFO] Rule duration: 29 ms
08:51:43 [INFO] <<< STEP 77: APPLYING RULE 2 http://rulewerk.semantic-web.org/inferred/subClassOf(?C, ?C) :- http://rulewerk.semantic-web.org/inferred/init(?C) >>>
08:51:43 [INFO] Execution step: Body
08:51:43 [INFO] Saved temporary table: 2396 entries (12984)
08:51:43 [INFO] Execution step: Duplicate Elimination (Datalog)
08:51:43 [INFO] Saved permanent table http://rulewerk.semantic-web.org/inferred/subClassOf (77) Permutation { idx_to_val: [], val_to_idx: [] } with 2396 entries (26404)
08:51:43 [INFO] Rule duration: 1 ms
08:51:43 [INFO] Execution step: Combining Tables
08:51:43 [INFO] Saved permanent table http://rulewerk.semantic-web.org/inferred/subClassOf (68-79) Permutation { idx_to_val: [], val_to_idx: [] } with 2900 entries (28690)
08:51:43 [INFO] <<< STEP 78: APPLYING RULE 4 http://rulewerk.semantic-web.org/inferred/subClassOf(?C, ?D1), http://rulewerk.semantic-web.org/inferred/subClassOf(?C, ?D2) :- http://rulewerk.semantic-web.org/inferred/subClassOf(?C, ?Y), http://rulewerk.semantic-web.org/normalForm/conj(?Y, ?D1, ?D2) >>>
08:51:43 [INFO] Execution step: Body
08:51:43 [INFO] Saved temporary table: 22756 entries (279546)
08:51:43 [INFO] Saved temporary table: 27543 entries (298694)
08:51:43 [INFO] Execution step: Duplicate Elimination (Datalog)
08:51:43 [INFO] Saved permanent table http://rulewerk.semantic-web.org/inferred/subClassOf (78) Permutation { idx_to_val: [], val_to_idx: [] } with 13982 entries (148654)
08:51:43 [INFO] Rule duration: 51 ms
08:51:43 [INFO] <<< STEP 79: APPLYING RULE 4 http://rulewerk.semantic-web.org/inferred/subClassOf(?C, ?D1), http://rulewerk.semantic-web.org/inferred/subClassOf(?C, ?D2) :- http://rulewerk.semantic-web.org/inferred/subClassOf(?C, ?Y), http://rulewerk.semantic-web.org/normalForm/conj(?Y, ?D1, ?D2) >>>
08:51:43 [INFO] Execution step: Body
08:51:43 [INFO] Saved temporary table: 703 entries (12812)
08:51:43 [INFO] Saved temporary table: 703 entries (12812)
08:51:43 [INFO] Execution step: Duplicate Elimination (Datalog)
08:51:43 [INFO] Saved permanent table http://rulewerk.semantic-web.org/inferred/subClassOf (79) Permutation { idx_to_val: [], val_to_idx: [] } with 1352 entries (21022)
08:51:43 [INFO] Rule duration: 5 ms
08:51:43 [INFO] <<< STEP 80: APPLYING RULE 4 http://rulewerk.semantic-web.org/inferred/subClassOf(?C, ?D1), http://rulewerk.semantic-web.org/inferred/subClassOf(?C, ?D2) :- http://rulewerk.semantic-web.org/inferred/subClassOf(?C, ?Y), http://rulewerk.semantic-web.org/normalForm/conj(?Y, ?D1, ?D2) >>>
08:51:43 [INFO] Execution step: Body
08:51:43 [INFO] Saved temporary table: 108 entries (8052)
08:51:43 [INFO] Saved temporary table: 108 entries (8052)
08:51:43 [INFO] Execution step: Duplicate Elimination (Datalog)
08:51:43 [INFO] Saved permanent table http://rulewerk.semantic-web.org/inferred/subClassOf (80) Permutation { idx_to_val: [], val_to_idx: [] } with 206 entries (9298)
08:51:43 [INFO] Rule duration: 1 ms
08:51:43 [INFO] <<< STEP 81: APPLYING RULE 4 http://rulewerk.semantic-web.org/inferred/subClassOf(?C, ?D1), http://rulewerk.semantic-web.org/inferred/subClassOf(?C, ?D2) :- http://rulewerk.semantic-web.org/inferred/subClassOf(?C, ?Y), http://rulewerk.semantic-web.org/normalForm/conj(?Y, ?D1, ?D2) >>>
08:51:43 [INFO] Execution step: Body
08:51:43 [INFO] Saved temporary table: 14 entries (7584)
08:51:43 [INFO] Saved temporary table: 14 entries (7584)
08:51:43 [INFO] Execution step: Duplicate Elimination (Datalog)
08:51:43 [INFO] Saved permanent table http://rulewerk.semantic-web.org/inferred/subClassOf (81) Permutation { idx_to_val: [], val_to_idx: [] } with 27 entries (7684)
08:51:43 [INFO] Rule duration: 0 ms
08:51:43 [INFO] <<< STEP 82: APPLYING RULE 4 http://rulewerk.semantic-web.org/inferred/subClassOf(?C, ?D1), http://rulewerk.semantic-web.org/inferred/subClassOf(?C, ?D2) :- http://rulewerk.semantic-web.org/inferred/subClassOf(?C, ?Y), http://rulewerk.semantic-web.org/normalForm/conj(?Y, ?D1, ?D2) >>>
08:51:43 [INFO] Execution step: Body
08:51:43 [INFO] Trie does not contain any elements
08:51:43 [INFO] Trie does not contain any elements
08:51:43 [INFO] Execution step: Duplicate Elimination (Datalog)
08:51:43 [INFO] Trie does not contain any elements
08:51:43 [INFO] Rule duration: 0 ms
08:51:43 [INFO] <<< STEP 83: APPLYING RULE 5 http://rulewerk.semantic-web.org/inferred/subClassOf(?C, ?I) :- http://rulewerk.semantic-web.org/inferred/subClassOf(?C, ?D1), http://rulewerk.semantic-web.org/inferred/subClassOf(?C, ?D2), http://rulewerk.semantic-web.org/normalForm/conj(?I, ?D1, ?D2), http://rulewerk.semantic-web.org/normalForm/isSubClass(?I) >>>
08:51:43 [INFO] Execution step: Body
08:51:44 [INFO] Saved temporary table: 57922 entries (467850)
08:51:44 [INFO] Execution step: Duplicate Elimination (Datalog)
08:51:44 [INFO] Saved permanent table http://rulewerk.semantic-web.org/inferred/subClassOf (83) Permutation { idx_to_val: [], val_to_idx: [] } with 50411 entries (382558)
08:51:44 [INFO] Rule duration: 238 ms
08:51:44 [INFO] <<< STEP 84: APPLYING RULE 5 http://rulewerk.semantic-web.org/inferred/subClassOf(?C, ?I) :- http://rulewerk.semantic-web.org/inferred/subClassOf(?C, ?D1), http://rulewerk.semantic-web.org/inferred/subClassOf(?C, ?D2), http://rulewerk.semantic-web.org/normalForm/conj(?I, ?D1, ?D2), http://rulewerk.semantic-web.org/normalForm/isSubClass(?I) >>>
08:51:44 [INFO] Execution step: Body
08:51:44 [INFO] Saved temporary table: 2094 entries (38306)
08:51:44 [INFO] Execution step: Duplicate Elimination (Datalog)
08:51:44 [INFO] Saved permanent table http://rulewerk.semantic-web.org/inferred/subClassOf (84) Permutation { idx_to_val: [], val_to_idx: [] } with 2094 entries (38354)
08:51:44 [INFO] Rule duration: 108 ms
08:51:44 [INFO] <<< STEP 85: APPLYING RULE 5 http://rulewerk.semantic-web.org/inferred/subClassOf(?C, ?I) :- http://rulewerk.semantic-web.org/inferred/subClassOf(?C, ?D1), http://rulewerk.semantic-web.org/inferred/subClassOf(?C, ?D2), http://rulewerk.semantic-web.org/normalForm/conj(?I, ?D1, ?D2), http://rulewerk.semantic-web.org/normalForm/isSubClass(?I) >>>
08:51:44 [INFO] Execution step: Body
08:51:44 [INFO] Saved temporary table: 26 entries (8204)
08:51:44 [INFO] Execution step: Duplicate Elimination (Datalog)
08:51:44 [INFO] Saved permanent table http://rulewerk.semantic-web.org/inferred/subClassOf (85) Permutation { idx_to_val: [], val_to_idx: [] } with 26 entries (8252)
08:51:44 [INFO] Rule duration: 20 ms
08:51:44 [INFO] <<< STEP 86: APPLYING RULE 5 http://rulewerk.semantic-web.org/inferred/subClassOf(?C, ?I) :- http://rulewerk.semantic-web.org/inferred/subClassOf(?C, ?D1), http://rulewerk.semantic-web.org/inferred/subClassOf(?C, ?D2), http://rulewerk.semantic-web.org/normalForm/conj(?I, ?D1, ?D2), http://rulewerk.semantic-web.org/normalForm/isSubClass(?I) >>>
08:51:44 [INFO] Execution step: Body
08:51:44 [INFO] Trie does not contain any elements
08:51:44 [INFO] Execution step: Duplicate Elimination (Datalog)
08:51:44 [INFO] Trie does not contain any elements
08:51:44 [INFO] Rule duration: 0 ms
08:51:44 [INFO] <<< STEP 87: APPLYING RULE 6 http://rulewerk.semantic-web.org/inferred/ex(?E, ?R, ?C) :- http://rulewerk.semantic-web.org/inferred/subClassOf(?E, ?Y), http://rulewerk.semantic-web.org/normalForm/exists(?Y, ?R, ?C) >>>
08:51:44 [INFO] Execution step: Body
08:51:44 [INFO] Saved temporary table: 81489 entries (1256340)
08:51:44 [INFO] Execution step: Duplicate Elimination (Datalog)
08:51:44 [INFO] Saved permanent table http://rulewerk.semantic-web.org/inferred/ex (87) Permutation { idx_to_val: [], val_to_idx: [] } with 81489 entries (1256388)
08:51:44 [INFO] Rule duration: 140 ms
08:51:44 [INFO] <<< STEP 88: APPLYING RULE 7 http://rulewerk.semantic-web.org/inferred/subClassOf(?E, ?Y) :- http://rulewerk.semantic-web.org/inferred/ex(?E, ?R, ?C), http://rulewerk.semantic-web.org/inferred/subClassOf(?C, ?D), http://rulewerk.semantic-web.org/normalForm/subProp(?R, ?S), http://rulewerk.semantic-web.org/normalForm/exists(?Y, ?S, ?D), http://rulewerk.semantic-web.org/normalForm/isSubClass(?Y) >>>
08:51:44 [INFO] Execution step: Body
08:51:44 [INFO] Saved temporary table: 133147 entries (770034)
08:51:44 [INFO] Execution step: Duplicate Elimination (Datalog)
08:51:44 [INFO] Saved permanent table http://rulewerk.semantic-web.org/inferred/subClassOf (88) Permutation { idx_to_val: [], val_to_idx: [] } with 54923 entries (393346)
08:51:44 [INFO] Rule duration: 530 ms
08:51:44 [INFO] Execution step: Combining Tables
08:51:44 [INFO] Saved permanent table http://rulewerk.semantic-web.org/inferred/subClassOf (79-90) Permutation { idx_to_val: [], val_to_idx: [] } with 109039 entries (675498)
08:51:44 [INFO] <<< STEP 89: APPLYING RULE 7 http://rulewerk.semantic-web.org/inferred/subClassOf(?E, ?Y) :- http://rulewerk.semantic-web.org/inferred/ex(?E, ?R, ?C), http://rulewerk.semantic-web.org/inferred/subClassOf(?C, ?D), http://rulewerk.semantic-web.org/normalForm/subProp(?R, ?S), http://rulewerk.semantic-web.org/normalForm/exists(?Y, ?S, ?D), http://rulewerk.semantic-web.org/normalForm/isSubClass(?Y) >>>
08:51:44 [INFO] Execution step: Body
08:51:44 [INFO] Trie does not contain any elements
08:51:44 [INFO] Execution step: Duplicate Elimination (Datalog)
08:51:44 [INFO] Trie does not contain any elements
08:51:44 [INFO] Rule duration: 3 ms
08:51:44 [INFO] <<< STEP 90: APPLYING RULE 8 http://rulewerk.semantic-web.org/inferred/ex(?E, ?S, ?D) :- http://rulewerk.semantic-web.org/inferred/ex(?E, ?R1, ?C), http://rulewerk.semantic-web.org/inferred/ex(?C, ?R2, ?D), http://rulewerk.semantic-web.org/normalForm/subProp(?R1, ?S1), http://rulewerk.semantic-web.org/normalForm/subProp(?R2, ?S2), http://rulewerk.semantic-web.org/normalForm/subPropChain(?S1, ?S2, ?S) >>>
08:51:44 [INFO] Execution step: Body
08:51:44 [INFO] Trie does not contain any elements
08:51:44 [INFO] Execution step: Duplicate Elimination (Datalog)
08:51:44 [INFO] Trie does not contain any elements
08:51:44 [INFO] Rule duration: 23 ms
08:51:44 [INFO] <<< STEP 91: APPLYING RULE 9 http://rulewerk.semantic-web.org/inferred/subClassOf(?C, ?E) :- http://rulewerk.semantic-web.org/inferred/subClassOf(?C, ?D), http://rulewerk.semantic-web.org/normalForm/subClassOf(?D, ?E) >>>
08:51:45 [INFO] Execution step: Body
08:51:45 [INFO] Saved temporary table: 55642 entries (456990)
08:51:45 [INFO] Execution step: Duplicate Elimination (Datalog)
08:51:45 [INFO] Saved permanent table http://rulewerk.semantic-web.org/inferred/subClassOf (91) Permutation { idx_to_val: [], val_to_idx: [] } with 55619 entries (456946)
08:51:45 [INFO] Rule duration: 60 ms
08:51:45 [INFO] <<< STEP 92: APPLYING RULE 9 http://rulewerk.semantic-web.org/inferred/subClassOf(?C, ?E) :- http://rulewerk.semantic-web.org/inferred/subClassOf(?C, ?D), http://rulewerk.semantic-web.org/normalForm/subClassOf(?D, ?E) >>>
08:51:45 [INFO] Execution step: Body
08:51:45 [INFO] Saved temporary table: 60292 entries (475590)
08:51:45 [INFO] Execution step: Duplicate Elimination (Datalog)
08:51:45 [INFO] Saved permanent table http://rulewerk.semantic-web.org/inferred/subClassOf (92) Permutation { idx_to_val: [], val_to_idx: [] } with 10740 entries (140126)
08:51:45 [INFO] Rule duration: 61 ms
08:51:45 [INFO] <<< STEP 93: APPLYING RULE 9 http://rulewerk.semantic-web.org/inferred/subClassOf(?C, ?E) :- http://rulewerk.semantic-web.org/inferred/subClassOf(?C, ?D), http://rulewerk.semantic-web.org/normalForm/subClassOf(?D, ?E) >>>
08:51:45 [INFO] Execution step: Body
08:51:45 [INFO] Saved temporary table: 6177 entries (82850)
08:51:45 [INFO] Execution step: Duplicate Elimination (Datalog)
08:51:45 [INFO] Saved permanent table http://rulewerk.semantic-web.org/inferred/subClassOf (93) Permutation { idx_to_val: [], val_to_idx: [] } with 5620 entries (79494)
08:51:45 [INFO] Rule duration: 10 ms
08:51:45 [INFO] <<< STEP 94: APPLYING RULE 9 http://rulewerk.semantic-web.org/inferred/subClassOf(?C, ?E) :- http://rulewerk.semantic-web.org/inferred/subClassOf(?C, ?D), http://rulewerk.semantic-web.org/normalForm/subClassOf(?D, ?E) >>>
08:51:45 [INFO] Execution step: Body
08:51:45 [INFO] Saved temporary table: 6714 entries (81290)
08:51:45 [INFO] Execution step: Duplicate Elimination (Datalog)
08:51:45 [INFO] Saved permanent table http://rulewerk.semantic-web.org/inferred/subClassOf (94) Permutation { idx_to_val: [], val_to_idx: [] } with 6647 entries (81058)
08:51:45 [INFO] Rule duration: 9 ms
08:51:45 [INFO] <<< STEP 95: APPLYING RULE 9 http://rulewerk.semantic-web.org/inferred/subClassOf(?C, ?E) :- http://rulewerk.semantic-web.org/inferred/subClassOf(?C, ?D), http://rulewerk.semantic-web.org/normalForm/subClassOf(?D, ?E) >>>
08:51:45 [INFO] Execution step: Body
08:51:45 [INFO] Saved temporary table: 5579 entries (76102)
08:51:45 [INFO] Execution step: Duplicate Elimination (Datalog)
08:51:45 [INFO] Saved permanent table http://rulewerk.semantic-web.org/inferred/subClassOf (95) Permutation { idx_to_val: [], val_to_idx: [] } with 5294 entries (75010)
08:51:45 [INFO] Rule duration: 9 ms
08:51:45 [INFO] <<< STEP 96: APPLYING RULE 9 http://rulewerk.semantic-web.org/inferred/subClassOf(?C, ?E) :- http://rulewerk.semantic-web.org/inferred/subClassOf(?C, ?D), http://rulewerk.semantic-web.org/normalForm/subClassOf(?D, ?E) >>>
08:51:45 [INFO] Execution step: Body
08:51:45 [INFO] Saved temporary table: 4220 entries (65386)
08:51:45 [INFO] Execution step: Duplicate Elimination (Datalog)
08:51:45 [INFO] Saved permanent table http://rulewerk.semantic-web.org/inferred/subClassOf (96) Permutation { idx_to_val: [], val_to_idx: [] } with 3912 entries (64202)
08:51:45 [INFO] Rule duration: 8 ms
08:51:45 [INFO] <<< STEP 97: APPLYING RULE 9 http://rulewerk.semantic-web.org/inferred/subClassOf(?C, ?E) :- http://rulewerk.semantic-web.org/inferred/subClassOf(?C, ?D), http://rulewerk.semantic-web.org/normalForm/subClassOf(?D, ?E) >>>
08:51:45 [INFO] Execution step: Body
08:51:45 [INFO] Saved temporary table: 3491 entries (54670)
08:51:45 [INFO] Execution step: Duplicate Elimination (Datalog)
08:51:45 [INFO] Saved permanent table http://rulewerk.semantic-web.org/inferred/subClassOf (97) Permutation { idx_to_val: [], val_to_idx: [] } with 3247 entries (53742)
08:51:45 [INFO] Rule duration: 7 ms
08:51:45 [INFO] <<< STEP 98: APPLYING RULE 9 http://rulewerk.semantic-web.org/inferred/subClassOf(?C, ?E) :- http://rulewerk.semantic-web.org/inferred/subClassOf(?C, ?D), http://rulewerk.semantic-web.org/normalForm/subClassOf(?D, ?E) >>>
08:51:45 [INFO] Execution step: Body
08:51:45 [INFO] Saved temporary table: 1658 entries (32122)
08:51:45 [INFO] Execution step: Duplicate Elimination (Datalog)
08:51:45 [INFO] Saved permanent table http://rulewerk.semantic-web.org/inferred/subClassOf (98) Permutation { idx_to_val: [], val_to_idx: [] } with 1602 entries (31946)
08:51:45 [INFO] Rule duration: 4 ms
08:51:45 [INFO] Execution step: Combining Tables
08:51:45 [INFO] Saved permanent table http://rulewerk.semantic-web.org/inferred/subClassOf (90-100) Permutation { idx_to_val: [], val_to_idx: [] } with 92681 entries (605194)
08:51:45 [INFO] <<< STEP 99: APPLYING RULE 9 http://rulewerk.semantic-web.org/inferred/subClassOf(?C, ?E) :- http://rulewerk.semantic-web.org/inferred/subClassOf(?C, ?D), http://rulewerk.semantic-web.org/normalForm/subClassOf(?D, ?E) >>>
08:51:45 [INFO] Execution step: Body
08:51:45 [INFO] Saved temporary table: 1245 entries (23366)
08:51:45 [INFO] Execution step: Duplicate Elimination (Datalog)
08:51:45 [INFO] Saved permanent table http://rulewerk.semantic-web.org/inferred/subClassOf (99) Permutation { idx_to_val: [], val_to_idx: [] } with 1240 entries (23394)
08:51:45 [INFO] Rule duration: 4 ms
08:51:45 [INFO] <<< STEP 100: APPLYING RULE 9 http://rulewerk.semantic-web.org/inferred/subClassOf(?C, ?E) :- http://rulewerk.semantic-web.org/inferred/subClassOf(?C, ?D), http://rulewerk.semantic-web.org/normalForm/subClassOf(?D, ?E) >>>
08:51:45 [INFO] Execution step: Body
08:51:45 [INFO] Saved temporary table: 883 entries (19986)
08:51:45 [INFO] Execution step: Duplicate Elimination (Datalog)
08:51:45 [INFO] Saved permanent table http://rulewerk.semantic-web.org/inferred/subClassOf (100) Permutation { idx_to_val: [], val_to_idx: [] } with 883 entries (20034)
08:51:45 [INFO] Rule duration: 4 ms
08:51:45 [INFO] <<< STEP 101: APPLYING RULE 9 http://rulewerk.semantic-web.org/inferred/subClassOf(?C, ?E) :- http://rulewerk.semantic-web.org/inferred/subClassOf(?C, ?D), http://rulewerk.semantic-web.org/normalForm/subClassOf(?D, ?E) >>>
08:51:45 [INFO] Execution step: Body
08:51:45 [INFO] Saved temporary table: 550 entries (14274)
08:51:45 [INFO] Execution step: Duplicate Elimination (Datalog)
08:51:45 [INFO] Saved permanent table http://rulewerk.semantic-web.org/inferred/subClassOf (101) Permutation { idx_to_val: [], val_to_idx: [] } with 550 entries (14322)
08:51:45 [INFO] Rule duration: 2 ms
08:51:45 [INFO] <<< STEP 102: APPLYING RULE 9 http://rulewerk.semantic-web.org/inferred/subClassOf(?C, ?E) :- http://rulewerk.semantic-web.org/inferred/subClassOf(?C, ?D), http://rulewerk.semantic-web.org/normalForm/subClassOf(?D, ?E) >>>
08:51:45 [INFO] Execution step: Body
08:51:45 [INFO] Saved temporary table: 402 entries (12962)
08:51:45 [INFO] Execution step: Duplicate Elimination (Datalog)
08:51:45 [INFO] Saved permanent table http://rulewerk.semantic-web.org/inferred/subClassOf (102) Permutation { idx_to_val: [], val_to_idx: [] } with 402 entries (13010)
08:51:45 [INFO] Rule duration: 2 ms
08:51:45 [INFO] <<< STEP 103: APPLYING RULE 9 http://rulewerk.semantic-web.org/inferred/subClassOf(?C, ?E) :- http://rulewerk.semantic-web.org/inferred/subClassOf(?C, ?D), http://rulewerk.semantic-web.org/normalForm/subClassOf(?D, ?E) >>>
08:51:45 [INFO] Execution step: Body
08:51:45 [INFO] Saved temporary table: 185 entries (8668)
08:51:45 [INFO] Execution step: Duplicate Elimination (Datalog)
08:51:45 [INFO] Saved permanent table http://rulewerk.semantic-web.org/inferred/subClassOf (103) Permutation { idx_to_val: [], val_to_idx: [] } with 185 entries (8716)
08:51:45 [INFO] Rule duration: 1 ms
08:51:45 [INFO] <<< STEP 104: APPLYING RULE 9 http://rulewerk.semantic-web.org/inferred/subClassOf(?C, ?E) :- http://rulewerk.semantic-web.org/inferred/subClassOf(?C, ?D), http://rulewerk.semantic-web.org/normalForm/subClassOf(?D, ?E) >>>
08:51:45 [INFO] Execution step: Body
08:51:45 [INFO] Saved temporary table: 120 entries (8148)
08:51:45 [INFO] Execution step: Duplicate Elimination (Datalog)
08:51:45 [INFO] Saved permanent table http://rulewerk.semantic-web.org/inferred/subClassOf (104) Permutation { idx_to_val: [], val_to_idx: [] } with 120 entries (8196)
08:51:45 [INFO] Rule duration: 1 ms
08:51:45 [INFO] <<< STEP 105: APPLYING RULE 9 http://rulewerk.semantic-web.org/inferred/subClassOf(?C, ?E) :- http://rulewerk.semantic-web.org/inferred/subClassOf(?C, ?D), http://rulewerk.semantic-web.org/normalForm/subClassOf(?D, ?E) >>>
08:51:45 [INFO] Execution step: Body
08:51:45 [INFO] Saved temporary table: 97 entries (9736)
08:51:45 [INFO] Execution step: Duplicate Elimination (Datalog)
08:51:45 [INFO] Saved permanent table http://rulewerk.semantic-web.org/inferred/subClassOf (105) Permutation { idx_to_val: [], val_to_idx: [] } with 97 entries (9784)
08:51:45 [INFO] Rule duration: 0 ms
08:51:45 [INFO] <<< STEP 106: APPLYING RULE 9 http://rulewerk.semantic-web.org/inferred/subClassOf(?C, ?E) :- http://rulewerk.semantic-web.org/inferred/subClassOf(?C, ?D), http://rulewerk.semantic-web.org/normalForm/subClassOf(?D, ?E) >>>
08:51:45 [INFO] Execution step: Body
08:51:45 [INFO] Saved temporary table: 24 entries (8144)
08:51:45 [INFO] Execution step: Duplicate Elimination (Datalog)
08:51:45 [INFO] Saved permanent table http://rulewerk.semantic-web.org/inferred/subClassOf (106) Permutation { idx_to_val: [], val_to_idx: [] } with 24 entries (8192)
08:51:45 [INFO] Rule duration: 0 ms
08:51:45 [INFO] Execution step: Combining Tables
08:51:45 [INFO] Saved permanent table http://rulewerk.semantic-web.org/inferred/subClassOf (100-108) Permutation { idx_to_val: [], val_to_idx: [] } with 2261 entries (25546)
08:51:45 [INFO] <<< STEP 107: APPLYING RULE 9 http://rulewerk.semantic-web.org/inferred/subClassOf(?C, ?E) :- http://rulewerk.semantic-web.org/inferred/subClassOf(?C, ?D), http://rulewerk.semantic-web.org/normalForm/subClassOf(?D, ?E) >>>
08:51:45 [INFO] Execution step: Body
08:51:45 [INFO] Saved temporary table: 24 entries (8144)
08:51:45 [INFO] Execution step: Duplicate Elimination (Datalog)
08:51:45 [INFO] Saved permanent table http://rulewerk.semantic-web.org/inferred/subClassOf (107) Permutation { idx_to_val: [], val_to_idx: [] } with 24 entries (8192)
08:51:45 [INFO] Rule duration: 0 ms
08:51:45 [INFO] <<< STEP 108: APPLYING RULE 9 http://rulewerk.semantic-web.org/inferred/subClassOf(?C, ?E) :- http://rulewerk.semantic-web.org/inferred/subClassOf(?C, ?D), http://rulewerk.semantic-web.org/normalForm/subClassOf(?D, ?E) >>>
08:51:45 [INFO] Execution step: Body
08:51:45 [INFO] Saved temporary table: 72 entries (8336)
08:51:45 [INFO] Execution step: Duplicate Elimination (Datalog)
08:51:45 [INFO] Saved permanent table http://rulewerk.semantic-web.org/inferred/subClassOf (108) Permutation { idx_to_val: [], val_to_idx: [] } with 72 entries (8384)
08:51:45 [INFO] Rule duration: 0 ms
08:51:45 [INFO] <<< STEP 109: APPLYING RULE 9 http://rulewerk.semantic-web.org/inferred/subClassOf(?C, ?E) :- http://rulewerk.semantic-web.org/inferred/subClassOf(?C, ?D), http://rulewerk.semantic-web.org/normalForm/subClassOf(?D, ?E) >>>
08:51:45 [INFO] Execution step: Body
08:51:45 [INFO] Saved temporary table: 24 entries (8144)
08:51:45 [INFO] Execution step: Duplicate Elimination (Datalog)
08:51:45 [INFO] Saved permanent table http://rulewerk.semantic-web.org/inferred/subClassOf (109) Permutation { idx_to_val: [], val_to_idx: [] } with 24 entries (8192)
08:51:45 [INFO] Rule duration: 0 ms
08:51:45 [INFO] <<< STEP 110: APPLYING RULE 9 http://rulewerk.semantic-web.org/inferred/subClassOf(?C, ?E) :- http://rulewerk.semantic-web.org/inferred/subClassOf(?C, ?D), http://rulewerk.semantic-web.org/normalForm/subClassOf(?D, ?E) >>>
08:51:45 [INFO] Execution step: Body
08:51:45 [INFO] Saved temporary table: 24 entries (8144)
08:51:45 [INFO] Execution step: Duplicate Elimination (Datalog)
08:51:45 [INFO] Saved permanent table http://rulewerk.semantic-web.org/inferred/subClassOf (110) Permutation { idx_to_val: [], val_to_idx: [] } with 24 entries (8192)
08:51:45 [INFO] Rule duration: 0 ms
08:51:45 [INFO] <<< STEP 111: APPLYING RULE 9 http://rulewerk.semantic-web.org/inferred/subClassOf(?C, ?E) :- http://rulewerk.semantic-web.org/inferred/subClassOf(?C, ?D), http://rulewerk.semantic-web.org/normalForm/subClassOf(?D, ?E) >>>
08:51:45 [INFO] Execution step: Body
08:51:45 [INFO] Saved temporary table: 24 entries (8144)
08:51:45 [INFO] Execution step: Duplicate Elimination (Datalog)
08:51:45 [INFO] Saved permanent table http://rulewerk.semantic-web.org/inferred/subClassOf (111) Permutation { idx_to_val: [], val_to_idx: [] } with 24 entries (8192)
08:51:45 [INFO] Rule duration: 0 ms
08:51:45 [INFO] <<< STEP 112: APPLYING RULE 9 http://rulewerk.semantic-web.org/inferred/subClassOf(?C, ?E) :- http://rulewerk.semantic-web.org/inferred/subClassOf(?C, ?D), http://rulewerk.semantic-web.org/normalForm/subClassOf(?D, ?E) >>>
08:51:45 [INFO] Execution step: Body
08:51:45 [INFO] Trie does not contain any elements
08:51:45 [INFO] Execution step: Duplicate Elimination (Datalog)
08:51:45 [INFO] Trie does not contain any elements
08:51:45 [INFO] Rule duration: 0 ms
08:51:45 [INFO] <<< STEP 113: APPLYING RULE 10 http://rulewerk.semantic-web.org/inferred/subClassOf(?E, "<http://www.w3.org/2002/07/owl#Nothing>") :- http://rulewerk.semantic-web.org/inferred/ex(?E, ?R, ?C), http://rulewerk.semantic-web.org/inferred/subClassOf(?C, ?_BODY_1), Equal(?_BODY_1, "<http://www.w3.org/2002/07/owl#Nothing>") >>>
08:51:45 [INFO] Execution step: Body
08:51:45 [INFO] Trie does not contain any elements
08:51:45 [INFO] Execution step: Duplicate Elimination (Datalog)
08:51:45 [INFO] Trie does not contain any elements
08:51:45 [INFO] Rule duration: 27 ms
08:51:45 [INFO] <<< STEP 114: APPLYING RULE 1 http://rulewerk.semantic-web.org/inferred/init(?C) :- http://rulewerk.semantic-web.org/inferred/ex(?E, ?R, ?C) >>>
08:51:45 [INFO] Execution step: Body
08:51:45 [INFO] Saved temporary table: 3323 entries (16692)
08:51:45 [INFO] Execution step: Duplicate Elimination (Datalog)
08:51:45 [INFO] Saved permanent table http://rulewerk.semantic-web.org/inferred/init (114) Permutation { idx_to_val: [], val_to_idx: [] } with 335 entries (4788)
08:51:45 [INFO] Rule duration: 78 ms
08:51:45 [INFO] <<< STEP 115: APPLYING RULE 2 http://rulewerk.semantic-web.org/inferred/subClassOf(?C, ?C) :- http://rulewerk.semantic-web.org/inferred/init(?C) >>>
08:51:45 [INFO] Execution step: Body
08:51:45 [INFO] Saved temporary table: 335 entries (4740)
08:51:45 [INFO] Execution step: Duplicate Elimination (Datalog)
08:51:45 [INFO] Saved permanent table http://rulewerk.semantic-web.org/inferred/subClassOf (115) Permutation { idx_to_val: [], val_to_idx: [] } with 335 entries (9916)
08:51:45 [INFO] Rule duration: 0 ms
08:51:45 [INFO] <<< STEP 116: APPLYING RULE 4 http://rulewerk.semantic-web.org/inferred/subClassOf(?C, ?D1), http://rulewerk.semantic-web.org/inferred/subClassOf(?C, ?D2) :- http://rulewerk.semantic-web.org/inferred/subClassOf(?C, ?Y), http://rulewerk.semantic-web.org/normalForm/conj(?Y, ?D1, ?D2) >>>
08:51:45 [INFO] Execution step: Body
08:51:45 [INFO] Saved temporary table: 31368 entries (333554)
08:51:45 [INFO] Saved temporary table: 47733 entries (399014)
08:51:45 [INFO] Execution step: Duplicate Elimination (Datalog)
08:51:45 [INFO] Saved permanent table http://rulewerk.semantic-web.org/inferred/subClassOf (116) Permutation { idx_to_val: [], val_to_idx: [] } with 5435 entries (63406)
08:51:45 [INFO] Rule duration: 130 ms
08:51:45 [INFO] <<< STEP 117: APPLYING RULE 4 http://rulewerk.semantic-web.org/inferred/subClassOf(?C, ?D1), http://rulewerk.semantic-web.org/inferred/subClassOf(?C, ?D2) :- http://rulewerk.semantic-web.org/inferred/subClassOf(?C, ?Y), http://rulewerk.semantic-web.org/normalForm/conj(?Y, ?D1, ?D2) >>>
08:51:45 [INFO] Execution step: Body
08:51:45 [INFO] Saved temporary table: 330 entries (9828)
08:51:45 [INFO] Saved temporary table: 330 entries (9828)
08:51:45 [INFO] Execution step: Duplicate Elimination (Datalog)
08:51:45 [INFO] Saved permanent table http://rulewerk.semantic-web.org/inferred/subClassOf (117) Permutation { idx_to_val: [], val_to_idx: [] } with 576 entries (13442)
08:51:45 [INFO] Rule duration: 3 ms
08:51:45 [INFO] Execution step: Combining Tables
08:51:45 [INFO] Saved permanent table http://rulewerk.semantic-web.org/inferred/subClassOf (108-119) Permutation { idx_to_val: [], val_to_idx: [] } with 6490 entries (67914)
08:51:45 [INFO] <<< STEP 118: APPLYING RULE 4 http://rulewerk.semantic-web.org/inferred/subClassOf(?C, ?D1), http://rulewerk.semantic-web.org/inferred/subClassOf(?C, ?D2) :- http://rulewerk.semantic-web.org/inferred/subClassOf(?C, ?Y), http://rulewerk.semantic-web.org/normalForm/conj(?Y, ?D1, ?D2) >>>
08:51:45 [INFO] Execution step: Body
08:51:45 [INFO] Saved temporary table: 45 entries (9320)
08:51:45 [INFO] Saved temporary table: 45 entries (9320)
08:51:45 [INFO] Execution step: Duplicate Elimination (Datalog)
08:51:45 [INFO] Saved permanent table http://rulewerk.semantic-web.org/inferred/subClassOf (118) Permutation { idx_to_val: [], val_to_idx: [] } with 76 entries (9492)
08:51:45 [INFO] Rule duration: 0 ms
08:51:45 [INFO] <<< STEP 119: APPLYING RULE 4 http://rulewerk.semantic-web.org/inferred/subClassOf(?C, ?D1), http://rulewerk.semantic-web.org/inferred/subClassOf(?C, ?D2) :- http://rulewerk.semantic-web.org/inferred/subClassOf(?C, ?Y), http://rulewerk.semantic-web.org/normalForm/conj(?Y, ?D1, ?D2) >>>
08:51:45 [INFO] Execution step: Body
08:51:45 [INFO] Saved temporary table: 2 entries (6912)
08:51:45 [INFO] Saved temporary table: 2 entries (6912)
08:51:45 [INFO] Execution step: Duplicate Elimination (Datalog)
08:51:45 [INFO] Saved permanent table http://rulewerk.semantic-web.org/inferred/subClassOf (119) Permutation { idx_to_val: [], val_to_idx: [] } with 3 entries (6964)
08:51:45 [INFO] Rule duration: 0 ms
08:51:45 [INFO] <<< STEP 120: APPLYING RULE 4 http://rulewerk.semantic-web.org/inferred/subClassOf(?C, ?D1), http://rulewerk.semantic-web.org/inferred/subClassOf(?C, ?D2) :- http://rulewerk.semantic-web.org/inferred/subClassOf(?C, ?Y), http://rulewerk.semantic-web.org/normalForm/conj(?Y, ?D1, ?D2) >>>
08:51:45 [INFO] Execution step: Body
08:51:45 [INFO] Trie does not contain any elements
08:51:45 [INFO] Trie does not contain any elements
08:51:45 [INFO] Execution step: Duplicate Elimination (Datalog)
08:51:45 [INFO] Trie does not contain any elements
08:51:45 [INFO] Rule duration: 0 ms
08:51:45 [INFO] <<< STEP 121: APPLYING RULE 5 http://rulewerk.semantic-web.org/inferred/subClassOf(?C, ?I) :- http://rulewerk.semantic-web.org/inferred/subClassOf(?C, ?D1), http://rulewerk.semantic-web.org/inferred/subClassOf(?C, ?D2), http://rulewerk.semantic-web.org/normalForm/conj(?I, ?D1, ?D2), http://rulewerk.semantic-web.org/normalForm/isSubClass(?I) >>>
08:51:45 [INFO] Execution step: Body
08:51:45 [INFO] Saved temporary table: 54925 entries (390138)
08:51:45 [INFO] Execution step: Duplicate Elimination (Datalog)
08:51:45 [INFO] Saved permanent table http://rulewerk.semantic-web.org/inferred/subClassOf (121) Permutation { idx_to_val: [], val_to_idx: [] } with 51723 entries (364550)
08:51:45 [INFO] Rule duration: 322 ms
08:51:45 [INFO] <<< STEP 122: APPLYING RULE 5 http://rulewerk.semantic-web.org/inferred/subClassOf(?C, ?I) :- http://rulewerk.semantic-web.org/inferred/subClassOf(?C, ?D1), http://rulewerk.semantic-web.org/inferred/subClassOf(?C, ?D2), http://rulewerk.semantic-web.org/normalForm/conj(?I, ?D1, ?D2), http://rulewerk.semantic-web.org/normalForm/isSubClass(?I) >>>
08:51:45 [INFO] Execution step: Body
08:51:45 [INFO] Saved temporary table: 2751 entries (44978)
08:51:45 [INFO] Execution step: Duplicate Elimination (Datalog)
08:51:45 [INFO] Saved permanent table http://rulewerk.semantic-web.org/inferred/subClassOf (122) Permutation { idx_to_val: [], val_to_idx: [] } with 2751 entries (45026)
08:51:45 [INFO] Rule duration: 123 ms
08:51:45 [INFO] <<< STEP 123: APPLYING RULE 5 http://rulewerk.semantic-web.org/inferred/subClassOf(?C, ?I) :- http://rulewerk.semantic-web.org/inferred/subClassOf(?C, ?D1), http://rulewerk.semantic-web.org/inferred/subClassOf(?C, ?D2), http://rulewerk.semantic-web.org/normalForm/conj(?I, ?D1, ?D2), http://rulewerk.semantic-web.org/normalForm/isSubClass(?I) >>>
08:51:45 [INFO] Execution step: Body
08:51:45 [INFO] Saved temporary table: 40 entries (8728)
08:51:45 [INFO] Execution step: Duplicate Elimination (Datalog)
08:51:45 [INFO] Saved permanent table http://rulewerk.semantic-web.org/inferred/subClassOf (123) Permutation { idx_to_val: [], val_to_idx: [] } with 40 entries (8776)
08:51:45 [INFO] Rule duration: 30 ms
08:51:45 [INFO] <<< STEP 124: APPLYING RULE 5 http://rulewerk.semantic-web.org/inferred/subClassOf(?C, ?I) :- http://rulewerk.semantic-web.org/inferred/subClassOf(?C, ?D1), http://rulewerk.semantic-web.org/inferred/subClassOf(?C, ?D2), http://rulewerk.semantic-web.org/normalForm/conj(?I, ?D1, ?D2), http://rulewerk.semantic-web.org/normalForm/isSubClass(?I) >>>
08:51:45 [INFO] Execution step: Body
08:51:45 [INFO] Trie does not contain any elements
08:51:45 [INFO] Execution step: Duplicate Elimination (Datalog)
08:51:45 [INFO] Trie does not contain any elements
08:51:45 [INFO] Rule duration: 1 ms
08:51:45 [INFO] <<< STEP 125: APPLYING RULE 6 http://rulewerk.semantic-web.org/inferred/ex(?E, ?R, ?C) :- http://rulewerk.semantic-web.org/inferred/subClassOf(?E, ?Y), http://rulewerk.semantic-web.org/normalForm/exists(?Y, ?R, ?C) >>>
08:51:45 [INFO] Execution step: Body
08:51:45 [INFO] Saved temporary table: 69041 entries (1021508)
08:51:45 [INFO] Execution step: Duplicate Elimination (Datalog)
08:51:45 [INFO] Saved permanent table http://rulewerk.semantic-web.org/inferred/ex (125) Permutation { idx_to_val: [], val_to_idx: [] } with 69041 entries (1021556)
08:51:45 [INFO] Rule duration: 62 ms
08:51:45 [INFO] <<< STEP 126: APPLYING RULE 7 http://rulewerk.semantic-web.org/inferred/subClassOf(?E, ?Y) :- http://rulewerk.semantic-web.org/inferred/ex(?E, ?R, ?C), http://rulewerk.semantic-web.org/inferred/subClassOf(?C, ?D), http://rulewerk.semantic-web.org/normalForm/subProp(?R, ?S), http://rulewerk.semantic-web.org/normalForm/exists(?Y, ?S, ?D), http://rulewerk.semantic-web.org/normalForm/isSubClass(?Y) >>>
08:51:46 [INFO] Execution step: Body
08:51:46 [INFO] Saved temporary table: 137794 entries (760830)
08:51:46 [INFO] Execution step: Duplicate Elimination (Datalog)
08:51:46 [INFO] Saved permanent table http://rulewerk.semantic-web.org/inferred/subClassOf (126) Permutation { idx_to_val: [], val_to_idx: [] } with 58001 entries (395542)
08:51:46 [INFO] Rule duration: 646 ms
08:51:46 [INFO] <<< STEP 127: APPLYING RULE 7 http://rulewerk.semantic-web.org/inferred/subClassOf(?E, ?Y) :- http://rulewerk.semantic-web.org/inferred/ex(?E, ?R, ?C), http://rulewerk.semantic-web.org/inferred/subClassOf(?C, ?D), http://rulewerk.semantic-web.org/normalForm/subProp(?R, ?S), http://rulewerk.semantic-web.org/normalForm/exists(?Y, ?S, ?D), http://rulewerk.semantic-web.org/normalForm/isSubClass(?Y) >>>
08:51:46 [INFO] Execution step: Body
08:51:46 [INFO] Trie does not contain any elements
08:51:46 [INFO] Execution step: Duplicate Elimination (Datalog)
08:51:46 [INFO] Trie does not contain any elements
08:51:46 [INFO] Rule duration: 6 ms
08:51:46 [INFO] <<< STEP 128: APPLYING RULE 8 http://rulewerk.semantic-web.org/inferred/ex(?E, ?S, ?D) :- http://rulewerk.semantic-web.org/inferred/ex(?E, ?R1, ?C), http://rulewerk.semantic-web.org/inferred/ex(?C, ?R2, ?D), http://rulewerk.semantic-web.org/normalForm/subProp(?R1, ?S1), http://rulewerk.semantic-web.org/normalForm/subProp(?R2, ?S2), http://rulewerk.semantic-web.org/normalForm/subPropChain(?S1, ?S2, ?S) >>>
08:51:46 [INFO] Execution step: Body
08:51:46 [INFO] Trie does not contain any elements
08:51:46 [INFO] Execution step: Duplicate Elimination (Datalog)
08:51:46 [INFO] Trie does not contain any elements
08:51:46 [INFO] Rule duration: 34 ms
08:51:46 [INFO] <<< STEP 129: APPLYING RULE 9 http://rulewerk.semantic-web.org/inferred/subClassOf(?C, ?E) :- http://rulewerk.semantic-web.org/inferred/subClassOf(?C, ?D), http://rulewerk.semantic-web.org/normalForm/subClassOf(?D, ?E) >>>
08:51:46 [INFO] Execution step: Body
08:51:46 [INFO] Saved temporary table: 48888 entries (357530)
08:51:46 [INFO] Execution step: Duplicate Elimination (Datalog)
08:51:46 [INFO] Saved permanent table http://rulewerk.semantic-web.org/inferred/subClassOf (129) Permutation { idx_to_val: [], val_to_idx: [] } with 48872 entries (357514)
08:51:46 [INFO] Rule duration: 68 ms
08:51:46 [INFO] <<< STEP 130: APPLYING RULE 9 http://rulewerk.semantic-web.org/inferred/subClassOf(?C, ?E) :- http://rulewerk.semantic-web.org/inferred/subClassOf(?C, ?D), http://rulewerk.semantic-web.org/normalForm/subClassOf(?D, ?E) >>>
08:51:46 [INFO] Execution step: Body
08:51:46 [INFO] Saved temporary table: 55358 entries (383410)
08:51:46 [INFO] Execution step: Duplicate Elimination (Datalog)
08:51:46 [INFO] Saved permanent table http://rulewerk.semantic-web.org/inferred/subClassOf (130) Permutation { idx_to_val: [], val_to_idx: [] } with 7206 entries (88238)
08:51:46 [INFO] Rule duration: 61 ms
08:51:46 [INFO] Execution step: Combining Tables
08:51:46 [INFO] Saved permanent table http://rulewerk.semantic-web.org/inferred/subClassOf (119-132) Permutation { idx_to_val: [], val_to_idx: [] } with 168596 entries (872518)
08:51:46 [INFO] <<< STEP 131: APPLYING RULE 9 http://rulewerk.semantic-web.org/inferred/subClassOf(?C, ?E) :- http://rulewerk.semantic-web.org/inferred/subClassOf(?C, ?D), http://rulewerk.semantic-web.org/normalForm/subClassOf(?D, ?E) >>>
08:51:46 [INFO] Execution step: Body
08:51:46 [INFO] Saved temporary table: 2747 entries (42082)
08:51:46 [INFO] Execution step: Duplicate Elimination (Datalog)
08:51:46 [INFO] Saved permanent table http://rulewerk.semantic-web.org/inferred/subClassOf (131) Permutation { idx_to_val: [], val_to_idx: [] } with 2439 entries (40322)
08:51:46 [INFO] Rule duration: 7 ms
08:51:46 [INFO] <<< STEP 132: APPLYING RULE 9 http://rulewerk.semantic-web.org/inferred/subClassOf(?C, ?E) :- http://rulewerk.semantic-web.org/inferred/subClassOf(?C, ?D), http://rulewerk.semantic-web.org/normalForm/subClassOf(?D, ?E) >>>
08:51:46 [INFO] Execution step: Body
08:51:46 [INFO] Saved temporary table: 4224 entries (47294)
08:51:46 [INFO] Execution step: Duplicate Elimination (Datalog)
08:51:46 [INFO] Saved permanent table http://rulewerk.semantic-web.org/inferred/subClassOf (132) Permutation { idx_to_val: [], val_to_idx: [] } with 4185 entries (47138)
08:51:46 [INFO] Rule duration: 6 ms
08:51:46 [INFO] <<< STEP 133: APPLYING RULE 9 http://rulewerk.semantic-web.org/inferred/subClassOf(?C, ?E) :- http://rulewerk.semantic-web.org/inferred/subClassOf(?C, ?D), http://rulewerk.semantic-web.org/normalForm/subClassOf(?D, ?E) >>>
08:51:46 [INFO] Execution step: Body
08:51:46 [INFO] Saved temporary table: 2431 entries (39978)
08:51:46 [INFO] Execution step: Duplicate Elimination (Datalog)
08:51:46 [INFO] Saved permanent table http://rulewerk.semantic-web.org/inferred/subClassOf (133) Permutation { idx_to_val: [], val_to_idx: [] } with 2342 entries (39646)
08:51:46 [INFO] Rule duration: 6 ms
08:51:46 [INFO] <<< STEP 134: APPLYING RULE 9 http://rulewerk.semantic-web.org/inferred/subClassOf(?C, ?E) :- http://rulewerk.semantic-web.org/inferred/subClassOf(?C, ?D), http://rulewerk.semantic-web.org/normalForm/subClassOf(?D, ?E) >>>
08:51:46 [INFO] Execution step: Body
08:51:46 [INFO] Saved temporary table: 2019 entries (37094)
08:51:46 [INFO] Execution step: Duplicate Elimination (Datalog)
08:51:46 [INFO] Saved permanent table http://rulewerk.semantic-web.org/inferred/subClassOf (134) Permutation { idx_to_val: [], val_to_idx: [] } with 1966 entries (36930)
08:51:46 [INFO] Rule duration: 9 ms
08:51:46 [INFO] <<< STEP 135: APPLYING RULE 9 http://rulewerk.semantic-web.org/inferred/subClassOf(?C, ?E) :- http://rulewerk.semantic-web.org/inferred/subClassOf(?C, ?D), http://rulewerk.semantic-web.org/normalForm/subClassOf(?D, ?E) >>>
08:51:46 [INFO] Execution step: Body
08:51:46 [INFO] Saved temporary table: 1875 entries (34886)
08:51:46 [INFO] Execution step: Duplicate Elimination (Datalog)
08:51:46 [INFO] Saved permanent table http://rulewerk.semantic-web.org/inferred/subClassOf (135) Permutation { idx_to_val: [], val_to_idx: [] } with 1783 entries (34566)
08:51:46 [INFO] Rule duration: 8 ms
08:51:46 [INFO] <<< STEP 136: APPLYING RULE 9 http://rulewerk.semantic-web.org/inferred/subClassOf(?C, ?E) :- http://rulewerk.semantic-web.org/inferred/subClassOf(?C, ?D), http://rulewerk.semantic-web.org/normalForm/subClassOf(?D, ?E) >>>
08:51:46 [INFO] Execution step: Body
08:51:46 [INFO] Saved temporary table: 545 entries (15442)
08:51:46 [INFO] Execution step: Duplicate Elimination (Datalog)
08:51:46 [INFO] Saved permanent table http://rulewerk.semantic-web.org/inferred/subClassOf (136) Permutation { idx_to_val: [], val_to_idx: [] } with 535 entries (15450)
08:51:46 [INFO] Rule duration: 3 ms
08:51:46 [INFO] <<< STEP 137: APPLYING RULE 9 http://rulewerk.semantic-web.org/inferred/subClassOf(?C, ?E) :- http://rulewerk.semantic-web.org/inferred/subClassOf(?C, ?D), http://rulewerk.semantic-web.org/normalForm/subClassOf(?D, ?E) >>>
08:51:46 [INFO] Execution step: Body
08:51:46 [INFO] Saved temporary table: 397 entries (11994)
08:51:46 [INFO] Execution step: Duplicate Elimination (Datalog)
08:51:46 [INFO] Saved permanent table http://rulewerk.semantic-web.org/inferred/subClassOf (137) Permutation { idx_to_val: [], val_to_idx: [] } with 397 entries (12042)
08:51:46 [INFO] Rule duration: 2 ms
08:51:46 [INFO] <<< STEP 138: APPLYING RULE 9 http://rulewerk.semantic-web.org/inferred/subClassOf(?C, ?E) :- http://rulewerk.semantic-web.org/inferred/subClassOf(?C, ?D), http://rulewerk.semantic-web.org/normalForm/subClassOf(?D, ?E) >>>
08:51:46 [INFO] Execution step: Body
08:51:46 [INFO] Saved temporary table: 258 entries (10826)
08:51:46 [INFO] Execution step: Duplicate Elimination (Datalog)
08:51:46 [INFO] Saved permanent table http://rulewerk.semantic-web.org/inferred/subClassOf (138) Permutation { idx_to_val: [], val_to_idx: [] } with 258 entries (10874)
08:51:46 [INFO] Rule duration: 1 ms
08:51:46 [INFO] Execution step: Combining Tables
08:51:46 [INFO] Saved permanent table http://rulewerk.semantic-web.org/inferred/subClassOf (132-140) Permutation { idx_to_val: [], val_to_idx: [] } with 11466 entries (76262)
08:51:46 [INFO] <<< STEP 139: APPLYING RULE 9 http://rulewerk.semantic-web.org/inferred/subClassOf(?C, ?E) :- http://rulewerk.semantic-web.org/inferred/subClassOf(?C, ?D), http://rulewerk.semantic-web.org/normalForm/subClassOf(?D, ?E) >>>
08:51:46 [INFO] Execution step: Body
08:51:46 [INFO] Saved temporary table: 99 entries (8690)
08:51:46 [INFO] Execution step: Duplicate Elimination (Datalog)
08:51:46 [INFO] Saved permanent table http://rulewerk.semantic-web.org/inferred/subClassOf (139) Permutation { idx_to_val: [], val_to_idx: [] } with 99 entries (8738)
08:51:46 [INFO] Rule duration: 0 ms
08:51:46 [INFO] <<< STEP 140: APPLYING RULE 9 http://rulewerk.semantic-web.org/inferred/subClassOf(?C, ?E) :- http://rulewerk.semantic-web.org/inferred/subClassOf(?C, ?D), http://rulewerk.semantic-web.org/normalForm/subClassOf(?D, ?E) >>>
08:51:46 [INFO] Execution step: Body
08:51:46 [INFO] Saved temporary table: 85 entries (7868)
08:51:46 [INFO] Execution step: Duplicate Elimination (Datalog)
08:51:46 [INFO] Saved permanent table http://rulewerk.semantic-web.org/inferred/subClassOf (140) Permutation { idx_to_val: [], val_to_idx: [] } with 85 entries (7916)
08:51:46 [INFO] Rule duration: 0 ms
08:51:46 [INFO] <<< STEP 141: APPLYING RULE 9 http://rulewerk.semantic-web.org/inferred/subClassOf(?C, ?E) :- http://rulewerk.semantic-web.org/inferred/subClassOf(?C, ?D), http://rulewerk.semantic-web.org/normalForm/subClassOf(?D, ?E) >>>
08:51:46 [INFO] Execution step: Body
08:51:46 [INFO] Saved temporary table: 21 entries (7976)
08:51:46 [INFO] Execution step: Duplicate Elimination (Datalog)
08:51:46 [INFO] Saved permanent table http://rulewerk.semantic-web.org/inferred/subClassOf (141) Permutation { idx_to_val: [], val_to_idx: [] } with 21 entries (8024)
08:51:46 [INFO] Rule duration: 0 ms
08:51:46 [INFO] <<< STEP 142: APPLYING RULE 9 http://rulewerk.semantic-web.org/inferred/subClassOf(?C, ?E) :- http://rulewerk.semantic-web.org/inferred/subClassOf(?C, ?D), http://rulewerk.semantic-web.org/normalForm/subClassOf(?D, ?E) >>>
08:51:46 [INFO] Execution step: Body
08:51:46 [INFO] Saved temporary table: 3 entries (6968)
08:51:46 [INFO] Execution step: Duplicate Elimination (Datalog)
08:51:46 [INFO] Saved permanent table http://rulewerk.semantic-web.org/inferred/subClassOf (142) Permutation { idx_to_val: [], val_to_idx: [] } with 3 entries (7016)
08:51:46 [INFO] Rule duration: 0 ms
08:51:46 [INFO] <<< STEP 143: APPLYING RULE 9 http://rulewerk.semantic-web.org/inferred/subClassOf(?C, ?E) :- http://rulewerk.semantic-web.org/inferred/subClassOf(?C, ?D), http://rulewerk.semantic-web.org/normalForm/subClassOf(?D, ?E) >>>
08:51:46 [INFO] Execution step: Body
08:51:46 [INFO] Saved temporary table: 6 entries (6928)
08:51:46 [INFO] Execution step: Duplicate Elimination (Datalog)
08:51:46 [INFO] Saved permanent table http://rulewerk.semantic-web.org/inferred/subClassOf (143) Permutation { idx_to_val: [], val_to_idx: [] } with 6 entries (6976)
08:51:46 [INFO] Rule duration: 0 ms
08:51:46 [INFO] <<< STEP 144: APPLYING RULE 9 http://rulewerk.semantic-web.org/inferred/subClassOf(?C, ?E) :- http://rulewerk.semantic-web.org/inferred/subClassOf(?C, ?D), http://rulewerk.semantic-web.org/normalForm/subClassOf(?D, ?E) >>>
08:51:46 [INFO] Execution step: Body
08:51:46 [INFO] Saved temporary table: 2 entries (6912)
08:51:46 [INFO] Execution step: Duplicate Elimination (Datalog)
08:51:46 [INFO] Saved permanent table http://rulewerk.semantic-web.org/inferred/subClassOf (144) Permutation { idx_to_val: [], val_to_idx: [] } with 2 entries (6960)
08:51:46 [INFO] Rule duration: 0 ms
08:51:46 [INFO] <<< STEP 145: APPLYING RULE 9 http://rulewerk.semantic-web.org/inferred/subClassOf(?C, ?E) :- http://rulewerk.semantic-web.org/inferred/subClassOf(?C, ?D), http://rulewerk.semantic-web.org/normalForm/subClassOf(?D, ?E) >>>
08:51:46 [INFO] Execution step: Body
08:51:46 [INFO] Saved temporary table: 2 entries (6912)
08:51:46 [INFO] Execution step: Duplicate Elimination (Datalog)
08:51:46 [INFO] Saved permanent table http://rulewerk.semantic-web.org/inferred/subClassOf (145) Permutation { idx_to_val: [], val_to_idx: [] } with 2 entries (6960)
08:51:46 [INFO] Rule duration: 0 ms
08:51:46 [INFO] <<< STEP 146: APPLYING RULE 9 http://rulewerk.semantic-web.org/inferred/subClassOf(?C, ?E) :- http://rulewerk.semantic-web.org/inferred/subClassOf(?C, ?D), http://rulewerk.semantic-web.org/normalForm/subClassOf(?D, ?E) >>>
08:51:46 [INFO] Execution step: Body
08:51:46 [INFO] Saved temporary table: 6 entries (6928)
08:51:46 [INFO] Execution step: Duplicate Elimination (Datalog)
08:51:46 [INFO] Saved permanent table http://rulewerk.semantic-web.org/inferred/subClassOf (146) Permutation { idx_to_val: [], val_to_idx: [] } with 6 entries (6976)
08:51:46 [INFO] Rule duration: 0 ms
08:51:46 [INFO] Execution step: Combining Tables
08:51:46 [INFO] Saved permanent table http://rulewerk.semantic-web.org/inferred/subClassOf (140-148) Permutation { idx_to_val: [], val_to_idx: [] } with 125 entries (8698)
08:51:46 [INFO] <<< STEP 147: APPLYING RULE 9 http://rulewerk.semantic-web.org/inferred/subClassOf(?C, ?E) :- http://rulewerk.semantic-web.org/inferred/subClassOf(?C, ?D), http://rulewerk.semantic-web.org/normalForm/subClassOf(?D, ?E) >>>
08:51:46 [INFO] Execution step: Body
08:51:46 [INFO] Saved temporary table: 2 entries (6912)
08:51:46 [INFO] Execution step: Duplicate Elimination (Datalog)
08:51:46 [INFO] Saved permanent table http://rulewerk.semantic-web.org/inferred/subClassOf (147) Permutation { idx_to_val: [], val_to_idx: [] } with 2 entries (6960)
08:51:46 [INFO] Rule duration: 0 ms
08:51:46 [INFO] <<< STEP 148: APPLYING RULE 9 http://rulewerk.semantic-web.org/inferred/subClassOf(?C, ?E) :- http://rulewerk.semantic-web.org/inferred/subClassOf(?C, ?D), http://rulewerk.semantic-web.org/normalForm/subClassOf(?D, ?E) >>>
08:51:46 [INFO] Execution step: Body
08:51:46 [INFO] Saved temporary table: 2 entries (6912)
08:51:46 [INFO] Execution step: Duplicate Elimination (Datalog)
08:51:46 [INFO] Saved permanent table http://rulewerk.semantic-web.org/inferred/subClassOf (148) Permutation { idx_to_val: [], val_to_idx: [] } with 2 entries (6960)
08:51:46 [INFO] Rule duration: 0 ms
08:51:46 [INFO] <<< STEP 149: APPLYING RULE 9 http://rulewerk.semantic-web.org/inferred/subClassOf(?C, ?E) :- http://rulewerk.semantic-web.org/inferred/subClassOf(?C, ?D), http://rulewerk.semantic-web.org/normalForm/subClassOf(?D, ?E) >>>
08:51:46 [INFO] Execution step: Body
08:51:46 [INFO] Saved temporary table: 2 entries (6912)
08:51:46 [INFO] Execution step: Duplicate Elimination (Datalog)
08:51:46 [INFO] Saved permanent table http://rulewerk.semantic-web.org/inferred/subClassOf (149) Permutation { idx_to_val: [], val_to_idx: [] } with 2 entries (6960)
08:51:46 [INFO] Rule duration: 0 ms
08:51:46 [INFO] <<< STEP 150: APPLYING RULE 9 http://rulewerk.semantic-web.org/inferred/subClassOf(?C, ?E) :- http://rulewerk.semantic-web.org/inferred/subClassOf(?C, ?D), http://rulewerk.semantic-web.org/normalForm/subClassOf(?D, ?E) >>>
08:51:46 [INFO] Execution step: Body
08:51:46 [INFO] Trie does not contain any elements
08:51:46 [INFO] Execution step: Duplicate Elimination (Datalog)
08:51:46 [INFO] Trie does not contain any elements
08:51:46 [INFO] Rule duration: 0 ms
08:51:46 [INFO] <<< STEP 151: APPLYING RULE 10 http://rulewerk.semantic-web.org/inferred/subClassOf(?E, "<http://www.w3.org/2002/07/owl#Nothing>") :- http://rulewerk.semantic-web.org/inferred/ex(?E, ?R, ?C), http://rulewerk.semantic-web.org/inferred/subClassOf(?C, ?_BODY_1), Equal(?_BODY_1, "<http://www.w3.org/2002/07/owl#Nothing>") >>>
08:51:46 [INFO] Execution step: Body
08:51:46 [INFO] Trie does not contain any elements
08:51:46 [INFO] Execution step: Duplicate Elimination (Datalog)
08:51:46 [INFO] Trie does not contain any elements
08:51:46 [INFO] Rule duration: 15 ms
08:51:46 [INFO] <<< STEP 152: APPLYING RULE 1 http://rulewerk.semantic-web.org/inferred/init(?C) :- http://rulewerk.semantic-web.org/inferred/ex(?E, ?R, ?C) >>>
08:51:46 [INFO] Execution step: Body
08:51:46 [INFO] Saved temporary table: 1677 entries (10108)
08:51:46 [INFO] Execution step: Duplicate Elimination (Datalog)
08:51:46 [INFO] Saved permanent table http://rulewerk.semantic-web.org/inferred/init (152) Permutation { idx_to_val: [], val_to_idx: [] } with 92 entries (3816)
08:51:46 [INFO] Rule duration: 33 ms
08:51:46 [INFO] <<< STEP 153: APPLYING RULE 2 http://rulewerk.semantic-web.org/inferred/subClassOf(?C, ?C) :- http://rulewerk.semantic-web.org/inferred/init(?C) >>>
08:51:46 [INFO] Execution step: Body
08:51:46 [INFO] Saved temporary table: 92 entries (3768)
08:51:46 [INFO] Execution step: Duplicate Elimination (Datalog)
08:51:46 [INFO] Saved permanent table http://rulewerk.semantic-web.org/inferred/subClassOf (153) Permutation { idx_to_val: [], val_to_idx: [] } with 92 entries (7972)
08:51:46 [INFO] Rule duration: 0 ms
08:51:46 [INFO] <<< STEP 154: APPLYING RULE 4 http://rulewerk.semantic-web.org/inferred/subClassOf(?C, ?D1), http://rulewerk.semantic-web.org/inferred/subClassOf(?C, ?D2) :- http://rulewerk.semantic-web.org/inferred/subClassOf(?C, ?Y), http://rulewerk.semantic-web.org/normalForm/conj(?Y, ?D1, ?D2) >>>
08:51:46 [INFO] Execution step: Body
08:51:46 [INFO] Saved temporary table: 31710 entries (292034)
08:51:46 [INFO] Saved temporary table: 45444 entries (346970)
08:51:46 [INFO] Execution step: Duplicate Elimination (Datalog)
08:51:47 [INFO] Saved permanent table http://rulewerk.semantic-web.org/inferred/subClassOf (154) Permutation { idx_to_val: [], val_to_idx: [] } with 1875 entries (26534)
08:51:47 [INFO] Rule duration: 102 ms
08:51:47 [INFO] <<< STEP 155: APPLYING RULE 4 http://rulewerk.semantic-web.org/inferred/subClassOf(?C, ?D1), http://rulewerk.semantic-web.org/inferred/subClassOf(?C, ?D2) :- http://rulewerk.semantic-web.org/inferred/subClassOf(?C, ?Y), http://rulewerk.semantic-web.org/normalForm/conj(?Y, ?D1, ?D2) >>>
08:51:47 [INFO] Execution step: Body
08:51:47 [INFO] Saved temporary table: 50 entries (7588)
08:51:47 [INFO] Saved temporary table: 50 entries (7588)
08:51:47 [INFO] Execution step: Duplicate Elimination (Datalog)
08:51:47 [INFO] Saved permanent table http://rulewerk.semantic-web.org/inferred/subClassOf (155) Permutation { idx_to_val: [], val_to_idx: [] } with 86 entries (8122)
08:51:47 [INFO] Rule duration: 1 ms
08:51:47 [INFO] <<< STEP 156: APPLYING RULE 4 http://rulewerk.semantic-web.org/inferred/subClassOf(?C, ?D1), http://rulewerk.semantic-web.org/inferred/subClassOf(?C, ?D2) :- http://rulewerk.semantic-web.org/inferred/subClassOf(?C, ?Y), http://rulewerk.semantic-web.org/normalForm/conj(?Y, ?D1, ?D2) >>>
08:51:47 [INFO] Execution step: Body
08:51:47 [INFO] Saved temporary table: 7 entries (7192)
08:51:47 [INFO] Saved temporary table: 7 entries (7192)
08:51:47 [INFO] Execution step: Duplicate Elimination (Datalog)
08:51:47 [INFO] Saved permanent table http://rulewerk.semantic-web.org/inferred/subClassOf (156) Permutation { idx_to_val: [], val_to_idx: [] } with 9 entries (7248)
08:51:47 [INFO] Rule duration: 0 ms
08:51:47 [INFO] <<< STEP 157: APPLYING RULE 4 http://rulewerk.semantic-web.org/inferred/subClassOf(?C, ?D1), http://rulewerk.semantic-web.org/inferred/subClassOf(?C, ?D2) :- http://rulewerk.semantic-web.org/inferred/subClassOf(?C, ?Y), http://rulewerk.semantic-web.org/normalForm/conj(?Y, ?D1, ?D2) >>>
08:51:47 [INFO] Execution step: Body
08:51:47 [INFO] Trie does not contain any elements
08:51:47 [INFO] Trie does not contain any elements
08:51:47 [INFO] Execution step: Duplicate Elimination (Datalog)
08:51:47 [INFO] Trie does not contain any elements
08:51:47 [INFO] Rule duration: 0 ms
08:51:47 [INFO] <<< STEP 158: APPLYING RULE 5 http://rulewerk.semantic-web.org/inferred/subClassOf(?C, ?I) :- http://rulewerk.semantic-web.org/inferred/subClassOf(?C, ?D1), http://rulewerk.semantic-web.org/inferred/subClassOf(?C, ?D2), http://rulewerk.semantic-web.org/normalForm/conj(?I, ?D1, ?D2), http://rulewerk.semantic-web.org/normalForm/isSubClass(?I) >>>
08:51:47 [INFO] Execution step: Body
08:51:47 [INFO] Saved temporary table: 54918 entries (353726)
08:51:47 [INFO] Execution step: Duplicate Elimination (Datalog)
08:51:47 [INFO] Saved permanent table http://rulewerk.semantic-web.org/inferred/subClassOf (158) Permutation { idx_to_val: [], val_to_idx: [] } with 53873 entries (346030)
08:51:47 [INFO] Rule duration: 400 ms
08:51:47 [INFO] Execution step: Combining Tables
08:51:47 [INFO] Saved permanent table http://rulewerk.semantic-web.org/inferred/subClassOf (148-160) Permutation { idx_to_val: [], val_to_idx: [] } with 55939 entries (357858)
08:51:47 [INFO] <<< STEP 159: APPLYING RULE 5 http://rulewerk.semantic-web.org/inferred/subClassOf(?C, ?I) :- http://rulewerk.semantic-web.org/inferred/subClassOf(?C, ?D1), http://rulewerk.semantic-web.org/inferred/subClassOf(?C, ?D2), http://rulewerk.semantic-web.org/normalForm/conj(?I, ?D1, ?D2), http://rulewerk.semantic-web.org/normalForm/isSubClass(?I) >>>
08:51:47 [INFO] Execution step: Body
08:51:47 [INFO] Saved temporary table: 3356 entries (53110)
08:51:47 [INFO] Execution step: Duplicate Elimination (Datalog)
08:51:47 [INFO] Saved permanent table http://rulewerk.semantic-web.org/inferred/subClassOf (159) Permutation { idx_to_val: [], val_to_idx: [] } with 3356 entries (53158)
08:51:47 [INFO] Rule duration: 168 ms
08:51:47 [INFO] <<< STEP 160: APPLYING RULE 5 http://rulewerk.semantic-web.org/inferred/subClassOf(?C, ?I) :- http://rulewerk.semantic-web.org/inferred/subClassOf(?C, ?D1), http://rulewerk.semantic-web.org/inferred/subClassOf(?C, ?D2), http://rulewerk.semantic-web.org/normalForm/conj(?I, ?D1, ?D2), http://rulewerk.semantic-web.org/normalForm/isSubClass(?I) >>>
08:51:47 [INFO] Execution step: Body
08:51:47 [INFO] Saved temporary table: 28 entries (8264)
08:51:47 [INFO] Execution step: Duplicate Elimination (Datalog)
08:51:47 [INFO] Saved permanent table http://rulewerk.semantic-web.org/inferred/subClassOf (160) Permutation { idx_to_val: [], val_to_idx: [] } with 28 entries (8312)
08:51:47 [INFO] Rule duration: 54 ms
08:51:47 [INFO] <<< STEP 161: APPLYING RULE 5 http://rulewerk.semantic-web.org/inferred/subClassOf(?C, ?I) :- http://rulewerk.semantic-web.org/inferred/subClassOf(?C, ?D1), http://rulewerk.semantic-web.org/inferred/subClassOf(?C, ?D2), http://rulewerk.semantic-web.org/normalForm/conj(?I, ?D1, ?D2), http://rulewerk.semantic-web.org/normalForm/isSubClass(?I) >>>
08:51:47 [INFO] Execution step: Body
08:51:47 [INFO] Saved temporary table: 3 entries (6864)
08:51:47 [INFO] Execution step: Duplicate Elimination (Datalog)
08:51:47 [INFO] Saved permanent table http://rulewerk.semantic-web.org/inferred/subClassOf (161) Permutation { idx_to_val: [], val_to_idx: [] } with 3 entries (6912)
08:51:47 [INFO] Rule duration: 1 ms
08:51:47 [INFO] <<< STEP 162: APPLYING RULE 5 http://rulewerk.semantic-web.org/inferred/subClassOf(?C, ?I) :- http://rulewerk.semantic-web.org/inferred/subClassOf(?C, ?D1), http://rulewerk.semantic-web.org/inferred/subClassOf(?C, ?D2), http://rulewerk.semantic-web.org/normalForm/conj(?I, ?D1, ?D2), http://rulewerk.semantic-web.org/normalForm/isSubClass(?I) >>>
08:51:47 [INFO] Execution step: Body
08:51:47 [INFO] Trie does not contain any elements
08:51:47 [INFO] Execution step: Duplicate Elimination (Datalog)
08:51:47 [INFO] Trie does not contain any elements
08:51:47 [INFO] Rule duration: 0 ms
08:51:47 [INFO] <<< STEP 163: APPLYING RULE 6 http://rulewerk.semantic-web.org/inferred/ex(?E, ?R, ?C) :- http://rulewerk.semantic-web.org/inferred/subClassOf(?E, ?Y), http://rulewerk.semantic-web.org/normalForm/exists(?Y, ?R, ?C) >>>
08:51:47 [INFO] Execution step: Body
08:51:47 [INFO] Saved temporary table: 66419 entries (979400)
08:51:47 [INFO] Execution step: Duplicate Elimination (Datalog)
08:51:47 [INFO] Saved permanent table http://rulewerk.semantic-web.org/inferred/ex (163) Permutation { idx_to_val: [], val_to_idx: [] } with 66419 entries (979448)
08:51:47 [INFO] Rule duration: 93 ms
08:51:47 [INFO] <<< STEP 164: APPLYING RULE 7 http://rulewerk.semantic-web.org/inferred/subClassOf(?E, ?Y) :- http://rulewerk.semantic-web.org/inferred/ex(?E, ?R, ?C), http://rulewerk.semantic-web.org/inferred/subClassOf(?C, ?D), http://rulewerk.semantic-web.org/normalForm/subProp(?R, ?S), http://rulewerk.semantic-web.org/normalForm/exists(?Y, ?S, ?D), http://rulewerk.semantic-web.org/normalForm/isSubClass(?Y) >>>
08:51:47 [INFO] Execution step: Body
08:51:48 [INFO] Saved temporary table: 104301 entries (595250)
08:51:48 [INFO] Execution step: Duplicate Elimination (Datalog)
08:51:48 [INFO] Saved permanent table http://rulewerk.semantic-web.org/inferred/subClassOf (164) Permutation { idx_to_val: [], val_to_idx: [] } with 18110 entries (160162)
08:51:48 [INFO] Rule duration: 409 ms
08:51:48 [INFO] <<< STEP 165: APPLYING RULE 7 http://rulewerk.semantic-web.org/inferred/subClassOf(?E, ?Y) :- http://rulewerk.semantic-web.org/inferred/ex(?E, ?R, ?C), http://rulewerk.semantic-web.org/inferred/subClassOf(?C, ?D), http://rulewerk.semantic-web.org/normalForm/subProp(?R, ?S), http://rulewerk.semantic-web.org/normalForm/exists(?Y, ?S, ?D), http://rulewerk.semantic-web.org/normalForm/isSubClass(?Y) >>>
08:51:48 [INFO] Execution step: Body
08:51:48 [INFO] Trie does not contain any elements
08:51:48 [INFO] Execution step: Duplicate Elimination (Datalog)
08:51:48 [INFO] Trie does not contain any elements
08:51:48 [INFO] Rule duration: 2 ms
08:51:48 [INFO] <<< STEP 166: APPLYING RULE 8 http://rulewerk.semantic-web.org/inferred/ex(?E, ?S, ?D) :- http://rulewerk.semantic-web.org/inferred/ex(?E, ?R1, ?C), http://rulewerk.semantic-web.org/inferred/ex(?C, ?R2, ?D), http://rulewerk.semantic-web.org/normalForm/subProp(?R1, ?S1), http://rulewerk.semantic-web.org/normalForm/subProp(?R2, ?S2), http://rulewerk.semantic-web.org/normalForm/subPropChain(?S1, ?S2, ?S) >>>
08:51:48 [INFO] Execution step: Body
08:51:48 [INFO] Trie does not contain any elements
08:51:48 [INFO] Execution step: Duplicate Elimination (Datalog)
08:51:48 [INFO] Trie does not contain any elements
08:51:48 [INFO] Rule duration: 19 ms
08:51:48 [INFO] <<< STEP 167: APPLYING RULE 9 http://rulewerk.semantic-web.org/inferred/subClassOf(?C, ?E) :- http://rulewerk.semantic-web.org/inferred/subClassOf(?C, ?D), http://rulewerk.semantic-web.org/normalForm/subClassOf(?D, ?E) >>>
08:51:48 [INFO] Execution step: Body
08:51:48 [INFO] Saved temporary table: 46213 entries (313722)
08:51:48 [INFO] Execution step: Duplicate Elimination (Datalog)
08:51:48 [INFO] Saved permanent table http://rulewerk.semantic-web.org/inferred/subClassOf (167) Permutation { idx_to_val: [], val_to_idx: [] } with 46209 entries (313754)
08:51:48 [INFO] Rule duration: 52 ms
08:51:48 [INFO] <<< STEP 168: APPLYING RULE 9 http://rulewerk.semantic-web.org/inferred/subClassOf(?C, ?E) :- http://rulewerk.semantic-web.org/inferred/subClassOf(?C, ?D), http://rulewerk.semantic-web.org/normalForm/subClassOf(?D, ?E) >>>
08:51:48 [INFO] Execution step: Body
08:51:48 [INFO] Saved temporary table: 50609 entries (331306)
08:51:48 [INFO] Execution step: Duplicate Elimination (Datalog)
08:51:48 [INFO] Saved permanent table http://rulewerk.semantic-web.org/inferred/subClassOf (168) Permutation { idx_to_val: [], val_to_idx: [] } with 4055 entries (56674)
08:51:48 [INFO] Rule duration: 60 ms
08:51:48 [INFO] <<< STEP 169: APPLYING RULE 9 http://rulewerk.semantic-web.org/inferred/subClassOf(?C, ?E) :- http://rulewerk.semantic-web.org/inferred/subClassOf(?C, ?D), http://rulewerk.semantic-web.org/normalForm/subClassOf(?D, ?E) >>>
08:51:48 [INFO] Execution step: Body
08:51:48 [INFO] Saved temporary table: 989 entries (19990)
08:51:48 [INFO] Execution step: Duplicate Elimination (Datalog)
08:51:48 [INFO] Saved permanent table http://rulewerk.semantic-web.org/inferred/subClassOf (169) Permutation { idx_to_val: [], val_to_idx: [] } with 897 entries (19322)
08:51:48 [INFO] Rule duration: 4 ms
08:51:48 [INFO] <<< STEP 170: APPLYING RULE 9 http://rulewerk.semantic-web.org/inferred/subClassOf(?C, ?E) :- http://rulewerk.semantic-web.org/inferred/subClassOf(?C, ?D), http://rulewerk.semantic-web.org/normalForm/subClassOf(?D, ?E) >>>
08:51:48 [INFO] Execution step: Body
08:51:48 [INFO] Saved temporary table: 1692 entries (22418)
08:51:48 [INFO] Execution step: Duplicate Elimination (Datalog)
08:51:48 [INFO] Saved permanent table http://rulewerk.semantic-web.org/inferred/subClassOf (170) Permutation { idx_to_val: [], val_to_idx: [] } with 1688 entries (22450)
08:51:48 [INFO] Rule duration: 3 ms
08:51:48 [INFO] Execution step: Combining Tables
08:51:48 [INFO] Saved permanent table http://rulewerk.semantic-web.org/inferred/subClassOf (160-172) Permutation { idx_to_val: [], val_to_idx: [] } with 70990 entries (427458)
08:51:48 [INFO] <<< STEP 171: APPLYING RULE 9 http://rulewerk.semantic-web.org/inferred/subClassOf(?C, ?E) :- http://rulewerk.semantic-web.org/inferred/subClassOf(?C, ?D), http://rulewerk.semantic-web.org/normalForm/subClassOf(?D, ?E) >>>
08:51:48 [INFO] Execution step: Body
08:51:48 [INFO] Saved temporary table: 744 entries (18530)
08:51:48 [INFO] Execution step: Duplicate Elimination (Datalog)
08:51:48 [INFO] Saved permanent table http://rulewerk.semantic-web.org/inferred/subClassOf (171) Permutation { idx_to_val: [], val_to_idx: [] } with 737 entries (18550)
08:51:48 [INFO] Rule duration: 3 ms
08:51:48 [INFO] <<< STEP 172: APPLYING RULE 9 http://rulewerk.semantic-web.org/inferred/subClassOf(?C, ?E) :- http://rulewerk.semantic-web.org/inferred/subClassOf(?C, ?D), http://rulewerk.semantic-web.org/normalForm/subClassOf(?D, ?E) >>>
08:51:48 [INFO] Execution step: Body
08:51:48 [INFO] Saved temporary table: 706 entries (18198)
08:51:48 [INFO] Execution step: Duplicate Elimination (Datalog)
08:51:48 [INFO] Saved permanent table http://rulewerk.semantic-web.org/inferred/subClassOf (172) Permutation { idx_to_val: [], val_to_idx: [] } with 704 entries (18238)
08:51:48 [INFO] Rule duration: 3 ms
08:51:48 [INFO] <<< STEP 173: APPLYING RULE 9 http://rulewerk.semantic-web.org/inferred/subClassOf(?C, ?E) :- http://rulewerk.semantic-web.org/inferred/subClassOf(?C, ?D), http://rulewerk.semantic-web.org/normalForm/subClassOf(?D, ?E) >>>
08:51:48 [INFO] Execution step: Body
08:51:48 [INFO] Saved temporary table: 632 entries (16990)
08:51:48 [INFO] Execution step: Duplicate Elimination (Datalog)
08:51:48 [INFO] Saved permanent table http://rulewerk.semantic-web.org/inferred/subClassOf (173) Permutation { idx_to_val: [], val_to_idx: [] } with 619 entries (12228)
08:51:48 [INFO] Rule duration: 2 ms
08:51:48 [INFO] <<< STEP 174: APPLYING RULE 9 http://rulewerk.semantic-web.org/inferred/subClassOf(?C, ?E) :- http://rulewerk.semantic-web.org/inferred/subClassOf(?C, ?D), http://rulewerk.semantic-web.org/normalForm/subClassOf(?D, ?E) >>>
08:51:48 [INFO] Execution step: Body
08:51:48 [INFO] Saved temporary table: 102 entries (8714)
08:51:48 [INFO] Execution step: Duplicate Elimination (Datalog)
08:51:48 [INFO] Saved permanent table http://rulewerk.semantic-web.org/inferred/subClassOf (174) Permutation { idx_to_val: [], val_to_idx: [] } with 102 entries (8762)
08:51:48 [INFO] Rule duration: 0 ms
08:51:48 [INFO] <<< STEP 175: APPLYING RULE 9 http://rulewerk.semantic-web.org/inferred/subClassOf(?C, ?E) :- http://rulewerk.semantic-web.org/inferred/subClassOf(?C, ?D), http://rulewerk.semantic-web.org/normalForm/subClassOf(?D, ?E) >>>
08:51:48 [INFO] Execution step: Body
08:51:48 [INFO] Saved temporary table: 37 entries (8456)
08:51:48 [INFO] Execution step: Duplicate Elimination (Datalog)
08:51:48 [INFO] Saved permanent table http://rulewerk.semantic-web.org/inferred/subClassOf (175) Permutation { idx_to_val: [], val_to_idx: [] } with 37 entries (8504)
08:51:48 [INFO] Rule duration: 0 ms
08:51:48 [INFO] <<< STEP 176: APPLYING RULE 9 http://rulewerk.semantic-web.org/inferred/subClassOf(?C, ?E) :- http://rulewerk.semantic-web.org/inferred/subClassOf(?C, ?D), http://rulewerk.semantic-web.org/normalForm/subClassOf(?D, ?E) >>>
08:51:48 [INFO] Execution step: Body
08:51:48 [INFO] Saved temporary table: 22 entries (8032)
08:51:48 [INFO] Execution step: Duplicate Elimination (Datalog)
08:51:48 [INFO] Saved permanent table http://rulewerk.semantic-web.org/inferred/subClassOf (176) Permutation { idx_to_val: [], val_to_idx: [] } with 22 entries (8080)
08:51:48 [INFO] Rule duration: 0 ms
08:51:48 [INFO] <<< STEP 177: APPLYING RULE 9 http://rulewerk.semantic-web.org/inferred/subClassOf(?C, ?E) :- http://rulewerk.semantic-web.org/inferred/subClassOf(?C, ?D), http://rulewerk.semantic-web.org/normalForm/subClassOf(?D, ?E) >>>
08:51:48 [INFO] Execution step: Body
08:51:48 [INFO] Saved temporary table: 7 entries (7192)
08:51:48 [INFO] Execution step: Duplicate Elimination (Datalog)
08:51:48 [INFO] Saved permanent table http://rulewerk.semantic-web.org/inferred/subClassOf (177) Permutation { idx_to_val: [], val_to_idx: [] } with 7 entries (7240)
08:51:48 [INFO] Rule duration: 0 ms
08:51:48 [INFO] <<< STEP 178: APPLYING RULE 9 http://rulewerk.semantic-web.org/inferred/subClassOf(?C, ?E) :- http://rulewerk.semantic-web.org/inferred/subClassOf(?C, ?D), http://rulewerk.semantic-web.org/normalForm/subClassOf(?D, ?E) >>>
08:51:48 [INFO] Execution step: Body
08:51:48 [INFO] Saved temporary table: 5 entries (7080)
08:51:48 [INFO] Execution step: Duplicate Elimination (Datalog)
08:51:48 [INFO] Saved permanent table http://rulewerk.semantic-web.org/inferred/subClassOf (178) Permutation { idx_to_val: [], val_to_idx: [] } with 5 entries (7128)
08:51:48 [INFO] Rule duration: 0 ms
08:51:48 [INFO] Execution step: Combining Tables
08:51:48 [INFO] Saved permanent table http://rulewerk.semantic-web.org/inferred/subClassOf (172-180) Permutation { idx_to_val: [], val_to_idx: [] } with 1496 entries (21406)
08:51:48 [INFO] <<< STEP 179: APPLYING RULE 9 http://rulewerk.semantic-web.org/inferred/subClassOf(?C, ?E) :- http://rulewerk.semantic-web.org/inferred/subClassOf(?C, ?D), http://rulewerk.semantic-web.org/normalForm/subClassOf(?D, ?E) >>>
08:51:48 [INFO] Execution step: Body
08:51:48 [INFO] Saved temporary table: 1 entries (6856)
08:51:48 [INFO] Execution step: Duplicate Elimination (Datalog)
08:51:48 [INFO] Saved permanent table http://rulewerk.semantic-web.org/inferred/subClassOf (179) Permutation { idx_to_val: [], val_to_idx: [] } with 1 entries (6904)
08:51:48 [INFO] Rule duration: 0 ms
08:51:48 [INFO] <<< STEP 180: APPLYING RULE 9 http://rulewerk.semantic-web.org/inferred/subClassOf(?C, ?E) :- http://rulewerk.semantic-web.org/inferred/subClassOf(?C, ?D), http://rulewerk.semantic-web.org/normalForm/subClassOf(?D, ?E) >>>
08:51:48 [INFO] Execution step: Body
08:51:48 [INFO] Saved temporary table: 1 entries (6856)
08:51:48 [INFO] Execution step: Duplicate Elimination (Datalog)
08:51:48 [INFO] Saved permanent table http://rulewerk.semantic-web.org/inferred/subClassOf (180) Permutation { idx_to_val: [], val_to_idx: [] } with 1 entries (6904)
08:51:48 [INFO] Rule duration: 0 ms
08:51:48 [INFO] <<< STEP 181: APPLYING RULE 9 http://rulewerk.semantic-web.org/inferred/subClassOf(?C, ?E) :- http://rulewerk.semantic-web.org/inferred/subClassOf(?C, ?D), http://rulewerk.semantic-web.org/normalForm/subClassOf(?D, ?E) >>>
08:51:48 [INFO] Execution step: Body
08:51:48 [INFO] Saved temporary table: 3 entries (6864)
08:51:48 [INFO] Execution step: Duplicate Elimination (Datalog)
08:51:48 [INFO] Saved permanent table http://rulewerk.semantic-web.org/inferred/subClassOf (181) Permutation { idx_to_val: [], val_to_idx: [] } with 3 entries (6912)
08:51:48 [INFO] Rule duration: 0 ms
08:51:48 [INFO] <<< STEP 182: APPLYING RULE 9 http://rulewerk.semantic-web.org/inferred/subClassOf(?C, ?E) :- http://rulewerk.semantic-web.org/inferred/subClassOf(?C, ?D), http://rulewerk.semantic-web.org/normalForm/subClassOf(?D, ?E) >>>
08:51:48 [INFO] Execution step: Body
08:51:48 [INFO] Saved temporary table: 1 entries (6856)
08:51:48 [INFO] Execution step: Duplicate Elimination (Datalog)
08:51:48 [INFO] Saved permanent table http://rulewerk.semantic-web.org/inferred/subClassOf (182) Permutation { idx_to_val: [], val_to_idx: [] } with 1 entries (6904)
08:51:48 [INFO] Rule duration: 0 ms
08:51:48 [INFO] <<< STEP 183: APPLYING RULE 9 http://rulewerk.semantic-web.org/inferred/subClassOf(?C, ?E) :- http://rulewerk.semantic-web.org/inferred/subClassOf(?C, ?D), http://rulewerk.semantic-web.org/normalForm/subClassOf(?D, ?E) >>>
08:51:48 [INFO] Execution step: Body
08:51:48 [INFO] Saved temporary table: 1 entries (6856)
08:51:48 [INFO] Execution step: Duplicate Elimination (Datalog)
08:51:48 [INFO] Saved permanent table http://rulewerk.semantic-web.org/inferred/subClassOf (183) Permutation { idx_to_val: [], val_to_idx: [] } with 1 entries (6904)
08:51:48 [INFO] Rule duration: 0 ms
08:51:48 [INFO] <<< STEP 184: APPLYING RULE 9 http://rulewerk.semantic-web.org/inferred/subClassOf(?C, ?E) :- http://rulewerk.semantic-web.org/inferred/subClassOf(?C, ?D), http://rulewerk.semantic-web.org/normalForm/subClassOf(?D, ?E) >>>
08:51:48 [INFO] Execution step: Body
08:51:48 [INFO] Saved temporary table: 3 entries (6864)
08:51:48 [INFO] Execution step: Duplicate Elimination (Datalog)
08:51:48 [INFO] Saved permanent table http://rulewerk.semantic-web.org/inferred/subClassOf (184) Permutation { idx_to_val: [], val_to_idx: [] } with 3 entries (6912)
08:51:48 [INFO] Rule duration: 0 ms
08:51:48 [INFO] <<< STEP 185: APPLYING RULE 9 http://rulewerk.semantic-web.org/inferred/subClassOf(?C, ?E) :- http://rulewerk.semantic-web.org/inferred/subClassOf(?C, ?D), http://rulewerk.semantic-web.org/normalForm/subClassOf(?D, ?E) >>>
08:51:48 [INFO] Execution step: Body
08:51:48 [INFO] Saved temporary table: 1 entries (6856)
08:51:48 [INFO] Execution step: Duplicate Elimination (Datalog)
08:51:48 [INFO] Saved permanent table http://rulewerk.semantic-web.org/inferred/subClassOf (185) Permutation { idx_to_val: [], val_to_idx: [] } with 1 entries (6904)
08:51:48 [INFO] Rule duration: 0 ms
08:51:48 [INFO] <<< STEP 186: APPLYING RULE 9 http://rulewerk.semantic-web.org/inferred/subClassOf(?C, ?E) :- http://rulewerk.semantic-web.org/inferred/subClassOf(?C, ?D), http://rulewerk.semantic-web.org/normalForm/subClassOf(?D, ?E) >>>
08:51:48 [INFO] Execution step: Body
08:51:48 [INFO] Saved temporary table: 1 entries (6856)
08:51:48 [INFO] Execution step: Duplicate Elimination (Datalog)
08:51:48 [INFO] Saved permanent table http://rulewerk.semantic-web.org/inferred/subClassOf (186) Permutation { idx_to_val: [], val_to_idx: [] } with 1 entries (6904)
08:51:48 [INFO] Rule duration: 0 ms
08:51:48 [INFO] Execution step: Combining Tables
08:51:48 [INFO] Saved permanent table http://rulewerk.semantic-web.org/inferred/subClassOf (180-188) Permutation { idx_to_val: [], val_to_idx: [] } with 11 entries (6944)
08:51:48 [INFO] <<< STEP 187: APPLYING RULE 9 http://rulewerk.semantic-web.org/inferred/subClassOf(?C, ?E) :- http://rulewerk.semantic-web.org/inferred/subClassOf(?C, ?D), http://rulewerk.semantic-web.org/normalForm/subClassOf(?D, ?E) >>>
08:51:48 [INFO] Execution step: Body
08:51:48 [INFO] Saved temporary table: 1 entries (6856)
08:51:48 [INFO] Execution step: Duplicate Elimination (Datalog)
08:51:48 [INFO] Saved permanent table http://rulewerk.semantic-web.org/inferred/subClassOf (187) Permutation { idx_to_val: [], val_to_idx: [] } with 1 entries (6904)
08:51:48 [INFO] Rule duration: 0 ms
08:51:48 [INFO] <<< STEP 188: APPLYING RULE 9 http://rulewerk.semantic-web.org/inferred/subClassOf(?C, ?E) :- http://rulewerk.semantic-web.org/inferred/subClassOf(?C, ?D), http://rulewerk.semantic-web.org/normalForm/subClassOf(?D, ?E) >>>
08:51:48 [INFO] Execution step: Body
08:51:48 [INFO] Trie does not contain any elements
08:51:48 [INFO] Execution step: Duplicate Elimination (Datalog)
08:51:48 [INFO] Trie does not contain any elements
08:51:48 [INFO] Rule duration: 0 ms
08:51:48 [INFO] <<< STEP 189: APPLYING RULE 10 http://rulewerk.semantic-web.org/inferred/subClassOf(?E, "<http://www.w3.org/2002/07/owl#Nothing>") :- http://rulewerk.semantic-web.org/inferred/ex(?E, ?R, ?C), http://rulewerk.semantic-web.org/inferred/subClassOf(?C, ?_BODY_1), Equal(?_BODY_1, "<http://www.w3.org/2002/07/owl#Nothing>") >>>
08:51:48 [INFO] Execution step: Body
08:51:48 [INFO] Trie does not contain any elements
08:51:48 [INFO] Execution step: Duplicate Elimination (Datalog)
08:51:48 [INFO] Trie does not contain any elements
08:51:48 [INFO] Rule duration: 10 ms
08:51:48 [INFO] <<< STEP 190: APPLYING RULE 1 http://rulewerk.semantic-web.org/inferred/init(?C) :- http://rulewerk.semantic-web.org/inferred/ex(?E, ?R, ?C) >>>
08:51:48 [INFO] Execution step: Body
08:51:48 [INFO] Saved temporary table: 988 entries (7352)
08:51:48 [INFO] Execution step: Duplicate Elimination (Datalog)
08:51:48 [INFO] Saved permanent table http://rulewerk.semantic-web.org/inferred/init (190) Permutation { idx_to_val: [], val_to_idx: [] } with 4 entries (3464)
08:51:48 [INFO] Rule duration: 31 ms
08:51:48 [INFO] <<< STEP 191: APPLYING RULE 2 http://rulewerk.semantic-web.org/inferred/subClassOf(?C, ?C) :- http://rulewerk.semantic-web.org/inferred/init(?C) >>>
08:51:48 [INFO] Execution step: Body
08:51:48 [INFO] Saved temporary table: 4 entries (3416)
08:51:48 [INFO] Execution step: Duplicate Elimination (Datalog)
08:51:48 [INFO] Saved permanent table http://rulewerk.semantic-web.org/inferred/subClassOf (191) Permutation { idx_to_val: [], val_to_idx: [] } with 4 entries (7072)
08:51:48 [INFO] Rule duration: 0 ms
08:51:48 [INFO] <<< STEP 192: APPLYING RULE 4 http://rulewerk.semantic-web.org/inferred/subClassOf(?C, ?D1), http://rulewerk.semantic-web.org/inferred/subClassOf(?C, ?D2) :- http://rulewerk.semantic-web.org/inferred/subClassOf(?C, ?Y), http://rulewerk.semantic-web.org/normalForm/conj(?Y, ?D1, ?D2) >>>
08:51:48 [INFO] Execution step: Body
08:51:48 [INFO] Saved temporary table: 30489 entries (254414)
08:51:48 [INFO] Saved temporary table: 45784 entries (315594)
08:51:48 [INFO] Execution step: Duplicate Elimination (Datalog)
08:51:48 [INFO] Saved permanent table http://rulewerk.semantic-web.org/inferred/subClassOf (192) Permutation { idx_to_val: [], val_to_idx: [] } with 502 entries (12342)
08:51:48 [INFO] Rule duration: 121 ms
08:51:48 [INFO] <<< STEP 193: APPLYING RULE 4 http://rulewerk.semantic-web.org/inferred/subClassOf(?C, ?D1), http://rulewerk.semantic-web.org/inferred/subClassOf(?C, ?D2) :- http://rulewerk.semantic-web.org/inferred/subClassOf(?C, ?Y), http://rulewerk.semantic-web.org/normalForm/conj(?Y, ?D1, ?D2) >>>
08:51:48 [INFO] Execution step: Body
08:51:48 [INFO] Saved temporary table: 10 entries (7360)
08:51:48 [INFO] Saved temporary table: 10 entries (7360)
08:51:48 [INFO] Execution step: Duplicate Elimination (Datalog)
08:51:48 [INFO] Saved permanent table http://rulewerk.semantic-web.org/inferred/subClassOf (193) Permutation { idx_to_val: [], val_to_idx: [] } with 18 entries (7440)
08:51:48 [INFO] Rule duration: 1 ms
08:51:48 [INFO] <<< STEP 194: APPLYING RULE 4 http://rulewerk.semantic-web.org/inferred/subClassOf(?C, ?D1), http://rulewerk.semantic-web.org/inferred/subClassOf(?C, ?D2) :- http://rulewerk.semantic-web.org/inferred/subClassOf(?C, ?Y), http://rulewerk.semantic-web.org/normalForm/conj(?Y, ?D1, ?D2) >>>
08:51:48 [INFO] Execution step: Body
08:51:48 [INFO] Saved temporary table: 2 entries (6912)
08:51:48 [INFO] Saved temporary table: 2 entries (6912)
08:51:48 [INFO] Execution step: Duplicate Elimination (Datalog)
08:51:48 [INFO] Saved permanent table http://rulewerk.semantic-web.org/inferred/subClassOf (194) Permutation { idx_to_val: [], val_to_idx: [] } with 3 entries (6964)
08:51:48 [INFO] Rule duration: 0 ms
08:51:48 [INFO] <<< STEP 195: APPLYING RULE 4 http://rulewerk.semantic-web.org/inferred/subClassOf(?C, ?D1), http://rulewerk.semantic-web.org/inferred/subClassOf(?C, ?D2) :- http://rulewerk.semantic-web.org/inferred/subClassOf(?C, ?Y), http://rulewerk.semantic-web.org/normalForm/conj(?Y, ?D1, ?D2) >>>
08:51:48 [INFO] Execution step: Body
08:51:48 [INFO] Trie does not contain any elements
08:51:48 [INFO] Trie does not contain any elements
08:51:48 [INFO] Execution step: Duplicate Elimination (Datalog)
08:51:48 [INFO] Trie does not contain any elements
08:51:48 [INFO] Rule duration: 0 ms
08:51:48 [INFO] <<< STEP 196: APPLYING RULE 5 http://rulewerk.semantic-web.org/inferred/subClassOf(?C, ?I) :- http://rulewerk.semantic-web.org/inferred/subClassOf(?C, ?D1), http://rulewerk.semantic-web.org/inferred/subClassOf(?C, ?D2), http://rulewerk.semantic-web.org/normalForm/conj(?I, ?D1, ?D2), http://rulewerk.semantic-web.org/normalForm/isSubClass(?I) >>>
08:51:48 [INFO] Execution step: Body
08:51:48 [INFO] Saved temporary table: 26984 entries (188830)
08:51:48 [INFO] Execution step: Duplicate Elimination (Datalog)
08:51:48 [INFO] Saved permanent table http://rulewerk.semantic-web.org/inferred/subClassOf (196) Permutation { idx_to_val: [], val_to_idx: [] } with 26709 entries (186638)
08:51:48 [INFO] Rule duration: 327 ms
08:51:48 [INFO] <<< STEP 197: APPLYING RULE 5 http://rulewerk.semantic-web.org/inferred/subClassOf(?C, ?I) :- http://rulewerk.semantic-web.org/inferred/subClassOf(?C, ?D1), http://rulewerk.semantic-web.org/inferred/subClassOf(?C, ?D2), http://rulewerk.semantic-web.org/normalForm/conj(?I, ?D1, ?D2), http://rulewerk.semantic-web.org/normalForm/isSubClass(?I) >>>
08:51:48 [INFO] Execution step: Body
08:51:48 [INFO] Saved temporary table: 2580 entries (36818)
08:51:48 [INFO] Execution step: Duplicate Elimination (Datalog)
08:51:48 [INFO] Saved permanent table http://rulewerk.semantic-web.org/inferred/subClassOf (197) Permutation { idx_to_val: [], val_to_idx: [] } with 2580 entries (36866)
08:51:48 [INFO] Rule duration: 169 ms
08:51:48 [INFO] <<< STEP 198: APPLYING RULE 5 http://rulewerk.semantic-web.org/inferred/subClassOf(?C, ?I) :- http://rulewerk.semantic-web.org/inferred/subClassOf(?C, ?D1), http://rulewerk.semantic-web.org/inferred/subClassOf(?C, ?D2), http://rulewerk.semantic-web.org/normalForm/conj(?I, ?D1, ?D2), http://rulewerk.semantic-web.org/normalForm/isSubClass(?I) >>>
08:51:48 [INFO] Execution step: Body
08:51:49 [INFO] Saved temporary table: 7 entries (7192)
08:51:49 [INFO] Execution step: Duplicate Elimination (Datalog)
08:51:49 [INFO] Saved permanent table http://rulewerk.semantic-web.org/inferred/subClassOf (198) Permutation { idx_to_val: [], val_to_idx: [] } with 7 entries (7240)
08:51:49 [INFO] Rule duration: 37 ms
08:51:49 [INFO] Execution step: Combining Tables
08:51:49 [INFO] Saved permanent table http://rulewerk.semantic-web.org/inferred/subClassOf (188-200) Permutation { idx_to_val: [], val_to_idx: [] } with 29823 entries (200234)
08:51:49 [INFO] <<< STEP 199: APPLYING RULE 5 http://rulewerk.semantic-web.org/inferred/subClassOf(?C, ?I) :- http://rulewerk.semantic-web.org/inferred/subClassOf(?C, ?D1), http://rulewerk.semantic-web.org/inferred/subClassOf(?C, ?D2), http://rulewerk.semantic-web.org/normalForm/conj(?I, ?D1, ?D2), http://rulewerk.semantic-web.org/normalForm/isSubClass(?I) >>>
08:51:49 [INFO] Execution step: Body
08:51:49 [INFO] Trie does not contain any elements
08:51:49 [INFO] Execution step: Duplicate Elimination (Datalog)
08:51:49 [INFO] Trie does not contain any elements
08:51:49 [INFO] Rule duration: 0 ms
08:51:49 [INFO] <<< STEP 200: APPLYING RULE 6 http://rulewerk.semantic-web.org/inferred/ex(?E, ?R, ?C) :- http://rulewerk.semantic-web.org/inferred/subClassOf(?E, ?Y), http://rulewerk.semantic-web.org/normalForm/exists(?Y, ?R, ?C) >>>
08:51:49 [INFO] Execution step: Body
08:51:49 [INFO] Saved temporary table: 22389 entries (388968)
08:51:49 [INFO] Execution step: Duplicate Elimination (Datalog)
08:51:49 [INFO] Saved permanent table http://rulewerk.semantic-web.org/inferred/ex (200) Permutation { idx_to_val: [], val_to_idx: [] } with 22389 entries (389016)
08:51:49 [INFO] Rule duration: 23 ms
08:51:49 [INFO] <<< STEP 201: APPLYING RULE 7 http://rulewerk.semantic-web.org/inferred/subClassOf(?E, ?Y) :- http://rulewerk.semantic-web.org/inferred/ex(?E, ?R, ?C), http://rulewerk.semantic-web.org/inferred/subClassOf(?C, ?D), http://rulewerk.semantic-web.org/normalForm/subProp(?R, ?S), http://rulewerk.semantic-web.org/normalForm/exists(?Y, ?S, ?D), http://rulewerk.semantic-web.org/normalForm/isSubClass(?Y) >>>
08:51:49 [INFO] Execution step: Body
08:51:49 [INFO] Saved temporary table: 50875 entries (314178)
08:51:49 [INFO] Execution step: Duplicate Elimination (Datalog)
08:51:49 [INFO] Saved permanent table http://rulewerk.semantic-web.org/inferred/subClassOf (201) Permutation { idx_to_val: [], val_to_idx: [] } with 7641 entries (83978)
08:51:49 [INFO] Rule duration: 194 ms
08:51:49 [INFO] <<< STEP 202: APPLYING RULE 7 http://rulewerk.semantic-web.org/inferred/subClassOf(?E, ?Y) :- http://rulewerk.semantic-web.org/inferred/ex(?E, ?R, ?C), http://rulewerk.semantic-web.org/inferred/subClassOf(?C, ?D), http://rulewerk.semantic-web.org/normalForm/subProp(?R, ?S), http://rulewerk.semantic-web.org/normalForm/exists(?Y, ?S, ?D), http://rulewerk.semantic-web.org/normalForm/isSubClass(?Y) >>>
08:51:49 [INFO] Execution step: Body
08:51:49 [INFO] Trie does not contain any elements
08:51:49 [INFO] Execution step: Duplicate Elimination (Datalog)
08:51:49 [INFO] Trie does not contain any elements
08:51:49 [INFO] Rule duration: 1 ms
08:51:49 [INFO] <<< STEP 203: APPLYING RULE 8 http://rulewerk.semantic-web.org/inferred/ex(?E, ?S, ?D) :- http://rulewerk.semantic-web.org/inferred/ex(?E, ?R1, ?C), http://rulewerk.semantic-web.org/inferred/ex(?C, ?R2, ?D), http://rulewerk.semantic-web.org/normalForm/subProp(?R1, ?S1), http://rulewerk.semantic-web.org/normalForm/subProp(?R2, ?S2), http://rulewerk.semantic-web.org/normalForm/subPropChain(?S1, ?S2, ?S) >>>
08:51:49 [INFO] Execution step: Body
08:51:49 [INFO] Trie does not contain any elements
08:51:49 [INFO] Execution step: Duplicate Elimination (Datalog)
08:51:49 [INFO] Trie does not contain any elements
08:51:49 [INFO] Rule duration: 6 ms
08:51:49 [INFO] <<< STEP 204: APPLYING RULE 9 http://rulewerk.semantic-web.org/inferred/subClassOf(?C, ?E) :- http://rulewerk.semantic-web.org/inferred/subClassOf(?C, ?D), http://rulewerk.semantic-web.org/normalForm/subClassOf(?D, ?E) >>>
08:51:49 [INFO] Execution step: Body
08:51:49 [INFO] Saved temporary table: 21281 entries (163306)
08:51:49 [INFO] Execution step: Duplicate Elimination (Datalog)
08:51:49 [INFO] Saved permanent table http://rulewerk.semantic-web.org/inferred/subClassOf (204) Permutation { idx_to_val: [], val_to_idx: [] } with 21281 entries (163354)
08:51:49 [INFO] Rule duration: 42 ms
08:51:49 [INFO] <<< STEP 205: APPLYING RULE 9 http://rulewerk.semantic-web.org/inferred/subClassOf(?C, ?E) :- http://rulewerk.semantic-web.org/inferred/subClassOf(?C, ?D), http://rulewerk.semantic-web.org/normalForm/subClassOf(?D, ?E) >>>
08:51:49 [INFO] Execution step: Body
08:51:49 [INFO] Saved temporary table: 23595 entries (172562)
08:51:49 [INFO] Execution step: Duplicate Elimination (Datalog)
08:51:49 [INFO] Saved permanent table http://rulewerk.semantic-web.org/inferred/subClassOf (205) Permutation { idx_to_val: [], val_to_idx: [] } with 1338 entries (24686)
08:51:49 [INFO] Rule duration: 39 ms
08:51:49 [INFO] <<< STEP 206: APPLYING RULE 9 http://rulewerk.semantic-web.org/inferred/subClassOf(?C, ?E) :- http://rulewerk.semantic-web.org/inferred/subClassOf(?C, ?D), http://rulewerk.semantic-web.org/normalForm/subClassOf(?D, ?E) >>>
08:51:49 [INFO] Execution step: Body
08:51:49 [INFO] Saved temporary table: 284 entries (11278)
08:51:49 [INFO] Execution step: Duplicate Elimination (Datalog)
08:51:49 [INFO] Saved permanent table http://rulewerk.semantic-web.org/inferred/subClassOf (206) Permutation { idx_to_val: [], val_to_idx: [] } with 256 entries (11154)
08:51:49 [INFO] Rule duration: 2 ms
08:51:49 [INFO] <<< STEP 207: APPLYING RULE 9 http://rulewerk.semantic-web.org/inferred/subClassOf(?C, ?E) :- http://rulewerk.semantic-web.org/inferred/subClassOf(?C, ?D), http://rulewerk.semantic-web.org/normalForm/subClassOf(?D, ?E) >>>
08:51:49 [INFO] Execution step: Body
08:51:49 [INFO] Saved temporary table: 502 entries (12090)
08:51:49 [INFO] Execution step: Duplicate Elimination (Datalog)
08:51:49 [INFO] Saved permanent table http://rulewerk.semantic-web.org/inferred/subClassOf (207) Permutation { idx_to_val: [], val_to_idx: [] } with 502 entries (12138)
08:51:49 [INFO] Rule duration: 1 ms
08:51:49 [INFO] <<< STEP 208: APPLYING RULE 9 http://rulewerk.semantic-web.org/inferred/subClassOf(?C, ?E) :- http://rulewerk.semantic-web.org/inferred/subClassOf(?C, ?D), http://rulewerk.semantic-web.org/normalForm/subClassOf(?D, ?E) >>>
08:51:49 [INFO] Execution step: Body
08:51:49 [INFO] Saved temporary table: 254 entries (11098)
08:51:49 [INFO] Execution step: Duplicate Elimination (Datalog)
08:51:49 [INFO] Saved permanent table http://rulewerk.semantic-web.org/inferred/subClassOf (208) Permutation { idx_to_val: [], val_to_idx: [] } with 252 entries (11138)
08:51:49 [INFO] Rule duration: 1 ms
08:51:49 [INFO] <<< STEP 209: APPLYING RULE 9 http://rulewerk.semantic-web.org/inferred/subClassOf(?C, ?E) :- http://rulewerk.semantic-web.org/inferred/subClassOf(?C, ?D), http://rulewerk.semantic-web.org/normalForm/subClassOf(?D, ?E) >>>
08:51:49 [INFO] Execution step: Body
08:51:49 [INFO] Saved temporary table: 250 entries (11058)
08:51:49 [INFO] Execution step: Duplicate Elimination (Datalog)
08:51:49 [INFO] Saved permanent table http://rulewerk.semantic-web.org/inferred/subClassOf (209) Permutation { idx_to_val: [], val_to_idx: [] } with 250 entries (11106)
08:51:49 [INFO] Rule duration: 1 ms
08:51:49 [INFO] <<< STEP 210: APPLYING RULE 9 http://rulewerk.semantic-web.org/inferred/subClassOf(?C, ?E) :- http://rulewerk.semantic-web.org/inferred/subClassOf(?C, ?D), http://rulewerk.semantic-web.org/normalForm/subClassOf(?D, ?E) >>>
08:51:49 [INFO] Execution step: Body
08:51:49 [INFO] Saved temporary table: 258 entries (11066)
08:51:49 [INFO] Execution step: Duplicate Elimination (Datalog)
08:51:49 [INFO] Saved permanent table http://rulewerk.semantic-web.org/inferred/subClassOf (210) Permutation { idx_to_val: [], val_to_idx: [] } with 252 entries (11090)
08:51:49 [INFO] Rule duration: 1 ms
08:51:49 [INFO] Execution step: Combining Tables
08:51:49 [INFO] Saved permanent table http://rulewerk.semantic-web.org/inferred/subClassOf (200-212) Permutation { idx_to_val: [], val_to_idx: [] } with 31772 entries (222274)
08:51:49 [INFO] <<< STEP 211: APPLYING RULE 9 http://rulewerk.semantic-web.org/inferred/subClassOf(?C, ?E) :- http://rulewerk.semantic-web.org/inferred/subClassOf(?C, ?D), http://rulewerk.semantic-web.org/normalForm/subClassOf(?D, ?E) >>>
08:51:49 [INFO] Execution step: Body
08:51:49 [INFO] Saved temporary table: 108 entries (8052)
08:51:49 [INFO] Execution step: Duplicate Elimination (Datalog)
08:51:49 [INFO] Saved permanent table http://rulewerk.semantic-web.org/inferred/subClassOf (211) Permutation { idx_to_val: [], val_to_idx: [] } with 108 entries (8100)
08:51:49 [INFO] Rule duration: 0 ms
08:51:49 [INFO] <<< STEP 212: APPLYING RULE 9 http://rulewerk.semantic-web.org/inferred/subClassOf(?C, ?E) :- http://rulewerk.semantic-web.org/inferred/subClassOf(?C, ?D), http://rulewerk.semantic-web.org/normalForm/subClassOf(?D, ?E) >>>
08:51:49 [INFO] Execution step: Body
08:51:49 [INFO] Saved temporary table: 5 entries (7080)
08:51:49 [INFO] Execution step: Duplicate Elimination (Datalog)
08:51:49 [INFO] Saved permanent table http://rulewerk.semantic-web.org/inferred/subClassOf (212) Permutation { idx_to_val: [], val_to_idx: [] } with 5 entries (7128)
08:51:49 [INFO] Rule duration: 0 ms
08:51:49 [INFO] <<< STEP 213: APPLYING RULE 9 http://rulewerk.semantic-web.org/inferred/subClassOf(?C, ?E) :- http://rulewerk.semantic-web.org/inferred/subClassOf(?C, ?D), http://rulewerk.semantic-web.org/normalForm/subClassOf(?D, ?E) >>>
08:51:49 [INFO] Execution step: Body
08:51:49 [INFO] Saved temporary table: 5 entries (7080)
08:51:49 [INFO] Execution step: Duplicate Elimination (Datalog)
08:51:49 [INFO] Saved permanent table http://rulewerk.semantic-web.org/inferred/subClassOf (213) Permutation { idx_to_val: [], val_to_idx: [] } with 5 entries (7128)
08:51:49 [INFO] Rule duration: 0 ms
08:51:49 [INFO] <<< STEP 214: APPLYING RULE 9 http://rulewerk.semantic-web.org/inferred/subClassOf(?C, ?E) :- http://rulewerk.semantic-web.org/inferred/subClassOf(?C, ?D), http://rulewerk.semantic-web.org/normalForm/subClassOf(?D, ?E) >>>
08:51:49 [INFO] Execution step: Body
08:51:49 [INFO] Trie does not contain any elements
08:51:49 [INFO] Execution step: Duplicate Elimination (Datalog)
08:51:49 [INFO] Trie does not contain any elements
08:51:49 [INFO] Rule duration: 0 ms
08:51:49 [INFO] <<< STEP 215: APPLYING RULE 10 http://rulewerk.semantic-web.org/inferred/subClassOf(?E, "<http://www.w3.org/2002/07/owl#Nothing>") :- http://rulewerk.semantic-web.org/inferred/ex(?E, ?R, ?C), http://rulewerk.semantic-web.org/inferred/subClassOf(?C, ?_BODY_1), Equal(?_BODY_1, "<http://www.w3.org/2002/07/owl#Nothing>") >>>
08:51:49 [INFO] Execution step: Body
08:51:49 [INFO] Trie does not contain any elements
08:51:49 [INFO] Execution step: Duplicate Elimination (Datalog)
08:51:49 [INFO] Trie does not contain any elements
08:51:49 [INFO] Rule duration: 6 ms
08:51:49 [INFO] <<< STEP 216: APPLYING RULE 1 http://rulewerk.semantic-web.org/inferred/init(?C) :- http://rulewerk.semantic-web.org/inferred/ex(?E, ?R, ?C) >>>
08:51:49 [INFO] Execution step: Body
08:51:49 [INFO] Saved temporary table: 487 entries (5348)
08:51:49 [INFO] Execution step: Duplicate Elimination (Datalog)
08:51:49 [INFO] Trie does not contain any elements
08:51:49 [INFO] Rule duration: 11 ms
08:51:49 [INFO] <<< STEP 217: APPLYING RULE 2 http://rulewerk.semantic-web.org/inferred/subClassOf(?C, ?C) :- http://rulewerk.semantic-web.org/inferred/init(?C) >>>
08:51:49 [INFO] Execution step: Body
08:51:49 [INFO] Trie does not contain any elements
08:51:49 [INFO] Execution step: Duplicate Elimination (Datalog)
08:51:49 [INFO] Trie does not contain any elements
08:51:49 [INFO] Rule duration: 0 ms
08:51:49 [INFO] <<< STEP 218: APPLYING RULE 4 http://rulewerk.semantic-web.org/inferred/subClassOf(?C, ?D1), http://rulewerk.semantic-web.org/inferred/subClassOf(?C, ?D2) :- http://rulewerk.semantic-web.org/inferred/subClassOf(?C, ?Y), http://rulewerk.semantic-web.org/normalForm/conj(?Y, ?D1, ?D2) >>>
08:51:49 [INFO] Execution step: Body
08:51:49 [INFO] Saved temporary table: 17479 entries (149766)
08:51:49 [INFO] Saved temporary table: 21175 entries (164550)
08:51:49 [INFO] Execution step: Duplicate Elimination (Datalog)
08:51:49 [INFO] Saved permanent table http://rulewerk.semantic-web.org/inferred/subClassOf (218) Permutation { idx_to_val: [], val_to_idx: [] } with 25 entries (7676)
08:51:49 [INFO] Rule duration: 68 ms
08:51:49 [INFO] <<< STEP 219: APPLYING RULE 4 http://rulewerk.semantic-web.org/inferred/subClassOf(?C, ?D1), http://rulewerk.semantic-web.org/inferred/subClassOf(?C, ?D2) :- http://rulewerk.semantic-web.org/inferred/subClassOf(?C, ?Y), http://rulewerk.semantic-web.org/normalForm/conj(?Y, ?D1, ?D2) >>>
08:51:49 [INFO] Execution step: Body
08:51:49 [INFO] Saved temporary table: 1 entries (6856)
08:51:49 [INFO] Saved temporary table: 1 entries (6856)
08:51:49 [INFO] Execution step: Duplicate Elimination (Datalog)
08:51:49 [INFO] Saved permanent table http://rulewerk.semantic-web.org/inferred/subClassOf (219) Permutation { idx_to_val: [], val_to_idx: [] } with 2 entries (6908)
08:51:49 [INFO] Rule duration: 0 ms
08:51:49 [INFO] <<< STEP 220: APPLYING RULE 4 http://rulewerk.semantic-web.org/inferred/subClassOf(?C, ?D1), http://rulewerk.semantic-web.org/inferred/subClassOf(?C, ?D2) :- http://rulewerk.semantic-web.org/inferred/subClassOf(?C, ?Y), http://rulewerk.semantic-web.org/normalForm/conj(?Y, ?D1, ?D2) >>>
08:51:49 [INFO] Execution step: Body
08:51:49 [INFO] Trie does not contain any elements
08:51:49 [INFO] Trie does not contain any elements
08:51:49 [INFO] Execution step: Duplicate Elimination (Datalog)
08:51:49 [INFO] Trie does not contain any elements
08:51:49 [INFO] Rule duration: 0 ms
08:51:49 [INFO] <<< STEP 221: APPLYING RULE 5 http://rulewerk.semantic-web.org/inferred/subClassOf(?C, ?I) :- http://rulewerk.semantic-web.org/inferred/subClassOf(?C, ?D1), http://rulewerk.semantic-web.org/inferred/subClassOf(?C, ?D2), http://rulewerk.semantic-web.org/normalForm/conj(?I, ?D1, ?D2), http://rulewerk.semantic-web.org/normalForm/isSubClass(?I) >>>
08:51:49 [INFO] Execution step: Body
08:51:49 [INFO] Saved temporary table: 10310 entries (85618)
08:51:49 [INFO] Execution step: Duplicate Elimination (Datalog)
08:51:49 [INFO] Saved permanent table http://rulewerk.semantic-web.org/inferred/subClassOf (221) Permutation { idx_to_val: [], val_to_idx: [] } with 10295 entries (85606)
08:51:49 [INFO] Rule duration: 258 ms
08:51:49 [INFO] <<< STEP 222: APPLYING RULE 5 http://rulewerk.semantic-web.org/inferred/subClassOf(?C, ?I) :- http://rulewerk.semantic-web.org/inferred/subClassOf(?C, ?D1), http://rulewerk.semantic-web.org/inferred/subClassOf(?C, ?D2), http://rulewerk.semantic-web.org/normalForm/conj(?I, ?D1, ?D2), http://rulewerk.semantic-web.org/normalForm/isSubClass(?I) >>>
08:51:49 [INFO] Execution step: Body
08:51:49 [INFO] Saved temporary table: 1197 entries (21158)
08:51:49 [INFO] Execution step: Duplicate Elimination (Datalog)
08:51:49 [INFO] Saved permanent table http://rulewerk.semantic-web.org/inferred/subClassOf (222) Permutation { idx_to_val: [], val_to_idx: [] } with 1197 entries (21206)
08:51:49 [INFO] Rule duration: 116 ms
08:51:49 [INFO] <<< STEP 223: APPLYING RULE 5 http://rulewerk.semantic-web.org/inferred/subClassOf(?C, ?I) :- http://rulewerk.semantic-web.org/inferred/subClassOf(?C, ?D1), http://rulewerk.semantic-web.org/inferred/subClassOf(?C, ?D2), http://rulewerk.semantic-web.org/normalForm/conj(?I, ?D1, ?D2), http://rulewerk.semantic-web.org/normalForm/isSubClass(?I) >>>
08:51:49 [INFO] Execution step: Body
08:51:49 [INFO] Saved temporary table: 10 entries (7360)
08:51:49 [INFO] Execution step: Duplicate Elimination (Datalog)
08:51:49 [INFO] Saved permanent table http://rulewerk.semantic-web.org/inferred/subClassOf (223) Permutation { idx_to_val: [], val_to_idx: [] } with 10 entries (7408)
08:51:49 [INFO] Rule duration: 33 ms
08:51:49 [INFO] Execution step: Combining Tables
08:51:49 [INFO] Saved permanent table http://rulewerk.semantic-web.org/inferred/subClassOf (212-225) Permutation { idx_to_val: [], val_to_idx: [] } with 11539 entries (90582)
08:51:49 [INFO] <<< STEP 224: APPLYING RULE 5 http://rulewerk.semantic-web.org/inferred/subClassOf(?C, ?I) :- http://rulewerk.semantic-web.org/inferred/subClassOf(?C, ?D1), http://rulewerk.semantic-web.org/inferred/subClassOf(?C, ?D2), http://rulewerk.semantic-web.org/normalForm/conj(?I, ?D1, ?D2), http://rulewerk.semantic-web.org/normalForm/isSubClass(?I) >>>
08:51:49 [INFO] Execution step: Body
08:51:49 [INFO] Trie does not contain any elements
08:51:49 [INFO] Execution step: Duplicate Elimination (Datalog)
08:51:49 [INFO] Trie does not contain any elements
08:51:49 [INFO] Rule duration: 1 ms
08:51:49 [INFO] <<< STEP 225: APPLYING RULE 6 http://rulewerk.semantic-web.org/inferred/ex(?E, ?R, ?C) :- http://rulewerk.semantic-web.org/inferred/subClassOf(?E, ?Y), http://rulewerk.semantic-web.org/normalForm/exists(?Y, ?R, ?C) >>>
08:51:49 [INFO] Execution step: Body
08:51:49 [INFO] Saved temporary table: 8897 entries (173552)
08:51:49 [INFO] Execution step: Duplicate Elimination (Datalog)
08:51:49 [INFO] Saved permanent table http://rulewerk.semantic-web.org/inferred/ex (225) Permutation { idx_to_val: [], val_to_idx: [] } with 8897 entries (173600)
08:51:49 [INFO] Rule duration: 19 ms
08:51:49 [INFO] <<< STEP 226: APPLYING RULE 7 http://rulewerk.semantic-web.org/inferred/subClassOf(?E, ?Y) :- http://rulewerk.semantic-web.org/inferred/ex(?E, ?R, ?C), http://rulewerk.semantic-web.org/inferred/subClassOf(?C, ?D), http://rulewerk.semantic-web.org/normalForm/subProp(?R, ?S), http://rulewerk.semantic-web.org/normalForm/exists(?Y, ?S, ?D), http://rulewerk.semantic-web.org/normalForm/isSubClass(?Y) >>>
08:51:49 [INFO] Execution step: Body
08:51:49 [INFO] Saved temporary table: 18389 entries (136438)
08:51:49 [INFO] Execution step: Duplicate Elimination (Datalog)
08:51:49 [INFO] Saved permanent table http://rulewerk.semantic-web.org/inferred/subClassOf (226) Permutation { idx_to_val: [], val_to_idx: [] } with 2027 entries (29698)
08:51:49 [INFO] Rule duration: 81 ms
08:51:49 [INFO] <<< STEP 227: APPLYING RULE 7 http://rulewerk.semantic-web.org/inferred/subClassOf(?E, ?Y) :- http://rulewerk.semantic-web.org/inferred/ex(?E, ?R, ?C), http://rulewerk.semantic-web.org/inferred/subClassOf(?C, ?D), http://rulewerk.semantic-web.org/normalForm/subProp(?R, ?S), http://rulewerk.semantic-web.org/normalForm/exists(?Y, ?S, ?D), http://rulewerk.semantic-web.org/normalForm/isSubClass(?Y) >>>
08:51:49 [INFO] Execution step: Body
08:51:49 [INFO] Trie does not contain any elements
08:51:49 [INFO] Execution step: Duplicate Elimination (Datalog)
08:51:49 [INFO] Trie does not contain any elements
08:51:49 [INFO] Rule duration: 1 ms
08:51:49 [INFO] <<< STEP 228: APPLYING RULE 8 http://rulewerk.semantic-web.org/inferred/ex(?E, ?S, ?D) :- http://rulewerk.semantic-web.org/inferred/ex(?E, ?R1, ?C), http://rulewerk.semantic-web.org/inferred/ex(?C, ?R2, ?D), http://rulewerk.semantic-web.org/normalForm/subProp(?R1, ?S1), http://rulewerk.semantic-web.org/normalForm/subProp(?R2, ?S2), http://rulewerk.semantic-web.org/normalForm/subPropChain(?S1, ?S2, ?S) >>>
08:51:49 [INFO] Execution step: Body
08:51:49 [INFO] Trie does not contain any elements
08:51:49 [INFO] Execution step: Duplicate Elimination (Datalog)
08:51:49 [INFO] Trie does not contain any elements
08:51:49 [INFO] Rule duration: 3 ms
08:51:49 [INFO] <<< STEP 229: APPLYING RULE 9 http://rulewerk.semantic-web.org/inferred/subClassOf(?C, ?E) :- http://rulewerk.semantic-web.org/inferred/subClassOf(?C, ?D), http://rulewerk.semantic-web.org/normalForm/subClassOf(?D, ?E) >>>
08:51:49 [INFO] Execution step: Body
08:51:49 [INFO] Saved temporary table: 8028 entries (73886)
08:51:49 [INFO] Execution step: Duplicate Elimination (Datalog)
08:51:49 [INFO] Saved permanent table http://rulewerk.semantic-web.org/inferred/subClassOf (229) Permutation { idx_to_val: [], val_to_idx: [] } with 8028 entries (73934)
08:51:49 [INFO] Rule duration: 18 ms
08:51:49 [INFO] <<< STEP 230: APPLYING RULE 9 http://rulewerk.semantic-web.org/inferred/subClassOf(?C, ?E) :- http://rulewerk.semantic-web.org/inferred/subClassOf(?C, ?D), http://rulewerk.semantic-web.org/normalForm/subClassOf(?D, ?E) >>>
08:51:49 [INFO] Execution step: Body
08:51:49 [INFO] Saved temporary table: 8955 entries (77594)
08:51:49 [INFO] Execution step: Duplicate Elimination (Datalog)
08:51:49 [INFO] Saved permanent table http://rulewerk.semantic-web.org/inferred/subClassOf (230) Permutation { idx_to_val: [], val_to_idx: [] } with 642 entries (16166)
08:51:49 [INFO] Rule duration: 20 ms
08:51:49 [INFO] <<< STEP 231: APPLYING RULE 9 http://rulewerk.semantic-web.org/inferred/subClassOf(?C, ?E) :- http://rulewerk.semantic-web.org/inferred/subClassOf(?C, ?D), http://rulewerk.semantic-web.org/normalForm/subClassOf(?D, ?E) >>>
08:51:49 [INFO] Execution step: Body
08:51:49 [INFO] Saved temporary table: 15 entries (7588)
08:51:49 [INFO] Execution step: Duplicate Elimination (Datalog)
08:51:49 [INFO] Saved permanent table http://rulewerk.semantic-web.org/inferred/subClassOf (231) Permutation { idx_to_val: [], val_to_idx: [] } with 14 entries (7632)
08:51:49 [INFO] Rule duration: 0 ms
08:51:49 [INFO] <<< STEP 232: APPLYING RULE 9 http://rulewerk.semantic-web.org/inferred/subClassOf(?C, ?E) :- http://rulewerk.semantic-web.org/inferred/subClassOf(?C, ?D), http://rulewerk.semantic-web.org/normalForm/subClassOf(?D, ?E) >>>
08:51:49 [INFO] Execution step: Body
08:51:49 [INFO] Saved temporary table: 26 entries (7632)
08:51:49 [INFO] Execution step: Duplicate Elimination (Datalog)
08:51:49 [INFO] Saved permanent table http://rulewerk.semantic-web.org/inferred/subClassOf (232) Permutation { idx_to_val: [], val_to_idx: [] } with 26 entries (7680)
08:51:49 [INFO] Rule duration: 0 ms
08:51:49 [INFO] <<< STEP 233: APPLYING RULE 9 http://rulewerk.semantic-web.org/inferred/subClassOf(?C, ?E) :- http://rulewerk.semantic-web.org/inferred/subClassOf(?C, ?D), http://rulewerk.semantic-web.org/normalForm/subClassOf(?D, ?E) >>>
08:51:49 [INFO] Execution step: Body
08:51:49 [INFO] Saved temporary table: 15 entries (7588)
08:51:49 [INFO] Execution step: Duplicate Elimination (Datalog)
08:51:49 [INFO] Saved permanent table http://rulewerk.semantic-web.org/inferred/subClassOf (233) Permutation { idx_to_val: [], val_to_idx: [] } with 15 entries (7636)
08:51:49 [INFO] Rule duration: 0 ms
08:51:49 [INFO] <<< STEP 234: APPLYING RULE 9 http://rulewerk.semantic-web.org/inferred/subClassOf(?C, ?E) :- http://rulewerk.semantic-web.org/inferred/subClassOf(?C, ?D), http://rulewerk.semantic-web.org/normalForm/subClassOf(?D, ?E) >>>
08:51:49 [INFO] Execution step: Body
08:51:49 [INFO] Saved temporary table: 15 entries (7588)
08:51:49 [INFO] Execution step: Duplicate Elimination (Datalog)
08:51:49 [INFO] Saved permanent table http://rulewerk.semantic-web.org/inferred/subClassOf (234) Permutation { idx_to_val: [], val_to_idx: [] } with 15 entries (7636)
08:51:49 [INFO] Rule duration: 0 ms
08:51:49 [INFO] <<< STEP 235: APPLYING RULE 9 http://rulewerk.semantic-web.org/inferred/subClassOf(?C, ?E) :- http://rulewerk.semantic-web.org/inferred/subClassOf(?C, ?D), http://rulewerk.semantic-web.org/normalForm/subClassOf(?D, ?E) >>>
08:51:49 [INFO] Execution step: Body
08:51:49 [INFO] Saved temporary table: 15 entries (7588)
08:51:49 [INFO] Execution step: Duplicate Elimination (Datalog)
08:51:49 [INFO] Saved permanent table http://rulewerk.semantic-web.org/inferred/subClassOf (235) Permutation { idx_to_val: [], val_to_idx: [] } with 14 entries (7632)
08:51:49 [INFO] Rule duration: 0 ms
08:51:49 [INFO] Execution step: Combining Tables
08:51:49 [INFO] Saved permanent table http://rulewerk.semantic-web.org/inferred/subClassOf (225-237) Permutation { idx_to_val: [], val_to_idx: [] } with 10781 entries (90622)
08:51:49 [INFO] <<< STEP 236: APPLYING RULE 9 http://rulewerk.semantic-web.org/inferred/subClassOf(?C, ?E) :- http://rulewerk.semantic-web.org/inferred/subClassOf(?C, ?D), http://rulewerk.semantic-web.org/normalForm/subClassOf(?D, ?E) >>>
08:51:49 [INFO] Execution step: Body
08:51:49 [INFO] Saved temporary table: 7 entries (7192)
08:51:49 [INFO] Execution step: Duplicate Elimination (Datalog)
08:51:49 [INFO] Saved permanent table http://rulewerk.semantic-web.org/inferred/subClassOf (236) Permutation { idx_to_val: [], val_to_idx: [] } with 7 entries (7240)
08:51:49 [INFO] Rule duration: 0 ms
08:51:49 [INFO] <<< STEP 237: APPLYING RULE 9 http://rulewerk.semantic-web.org/inferred/subClassOf(?C, ?E) :- http://rulewerk.semantic-web.org/inferred/subClassOf(?C, ?D), http://rulewerk.semantic-web.org/normalForm/subClassOf(?D, ?E) >>>
08:51:49 [INFO] Execution step: Body
08:51:49 [INFO] Trie does not contain any elements
08:51:49 [INFO] Execution step: Duplicate Elimination (Datalog)
08:51:49 [INFO] Trie does not contain any elements
08:51:49 [INFO] Rule duration: 0 ms
08:51:49 [INFO] <<< STEP 238: APPLYING RULE 10 http://rulewerk.semantic-web.org/inferred/subClassOf(?E, "<http://www.w3.org/2002/07/owl#Nothing>") :- http://rulewerk.semantic-web.org/inferred/ex(?E, ?R, ?C), http://rulewerk.semantic-web.org/inferred/subClassOf(?C, ?_BODY_1), Equal(?_BODY_1, "<http://www.w3.org/2002/07/owl#Nothing>") >>>
08:51:49 [INFO] Execution step: Body
08:51:50 [INFO] Trie does not contain any elements
08:51:50 [INFO] Execution step: Duplicate Elimination (Datalog)
08:51:50 [INFO] Trie does not contain any elements
08:51:50 [INFO] Rule duration: 4 ms
08:51:50 [INFO] <<< STEP 239: APPLYING RULE 1 http://rulewerk.semantic-web.org/inferred/init(?C) :- http://rulewerk.semantic-web.org/inferred/ex(?E, ?R, ?C) >>>
08:51:50 [INFO] Execution step: Body
08:51:50 [INFO] Saved temporary table: 300 entries (4600)
08:51:50 [INFO] Execution step: Duplicate Elimination (Datalog)
08:51:50 [INFO] Trie does not contain any elements
08:51:50 [INFO] Rule duration: 4 ms
08:51:50 [INFO] <<< STEP 240: APPLYING RULE 2 http://rulewerk.semantic-web.org/inferred/subClassOf(?C, ?C) :- http://rulewerk.semantic-web.org/inferred/init(?C) >>>
08:51:50 [INFO] Execution step: Body
08:51:50 [INFO] Trie does not contain any elements
08:51:50 [INFO] Execution step: Duplicate Elimination (Datalog)
08:51:50 [INFO] Trie does not contain any elements
08:51:50 [INFO] Rule duration: 0 ms
08:51:50 [INFO] <<< STEP 241: APPLYING RULE 4 http://rulewerk.semantic-web.org/inferred/subClassOf(?C, ?D1), http://rulewerk.semantic-web.org/inferred/subClassOf(?C, ?D2) :- http://rulewerk.semantic-web.org/inferred/subClassOf(?C, ?Y), http://rulewerk.semantic-web.org/normalForm/conj(?Y, ?D1, ?D2) >>>
08:51:50 [INFO] Execution step: Body
08:51:50 [INFO] Saved temporary table: 7818 entries (75650)
08:51:50 [INFO] Saved temporary table: 9120 entries (80858)
08:51:50 [INFO] Execution step: Duplicate Elimination (Datalog)
08:51:50 [INFO] Trie does not contain any elements
08:51:50 [INFO] Rule duration: 34 ms
08:51:50 [INFO] <<< STEP 242: APPLYING RULE 5 http://rulewerk.semantic-web.org/inferred/subClassOf(?C, ?I) :- http://rulewerk.semantic-web.org/inferred/subClassOf(?C, ?D1), http://rulewerk.semantic-web.org/inferred/subClassOf(?C, ?D2), http://rulewerk.semantic-web.org/normalForm/conj(?I, ?D1, ?D2), http://rulewerk.semantic-web.org/normalForm/isSubClass(?I) >>>
08:51:50 [INFO] Execution step: Body
08:51:50 [INFO] Saved temporary table: 2992 entries (34938)
08:51:50 [INFO] Execution step: Duplicate Elimination (Datalog)
08:51:50 [INFO] Saved permanent table http://rulewerk.semantic-web.org/inferred/subClassOf (242) Permutation { idx_to_val: [], val_to_idx: [] } with 2992 entries (34986)
08:51:50 [INFO] Rule duration: 121 ms
08:51:50 [INFO] <<< STEP 243: APPLYING RULE 5 http://rulewerk.semantic-web.org/inferred/subClassOf(?C, ?I) :- http://rulewerk.semantic-web.org/inferred/subClassOf(?C, ?D1), http://rulewerk.semantic-web.org/inferred/subClassOf(?C, ?D2), http://rulewerk.semantic-web.org/normalForm/conj(?I, ?D1, ?D2), http://rulewerk.semantic-web.org/normalForm/isSubClass(?I) >>>
08:51:50 [INFO] Execution step: Body
08:51:50 [INFO] Saved temporary table: 418 entries (13122)
08:51:50 [INFO] Execution step: Duplicate Elimination (Datalog)
08:51:50 [INFO] Saved permanent table http://rulewerk.semantic-web.org/inferred/subClassOf (243) Permutation { idx_to_val: [], val_to_idx: [] } with 418 entries (13170)
08:51:50 [INFO] Rule duration: 37 ms
08:51:50 [INFO] <<< STEP 244: APPLYING RULE 5 http://rulewerk.semantic-web.org/inferred/subClassOf(?C, ?I) :- http://rulewerk.semantic-web.org/inferred/subClassOf(?C, ?D1), http://rulewerk.semantic-web.org/inferred/subClassOf(?C, ?D2), http://rulewerk.semantic-web.org/normalForm/conj(?I, ?D1, ?D2), http://rulewerk.semantic-web.org/normalForm/isSubClass(?I) >>>
08:51:50 [INFO] Execution step: Body
08:51:50 [INFO] Trie does not contain any elements
08:51:50 [INFO] Execution step: Duplicate Elimination (Datalog)
08:51:50 [INFO] Trie does not contain any elements
08:51:50 [INFO] Rule duration: 14 ms
08:51:50 [INFO] <<< STEP 245: APPLYING RULE 6 http://rulewerk.semantic-web.org/inferred/ex(?E, ?R, ?C) :- http://rulewerk.semantic-web.org/inferred/subClassOf(?E, ?Y), http://rulewerk.semantic-web.org/normalForm/exists(?Y, ?R, ?C) >>>
08:51:50 [INFO] Execution step: Body
08:51:50 [INFO] Saved temporary table: 2661 entries (64620)
08:51:50 [INFO] Execution step: Duplicate Elimination (Datalog)
08:51:50 [INFO] Saved permanent table http://rulewerk.semantic-web.org/inferred/ex (245) Permutation { idx_to_val: [], val_to_idx: [] } with 2661 entries (64668)
08:51:50 [INFO] Rule duration: 12 ms
08:51:50 [INFO] <<< STEP 246: APPLYING RULE 7 http://rulewerk.semantic-web.org/inferred/subClassOf(?E, ?Y) :- http://rulewerk.semantic-web.org/inferred/ex(?E, ?R, ?C), http://rulewerk.semantic-web.org/inferred/subClassOf(?C, ?D), http://rulewerk.semantic-web.org/normalForm/subProp(?R, ?S), http://rulewerk.semantic-web.org/normalForm/exists(?Y, ?S, ?D), http://rulewerk.semantic-web.org/normalForm/isSubClass(?Y) >>>
08:51:50 [INFO] Execution step: Body
08:51:50 [INFO] Saved temporary table: 7039 entries (55314)
08:51:50 [INFO] Execution step: Duplicate Elimination (Datalog)
08:51:50 [INFO] Saved permanent table http://rulewerk.semantic-web.org/inferred/subClassOf (246) Permutation { idx_to_val: [], val_to_idx: [] } with 1136 entries (18262)
08:51:50 [INFO] Rule duration: 50 ms
08:51:50 [INFO] <<< STEP 247: APPLYING RULE 7 http://rulewerk.semantic-web.org/inferred/subClassOf(?E, ?Y) :- http://rulewerk.semantic-web.org/inferred/ex(?E, ?R, ?C), http://rulewerk.semantic-web.org/inferred/subClassOf(?C, ?D), http://rulewerk.semantic-web.org/normalForm/subProp(?R, ?S), http://rulewerk.semantic-web.org/normalForm/exists(?Y, ?S, ?D), http://rulewerk.semantic-web.org/normalForm/isSubClass(?Y) >>>
08:51:50 [INFO] Execution step: Body
08:51:50 [INFO] Trie does not contain any elements
08:51:50 [INFO] Execution step: Duplicate Elimination (Datalog)
08:51:50 [INFO] Trie does not contain any elements
08:51:50 [INFO] Rule duration: 0 ms
08:51:50 [INFO] <<< STEP 248: APPLYING RULE 8 http://rulewerk.semantic-web.org/inferred/ex(?E, ?S, ?D) :- http://rulewerk.semantic-web.org/inferred/ex(?E, ?R1, ?C), http://rulewerk.semantic-web.org/inferred/ex(?C, ?R2, ?D), http://rulewerk.semantic-web.org/normalForm/subProp(?R1, ?S1), http://rulewerk.semantic-web.org/normalForm/subProp(?R2, ?S2), http://rulewerk.semantic-web.org/normalForm/subPropChain(?S1, ?S2, ?S) >>>
08:51:50 [INFO] Execution step: Body
08:51:50 [INFO] Trie does not contain any elements
08:51:50 [INFO] Execution step: Duplicate Elimination (Datalog)
08:51:50 [INFO] Trie does not contain any elements
08:51:50 [INFO] Rule duration: 1 ms
08:51:50 [INFO] <<< STEP 249: APPLYING RULE 9 http://rulewerk.semantic-web.org/inferred/subClassOf(?C, ?E) :- http://rulewerk.semantic-web.org/inferred/subClassOf(?C, ?D), http://rulewerk.semantic-web.org/normalForm/subClassOf(?D, ?E) >>>
08:51:50 [INFO] Execution step: Body
08:51:50 [INFO] Saved temporary table: 2193 entries (28094)
08:51:50 [INFO] Execution step: Duplicate Elimination (Datalog)
08:51:50 [INFO] Saved permanent table http://rulewerk.semantic-web.org/inferred/subClassOf (249) Permutation { idx_to_val: [], val_to_idx: [] } with 2193 entries (28142)
08:51:50 [INFO] Rule duration: 7 ms
08:51:50 [INFO] <<< STEP 250: APPLYING RULE 9 http://rulewerk.semantic-web.org/inferred/subClassOf(?C, ?E) :- http://rulewerk.semantic-web.org/inferred/subClassOf(?C, ?D), http://rulewerk.semantic-web.org/normalForm/subClassOf(?D, ?E) >>>
08:51:50 [INFO] Execution step: Body
08:51:50 [INFO] Saved temporary table: 2446 entries (29106)
08:51:50 [INFO] Execution step: Duplicate Elimination (Datalog)
08:51:50 [INFO] Saved permanent table http://rulewerk.semantic-web.org/inferred/subClassOf (250) Permutation { idx_to_val: [], val_to_idx: [] } with 132 entries (9146)
08:51:50 [INFO] Rule duration: 8 ms
08:51:50 [INFO] <<< STEP 251: APPLYING RULE 9 http://rulewerk.semantic-web.org/inferred/subClassOf(?C, ?E) :- http://rulewerk.semantic-web.org/inferred/subClassOf(?C, ?D), http://rulewerk.semantic-web.org/normalForm/subClassOf(?D, ?E) >>>
08:51:50 [INFO] Execution step: Body
08:51:50 [INFO] Trie does not contain any elements
08:51:50 [INFO] Execution step: Duplicate Elimination (Datalog)
08:51:50 [INFO] Trie does not contain any elements
08:51:50 [INFO] Rule duration: 0 ms
08:51:50 [INFO] <<< STEP 252: APPLYING RULE 10 http://rulewerk.semantic-web.org/inferred/subClassOf(?E, "<http://www.w3.org/2002/07/owl#Nothing>") :- http://rulewerk.semantic-web.org/inferred/ex(?E, ?R, ?C), http://rulewerk.semantic-web.org/inferred/subClassOf(?C, ?_BODY_1), Equal(?_BODY_1, "<http://www.w3.org/2002/07/owl#Nothing>") >>>
08:51:50 [INFO] Execution step: Body
08:51:50 [INFO] Trie does not contain any elements
08:51:50 [INFO] Execution step: Duplicate Elimination (Datalog)
08:51:50 [INFO] Trie does not contain any elements
08:51:50 [INFO] Rule duration: 3 ms
08:51:50 [INFO] <<< STEP 253: APPLYING RULE 1 http://rulewerk.semantic-web.org/inferred/init(?C) :- http://rulewerk.semantic-web.org/inferred/ex(?E, ?R, ?C) >>>
08:51:50 [INFO] Execution step: Body
08:51:50 [INFO] Saved temporary table: 143 entries (3972)
08:51:50 [INFO] Execution step: Duplicate Elimination (Datalog)
08:51:50 [INFO] Trie does not contain any elements
08:51:50 [INFO] Rule duration: 2 ms
08:51:50 [INFO] <<< STEP 254: APPLYING RULE 2 http://rulewerk.semantic-web.org/inferred/subClassOf(?C, ?C) :- http://rulewerk.semantic-web.org/inferred/init(?C) >>>
08:51:50 [INFO] Execution step: Body
08:51:50 [INFO] Trie does not contain any elements
08:51:50 [INFO] Execution step: Duplicate Elimination (Datalog)
08:51:50 [INFO] Trie does not contain any elements
08:51:50 [INFO] Rule duration: 0 ms
08:51:50 [INFO] <<< STEP 255: APPLYING RULE 4 http://rulewerk.semantic-web.org/inferred/subClassOf(?C, ?D1), http://rulewerk.semantic-web.org/inferred/subClassOf(?C, ?D2) :- http://rulewerk.semantic-web.org/inferred/subClassOf(?C, ?Y), http://rulewerk.semantic-web.org/normalForm/conj(?Y, ?D1, ?D2) >>>
08:51:50 [INFO] Execution step: Body
08:51:50 [INFO] Saved temporary table: 2870 entries (34450)
08:51:50 [INFO] Saved temporary table: 2725 entries (33870)
08:51:50 [INFO] Execution step: Duplicate Elimination (Datalog)
08:51:50 [INFO] Trie does not contain any elements
08:51:50 [INFO] Rule duration: 24 ms
08:51:50 [INFO] <<< STEP 256: APPLYING RULE 5 http://rulewerk.semantic-web.org/inferred/subClassOf(?C, ?I) :- http://rulewerk.semantic-web.org/inferred/subClassOf(?C, ?D1), http://rulewerk.semantic-web.org/inferred/subClassOf(?C, ?D2), http://rulewerk.semantic-web.org/normalForm/conj(?I, ?D1, ?D2), http://rulewerk.semantic-web.org/normalForm/isSubClass(?I) >>>
08:51:50 [INFO] Execution step: Body
08:51:50 [INFO] Saved temporary table: 1118 entries (18394)
08:51:50 [INFO] Execution step: Duplicate Elimination (Datalog)
08:51:50 [INFO] Saved permanent table http://rulewerk.semantic-web.org/inferred/subClassOf (256) Permutation { idx_to_val: [], val_to_idx: [] } with 1118 entries (18442)
08:51:50 [INFO] Rule duration: 67 ms
08:51:50 [INFO] <<< STEP 257: APPLYING RULE 5 http://rulewerk.semantic-web.org/inferred/subClassOf(?C, ?I) :- http://rulewerk.semantic-web.org/inferred/subClassOf(?C, ?D1), http://rulewerk.semantic-web.org/inferred/subClassOf(?C, ?D2), http://rulewerk.semantic-web.org/normalForm/conj(?I, ?D1, ?D2), http://rulewerk.semantic-web.org/normalForm/isSubClass(?I) >>>
08:51:50 [INFO] Execution step: Body
08:51:50 [INFO] Saved temporary table: 108 entries (8702)
08:51:50 [INFO] Execution step: Duplicate Elimination (Datalog)
08:51:50 [INFO] Saved permanent table http://rulewerk.semantic-web.org/inferred/subClassOf (257) Permutation { idx_to_val: [], val_to_idx: [] } with 108 entries (8750)
08:51:50 [INFO] Rule duration: 28 ms
08:51:50 [INFO] Execution step: Combining Tables
08:51:50 [INFO] Saved permanent table http://rulewerk.semantic-web.org/inferred/subClassOf (237-259) Permutation { idx_to_val: [], val_to_idx: [] } with 8097 entries (57458)
08:51:50 [INFO] <<< STEP 258: APPLYING RULE 5 http://rulewerk.semantic-web.org/inferred/subClassOf(?C, ?I) :- http://rulewerk.semantic-web.org/inferred/subClassOf(?C, ?D1), http://rulewerk.semantic-web.org/inferred/subClassOf(?C, ?D2), http://rulewerk.semantic-web.org/normalForm/conj(?I, ?D1, ?D2), http://rulewerk.semantic-web.org/normalForm/isSubClass(?I) >>>
08:51:50 [INFO] Execution step: Body
08:51:50 [INFO] Trie does not contain any elements
08:51:50 [INFO] Execution step: Duplicate Elimination (Datalog)
08:51:50 [INFO] Trie does not contain any elements
08:51:50 [INFO] Rule duration: 5 ms
08:51:50 [INFO] <<< STEP 259: APPLYING RULE 6 http://rulewerk.semantic-web.org/inferred/ex(?E, ?R, ?C) :- http://rulewerk.semantic-web.org/inferred/subClassOf(?E, ?Y), http://rulewerk.semantic-web.org/normalForm/exists(?Y, ?R, ?C) >>>
08:51:50 [INFO] Execution step: Body
08:51:50 [INFO] Saved temporary table: 1268 entries (33884)
08:51:50 [INFO] Execution step: Duplicate Elimination (Datalog)
08:51:50 [INFO] Saved permanent table http://rulewerk.semantic-web.org/inferred/ex (259) Permutation { idx_to_val: [], val_to_idx: [] } with 1268 entries (33932)
08:51:50 [INFO] Rule duration: 3 ms
08:51:50 [INFO] Execution step: Combining Tables
08:51:50 [INFO] Saved permanent table http://rulewerk.semantic-web.org/inferred/ex (0-261) Permutation { idx_to_val: [], val_to_idx: [] } with 309106 entries (3432676)
08:51:50 [INFO] <<< STEP 260: APPLYING RULE 7 http://rulewerk.semantic-web.org/inferred/subClassOf(?E, ?Y) :- http://rulewerk.semantic-web.org/inferred/ex(?E, ?R, ?C), http://rulewerk.semantic-web.org/inferred/subClassOf(?C, ?D), http://rulewerk.semantic-web.org/normalForm/subProp(?R, ?S), http://rulewerk.semantic-web.org/normalForm/exists(?Y, ?S, ?D), http://rulewerk.semantic-web.org/normalForm/isSubClass(?Y) >>>
08:51:50 [INFO] Execution step: Body
08:51:50 [INFO] Saved temporary table: 2095 entries (22998)
08:51:50 [INFO] Execution step: Duplicate Elimination (Datalog)
08:51:50 [INFO] Saved permanent table http://rulewerk.semantic-web.org/inferred/subClassOf (260) Permutation { idx_to_val: [], val_to_idx: [] } with 243 entries (9866)
08:51:50 [INFO] Rule duration: 11 ms
08:51:50 [INFO] <<< STEP 261: APPLYING RULE 7 http://rulewerk.semantic-web.org/inferred/subClassOf(?E, ?Y) :- http://rulewerk.semantic-web.org/inferred/ex(?E, ?R, ?C), http://rulewerk.semantic-web.org/inferred/subClassOf(?C, ?D), http://rulewerk.semantic-web.org/normalForm/subProp(?R, ?S), http://rulewerk.semantic-web.org/normalForm/exists(?Y, ?S, ?D), http://rulewerk.semantic-web.org/normalForm/isSubClass(?Y) >>>
08:51:50 [INFO] Execution step: Body
08:51:50 [INFO] Trie does not contain any elements
08:51:50 [INFO] Execution step: Duplicate Elimination (Datalog)
08:51:50 [INFO] Trie does not contain any elements
08:51:50 [INFO] Rule duration: 175 ms
08:51:50 [INFO] <<< STEP 262: APPLYING RULE 8 http://rulewerk.semantic-web.org/inferred/ex(?E, ?S, ?D) :- http://rulewerk.semantic-web.org/inferred/ex(?E, ?R1, ?C), http://rulewerk.semantic-web.org/inferred/ex(?C, ?R2, ?D), http://rulewerk.semantic-web.org/normalForm/subProp(?R1, ?S1), http://rulewerk.semantic-web.org/normalForm/subProp(?R2, ?S2), http://rulewerk.semantic-web.org/normalForm/subPropChain(?S1, ?S2, ?S) >>>
08:51:50 [INFO] Execution step: Body
08:51:50 [INFO] Trie does not contain any elements
08:51:50 [INFO] Execution step: Duplicate Elimination (Datalog)
08:51:50 [INFO] Trie does not contain any elements
08:51:50 [INFO] Rule duration: 100 ms
08:51:50 [INFO] <<< STEP 263: APPLYING RULE 9 http://rulewerk.semantic-web.org/inferred/subClassOf(?C, ?E) :- http://rulewerk.semantic-web.org/inferred/subClassOf(?C, ?D), http://rulewerk.semantic-web.org/normalForm/subClassOf(?D, ?E) >>>
08:51:50 [INFO] Execution step: Body
08:51:50 [INFO] Saved temporary table: 810 entries (17066)
08:51:50 [INFO] Execution step: Duplicate Elimination (Datalog)
08:51:50 [INFO] Saved permanent table http://rulewerk.semantic-web.org/inferred/subClassOf (263) Permutation { idx_to_val: [], val_to_idx: [] } with 810 entries (17114)
08:51:50 [INFO] Rule duration: 8 ms
08:51:50 [INFO] <<< STEP 264: APPLYING RULE 9 http://rulewerk.semantic-web.org/inferred/subClassOf(?C, ?E) :- http://rulewerk.semantic-web.org/inferred/subClassOf(?C, ?D), http://rulewerk.semantic-web.org/normalForm/subClassOf(?D, ?E) >>>
08:51:50 [INFO] Execution step: Body
08:51:50 [INFO] Saved temporary table: 873 entries (17318)
08:51:50 [INFO] Execution step: Duplicate Elimination (Datalog)
08:51:50 [INFO] Saved permanent table http://rulewerk.semantic-web.org/inferred/subClassOf (264) Permutation { idx_to_val: [], val_to_idx: [] } with 55 entries (7676)
08:51:50 [INFO] Rule duration: 7 ms
08:51:50 [INFO] <<< STEP 265: APPLYING RULE 9 http://rulewerk.semantic-web.org/inferred/subClassOf(?C, ?E) :- http://rulewerk.semantic-web.org/inferred/subClassOf(?C, ?D), http://rulewerk.semantic-web.org/normalForm/subClassOf(?D, ?E) >>>
08:51:50 [INFO] Execution step: Body
08:51:50 [INFO] Trie does not contain any elements
08:51:50 [INFO] Execution step: Duplicate Elimination (Datalog)
08:51:50 [INFO] Trie does not contain any elements
08:51:50 [INFO] Rule duration: 0 ms
08:51:50 [INFO] <<< STEP 266: APPLYING RULE 10 http://rulewerk.semantic-web.org/inferred/subClassOf(?E, "<http://www.w3.org/2002/07/owl#Nothing>") :- http://rulewerk.semantic-web.org/inferred/ex(?E, ?R, ?C), http://rulewerk.semantic-web.org/inferred/subClassOf(?C, ?_BODY_1), Equal(?_BODY_1, "<http://www.w3.org/2002/07/owl#Nothing>") >>>
08:51:50 [INFO] Execution step: Body
08:51:50 [INFO] Trie does not contain any elements
08:51:50 [INFO] Execution step: Duplicate Elimination (Datalog)
08:51:50 [INFO] Trie does not contain any elements
08:51:50 [INFO] Rule duration: 2 ms
08:51:50 [INFO] <<< STEP 267: APPLYING RULE 1 http://rulewerk.semantic-web.org/inferred/init(?C) :- http://rulewerk.semantic-web.org/inferred/ex(?E, ?R, ?C) >>>
08:51:50 [INFO] Execution step: Body
08:51:50 [INFO] Saved temporary table: 77 entries (3708)
08:51:50 [INFO] Execution step: Duplicate Elimination (Datalog)
08:51:50 [INFO] Trie does not contain any elements
08:51:50 [INFO] Rule duration: 1 ms
08:51:50 [INFO] <<< STEP 268: APPLYING RULE 2 http://rulewerk.semantic-web.org/inferred/subClassOf(?C, ?C) :- http://rulewerk.semantic-web.org/inferred/init(?C) >>>
08:51:50 [INFO] Execution step: Body
08:51:50 [INFO] Trie does not contain any elements
08:51:50 [INFO] Execution step: Duplicate Elimination (Datalog)
08:51:50 [INFO] Trie does not contain any elements
08:51:50 [INFO] Rule duration: 0 ms
08:51:50 [INFO] <<< STEP 269: APPLYING RULE 4 http://rulewerk.semantic-web.org/inferred/subClassOf(?C, ?D1), http://rulewerk.semantic-web.org/inferred/subClassOf(?C, ?D2) :- http://rulewerk.semantic-web.org/inferred/subClassOf(?C, ?Y), http://rulewerk.semantic-web.org/normalForm/conj(?Y, ?D1, ?D2) >>>
08:51:50 [INFO] Execution step: Body
08:51:50 [INFO] Saved temporary table: 1061 entries (18166)
08:51:50 [INFO] Saved temporary table: 940 entries (17682)
08:51:50 [INFO] Execution step: Duplicate Elimination (Datalog)
08:51:50 [INFO] Trie does not contain any elements
08:51:50 [INFO] Rule duration: 11 ms
08:51:50 [INFO] <<< STEP 270: APPLYING RULE 5 http://rulewerk.semantic-web.org/inferred/subClassOf(?C, ?I) :- http://rulewerk.semantic-web.org/inferred/subClassOf(?C, ?D1), http://rulewerk.semantic-web.org/inferred/subClassOf(?C, ?D2), http://rulewerk.semantic-web.org/normalForm/conj(?I, ?D1, ?D2), http://rulewerk.semantic-web.org/normalForm/isSubClass(?I) >>>
08:51:50 [INFO] Execution step: Body
08:51:50 [INFO] Saved temporary table: 338 entries (10210)
08:51:50 [INFO] Execution step: Duplicate Elimination (Datalog)
08:51:50 [INFO] Saved permanent table http://rulewerk.semantic-web.org/inferred/subClassOf (270) Permutation { idx_to_val: [], val_to_idx: [] } with 338 entries (10258)
08:51:50 [INFO] Rule duration: 34 ms
08:51:50 [INFO] <<< STEP 271: APPLYING RULE 5 http://rulewerk.semantic-web.org/inferred/subClassOf(?C, ?I) :- http://rulewerk.semantic-web.org/inferred/subClassOf(?C, ?D1), http://rulewerk.semantic-web.org/inferred/subClassOf(?C, ?D2), http://rulewerk.semantic-web.org/normalForm/conj(?I, ?D1, ?D2), http://rulewerk.semantic-web.org/normalForm/isSubClass(?I) >>>
08:51:50 [INFO] Execution step: Body
08:51:50 [INFO] Saved temporary table: 48 entries (9488)
08:51:50 [INFO] Execution step: Duplicate Elimination (Datalog)
08:51:50 [INFO] Saved permanent table http://rulewerk.semantic-web.org/inferred/subClassOf (271) Permutation { idx_to_val: [], val_to_idx: [] } with 48 entries (9536)
08:51:50 [INFO] Rule duration: 8 ms
08:51:50 [INFO] <<< STEP 272: APPLYING RULE 5 http://rulewerk.semantic-web.org/inferred/subClassOf(?C, ?I) :- http://rulewerk.semantic-web.org/inferred/subClassOf(?C, ?D1), http://rulewerk.semantic-web.org/inferred/subClassOf(?C, ?D2), http://rulewerk.semantic-web.org/normalForm/conj(?I, ?D1, ?D2), http://rulewerk.semantic-web.org/normalForm/isSubClass(?I) >>>
08:51:50 [INFO] Execution step: Body
08:51:50 [INFO] Trie does not contain any elements
08:51:50 [INFO] Execution step: Duplicate Elimination (Datalog)
08:51:50 [INFO] Trie does not contain any elements
08:51:50 [INFO] Rule duration: 3 ms
08:51:50 [INFO] <<< STEP 273: APPLYING RULE 6 http://rulewerk.semantic-web.org/inferred/ex(?E, ?R, ?C) :- http://rulewerk.semantic-web.org/inferred/subClassOf(?E, ?Y), http://rulewerk.semantic-web.org/normalForm/exists(?Y, ?R, ?C) >>>
08:51:50 [INFO] Execution step: Body
08:51:50 [INFO] Saved temporary table: 298 entries (16516)
08:51:50 [INFO] Execution step: Duplicate Elimination (Datalog)
08:51:50 [INFO] Saved permanent table http://rulewerk.semantic-web.org/inferred/ex (273) Permutation { idx_to_val: [], val_to_idx: [] } with 298 entries (16564)
08:51:50 [INFO] Rule duration: 1 ms
08:51:50 [INFO] <<< STEP 274: APPLYING RULE 7 http://rulewerk.semantic-web.org/inferred/subClassOf(?E, ?Y) :- http://rulewerk.semantic-web.org/inferred/ex(?E, ?R, ?C), http://rulewerk.semantic-web.org/inferred/subClassOf(?C, ?D), http://rulewerk.semantic-web.org/normalForm/subProp(?R, ?S), http://rulewerk.semantic-web.org/normalForm/exists(?Y, ?S, ?D), http://rulewerk.semantic-web.org/normalForm/isSubClass(?Y) >>>
08:51:50 [INFO] Execution step: Body
08:51:50 [INFO] Saved temporary table: 667 entries (11946)
08:51:50 [INFO] Execution step: Duplicate Elimination (Datalog)
08:51:50 [INFO] Saved permanent table http://rulewerk.semantic-web.org/inferred/subClassOf (274) Permutation { idx_to_val: [], val_to_idx: [] } with 134 entries (8518)
08:51:50 [INFO] Rule duration: 7 ms
08:51:50 [INFO] <<< STEP 275: APPLYING RULE 7 http://rulewerk.semantic-web.org/inferred/subClassOf(?E, ?Y) :- http://rulewerk.semantic-web.org/inferred/ex(?E, ?R, ?C), http://rulewerk.semantic-web.org/inferred/subClassOf(?C, ?D), http://rulewerk.semantic-web.org/normalForm/subProp(?R, ?S), http://rulewerk.semantic-web.org/normalForm/exists(?Y, ?S, ?D), http://rulewerk.semantic-web.org/normalForm/isSubClass(?Y) >>>
08:51:50 [INFO] Execution step: Body
08:51:50 [INFO] Trie does not contain any elements
08:51:50 [INFO] Execution step: Duplicate Elimination (Datalog)
08:51:50 [INFO] Trie does not contain any elements
08:51:50 [INFO] Rule duration: 1 ms
08:51:50 [INFO] <<< STEP 276: APPLYING RULE 8 http://rulewerk.semantic-web.org/inferred/ex(?E, ?S, ?D) :- http://rulewerk.semantic-web.org/inferred/ex(?E, ?R1, ?C), http://rulewerk.semantic-web.org/inferred/ex(?C, ?R2, ?D), http://rulewerk.semantic-web.org/normalForm/subProp(?R1, ?S1), http://rulewerk.semantic-web.org/normalForm/subProp(?R2, ?S2), http://rulewerk.semantic-web.org/normalForm/subPropChain(?S1, ?S2, ?S) >>>
08:51:50 [INFO] Execution step: Body
08:51:50 [INFO] Trie does not contain any elements
08:51:50 [INFO] Execution step: Duplicate Elimination (Datalog)
08:51:50 [INFO] Trie does not contain any elements
08:51:50 [INFO] Rule duration: 0 ms
08:51:50 [INFO] <<< STEP 277: APPLYING RULE 9 http://rulewerk.semantic-web.org/inferred/subClassOf(?C, ?E) :- http://rulewerk.semantic-web.org/inferred/subClassOf(?C, ?D), http://rulewerk.semantic-web.org/normalForm/subClassOf(?D, ?E) >>>
08:51:50 [INFO] Execution step: Body
08:51:50 [INFO] Saved temporary table: 276 entries (9950)
08:51:50 [INFO] Execution step: Duplicate Elimination (Datalog)
08:51:50 [INFO] Saved permanent table http://rulewerk.semantic-web.org/inferred/subClassOf (277) Permutation { idx_to_val: [], val_to_idx: [] } with 276 entries (9998)
08:51:50 [INFO] Rule duration: 2 ms
08:51:50 [INFO] <<< STEP 278: APPLYING RULE 9 http://rulewerk.semantic-web.org/inferred/subClassOf(?C, ?E) :- http://rulewerk.semantic-web.org/inferred/subClassOf(?C, ?D), http://rulewerk.semantic-web.org/normalForm/subClassOf(?D, ?E) >>>
08:51:50 [INFO] Execution step: Body
08:51:50 [INFO] Saved temporary table: 328 entries (10158)
08:51:50 [INFO] Execution step: Duplicate Elimination (Datalog)
08:51:50 [INFO] Saved permanent table http://rulewerk.semantic-web.org/inferred/subClassOf (278) Permutation { idx_to_val: [], val_to_idx: [] } with 21 entries (7816)
08:51:50 [INFO] Rule duration: 2 ms
08:51:50 [INFO] Execution step: Combining Tables
08:51:50 [INFO] Saved permanent table http://rulewerk.semantic-web.org/inferred/subClassOf (259-280) Permutation { idx_to_val: [], val_to_idx: [] } with 1925 entries (22270)
08:51:50 [INFO] <<< STEP 279: APPLYING RULE 9 http://rulewerk.semantic-web.org/inferred/subClassOf(?C, ?E) :- http://rulewerk.semantic-web.org/inferred/subClassOf(?C, ?D), http://rulewerk.semantic-web.org/normalForm/subClassOf(?D, ?E) >>>
08:51:50 [INFO] Execution step: Body
08:51:50 [INFO] Trie does not contain any elements
08:51:50 [INFO] Execution step: Duplicate Elimination (Datalog)
08:51:50 [INFO] Trie does not contain any elements
08:51:50 [INFO] Rule duration: 0 ms
08:51:50 [INFO] <<< STEP 280: APPLYING RULE 10 http://rulewerk.semantic-web.org/inferred/subClassOf(?E, "<http://www.w3.org/2002/07/owl#Nothing>") :- http://rulewerk.semantic-web.org/inferred/ex(?E, ?R, ?C), http://rulewerk.semantic-web.org/inferred/subClassOf(?C, ?_BODY_1), Equal(?_BODY_1, "<http://www.w3.org/2002/07/owl#Nothing>") >>>
08:51:50 [INFO] Execution step: Body
08:51:50 [INFO] Trie does not contain any elements
08:51:50 [INFO] Execution step: Duplicate Elimination (Datalog)
08:51:50 [INFO] Trie does not contain any elements
08:51:50 [INFO] Rule duration: 1 ms
08:51:50 [INFO] <<< STEP 281: APPLYING RULE 1 http://rulewerk.semantic-web.org/inferred/init(?C) :- http://rulewerk.semantic-web.org/inferred/ex(?E, ?R, ?C) >>>
08:51:50 [INFO] Execution step: Body
08:51:50 [INFO] Saved temporary table: 44 entries (3576)
08:51:50 [INFO] Execution step: Duplicate Elimination (Datalog)
08:51:50 [INFO] Trie does not contain any elements
08:51:50 [INFO] Rule duration: 0 ms
08:51:50 [INFO] <<< STEP 282: APPLYING RULE 2 http://rulewerk.semantic-web.org/inferred/subClassOf(?C, ?C) :- http://rulewerk.semantic-web.org/inferred/init(?C) >>>
08:51:50 [INFO] Execution step: Body
08:51:50 [INFO] Trie does not contain any elements
08:51:50 [INFO] Execution step: Duplicate Elimination (Datalog)
08:51:50 [INFO] Trie does not contain any elements
08:51:50 [INFO] Rule duration: 0 ms
08:51:50 [INFO] <<< STEP 283: APPLYING RULE 4 http://rulewerk.semantic-web.org/inferred/subClassOf(?C, ?D1), http://rulewerk.semantic-web.org/inferred/subClassOf(?C, ?D2) :- http://rulewerk.semantic-web.org/inferred/subClassOf(?C, ?Y), http://rulewerk.semantic-web.org/normalForm/conj(?Y, ?D1, ?D2) >>>
08:51:50 [INFO] Execution step: Body
08:51:50 [INFO] Saved temporary table: 335 entries (10198)
08:51:50 [INFO] Saved temporary table: 297 entries (10046)
08:51:50 [INFO] Execution step: Duplicate Elimination (Datalog)
08:51:50 [INFO] Trie does not contain any elements
08:51:50 [INFO] Rule duration: 4 ms
08:51:50 [INFO] <<< STEP 284: APPLYING RULE 5 http://rulewerk.semantic-web.org/inferred/subClassOf(?C, ?I) :- http://rulewerk.semantic-web.org/inferred/subClassOf(?C, ?D1), http://rulewerk.semantic-web.org/inferred/subClassOf(?C, ?D2), http://rulewerk.semantic-web.org/normalForm/conj(?I, ?D1, ?D2), http://rulewerk.semantic-web.org/normalForm/isSubClass(?I) >>>
08:51:50 [INFO] Execution step: Body
08:51:50 [INFO] Saved temporary table: 142 entries (8574)
08:51:50 [INFO] Execution step: Duplicate Elimination (Datalog)
08:51:50 [INFO] Saved permanent table http://rulewerk.semantic-web.org/inferred/subClassOf (284) Permutation { idx_to_val: [], val_to_idx: [] } with 142 entries (8622)
08:51:50 [INFO] Rule duration: 11 ms
08:51:50 [INFO] <<< STEP 285: APPLYING RULE 5 http://rulewerk.semantic-web.org/inferred/subClassOf(?C, ?I) :- http://rulewerk.semantic-web.org/inferred/subClassOf(?C, ?D1), http://rulewerk.semantic-web.org/inferred/subClassOf(?C, ?D2), http://rulewerk.semantic-web.org/normalForm/conj(?I, ?D1, ?D2), http://rulewerk.semantic-web.org/normalForm/isSubClass(?I) >>>
08:51:50 [INFO] Execution step: Body
08:51:50 [INFO] Saved temporary table: 30 entries (8480)
08:51:50 [INFO] Execution step: Duplicate Elimination (Datalog)
08:51:50 [INFO] Saved permanent table http://rulewerk.semantic-web.org/inferred/subClassOf (285) Permutation { idx_to_val: [], val_to_idx: [] } with 30 entries (8528)
08:51:50 [INFO] Rule duration: 5 ms
08:51:50 [INFO] <<< STEP 286: APPLYING RULE 5 http://rulewerk.semantic-web.org/inferred/subClassOf(?C, ?I) :- http://rulewerk.semantic-web.org/inferred/subClassOf(?C, ?D1), http://rulewerk.semantic-web.org/inferred/subClassOf(?C, ?D2), http://rulewerk.semantic-web.org/normalForm/conj(?I, ?D1, ?D2), http://rulewerk.semantic-web.org/normalForm/isSubClass(?I) >>>
08:51:50 [INFO] Execution step: Body
08:51:50 [INFO] Trie does not contain any elements
08:51:50 [INFO] Execution step: Duplicate Elimination (Datalog)
08:51:50 [INFO] Trie does not contain any elements
08:51:50 [INFO] Rule duration: 2 ms
08:51:50 [INFO] <<< STEP 287: APPLYING RULE 6 http://rulewerk.semantic-web.org/inferred/ex(?E, ?R, ?C) :- http://rulewerk.semantic-web.org/inferred/subClassOf(?E, ?Y), http://rulewerk.semantic-web.org/normalForm/exists(?Y, ?R, ?C) >>>
08:51:50 [INFO] Execution step: Body
08:51:50 [INFO] Saved temporary table: 155 entries (13448)
08:51:50 [INFO] Execution step: Duplicate Elimination (Datalog)
08:51:50 [INFO] Saved permanent table http://rulewerk.semantic-web.org/inferred/ex (287) Permutation { idx_to_val: [], val_to_idx: [] } with 155 entries (13496)
08:51:50 [INFO] Rule duration: 1 ms
08:51:50 [INFO] <<< STEP 288: APPLYING RULE 7 http://rulewerk.semantic-web.org/inferred/subClassOf(?E, ?Y) :- http://rulewerk.semantic-web.org/inferred/ex(?E, ?R, ?C), http://rulewerk.semantic-web.org/inferred/subClassOf(?C, ?D), http://rulewerk.semantic-web.org/normalForm/subProp(?R, ?S), http://rulewerk.semantic-web.org/normalForm/exists(?Y, ?S, ?D), http://rulewerk.semantic-web.org/normalForm/isSubClass(?Y) >>>
08:51:50 [INFO] Execution step: Body
08:51:50 [INFO] Saved temporary table: 213 entries (8978)
08:51:50 [INFO] Execution step: Duplicate Elimination (Datalog)
08:51:50 [INFO] Saved permanent table http://rulewerk.semantic-web.org/inferred/subClassOf (288) Permutation { idx_to_val: [], val_to_idx: [] } with 36 entries (8344)
08:51:50 [INFO] Rule duration: 3 ms
08:51:50 [INFO] <<< STEP 289: APPLYING RULE 7 http://rulewerk.semantic-web.org/inferred/subClassOf(?E, ?Y) :- http://rulewerk.semantic-web.org/inferred/ex(?E, ?R, ?C), http://rulewerk.semantic-web.org/inferred/subClassOf(?C, ?D), http://rulewerk.semantic-web.org/normalForm/subProp(?R, ?S), http://rulewerk.semantic-web.org/normalForm/exists(?Y, ?S, ?D), http://rulewerk.semantic-web.org/normalForm/isSubClass(?Y) >>>
08:51:50 [INFO] Execution step: Body
08:51:50 [INFO] Trie does not contain any elements
08:51:50 [INFO] Execution step: Duplicate Elimination (Datalog)
08:51:50 [INFO] Trie does not contain any elements
08:51:50 [INFO] Rule duration: 1 ms
08:51:50 [INFO] <<< STEP 290: APPLYING RULE 8 http://rulewerk.semantic-web.org/inferred/ex(?E, ?S, ?D) :- http://rulewerk.semantic-web.org/inferred/ex(?E, ?R1, ?C), http://rulewerk.semantic-web.org/inferred/ex(?C, ?R2, ?D), http://rulewerk.semantic-web.org/normalForm/subProp(?R1, ?S1), http://rulewerk.semantic-web.org/normalForm/subProp(?R2, ?S2), http://rulewerk.semantic-web.org/normalForm/subPropChain(?S1, ?S2, ?S) >>>
08:51:50 [INFO] Execution step: Body
08:51:50 [INFO] Trie does not contain any elements
08:51:50 [INFO] Execution step: Duplicate Elimination (Datalog)
08:51:50 [INFO] Trie does not contain any elements
08:51:50 [INFO] Rule duration: 0 ms
08:51:50 [INFO] <<< STEP 291: APPLYING RULE 9 http://rulewerk.semantic-web.org/inferred/subClassOf(?C, ?E) :- http://rulewerk.semantic-web.org/inferred/subClassOf(?C, ?D), http://rulewerk.semantic-web.org/normalForm/subClassOf(?D, ?E) >>>
08:51:50 [INFO] Execution step: Body
08:51:50 [INFO] Saved temporary table: 89 entries (8314)
08:51:50 [INFO] Execution step: Duplicate Elimination (Datalog)
08:51:50 [INFO] Saved permanent table http://rulewerk.semantic-web.org/inferred/subClassOf (291) Permutation { idx_to_val: [], val_to_idx: [] } with 89 entries (8362)
08:51:50 [INFO] Rule duration: 1 ms
08:51:50 [INFO] <<< STEP 292: APPLYING RULE 9 http://rulewerk.semantic-web.org/inferred/subClassOf(?C, ?E) :- http://rulewerk.semantic-web.org/inferred/subClassOf(?C, ?D), http://rulewerk.semantic-web.org/normalForm/subClassOf(?D, ?E) >>>
08:51:50 [INFO] Execution step: Body
08:51:50 [INFO] Saved temporary table: 116 entries (8422)
08:51:50 [INFO] Execution step: Duplicate Elimination (Datalog)
08:51:50 [INFO] Saved permanent table http://rulewerk.semantic-web.org/inferred/subClassOf (292) Permutation { idx_to_val: [], val_to_idx: [] } with 27 entries (8360)
08:51:50 [INFO] Rule duration: 1 ms
08:51:50 [INFO] <<< STEP 293: APPLYING RULE 9 http://rulewerk.semantic-web.org/inferred/subClassOf(?C, ?E) :- http://rulewerk.semantic-web.org/inferred/subClassOf(?C, ?D), http://rulewerk.semantic-web.org/normalForm/subClassOf(?D, ?E) >>>
08:51:50 [INFO] Execution step: Body
08:51:50 [INFO] Trie does not contain any elements
08:51:50 [INFO] Execution step: Duplicate Elimination (Datalog)
08:51:50 [INFO] Trie does not contain any elements
08:51:50 [INFO] Rule duration: 0 ms
08:51:50 [INFO] <<< STEP 294: APPLYING RULE 10 http://rulewerk.semantic-web.org/inferred/subClassOf(?E, "<http://www.w3.org/2002/07/owl#Nothing>") :- http://rulewerk.semantic-web.org/inferred/ex(?E, ?R, ?C), http://rulewerk.semantic-web.org/inferred/subClassOf(?C, ?_BODY_1), Equal(?_BODY_1, "<http://www.w3.org/2002/07/owl#Nothing>") >>>
08:51:50 [INFO] Execution step: Body
08:51:50 [INFO] Trie does not contain any elements
08:51:50 [INFO] Execution step: Duplicate Elimination (Datalog)
08:51:50 [INFO] Trie does not contain any elements
08:51:50 [INFO] Rule duration: 1 ms
08:51:50 [INFO] <<< STEP 295: APPLYING RULE 1 http://rulewerk.semantic-web.org/inferred/init(?C) :- http://rulewerk.semantic-web.org/inferred/ex(?E, ?R, ?C) >>>
08:51:50 [INFO] Execution step: Body
08:51:50 [INFO] Saved temporary table: 26 entries (3504)
08:51:50 [INFO] Execution step: Duplicate Elimination (Datalog)
08:51:50 [INFO] Trie does not contain any elements
08:51:50 [INFO] Rule duration: 0 ms
08:51:50 [INFO] <<< STEP 296: APPLYING RULE 2 http://rulewerk.semantic-web.org/inferred/subClassOf(?C, ?C) :- http://rulewerk.semantic-web.org/inferred/init(?C) >>>
08:51:50 [INFO] Execution step: Body
08:51:50 [INFO] Trie does not contain any elements
08:51:50 [INFO] Execution step: Duplicate Elimination (Datalog)
08:51:50 [INFO] Trie does not contain any elements
08:51:50 [INFO] Rule duration: 0 ms
08:51:50 [INFO] <<< STEP 297: APPLYING RULE 4 http://rulewerk.semantic-web.org/inferred/subClassOf(?C, ?D1), http://rulewerk.semantic-web.org/inferred/subClassOf(?C, ?D2) :- http://rulewerk.semantic-web.org/inferred/subClassOf(?C, ?Y), http://rulewerk.semantic-web.org/normalForm/conj(?Y, ?D1, ?D2) >>>
08:51:50 [INFO] Execution step: Body
08:51:50 [INFO] Saved temporary table: 161 entries (8650)
08:51:50 [INFO] Saved temporary table: 136 entries (8550)
08:51:50 [INFO] Execution step: Duplicate Elimination (Datalog)
08:51:50 [INFO] Trie does not contain any elements
08:51:50 [INFO] Rule duration: 2 ms
08:51:50 [INFO] <<< STEP 298: APPLYING RULE 5 http://rulewerk.semantic-web.org/inferred/subClassOf(?C, ?I) :- http://rulewerk.semantic-web.org/inferred/subClassOf(?C, ?D1), http://rulewerk.semantic-web.org/inferred/subClassOf(?C, ?D2), http://rulewerk.semantic-web.org/normalForm/conj(?I, ?D1, ?D2), http://rulewerk.semantic-web.org/normalForm/isSubClass(?I) >>>
08:51:50 [INFO] Execution step: Body
08:51:50 [INFO] Saved temporary table: 78 entries (8880)
08:51:50 [INFO] Execution step: Duplicate Elimination (Datalog)
08:51:50 [INFO] Saved permanent table http://rulewerk.semantic-web.org/inferred/subClassOf (298) Permutation { idx_to_val: [], val_to_idx: [] } with 78 entries (8928)
08:51:50 [INFO] Rule duration: 5 ms
08:51:50 [INFO] <<< STEP 299: APPLYING RULE 5 http://rulewerk.semantic-web.org/inferred/subClassOf(?C, ?I) :- http://rulewerk.semantic-web.org/inferred/subClassOf(?C, ?D1), http://rulewerk.semantic-web.org/inferred/subClassOf(?C, ?D2), http://rulewerk.semantic-web.org/normalForm/conj(?I, ?D1, ?D2), http://rulewerk.semantic-web.org/normalForm/isSubClass(?I) >>>
08:51:50 [INFO] Execution step: Body
08:51:50 [INFO] Saved temporary table: 26 entries (8256)
08:51:50 [INFO] Execution step: Duplicate Elimination (Datalog)
08:51:50 [INFO] Saved permanent table http://rulewerk.semantic-web.org/inferred/subClassOf (299) Permutation { idx_to_val: [], val_to_idx: [] } with 26 entries (8304)
08:51:50 [INFO] Rule duration: 3 ms
08:51:50 [INFO] <<< STEP 300: APPLYING RULE 5 http://rulewerk.semantic-web.org/inferred/subClassOf(?C, ?I) :- http://rulewerk.semantic-web.org/inferred/subClassOf(?C, ?D1), http://rulewerk.semantic-web.org/inferred/subClassOf(?C, ?D2), http://rulewerk.semantic-web.org/normalForm/conj(?I, ?D1, ?D2), http://rulewerk.semantic-web.org/normalForm/isSubClass(?I) >>>
08:51:50 [INFO] Execution step: Body
08:51:50 [INFO] Trie does not contain any elements
08:51:50 [INFO] Execution step: Duplicate Elimination (Datalog)
08:51:50 [INFO] Trie does not contain any elements
08:51:50 [INFO] Rule duration: 2 ms
08:51:50 [INFO] <<< STEP 301: APPLYING RULE 6 http://rulewerk.semantic-web.org/inferred/ex(?E, ?R, ?C) :- http://rulewerk.semantic-web.org/inferred/subClassOf(?E, ?Y), http://rulewerk.semantic-web.org/normalForm/exists(?Y, ?R, ?C) >>>
08:51:50 [INFO] Execution step: Body
08:51:50 [INFO] Saved temporary table: 63 entries (13374)
08:51:50 [INFO] Execution step: Duplicate Elimination (Datalog)
08:51:50 [INFO] Saved permanent table http://rulewerk.semantic-web.org/inferred/ex (301) Permutation { idx_to_val: [], val_to_idx: [] } with 63 entries (13422)
08:51:50 [INFO] Rule duration: 0 ms
08:51:50 [INFO] <<< STEP 302: APPLYING RULE 7 http://rulewerk.semantic-web.org/inferred/subClassOf(?E, ?Y) :- http://rulewerk.semantic-web.org/inferred/ex(?E, ?R, ?C), http://rulewerk.semantic-web.org/inferred/subClassOf(?C, ?D), http://rulewerk.semantic-web.org/normalForm/subProp(?R, ?S), http://rulewerk.semantic-web.org/normalForm/exists(?Y, ?S, ?D), http://rulewerk.semantic-web.org/normalForm/isSubClass(?Y) >>>
08:51:50 [INFO] Execution step: Body
08:51:50 [INFO] Saved temporary table: 219 entries (9912)
08:51:50 [INFO] Execution step: Duplicate Elimination (Datalog)
08:51:50 [INFO] Saved permanent table http://rulewerk.semantic-web.org/inferred/subClassOf (302) Permutation { idx_to_val: [], val_to_idx: [] } with 70 entries (8792)
08:51:50 [INFO] Rule duration: 2 ms
08:51:50 [INFO] Execution step: Combining Tables
08:51:50 [INFO] Saved permanent table http://rulewerk.semantic-web.org/inferred/subClassOf (280-304) Permutation { idx_to_val: [], val_to_idx: [] } with 498 entries (10190)
08:51:50 [INFO] <<< STEP 303: APPLYING RULE 7 http://rulewerk.semantic-web.org/inferred/subClassOf(?E, ?Y) :- http://rulewerk.semantic-web.org/inferred/ex(?E, ?R, ?C), http://rulewerk.semantic-web.org/inferred/subClassOf(?C, ?D), http://rulewerk.semantic-web.org/normalForm/subProp(?R, ?S), http://rulewerk.semantic-web.org/normalForm/exists(?Y, ?S, ?D), http://rulewerk.semantic-web.org/normalForm/isSubClass(?Y) >>>
08:51:50 [INFO] Execution step: Body
08:51:50 [INFO] Trie does not contain any elements
08:51:50 [INFO] Execution step: Duplicate Elimination (Datalog)
08:51:50 [INFO] Trie does not contain any elements
08:51:50 [INFO] Rule duration: 1 ms
08:51:50 [INFO] <<< STEP 304: APPLYING RULE 8 http://rulewerk.semantic-web.org/inferred/ex(?E, ?S, ?D) :- http://rulewerk.semantic-web.org/inferred/ex(?E, ?R1, ?C), http://rulewerk.semantic-web.org/inferred/ex(?C, ?R2, ?D), http://rulewerk.semantic-web.org/normalForm/subProp(?R1, ?S1), http://rulewerk.semantic-web.org/normalForm/subProp(?R2, ?S2), http://rulewerk.semantic-web.org/normalForm/subPropChain(?S1, ?S2, ?S) >>>
08:51:50 [INFO] Execution step: Body
08:51:50 [INFO] Trie does not contain any elements
08:51:50 [INFO] Execution step: Duplicate Elimination (Datalog)
08:51:50 [INFO] Trie does not contain any elements
08:51:50 [INFO] Rule duration: 0 ms
08:51:50 [INFO] <<< STEP 305: APPLYING RULE 9 http://rulewerk.semantic-web.org/inferred/subClassOf(?C, ?E) :- http://rulewerk.semantic-web.org/inferred/subClassOf(?C, ?D), http://rulewerk.semantic-web.org/normalForm/subClassOf(?D, ?E) >>>
08:51:50 [INFO] Execution step: Body
08:51:50 [INFO] Saved temporary table: 73 entries (8860)
08:51:50 [INFO] Execution step: Duplicate Elimination (Datalog)
08:51:50 [INFO] Saved permanent table http://rulewerk.semantic-web.org/inferred/subClassOf (305) Permutation { idx_to_val: [], val_to_idx: [] } with 73 entries (8908)
08:51:50 [INFO] Rule duration: 1 ms
08:51:50 [INFO] <<< STEP 306: APPLYING RULE 9 http://rulewerk.semantic-web.org/inferred/subClassOf(?C, ?E) :- http://rulewerk.semantic-web.org/inferred/subClassOf(?C, ?D), http://rulewerk.semantic-web.org/normalForm/subClassOf(?D, ?E) >>>
08:51:50 [INFO] Execution step: Body
08:51:50 [INFO] Saved temporary table: 79 entries (8884)
08:51:50 [INFO] Execution step: Duplicate Elimination (Datalog)
08:51:50 [INFO] Saved permanent table http://rulewerk.semantic-web.org/inferred/subClassOf (306) Permutation { idx_to_val: [], val_to_idx: [] } with 1 entries (6904)
08:51:50 [INFO] Rule duration: 1 ms
08:51:50 [INFO] <<< STEP 307: APPLYING RULE 9 http://rulewerk.semantic-web.org/inferred/subClassOf(?C, ?E) :- http://rulewerk.semantic-web.org/inferred/subClassOf(?C, ?D), http://rulewerk.semantic-web.org/normalForm/subClassOf(?D, ?E) >>>
08:51:50 [INFO] Execution step: Body
08:51:50 [INFO] Trie does not contain any elements
08:51:50 [INFO] Execution step: Duplicate Elimination (Datalog)
08:51:50 [INFO] Trie does not contain any elements
08:51:50 [INFO] Rule duration: 0 ms
08:51:50 [INFO] <<< STEP 308: APPLYING RULE 10 http://rulewerk.semantic-web.org/inferred/subClassOf(?E, "<http://www.w3.org/2002/07/owl#Nothing>") :- http://rulewerk.semantic-web.org/inferred/ex(?E, ?R, ?C), http://rulewerk.semantic-web.org/inferred/subClassOf(?C, ?_BODY_1), Equal(?_BODY_1, "<http://www.w3.org/2002/07/owl#Nothing>") >>>
08:51:50 [INFO] Execution step: Body
08:51:50 [INFO] Trie does not contain any elements
08:51:50 [INFO] Execution step: Duplicate Elimination (Datalog)
08:51:50 [INFO] Trie does not contain any elements
08:51:50 [INFO] Rule duration: 0 ms
08:51:50 [INFO] <<< STEP 309: APPLYING RULE 1 http://rulewerk.semantic-web.org/inferred/init(?C) :- http://rulewerk.semantic-web.org/inferred/ex(?E, ?R, ?C) >>>
08:51:50 [INFO] Execution step: Body
08:51:50 [INFO] Saved temporary table: 10 entries (3440)
08:51:50 [INFO] Execution step: Duplicate Elimination (Datalog)
08:51:50 [INFO] Trie does not contain any elements
08:51:50 [INFO] Rule duration: 0 ms
08:51:50 [INFO] <<< STEP 310: APPLYING RULE 2 http://rulewerk.semantic-web.org/inferred/subClassOf(?C, ?C) :- http://rulewerk.semantic-web.org/inferred/init(?C) >>>
08:51:50 [INFO] Execution step: Body
08:51:50 [INFO] Trie does not contain any elements
08:51:50 [INFO] Execution step: Duplicate Elimination (Datalog)
08:51:50 [INFO] Trie does not contain any elements
08:51:50 [INFO] Rule duration: 0 ms
08:51:50 [INFO] <<< STEP 311: APPLYING RULE 4 http://rulewerk.semantic-web.org/inferred/subClassOf(?C, ?D1), http://rulewerk.semantic-web.org/inferred/subClassOf(?C, ?D2) :- http://rulewerk.semantic-web.org/inferred/subClassOf(?C, ?Y), http://rulewerk.semantic-web.org/normalForm/conj(?Y, ?D1, ?D2) >>>
08:51:50 [INFO] Execution step: Body
08:51:50 [INFO] Saved temporary table: 97 entries (8956)
08:51:50 [INFO] Saved temporary table: 72 entries (8856)
08:51:50 [INFO] Execution step: Duplicate Elimination (Datalog)
08:51:50 [INFO] Trie does not contain any elements
08:51:50 [INFO] Rule duration: 1 ms
08:51:50 [INFO] <<< STEP 312: APPLYING RULE 5 http://rulewerk.semantic-web.org/inferred/subClassOf(?C, ?I) :- http://rulewerk.semantic-web.org/inferred/subClassOf(?C, ?D1), http://rulewerk.semantic-web.org/inferred/subClassOf(?C, ?D2), http://rulewerk.semantic-web.org/normalForm/conj(?I, ?D1, ?D2), http://rulewerk.semantic-web.org/normalForm/isSubClass(?I) >>>
08:51:50 [INFO] Execution step: Body
08:51:50 [INFO] Saved temporary table: 56 entries (8688)
08:51:50 [INFO] Execution step: Duplicate Elimination (Datalog)
08:51:50 [INFO] Saved permanent table http://rulewerk.semantic-web.org/inferred/subClassOf (312) Permutation { idx_to_val: [], val_to_idx: [] } with 56 entries (8736)
08:51:50 [INFO] Rule duration: 4 ms
08:51:50 [INFO] <<< STEP 313: APPLYING RULE 5 http://rulewerk.semantic-web.org/inferred/subClassOf(?C, ?I) :- http://rulewerk.semantic-web.org/inferred/subClassOf(?C, ?D1), http://rulewerk.semantic-web.org/inferred/subClassOf(?C, ?D2), http://rulewerk.semantic-web.org/normalForm/conj(?I, ?D1, ?D2), http://rulewerk.semantic-web.org/normalForm/isSubClass(?I) >>>
08:51:50 [INFO] Execution step: Body
08:51:50 [INFO] Saved temporary table: 5 entries (7080)
08:51:50 [INFO] Execution step: Duplicate Elimination (Datalog)
08:51:50 [INFO] Saved permanent table http://rulewerk.semantic-web.org/inferred/subClassOf (313) Permutation { idx_to_val: [], val_to_idx: [] } with 5 entries (7128)
08:51:50 [INFO] Rule duration: 2 ms
08:51:50 [INFO] <<< STEP 314: APPLYING RULE 5 http://rulewerk.semantic-web.org/inferred/subClassOf(?C, ?I) :- http://rulewerk.semantic-web.org/inferred/subClassOf(?C, ?D1), http://rulewerk.semantic-web.org/inferred/subClassOf(?C, ?D2), http://rulewerk.semantic-web.org/normalForm/conj(?I, ?D1, ?D2), http://rulewerk.semantic-web.org/normalForm/isSubClass(?I) >>>
08:51:50 [INFO] Execution step: Body
08:51:50 [INFO] Trie does not contain any elements
08:51:50 [INFO] Execution step: Duplicate Elimination (Datalog)
08:51:50 [INFO] Trie does not contain any elements
08:51:50 [INFO] Rule duration: 1 ms
08:51:50 [INFO] <<< STEP 315: APPLYING RULE 6 http://rulewerk.semantic-web.org/inferred/ex(?E, ?R, ?C) :- http://rulewerk.semantic-web.org/inferred/subClassOf(?E, ?Y), http://rulewerk.semantic-web.org/normalForm/exists(?Y, ?R, ?C) >>>
08:51:50 [INFO] Execution step: Body
08:51:50 [INFO] Saved temporary table: 71 entries (13916)
08:51:50 [INFO] Execution step: Duplicate Elimination (Datalog)
08:51:50 [INFO] Saved permanent table http://rulewerk.semantic-web.org/inferred/ex (315) Permutation { idx_to_val: [], val_to_idx: [] } with 71 entries (13964)
08:51:50 [INFO] Rule duration: 0 ms
08:51:50 [INFO] <<< STEP 316: APPLYING RULE 7 http://rulewerk.semantic-web.org/inferred/subClassOf(?E, ?Y) :- http://rulewerk.semantic-web.org/inferred/ex(?E, ?R, ?C), http://rulewerk.semantic-web.org/inferred/subClassOf(?C, ?D), http://rulewerk.semantic-web.org/normalForm/subProp(?R, ?S), http://rulewerk.semantic-web.org/normalForm/exists(?Y, ?S, ?D), http://rulewerk.semantic-web.org/normalForm/isSubClass(?Y) >>>
08:51:50 [INFO] Execution step: Body
08:51:50 [INFO] Saved temporary table: 86 entries (8860)
08:51:50 [INFO] Execution step: Duplicate Elimination (Datalog)
08:51:50 [INFO] Trie does not contain any elements
08:51:50 [INFO] Rule duration: 1 ms
08:51:50 [INFO] <<< STEP 317: APPLYING RULE 8 http://rulewerk.semantic-web.org/inferred/ex(?E, ?S, ?D) :- http://rulewerk.semantic-web.org/inferred/ex(?E, ?R1, ?C), http://rulewerk.semantic-web.org/inferred/ex(?C, ?R2, ?D), http://rulewerk.semantic-web.org/normalForm/subProp(?R1, ?S1), http://rulewerk.semantic-web.org/normalForm/subProp(?R2, ?S2), http://rulewerk.semantic-web.org/normalForm/subPropChain(?S1, ?S2, ?S) >>>
08:51:50 [INFO] Execution step: Body
08:51:50 [INFO] Trie does not contain any elements
08:51:50 [INFO] Execution step: Duplicate Elimination (Datalog)
08:51:50 [INFO] Trie does not contain any elements
08:51:50 [INFO] Rule duration: 0 ms
08:51:50 [INFO] <<< STEP 318: APPLYING RULE 9 http://rulewerk.semantic-web.org/inferred/subClassOf(?C, ?E) :- http://rulewerk.semantic-web.org/inferred/subClassOf(?C, ?D), http://rulewerk.semantic-web.org/normalForm/subClassOf(?D, ?E) >>>
08:51:50 [INFO] Execution step: Body
08:51:50 [INFO] Saved temporary table: 31 entries (8536)
08:51:50 [INFO] Execution step: Duplicate Elimination (Datalog)
08:51:50 [INFO] Saved permanent table http://rulewerk.semantic-web.org/inferred/subClassOf (318) Permutation { idx_to_val: [], val_to_idx: [] } with 31 entries (8584)
08:51:50 [INFO] Rule duration: 0 ms
08:51:50 [INFO] <<< STEP 319: APPLYING RULE 9 http://rulewerk.semantic-web.org/inferred/subClassOf(?C, ?E) :- http://rulewerk.semantic-web.org/inferred/subClassOf(?C, ?D), http://rulewerk.semantic-web.org/normalForm/subClassOf(?D, ?E) >>>
08:51:50 [INFO] Execution step: Body
08:51:50 [INFO] Saved temporary table: 36 entries (8556)
08:51:50 [INFO] Execution step: Duplicate Elimination (Datalog)
08:51:50 [INFO] Saved permanent table http://rulewerk.semantic-web.org/inferred/subClassOf (319) Permutation { idx_to_val: [], val_to_idx: [] } with 5 entries (7128)
08:51:50 [INFO] Rule duration: 0 ms
08:51:50 [INFO] <<< STEP 320: APPLYING RULE 9 http://rulewerk.semantic-web.org/inferred/subClassOf(?C, ?E) :- http://rulewerk.semantic-web.org/inferred/subClassOf(?C, ?D), http://rulewerk.semantic-web.org/normalForm/subClassOf(?D, ?E) >>>
08:51:50 [INFO] Execution step: Body
08:51:50 [INFO] Trie does not contain any elements
08:51:50 [INFO] Execution step: Duplicate Elimination (Datalog)
08:51:50 [INFO] Trie does not contain any elements
08:51:50 [INFO] Rule duration: 0 ms
08:51:50 [INFO] <<< STEP 321: APPLYING RULE 10 http://rulewerk.semantic-web.org/inferred/subClassOf(?E, "<http://www.w3.org/2002/07/owl#Nothing>") :- http://rulewerk.semantic-web.org/inferred/ex(?E, ?R, ?C), http://rulewerk.semantic-web.org/inferred/subClassOf(?C, ?_BODY_1), Equal(?_BODY_1, "<http://www.w3.org/2002/07/owl#Nothing>") >>>
08:51:50 [INFO] Execution step: Body
08:51:50 [INFO] Trie does not contain any elements
08:51:50 [INFO] Execution step: Duplicate Elimination (Datalog)
08:51:50 [INFO] Trie does not contain any elements
08:51:50 [INFO] Rule duration: 0 ms
08:51:50 [INFO] <<< STEP 322: APPLYING RULE 1 http://rulewerk.semantic-web.org/inferred/init(?C) :- http://rulewerk.semantic-web.org/inferred/ex(?E, ?R, ?C) >>>
08:51:50 [INFO] Execution step: Body
08:51:50 [INFO] Saved temporary table: 5 entries (3420)
08:51:50 [INFO] Execution step: Duplicate Elimination (Datalog)
08:51:50 [INFO] Trie does not contain any elements
08:51:50 [INFO] Rule duration: 0 ms
08:51:50 [INFO] <<< STEP 323: APPLYING RULE 2 http://rulewerk.semantic-web.org/inferred/subClassOf(?C, ?C) :- http://rulewerk.semantic-web.org/inferred/init(?C) >>>
08:51:50 [INFO] Execution step: Body
08:51:50 [INFO] Trie does not contain any elements
08:51:50 [INFO] Execution step: Duplicate Elimination (Datalog)
08:51:50 [INFO] Trie does not contain any elements
08:51:50 [INFO] Rule duration: 0 ms
08:51:50 [INFO] <<< STEP 324: APPLYING RULE 4 http://rulewerk.semantic-web.org/inferred/subClassOf(?C, ?D1), http://rulewerk.semantic-web.org/inferred/subClassOf(?C, ?D2) :- http://rulewerk.semantic-web.org/inferred/subClassOf(?C, ?Y), http://rulewerk.semantic-web.org/normalForm/conj(?Y, ?D1, ?D2) >>>
08:51:50 [INFO] Execution step: Body
08:51:50 [INFO] Saved temporary table: 61 entries (8708)
08:51:50 [INFO] Saved temporary table: 49 entries (8660)
08:51:50 [INFO] Execution step: Duplicate Elimination (Datalog)
08:51:50 [INFO] Trie does not contain any elements
08:51:50 [INFO] Rule duration: 1 ms
08:51:50 [INFO] <<< STEP 325: APPLYING RULE 5 http://rulewerk.semantic-web.org/inferred/subClassOf(?C, ?I) :- http://rulewerk.semantic-web.org/inferred/subClassOf(?C, ?D1), http://rulewerk.semantic-web.org/inferred/subClassOf(?C, ?D2), http://rulewerk.semantic-web.org/normalForm/conj(?I, ?D1, ?D2), http://rulewerk.semantic-web.org/normalForm/isSubClass(?I) >>>
08:51:50 [INFO] Execution step: Body
08:51:50 [INFO] Saved temporary table: 13 entries (7112)
08:51:50 [INFO] Execution step: Duplicate Elimination (Datalog)
08:51:50 [INFO] Saved permanent table http://rulewerk.semantic-web.org/inferred/subClassOf (325) Permutation { idx_to_val: [], val_to_idx: [] } with 13 entries (7160)
08:51:50 [INFO] Rule duration: 2 ms
08:51:50 [INFO] <<< STEP 326: APPLYING RULE 5 http://rulewerk.semantic-web.org/inferred/subClassOf(?C, ?I) :- http://rulewerk.semantic-web.org/inferred/subClassOf(?C, ?D1), http://rulewerk.semantic-web.org/inferred/subClassOf(?C, ?D2), http://rulewerk.semantic-web.org/normalForm/conj(?I, ?D1, ?D2), http://rulewerk.semantic-web.org/normalForm/isSubClass(?I) >>>
08:51:50 [INFO] Execution step: Body
08:51:50 [INFO] Saved temporary table: 5 entries (7080)
08:51:50 [INFO] Execution step: Duplicate Elimination (Datalog)
08:51:50 [INFO] Saved permanent table http://rulewerk.semantic-web.org/inferred/subClassOf (326) Permutation { idx_to_val: [], val_to_idx: [] } with 5 entries (7128)
08:51:50 [INFO] Rule duration: 1 ms
08:51:50 [INFO] Execution step: Combining Tables
08:51:50 [INFO] Saved permanent table http://rulewerk.semantic-web.org/inferred/subClassOf (304-328) Permutation { idx_to_val: [], val_to_idx: [] } with 189 entries (9632)
08:51:50 [INFO] <<< STEP 327: APPLYING RULE 5 http://rulewerk.semantic-web.org/inferred/subClassOf(?C, ?I) :- http://rulewerk.semantic-web.org/inferred/subClassOf(?C, ?D1), http://rulewerk.semantic-web.org/inferred/subClassOf(?C, ?D2), http://rulewerk.semantic-web.org/normalForm/conj(?I, ?D1, ?D2), http://rulewerk.semantic-web.org/normalForm/isSubClass(?I) >>>
08:51:50 [INFO] Execution step: Body
08:51:50 [INFO] Trie does not contain any elements
08:51:50 [INFO] Execution step: Duplicate Elimination (Datalog)
08:51:50 [INFO] Trie does not contain any elements
08:51:50 [INFO] Rule duration: 1 ms
08:51:50 [INFO] <<< STEP 328: APPLYING RULE 6 http://rulewerk.semantic-web.org/inferred/ex(?E, ?R, ?C) :- http://rulewerk.semantic-web.org/inferred/subClassOf(?E, ?Y), http://rulewerk.semantic-web.org/normalForm/exists(?Y, ?R, ?C) >>>
08:51:50 [INFO] Execution step: Body
08:51:50 [INFO] Saved temporary table: 5 entries (10740)
08:51:50 [INFO] Execution step: Duplicate Elimination (Datalog)
08:51:50 [INFO] Saved permanent table http://rulewerk.semantic-web.org/inferred/ex (328) Permutation { idx_to_val: [], val_to_idx: [] } with 5 entries (10788)
08:51:50 [INFO] Rule duration: 0 ms
08:51:50 [INFO] <<< STEP 329: APPLYING RULE 7 http://rulewerk.semantic-web.org/inferred/subClassOf(?E, ?Y) :- http://rulewerk.semantic-web.org/inferred/ex(?E, ?R, ?C), http://rulewerk.semantic-web.org/inferred/subClassOf(?C, ?D), http://rulewerk.semantic-web.org/normalForm/subProp(?R, ?S), http://rulewerk.semantic-web.org/normalForm/exists(?Y, ?S, ?D), http://rulewerk.semantic-web.org/normalForm/isSubClass(?Y) >>>
08:51:50 [INFO] Execution step: Body
08:51:50 [INFO] Saved temporary table: 20 entries (7140)
08:51:50 [INFO] Execution step: Duplicate Elimination (Datalog)
08:51:50 [INFO] Saved permanent table http://rulewerk.semantic-web.org/inferred/subClassOf (329) Permutation { idx_to_val: [], val_to_idx: [] } with 15 entries (7168)
08:51:50 [INFO] Rule duration: 0 ms
08:51:50 [INFO] <<< STEP 330: APPLYING RULE 7 http://rulewerk.semantic-web.org/inferred/subClassOf(?E, ?Y) :- http://rulewerk.semantic-web.org/inferred/ex(?E, ?R, ?C), http://rulewerk.semantic-web.org/inferred/subClassOf(?C, ?D), http://rulewerk.semantic-web.org/normalForm/subProp(?R, ?S), http://rulewerk.semantic-web.org/normalForm/exists(?Y, ?S, ?D), http://rulewerk.semantic-web.org/normalForm/isSubClass(?Y) >>>
08:51:50 [INFO] Execution step: Body
08:51:50 [INFO] Trie does not contain any elements
08:51:50 [INFO] Execution step: Duplicate Elimination (Datalog)
08:51:50 [INFO] Trie does not contain any elements
08:51:50 [INFO] Rule duration: 0 ms
08:51:50 [INFO] <<< STEP 331: APPLYING RULE 8 http://rulewerk.semantic-web.org/inferred/ex(?E, ?S, ?D) :- http://rulewerk.semantic-web.org/inferred/ex(?E, ?R1, ?C), http://rulewerk.semantic-web.org/inferred/ex(?C, ?R2, ?D), http://rulewerk.semantic-web.org/normalForm/subProp(?R1, ?S1), http://rulewerk.semantic-web.org/normalForm/subProp(?R2, ?S2), http://rulewerk.semantic-web.org/normalForm/subPropChain(?S1, ?S2, ?S) >>>
08:51:50 [INFO] Execution step: Body
08:51:50 [INFO] Trie does not contain any elements
08:51:50 [INFO] Execution step: Duplicate Elimination (Datalog)
08:51:50 [INFO] Trie does not contain any elements
08:51:50 [INFO] Rule duration: 0 ms
08:51:50 [INFO] <<< STEP 332: APPLYING RULE 9 http://rulewerk.semantic-web.org/inferred/subClassOf(?C, ?E) :- http://rulewerk.semantic-web.org/inferred/subClassOf(?C, ?D), http://rulewerk.semantic-web.org/normalForm/subClassOf(?D, ?E) >>>
08:51:50 [INFO] Execution step: Body
08:51:50 [INFO] Saved temporary table: 10 entries (7100)
08:51:50 [INFO] Execution step: Duplicate Elimination (Datalog)
08:51:50 [INFO] Saved permanent table http://rulewerk.semantic-web.org/inferred/subClassOf (332) Permutation { idx_to_val: [], val_to_idx: [] } with 10 entries (7148)
08:51:50 [INFO] Rule duration: 0 ms
08:51:50 [INFO] <<< STEP 333: APPLYING RULE 9 http://rulewerk.semantic-web.org/inferred/subClassOf(?C, ?E) :- http://rulewerk.semantic-web.org/inferred/subClassOf(?C, ?D), http://rulewerk.semantic-web.org/normalForm/subClassOf(?D, ?E) >>>
08:51:50 [INFO] Execution step: Body
08:51:50 [INFO] Saved temporary table: 10 entries (7100)
08:51:50 [INFO] Execution step: Duplicate Elimination (Datalog)
08:51:50 [INFO] Trie does not contain any elements
08:51:50 [INFO] Rule duration: 0 ms
08:51:50 [INFO] <<< STEP 334: APPLYING RULE 10 http://rulewerk.semantic-web.org/inferred/subClassOf(?E, "<http://www.w3.org/2002/07/owl#Nothing>") :- http://rulewerk.semantic-web.org/inferred/ex(?E, ?R, ?C), http://rulewerk.semantic-web.org/inferred/subClassOf(?C, ?_BODY_1), Equal(?_BODY_1, "<http://www.w3.org/2002/07/owl#Nothing>") >>>
08:51:50 [INFO] Execution step: Body
08:51:50 [INFO] Trie does not contain any elements
08:51:50 [INFO] Execution step: Duplicate Elimination (Datalog)
08:51:50 [INFO] Trie does not contain any elements
08:51:50 [INFO] Rule duration: 0 ms
08:51:50 [INFO] <<< STEP 335: APPLYING RULE 1 http://rulewerk.semantic-web.org/inferred/init(?C) :- http://rulewerk.semantic-web.org/inferred/ex(?E, ?R, ?C) >>>
08:51:50 [INFO] Execution step: Body
08:51:50 [INFO] Saved temporary table: 1 entries (3404)
08:51:50 [INFO] Execution step: Duplicate Elimination (Datalog)
08:51:50 [INFO] Trie does not contain any elements
08:51:50 [INFO] Rule duration: 0 ms
08:51:50 [INFO] <<< STEP 336: APPLYING RULE 2 http://rulewerk.semantic-web.org/inferred/subClassOf(?C, ?C) :- http://rulewerk.semantic-web.org/inferred/init(?C) >>>
08:51:50 [INFO] Execution step: Body
08:51:50 [INFO] Trie does not contain any elements
08:51:50 [INFO] Execution step: Duplicate Elimination (Datalog)
08:51:50 [INFO] Trie does not contain any elements
08:51:50 [INFO] Rule duration: 0 ms
08:51:50 [INFO] <<< STEP 337: APPLYING RULE 4 http://rulewerk.semantic-web.org/inferred/subClassOf(?C, ?D1), http://rulewerk.semantic-web.org/inferred/subClassOf(?C, ?D2) :- http://rulewerk.semantic-web.org/inferred/subClassOf(?C, ?Y), http://rulewerk.semantic-web.org/normalForm/conj(?Y, ?D1, ?D2) >>>
08:51:50 [INFO] Execution step: Body
08:51:50 [INFO] Saved temporary table: 18 entries (7132)
08:51:50 [INFO] Saved temporary table: 10 entries (7100)
08:51:50 [INFO] Execution step: Duplicate Elimination (Datalog)
08:51:50 [INFO] Trie does not contain any elements
08:51:50 [INFO] Rule duration: 0 ms
08:51:50 [INFO] <<< STEP 338: APPLYING RULE 5 http://rulewerk.semantic-web.org/inferred/subClassOf(?C, ?I) :- http://rulewerk.semantic-web.org/inferred/subClassOf(?C, ?D1), http://rulewerk.semantic-web.org/inferred/subClassOf(?C, ?D2), http://rulewerk.semantic-web.org/normalForm/conj(?I, ?D1, ?D2), http://rulewerk.semantic-web.org/normalForm/isSubClass(?I) >>>
08:51:50 [INFO] Execution step: Body
08:51:50 [INFO] Saved temporary table: 15 entries (7120)
08:51:50 [INFO] Execution step: Duplicate Elimination (Datalog)
08:51:50 [INFO] Saved permanent table http://rulewerk.semantic-web.org/inferred/subClassOf (338) Permutation { idx_to_val: [], val_to_idx: [] } with 15 entries (7168)
08:51:50 [INFO] Rule duration: 1 ms
08:51:50 [INFO] <<< STEP 339: APPLYING RULE 5 http://rulewerk.semantic-web.org/inferred/subClassOf(?C, ?I) :- http://rulewerk.semantic-web.org/inferred/subClassOf(?C, ?D1), http://rulewerk.semantic-web.org/inferred/subClassOf(?C, ?D2), http://rulewerk.semantic-web.org/normalForm/conj(?I, ?D1, ?D2), http://rulewerk.semantic-web.org/normalForm/isSubClass(?I) >>>
08:51:50 [INFO] Execution step: Body
08:51:50 [INFO] Trie does not contain any elements
08:51:50 [INFO] Execution step: Duplicate Elimination (Datalog)
08:51:50 [INFO] Trie does not contain any elements
08:51:50 [INFO] Rule duration: 1 ms
08:51:50 [INFO] <<< STEP 340: APPLYING RULE 6 http://rulewerk.semantic-web.org/inferred/ex(?E, ?R, ?C) :- http://rulewerk.semantic-web.org/inferred/subClassOf(?E, ?Y), http://rulewerk.semantic-web.org/normalForm/exists(?Y, ?R, ?C) >>>
08:51:50 [INFO] Execution step: Body
08:51:50 [INFO] Saved temporary table: 15 entries (10780)
08:51:50 [INFO] Execution step: Duplicate Elimination (Datalog)
08:51:50 [INFO] Saved permanent table http://rulewerk.semantic-web.org/inferred/ex (340) Permutation { idx_to_val: [], val_to_idx: [] } with 15 entries (10828)
08:51:50 [INFO] Rule duration: 0 ms
08:51:50 [INFO] <<< STEP 341: APPLYING RULE 7 http://rulewerk.semantic-web.org/inferred/subClassOf(?E, ?Y) :- http://rulewerk.semantic-web.org/inferred/ex(?E, ?R, ?C), http://rulewerk.semantic-web.org/inferred/subClassOf(?C, ?D), http://rulewerk.semantic-web.org/normalForm/subProp(?R, ?S), http://rulewerk.semantic-web.org/normalForm/exists(?Y, ?S, ?D), http://rulewerk.semantic-web.org/normalForm/isSubClass(?Y) >>>
08:51:50 [INFO] Execution step: Body
08:51:50 [INFO] Saved temporary table: 15 entries (7120)
08:51:50 [INFO] Execution step: Duplicate Elimination (Datalog)
08:51:50 [INFO] Trie does not contain any elements
08:51:50 [INFO] Rule duration: 1 ms
08:51:50 [INFO] <<< STEP 342: APPLYING RULE 8 http://rulewerk.semantic-web.org/inferred/ex(?E, ?S, ?D) :- http://rulewerk.semantic-web.org/inferred/ex(?E, ?R1, ?C), http://rulewerk.semantic-web.org/inferred/ex(?C, ?R2, ?D), http://rulewerk.semantic-web.org/normalForm/subProp(?R1, ?S1), http://rulewerk.semantic-web.org/normalForm/subProp(?R2, ?S2), http://rulewerk.semantic-web.org/normalForm/subPropChain(?S1, ?S2, ?S) >>>
08:51:50 [INFO] Execution step: Body
08:51:50 [INFO] Trie does not contain any elements
08:51:50 [INFO] Execution step: Duplicate Elimination (Datalog)
08:51:50 [INFO] Trie does not contain any elements
08:51:50 [INFO] Rule duration: 0 ms
08:51:50 [INFO] <<< STEP 343: APPLYING RULE 9 http://rulewerk.semantic-web.org/inferred/subClassOf(?C, ?E) :- http://rulewerk.semantic-web.org/inferred/subClassOf(?C, ?D), http://rulewerk.semantic-web.org/normalForm/subClassOf(?D, ?E) >>>
08:51:50 [INFO] Execution step: Body
08:51:50 [INFO] Saved temporary table: 5 entries (7080)
08:51:50 [INFO] Execution step: Duplicate Elimination (Datalog)
08:51:50 [INFO] Saved permanent table http://rulewerk.semantic-web.org/inferred/subClassOf (343) Permutation { idx_to_val: [], val_to_idx: [] } with 5 entries (7128)
08:51:50 [INFO] Rule duration: 0 ms
08:51:50 [INFO] <<< STEP 344: APPLYING RULE 9 http://rulewerk.semantic-web.org/inferred/subClassOf(?C, ?E) :- http://rulewerk.semantic-web.org/inferred/subClassOf(?C, ?D), http://rulewerk.semantic-web.org/normalForm/subClassOf(?D, ?E) >>>
08:51:50 [INFO] Execution step: Body
08:51:50 [INFO] Saved temporary table: 5 entries (7080)
08:51:50 [INFO] Execution step: Duplicate Elimination (Datalog)
08:51:50 [INFO] Trie does not contain any elements
08:51:50 [INFO] Rule duration: 0 ms
08:51:50 [INFO] <<< STEP 345: APPLYING RULE 10 http://rulewerk.semantic-web.org/inferred/subClassOf(?E, "<http://www.w3.org/2002/07/owl#Nothing>") :- http://rulewerk.semantic-web.org/inferred/ex(?E, ?R, ?C), http://rulewerk.semantic-web.org/inferred/subClassOf(?C, ?_BODY_1), Equal(?_BODY_1, "<http://www.w3.org/2002/07/owl#Nothing>") >>>
08:51:50 [INFO] Execution step: Body
08:51:50 [INFO] Trie does not contain any elements
08:51:50 [INFO] Execution step: Duplicate Elimination (Datalog)
08:51:50 [INFO] Trie does not contain any elements
08:51:50 [INFO] Rule duration: 0 ms
08:51:50 [INFO] <<< STEP 346: APPLYING RULE 1 http://rulewerk.semantic-web.org/inferred/init(?C) :- http://rulewerk.semantic-web.org/inferred/ex(?E, ?R, ?C) >>>
08:51:50 [INFO] Execution step: Body
08:51:50 [INFO] Saved temporary table: 3 entries (3412)
08:51:50 [INFO] Execution step: Duplicate Elimination (Datalog)
08:51:50 [INFO] Trie does not contain any elements
08:51:50 [INFO] Rule duration: 0 ms
08:51:50 [INFO] <<< STEP 347: APPLYING RULE 2 http://rulewerk.semantic-web.org/inferred/subClassOf(?C, ?C) :- http://rulewerk.semantic-web.org/inferred/init(?C) >>>
08:51:50 [INFO] Execution step: Body
08:51:50 [INFO] Trie does not contain any elements
08:51:50 [INFO] Execution step: Duplicate Elimination (Datalog)
08:51:50 [INFO] Trie does not contain any elements
08:51:50 [INFO] Rule duration: 0 ms
08:51:50 [INFO] <<< STEP 348: APPLYING RULE 4 http://rulewerk.semantic-web.org/inferred/subClassOf(?C, ?D1), http://rulewerk.semantic-web.org/inferred/subClassOf(?C, ?D2) :- http://rulewerk.semantic-web.org/inferred/subClassOf(?C, ?Y), http://rulewerk.semantic-web.org/normalForm/conj(?Y, ?D1, ?D2) >>>
08:51:50 [INFO] Execution step: Body
08:51:50 [INFO] Saved temporary table: 15 entries (7120)
08:51:50 [INFO] Saved temporary table: 10 entries (7100)
08:51:50 [INFO] Execution step: Duplicate Elimination (Datalog)
08:51:50 [INFO] Trie does not contain any elements
08:51:50 [INFO] Rule duration: 1 ms
08:51:50 [INFO] <<< STEP 349: APPLYING RULE 5 http://rulewerk.semantic-web.org/inferred/subClassOf(?C, ?I) :- http://rulewerk.semantic-web.org/inferred/subClassOf(?C, ?D1), http://rulewerk.semantic-web.org/inferred/subClassOf(?C, ?D2), http://rulewerk.semantic-web.org/normalForm/conj(?I, ?D1, ?D2), http://rulewerk.semantic-web.org/normalForm/isSubClass(?I) >>>
08:51:50 [INFO] Execution step: Body
08:51:50 [INFO] Trie does not contain any elements
08:51:50 [INFO] Execution step: Duplicate Elimination (Datalog)
08:51:50 [INFO] Trie does not contain any elements
08:51:50 [INFO] Rule duration: 1 ms
08:51:50 [INFO] <<< STEP 350: APPLYING RULE 6 http://rulewerk.semantic-web.org/inferred/ex(?E, ?R, ?C) :- http://rulewerk.semantic-web.org/inferred/subClassOf(?E, ?Y), http://rulewerk.semantic-web.org/normalForm/exists(?Y, ?R, ?C) >>>
08:51:50 [INFO] Execution step: Body
08:51:50 [INFO] Trie does not contain any elements
08:51:50 [INFO] Execution step: Duplicate Elimination (Datalog)
08:51:50 [INFO] Trie does not contain any elements
08:51:50 [INFO] Rule duration: 0 ms
08:51:50 [INFO] <<< STEP 351: APPLYING RULE 7 http://rulewerk.semantic-web.org/inferred/subClassOf(?E, ?Y) :- http://rulewerk.semantic-web.org/inferred/ex(?E, ?R, ?C), http://rulewerk.semantic-web.org/inferred/subClassOf(?C, ?D), http://rulewerk.semantic-web.org/normalForm/subProp(?R, ?S), http://rulewerk.semantic-web.org/normalForm/exists(?Y, ?S, ?D), http://rulewerk.semantic-web.org/normalForm/isSubClass(?Y) >>>
08:51:50 [INFO] Execution step: Body
08:51:50 [INFO] Trie does not contain any elements
08:51:50 [INFO] Execution step: Duplicate Elimination (Datalog)
08:51:50 [INFO] Trie does not contain any elements
08:51:50 [INFO] Rule duration: 1 ms
08:51:50 [INFO] <<< STEP 352: APPLYING RULE 8 http://rulewerk.semantic-web.org/inferred/ex(?E, ?S, ?D) :- http://rulewerk.semantic-web.org/inferred/ex(?E, ?R1, ?C), http://rulewerk.semantic-web.org/inferred/ex(?C, ?R2, ?D), http://rulewerk.semantic-web.org/normalForm/subProp(?R1, ?S1), http://rulewerk.semantic-web.org/normalForm/subProp(?R2, ?S2), http://rulewerk.semantic-web.org/normalForm/subPropChain(?S1, ?S2, ?S) >>>
08:51:50 [INFO] Execution step: Body
08:51:50 [INFO] Trie does not contain any elements
08:51:50 [INFO] Execution step: Duplicate Elimination (Datalog)
08:51:50 [INFO] Trie does not contain any elements
08:51:50 [INFO] Rule duration: 0 ms
08:51:50 [INFO] <<< STEP 353: APPLYING RULE 11 mainSubClassOf(?A, ?B) :- http://rulewerk.semantic-web.org/inferred/subClassOf(?A, ?B), http://rulewerk.semantic-web.org/normalForm/isMainClass(?A), http://rulewerk.semantic-web.org/normalForm/isMainClass(?B) >>>
08:51:50 [INFO] Execution step: Body
08:51:51 [INFO] Saved temporary table: 455126 entries (2012784)
08:51:51 [INFO] Execution step: Duplicate Elimination (Datalog)
08:51:51 [INFO] Saved permanent table mainSubClassOf (353) Permutation { idx_to_val: [], val_to_idx: [] } with 455126 entries (2012832)
08:51:51 [INFO] Rule duration: 344 ms
08:51:51 [INFO] <<< STEP 354: APPLYING RULE 11 mainSubClassOf(?A, ?B) :- http://rulewerk.semantic-web.org/inferred/subClassOf(?A, ?B), http://rulewerk.semantic-web.org/normalForm/isMainClass(?A), http://rulewerk.semantic-web.org/normalForm/isMainClass(?B) >>>
08:51:51 [INFO] Execution step: Body
08:51:51 [INFO] Trie does not contain any elements
08:51:51 [INFO] Execution step: Duplicate Elimination (Datalog)
08:51:51 [INFO] Trie does not contain any elements
08:51:51 [INFO] Rule duration: 0 ms
08:51:51 [INFO] <<< STEP 355: APPLYING RULE 17 R_11(?X_1, "<http://www.w3.org/2002/07/owl#Nothing>", ?X_2) :- http://rulewerk.semantic-web.org/normalForm/isMainClass(?X_1), http://rulewerk.semantic-web.org/normalForm/isMainClass(?_BODY_1), http://rulewerk.semantic-web.org/normalForm/isMainClass(?X_2), mainSubClassOf(?_BODY_2, ?Z_2), Equal(?_BODY_1, "<http://www.w3.org/2002/07/owl#Nothing>"), Equal(?_BODY_2, "<http://www.w3.org/2002/07/owl#Nothing>") >>>
08:51:51 [INFO] Execution step: Body
08:51:51 [INFO] Trie does not contain any elements
08:51:51 [INFO] Execution step: Duplicate Elimination (Datalog)
08:51:51 [INFO] Trie does not contain any elements
08:51:51 [INFO] Rule duration: 0 ms
08:51:51 [INFO] <<< STEP 356: APPLYING RULE 12 R_12("<http://www.w3.org/2002/07/owl#Nothing>", ?X_2, ?X_4, ?X_3, ?X_1) :- R_11(?_BODY_1, ?_BODY_2, ?X_4), R_11(?X_3, ?X_1, ?X_2), Equal(?_BODY_1, "<http://www.w3.org/2002/07/owl#Nothing>"), Equal(?_BODY_2, "<http://www.w3.org/2002/07/owl#Nothing>") >>>
08:51:51 [INFO] Loading source SimpleTable { arity: 5, data: [AnyDataValue(Iri(IriDataValue("c_6"))), AnyDataValue(PlainString(StringDataValue("<http://www.w3.org/2002/07/owl#Nothing>"))), AnyDataValue(Iri(IriDataValue("c_7"))), AnyDataValue(Iri(IriDataValue("c_8"))), AnyDataValue(PlainString(StringDataValue("str_2"))), AnyDataValue(Iri(IriDataValue("c_12"))), AnyDataValue(PlainString(StringDataValue("str_7"))), AnyDataValue(Iri(IriDataValue("c_14"))), AnyDataValue(UnsignedLong(UnsignedLongDataValue(4953071513316444611))), AnyDataValue(Iri(IriDataValue("c_15"))), AnyDataValue(Iri(IriDataValue("c_16"))), AnyDataValue(Iri(IriDataValue("c_12"))), AnyDataValue(Iri(IriDataValue("c_17"))), AnyDataValue(Iri(IriDataValue("c_11"))), AnyDataValue(Iri(IriDataValue("c_18"))), AnyDataValue(Iri(IriDataValue("c_1"))), AnyDataValue(Iri(IriDataValue("c_2"))), AnyDataValue(Iri(IriDataValue("c_12"))), AnyDataValue(PlainString(StringDataValue("str_13"))), AnyDataValue(Iri(IriDataValue("c_28"))), AnyDataValue(Iri(IriDataValue("c_30"))), AnyDataValue(Iri(IriDataValue("c_13"))), AnyDataValue(Iri(IriDataValue("c_31"))), AnyDataValue(Iri(IriDataValue("c_13"))), AnyDataValue(PlainString(StringDataValue("str_14"))), AnyDataValue(Iri(IriDataValue("c_35"))), AnyDataValue(UnsignedLong(UnsignedLongDataValue(7655883634313778688))), AnyDataValue(Iri(IriDataValue("c_33"))), AnyDataValue(Iri(IriDataValue("c_36"))), AnyDataValue(Iri(IriDataValue("c_37")))] }
08:51:51 [INFO] Execution step: Body
08:51:51 [INFO] Trie does not contain any elements
08:51:51 [INFO] Execution step: Duplicate Elimination (Datalog)
08:51:51 [INFO] Trie does not contain any elements
08:51:51 [INFO] Rule duration: 0 ms
08:51:51 [INFO] <<< STEP 357: APPLYING RULE 13 R_16("<http://www.w3.org/2002/07/owl#Nothing>", ?X_1) :- http://rulewerk.semantic-web.org/normalForm/subPropChain(?X_1, ?_BODY_1, ?_BODY_2), Equal(?_BODY_1, ?X_1), Equal(?_BODY_2, "<http://www.w3.org/2002/07/owl#Nothing>") >>>
08:51:51 [INFO] Loading source SimpleTable { arity: 2, data: [AnyDataValue(Iri(IriDataValue("c_6"))), AnyDataValue(PlainString(StringDataValue("str_5"))), AnyDataValue(UnsignedLong(UnsignedLongDataValue(7655883634313778688))), AnyDataValue(PlainString(StringDataValue("str_10")))] }
08:51:51 [INFO] Execution step: Body
08:51:51 [INFO] Trie does not contain any elements
08:51:51 [INFO] Execution step: Duplicate Elimination (Datalog)
08:51:51 [INFO] Trie does not contain any elements
08:51:51 [INFO] Rule duration: 0 ms
08:51:51 [INFO] <<< STEP 358: APPLYING RULE 15 R_13(?X_1, ?X_2) :- http://rulewerk.semantic-web.org/normalForm/conj(?X_2, ?_BODY_1, ?X_1), http://rulewerk.semantic-web.org/normalForm/isMainClass(?X_2), Equal(?_BODY_1, ?X_2) >>>
08:51:51 [INFO] Execution step: Body
08:51:51 [INFO] Trie does not contain any elements
08:51:51 [INFO] Execution step: Duplicate Elimination (Datalog)
08:51:51 [INFO] Trie does not contain any elements
08:51:51 [INFO] Rule duration: 0 ms
08:51:51 [INFO] <<< STEP 359: APPLYING RULE 14 R_2(?X_3, ?X_2, "<http://www.w3.org/2002/07/owl#Nothing>", ?X_1) :- R_8(?X_3, ?X_2, ?_BODY_1, ?X_1), http://rulewerk.semantic-web.org/inferred/ex(?Z_2, ?X_1, ?X_2), Equal(?_BODY_1, "<http://www.w3.org/2002/07/owl#Nothing>") >>>
08:51:51 [INFO] Execution step: Body
08:51:51 [INFO] Trie does not contain any elements
08:51:51 [INFO] Execution step: Duplicate Elimination (Datalog)
08:51:51 [INFO] Trie does not contain any elements
08:51:51 [INFO] Rule duration: 65 ms
08:51:51 [INFO] <<< STEP 360: APPLYING RULE 21 R_8("<http://www.w3.org/2002/07/owl#Nothing>", ?X_2, ?X_4, ?X_4) :- R_2(?_BODY_1, ?X_2, ?X_4, ?_BODY_2), R_8(?X_4, ?X_2, ?_BODY_3, ?_BODY_4), R_13(?X_4, ?X_2), Equal(?_BODY_1, "<http://www.w3.org/2002/07/owl#Nothing>"), Equal(?_BODY_2, ?X_4), Equal(?_BODY_3, ?X_4), Equal(?_BODY_4, ?X_4) >>>
08:51:51 [INFO] Execution step: Body
08:51:51 [INFO] Trie does not contain any elements
08:51:51 [INFO] Execution step: Duplicate Elimination (Datalog)
08:51:51 [INFO] Trie does not contain any elements
08:51:51 [INFO] Rule duration: 0 ms
08:51:51 [INFO] <<< STEP 361: APPLYING RULE 23 R_9(?X_2, ?X_1, ?X_3, ?X_4) :- http://rulewerk.semantic-web.org/inferred/ex(?X_2, ?X_1, ?X_3), http://rulewerk.semantic-web.org/inferred/ex(?Y_1, ?X_2, ?X_4), http://rulewerk.semantic-web.org/inferred/subClassOf(?X_2, ?Y_1), R_16(?Z_3, ?Z_2) >>>
08:51:51 [INFO] Loading source SimpleTable { arity: 4, data: [AnyDataValue(PlainString(StringDataValue("<http://www.w3.org/2002/07/owl#Nothing>"))), AnyDataValue(PlainString(StringDataValue("str_1"))), AnyDataValue(Iri(IriDataValue("c_1"))), AnyDataValue(PlainString(StringDataValue("<http://www.w3.org/2002/07/owl#Nothing>"))), AnyDataValue(Iri(IriDataValue("c_11"))), AnyDataValue(Iri(IriDataValue("c_20"))), AnyDataValue(Iri(IriDataValue("c_21"))), AnyDataValue(Iri(IriDataValue("c_22")))] }
08:51:51 [INFO] Execution step: Body
08:51:51 [INFO] Trie does not contain any elements
08:51:51 [INFO] Execution step: Duplicate Elimination (Datalog)
08:51:51 [INFO] Trie does not contain any elements
08:51:51 [INFO] Rule duration: 111 ms
08:51:51 [INFO] <<< STEP 362: APPLYING RULE 28 R_6(?X_1, ?X_2, ?X_4, ?X_3, ?X_5) :- http://rulewerk.semantic-web.org/normalForm/subClassOf(?X_1, ?X_2), http://rulewerk.semantic-web.org/normalForm/subClassOf(?X_4, ?X_3), http://rulewerk.semantic-web.org/normalForm/subClassOf(?Y_1_new_1, ?X_5), R_9(?X_1, ?X_4, ?X_2_new_1, ?X_5), R_12(?Y_1, ?X_5, ?Z_1, ?X_3, ?Z_5) >>>
08:51:51 [INFO] Loading source SimpleTable { arity: 5, data: [AnyDataValue(Iri(IriDataValue("c_3"))), AnyDataValue(Iri(IriDataValue("c_4"))), AnyDataValue(Iri(IriDataValue("c_4"))), AnyDataValue(Iri(IriDataValue("c_2"))), AnyDataValue(Iri(IriDataValue("c_5"))), AnyDataValue(Iri(IriDataValue("c_6"))), AnyDataValue(PlainString(StringDataValue("str_4"))), AnyDataValue(PlainString(StringDataValue("str_3"))), AnyDataValue(Iri(IriDataValue("c_9"))), AnyDataValue(Iri(IriDataValue("c_1"))), AnyDataValue(Iri(IriDataValue("c_38"))), AnyDataValue(PlainString(StringDataValue("str_15"))), AnyDataValue(Iri(IriDataValue("c_23"))), AnyDataValue(PlainString(StringDataValue("str_16"))), AnyDataValue(Iri(IriDataValue("c_11"))), AnyDataValue(Iri(IriDataValue("c_39"))), AnyDataValue(Iri(IriDataValue("c_24"))), AnyDataValue(Iri(IriDataValue("c_4"))), AnyDataValue(UnsignedLong(UnsignedLongDataValue(4353284344307173291))), AnyDataValue(PlainString(StringDataValue("str_14")))] }
08:51:51 [INFO] Execution step: Body
08:51:51 [INFO] Trie does not contain any elements
08:51:51 [INFO] Execution step: Duplicate Elimination (Datalog)
08:51:51 [INFO] Trie does not contain any elements
08:51:51 [INFO] Rule duration: 13 ms
08:51:51 [INFO] <<< STEP 363: APPLYING RULE 31 R_1(?X_1, ?X_2, ?X_4, ?X_2) :- R_1(?X_1, ?X_2, ?X_4, ?_BODY_1), Equal(?_BODY_1, ?X_2) >>>
08:51:51 [INFO] Execution step: Body
08:51:51 [INFO] Trie does not contain any elements
08:51:51 [INFO] Execution step: Duplicate Elimination (Datalog)
08:51:51 [INFO] Trie does not contain any elements
08:51:51 [INFO] Rule duration: 0 ms
08:51:51 [INFO] <<< STEP 364: APPLYING RULE 38 R_20(?X_3, ?X_2, ?X_1) :- R_16(?X_3, ?X_2), R_16(?_BODY_1, ?X_1), Equal(?_BODY_1, c_38) >>>
08:51:51 [INFO] Loading source SimpleTable { arity: 3, data: [AnyDataValue(PlainString(StringDataValue("<http://www.w3.org/2002/07/owl#Nothing>"))), AnyDataValue(Iri(IriDataValue("c_1"))), AnyDataValue(PlainString(StringDataValue("<http://www.w3.org/2002/07/owl#Nothing>"))), AnyDataValue(PlainString(StringDataValue("str_3"))), AnyDataValue(PlainString(StringDataValue("str_2"))), AnyDataValue(Iri(IriDataValue("c_9"))), AnyDataValue(PlainString(StringDataValue("str_1"))), AnyDataValue(Iri(IriDataValue("c_13"))), AnyDataValue(Iri(IriDataValue("c_11"))), AnyDataValue(UnsignedLong(UnsignedLongDataValue(5105093193467469543))), AnyDataValue(Iri(IriDataValue("c_24"))), AnyDataValue(Iri(IriDataValue("c_11"))), AnyDataValue(UnsignedLong(UnsignedLongDataValue(6424044022302312569))), AnyDataValue(Iri(IriDataValue("c_34"))), AnyDataValue(Iri(IriDataValue("c_21"))), AnyDataValue(Iri(IriDataValue("c_40"))), AnyDataValue(PlainString(StringDataValue("str_2"))), AnyDataValue(UnsignedLong(UnsignedLongDataValue(3674625243825616303)))] }
08:51:51 [INFO] Execution step: Body
08:51:51 [INFO] Trie does not contain any elements
08:51:51 [INFO] Execution step: Duplicate Elimination (Datalog)
08:51:51 [INFO] Trie does not contain any elements
08:51:51 [INFO] Rule duration: 0 ms
08:51:51 [INFO] <<< STEP 365: APPLYING RULE 18 R_18("<http://www.w3.org/2002/07/owl#Nothing>") :- R_8(?Y_1, ?_BODY_1, ?_BODY_2, ?_BODY_3), http://rulewerk.semantic-web.org/normalForm/subProp(?Y_1, ?_BODY_4), R_2(?Y_1, ?_BODY_5, ?_BODY_6, ?_BODY_7), Equal(?_BODY_1, "<http://www.w3.org/2002/07/owl#Nothing>"), Equal(?_BODY_2, ?Y_1), Equal(?_BODY_3, "<http://www.w3.org/2002/07/owl#Nothing>"), Equal(?_BODY_4, ?Y_1), Equal(?_BODY_5, ?Y_1), Equal(?_BODY_6, ?Y_1), Equal(?_BODY_7, ?Y_1) >>>
08:51:51 [INFO] Loading source SimpleTable { arity: 1, data: [AnyDataValue(Iri(IriDataValue("c_1")))] }
08:51:51 [INFO] Execution step: Project/Reorder
08:51:51 [INFO] Trie does not contain any elements
08:51:51 [INFO] Execution step: Body
08:51:51 [INFO] Trie does not contain any elements
08:51:51 [INFO] Execution step: Duplicate Elimination (Datalog)
08:51:51 [INFO] Trie does not contain any elements
08:51:51 [INFO] Rule duration: 0 ms
08:51:51 [INFO] <<< STEP 366: APPLYING RULE 26 R_17(?X_5, ?X_3, ?X_4, ?X_2, ?X_2, "<http://www.w3.org/2002/07/owl#Nothing>") :- R_8(?X_5, ?X_3, ?X_2, ?_BODY_1), R_8(?Y_2, ?_BODY_2, ?X_4, ?X_2), R_18(?X_2), R_9(?X_2, ?X_3, ?_BODY_3, ?Z_3), Equal(?_BODY_1, ?X_2), Equal(?_BODY_2, "<http://www.w3.org/2002/07/owl#Nothing>"), Equal(?_BODY_3, "str_3") >>>
08:51:51 [INFO] Loading source SimpleTable { arity: 6, data: [AnyDataValue(Iri(IriDataValue("c_25"))), AnyDataValue(Iri(IriDataValue("c_26"))), AnyDataValue(UnsignedLong(UnsignedLongDataValue(4353284344307173291))), AnyDataValue(PlainString(StringDataValue("str_9"))), AnyDataValue(Iri(IriDataValue("c_27"))), AnyDataValue(Iri(IriDataValue("c_25")))] }
08:51:51 [INFO] Execution step: Body
08:51:51 [INFO] Trie does not contain any elements
08:51:51 [INFO] Execution step: Duplicate Elimination (Datalog)
08:51:51 [INFO] Trie does not contain any elements
08:51:51 [INFO] Rule duration: 0 ms
08:51:51 [INFO] <<< STEP 367: APPLYING RULE 33 R_5(?X_4, ?X_3, ?X_1, ?X_2, ?X_6, ?X_5) :- http://rulewerk.semantic-web.org/inferred/init(?X_4), http://rulewerk.semantic-web.org/inferred/init(?X_3), http://rulewerk.semantic-web.org/inferred/init(?X_1), http://rulewerk.semantic-web.org/inferred/init(?X_2), http://rulewerk.semantic-web.org/inferred/init(?X_6), http://rulewerk.semantic-web.org/inferred/init(?X_5), http://rulewerk.semantic-web.org/inferred/init(?X_4) >>>
08:51:51 [INFO] Loading source SimpleTable { arity: 6, data: [AnyDataValue(Iri(IriDataValue("c_18"))), AnyDataValue(PlainString(StringDataValue("str_8"))), AnyDataValue(Iri(IriDataValue("c_19"))), AnyDataValue(Iri(IriDataValue("c_2"))), AnyDataValue(UnsignedLong(UnsignedLongDataValue(15261644084369168672))), AnyDataValue(UnsignedLong(UnsignedLongDataValue(6424044022302312569)))] }
08:51:51 [INFO] Execution step: Project/Reorder
08:51:51 [INFO] Saved temporary table: 25963 entries (107300)
08:51:51 [INFO] Execution step: Body
