08:51:33 [INFO] ----------------------------------------------
08:51:33 [INFO] Beginning transformation mtf_CON_5500057
                Oracle:     CON          Number of T: 66
                Debug Mode: false          u64 Seed:    5500057
                Number of generating transformations: 28
                Internal Seed:          [15, 167, 117, 228, 28, 44, 20, 3, 250, 139, 184, 73, 45, 0, 65, 203, 4, 243, 154, 161, 42, 64, 5, 150, 145, 116, 30, 193, 48, 228, 200, 183]
                Seed File: Currently not supported!
08:51:33 [INFO] ----------------------------------------------
08:51:33 [INFO] -------------- Reading Seed File: ------------
08:51:33 [INFO] "/home/leo_repp/masterthesis/nemo/nemo-metamorphic-testing/examples/wind-turbines/permissions.rls"
08:51:33 [INFO] Renaming of rules complete
08:51:33 [INFO] --------- Finished Reading Seed file ---------
08:51:33 [INFO] ----------------------------------------------
08:51:33 [INFO] 
08:51:33 [INFO] ----------------------------------------------
08:51:33 [INFO] -------- Beginning Program Generation --------
08:51:33 [INFO] ----------------------------------------------
08:51:33 [INFO] 
08:51:33 [INFO] Removing old export statements
08:51:33 [INFO] Beginning inverse_stratum and ancestry computation starting at node R_OUT
08:51:33 [INFO] Ancestry and Inverse Stratum computation complete.
08:51:33 [INFO] Constructed lite ADG
08:51:33 [INFO] Generating Program...
08:51:33 [INFO] 
08:51:33 [INFO] 1 / 27
08:51:33 [INFO]   I Add Relational Node
08:51:33 [INFO]   Added new relation R_1
08:51:33 [INFO] 2 / 27
08:51:33 [INFO]   I Add Relational Node
08:51:33 [INFO]   Added new relation R_2
08:51:33 [INFO] 3 / 27
08:51:33 [INFO]   I Add Relational Node
08:51:33 [INFO]   Added new relation R_3
08:51:33 [INFO] 4 / 27
08:51:33 [INFO]   I Add Relational Node
08:51:33 [INFO]   Added new relation R_4
08:51:33 [INFO] 5 / 27
08:51:33 [INFO]   I Add Relational Node
08:51:33 [INFO]   Added new relation R_5
08:51:33 [INFO] 6 / 27
08:51:33 [INFO]   I Add Relational Node
08:51:33 [INFO]   Added new relation R_6
08:51:33 [INFO] 7 / 27
08:51:33 [INFO]   I Add Relational Node
08:51:33 [INFO]   Added new relation R_7
08:51:33 [INFO] 8 / 27
08:51:33 [INFO]   I Add Relational Node
08:51:33 [INFO]   Added new relation R_8
08:51:33 [INFO] 9 / 27
08:51:33 [INFO]   I Add Relational Node
08:51:33 [INFO]   Added new relation R_9
08:51:33 [INFO] 10 / 27
08:51:33 [INFO]   I Add Relational Node
08:51:33 [INFO]   Added new relation R_10
08:51:33 [INFO] 11 / 27
08:51:33 [INFO]   I Add Relational Node
08:51:33 [INFO]   Added new relation R_11
08:51:33 [INFO] 12 / 27
08:51:33 [INFO]   I Add Relational Node
08:51:33 [INFO]   Added new relation R_12
08:51:33 [INFO] 13 / 27
08:51:33 [INFO]   I Add Relational Node
08:51:33 [INFO]   Added new relation R_13
08:51:33 [INFO] 14 / 27
08:51:33 [INFO]   I Add Relational Node
08:51:33 [INFO]   Added new relation R_14
08:51:33 [INFO] 15 / 27
08:51:33 [INFO]   I Add Relational Node
08:51:33 [INFO]   Added new relation R_15
08:51:33 [INFO] 16 / 27
08:51:33 [INFO]   I Add Relational Node
08:51:33 [INFO]   Added new relation R_16
08:51:33 [INFO] 17 / 27
08:51:33 [INFO]   I Add Relational Node
08:51:33 [INFO]   Added new relation R_17
08:51:33 [INFO] 18 / 27
08:51:33 [INFO]   I Add Relational Node
08:51:33 [INFO]   Added new relation R_18
08:51:33 [INFO] 19 / 27
08:51:33 [INFO]   I Add Relational Node
08:51:33 [INFO]   Added new relation R_19
08:51:33 [INFO] 20 / 27
08:51:33 [INFO]   I Add Relational Node
08:51:33 [INFO]   Added new relation R_20
08:51:33 [INFO] 21 / 27
08:51:33 [INFO]   I Add Relational Node
08:51:33 [INFO]   Added new relation R_21
08:51:33 [INFO] 22 / 27
08:51:33 [INFO]   I Add Relational Node
08:51:33 [INFO]   Added new relation R_22
08:51:33 [INFO] 23 / 27
08:51:33 [INFO]   I Add Relational Node
08:51:33 [INFO]   Added new relation R_23
08:51:33 [INFO] 24 / 27
08:51:33 [INFO]   I Add Relational Node
08:51:33 [INFO]   Added new relation R_24
08:51:33 [INFO] 25 / 27
08:51:33 [INFO]   I Add Relational Node
08:51:33 [INFO]   Added new relation R_25
08:51:33 [INFO] 26 / 27
08:51:33 [INFO]   I Add Relational Node
08:51:33 [INFO]   Added new relation R_26
08:51:33 [INFO] 27 / 27
08:51:33 [INFO]   I Add Relational Node
08:51:33 [INFO]   Added new relation R_27
08:51:33 [INFO] 
08:51:33 [INFO] Adding a new rule for each relation other than the seed relations
08:51:33 [INFO] 
08:51:33 [INFO] 1 / 28
08:51:33 [INFO]   Generating new single body literal rule for R_OUT
08:51:33 [INFO]   Assigned relation R_OUT the artiy 6
08:51:33 [INFO]   Assigned relation R_7 the artiy 6
08:51:33 [INFO]   Added new rule of name r_GEN_1
08:51:33 [INFO]   R_OUT(?X_2, ?X_3, "Wind Turbine A", ?X_5, ?X_6, ?X_2) :- R_7(?X_2, ?X_3, "Wind Turbine A", ?X_5, ?X_6, ?X_2) .
08:51:33 [INFO] 2 / 28
08:51:33 [INFO]   Generating new single body literal rule for R_1
08:51:33 [INFO]   Assigned relation R_1 the artiy 2
08:51:33 [INFO]   Added new rule of name r_GEN_2
08:51:33 [INFO]   R_1("Wind Turbine A", ?X_1) :- R_1("Wind Turbine A", ?X_1) .
08:51:33 [INFO] 3 / 28
08:51:33 [INFO]   Generating new single body literal rule for R_2
08:51:33 [INFO]   Assigned relation R_2 the artiy 6
08:51:33 [INFO]   Assigned relation R_6 the artiy 6
08:51:33 [INFO]   Added new rule of name r_GEN_3
08:51:33 [INFO]   R_2(?X_5, "Wind Turbine A", ?X_4, ?X_3, ?X_2, ?X_1) :- R_6(?X_5, "Wind Turbine A", ?X_4, ?X_3, ?X_2, ?X_1) .
08:51:33 [INFO] 4 / 28
08:51:33 [INFO]   Generating new single body literal rule for R_3
08:51:33 [INFO]   Assigned relation R_3 the artiy 3
08:51:33 [INFO]   Assigned relation R_13 the artiy 6
08:51:33 [INFO]   Added new rule of name r_GEN_4
08:51:33 [INFO]   R_3(?X_3, ?X_3, ?X_2) :- R_13(?X_2, ?X_3, ?X_2, ?X_3, ?X_3, ?X_2) .
08:51:33 [INFO] 5 / 28
08:51:33 [INFO]   Generating new single body literal rule for R_4
08:51:33 [INFO]   Assigned relation R_4 the artiy 6
08:51:33 [INFO]   Assigned relation R_27 the artiy 6
08:51:33 [INFO]   Added new rule of name r_GEN_5
08:51:33 [INFO]   R_4(?X_4, ?X_6, "40075000"^^<http://www.w3.org/2001/XMLSchema#double>, ?X_2, ?X_1, ?X_5) :- R_27(?X_4, ?X_6, "40075000"^^<http://www.w3.org/2001/XMLSchema#double>, ?X_2, ?X_1, ?X_5) .
08:51:33 [INFO] 6 / 28
08:51:33 [INFO]   Generating new single body literal rule for R_5
08:51:33 [INFO]   Assigned relation R_5 the artiy 1
08:51:33 [INFO]   Added new rule of name r_GEN_6
08:51:33 [INFO]   R_5(40) :- R_3("Feldsperling", 40, ?Y_1) .
08:51:33 [INFO] 7 / 28
08:51:33 [INFO]   Generating new single body literal rule for R_6
08:51:33 [INFO]   Assigned relation R_16 the artiy 6
08:51:33 [INFO]   Added new rule of name r_GEN_7
08:51:33 [INFO]   R_6("50.89312291453255"^^<http://www.w3.org/2001/XMLSchema#double>, ?X_4, ?X_2, ?X_6, ?X_3, ?X_6) :- R_16("50.89312291453255"^^<http://www.w3.org/2001/XMLSchema#double>, ?X_4, ?X_2, ?X_6, ?X_3, ?X_6) .
08:51:33 [INFO] 8 / 28
08:51:33 [INFO]   Generating new single body literal rule for R_7
08:51:33 [INFO]   Assigned relation R_8 the artiy 6
08:51:33 [INFO]   Added new rule of name r_GEN_8
08:51:33 [INFO]   R_7(?X_3, ?X_2, ?X_1, ?X_5, ?X_1, ?X_4) :- R_8(?X_3, ?X_2, ?X_1, ?X_5, ?X_1, ?X_4) .
08:51:33 [INFO] 9 / 28
08:51:33 [INFO]   Generating new single body literal rule for R_8
08:51:33 [INFO]   Assigned relation R_12 the artiy 6
08:51:33 [INFO]   Added new rule of name r_GEN_9
08:51:33 [INFO]   R_8("Wind Turbine A", ?X_1, ?X_5, ?X_6, ?X_3, ?X_4) :- R_12("Wind Turbine A", ?X_1, ?X_5, ?X_6, ?X_3, ?X_4) .
08:51:33 [INFO] 10 / 28
08:51:33 [INFO]   Generating new single body literal rule for R_9
08:51:33 [INFO]   Assigned relation R_9 the artiy 2
08:51:33 [INFO]   Assigned relation R_11 the artiy 5
08:51:33 [INFO]   Added new rule of name r_GEN_10
08:51:33 [INFO]   R_9("Wind Turbine B", ?X_1) :- R_11("Wind Turbine B", ?X_1, ?Y_1, ?X_1, "Wind Turbine B") .
08:51:33 [INFO] 11 / 28
08:51:33 [INFO]   Generating new single body literal rule for R_10
08:51:33 [INFO]   Assigned relation R_10 the artiy 6
08:51:33 [INFO]   Added new rule of name r_GEN_11
08:51:33 [INFO]   R_10(?X_1, ?X_2, ?X_3, ?X_4, ?X_3, ?X_5) :- project_location_m(?X_1, ?X_2, ?X_3), project_location_m(?X_4, ?X_3, ?X_5) .
08:51:33 [INFO] 12 / 28
08:51:33 [INFO]   Generating new single body literal rule for R_11
08:51:33 [INFO]   Added new rule of name r_GEN_12
08:51:33 [INFO]   R_11(?X_4, ?X_1, ?X_4, ?X_2, "true"^^<http://www.w3.org/2001/XMLSchema#boolean>) :- project_location(?X_4, ?X_2, ?X_4), project_location(?X_2, "true"^^<http://www.w3.org/2001/XMLSchema#boolean>, ?X_1) .
08:51:33 [INFO] 13 / 28
08:51:33 [INFO]   Generating new single body literal rule for R_12
08:51:33 [INFO]   Assigned relation R_26 the artiy 6
08:51:33 [INFO]   Added new rule of name r_GEN_13
08:51:33 [INFO]   R_12(?X_3, ?X_5, ?X_6, ?X_4, ?X_1, ?X_2) :- R_26(?X_3, ?X_5, ?X_6, ?X_4, ?X_1, ?X_2) .
08:51:33 [INFO] 14 / 28
08:51:33 [INFO]   Generating new single body literal rule for R_13
08:51:33 [INFO]   Added new rule of name r_GEN_14
08:51:33 [INFO]   R_13(?X_6, ?X_2, "Wind Turbine A", ?X_4, ?X_3, ?X_1) :- R_27(?X_6, ?X_2, "Wind Turbine A", ?X_4, ?X_3, ?X_1) .
08:51:33 [INFO] 15 / 28
08:51:33 [INFO]   Generating new single body literal rule for R_14
08:51:33 [INFO]   Assigned relation R_14 the artiy 2
08:51:33 [INFO]   Added new rule of name r_GEN_15
08:51:33 [INFO]   R_14(?X_1, 40) :- project_reject(?X_1), project_reject(40) .
08:51:33 [INFO] 16 / 28
08:51:33 [INFO]   Generating new single body literal rule for R_15
08:51:33 [INFO]   Assigned relation R_15 the artiy 6
08:51:33 [INFO]   Added new rule of name r_GEN_16
08:51:33 [INFO]   R_15(?X_5, "50.89816338631804"^^<http://www.w3.org/2001/XMLSchema#double>, ?X_1, ?X_2, ?X_6, ?X_4) :- project_species(?X_5, "50.89816338631804"^^<http://www.w3.org/2001/XMLSchema#double>), project_species(?X_1, ?X_2), project_species(?X_6, ?X_4) .
08:51:33 [INFO] 17 / 28
08:51:33 [INFO]   Generating new single body literal rule for R_16
08:51:33 [INFO]   Added new rule of name r_GEN_17
08:51:33 [INFO]   R_16(?X_4, ?X_5, "50.89816338631804"^^<http://www.w3.org/2001/XMLSchema#double>, ?X_2, ?X_6, ?X_6) :- locations(?X_4, ?X_5, "50.89816338631804"^^<http://www.w3.org/2001/XMLSchema#double>), locations(?X_2, ?X_6, ?X_6) .
08:51:33 [INFO] 18 / 28
08:51:33 [INFO]   Generating new single body literal rule for R_17
08:51:33 [INFO]   Assigned relation R_17 the artiy 5
08:51:33 [INFO]   Added new rule of name r_GEN_18
08:51:33 [INFO]   R_17(?X_4, ?X_1, ?X_3, ?X_2, ?X_5) :- R_11(?X_4, ?X_1, ?X_3, ?X_2, ?X_5) .
08:51:33 [INFO] 19 / 28
08:51:33 [INFO]   Generating new single body literal rule for R_18
08:51:33 [INFO]   Assigned relation R_18 the artiy 3
08:51:33 [INFO]   Added new rule of name r_GEN_19
08:51:33 [INFO]   R_18(?X_1, "Feldsperling", ?X_2) :- coordinates_m(?X_1, "Feldsperling"), coordinates_m(?X_2, ?X_2) .
08:51:33 [INFO] 20 / 28
08:51:33 [INFO]   Generating new single body literal rule for R_19
08:51:33 [INFO]   Assigned relation R_19 the artiy 6
08:51:33 [INFO]   Added new rule of name r_GEN_20
08:51:33 [INFO]   R_19(?X_2, ?X_5, "Wind Turbine A", ?X_1, ?X_4, ?X_4) :- R_16(?X_2, ?X_5, "Wind Turbine A", ?X_1, ?X_4, ?X_4) .
08:51:33 [INFO] 21 / 28
08:51:33 [INFO]   Generating new single body literal rule for R_20
08:51:33 [INFO]   Assigned relation R_20 the artiy 4
08:51:33 [INFO]   Added new rule of name r_GEN_21
08:51:33 [INFO]   R_20("Wind Turbine A", ?X_3, ?X_1, ?X_2) :- endangered("Wind Turbine A"), endangered(?X_3), endangered(?X_1), endangered(?X_2) .
08:51:33 [INFO] 22 / 28
08:51:33 [INFO]   Generating new single body literal rule for R_21
08:51:33 [INFO]   Assigned relation R_21 the artiy 6
08:51:33 [INFO]   Added new rule of name r_GEN_22
08:51:33 [INFO]   R_21(?X_2, ?X_1, ?X_6, ?X_3, ?X_5, "13.688126881341304"^^<http://www.w3.org/2001/XMLSchema#double>) :- R_11(?Y_1, ?X_1, ?X_6, ?Y_2, ?X_5), R_11(?X_5, ?X_2, "13.688126881341304"^^<http://www.w3.org/2001/XMLSchema#double>, "13.688126881341304"^^<http://www.w3.org/2001/XMLSchema#double>, ?X_3) .
08:51:33 [INFO] 23 / 28
08:51:33 [INFO]   Generating new single body literal rule for R_22
08:51:33 [INFO]   Assigned relation R_22 the artiy 4
08:51:33 [INFO]   Added new rule of name r_GEN_23
08:51:33 [INFO]   R_22("Wind Turbine C", ?X_2, ?X_4, ?X_2) :- R_21("Wind Turbine C", ?X_4, ?X_4, ?X_2, ?X_2, ?X_4) .
08:51:33 [INFO] 24 / 28
08:51:33 [INFO]   Generating new single body literal rule for R_23
08:51:33 [INFO]   Assigned relation R_23 the artiy 5
08:51:33 [INFO]   Added new rule of name r_GEN_24
08:51:33 [INFO]   R_23(?X_2, ?X_4, "Feldsperling", ?X_5, ?X_3) :- R_6(?X_2, ?X_4, "Feldsperling", ?X_5, ?X_2, ?X_3) .
08:51:33 [INFO] 25 / 28
08:51:33 [INFO]   Generating new single body literal rule for R_24
08:51:33 [INFO]   Assigned relation R_24 the artiy 5
08:51:33 [INFO]   Added new rule of name r_GEN_25
08:51:33 [INFO]   R_24("Wind Turbine B", ?X_3, ?X_1, ?X_5, ?X_4) :- R_27("Wind Turbine B", ?X_3, ?X_1, ?X_5, ?X_1, ?X_4) .
08:51:33 [INFO] 26 / 28
08:51:33 [INFO]   Generating new single body literal rule for R_25
08:51:33 [INFO]   Assigned relation R_25 the artiy 5
08:51:33 [INFO]   Added new rule of name r_GEN_26
08:51:33 [INFO]   R_25(?X_2, ?X_1, ?X_3, ?X_1, 60) :- R_7(?X_2, ?X_1, ?X_3, ?X_1, 60, ?X_1) .
08:51:33 [INFO] 27 / 28
08:51:33 [INFO]   Generating new single body literal rule for R_26
08:51:33 [INFO]   Added new rule of name r_GEN_27
08:51:33 [INFO]   R_26("Wind Turbine B", ?X_5, ?X_3, ?X_5, ?X_2, ?X_1) :- project_location_m("Wind Turbine B", ?X_5, ?X_3), project_location_m(?X_5, ?X_2, ?X_1) .
08:51:33 [INFO] 28 / 28
08:51:33 [INFO]   Generating new single body literal rule for R_27
08:51:33 [INFO]   Added new rule of name r_GEN_28
08:51:33 [INFO]   R_27(?X_2, ?X_2, "Wind Turbine A", ?X_4, ?X_1, ?X_6) :- R_6(?X_2, ?X_2, "Wind Turbine A", ?X_4, ?X_1, ?X_6) .
08:51:33 [INFO] 
08:51:33 [INFO] Adding a outgoing relational edge for each relation other than R_OUT
08:51:33 [INFO] 
08:51:33 [INFO] 1 / 44
08:51:33 [INFO]   Adding outgoing relational edge from CIRC_EARTH for r_GEN_22
08:51:33 [INFO]   Generated literal ~CIRC_EARTH(?Y_2) for rule r_GEN_22
08:51:33 [INFO] 2 / 44
08:51:33 [INFO]   Adding outgoing relational edge from PI for r_GEN_11
08:51:33 [INFO]   Generated literal ~PI(?X_4) for rule r_GEN_11
08:51:33 [INFO] 3 / 44
08:51:33 [INFO]   Adding outgoing relational edge from TRUE for r_GEN_9
08:51:33 [INFO]   Generated literal TRUE(?X_4) for rule r_GEN_9
08:51:33 [INFO] 4 / 44
08:51:33 [INFO]   Adding outgoing relational edge from closest_house for r_GEN_1
08:51:33 [INFO]   Generated literal closest_house(?Z_1, ?X_2) for rule r_GEN_1
08:51:33 [INFO] 5 / 44
08:51:33 [INFO]   Adding outgoing relational edge from coordinates for r_GEN_10
08:51:33 [INFO]   Generated literal coordinates(?Z_1, "Wind Turbine C") for rule r_GEN_10
08:51:33 [INFO] 6 / 44
08:51:33 [INFO]   Adding outgoing relational edge from coordinates_m for r_GEN_18
08:51:33 [INFO]   Generated literal ~coordinates_m(?X_4, ?X_1) for rule r_GEN_18
08:51:33 [INFO] 7 / 44
08:51:33 [INFO]   Adding outgoing relational edge from distance for r_GEN_20
08:51:33 [INFO]   Generated literal distance(?X_1, ?Z_3) for rule r_GEN_20
08:51:33 [INFO] 8 / 44
08:51:33 [INFO]   Adding outgoing relational edge from endangered for r_GEN_11
08:51:33 [INFO]   Generated literal ~endangered(?X_3) for rule r_GEN_11
08:51:33 [INFO] 9 / 44
08:51:33 [INFO]   Adding outgoing relational edge from environmental_impact for r_GEN_9
08:51:33 [INFO]   Generated literal environmental_impact(?X_1) for rule r_GEN_9
08:51:33 [INFO] 10 / 44
08:51:33 [INFO]   Adding outgoing relational edge from locations for r_GEN_23
08:51:33 [INFO]   Generated literal ~locations(?X_2, ?X_2, ?X_4) for rule r_GEN_23
08:51:33 [INFO] 11 / 44
08:51:33 [INFO]   Adding outgoing relational edge from project for r_GEN_1
08:51:33 [INFO]   Generated literal ~project(?Z_1) for rule r_GEN_1
08:51:33 [INFO] 12 / 44
08:51:33 [INFO]   Adding outgoing relational edge from project_approved for r_GEN_5
08:51:33 [INFO]   Generated literal project_approved(?X_1) for rule r_GEN_5
08:51:33 [INFO] 13 / 44
08:51:33 [INFO]   Adding outgoing relational edge from project_height_m for r_GEN_10
08:51:33 [INFO]   Generated literal ~project_height_m("Wind Turbine A", ?Y_1) for rule r_GEN_10
08:51:33 [INFO] 14 / 44
08:51:33 [INFO]   Adding outgoing relational edge from project_location for r_GEN_7
08:51:33 [INFO]   Generated literal project_location(?X_2, ?X_6, ?Z_1) for rule r_GEN_7
08:51:33 [INFO] 15 / 44
08:51:33 [INFO]   Adding outgoing relational edge from project_location_m for r_GEN_4
08:51:33 [INFO]   Generated literal project_location_m("Wind Turbine A", ?X_2, ?Z_1) for rule r_GEN_4
08:51:33 [INFO] 16 / 44
08:51:33 [INFO]   Adding outgoing relational edge from project_reject for r_GEN_5
08:51:33 [INFO]   Generated literal ~project_reject(?X_1) for rule r_GEN_5
08:51:33 [INFO] 17 / 44
08:51:33 [INFO]   Adding outgoing relational edge from project_species for r_GEN_4
08:51:33 [INFO]   Generated literal project_species(?Z_4, ?X_2) for rule r_GEN_4
08:51:33 [INFO] 18 / 44
08:51:33 [INFO]   Adding outgoing relational edge from R_1 for r_GEN_13
08:51:33 [INFO]   Generated literal R_1(?X_4, ?X_6) for rule r_GEN_13
08:51:33 [INFO] 19 / 44
08:51:33 [INFO]   Adding outgoing relational edge from R_2 for r_GEN_10
08:51:33 [INFO]   Generated literal R_2("Wind Turbine B", ?Z_1, ?Z_2, ?Y_1, ?X_1, ?X_1) for rule r_GEN_10
08:51:33 [INFO] 20 / 44
08:51:33 [INFO]   Adding outgoing relational edge from R_3 for r_GEN_20
08:51:33 [INFO]   Generated literal R_3(?X_5, ?Z_1, ?X_4) for rule r_GEN_20
08:51:33 [INFO] 21 / 44
08:51:33 [INFO]   Adding outgoing relational edge from R_4 for r_GEN_1
08:51:33 [INFO]   Generated literal R_4(?X_2, ?X_6, ?X_2, ?Z_3, ?X_2, ?Z_1) for rule r_GEN_1
08:51:33 [INFO] 22 / 44
08:51:33 [INFO]   Adding outgoing relational edge from R_5 for r_GEN_1
08:51:33 [INFO]   Generated literal R_5(?X_2) for rule r_GEN_1
08:51:33 [INFO] 23 / 44
08:51:33 [INFO]   Adding outgoing relational edge from R_6 for r_GEN_1
08:51:33 [INFO]   Generated literal R_6(?X_2, ?Z_2, ?X_2, ?X_2, ?X_3, ?Z_1) for rule r_GEN_1
08:51:33 [INFO] 24 / 44
08:51:33 [INFO]   Adding outgoing relational edge from R_7 for r_GEN_20
08:51:33 [INFO]   Generated literal ~R_7("addr", ?Z_1, ?X_5, ?X_4, ?X_4, ?X_2) for rule r_GEN_20
08:51:33 [INFO] 25 / 44
08:51:33 [INFO]   Adding outgoing relational edge from R_8 for r_GEN_14
08:51:33 [INFO]   Generated literal R_8(?X_4, ?X_1, ?X_1, ?X_6, ?Z_4, ?X_4) for rule r_GEN_14
08:51:33 [INFO] 26 / 44
08:51:33 [INFO]   Adding outgoing relational edge from R_9 for r_GEN_16
08:51:33 [INFO]   Generated literal R_9(?X_6, ?X_2) for rule r_GEN_16
08:51:33 [INFO] 27 / 44
08:51:33 [INFO]   Adding outgoing relational edge from R_10 for r_GEN_8
08:51:33 [INFO]   Generated literal R_10(?X_2, ?Z_4, ?X_2, ?X_3, ?X_4, ?Z_3) for rule r_GEN_8
08:51:33 [INFO] 28 / 44
08:51:33 [INFO]   Adding outgoing relational edge from R_11 for r_GEN_23
08:51:33 [INFO]   Generated literal R_11(?X_2, ?X_4, "Wind Turbine C", ?Z_3, ?X_4) for rule r_GEN_23
08:51:33 [INFO] 29 / 44
08:51:33 [INFO]   Adding outgoing relational edge from R_12 for r_GEN_21
08:51:33 [INFO]   Generated literal R_12(?X_3, ?Z_1, ?X_2, ?X_1, ?X_2, ?X_3) for rule r_GEN_21
08:51:33 [INFO] 30 / 44
08:51:33 [INFO]   Adding outgoing relational edge from R_13 for r_GEN_6
08:51:33 [INFO]   Generated literal R_13("true"^^<http://www.w3.org/2001/XMLSchema#boolean>, "Wind Turbine C", ?Y_1, "3.14159"^^<http://www.w3.org/2001/XMLSchema#double>, ?Z_1, ?Y_1) for rule r_GEN_6
08:51:33 [INFO] 31 / 44
08:51:33 [INFO]   Adding outgoing relational edge from R_14 for r_GEN_16
08:51:33 [INFO]   Generated literal R_14("3.14159"^^<http://www.w3.org/2001/XMLSchema#double>, ?X_1) for rule r_GEN_16
08:51:33 [INFO] 32 / 44
08:51:33 [INFO]   Adding outgoing relational edge from R_15 for r_GEN_6
08:51:33 [INFO]   Generated literal R_15(?Z_3, ?Y_1, ?Y_1, ?Z_1, "50.89312291453255"^^<http://www.w3.org/2001/XMLSchema#double>, ?Z_2) for rule r_GEN_6
08:51:33 [INFO] 33 / 44
08:51:33 [INFO]   Adding outgoing relational edge from R_16 for r_GEN_4
08:51:33 [INFO]   Generated literal R_16(?X_2, ?X_2, ?Z_7, ?X_3, ?X_3, ?X_3) for rule r_GEN_4
08:51:33 [INFO] 34 / 44
08:51:33 [INFO]   Adding outgoing relational edge from R_17 for r_GEN_9
08:51:33 [INFO]   Generated literal R_17(?X_1, ?Z_5, ?X_1, "Wind Turbine C", ?X_4) for rule r_GEN_9
08:51:33 [INFO] 35 / 44
08:51:33 [INFO]   Adding outgoing relational edge from R_18 for r_GEN_4
08:51:33 [INFO]   Generated literal R_18(?Z_7, ?Z_10, ?X_3) for rule r_GEN_4
08:51:33 [INFO] 36 / 44
08:51:33 [INFO]   Adding outgoing relational edge from R_19 for r_GEN_28
08:51:33 [INFO]   Generated literal R_19(?Z_1, ?X_2, ?X_1, ?Z_4, ?X_2, "Wind Turbine A") for rule r_GEN_28
08:51:33 [INFO] 37 / 44
08:51:33 [INFO]   Adding outgoing relational edge from R_20 for r_GEN_6
08:51:33 [INFO]   Generated literal R_20("Mauersegler", ?Y_1, ?Z_6, ?Z_2) for rule r_GEN_6
08:51:33 [INFO] 38 / 44
08:51:33 [INFO]   Adding outgoing relational edge from R_21 for r_GEN_5
08:51:33 [INFO]   Generated literal R_21(?X_5, ?X_2, ?Z_1, ?X_2, ?X_4, ?X_1) for rule r_GEN_5
08:51:33 [INFO] 39 / 44
08:51:33 [INFO]   Adding outgoing relational edge from R_22 for r_GEN_20
08:51:33 [INFO]   Generated literal R_22(?X_1, ?Z_5, ?X_5, ?X_2) for rule r_GEN_20
08:51:33 [INFO] 40 / 44
08:51:33 [INFO]   Adding outgoing relational edge from R_23 for r_GEN_22
08:51:33 [INFO]   Generated literal ~R_23(?X_6, ?X_5, ?Y_2, ?X_6, ?X_3) for rule r_GEN_22
08:51:33 [INFO] 41 / 44
08:51:33 [INFO]   Adding outgoing relational edge from R_24 for r_GEN_26
08:51:33 [INFO]   Generated literal R_24(?X_3, ?X_1, ?X_1, ?X_1, ?X_2) for rule r_GEN_26
08:51:33 [INFO] 42 / 44
08:51:33 [INFO]   Adding outgoing relational edge from R_25 for r_GEN_21
08:51:33 [INFO]   Generated literal R_25("true"^^<http://www.w3.org/2001/XMLSchema#boolean>, ?X_1, ?X_2, ?X_3, ?Z_5) for rule r_GEN_21
08:51:33 [INFO] 43 / 44
08:51:33 [INFO]   Adding outgoing relational edge from R_26 for r_GEN_11
08:51:33 [INFO]   Generated literal R_26(?X_2, ?X_4, ?Z_3, ?Z_2, ?X_3, ?X_2) for rule r_GEN_11
08:51:33 [INFO] 44 / 44
08:51:33 [INFO]   Adding outgoing relational edge from R_27 for r_GEN_26
08:51:33 [INFO]   Generated literal R_27(?X_2, ?Z_1, ?X_2, ?Z_5, ?X_1, ?X_1) for rule r_GEN_26
08:51:33 [INFO] 
08:51:33 [INFO] Adding gen. size facts
08:51:33 [INFO] 
08:51:33 [INFO] 1 / 28
08:51:33 [INFO]   II Add Fact Node and Edge
08:51:33 [INFO]   Added new fact R_22("str_1", "str_2", c_1, 14867425533690476632).
08:51:33 [INFO] 2 / 28
08:51:33 [INFO]   II Add Fact Node and Edge
08:51:33 [INFO]   Added new fact R_23(c_2, "str_3", "str_4", c_3, "50.89312291453255"^^<http://www.w3.org/2001/XMLSchema#double>).
08:51:33 [INFO] 3 / 28
08:51:33 [INFO]   II Add Fact Node and Edge
08:51:33 [INFO]   Added new fact R_23("str_5", c_4, c_5, "Rotmilan", 10069243799852529015).
08:51:33 [INFO] 4 / 28
08:51:33 [INFO]   II Add Fact Node and Edge
08:51:33 [INFO]   Added new fact R_23(c_6, "str_4", "str_6", 14867425533690476632, 17215693131646606360).
08:51:33 [INFO] 5 / 28
08:51:33 [INFO]   II Add Fact Node and Edge
08:51:33 [INFO]   Added new fact R_23("Wind Turbine A", 1983161843312211188, "addr", "13.69510396381167"^^<http://www.w3.org/2001/XMLSchema#double>, "str_7").
08:51:33 [INFO] 6 / 28
08:51:33 [INFO]   II Add Fact Node and Edge
08:51:33 [INFO]   Added new fact R_19("str_7", c_7, 4723152373821479170, 11140621435234207676, c_4, c_7).
08:51:33 [INFO] 7 / 28
08:51:33 [INFO]   II Add Fact Node and Edge
08:51:33 [INFO]   Added new fact R_5("str_7").
08:51:33 [INFO] 8 / 28
08:51:33 [INFO]   II Add Fact Node and Edge
08:51:33 [INFO]   Added new fact R_19("Mauersegler", "50.90297432498729"^^<http://www.w3.org/2001/XMLSchema#double>, c_8, c_4, 17215693131646606360, "Mauersegler").
08:51:33 [INFO] 9 / 28
08:51:33 [INFO]   II Add Fact Node and Edge
08:51:33 [INFO]   Added new fact R_23("13.69510396381167"^^<http://www.w3.org/2001/XMLSchema#double>, c_9, c_10, "str_8", "str_9").
08:51:33 [INFO] 10 / 28
08:51:33 [INFO]   II Add Fact Node and Edge
08:51:33 [INFO]   Added new fact R_27(60, c_8, c_11, "str_10", c_2, c_12).
08:51:33 [INFO] 11 / 28
08:51:33 [INFO]   II Add Fact Node and Edge
08:51:33 [INFO]   Added new fact R_23("50.89312291453255"^^<http://www.w3.org/2001/XMLSchema#double>, 10069243799852529015, 14867425533690476632, "Rotmilan", "true"^^<http://www.w3.org/2001/XMLSchema#boolean>).
08:51:33 [INFO] 12 / 28
08:51:33 [INFO]   II Add Fact Node and Edge
08:51:33 [INFO]   Added new fact R_21(c_13, "str_11", 2542397713389034748, 10303093361194149522, c_5, c_14).
08:51:33 [INFO] 13 / 28
08:51:33 [INFO]   II Add Fact Node and Edge
08:51:33 [INFO]   Added new fact R_23("40075000"^^<http://www.w3.org/2001/XMLSchema#double>, "Wind Turbine B", c_15, "50.90297432498729"^^<http://www.w3.org/2001/XMLSchema#double>, c_16).
08:51:33 [INFO] 14 / 28
08:51:33 [INFO]   II Add Fact Node and Edge
08:51:33 [INFO]   Added new fact R_5(c_17).
08:51:33 [INFO] 15 / 28
08:51:33 [INFO]   II Add Fact Node and Edge
08:51:33 [INFO]   Added new fact R_23("str_4", "Wind Turbine A", "Feldsperling", 983779533642928955, "Wind Turbine C").
08:51:33 [INFO] 16 / 28
08:51:33 [INFO]   II Add Fact Node and Edge
08:51:33 [INFO]   Added new fact R_23(c_18, "str_12", c_19, c_8, "Wind Turbine C").
08:51:33 [INFO] 17 / 28
08:51:33 [INFO]   II Add Fact Node and Edge
08:51:33 [INFO]   Added new fact R_14(c_10, "addr").
08:51:33 [INFO] 18 / 28
08:51:33 [INFO]   II Add Fact Node and Edge
08:51:33 [INFO]   Added new fact R_20(c_19, c_20, c_21, "Mauersegler").
08:51:33 [INFO] 19 / 28
08:51:33 [INFO]   II Add Fact Node and Edge
08:51:33 [INFO]   Added new fact R_21(c_20, "str_13", c_22, 60, "str_9", "str_4").
08:51:33 [INFO] 20 / 28
08:51:33 [INFO]   II Add Fact Node and Edge
08:51:33 [INFO]   Added new fact R_14("str_6", c_8).
08:51:33 [INFO] 21 / 28
08:51:33 [INFO]   II Add Fact Node and Edge
08:51:33 [INFO]   Added new fact R_14("Wind Turbine A", c_20).
08:51:33 [INFO] 22 / 28
08:51:33 [INFO]   II Add Fact Node and Edge
08:51:33 [INFO]   Added new fact R_23("addr", "str_14", "str_15", c_5, "Wind Turbine A").
08:51:33 [INFO] 23 / 28
08:51:33 [INFO]   II Add Fact Node and Edge
08:51:33 [INFO]   Added new fact R_23(2542397713389034748, "Wind Turbine C", "str_2", 7646808311167870767, c_23).
08:51:33 [INFO] 24 / 28
08:51:33 [INFO]   II Add Fact Node and Edge
08:51:33 [INFO]   Added new fact R_27(c_24, c_25, c_16, c_26, "str_16", c_27).
08:51:33 [INFO] 25 / 28
08:51:33 [INFO]   II Add Fact Node and Edge
08:51:33 [INFO]   Added new fact R_15("str_5", "str_16", 13616623382980553547, "50.90297432498729"^^<http://www.w3.org/2001/XMLSchema#double>, "Wind Turbine C", c_8).
08:51:33 [INFO] 26 / 28
08:51:33 [INFO]   II Add Fact Node and Edge
08:51:33 [INFO]   Added new fact R_23(c_28, "str_17", "str_18", 4723152373821479170, 8285510541879193208).
08:51:33 [INFO] 27 / 28
08:51:33 [INFO]   II Add Fact Node and Edge
08:51:33 [INFO]   Added new fact R_2(7646808311167870767, 14867425533690476632, c_29, "str_3", "13.704927907097524"^^<http://www.w3.org/2001/XMLSchema#double>, 9145290854094130724).
08:51:33 [INFO] 28 / 28
08:51:33 [INFO]   II Add Fact Node and Edge
08:51:33 [INFO]   Added new fact R_13(c_30, "Wind Turbine A", "str_5", 4723152373821479170, 12057349452581444278, 12499868041184156685).
08:51:33 [INFO] 
08:51:33 [INFO] ----------------------------------------------
08:51:33 [INFO] ----------- Program Generation Done ----------
08:51:33 [INFO] ----------------------------------------------
08:51:33 [INFO] 
08:51:33 [INFO] ----------- Generated ADG Summary: -----------
08:51:33 [INFO] ADG Fact Nodes:                  28
08:51:33 [INFO] ADG Relational Nodes:            45
08:51:33 [INFO] ADG Fact Edges:                  28
08:51:33 [INFO] ADG Relational Edges:            84
08:51:33 [INFO] Number of inv. Strata:           2
08:51:33 [INFO] 
08:51:33 [INFO] Nodes with None Ancestry:        0
08:51:33 [INFO] Nodes with Positive Ancestry:    22
08:51:33 [INFO] Nodes with Negative Ancestry:    4
08:51:33 [INFO] Nodes with Unknown Ancestry:     19
08:51:33 [INFO] 
08:51:33 [INFO] Next rule name would be:         r_CON_29
08:51:33 [INFO] Next predicate name would be:    R_28
08:51:33 [INFO] Next constant name would be:     c_31
08:51:33 [INFO] Next string would be:            "str_19"
08:51:33 [INFO] 
08:51:33 [INFO] Output predicate:                R_OUT
08:51:33 [INFO] Generated rule count:            28
08:51:33 [INFO] Rule count:                      37
08:51:33 [INFO] Average rel. arity:              3.6666666666666665
08:51:33 [INFO] Arity calc. may be inaccurate if arity > f64
08:51:33 [INFO] ----------------------------------------------
08:51:33 [INFO] 
08:51:33 [INFO] ------ Performed Gen. Transformations: -------
08:51:33 [INFO]  #      Type
08:51:33 [INFO]  28      Generate New Rule with Probably Single Lit
08:51:33 [INFO]  44      Generating an Outgoing Relational Edge
08:51:33 [INFO]  27      I     Add Relational Node
08:51:33 [INFO]  28      II    Add Fact Node and Edge
08:51:33 [INFO] ----------------------------------------------
08:51:33 [INFO] 
08:51:33 [INFO] Storing input ADG and input program
08:51:33 [INFO] 
08:51:33 [INFO] ----------------------------------------------
08:51:33 [INFO] --------- Beginning Transformations ----------
08:51:33 [INFO] --------  Oracle: CON    Number: 66
08:51:33 [INFO] ----------------------------------------------
08:51:33 [INFO] 1 / 66
08:51:33 [INFO]   III Add Relational edges - New Rule
08:51:33 [INFO]   Added new rule of name r_CON_31
08:51:33 [INFO]   R_23(?X_5, ?X_3, c_21, ?X_2, ?X_1) :- coordinates(?X_5, ?X_3), coordinates(?X_1, ?X_2), coordinates(?X_1, c_21) .
08:51:33 [INFO] 2 / 66
08:51:33 [INFO]   IV Add Relational Edge - New Literal
08:51:33 [INFO]   Generated literal ~R_18(?X_5, ?X_2, ?X_1) for rule r_GEN_3
08:51:33 [INFO] 3 / 66
08:51:33 [INFO]   II Add Fact Node and Edge
08:51:33 [INFO]   Added new fact R_23(c_29, 14867425533690476632, "Wind Turbine C", "str_18", 11145209899396051080).
08:51:33 [INFO] 4 / 66
08:51:33 [INFO]   III Add Relational edges - New Rule
08:51:33 [INFO]   Added new rule of name r_CON_32
08:51:33 [INFO]   R_23(?X_2, ?X_4, ?X_3, ?X_1, ?X_5) :- R_9(?X_2, ?X_4), R_26(?X_4, ?X_1, ?X_3, ?X_5, ?X_3, 12499868041184156685), ~R_9(?X_3, ?X_3) .
08:51:33 [INFO] 5 / 66
08:51:33 [INFO]   VIII Modify Rule - Remove Equality
08:51:33 [INFO]   Replaced a random number of var X_1 with var X_1_new_1 in the rule r_CON_31
08:51:33 [INFO] 6 / 66
08:51:33 [INFO]   III Add Relational edges - New Rule
08:51:33 [INFO]   Added new rule of name r_CON_33
08:51:33 [INFO]   R_23(?X_3, c_27, ?X_2, ?X_2, ?X_1) :- CIRC_EARTH(?X_3), project(c_27), CIRC_EARTH(?X_2), CIRC_EARTH(?X_2), CIRC_EARTH(?X_1), ~R_1("13.704927907097524"^^<http://www.w3.org/2001/XMLSchema#double>, ?X_1), ~project(?X_3) .
08:51:33 [INFO] 7 / 66
08:51:33 [INFO]   IX Remove Fact Node and Edge
08:51:33 [INFO]   Removed fact R_21(c_13, "str_11", 2542397713389034748, 10303093361194149522, c_5, c_14). from the program
08:51:33 [INFO]   Removed fact R_21(c_13, "str_11", 2542397713389034748, 10303093361194149522, c_5, c_14). from the ADG.
08:51:33 [INFO] 8 / 66
08:51:33 [INFO]   XI Add Contradictory Rule
08:51:33 [INFO]   Added new contradictory rule of name r_CON_34
08:51:33 [INFO]   R_OUT(?X_3, ?X_4, ?X_1, ?X_5, ?X_4, ?X_6) :- R_1(?X_3, ?X_4), R_1(?X_1, ?X_5), R_1(?X_4, ?X_6), ~R_1(?X_3, ?X_4) .
08:51:33 [INFO] 9 / 66
08:51:33 [INFO]   III Add Relational edges - New Rule
08:51:33 [INFO]   Added new rule of name r_CON_35
08:51:33 [INFO]   R_23(?X_5, ?X_4, ?X_2, ?X_4, ?X_3) :- R_15(?X_2, ?X_3, ?X_2, ?X_4, c_26, ?X_5), project_location_m(?X_5, ?X_5, c_26), R_7(?Y_1, ?X_4, ?X_2, ?Y_1, ?X_5, ?X_4), closest_house(?X_4, c_26), R_6(?X_3, ?X_3, ?Y_1, ?X_4, ?X_4, ?X_5), project_reject(?X_2), ~R_7(?X_2, ?X_5, ?X_2, ?X_2, ?X_5, ?X_2), ~coordinates(?X_4, ?X_2) .
08:51:33 [INFO] 10 / 66
08:51:33 [INFO]   IX Remove Fact Node and Edge
08:51:33 [INFO]   Removed fact R_5(c_17). from the program
08:51:33 [INFO]   Removed fact R_5(c_17). from the ADG.
08:51:33 [INFO] 11 / 66
08:51:33 [INFO]   I Add Relational Node
08:51:33 [INFO]   Added new relation R_30
08:51:33 [INFO] 12 / 66
08:51:33 [INFO]   VII Modify Rule - Add Equality
08:51:33 [INFO]   Replaced var ?X_6 with var ?X_2 in the rule r_GEN_28
08:51:33 [INFO] 13 / 66
08:51:33 [INFO]   VII Modify Rule - Add Equality
08:51:33 [INFO]   Replaced var ?Z_4 with var ?X_2 in the rule r_GEN_28
08:51:33 [INFO] 14 / 66
08:51:33 [INFO]   V Remove Relational Edges - Whole Rule
08:51:33 [INFO]   Removing the Rule of the name r_CON_34
08:51:33 [INFO] 15 / 66
08:51:33 [INFO]   XI Add Contradictory Rule
08:51:33 [INFO]   Added new contradictory rule of name r_CON_36
08:51:33 [INFO]   R_1(?X_1, ?X_1) :- project_species(?X_1, ?X_1), ~project_species(?X_1, ?X_1) .
08:51:33 [INFO] 16 / 66
08:51:33 [INFO]   IV Add Relational Edge - New Literal
08:51:33 [INFO]   Generated literal ~R_26(?X_1, ?X_2, ?X_1, ?X_2, ?X_3, ?X_1) for rule r_GEN_21
08:51:33 [INFO] 17 / 66
08:51:33 [INFO]   II Add Fact Node and Edge
08:51:33 [INFO]   Assigned relation R_30 the artiy 2
08:51:33 [INFO]   Added new fact R_30("50.89312291453255"^^<http://www.w3.org/2001/XMLSchema#double>, c_33).
08:51:33 [INFO] 18 / 66
08:51:33 [INFO]   IX Remove Fact Node and Edge
08:51:33 [INFO]   Removed fact R_21(c_20, "str_13", c_22, 60, "str_9", "str_4"). from the program
08:51:33 [INFO]   Removed fact R_21(c_20, "str_13", c_22, 60, "str_9", "str_4"). from the ADG.
08:51:33 [INFO] 19 / 66
08:51:33 [INFO]   II Add Fact Node and Edge
08:51:33 [INFO]   Added new fact R_23(7646808311167870767, "str_21", 9145290854094130724, "Mauersegler", "str_2").
08:51:33 [INFO] 20 / 66
08:51:33 [INFO]   I Add Relational Node
08:51:33 [INFO]   Added new relation R_31
08:51:33 [INFO] 21 / 66
08:51:33 [INFO]   IX Remove Fact Node and Edge
08:51:33 [INFO]   Removed fact R_5("str_7"). from the program
08:51:33 [INFO]   Removed fact R_5("str_7"). from the ADG.
08:51:33 [INFO] 22 / 66
08:51:33 [INFO]   III Add Relational edges - New Rule
08:51:33 [INFO]   Added new rule of name r_CON_37
08:51:33 [INFO]   R_23(c_27, ?X_1, ?X_5, ?X_5, ?X_2) :- coordinates_m(c_27, ?X_1), R_14(?X_5, ?X_5), closest_house(?X_2, c_27), ~locations(c_27, ?X_5, c_22), ~R_14(c_27, ?X_5), ~project(?X_2) .
08:51:33 [INFO] 23 / 66
08:51:33 [INFO]   VIII Modify Rule - Remove Equality
08:51:33 [INFO]   Replaced a random number of var X_2 with var X_2_new_1 in the rule r_CON_33
08:51:33 [INFO] 24 / 66
08:51:33 [INFO]   I Add Relational Node
08:51:33 [INFO]   Added new relation R_32
08:51:33 [INFO] 25 / 66
08:51:33 [INFO]   IV Add Relational Edge - New Literal
08:51:33 [INFO]   Generated literal R_16(?X_2, ?Z_4, ?X_2, ?X_4, ?X_2, ?Z_2) for rule r_GEN_23
08:51:33 [INFO] 26 / 66
08:51:33 [INFO]   IX Remove Fact Node and Edge
08:51:33 [INFO]   Removed fact R_20(c_19, c_20, c_21, "Mauersegler"). from the program
08:51:33 [INFO]   Removed fact R_20(c_19, c_20, c_21, "Mauersegler"). from the ADG.
08:51:33 [INFO] 27 / 66
08:51:33 [INFO]   IX Remove Fact Node and Edge
08:51:33 [INFO]   Removed fact R_22("str_1", "str_2", c_1, 14867425533690476632). from the program
08:51:33 [INFO]   Removed fact R_22("str_1", "str_2", c_1, 14867425533690476632). from the ADG.
08:51:33 [INFO] 28 / 66
08:51:33 [INFO]   XI Add Contradictory Rule
08:51:33 [INFO]   Added new contradictory rule of name r_CON_38
08:51:33 [INFO]   R_30(?X_1, ?X_2) :- coordinates(?X_1, ?X_2), ~coordinates(?X_1, ?X_2) .
08:51:33 [INFO] 29 / 66
08:51:33 [INFO]   VII Modify Rule - Add Equality
08:51:33 [INFO]   Replaced var ?X_2 with var ?Z_3 in the rule r_GEN_23
08:51:33 [INFO] 30 / 66
08:51:33 [INFO]   III Add Relational edges - New Rule
08:51:33 [INFO]   Assigned relation R_32 the artiy 4
08:51:33 [INFO]   Assigned relation R_31 the artiy 2
08:51:33 [INFO]   Added new rule of name r_CON_39
08:51:33 [INFO]   R_32(?X_3, ?X_4, ?X_1, ?X_3) :- CIRC_EARTH(?X_3), CIRC_EARTH(?X_4), CIRC_EARTH(?X_1), CIRC_EARTH(?X_3), ~project_approved(?X_4), ~R_19(?X_4, c_33, ?X_4, ?X_1, ?X_4, ?X_3), ~R_31(?X_3, ?X_1) .
08:51:33 [INFO] 31 / 66
08:51:33 [INFO]   VI Remove Relational Edge - Single Literal
08:51:33 [INFO]   Found the rule of the name r_CON_31
08:51:33 [INFO]   Removed relational edge NodeIndex(5): (coordinates -> R_23)
08:51:33 [INFO]   Attempting to remove the literal +coordinates(, ?X_1, c_21) from the rule r_CON_31
08:51:33 [INFO] 32 / 66
08:51:33 [INFO]   IX Remove Fact Node and Edge
08:51:33 [INFO]   Removed fact R_30("50.89312291453255"^^<http://www.w3.org/2001/XMLSchema#double>, c_33). from the program
08:51:33 [INFO]   Removed fact R_30("50.89312291453255"^^<http://www.w3.org/2001/XMLSchema#double>, c_33). from the ADG.
08:51:33 [INFO] 33 / 66
08:51:33 [INFO]   IV Add Relational Edge - New Literal
08:51:33 [INFO]   Generated literal R_6(?X_3, ?X_2, ?X_1, ?X_1, ?Z_4, ?X_2) for rule r_GEN_26
08:51:33 [INFO] 34 / 66
08:51:33 [INFO]   VIII Modify Rule - Remove Equality
08:51:33 [INFO]   Replaced a random number of var X_3 with var X_3_new_1 in the rule r_CON_39
08:51:33 [INFO] 35 / 66
08:51:33 [INFO]   XI Add Contradictory Rule
08:51:33 [INFO]   Added new contradictory rule of name r_CON_40
08:51:33 [INFO]   R_2(?X_5, ?X_3, ?X_2, ?X_4, ?X_3, "40075000"^^<http://www.w3.org/2001/XMLSchema#double>) :- endangered(?X_5), endangered(?X_3), endangered(?X_2), endangered(?X_4), endangered(?X_3), endangered("40075000"^^<http://www.w3.org/2001/XMLSchema#double>), ~endangered(?X_5) .
08:51:33 [INFO] 36 / 66
08:51:33 [INFO]   I Add Relational Node
08:51:33 [INFO]   Added new relation R_33
08:51:33 [INFO] 37 / 66
08:51:33 [INFO]   III Add Relational edges - New Rule
08:51:33 [INFO]   Assigned relation R_33 the artiy 5
08:51:33 [INFO]   Added new rule of name r_CON_41
08:51:33 [INFO]   R_23(?X_3, ?X_5, ?X_3, ?X_2, "13.688126881341304"^^<http://www.w3.org/2001/XMLSchema#double>) :- R_10(?X_5, "13.688126881341304"^^<http://www.w3.org/2001/XMLSchema#double>, ?X_2, ?X_3, ?X_2, ?X_5), R_12(?X_3, ?X_5, ?X_2, ?X_5, ?X_2, ?X_3), project_height_m(?X_3, ?X_3), R_1(?X_3, ?X_3), coordinates("13.688126881341304"^^<http://www.w3.org/2001/XMLSchema#double>, ?X_2), locations(?X_2, ?X_5, "13.688126881341304"^^<http://www.w3.org/2001/XMLSchema#double>), ~R_26(?X_5, ?X_3, ?X_5, ?X_3, ?X_2, "13.688126881341304"^^<http://www.w3.org/2001/XMLSchema#double>), ~R_33(?X_5, ?X_5, ?X_2, ?X_5, "13.688126881341304"^^<http://www.w3.org/2001/XMLSchema#double>), ~TRUE(?X_2) .
08:51:33 [INFO] 38 / 66
08:51:33 [INFO]   VII Modify Rule - Add Equality
08:51:33 [INFO]   Replaced var ?Z_6 with var ?Z_3 in the rule r_GEN_6
08:51:33 [INFO] 39 / 66
08:51:33 [INFO]   III Add Relational edges - New Rule
08:51:33 [INFO]   Added new rule of name r_CON_42
08:51:33 [INFO]   R_30("Wind Turbine B", ?X_2) :- R_22("Wind Turbine B", ?X_2, "str_15", "Wind Turbine B"), R_5(?Y_1), ~R_4("str_21", "str_15", ?Y_1, "Wind Turbine B", "str_15", "Wind Turbine B") .
08:51:33 [INFO] 40 / 66
08:51:33 [INFO]   Xa Remove Relational Node - Rule Variant
08:51:33 [INFO]   Removing relational node R_30
08:51:33 [INFO]   Removing the Rule of the name r_CON_38
08:51:33 [INFO]   Removing the Rule of the name r_CON_42
08:51:33 [INFO]   Removing at least 5 relational edges.
08:51:33 [INFO] 41 / 66
08:51:33 [INFO]   IX Remove Fact Node and Edge
08:51:33 [INFO]   Removed fact R_19("str_7", c_7, 4723152373821479170, 11140621435234207676, c_4, c_7). from the program
08:51:33 [INFO]   Removed fact R_19("str_7", c_7, 4723152373821479170, 11140621435234207676, c_4, c_7). from the ADG.
08:51:33 [INFO] 42 / 66
08:51:33 [INFO]   III Add Relational edges - New Rule
08:51:33 [INFO]   Added new rule of name r_CON_43
08:51:33 [INFO]   R_32(?X_4, ?X_3, ?X_1, c_31) :- R_13(?X_1, c_24, ?X_1, c_31, c_24, c_31), R_31(c_24, c_31), R_27(?Y_1, c_24, ?X_3, c_24, ?X_4, ?X_3), R_9(?X_3, ?X_4), ~R_6(?X_4, c_31, "str_18", c_24, ?X_3, ?X_4), ~R_3(?X_1, ?X_3, c_31), ~R_15(c_24, c_24, c_24, c_24, c_31, ?X_4), ~R_4(?X_4, ?X_3, ?Y_1, ?X_3, "str_18", c_31) .
08:51:33 [INFO] 43 / 66
08:51:33 [INFO]   II Add Fact Node and Edge
08:51:33 [INFO]   Added new fact R_31(10069243799852529015, 7214092319534889362).
08:51:33 [INFO] 44 / 66
08:51:33 [INFO]   VIII Modify Rule - Remove Equality
08:51:33 [INFO]   Replaced a random number of var X_5 with var X_5_new_1 in the rule r_CON_37
08:51:33 [INFO] 45 / 66
08:51:33 [INFO]   VII Modify Rule - Add Equality
08:51:33 [INFO]   Replaced var ?X_4 with var ?X_3 in the rule r_GEN_25
08:51:33 [INFO] 46 / 66
08:51:33 [INFO]   V Remove Relational Edges - Whole Rule
08:51:33 [INFO]   Removing the Rule of the name r_CON_39
08:51:33 [INFO] 47 / 66
08:51:33 [INFO]   I Add Relational Node
08:51:33 [INFO]   Added new relation R_34
08:51:33 [INFO] 48 / 66
08:51:33 [INFO]   VII Modify Rule - Add Equality
08:51:33 [INFO]   Replaced var ?X_1 with var ?X_4 in the rule r_GEN_28
08:51:33 [INFO] 49 / 66
08:51:33 [INFO]   IX Remove Fact Node and Edge
08:51:33 [INFO]   Removed fact R_27(c_24, c_25, c_16, c_26, "str_16", c_27). from the program
08:51:33 [INFO]   Removed fact R_27(c_24, c_25, c_16, c_26, "str_16", c_27). from the ADG.
08:51:33 [INFO] 50 / 66
08:51:33 [INFO]   VII Modify Rule - Add Equality
08:51:33 [INFO]   Replaced var ?Z_3 with var ?X_5 in the rule r_GEN_20
08:51:33 [INFO] 51 / 66
08:51:33 [INFO]   IX Remove Fact Node and Edge
08:51:33 [INFO]   Removed fact R_13(c_30, "Wind Turbine A", "str_5", 4723152373821479170, 12057349452581444278, 12499868041184156685). from the program
08:51:33 [INFO]   Removed fact R_13(c_30, "Wind Turbine A", "str_5", 4723152373821479170, 12057349452581444278, 12499868041184156685). from the ADG.
08:51:33 [INFO] 52 / 66
08:51:33 [INFO]   Xa Remove Relational Node - Rule Variant
08:51:33 [INFO]   Removing relational node R_32
08:51:33 [INFO]   Removing the Rule of the name r_CON_43
08:51:33 [INFO]   Removing at least 8 relational edges.
08:51:33 [INFO] 53 / 66
08:51:33 [INFO]   III Add Relational edges - New Rule
08:51:33 [INFO]   Assigned relation R_34 the artiy 3
08:51:33 [INFO]   Added new rule of name r_CON_44
08:51:33 [INFO]   R_34(?X_3, ?X_2, "str_2") :- R_31(?X_3, ?X_2), R_7("str_2", ?X_3, ?X_3, "str_2", "Wind Turbine B", ?Y_1), endangered("Wind Turbine B") .
08:51:33 [INFO] 54 / 66
08:51:33 [INFO]   III Add Relational edges - New Rule
08:51:33 [INFO]   Added new rule of name r_CON_45
08:51:33 [INFO]   R_34(?X_1, ?X_2, ?X_1) :- R_OUT(?X_1, "str_11", ?X_1, ?X_1, ?X_1, ?X_1), R_25(?Y_1, ?X_1, ?X_2, ?X_1, ?X_1), ~R_27(c_12, ?X_1, ?X_1, ?X_1, ?X_1, ?X_1), ~R_7("str_11", ?X_2, ?X_1, ?X_1, ?X_1, ?X_1), ~R_OUT(?X_1, ?X_1, ?X_1, ?X_1, ?Y_1, ?X_1), ~R_26(?Y_1, ?X_1, ?X_1, ?X_1, ?X_1, ?X_1) .
08:51:33 [INFO] 55 / 66
08:51:33 [INFO]   IX Remove Fact Node and Edge
08:51:33 [INFO]   Removed fact R_19("Mauersegler", "50.90297432498729"^^<http://www.w3.org/2001/XMLSchema#double>, c_8, c_4, 17215693131646606360, "Mauersegler"). from the program
08:51:33 [INFO]   Removed fact R_19("Mauersegler", "50.90297432498729"^^<http://www.w3.org/2001/XMLSchema#double>, c_8, c_4, 17215693131646606360, "Mauersegler"). from the ADG.
08:51:33 [INFO] 56 / 66
08:51:33 [INFO]   II Add Fact Node and Edge
08:51:33 [INFO]   Added new fact R_34("str_15", 13616623382980553547, c_21).
08:51:33 [INFO] 57 / 66
08:51:33 [INFO]   Xa Remove Relational Node - Rule Variant
08:51:33 [INFO]   Removing relational node R_34
08:51:33 [INFO]   Removing the Rule of the name r_CON_44
08:51:33 [INFO]   Removing the Rule of the name r_CON_45
08:51:33 [INFO]   Removing at least 9 relational edges.
08:51:33 [INFO] 58 / 66
08:51:33 [INFO]   Xa Remove Relational Node - Rule Variant
08:51:33 [INFO]   Removing relational node R_31
08:51:33 [INFO]   Removing at least 0 relational edges.
08:51:33 [INFO] 59 / 66
08:51:33 [INFO]   VII Modify Rule - Add Equality
08:51:33 [INFO]   Replaced var ?Z_3 with var ?X_3 in the rule r_GEN_1
08:51:33 [INFO] 60 / 66
08:51:33 [INFO]   IX Remove Fact Node and Edge
08:51:33 [INFO]   Removed fact R_27(60, c_8, c_11, "str_10", c_2, c_12). from the program
08:51:33 [INFO]   Removed fact R_27(60, c_8, c_11, "str_10", c_2, c_12). from the ADG.
08:51:33 [INFO] 61 / 66
08:51:33 [INFO]   VII Modify Rule - Add Equality
08:51:33 [INFO]   Replaced var ?X_1 with var ?X_5 in the rule r_GEN_20
08:51:33 [INFO] 62 / 66
08:51:33 [INFO]   IV Add Relational Edge - New Literal
08:51:33 [INFO]   Generated literal R_21(?X_5, ?Z_1, ?X_5, ?X_4, ?X_5, ?Z_4) for rule r_GEN_20
08:51:33 [INFO] 63 / 66
08:51:33 [INFO]   III Add Relational edges - New Rule
08:51:33 [INFO]   Added new rule of name r_CON_46
08:51:33 [INFO]   R_23(?X_1, "str_21", ?X_5, ?X_3, ?X_2) :- coordinates(?X_1, "str_21"), R_2(?X_1, ?X_5, ?X_5, ?X_2, ?X_3, ?X_5), ~distance(?X_2, ?X_5), ~coordinates_m(?X_2, ?X_5), ~R_1("Wind Turbine A", ?X_1) .
08:51:33 [INFO] 64 / 66
08:51:33 [INFO]   IV Add Relational Edge - New Literal
08:51:33 [INFO]   Generated literal ~R_17(?X_4, "str_5", ?X_4, ?X_2, ?X_2) for rule r_GEN_28
08:51:33 [INFO] 65 / 66
08:51:33 [INFO]   III Add Relational edges - New Rule
08:51:33 [INFO]   Added new rule of name r_CON_47
08:51:33 [INFO]   R_23(?X_4, ?X_3, ?X_2, ?X_1, ?X_5) :- R_11(?X_4, ?X_3, ?X_2, ?X_1, ?X_5), ~CIRC_EARTH(?X_1) .
08:51:33 [INFO] 66 / 66
08:51:33 [INFO]   IV Add Relational Edge - New Literal
08:51:33 [INFO]   Generated literal ~R_18(?X_1, ?X_1, ?X_3) for rule r_GEN_21
08:51:33 [INFO] ----------------------------------------------
08:51:33 [INFO] ------------ Transformations Done ------------
08:51:33 [INFO] ----------------------------------------------
08:51:33 [INFO]  Ressources required: 
                data/endangered.csv
                data/locations.csv
                
08:51:33 [INFO] ---------- Transformed ADG Summary: ----------
08:51:33 [INFO] ADG Fact Nodes:                  19
08:51:33 [INFO] ADG Relational Nodes:            46
08:51:33 [INFO] ADG Fact Edges:                  19
08:51:33 [INFO] ADG Relational Edges:            142
08:51:33 [INFO] Number of inv. Strata:           4
08:51:33 [INFO] 
08:51:33 [INFO] Nodes with None Ancestry:        0
08:51:33 [INFO] Nodes with Positive Ancestry:    15
08:51:33 [INFO] Nodes with Negative Ancestry:    1
08:51:33 [INFO] Nodes with Unknown Ancestry:     30
08:51:33 [INFO] 
08:51:33 [INFO] Next rule name would be:         r_CON_48
08:51:33 [INFO] Next predicate name would be:    R_35
08:51:33 [INFO] Next constant name would be:     c_34
08:51:33 [INFO] Next string would be:            "str_22"
08:51:33 [INFO] 
08:51:33 [INFO] Output predicate:                R_OUT
08:51:33 [INFO] Rule count:                      47
08:51:33 [INFO] Average rel. arity:              3.6458333333333335
08:51:33 [INFO] Arity calc. may be inaccurate if arity > f64
08:51:33 [INFO] ----------------------------------------------
08:51:33 [INFO] 
08:51:33 [INFO] --------- Performed Transformations: ---------
08:51:33 [INFO]  #      Type
08:51:33 [INFO]  19      Failed Transformation Attempts
08:51:33 [INFO]  5      I     Add Relational Node
08:51:33 [INFO]  5      II    Add Fact Node and Edge
08:51:33 [INFO]  13      III   Add Relational edges - New Rule
08:51:33 [INFO]  7      IV    Add Relational Edge - New Literal
08:51:33 [INFO]  12      IX    Remove Fact Node and Edge
08:51:33 [INFO]  2      V     Remove Relational Edges - Whole Rule
08:51:33 [INFO]  1      VI    Remove Relational Edge - Single Literal
08:51:33 [INFO]  9      VII   Modify Rule - Add Equality
08:51:33 [INFO]  4      VIII  Modify Rule - Remove Equality
08:51:33 [INFO]  4      XI   Add Contradictory Rule
08:51:33 [INFO]  4      Xa     Remove Relational Node Rule Variant - None anc only
08:51:33 [INFO] ----------------------------------------------
08:51:33 [INFO] 
08:51:33 [INFO] Writing output ADG and file.
08:51:33 [INFO] 
08:51:33 [INFO] ----------------------------------------------
08:51:33 [INFO] -- Beginning Nemo Execution - Input Program --
08:51:33 [INFO] ----------------------------------------------
08:51:33 [INFO] Stratified program: [[0, 1, 2, 3, 4, 5, 6, 9, 10, 11, 12, 13, 14, 15, 17, 19, 20, 21, 26, 35], [7, 8, 18, 24, 25, 27, 33], [16, 22, 23, 28, 29, 30, 31, 32, 34, 36]]
08:51:33 [INFO] <<< STEP 1: APPLYING RULE 0 coordinates(?longitude, ?latitude) :- locations(?longitude, ?latitude, ?tag), TRUE(?_BODY_1), Equal(?_BODY_1, StringContains(?tag, "addr")) >>>
08:51:33 [INFO] Loading source DsvReader { read: "<unspecified std::io::Read>", delimiter: 44, escape: None, value formats: DsvValueFormats([Double, Double, Skip, Skip, Skip, Skip, Skip, Skip, Skip, Skip, Skip, Skip, String]) }
08:51:33 [INFO] Starting data import
08:51:33 [INFO] Finished import: processed 782 lines (dropped 1)
08:51:33 [INFO] Loading source SimpleTable { arity: 1, data: [AnyDataValue(Boolean(BooleanDataValue(true)))] }
08:51:33 [INFO] Execution step: Body
08:51:33 [INFO] Saved temporary table: 122 entries (9140)
08:51:33 [INFO] Execution step: Duplicate Elimination (Datalog)
08:51:33 [INFO] Saved permanent table coordinates (1) Permutation { idx_to_val: [], val_to_idx: [] } with 122 entries (9188)
08:51:33 [INFO] Rule duration: 5 ms
08:51:33 [INFO] <<< STEP 2: APPLYING RULE 0 coordinates(?longitude, ?latitude) :- locations(?longitude, ?latitude, ?tag), TRUE(?_BODY_1), Equal(?_BODY_1, StringContains(?tag, "addr")) >>>
08:51:33 [INFO] Execution step: Body
08:51:33 [INFO] Trie does not contain any elements
08:51:33 [INFO] Execution step: Duplicate Elimination (Datalog)
08:51:33 [INFO] Trie does not contain any elements
08:51:33 [INFO] Rule duration: 0 ms
08:51:33 [INFO] <<< STEP 3: APPLYING RULE 1 coordinates_m(?Xm, ?Ym) :- coordinates(?longitude, ?latitude), PI(?PI), CIRC_EARTH(?earth), Equal(?Xm, NumericDivision(NumericProduct(NumericProduct(?longitude, ?earth), NumericCosine(NumericProduct(NumericDivision(?latitude, "180"^^<http://www.w3.org/2001/XMLSchema#double>), ?PI))), "360"^^<http://www.w3.org/2001/XMLSchema#double>)), Equal(?Ym, NumericProduct(?latitude, NumericDivision(?earth, "360"^^<http://www.w3.org/2001/XMLSchema#double>))) >>>
08:51:33 [INFO] Loading source SimpleTable { arity: 1, data: [AnyDataValue(Double(DoubleDataValue(3.14159)))] }
08:51:33 [INFO] Loading source SimpleTable { arity: 1, data: [AnyDataValue(Double(DoubleDataValue(40075000.0)))] }
08:51:33 [INFO] Execution step: Body
08:51:33 [INFO] Saved temporary table: 122 entries (9140)
08:51:33 [INFO] Execution step: Duplicate Elimination (Datalog)
08:51:33 [INFO] Saved permanent table coordinates_m (3) Permutation { idx_to_val: [], val_to_idx: [] } with 122 entries (9188)
08:51:33 [INFO] Rule duration: 1 ms
08:51:33 [INFO] <<< STEP 4: APPLYING RULE 1 coordinates_m(?Xm, ?Ym) :- coordinates(?longitude, ?latitude), PI(?PI), CIRC_EARTH(?earth), Equal(?Xm, NumericDivision(NumericProduct(NumericProduct(?longitude, ?earth), NumericCosine(NumericProduct(NumericDivision(?latitude, "180"^^<http://www.w3.org/2001/XMLSchema#double>), ?PI))), "360"^^<http://www.w3.org/2001/XMLSchema#double>)), Equal(?Ym, NumericProduct(?latitude, NumericDivision(?earth, "360"^^<http://www.w3.org/2001/XMLSchema#double>))) >>>
08:51:33 [INFO] Execution step: Body
08:51:33 [INFO] Trie does not contain any elements
08:51:33 [INFO] Execution step: Duplicate Elimination (Datalog)
08:51:33 [INFO] Trie does not contain any elements
08:51:33 [INFO] Rule duration: 0 ms
08:51:33 [INFO] <<< STEP 5: APPLYING RULE 2 project_location_m(?project, ?Xm, ?Ym) :- project_location(?project, ?longitude, ?latitude), PI(?PI), CIRC_EARTH(?earth), Equal(?Xm, NumericDivision(NumericProduct(NumericProduct(?longitude, ?earth), NumericCosine(NumericProduct(NumericDivision(?latitude, "180"^^<http://www.w3.org/2001/XMLSchema#double>), ?PI))), "360"^^<http://www.w3.org/2001/XMLSchema#double>)), Equal(?Ym, NumericProduct(?latitude, NumericDivision(?earth, "360"^^<http://www.w3.org/2001/XMLSchema#double>))) >>>
08:51:33 [INFO] Loading source SimpleTable { arity: 3, data: [AnyDataValue(PlainString(StringDataValue("Wind Turbine A"))), AnyDataValue(Double(DoubleDataValue(13.69510396381167))), AnyDataValue(Double(DoubleDataValue(50.89312291453255))), AnyDataValue(PlainString(StringDataValue("Wind Turbine B"))), AnyDataValue(Double(DoubleDataValue(13.704927907097524))), AnyDataValue(Double(DoubleDataValue(50.89816338631804))), AnyDataValue(PlainString(StringDataValue("Wind Turbine C"))), AnyDataValue(Double(DoubleDataValue(13.688126881341304))), AnyDataValue(Double(DoubleDataValue(50.90297432498729)))] }
08:51:33 [INFO] Execution step: Body
08:51:33 [INFO] Saved temporary table: 3 entries (10548)
08:51:33 [INFO] Execution step: Duplicate Elimination (Datalog)
08:51:33 [INFO] Saved permanent table project_location_m (5) Permutation { idx_to_val: [], val_to_idx: [] } with 3 entries (10596)
08:51:33 [INFO] Rule duration: 0 ms
08:51:33 [INFO] <<< STEP 6: APPLYING RULE 2 project_location_m(?project, ?Xm, ?Ym) :- project_location(?project, ?longitude, ?latitude), PI(?PI), CIRC_EARTH(?earth), Equal(?Xm, NumericDivision(NumericProduct(NumericProduct(?longitude, ?earth), NumericCosine(NumericProduct(NumericDivision(?latitude, "180"^^<http://www.w3.org/2001/XMLSchema#double>), ?PI))), "360"^^<http://www.w3.org/2001/XMLSchema#double>)), Equal(?Ym, NumericProduct(?latitude, NumericDivision(?earth, "360"^^<http://www.w3.org/2001/XMLSchema#double>))) >>>
08:51:33 [INFO] Execution step: Body
08:51:33 [INFO] Trie does not contain any elements
08:51:33 [INFO] Execution step: Duplicate Elimination (Datalog)
08:51:33 [INFO] Trie does not contain any elements
08:51:33 [INFO] Rule duration: 0 ms
08:51:33 [INFO] <<< STEP 7: APPLYING RULE 3 environmental_impact(?project) :- project_height_m(?project, ?height), NumericGreaterthaneq(?height, 50) >>>
08:51:33 [INFO] Loading source SimpleTable { arity: 2, data: [AnyDataValue(PlainString(StringDataValue("Wind Turbine A"))), AnyDataValue(Long(LongDataValue(60))), AnyDataValue(PlainString(StringDataValue("Wind Turbine B"))), AnyDataValue(Long(LongDataValue(40))), AnyDataValue(PlainString(StringDataValue("Wind Turbine C"))), AnyDataValue(Long(LongDataValue(60)))] }
08:51:33 [INFO] Execution step: Body
08:51:33 [INFO] Saved temporary table: 2 entries (3408)
08:51:33 [INFO] Execution step: Duplicate Elimination (Datalog)
08:51:33 [INFO] Saved permanent table environmental_impact (7) Permutation { idx_to_val: [], val_to_idx: [] } with 2 entries (3456)
08:51:33 [INFO] Rule duration: 0 ms
08:51:33 [INFO] <<< STEP 8: APPLYING RULE 3 environmental_impact(?project) :- project_height_m(?project, ?height), NumericGreaterthaneq(?height, 50) >>>
08:51:33 [INFO] Execution step: Body
08:51:33 [INFO] Trie does not contain any elements
08:51:33 [INFO] Execution step: Duplicate Elimination (Datalog)
08:51:33 [INFO] Trie does not contain any elements
08:51:33 [INFO] Rule duration: 0 ms
08:51:33 [INFO] <<< STEP 9: APPLYING RULE 4 distance(?project, ?distance) :- project_location_m(?project, ?Xp, ?Yp), coordinates_m(?Xr, ?Yr), Equal(?distance, NumericSquareroot(NumericSum(NumericPower(NumericSubtraction(?Xp, ?Xr), "2"^^<http://www.w3.org/2001/XMLSchema#double>), NumericPower(NumericSubtraction(?Yp, ?Yr), "2"^^<http://www.w3.org/2001/XMLSchema#double>)))) >>>
08:51:33 [INFO] Execution step: Body
08:51:33 [INFO] Saved temporary table: 366 entries (9884)
08:51:33 [INFO] Execution step: Duplicate Elimination (Datalog)
08:51:33 [INFO] Saved permanent table distance (9) Permutation { idx_to_val: [], val_to_idx: [] } with 366 entries (9932)
08:51:33 [INFO] Rule duration: 0 ms
08:51:33 [INFO] <<< STEP 10: APPLYING RULE 4 distance(?project, ?distance) :- project_location_m(?project, ?Xp, ?Yp), coordinates_m(?Xr, ?Yr), Equal(?distance, NumericSquareroot(NumericSum(NumericPower(NumericSubtraction(?Xp, ?Xr), "2"^^<http://www.w3.org/2001/XMLSchema#double>), NumericPower(NumericSubtraction(?Yp, ?Yr), "2"^^<http://www.w3.org/2001/XMLSchema#double>)))) >>>
08:51:33 [INFO] Execution step: Body
08:51:33 [INFO] Trie does not contain any elements
08:51:33 [INFO] Execution step: Duplicate Elimination (Datalog)
08:51:33 [INFO] Trie does not contain any elements
08:51:33 [INFO] Rule duration: 0 ms
08:51:33 [INFO] <<< STEP 11: APPLYING RULE 5 project_reject(?project) :- distance(?project, ?distance), NumericLessthan(?distance, "200"^^<http://www.w3.org/2001/XMLSchema#double>) >>>
08:51:33 [INFO] Execution step: Body
08:51:33 [INFO] Saved temporary table: 1 entries (3404)
08:51:33 [INFO] Execution step: Duplicate Elimination (Datalog)
08:51:33 [INFO] Saved permanent table project_reject (11) Permutation { idx_to_val: [], val_to_idx: [] } with 1 entries (3452)
08:51:33 [INFO] Rule duration: 0 ms
08:51:33 [INFO] <<< STEP 12: APPLYING RULE 5 project_reject(?project) :- distance(?project, ?distance), NumericLessthan(?distance, "200"^^<http://www.w3.org/2001/XMLSchema#double>) >>>
08:51:33 [INFO] Execution step: Body
08:51:33 [INFO] Trie does not contain any elements
08:51:33 [INFO] Execution step: Duplicate Elimination (Datalog)
08:51:33 [INFO] Trie does not contain any elements
08:51:33 [INFO] Rule duration: 0 ms
08:51:33 [INFO] <<< STEP 13: APPLYING RULE 6 project_reject(?project) :- environmental_impact(?project), project_species(?project, ?species), endangered(?species) >>>
08:51:33 [INFO] Loading source SimpleTable { arity: 2, data: [AnyDataValue(PlainString(StringDataValue("Wind Turbine A"))), AnyDataValue(PlainString(StringDataValue("Rotmilan"))), AnyDataValue(PlainString(StringDataValue("Wind Turbine A"))), AnyDataValue(PlainString(StringDataValue("Feldsperling"))), AnyDataValue(PlainString(StringDataValue("Wind Turbine B"))), AnyDataValue(PlainString(StringDataValue("Gartenschläfer"))), AnyDataValue(PlainString(StringDataValue("Wind Turbine C"))), AnyDataValue(PlainString(StringDataValue("Mauersegler")))] }
08:51:33 [INFO] Loading source DsvReader { read: "<unspecified std::io::Read>", delimiter: 44, escape: None, value formats: DsvValueFormats([String]) }
08:51:33 [INFO] Starting data import
08:51:33 [INFO] Finished import: processed 21 lines (dropped 0)
08:51:33 [INFO] Execution step: Body
08:51:33 [INFO] Saved temporary table: 1 entries (3404)
08:51:33 [INFO] Execution step: Duplicate Elimination (Datalog)
08:51:33 [INFO] Saved permanent table project_reject (13) Permutation { idx_to_val: [], val_to_idx: [] } with 1 entries (3452)
08:51:33 [INFO] Rule duration: 0 ms
08:51:33 [INFO] <<< STEP 14: APPLYING RULE 6 project_reject(?project) :- environmental_impact(?project), project_species(?project, ?species), endangered(?species) >>>
08:51:33 [INFO] Execution step: Body
08:51:33 [INFO] Trie does not contain any elements
08:51:33 [INFO] Execution step: Duplicate Elimination (Datalog)
08:51:33 [INFO] Trie does not contain any elements
08:51:33 [INFO] Rule duration: 0 ms
08:51:33 [INFO] <<< STEP 15: APPLYING RULE 9 R_1("Wind Turbine A", ?X_1) :- R_1(?_BODY_1, ?X_1), Equal(?_BODY_1, "Wind Turbine A") >>>
08:51:33 [INFO] Execution step: Body
08:51:33 [INFO] Trie does not contain any elements
08:51:33 [INFO] Execution step: Duplicate Elimination (Datalog)
08:51:33 [INFO] Trie does not contain any elements
08:51:33 [INFO] Rule duration: 0 ms
08:51:33 [INFO] <<< STEP 16: APPLYING RULE 13 R_16(?X_4, ?X_5, "50.89816338631804"^^<http://www.w3.org/2001/XMLSchema#double>, ?X_2, ?X_6, ?X_6) :- locations(?X_4, ?X_5, ?_BODY_1), locations(?X_2, ?X_6, ?_BODY_2), Equal(?_BODY_1, "50.89816338631804"^^<http://www.w3.org/2001/XMLSchema#double>), Equal(?_BODY_2, ?X_6) >>>
08:51:33 [INFO] Execution step: Body
08:51:33 [INFO] Trie does not contain any elements
08:51:33 [INFO] Execution step: Duplicate Elimination (Datalog)
08:51:33 [INFO] Trie does not contain any elements
08:51:33 [INFO] Rule duration: 1 ms
08:51:33 [INFO] <<< STEP 17: APPLYING RULE 19 R_6("50.89312291453255"^^<http://www.w3.org/2001/XMLSchema#double>, ?X_4, ?X_2, ?X_6, ?X_3, ?X_6) :- R_16(?_BODY_1, ?X_4, ?X_2, ?X_6, ?X_3, ?_BODY_2), project_location(?X_2, ?X_6, ?Z_1), Equal(?_BODY_1, "50.89312291453255"^^<http://www.w3.org/2001/XMLSchema#double>), Equal(?_BODY_2, ?X_6) >>>
08:51:33 [INFO] Execution step: Body
08:51:33 [INFO] Trie does not contain any elements
08:51:33 [INFO] Execution step: Duplicate Elimination (Datalog)
08:51:33 [INFO] Trie does not contain any elements
08:51:33 [INFO] Rule duration: 0 ms
08:51:33 [INFO] <<< STEP 18: APPLYING RULE 10 R_2(?X_5, "Wind Turbine A", ?X_4, ?X_3, ?X_2, ?X_1) :- R_6(?X_5, ?_BODY_1, ?X_4, ?X_3, ?X_2, ?X_1), Equal(?_BODY_1, "Wind Turbine A") >>>
08:51:33 [INFO] Loading source SimpleTable { arity: 6, data: [AnyDataValue(UnsignedLong(UnsignedLongDataValue(7646808311167870767))), AnyDataValue(UnsignedLong(UnsignedLongDataValue(14867425533690476632))), AnyDataValue(Iri(IriDataValue("c_29"))), AnyDataValue(PlainString(StringDataValue("str_3"))), AnyDataValue(Double(DoubleDataValue(13.704927907097524))), AnyDataValue(UnsignedLong(UnsignedLongDataValue(9145290854094130724)))] }
08:51:33 [INFO] Execution step: Body
08:51:33 [INFO] Trie does not contain any elements
08:51:33 [INFO] Execution step: Duplicate Elimination (Datalog)
08:51:33 [INFO] Trie does not contain any elements
08:51:33 [INFO] Rule duration: 0 ms
08:51:33 [INFO] <<< STEP 19: APPLYING RULE 11 R_11(?X_4, ?X_1, ?X_4, ?X_2, "true"^^<http://www.w3.org/2001/XMLSchema#boolean>) :- project_location(?X_4, ?X_2, ?_BODY_1), project_location(?X_2, ?_BODY_2, ?X_1), Equal(?_BODY_1, ?X_4), Equal(?_BODY_2, "true"^^<http://www.w3.org/2001/XMLSchema#boolean>) >>>
08:51:33 [INFO] Execution step: Body
08:51:33 [INFO] Trie does not contain any elements
08:51:33 [INFO] Execution step: Duplicate Elimination (Datalog)
08:51:33 [INFO] Trie does not contain any elements
08:51:33 [INFO] Rule duration: 0 ms
08:51:33 [INFO] <<< STEP 20: APPLYING RULE 12 R_14(?X_1, 40) :- project_reject(?X_1), project_reject(?_BODY_1), Equal(?_BODY_1, 40) >>>
08:51:33 [INFO] Loading source SimpleTable { arity: 2, data: [AnyDataValue(Iri(IriDataValue("c_10"))), AnyDataValue(PlainString(StringDataValue("addr"))), AnyDataValue(PlainString(StringDataValue("str_6"))), AnyDataValue(Iri(IriDataValue("c_8"))), AnyDataValue(PlainString(StringDataValue("Wind Turbine A"))), AnyDataValue(Iri(IriDataValue("c_20")))] }
08:51:33 [INFO] Execution step: Body
08:51:33 [INFO] Trie does not contain any elements
08:51:33 [INFO] Execution step: Duplicate Elimination (Datalog)
08:51:33 [INFO] Trie does not contain any elements
08:51:33 [INFO] Rule duration: 0 ms
08:51:33 [INFO] <<< STEP 21: APPLYING RULE 14 R_18(?X_1, "Feldsperling", ?X_2) :- coordinates_m(?X_1, ?_BODY_1), coordinates_m(?X_2, ?_BODY_2), Equal(?_BODY_1, "Feldsperling"), Equal(?_BODY_2, ?X_2) >>>
08:51:33 [INFO] Execution step: Body
08:51:33 [INFO] Trie does not contain any elements
08:51:33 [INFO] Execution step: Duplicate Elimination (Datalog)
08:51:33 [INFO] Trie does not contain any elements
08:51:33 [INFO] Rule duration: 0 ms
08:51:33 [INFO] <<< STEP 22: APPLYING RULE 15 R_23(?X_2, ?X_4, "Feldsperling", ?X_5, ?X_3) :- R_6(?X_2, ?X_4, ?_BODY_1, ?X_5, ?_BODY_2, ?X_3), Equal(?_BODY_1, "Feldsperling"), Equal(?_BODY_2, ?X_2) >>>
08:51:33 [INFO] Loading source SimpleTable { arity: 5, data: [AnyDataValue(Iri(IriDataValue("c_2"))), AnyDataValue(PlainString(StringDataValue("str_3"))), AnyDataValue(PlainString(StringDataValue("str_4"))), AnyDataValue(Iri(IriDataValue("c_3"))), AnyDataValue(Double(DoubleDataValue(50.89312291453255))), AnyDataValue(PlainString(StringDataValue("str_5"))), AnyDataValue(Iri(IriDataValue("c_4"))), AnyDataValue(Iri(IriDataValue("c_5"))), AnyDataValue(PlainString(StringDataValue("Rotmilan"))), AnyDataValue(UnsignedLong(UnsignedLongDataValue(10069243799852529015))), AnyDataValue(Iri(IriDataValue("c_6"))), AnyDataValue(PlainString(StringDataValue("str_4"))), AnyDataValue(PlainString(StringDataValue("str_6"))), AnyDataValue(UnsignedLong(UnsignedLongDataValue(14867425533690476632))), AnyDataValue(UnsignedLong(UnsignedLongDataValue(17215693131646606360))), AnyDataValue(PlainString(StringDataValue("Wind Turbine A"))), AnyDataValue(UnsignedLong(UnsignedLongDataValue(1983161843312211188))), AnyDataValue(PlainString(StringDataValue("addr"))), AnyDataValue(Double(DoubleDataValue(13.69510396381167))), AnyDataValue(PlainString(StringDataValue("str_7"))), AnyDataValue(Double(DoubleDataValue(13.69510396381167))), AnyDataValue(Iri(IriDataValue("c_9"))), AnyDataValue(Iri(IriDataValue("c_10"))), AnyDataValue(PlainString(StringDataValue("str_8"))), AnyDataValue(PlainString(StringDataValue("str_9"))), AnyDataValue(Double(DoubleDataValue(50.89312291453255))), AnyDataValue(UnsignedLong(UnsignedLongDataValue(10069243799852529015))), AnyDataValue(UnsignedLong(UnsignedLongDataValue(14867425533690476632))), AnyDataValue(PlainString(StringDataValue("Rotmilan"))), AnyDataValue(Boolean(BooleanDataValue(true))), AnyDataValue(Double(DoubleDataValue(40075000.0))), AnyDataValue(PlainString(StringDataValue("Wind Turbine B"))), AnyDataValue(Iri(IriDataValue("c_15"))), AnyDataValue(Double(DoubleDataValue(50.90297432498729))), AnyDataValue(Iri(IriDataValue("c_16"))), AnyDataValue(PlainString(StringDataValue("str_4"))), AnyDataValue(PlainString(StringDataValue("Wind Turbine A"))), AnyDataValue(PlainString(StringDataValue("Feldsperling"))), AnyDataValue(UnsignedLong(UnsignedLongDataValue(983779533642928955))), AnyDataValue(PlainString(StringDataValue("Wind Turbine C"))), AnyDataValue(Iri(IriDataValue("c_18"))), AnyDataValue(PlainString(StringDataValue("str_12"))), AnyDataValue(Iri(IriDataValue("c_19"))), AnyDataValue(Iri(IriDataValue("c_8"))), AnyDataValue(PlainString(StringDataValue("Wind Turbine C"))), AnyDataValue(PlainString(StringDataValue("addr"))), AnyDataValue(PlainString(StringDataValue("str_14"))), AnyDataValue(PlainString(StringDataValue("str_15"))), AnyDataValue(Iri(IriDataValue("c_5"))), AnyDataValue(PlainString(StringDataValue("Wind Turbine A"))), AnyDataValue(UnsignedLong(UnsignedLongDataValue(2542397713389034748))), AnyDataValue(PlainString(StringDataValue("Wind Turbine C"))), AnyDataValue(PlainString(StringDataValue("str_2"))), AnyDataValue(UnsignedLong(UnsignedLongDataValue(7646808311167870767))), AnyDataValue(Iri(IriDataValue("c_23"))), AnyDataValue(Iri(IriDataValue("c_28"))), AnyDataValue(PlainString(StringDataValue("str_17"))), AnyDataValue(PlainString(StringDataValue("str_18"))), AnyDataValue(UnsignedLong(UnsignedLongDataValue(4723152373821479170))), AnyDataValue(UnsignedLong(UnsignedLongDataValue(8285510541879193208)))] }
08:51:33 [INFO] Execution step: Body
08:51:33 [INFO] Trie does not contain any elements
08:51:33 [INFO] Execution step: Duplicate Elimination (Datalog)
08:51:33 [INFO] Trie does not contain any elements
08:51:33 [INFO] Rule duration: 0 ms
08:51:33 [INFO] <<< STEP 23: APPLYING RULE 17 R_26("Wind Turbine B", ?X_5, ?X_3, ?X_5, ?X_2, ?X_1) :- project_location_m(?_BODY_1, ?X_5, ?X_3), project_location_m(?X_5, ?X_2, ?X_1), Equal(?_BODY_1, "Wind Turbine B") >>>
08:51:33 [INFO] Execution step: Body
08:51:33 [INFO] Trie does not contain any elements
08:51:33 [INFO] Execution step: Duplicate Elimination (Datalog)
08:51:33 [INFO] Trie does not contain any elements
08:51:33 [INFO] Rule duration: 0 ms
08:51:33 [INFO] <<< STEP 24: APPLYING RULE 20 R_12(?X_3, ?X_5, ?X_6, ?X_4, ?X_1, ?X_2) :- R_26(?X_3, ?X_5, ?X_6, ?X_4, ?X_1, ?X_2), R_1(?X_4, ?X_6) >>>
08:51:33 [INFO] Execution step: Body
08:51:33 [INFO] Trie does not contain any elements
08:51:33 [INFO] Execution step: Duplicate Elimination (Datalog)
08:51:33 [INFO] Trie does not contain any elements
08:51:33 [INFO] Rule duration: 0 ms
08:51:33 [INFO] <<< STEP 25: APPLYING RULE 21 R_9("Wind Turbine B", ?X_1) :- R_11(?_BODY_1, ?X_1, ?Y_1, ?_BODY_2, ?_BODY_3), coordinates(?Z_1, ?_BODY_4), R_2(?_BODY_5, ?Z_1, ?Z_2, ?Y_1, ?X_1, ?_BODY_6), project_height_m(?_BODY_7, ?Y_1), Equal(?_BODY_1, "Wind Turbine B"), Equal(?_BODY_2, ?X_1), Equal(?_BODY_3, "Wind Turbine B"), Equal(?_BODY_4, "Wind Turbine C"), Equal(?_BODY_5, "Wind Turbine B"), Equal(?_BODY_6, ?X_1), Equal(?_BODY_7, "Wind Turbine A") >>>
08:51:33 [INFO] Execution step: Project/Reorder
08:51:33 [INFO] Saved temporary table: 3 entries (6924)
08:51:33 [INFO] Execution step: Body
08:51:33 [INFO] Trie does not contain any elements
08:51:33 [INFO] Execution step: Duplicate Elimination (Datalog)
08:51:33 [INFO] Trie does not contain any elements
08:51:33 [INFO] Rule duration: 0 ms
08:51:33 [INFO] <<< STEP 26: APPLYING RULE 26 R_15(?X_5, "50.89816338631804"^^<http://www.w3.org/2001/XMLSchema#double>, ?X_1, ?X_2, ?X_6, ?X_4) :- project_species(?X_5, ?_BODY_1), project_species(?X_1, ?X_2), project_species(?X_6, ?X_4), R_9(?X_6, ?X_2), R_14(?_BODY_2, ?X_1), Equal(?_BODY_1, "50.89816338631804"^^<http://www.w3.org/2001/XMLSchema#double>), Equal(?_BODY_2, "3.14159"^^<http://www.w3.org/2001/XMLSchema#double>) >>>
08:51:33 [INFO] Loading source SimpleTable { arity: 6, data: [AnyDataValue(PlainString(StringDataValue("str_5"))), AnyDataValue(PlainString(StringDataValue("str_16"))), AnyDataValue(UnsignedLong(UnsignedLongDataValue(13616623382980553547))), AnyDataValue(Double(DoubleDataValue(50.90297432498729))), AnyDataValue(PlainString(StringDataValue("Wind Turbine C"))), AnyDataValue(Iri(IriDataValue("c_8")))] }
08:51:33 [INFO] Execution step: Body
08:51:33 [INFO] Trie does not contain any elements
08:51:33 [INFO] Execution step: Duplicate Elimination (Datalog)
08:51:33 [INFO] Trie does not contain any elements
08:51:33 [INFO] Rule duration: 0 ms
08:51:33 [INFO] <<< STEP 27: APPLYING RULE 35 R_10(?X_1, ?X_2, ?X_3, ?X_4, ?X_3, ?X_5) :- project_location_m(?X_1, ?X_2, ?X_3), project_location_m(?X_4, ?X_3, ?X_5), R_26(?X_2, ?X_4, ?Z_3, ?Z_2, ?X_3, ?_BODY_1), PI(?X_4), endangered(?X_3), Equal(?_BODY_1, ?X_2) >>>
08:51:33 [INFO] Execution step: Project/Reorder
08:51:33 [INFO] Saved temporary table: 1 entries (3456)
08:51:33 [INFO] Execution step: Project/Reorder
08:51:33 [INFO] Saved temporary table: 21 entries (3532)
08:51:33 [INFO] Execution step: Body
08:51:33 [INFO] Trie does not contain any elements
08:51:33 [INFO] Execution step: Duplicate Elimination (Datalog)
08:51:33 [INFO] Trie does not contain any elements
08:51:33 [INFO] Rule duration: 0 ms
08:51:33 [INFO] <<< STEP 28: APPLYING RULE 7 project_approved(?project) :- project(?project), project_reject(?project) >>>
08:51:33 [INFO] Loading source SimpleTable { arity: 1, data: [AnyDataValue(PlainString(StringDataValue("Wind Turbine A"))), AnyDataValue(PlainString(StringDataValue("Wind Turbine B"))), AnyDataValue(PlainString(StringDataValue("Wind Turbine C")))] }
08:51:33 [INFO] Execution step: Project/Reorder
08:51:33 [INFO] Saved temporary table: 2 entries (3456)
08:51:33 [INFO] Execution step: Body
08:51:33 [INFO] Saved temporary table: 1 entries (3404)
08:51:33 [INFO] Execution step: Duplicate Elimination (Datalog)
08:51:33 [INFO] Saved permanent table project_approved (28) Permutation { idx_to_val: [], val_to_idx: [] } with 1 entries (3452)
08:51:33 [INFO] Rule duration: 0 ms
08:51:33 [INFO] <<< STEP 29: APPLYING RULE 7 project_approved(?project) :- project(?project), project_reject(?project) >>>
08:51:33 [INFO] Execution step: Project/Reorder
08:51:33 [INFO] Saved temporary table: 2 entries (3456)
08:51:33 [INFO] Execution step: Body
08:51:33 [INFO] Trie does not contain any elements
08:51:33 [INFO] Execution step: Duplicate Elimination (Datalog)
08:51:33 [INFO] Trie does not contain any elements
08:51:33 [INFO] Rule duration: 0 ms
08:51:33 [INFO] <<< STEP 30: APPLYING RULE 8 closest_house(?project, ?_AGGREGATION_OUT) :- distance(?project, ?distance), ?_AGGREGATION_OUT = #min(?distance) >>>
08:51:33 [INFO] Execution step: Body
08:51:33 [INFO] Saved temporary table: 366 entries (9884)
08:51:33 [INFO] Execution step: Aggregate output
08:51:33 [INFO] Execution step: Project/Reorder
08:51:33 [INFO] Saved temporary table: 3 entries (7028)
08:51:33 [INFO] Execution step: Duplicate Elimination (Datalog)
08:51:33 [INFO] Saved permanent table closest_house (30) Permutation { idx_to_val: [], val_to_idx: [] } with 3 entries (7028)
08:51:33 [INFO] Rule duration: 0 ms
08:51:33 [INFO] <<< STEP 31: APPLYING RULE 8 closest_house(?project, ?_AGGREGATION_OUT) :- distance(?project, ?distance), ?_AGGREGATION_OUT = #min(?distance) >>>
08:51:33 [INFO] Execution step: Body
08:51:33 [INFO] Trie does not contain any elements
08:51:33 [INFO] Execution step: Aggregate output
08:51:33 [INFO] Trie does not contain any elements
08:51:33 [INFO] Execution step: Duplicate Elimination (Datalog)
08:51:33 [INFO] Trie does not contain any elements
08:51:33 [INFO] Rule duration: 0 ms
08:51:33 [INFO] <<< STEP 32: APPLYING RULE 18 R_17(?X_4, ?X_1, ?X_3, ?X_2, ?X_5) :- R_11(?X_4, ?X_1, ?X_3, ?X_2, ?X_5), coordinates_m(?X_4, ?X_1) >>>
08:51:33 [INFO] Execution step: Project/Reorder
08:51:33 [INFO] Saved temporary table: 122 entries (9140)
08:51:33 [INFO] Execution step: Body
08:51:33 [INFO] Trie does not contain any elements
08:51:33 [INFO] Execution step: Duplicate Elimination (Datalog)
08:51:33 [INFO] Trie does not contain any elements
08:51:33 [INFO] Rule duration: 0 ms
08:51:33 [INFO] <<< STEP 33: APPLYING RULE 27 R_8("Wind Turbine A", ?X_1, ?X_5, ?X_6, ?X_3, ?X_4) :- R_12(?_BODY_1, ?X_1, ?X_5, ?X_6, ?X_3, ?X_4), TRUE(?X_4), environmental_impact(?X_1), R_17(?X_1, ?Z_5, ?_BODY_2, ?_BODY_3, ?X_4), Equal(?_BODY_1, "Wind Turbine A"), Equal(?_BODY_2, ?X_1), Equal(?_BODY_3, "Wind Turbine C") >>>
08:51:33 [INFO] Execution step: Body
08:51:33 [INFO] Trie does not contain any elements
08:51:33 [INFO] Execution step: Duplicate Elimination (Datalog)
08:51:33 [INFO] Trie does not contain any elements
08:51:33 [INFO] Rule duration: 0 ms
08:51:33 [INFO] <<< STEP 34: APPLYING RULE 24 R_7(?X_3, ?X_2, ?X_1, ?X_5, ?X_1, ?X_4) :- R_8(?X_3, ?X_2, ?X_1, ?X_5, ?_BODY_1, ?X_4), R_10(?X_2, ?Z_4, ?_BODY_2, ?X_3, ?X_4, ?Z_3), Equal(?_BODY_1, ?X_1), Equal(?_BODY_2, ?X_2) >>>
08:51:33 [INFO] Execution step: Body
08:51:33 [INFO] Trie does not contain any elements
08:51:33 [INFO] Execution step: Duplicate Elimination (Datalog)
08:51:33 [INFO] Trie does not contain any elements
08:51:33 [INFO] Rule duration: 0 ms
08:51:33 [INFO] <<< STEP 35: APPLYING RULE 33 R_21(?X_2, ?X_1, ?X_6, ?X_3, ?X_5, "13.688126881341304"^^<http://www.w3.org/2001/XMLSchema#double>) :- R_11(?Y_1, ?X_1, ?X_6, ?Y_2, ?X_5), R_11(?X_5, ?X_2, ?_BODY_1, ?_BODY_2, ?X_3), CIRC_EARTH(?Y_2), R_23(?X_6, ?X_5, ?Y_2, ?_BODY_3, ?X_3), Equal(?_BODY_1, "13.688126881341304"^^<http://www.w3.org/2001/XMLSchema#double>), Equal(?_BODY_2, "13.688126881341304"^^<http://www.w3.org/2001/XMLSchema#double>), Equal(?_BODY_3, ?X_6) >>>
08:51:33 [INFO] Loading source SimpleTable { arity: 6, data: [AnyDataValue(Iri(IriDataValue("c_13"))), AnyDataValue(PlainString(StringDataValue("str_11"))), AnyDataValue(UnsignedLong(UnsignedLongDataValue(2542397713389034748))), AnyDataValue(UnsignedLong(UnsignedLongDataValue(10303093361194149522))), AnyDataValue(Iri(IriDataValue("c_5"))), AnyDataValue(Iri(IriDataValue("c_14"))), AnyDataValue(Iri(IriDataValue("c_20"))), AnyDataValue(PlainString(StringDataValue("str_13"))), AnyDataValue(Iri(IriDataValue("c_22"))), AnyDataValue(Long(LongDataValue(60))), AnyDataValue(PlainString(StringDataValue("str_9"))), AnyDataValue(PlainString(StringDataValue("str_4")))] }
08:51:33 [INFO] Execution step: Project/Reorder
08:51:33 [INFO] Saved temporary table: 1 entries (3456)
08:51:33 [INFO] Execution step: Project/Reorder
08:51:33 [INFO] Saved temporary table: 12 entries (19592)
08:51:33 [INFO] Execution step: Body
08:51:33 [INFO] Trie does not contain any elements
08:51:33 [INFO] Execution step: Duplicate Elimination (Datalog)
08:51:33 [INFO] Trie does not contain any elements
08:51:33 [INFO] Rule duration: 0 ms
08:51:33 [INFO] <<< STEP 36: APPLYING RULE 25 R_22("Wind Turbine C", ?X_2, ?X_4, ?X_2) :- R_21(?_BODY_1, ?X_4, ?_BODY_2, ?X_2, ?_BODY_3, ?_BODY_4), R_11(?X_2, ?X_4, ?_BODY_5, ?Z_3, ?_BODY_6), locations(?X_2, ?_BODY_7, ?X_4), Equal(?_BODY_1, "Wind Turbine C"), Equal(?_BODY_2, ?X_4), Equal(?_BODY_3, ?X_2), Equal(?_BODY_4, ?X_4), Equal(?_BODY_5, "Wind Turbine C"), Equal(?_BODY_6, ?X_4), Equal(?_BODY_7, ?X_2) >>>
08:51:33 [INFO] Loading source SimpleTable { arity: 4, data: [AnyDataValue(PlainString(StringDataValue("str_1"))), AnyDataValue(PlainString(StringDataValue("str_2"))), AnyDataValue(Iri(IriDataValue("c_1"))), AnyDataValue(UnsignedLong(UnsignedLongDataValue(14867425533690476632)))] }
08:51:33 [INFO] Execution step: Project/Reorder
08:51:33 [INFO] Saved temporary table: 781 entries (26616)
08:51:33 [INFO] Execution step: Body
08:51:33 [INFO] Trie does not contain any elements
08:51:33 [INFO] Execution step: Duplicate Elimination (Datalog)
08:51:33 [INFO] Trie does not contain any elements
08:51:33 [INFO] Rule duration: 0 ms
08:51:33 [INFO] <<< STEP 37: APPLYING RULE 23 R_13(?X_6, ?X_2, "Wind Turbine A", ?X_4, ?X_3, ?X_1) :- R_27(?X_6, ?X_2, ?_BODY_1, ?X_4, ?X_3, ?X_1), R_8(?X_4, ?X_1, ?_BODY_2, ?X_6, ?Z_4, ?_BODY_3), Equal(?_BODY_1, "Wind Turbine A"), Equal(?_BODY_2, ?X_1), Equal(?_BODY_3, ?X_4) >>>
08:51:33 [INFO] Loading source SimpleTable { arity: 6, data: [AnyDataValue(Long(LongDataValue(60))), AnyDataValue(Iri(IriDataValue("c_8"))), AnyDataValue(Iri(IriDataValue("c_11"))), AnyDataValue(PlainString(StringDataValue("str_10"))), AnyDataValue(Iri(IriDataValue("c_2"))), AnyDataValue(Iri(IriDataValue("c_12"))), AnyDataValue(Iri(IriDataValue("c_24"))), AnyDataValue(Iri(IriDataValue("c_25"))), AnyDataValue(Iri(IriDataValue("c_16"))), AnyDataValue(Iri(IriDataValue("c_26"))), AnyDataValue(PlainString(StringDataValue("str_16"))), AnyDataValue(Iri(IriDataValue("c_27")))] }
08:51:33 [INFO] Loading source SimpleTable { arity: 6, data: [AnyDataValue(Iri(IriDataValue("c_30"))), AnyDataValue(PlainString(StringDataValue("Wind Turbine A"))), AnyDataValue(PlainString(StringDataValue("str_5"))), AnyDataValue(UnsignedLong(UnsignedLongDataValue(4723152373821479170))), AnyDataValue(UnsignedLong(UnsignedLongDataValue(12057349452581444278))), AnyDataValue(UnsignedLong(UnsignedLongDataValue(12499868041184156685)))] }
08:51:33 [INFO] Execution step: Body
08:51:33 [INFO] Trie does not contain any elements
08:51:33 [INFO] Execution step: Duplicate Elimination (Datalog)
08:51:33 [INFO] Trie does not contain any elements
08:51:33 [INFO] Rule duration: 0 ms
08:51:33 [INFO] <<< STEP 38: APPLYING RULE 28 R_3(?X_3, ?X_3, ?X_2) :- R_13(?X_2, ?X_3, ?_BODY_1, ?_BODY_2, ?_BODY_3, ?_BODY_4), project_location_m(?_BODY_5, ?X_2, ?Z_1), project_species(?Z_4, ?X_2), R_16(?X_2, ?_BODY_6, ?Z_7, ?X_3, ?_BODY_7, ?_BODY_8), R_18(?Z_7, ?Z_10, ?X_3), Equal(?_BODY_1, ?X_2), Equal(?_BODY_2, ?X_3), Equal(?_BODY_3, ?X_3), Equal(?_BODY_4, ?X_2), Equal(?_BODY_5, "Wind Turbine A"), Equal(?_BODY_6, ?X_2), Equal(?_BODY_7, ?X_3), Equal(?_BODY_8, ?X_3) >>>
08:51:33 [INFO] Execution step: Body
08:51:33 [INFO] Trie does not contain any elements
08:51:33 [INFO] Execution step: Duplicate Elimination (Datalog)
08:51:33 [INFO] Trie does not contain any elements
08:51:33 [INFO] Rule duration: 0 ms
08:51:33 [INFO] <<< STEP 39: APPLYING RULE 29 R_27(?X_2, ?X_2, "Wind Turbine A", ?X_4, ?X_1, ?X_6) :- R_6(?X_2, ?_BODY_1, ?_BODY_2, ?X_4, ?X_1, ?X_6), R_19(?Z_1, ?X_2, ?X_1, ?Z_4, ?_BODY_3, ?_BODY_4), Equal(?_BODY_1, ?X_2), Equal(?_BODY_2, "Wind Turbine A"), Equal(?_BODY_3, ?X_2), Equal(?_BODY_4, "Wind Turbine A") >>>
08:51:33 [INFO] Loading source SimpleTable { arity: 6, data: [AnyDataValue(PlainString(StringDataValue("str_7"))), AnyDataValue(Iri(IriDataValue("c_7"))), AnyDataValue(UnsignedLong(UnsignedLongDataValue(4723152373821479170))), AnyDataValue(UnsignedLong(UnsignedLongDataValue(11140621435234207676))), AnyDataValue(Iri(IriDataValue("c_4"))), AnyDataValue(Iri(IriDataValue("c_7"))), AnyDataValue(PlainString(StringDataValue("Mauersegler"))), AnyDataValue(Double(DoubleDataValue(50.90297432498729))), AnyDataValue(Iri(IriDataValue("c_8"))), AnyDataValue(Iri(IriDataValue("c_4"))), AnyDataValue(UnsignedLong(UnsignedLongDataValue(17215693131646606360))), AnyDataValue(PlainString(StringDataValue("Mauersegler")))] }
08:51:33 [INFO] Execution step: Body
08:51:33 [INFO] Trie does not contain any elements
08:51:33 [INFO] Execution step: Duplicate Elimination (Datalog)
08:51:33 [INFO] Trie does not contain any elements
08:51:33 [INFO] Rule duration: 0 ms
08:51:33 [INFO] <<< STEP 40: APPLYING RULE 32 R_19(?X_2, ?X_5, "Wind Turbine A", ?X_1, ?X_4, ?X_4) :- R_16(?X_2, ?X_5, ?_BODY_1, ?X_1, ?X_4, ?_BODY_2), distance(?X_1, ?Z_3), R_3(?X_5, ?Z_1, ?X_4), R_22(?X_1, ?Z_5, ?X_5, ?X_2), R_7(?_BODY_3, ?Z_1, ?X_5, ?X_4, ?_BODY_4, ?X_2), Equal(?_BODY_1, "Wind Turbine A"), Equal(?_BODY_2, ?X_4), Equal(?_BODY_3, "addr"), Equal(?_BODY_4, ?X_4) >>>
08:51:33 [INFO] Execution step: Project/Reorder
08:51:33 [INFO] Trie does not contain any elements
08:51:33 [INFO] Execution step: Body
08:51:33 [INFO] Trie does not contain any elements
08:51:33 [INFO] Execution step: Duplicate Elimination (Datalog)
08:51:33 [INFO] Trie does not contain any elements
08:51:33 [INFO] Rule duration: 0 ms
08:51:33 [INFO] <<< STEP 41: APPLYING RULE 16 R_24("Wind Turbine B", ?X_3, ?X_1, ?X_5, ?X_4) :- R_27(?_BODY_1, ?X_3, ?X_1, ?X_5, ?_BODY_2, ?X_4), Equal(?_BODY_1, "Wind Turbine B"), Equal(?_BODY_2, ?X_1) >>>
08:51:33 [INFO] Execution step: Body
08:51:33 [INFO] Trie does not contain any elements
08:51:33 [INFO] Execution step: Duplicate Elimination (Datalog)
08:51:33 [INFO] Trie does not contain any elements
08:51:33 [INFO] Rule duration: 0 ms
08:51:33 [INFO] <<< STEP 42: APPLYING RULE 36 R_25(?X_2, ?X_1, ?X_3, ?X_1, 60) :- R_7(?X_2, ?X_1, ?X_3, ?_BODY_1, ?_BODY_2, ?_BODY_3), R_24(?X_3, ?X_1, ?_BODY_4, ?_BODY_5, ?X_2), R_27(?X_2, ?Z_1, ?_BODY_6, ?Z_5, ?X_1, ?_BODY_7), Equal(?_BODY_1, ?X_1), Equal(?_BODY_2, 60), Equal(?_BODY_3, ?X_1), Equal(?_BODY_4, ?X_1), Equal(?_BODY_5, ?X_1), Equal(?_BODY_6, ?X_2), Equal(?_BODY_7, ?X_1) >>>
08:51:33 [INFO] Execution step: Body
08:51:33 [INFO] Trie does not contain any elements
08:51:33 [INFO] Execution step: Duplicate Elimination (Datalog)
08:51:33 [INFO] Trie does not contain any elements
08:51:33 [INFO] Rule duration: 0 ms
08:51:33 [INFO] <<< STEP 43: APPLYING RULE 34 R_20("Wind Turbine A", ?X_3, ?X_1, ?X_2) :- endangered(?_BODY_1), endangered(?X_3), endangered(?X_1), endangered(?X_2), R_12(?X_3, ?Z_1, ?X_2, ?X_1, ?_BODY_2, ?_BODY_3), R_25(?_BODY_4, ?X_1, ?X_2, ?X_3, ?Z_5), Equal(?_BODY_1, "Wind Turbine A"), Equal(?_BODY_2, ?X_2), Equal(?_BODY_3, ?X_3), Equal(?_BODY_4, "true"^^<http://www.w3.org/2001/XMLSchema#boolean>) >>>
08:51:33 [INFO] Loading source SimpleTable { arity: 4, data: [AnyDataValue(Iri(IriDataValue("c_19"))), AnyDataValue(Iri(IriDataValue("c_20"))), AnyDataValue(Iri(IriDataValue("c_21"))), AnyDataValue(PlainString(StringDataValue("Mauersegler")))] }
08:51:33 [INFO] Execution step: Body
08:51:33 [INFO] Trie does not contain any elements
08:51:33 [INFO] Execution step: Duplicate Elimination (Datalog)
08:51:33 [INFO] Trie does not contain any elements
08:51:33 [INFO] Rule duration: 0 ms
08:51:33 [INFO] <<< STEP 44: APPLYING RULE 30 R_5(40) :- R_3(?_BODY_1, ?_BODY_2, ?Y_1), R_13(?_BODY_3, ?_BODY_4, ?Y_1, ?_BODY_5, ?Z_1, ?_BODY_6), R_15(?Z_3, ?Y_1, ?_BODY_7, ?Z_1, ?_BODY_8, ?Z_2), R_20(?_BODY_9, ?Y_1, ?Z_6, ?Z_2), Equal(?_BODY_1, "Feldsperling"), Equal(?_BODY_2, 40), Equal(?_BODY_3, "true"^^<http://www.w3.org/2001/XMLSchema#boolean>), Equal(?_BODY_4, "Wind Turbine C"), Equal(?_BODY_5, "3.14159"^^<http://www.w3.org/2001/XMLSchema#double>), Equal(?_BODY_6, ?Y_1), Equal(?_BODY_7, ?Y_1), Equal(?_BODY_8, "50.89312291453255"^^<http://www.w3.org/2001/XMLSchema#double>), Equal(?_BODY_9, "Mauersegler") >>>
08:51:33 [INFO] Loading source SimpleTable { arity: 1, data: [AnyDataValue(PlainString(StringDataValue("str_7"))), AnyDataValue(Iri(IriDataValue("c_17")))] }
08:51:33 [INFO] Execution step: Body
08:51:33 [INFO] Trie does not contain any elements
08:51:33 [INFO] Execution step: Duplicate Elimination (Datalog)
08:51:33 [INFO] Trie does not contain any elements
08:51:33 [INFO] Rule duration: 0 ms
08:51:33 [INFO] <<< STEP 45: APPLYING RULE 31 R_4(?X_4, ?X_6, "40075000"^^<http://www.w3.org/2001/XMLSchema#double>, ?X_2, ?X_1, ?X_5) :- R_27(?X_4, ?X_6, ?_BODY_1, ?X_2, ?X_1, ?X_5), project_approved(?X_1), R_21(?X_5, ?X_2, ?Z_1, ?_BODY_2, ?X_4, ?X_1), project_reject(?X_1), Equal(?_BODY_1, "40075000"^^<http://www.w3.org/2001/XMLSchema#double>), Equal(?_BODY_2, ?X_2) >>>
08:51:33 [INFO] Execution step: Project/Reorder
08:51:33 [INFO] Saved temporary table: 2 entries (3456)
08:51:33 [INFO] Execution step: Body
08:51:33 [INFO] Trie does not contain any elements
08:51:33 [INFO] Execution step: Duplicate Elimination (Datalog)
08:51:33 [INFO] Trie does not contain any elements
08:51:33 [INFO] Rule duration: 0 ms
08:51:33 [INFO] <<< STEP 46: APPLYING RULE 22 R_OUT(?X_2, ?X_3, "Wind Turbine A", ?X_5, ?X_6, ?X_2) :- R_7(?X_2, ?X_3, ?_BODY_1, ?X_5, ?X_6, ?_BODY_2), closest_house(?Z_1, ?X_2), R_4(?X_2, ?X_6, ?_BODY_3, ?Z_3, ?_BODY_4, ?Z_1), R_5(?X_2), R_6(?X_2, ?Z_2, ?_BODY_5, ?_BODY_6, ?X_3, ?Z_1), project(?Z_1), Equal(?_BODY_1, "Wind Turbine A"), Equal(?_BODY_2, ?X_2), Equal(?_BODY_3, ?X_2), Equal(?_BODY_4, ?X_2), Equal(?_BODY_5, ?X_2), Equal(?_BODY_6, ?X_2) >>>
08:51:33 [INFO] Execution step: Project/Reorder
08:51:33 [INFO] Saved temporary table: 3 entries (3460)
08:51:33 [INFO] Execution step: Body
08:51:33 [INFO] Trie does not contain any elements
08:51:33 [INFO] Execution step: Duplicate Elimination (Datalog)
08:51:33 [INFO] Trie does not contain any elements
08:51:33 [INFO] Rule duration: 0 ms
08:51:33 [INFO] ----------------------------------------------
08:51:33 [INFO] --- Finished Nemo Execution - Input Program --
08:51:33 [INFO] Output size: 0
08:51:33 [INFO] ----------------------------------------------
08:51:33 [INFO] 
08:51:33 [INFO] ----------------------------------------------
08:51:33 [INFO] Beginning Nemo Execution - Transformed Program
08:51:33 [INFO] ----------------------------------------------
08:51:33 [INFO] Stratified program: [[0, 1, 2, 3, 4, 5, 6, 9, 10, 11, 12, 13, 14, 15, 17, 18, 27, 31, 34, 36, 45], [7, 8, 16, 19, 21, 22, 23, 28, 32, 37, 39, 43], [29, 30], [20, 24, 25, 26, 33, 35, 38, 40, 41, 42, 44, 46]]
08:51:33 [INFO] <<< STEP 1: APPLYING RULE 0 coordinates(?longitude, ?latitude) :- locations(?longitude, ?latitude, ?tag), TRUE(?_BODY_1), Equal(?_BODY_1, StringContains(?tag, "addr")) >>>
08:51:33 [INFO] Loading source DsvReader { read: "<unspecified std::io::Read>", delimiter: 44, escape: None, value formats: DsvValueFormats([Double, Double, Skip, Skip, Skip, Skip, Skip, Skip, Skip, Skip, Skip, Skip, String]) }
08:51:33 [INFO] Starting data import
08:51:33 [INFO] Finished import: processed 782 lines (dropped 1)
08:51:33 [INFO] Loading source SimpleTable { arity: 1, data: [AnyDataValue(Boolean(BooleanDataValue(true)))] }
08:51:33 [INFO] Execution step: Body
08:51:33 [INFO] Saved temporary table: 122 entries (9140)
08:51:33 [INFO] Execution step: Duplicate Elimination (Datalog)
08:51:33 [INFO] Saved permanent table coordinates (1) Permutation { idx_to_val: [], val_to_idx: [] } with 122 entries (9188)
08:51:33 [INFO] Rule duration: 2 ms
08:51:33 [INFO] <<< STEP 2: APPLYING RULE 0 coordinates(?longitude, ?latitude) :- locations(?longitude, ?latitude, ?tag), TRUE(?_BODY_1), Equal(?_BODY_1, StringContains(?tag, "addr")) >>>
08:51:33 [INFO] Execution step: Body
08:51:33 [INFO] Trie does not contain any elements
08:51:33 [INFO] Execution step: Duplicate Elimination (Datalog)
08:51:33 [INFO] Trie does not contain any elements
08:51:33 [INFO] Rule duration: 0 ms
08:51:33 [INFO] <<< STEP 3: APPLYING RULE 1 coordinates_m(?Xm, ?Ym) :- coordinates(?longitude, ?latitude), PI(?PI), CIRC_EARTH(?earth), Equal(?Xm, NumericDivision(NumericProduct(NumericProduct(?longitude, ?earth), NumericCosine(NumericProduct(NumericDivision(?latitude, "180"^^<http://www.w3.org/2001/XMLSchema#double>), ?PI))), "360"^^<http://www.w3.org/2001/XMLSchema#double>)), Equal(?Ym, NumericProduct(?latitude, NumericDivision(?earth, "360"^^<http://www.w3.org/2001/XMLSchema#double>))) >>>
08:51:33 [INFO] Loading source SimpleTable { arity: 1, data: [AnyDataValue(Double(DoubleDataValue(3.14159)))] }
08:51:33 [INFO] Loading source SimpleTable { arity: 1, data: [AnyDataValue(Double(DoubleDataValue(40075000.0)))] }
08:51:33 [INFO] Execution step: Body
08:51:33 [INFO] Saved temporary table: 122 entries (9140)
08:51:33 [INFO] Execution step: Duplicate Elimination (Datalog)
08:51:33 [INFO] Saved permanent table coordinates_m (3) Permutation { idx_to_val: [], val_to_idx: [] } with 122 entries (9188)
08:51:33 [INFO] Rule duration: 0 ms
08:51:33 [INFO] <<< STEP 4: APPLYING RULE 1 coordinates_m(?Xm, ?Ym) :- coordinates(?longitude, ?latitude), PI(?PI), CIRC_EARTH(?earth), Equal(?Xm, NumericDivision(NumericProduct(NumericProduct(?longitude, ?earth), NumericCosine(NumericProduct(NumericDivision(?latitude, "180"^^<http://www.w3.org/2001/XMLSchema#double>), ?PI))), "360"^^<http://www.w3.org/2001/XMLSchema#double>)), Equal(?Ym, NumericProduct(?latitude, NumericDivision(?earth, "360"^^<http://www.w3.org/2001/XMLSchema#double>))) >>>
08:51:33 [INFO] Execution step: Body
08:51:33 [INFO] Trie does not contain any elements
08:51:33 [INFO] Execution step: Duplicate Elimination (Datalog)
08:51:33 [INFO] Trie does not contain any elements
08:51:33 [INFO] Rule duration: 0 ms
08:51:33 [INFO] <<< STEP 5: APPLYING RULE 2 project_location_m(?project, ?Xm, ?Ym) :- project_location(?project, ?longitude, ?latitude), PI(?PI), CIRC_EARTH(?earth), Equal(?Xm, NumericDivision(NumericProduct(NumericProduct(?longitude, ?earth), NumericCosine(NumericProduct(NumericDivision(?latitude, "180"^^<http://www.w3.org/2001/XMLSchema#double>), ?PI))), "360"^^<http://www.w3.org/2001/XMLSchema#double>)), Equal(?Ym, NumericProduct(?latitude, NumericDivision(?earth, "360"^^<http://www.w3.org/2001/XMLSchema#double>))) >>>
08:51:33 [INFO] Loading source SimpleTable { arity: 3, data: [AnyDataValue(PlainString(StringDataValue("Wind Turbine A"))), AnyDataValue(Double(DoubleDataValue(13.69510396381167))), AnyDataValue(Double(DoubleDataValue(50.89312291453255))), AnyDataValue(PlainString(StringDataValue("Wind Turbine B"))), AnyDataValue(Double(DoubleDataValue(13.704927907097524))), AnyDataValue(Double(DoubleDataValue(50.89816338631804))), AnyDataValue(PlainString(StringDataValue("Wind Turbine C"))), AnyDataValue(Double(DoubleDataValue(13.688126881341304))), AnyDataValue(Double(DoubleDataValue(50.90297432498729)))] }
08:51:33 [INFO] Execution step: Body
08:51:33 [INFO] Saved temporary table: 3 entries (10548)
08:51:33 [INFO] Execution step: Duplicate Elimination (Datalog)
08:51:33 [INFO] Saved permanent table project_location_m (5) Permutation { idx_to_val: [], val_to_idx: [] } with 3 entries (10596)
08:51:33 [INFO] Rule duration: 0 ms
08:51:33 [INFO] <<< STEP 6: APPLYING RULE 2 project_location_m(?project, ?Xm, ?Ym) :- project_location(?project, ?longitude, ?latitude), PI(?PI), CIRC_EARTH(?earth), Equal(?Xm, NumericDivision(NumericProduct(NumericProduct(?longitude, ?earth), NumericCosine(NumericProduct(NumericDivision(?latitude, "180"^^<http://www.w3.org/2001/XMLSchema#double>), ?PI))), "360"^^<http://www.w3.org/2001/XMLSchema#double>)), Equal(?Ym, NumericProduct(?latitude, NumericDivision(?earth, "360"^^<http://www.w3.org/2001/XMLSchema#double>))) >>>
08:51:33 [INFO] Execution step: Body
08:51:33 [INFO] Trie does not contain any elements
08:51:33 [INFO] Execution step: Duplicate Elimination (Datalog)
08:51:33 [INFO] Trie does not contain any elements
08:51:33 [INFO] Rule duration: 0 ms
08:51:33 [INFO] <<< STEP 7: APPLYING RULE 3 environmental_impact(?project) :- project_height_m(?project, ?height), NumericGreaterthaneq(?height, 50) >>>
08:51:33 [INFO] Loading source SimpleTable { arity: 2, data: [AnyDataValue(PlainString(StringDataValue("Wind Turbine A"))), AnyDataValue(Long(LongDataValue(60))), AnyDataValue(PlainString(StringDataValue("Wind Turbine B"))), AnyDataValue(Long(LongDataValue(40))), AnyDataValue(PlainString(StringDataValue("Wind Turbine C"))), AnyDataValue(Long(LongDataValue(60)))] }
08:51:33 [INFO] Execution step: Body
08:51:33 [INFO] Saved temporary table: 2 entries (3408)
08:51:33 [INFO] Execution step: Duplicate Elimination (Datalog)
08:51:33 [INFO] Saved permanent table environmental_impact (7) Permutation { idx_to_val: [], val_to_idx: [] } with 2 entries (3456)
08:51:33 [INFO] Rule duration: 0 ms
08:51:33 [INFO] <<< STEP 8: APPLYING RULE 3 environmental_impact(?project) :- project_height_m(?project, ?height), NumericGreaterthaneq(?height, 50) >>>
08:51:33 [INFO] Execution step: Body
08:51:33 [INFO] Trie does not contain any elements
08:51:33 [INFO] Execution step: Duplicate Elimination (Datalog)
08:51:33 [INFO] Trie does not contain any elements
08:51:33 [INFO] Rule duration: 0 ms
08:51:33 [INFO] <<< STEP 9: APPLYING RULE 4 distance(?project, ?distance) :- project_location_m(?project, ?Xp, ?Yp), coordinates_m(?Xr, ?Yr), Equal(?distance, NumericSquareroot(NumericSum(NumericPower(NumericSubtraction(?Xp, ?Xr), "2"^^<http://www.w3.org/2001/XMLSchema#double>), NumericPower(NumericSubtraction(?Yp, ?Yr), "2"^^<http://www.w3.org/2001/XMLSchema#double>)))) >>>
08:51:33 [INFO] Execution step: Body
08:51:33 [INFO] Saved temporary table: 366 entries (9884)
08:51:33 [INFO] Execution step: Duplicate Elimination (Datalog)
08:51:33 [INFO] Saved permanent table distance (9) Permutation { idx_to_val: [], val_to_idx: [] } with 366 entries (9932)
08:51:33 [INFO] Rule duration: 0 ms
08:51:33 [INFO] <<< STEP 10: APPLYING RULE 4 distance(?project, ?distance) :- project_location_m(?project, ?Xp, ?Yp), coordinates_m(?Xr, ?Yr), Equal(?distance, NumericSquareroot(NumericSum(NumericPower(NumericSubtraction(?Xp, ?Xr), "2"^^<http://www.w3.org/2001/XMLSchema#double>), NumericPower(NumericSubtraction(?Yp, ?Yr), "2"^^<http://www.w3.org/2001/XMLSchema#double>)))) >>>
08:51:33 [INFO] Execution step: Body
08:51:33 [INFO] Trie does not contain any elements
08:51:33 [INFO] Execution step: Duplicate Elimination (Datalog)
08:51:33 [INFO] Trie does not contain any elements
08:51:33 [INFO] Rule duration: 0 ms
08:51:33 [INFO] <<< STEP 11: APPLYING RULE 5 project_reject(?project) :- distance(?project, ?distance), NumericLessthan(?distance, "200"^^<http://www.w3.org/2001/XMLSchema#double>) >>>
08:51:33 [INFO] Execution step: Body
08:51:33 [INFO] Saved temporary table: 1 entries (3404)
08:51:33 [INFO] Execution step: Duplicate Elimination (Datalog)
08:51:33 [INFO] Saved permanent table project_reject (11) Permutation { idx_to_val: [], val_to_idx: [] } with 1 entries (3452)
08:51:33 [INFO] Rule duration: 0 ms
08:51:33 [INFO] <<< STEP 12: APPLYING RULE 5 project_reject(?project) :- distance(?project, ?distance), NumericLessthan(?distance, "200"^^<http://www.w3.org/2001/XMLSchema#double>) >>>
08:51:33 [INFO] Execution step: Body
08:51:33 [INFO] Trie does not contain any elements
08:51:33 [INFO] Execution step: Duplicate Elimination (Datalog)
08:51:33 [INFO] Trie does not contain any elements
08:51:33 [INFO] Rule duration: 0 ms
08:51:33 [INFO] <<< STEP 13: APPLYING RULE 6 project_reject(?project) :- environmental_impact(?project), project_species(?project, ?species), endangered(?species) >>>
08:51:33 [INFO] Loading source SimpleTable { arity: 2, data: [AnyDataValue(PlainString(StringDataValue("Wind Turbine A"))), AnyDataValue(PlainString(StringDataValue("Rotmilan"))), AnyDataValue(PlainString(StringDataValue("Wind Turbine A"))), AnyDataValue(PlainString(StringDataValue("Feldsperling"))), AnyDataValue(PlainString(StringDataValue("Wind Turbine B"))), AnyDataValue(PlainString(StringDataValue("Gartenschläfer"))), AnyDataValue(PlainString(StringDataValue("Wind Turbine C"))), AnyDataValue(PlainString(StringDataValue("Mauersegler")))] }
08:51:33 [INFO] Loading source DsvReader { read: "<unspecified std::io::Read>", delimiter: 44, escape: None, value formats: DsvValueFormats([String]) }
08:51:33 [INFO] Starting data import
08:51:33 [INFO] Finished import: processed 21 lines (dropped 0)
08:51:33 [INFO] Execution step: Body
08:51:33 [INFO] Saved temporary table: 1 entries (3404)
08:51:33 [INFO] Execution step: Duplicate Elimination (Datalog)
08:51:33 [INFO] Saved permanent table project_reject (13) Permutation { idx_to_val: [], val_to_idx: [] } with 1 entries (3452)
08:51:33 [INFO] Rule duration: 0 ms
08:51:33 [INFO] <<< STEP 14: APPLYING RULE 6 project_reject(?project) :- environmental_impact(?project), project_species(?project, ?species), endangered(?species) >>>
08:51:33 [INFO] Execution step: Body
08:51:33 [INFO] Trie does not contain any elements
08:51:33 [INFO] Execution step: Duplicate Elimination (Datalog)
08:51:33 [INFO] Trie does not contain any elements
08:51:33 [INFO] Rule duration: 0 ms
08:51:33 [INFO] <<< STEP 15: APPLYING RULE 31 R_1(?X_1, ?X_1) :- project_species(?X_1, ?_BODY_1), project_species(?X_1, ?_BODY_2), Equal(?_BODY_1, ?X_1), Equal(?_BODY_2, ?X_1) >>>
08:51:33 [INFO] Execution step: Project/Reorder
08:51:33 [INFO] Saved temporary table: 4 entries (7020)
08:51:33 [INFO] Execution step: Body
08:51:33 [INFO] Trie does not contain any elements
08:51:33 [INFO] Execution step: Duplicate Elimination (Datalog)
08:51:33 [INFO] Trie does not contain any elements
08:51:33 [INFO] Rule duration: 0 ms
08:51:33 [INFO] <<< STEP 16: APPLYING RULE 9 R_1("Wind Turbine A", ?X_1) :- R_1(?_BODY_1, ?X_1), Equal(?_BODY_1, "Wind Turbine A") >>>
08:51:33 [INFO] Execution step: Body
08:51:33 [INFO] Trie does not contain any elements
08:51:33 [INFO] Execution step: Duplicate Elimination (Datalog)
08:51:33 [INFO] Trie does not contain any elements
08:51:33 [INFO] Rule duration: 0 ms
08:51:33 [INFO] <<< STEP 17: APPLYING RULE 10 R_11(?X_4, ?X_1, ?X_4, ?X_2, "true"^^<http://www.w3.org/2001/XMLSchema#boolean>) :- project_location(?X_4, ?X_2, ?_BODY_1), project_location(?X_2, ?_BODY_2, ?X_1), Equal(?_BODY_1, ?X_4), Equal(?_BODY_2, "true"^^<http://www.w3.org/2001/XMLSchema#boolean>) >>>
08:51:33 [INFO] Execution step: Body
08:51:33 [INFO] Trie does not contain any elements
08:51:33 [INFO] Execution step: Duplicate Elimination (Datalog)
08:51:33 [INFO] Trie does not contain any elements
08:51:33 [INFO] Rule duration: 0 ms
08:51:33 [INFO] <<< STEP 18: APPLYING RULE 11 R_14(?X_1, 40) :- project_reject(?X_1), project_reject(?_BODY_1), Equal(?_BODY_1, 40) >>>
08:51:33 [INFO] Loading source SimpleTable { arity: 2, data: [AnyDataValue(Iri(IriDataValue("c_10"))), AnyDataValue(PlainString(StringDataValue("addr"))), AnyDataValue(PlainString(StringDataValue("str_6"))), AnyDataValue(Iri(IriDataValue("c_8"))), AnyDataValue(PlainString(StringDataValue("Wind Turbine A"))), AnyDataValue(Iri(IriDataValue("c_20")))] }
08:51:33 [INFO] Execution step: Body
08:51:33 [INFO] Trie does not contain any elements
08:51:33 [INFO] Execution step: Duplicate Elimination (Datalog)
08:51:33 [INFO] Trie does not contain any elements
08:51:33 [INFO] Rule duration: 0 ms
08:51:33 [INFO] <<< STEP 19: APPLYING RULE 12 R_16(?X_4, ?X_5, "50.89816338631804"^^<http://www.w3.org/2001/XMLSchema#double>, ?X_2, ?X_6, ?X_6) :- locations(?X_4, ?X_5, ?_BODY_1), locations(?X_2, ?X_6, ?_BODY_2), Equal(?_BODY_1, "50.89816338631804"^^<http://www.w3.org/2001/XMLSchema#double>), Equal(?_BODY_2, ?X_6) >>>
08:51:33 [INFO] Execution step: Body
08:51:33 [INFO] Trie does not contain any elements
08:51:33 [INFO] Execution step: Duplicate Elimination (Datalog)
08:51:33 [INFO] Trie does not contain any elements
08:51:33 [INFO] Rule duration: 0 ms
08:51:33 [INFO] <<< STEP 20: APPLYING RULE 13 R_18(?X_1, "Feldsperling", ?X_2) :- coordinates_m(?X_1, ?_BODY_1), coordinates_m(?X_2, ?_BODY_2), Equal(?_BODY_1, "Feldsperling"), Equal(?_BODY_2, ?X_2) >>>
08:51:33 [INFO] Execution step: Body
08:51:33 [INFO] Trie does not contain any elements
08:51:33 [INFO] Execution step: Duplicate Elimination (Datalog)
08:51:33 [INFO] Trie does not contain any elements
08:51:33 [INFO] Rule duration: 0 ms
08:51:33 [INFO] <<< STEP 21: APPLYING RULE 17 R_6("50.89312291453255"^^<http://www.w3.org/2001/XMLSchema#double>, ?X_4, ?X_2, ?X_6, ?X_3, ?X_6) :- R_16(?_BODY_1, ?X_4, ?X_2, ?X_6, ?X_3, ?_BODY_2), project_location(?X_2, ?X_6, ?Z_1), Equal(?_BODY_1, "50.89312291453255"^^<http://www.w3.org/2001/XMLSchema#double>), Equal(?_BODY_2, ?X_6) >>>
08:51:33 [INFO] Execution step: Body
08:51:33 [INFO] Trie does not contain any elements
08:51:33 [INFO] Execution step: Duplicate Elimination (Datalog)
08:51:33 [INFO] Trie does not contain any elements
08:51:33 [INFO] Rule duration: 0 ms
08:51:33 [INFO] <<< STEP 22: APPLYING RULE 14 R_23(?X_2, ?X_4, "Feldsperling", ?X_5, ?X_3) :- R_6(?X_2, ?X_4, ?_BODY_1, ?X_5, ?_BODY_2, ?X_3), Equal(?_BODY_1, "Feldsperling"), Equal(?_BODY_2, ?X_2) >>>
08:51:33 [INFO] Loading source SimpleTable { arity: 5, data: [AnyDataValue(Iri(IriDataValue("c_2"))), AnyDataValue(PlainString(StringDataValue("str_3"))), AnyDataValue(PlainString(StringDataValue("str_4"))), AnyDataValue(Iri(IriDataValue("c_3"))), AnyDataValue(Double(DoubleDataValue(50.89312291453255))), AnyDataValue(PlainString(StringDataValue("str_5"))), AnyDataValue(Iri(IriDataValue("c_4"))), AnyDataValue(Iri(IriDataValue("c_5"))), AnyDataValue(PlainString(StringDataValue("Rotmilan"))), AnyDataValue(UnsignedLong(UnsignedLongDataValue(10069243799852529015))), AnyDataValue(Iri(IriDataValue("c_6"))), AnyDataValue(PlainString(StringDataValue("str_4"))), AnyDataValue(PlainString(StringDataValue("str_6"))), AnyDataValue(UnsignedLong(UnsignedLongDataValue(14867425533690476632))), AnyDataValue(UnsignedLong(UnsignedLongDataValue(17215693131646606360))), AnyDataValue(PlainString(StringDataValue("Wind Turbine A"))), AnyDataValue(UnsignedLong(UnsignedLongDataValue(1983161843312211188))), AnyDataValue(PlainString(StringDataValue("addr"))), AnyDataValue(Double(DoubleDataValue(13.69510396381167))), AnyDataValue(PlainString(StringDataValue("str_7"))), AnyDataValue(Double(DoubleDataValue(13.69510396381167))), AnyDataValue(Iri(IriDataValue("c_9"))), AnyDataValue(Iri(IriDataValue("c_10"))), AnyDataValue(PlainString(StringDataValue("str_8"))), AnyDataValue(PlainString(StringDataValue("str_9"))), AnyDataValue(Double(DoubleDataValue(50.89312291453255))), AnyDataValue(UnsignedLong(UnsignedLongDataValue(10069243799852529015))), AnyDataValue(UnsignedLong(UnsignedLongDataValue(14867425533690476632))), AnyDataValue(PlainString(StringDataValue("Rotmilan"))), AnyDataValue(Boolean(BooleanDataValue(true))), AnyDataValue(Double(DoubleDataValue(40075000.0))), AnyDataValue(PlainString(StringDataValue("Wind Turbine B"))), AnyDataValue(Iri(IriDataValue("c_15"))), AnyDataValue(Double(DoubleDataValue(50.90297432498729))), AnyDataValue(Iri(IriDataValue("c_16"))), AnyDataValue(PlainString(StringDataValue("str_4"))), AnyDataValue(PlainString(StringDataValue("Wind Turbine A"))), AnyDataValue(PlainString(StringDataValue("Feldsperling"))), AnyDataValue(UnsignedLong(UnsignedLongDataValue(983779533642928955))), AnyDataValue(PlainString(StringDataValue("Wind Turbine C"))), AnyDataValue(Iri(IriDataValue("c_18"))), AnyDataValue(PlainString(StringDataValue("str_12"))), AnyDataValue(Iri(IriDataValue("c_19"))), AnyDataValue(Iri(IriDataValue("c_8"))), AnyDataValue(PlainString(StringDataValue("Wind Turbine C"))), AnyDataValue(PlainString(StringDataValue("addr"))), AnyDataValue(PlainString(StringDataValue("str_14"))), AnyDataValue(PlainString(StringDataValue("str_15"))), AnyDataValue(Iri(IriDataValue("c_5"))), AnyDataValue(PlainString(StringDataValue("Wind Turbine A"))), AnyDataValue(UnsignedLong(UnsignedLongDataValue(2542397713389034748))), AnyDataValue(PlainString(StringDataValue("Wind Turbine C"))), AnyDataValue(PlainString(StringDataValue("str_2"))), AnyDataValue(UnsignedLong(UnsignedLongDataValue(7646808311167870767))), AnyDataValue(Iri(IriDataValue("c_23"))), AnyDataValue(Iri(IriDataValue("c_28"))), AnyDataValue(PlainString(StringDataValue("str_17"))), AnyDataValue(PlainString(StringDataValue("str_18"))), AnyDataValue(UnsignedLong(UnsignedLongDataValue(4723152373821479170))), AnyDataValue(UnsignedLong(UnsignedLongDataValue(8285510541879193208))), AnyDataValue(Iri(IriDataValue("c_29"))), AnyDataValue(UnsignedLong(UnsignedLongDataValue(14867425533690476632))), AnyDataValue(PlainString(StringDataValue("Wind Turbine C"))), AnyDataValue(PlainString(StringDataValue("str_18"))), AnyDataValue(UnsignedLong(UnsignedLongDataValue(11145209899396051080))), AnyDataValue(UnsignedLong(UnsignedLongDataValue(7646808311167870767))), AnyDataValue(PlainString(StringDataValue("str_21"))), AnyDataValue(UnsignedLong(UnsignedLongDataValue(9145290854094130724))), AnyDataValue(PlainString(StringDataValue("Mauersegler"))), AnyDataValue(PlainString(StringDataValue("str_2")))] }
08:51:33 [INFO] Execution step: Body
08:51:33 [INFO] Trie does not contain any elements
08:51:33 [INFO] Execution step: Duplicate Elimination (Datalog)
08:51:33 [INFO] Trie does not contain any elements
08:51:33 [INFO] Rule duration: 0 ms
08:51:33 [INFO] <<< STEP 23: APPLYING RULE 15 R_26("Wind Turbine B", ?X_5, ?X_3, ?X_5, ?X_2, ?X_1) :- project_location_m(?_BODY_1, ?X_5, ?X_3), project_location_m(?X_5, ?X_2, ?X_1), Equal(?_BODY_1, "Wind Turbine B") >>>
08:51:33 [INFO] Execution step: Body
08:51:33 [INFO] Trie does not contain any elements
08:51:33 [INFO] Execution step: Duplicate Elimination (Datalog)
08:51:33 [INFO] Trie does not contain any elements
08:51:33 [INFO] Rule duration: 0 ms
08:51:33 [INFO] <<< STEP 24: APPLYING RULE 18 R_12(?X_3, ?X_5, ?X_6, ?X_4, ?X_1, ?X_2) :- R_26(?X_3, ?X_5, ?X_6, ?X_4, ?X_1, ?X_2), R_1(?X_4, ?X_6) >>>
08:51:33 [INFO] Execution step: Body
08:51:33 [INFO] Trie does not contain any elements
08:51:33 [INFO] Execution step: Duplicate Elimination (Datalog)
08:51:33 [INFO] Trie does not contain any elements
08:51:33 [INFO] Rule duration: 0 ms
08:51:33 [INFO] <<< STEP 25: APPLYING RULE 27 R_10(?X_1, ?X_2, ?X_3, ?X_4, ?X_3, ?X_5) :- project_location_m(?X_1, ?X_2, ?X_3), project_location_m(?X_4, ?X_3, ?X_5), R_26(?X_2, ?X_4, ?Z_3, ?Z_2, ?X_3, ?_BODY_1), PI(?X_4), endangered(?X_3), Equal(?_BODY_1, ?X_2) >>>
08:51:33 [INFO] Execution step: Project/Reorder
08:51:33 [INFO] Saved temporary table: 1 entries (3456)
08:51:33 [INFO] Execution step: Project/Reorder
08:51:33 [INFO] Saved temporary table: 21 entries (3532)
08:51:33 [INFO] Execution step: Body
08:51:33 [INFO] Trie does not contain any elements
08:51:33 [INFO] Execution step: Duplicate Elimination (Datalog)
08:51:33 [INFO] Trie does not contain any elements
08:51:33 [INFO] Rule duration: 0 ms
08:51:33 [INFO] <<< STEP 26: APPLYING RULE 34 R_23(?X_5, ?X_3, c_21, ?X_2, ?X_1_new_1) :- coordinates(?X_5, ?X_3), coordinates(?X_1_new_1, ?X_2) >>>
08:51:33 [INFO] Execution step: Body
08:51:33 [INFO] Saved temporary table: 14884 entries (254860)
08:51:33 [INFO] Execution step: Duplicate Elimination (Datalog)
08:51:33 [INFO] Saved permanent table R_23 (26) Permutation { idx_to_val: [], val_to_idx: [] } with 14884 entries (258758)
08:51:33 [INFO] Rule duration: 12 ms
08:51:33 [INFO] <<< STEP 27: APPLYING RULE 34 R_23(?X_5, ?X_3, c_21, ?X_2, ?X_1_new_1) :- coordinates(?X_5, ?X_3), coordinates(?X_1_new_1, ?X_2) >>>
08:51:33 [INFO] Execution step: Body
08:51:33 [INFO] Trie does not contain any elements
08:51:33 [INFO] Execution step: Duplicate Elimination (Datalog)
08:51:33 [INFO] Trie does not contain any elements
08:51:33 [INFO] Rule duration: 0 ms
08:51:33 [INFO] <<< STEP 28: APPLYING RULE 36 R_2(?X_5, ?X_3, ?X_2, ?X_4, ?X_3, "40075000"^^<http://www.w3.org/2001/XMLSchema#double>) :- endangered(?X_5), endangered(?X_3), endangered(?X_2), endangered(?X_4), endangered(?X_3), endangered(?_BODY_1), endangered(?X_5), Equal(?_BODY_1, "40075000"^^<http://www.w3.org/2001/XMLSchema#double>) >>>
08:51:33 [INFO] Loading source SimpleTable { arity: 6, data: [AnyDataValue(UnsignedLong(UnsignedLongDataValue(7646808311167870767))), AnyDataValue(UnsignedLong(UnsignedLongDataValue(14867425533690476632))), AnyDataValue(Iri(IriDataValue("c_29"))), AnyDataValue(PlainString(StringDataValue("str_3"))), AnyDataValue(Double(DoubleDataValue(13.704927907097524))), AnyDataValue(UnsignedLong(UnsignedLongDataValue(9145290854094130724)))] }
08:51:33 [INFO] Execution step: Project/Reorder
08:51:33 [INFO] Saved temporary table: 21 entries (3532)
08:51:33 [INFO] Execution step: Body
08:51:33 [INFO] Trie does not contain any elements
08:51:33 [INFO] Execution step: Duplicate Elimination (Datalog)
08:51:33 [INFO] Trie does not contain any elements
08:51:33 [INFO] Rule duration: 7 ms
08:51:33 [INFO] <<< STEP 29: APPLYING RULE 45 R_23(?X_4, ?X_3, ?X_2, ?X_1, ?X_5) :- R_11(?X_4, ?X_3, ?X_2, ?X_1, ?X_5), CIRC_EARTH(?X_1) >>>
08:51:33 [INFO] Execution step: Project/Reorder
08:51:33 [INFO] Saved temporary table: 1 entries (3456)
08:51:33 [INFO] Execution step: Body
08:51:33 [INFO] Trie does not contain any elements
08:51:33 [INFO] Execution step: Duplicate Elimination (Datalog)
08:51:33 [INFO] Trie does not contain any elements
08:51:33 [INFO] Rule duration: 0 ms
08:51:33 [INFO] <<< STEP 30: APPLYING RULE 7 project_approved(?project) :- project(?project), project_reject(?project) >>>
08:51:33 [INFO] Loading source SimpleTable { arity: 1, data: [AnyDataValue(PlainString(StringDataValue("Wind Turbine A"))), AnyDataValue(PlainString(StringDataValue("Wind Turbine B"))), AnyDataValue(PlainString(StringDataValue("Wind Turbine C")))] }
08:51:33 [INFO] Execution step: Project/Reorder
08:51:33 [INFO] Saved temporary table: 2 entries (3456)
08:51:33 [INFO] Execution step: Body
08:51:33 [INFO] Saved temporary table: 1 entries (3404)
08:51:33 [INFO] Execution step: Duplicate Elimination (Datalog)
08:51:33 [INFO] Saved permanent table project_approved (30) Permutation { idx_to_val: [], val_to_idx: [] } with 1 entries (3452)
08:51:33 [INFO] Rule duration: 0 ms
08:51:33 [INFO] <<< STEP 31: APPLYING RULE 7 project_approved(?project) :- project(?project), project_reject(?project) >>>
08:51:33 [INFO] Execution step: Project/Reorder
08:51:33 [INFO] Saved temporary table: 2 entries (3456)
08:51:33 [INFO] Execution step: Body
08:51:33 [INFO] Trie does not contain any elements
08:51:33 [INFO] Execution step: Duplicate Elimination (Datalog)
08:51:33 [INFO] Trie does not contain any elements
08:51:33 [INFO] Rule duration: 0 ms
08:51:33 [INFO] <<< STEP 32: APPLYING RULE 8 closest_house(?project, ?_AGGREGATION_OUT) :- distance(?project, ?distance), ?_AGGREGATION_OUT = #min(?distance) >>>
08:51:33 [INFO] Execution step: Body
08:51:33 [INFO] Saved temporary table: 366 entries (9884)
08:51:33 [INFO] Execution step: Aggregate output
08:51:33 [INFO] Execution step: Project/Reorder
08:51:33 [INFO] Saved temporary table: 3 entries (7028)
08:51:33 [INFO] Execution step: Duplicate Elimination (Datalog)
08:51:33 [INFO] Saved permanent table closest_house (32) Permutation { idx_to_val: [], val_to_idx: [] } with 3 entries (7028)
08:51:33 [INFO] Rule duration: 0 ms
08:51:33 [INFO] <<< STEP 33: APPLYING RULE 8 closest_house(?project, ?_AGGREGATION_OUT) :- distance(?project, ?distance), ?_AGGREGATION_OUT = #min(?distance) >>>
08:51:33 [INFO] Execution step: Body
08:51:33 [INFO] Trie does not contain any elements
08:51:33 [INFO] Execution step: Aggregate output
08:51:33 [INFO] Trie does not contain any elements
08:51:33 [INFO] Execution step: Duplicate Elimination (Datalog)
08:51:33 [INFO] Trie does not contain any elements
08:51:33 [INFO] Rule duration: 0 ms
08:51:33 [INFO] <<< STEP 34: APPLYING RULE 16 R_17(?X_4, ?X_1, ?X_3, ?X_2, ?X_5) :- R_11(?X_4, ?X_1, ?X_3, ?X_2, ?X_5), coordinates_m(?X_4, ?X_1) >>>
08:51:33 [INFO] Execution step: Project/Reorder
08:51:33 [INFO] Saved temporary table: 122 entries (9140)
08:51:33 [INFO] Execution step: Body
08:51:33 [INFO] Trie does not contain any elements
08:51:33 [INFO] Execution step: Duplicate Elimination (Datalog)
08:51:33 [INFO] Trie does not contain any elements
08:51:33 [INFO] Rule duration: 0 ms
08:51:33 [INFO] <<< STEP 35: APPLYING RULE 28 R_2(?X_5, "Wind Turbine A", ?X_4, ?X_3, ?X_2, ?X_1) :- R_6(?X_5, ?_BODY_1, ?X_4, ?X_3, ?X_2, ?X_1), R_18(?X_5, ?X_2, ?X_1), Equal(?_BODY_1, "Wind Turbine A") >>>
08:51:33 [INFO] Execution step: Project/Reorder
08:51:33 [INFO] Trie does not contain any elements
08:51:33 [INFO] Execution step: Body
08:51:33 [INFO] Trie does not contain any elements
08:51:33 [INFO] Execution step: Duplicate Elimination (Datalog)
08:51:33 [INFO] Trie does not contain any elements
08:51:33 [INFO] Rule duration: 0 ms
08:51:33 [INFO] <<< STEP 36: APPLYING RULE 19 R_9("Wind Turbine B", ?X_1) :- R_11(?_BODY_1, ?X_1, ?Y_1, ?_BODY_2, ?_BODY_3), coordinates(?Z_1, ?_BODY_4), R_2(?_BODY_5, ?Z_1, ?Z_2, ?Y_1, ?X_1, ?_BODY_6), project_height_m(?_BODY_7, ?Y_1), Equal(?_BODY_1, "Wind Turbine B"), Equal(?_BODY_2, ?X_1), Equal(?_BODY_3, "Wind Turbine B"), Equal(?_BODY_4, "Wind Turbine C"), Equal(?_BODY_5, "Wind Turbine B"), Equal(?_BODY_6, ?X_1), Equal(?_BODY_7, "Wind Turbine A") >>>
08:51:33 [INFO] Execution step: Project/Reorder
08:51:33 [INFO] Saved temporary table: 3 entries (6924)
08:51:33 [INFO] Execution step: Body
08:51:33 [INFO] Trie does not contain any elements
08:51:33 [INFO] Execution step: Duplicate Elimination (Datalog)
08:51:33 [INFO] Trie does not contain any elements
08:51:33 [INFO] Rule duration: 0 ms
08:51:33 [INFO] <<< STEP 37: APPLYING RULE 23 R_8("Wind Turbine A", ?X_1, ?X_5, ?X_6, ?X_3, ?X_4) :- R_12(?_BODY_1, ?X_1, ?X_5, ?X_6, ?X_3, ?X_4), TRUE(?X_4), environmental_impact(?X_1), R_17(?X_1, ?Z_5, ?_BODY_2, ?_BODY_3, ?X_4), Equal(?_BODY_1, "Wind Turbine A"), Equal(?_BODY_2, ?X_1), Equal(?_BODY_3, "Wind Turbine C") >>>
08:51:33 [INFO] Execution step: Body
08:51:33 [INFO] Trie does not contain any elements
08:51:33 [INFO] Execution step: Duplicate Elimination (Datalog)
08:51:33 [INFO] Trie does not contain any elements
08:51:33 [INFO] Rule duration: 0 ms
08:51:33 [INFO] <<< STEP 38: APPLYING RULE 21 R_7(?X_3, ?X_2, ?X_1, ?X_5, ?X_1, ?X_4) :- R_8(?X_3, ?X_2, ?X_1, ?X_5, ?_BODY_1, ?X_4), R_10(?X_2, ?Z_4, ?_BODY_2, ?X_3, ?X_4, ?Z_3), Equal(?_BODY_1, ?X_1), Equal(?_BODY_2, ?X_2) >>>
08:51:33 [INFO] Execution step: Body
08:51:33 [INFO] Trie does not contain any elements
08:51:33 [INFO] Execution step: Duplicate Elimination (Datalog)
08:51:33 [INFO] Trie does not contain any elements
08:51:33 [INFO] Rule duration: 0 ms
08:51:33 [INFO] <<< STEP 39: APPLYING RULE 22 R_15(?X_5, "50.89816338631804"^^<http://www.w3.org/2001/XMLSchema#double>, ?X_1, ?X_2, ?X_6, ?X_4) :- project_species(?X_5, ?_BODY_1), project_species(?X_1, ?X_2), project_species(?X_6, ?X_4), R_9(?X_6, ?X_2), R_14(?_BODY_2, ?X_1), Equal(?_BODY_1, "50.89816338631804"^^<http://www.w3.org/2001/XMLSchema#double>), Equal(?_BODY_2, "3.14159"^^<http://www.w3.org/2001/XMLSchema#double>) >>>
08:51:33 [INFO] Loading source SimpleTable { arity: 6, data: [AnyDataValue(PlainString(StringDataValue("str_5"))), AnyDataValue(PlainString(StringDataValue("str_16"))), AnyDataValue(UnsignedLong(UnsignedLongDataValue(13616623382980553547))), AnyDataValue(Double(DoubleDataValue(50.90297432498729))), AnyDataValue(PlainString(StringDataValue("Wind Turbine C"))), AnyDataValue(Iri(IriDataValue("c_8")))] }
08:51:33 [INFO] Execution step: Body
08:51:33 [INFO] Trie does not contain any elements
08:51:33 [INFO] Execution step: Duplicate Elimination (Datalog)
08:51:33 [INFO] Trie does not contain any elements
08:51:33 [INFO] Rule duration: 0 ms
08:51:33 [INFO] <<< STEP 40: APPLYING RULE 32 R_23(?X_3, c_27, ?X_2, ?X_2_new_1, ?X_1) :- CIRC_EARTH(?X_3), project(?_BODY_1), CIRC_EARTH(?X_2_new_1), CIRC_EARTH(?X_2), CIRC_EARTH(?X_1), R_1(?_BODY_2, ?X_1), project(?X_3), Equal(?_BODY_1, c_27), Equal(?_BODY_2, "13.704927907097524"^^<http://www.w3.org/2001/XMLSchema#double>) >>>
08:51:33 [INFO] Execution step: Project/Reorder
08:51:33 [INFO] Trie does not contain any elements
08:51:33 [INFO] Execution step: Project/Reorder
08:51:33 [INFO] Saved temporary table: 3 entries (3460)
08:51:33 [INFO] Execution step: Body
08:51:33 [INFO] Trie does not contain any elements
08:51:33 [INFO] Execution step: Duplicate Elimination (Datalog)
08:51:33 [INFO] Trie does not contain any elements
08:51:33 [INFO] Rule duration: 0 ms
08:51:33 [INFO] <<< STEP 41: APPLYING RULE 37 R_23(?X_3, ?X_5, ?X_3, ?X_2, "13.688126881341304"^^<http://www.w3.org/2001/XMLSchema#double>) :- R_10(?X_5, ?_BODY_1, ?X_2, ?X_3, ?_BODY_2, ?_BODY_3), R_12(?X_3, ?X_5, ?X_2, ?_BODY_4, ?_BODY_5, ?_BODY_6), project_height_m(?X_3, ?_BODY_7), R_1(?X_3, ?_BODY_8), coordinates(?_BODY_9, ?X_2), locations(?X_2, ?X_5, ?_BODY_10), R_26(?X_5, ?X_3, ?_BODY_11, ?_BODY_12, ?X_2, ?_BODY_13), R_33(?X_5, ?_BODY_14, ?X_2, ?_BODY_15, ?_BODY_16), TRUE(?X_2), Equal(?_BODY_1, "13.688126881341304"^^<http://www.w3.org/2001/XMLSchema#double>), Equal(?_BODY_2, ?X_2), Equal(?_BODY_3, ?X_5), Equal(?_BODY_4, ?X_5), Equal(?_BODY_5, ?X_2), Equal(?_BODY_6, ?X_3), Equal(?_BODY_7, ?X_3), Equal(?_BODY_8, ?X_3), Equal(?_BODY_9, "13.688126881341304"^^<http://www.w3.org/2001/XMLSchema#double>), Equal(?_BODY_10, "13.688126881341304"^^<http://www.w3.org/2001/XMLSchema#double>), Equal(?_BODY_11, ?X_5), Equal(?_BODY_12, ?X_3), Equal(?_BODY_13, "13.688126881341304"^^<http://www.w3.org/2001/XMLSchema#double>), Equal(?_BODY_14, ?X_5), Equal(?_BODY_15, ?X_5), Equal(?_BODY_16, "13.688126881341304"^^<http://www.w3.org/2001/XMLSchema#double>) >>>
08:51:33 [INFO] Execution step: Project/Reorder
08:51:33 [INFO] Trie does not contain any elements
08:51:33 [INFO] Execution step: Project/Reorder
08:51:33 [INFO] Trie does not contain any elements
08:51:33 [INFO] Execution step: Project/Reorder
08:51:33 [INFO] Saved temporary table: 1 entries (3452)
08:51:33 [INFO] Execution step: Body
08:51:33 [INFO] Trie does not contain any elements
08:51:33 [INFO] Execution step: Duplicate Elimination (Datalog)
08:51:33 [INFO] Trie does not contain any elements
08:51:33 [INFO] Rule duration: 0 ms
08:51:33 [INFO] <<< STEP 42: APPLYING RULE 39 R_23(c_27, ?X_1, ?X_5, ?X_5_new_1, ?X_2) :- coordinates_m(?_BODY_1, ?X_1), R_14(?X_5, ?X_5_new_1), closest_house(?X_2, ?_BODY_2), locations(?_BODY_3, ?X_5_new_1, ?_BODY_4), R_14(?_BODY_5, ?X_5), project(?X_2), Equal(?_BODY_1, c_27), Equal(?_BODY_2, c_27), Equal(?_BODY_3, c_27), Equal(?_BODY_4, c_22), Equal(?_BODY_5, c_27) >>>
08:51:33 [INFO] Execution step: Project/Reorder
08:51:33 [INFO] Saved temporary table: 781 entries (26646)
08:51:33 [INFO] Execution step: Project/Reorder
08:51:33 [INFO] Saved temporary table: 3 entries (6968)
08:51:33 [INFO] Execution step: Project/Reorder
08:51:33 [INFO] Saved temporary table: 3 entries (3460)
08:51:33 [INFO] Execution step: Body
08:51:33 [INFO] Trie does not contain any elements
08:51:33 [INFO] Execution step: Duplicate Elimination (Datalog)
08:51:33 [INFO] Trie does not contain any elements
08:51:33 [INFO] Rule duration: 0 ms
08:51:33 [INFO] <<< STEP 43: APPLYING RULE 43 R_23(?X_1, "str_21", ?X_5, ?X_3, ?X_2) :- coordinates(?X_1, ?_BODY_1), R_2(?X_1, ?X_5, ?_BODY_2, ?X_2, ?X_3, ?_BODY_3), distance(?X_2, ?X_5), coordinates_m(?X_2, ?X_5), R_1(?_BODY_4, ?X_1), Equal(?_BODY_1, "str_21"), Equal(?_BODY_2, ?X_5), Equal(?_BODY_3, ?X_5), Equal(?_BODY_4, "Wind Turbine A") >>>
08:51:33 [INFO] Execution step: Project/Reorder
08:51:33 [INFO] Saved temporary table: 366 entries (11580)
08:51:33 [INFO] Execution step: Project/Reorder
08:51:33 [INFO] Saved temporary table: 122 entries (9140)
08:51:33 [INFO] Execution step: Project/Reorder
08:51:33 [INFO] Trie does not contain any elements
08:51:33 [INFO] Execution step: Body
08:51:33 [INFO] Trie does not contain any elements
08:51:33 [INFO] Execution step: Duplicate Elimination (Datalog)
08:51:33 [INFO] Trie does not contain any elements
08:51:33 [INFO] Rule duration: 0 ms
08:51:33 [INFO] <<< STEP 44: APPLYING RULE 29 R_23(?X_2, ?X_4, ?X_3, ?X_1, ?X_5) :- R_9(?X_2, ?X_4), R_26(?X_4, ?X_1, ?X_3, ?X_5, ?_BODY_1, ?_BODY_2), R_9(?X_3, ?_BODY_3), Equal(?_BODY_1, ?X_3), Equal(?_BODY_2, 12499868041184156685), Equal(?_BODY_3, ?X_3) >>>
08:51:33 [INFO] Execution step: Project/Reorder
08:51:33 [INFO] Trie does not contain any elements
08:51:33 [INFO] Execution step: Body
08:51:33 [INFO] Trie does not contain any elements
08:51:33 [INFO] Execution step: Duplicate Elimination (Datalog)
08:51:33 [INFO] Trie does not contain any elements
08:51:33 [INFO] Rule duration: 0 ms
08:51:33 [INFO] <<< STEP 45: APPLYING RULE 30 R_23(?X_5, ?X_4, ?X_2, ?X_4, ?X_3) :- R_15(?X_2, ?X_3, ?_BODY_1, ?X_4, ?_BODY_2, ?X_5), project_location_m(?X_5, ?_BODY_3, ?_BODY_4), R_7(?Y_1, ?X_4, ?X_2, ?_BODY_5, ?X_5, ?_BODY_6), closest_house(?X_4, ?_BODY_7), R_6(?X_3, ?_BODY_8, ?Y_1, ?X_4, ?_BODY_9, ?X_5), project_reject(?X_2), R_7(?X_2, ?X_5, ?_BODY_10, ?_BODY_11, ?_BODY_12, ?_BODY_13), coordinates(?X_4, ?X_2), Equal(?_BODY_1, ?X_2), Equal(?_BODY_2, c_26), Equal(?_BODY_3, ?X_5), Equal(?_BODY_4, c_26), Equal(?_BODY_5, ?Y_1), Equal(?_BODY_6, ?X_4), Equal(?_BODY_7, c_26), Equal(?_BODY_8, ?X_3), Equal(?_BODY_9, ?X_4), Equal(?_BODY_10, ?X_2), Equal(?_BODY_11, ?X_2), Equal(?_BODY_12, ?X_5), Equal(?_BODY_13, ?X_2) >>>
08:51:33 [INFO] Execution step: Project/Reorder
08:51:33 [INFO] Trie does not contain any elements
08:51:33 [INFO] Execution step: Project/Reorder
08:51:33 [INFO] Saved temporary table: 122 entries (9188)
08:51:33 [INFO] Execution step: Body
08:51:33 [INFO] Trie does not contain any elements
08:51:33 [INFO] Execution step: Duplicate Elimination (Datalog)
08:51:33 [INFO] Trie does not contain any elements
08:51:33 [INFO] Rule duration: 0 ms
08:51:33 [INFO] <<< STEP 46: APPLYING RULE 26 R_21(?X_2, ?X_1, ?X_6, ?X_3, ?X_5, "13.688126881341304"^^<http://www.w3.org/2001/XMLSchema#double>) :- R_11(?Y_1, ?X_1, ?X_6, ?Y_2, ?X_5), R_11(?X_5, ?X_2, ?_BODY_1, ?_BODY_2, ?X_3), CIRC_EARTH(?Y_2), R_23(?X_6, ?X_5, ?Y_2, ?_BODY_3, ?X_3), Equal(?_BODY_1, "13.688126881341304"^^<http://www.w3.org/2001/XMLSchema#double>), Equal(?_BODY_2, "13.688126881341304"^^<http://www.w3.org/2001/XMLSchema#double>), Equal(?_BODY_3, ?X_6) >>>
08:51:33 [INFO] Execution step: Project/Reorder
08:51:33 [INFO] Saved temporary table: 1 entries (3456)
08:51:33 [INFO] Execution step: Project/Reorder
08:51:33 [INFO] Saved temporary table: 14898 entries (265376)
08:51:33 [INFO] Execution step: Body
08:51:33 [INFO] Trie does not contain any elements
08:51:33 [INFO] Execution step: Duplicate Elimination (Datalog)
08:51:33 [INFO] Trie does not contain any elements
08:51:33 [INFO] Rule duration: 16 ms
08:51:33 [INFO] <<< STEP 47: APPLYING RULE 33 R_22("Wind Turbine C", ?Z_3, ?X_4, ?Z_3) :- R_21(?_BODY_1, ?X_4, ?_BODY_2, ?Z_3, ?_BODY_3, ?_BODY_4), R_11(?Z_3, ?X_4, ?_BODY_5, ?_BODY_6, ?_BODY_7), R_16(?Z_3, ?Z_4, ?_BODY_8, ?X_4, ?_BODY_9, ?Z_2), locations(?Z_3, ?_BODY_10, ?X_4), Equal(?_BODY_1, "Wind Turbine C"), Equal(?_BODY_2, ?X_4), Equal(?_BODY_3, ?Z_3), Equal(?_BODY_4, ?X_4), Equal(?_BODY_5, "Wind Turbine C"), Equal(?_BODY_6, ?Z_3), Equal(?_BODY_7, ?X_4), Equal(?_BODY_8, ?Z_3), Equal(?_BODY_9, ?Z_3), Equal(?_BODY_10, ?Z_3) >>>
08:51:33 [INFO] Execution step: Project/Reorder
08:51:33 [INFO] Saved temporary table: 781 entries (26616)
08:51:33 [INFO] Execution step: Body
08:51:33 [INFO] Trie does not contain any elements
08:51:33 [INFO] Execution step: Duplicate Elimination (Datalog)
08:51:33 [INFO] Trie does not contain any elements
08:51:33 [INFO] Rule duration: 0 ms
08:51:33 [INFO] <<< STEP 48: APPLYING RULE 20 R_13(?X_6, ?X_2, "Wind Turbine A", ?X_4, ?X_3, ?X_1) :- R_27(?X_6, ?X_2, ?_BODY_1, ?X_4, ?X_3, ?X_1), R_8(?X_4, ?X_1, ?_BODY_2, ?X_6, ?Z_4, ?_BODY_3), Equal(?_BODY_1, "Wind Turbine A"), Equal(?_BODY_2, ?X_1), Equal(?_BODY_3, ?X_4) >>>
08:51:33 [INFO] Execution step: Body
08:51:33 [INFO] Trie does not contain any elements
08:51:33 [INFO] Execution step: Duplicate Elimination (Datalog)
08:51:33 [INFO] Trie does not contain any elements
08:51:33 [INFO] Rule duration: 0 ms
08:51:33 [INFO] <<< STEP 49: APPLYING RULE 24 R_3(?X_3, ?X_3, ?X_2) :- R_13(?X_2, ?X_3, ?_BODY_1, ?_BODY_2, ?_BODY_3, ?_BODY_4), project_location_m(?_BODY_5, ?X_2, ?Z_1), project_species(?Z_4, ?X_2), R_16(?X_2, ?_BODY_6, ?Z_7, ?X_3, ?_BODY_7, ?_BODY_8), R_18(?Z_7, ?Z_10, ?X_3), Equal(?_BODY_1, ?X_2), Equal(?_BODY_2, ?X_3), Equal(?_BODY_3, ?X_3), Equal(?_BODY_4, ?X_2), Equal(?_BODY_5, "Wind Turbine A"), Equal(?_BODY_6, ?X_2), Equal(?_BODY_7, ?X_3), Equal(?_BODY_8, ?X_3) >>>
08:51:33 [INFO] Execution step: Body
08:51:33 [INFO] Trie does not contain any elements
08:51:33 [INFO] Execution step: Duplicate Elimination (Datalog)
08:51:33 [INFO] Trie does not contain any elements
08:51:33 [INFO] Rule duration: 0 ms
08:51:33 [INFO] <<< STEP 50: APPLYING RULE 42 R_19(?X_2, ?X_5, "Wind Turbine A", ?X_5, ?X_4, ?X_4) :- R_16(?X_2, ?X_5, ?_BODY_1, ?_BODY_2, ?X_4, ?_BODY_3), distance(?X_5, ?_BODY_4), R_3(?X_5, ?Z_1, ?X_4), R_22(?X_5, ?Z_5, ?_BODY_5, ?X_2), R_21(?X_5, ?Z_1, ?_BODY_6, ?X_4, ?_BODY_7, ?Z_4), R_7(?_BODY_8, ?Z_1, ?X_5, ?X_4, ?_BODY_9, ?X_2), Equal(?_BODY_1, "Wind Turbine A"), Equal(?_BODY_2, ?X_5), Equal(?_BODY_3, ?X_4), Equal(?_BODY_4, ?X_5), Equal(?_BODY_5, ?X_5), Equal(?_BODY_6, ?X_5), Equal(?_BODY_7, ?X_5), Equal(?_BODY_8, "addr"), Equal(?_BODY_9, ?X_4) >>>
08:51:33 [INFO] Execution step: Project/Reorder
08:51:33 [INFO] Trie does not contain any elements
08:51:33 [INFO] Execution step: Body
08:51:33 [INFO] Trie does not contain any elements
08:51:33 [INFO] Execution step: Duplicate Elimination (Datalog)
08:51:33 [INFO] Trie does not contain any elements
08:51:33 [INFO] Rule duration: 0 ms
08:51:33 [INFO] <<< STEP 51: APPLYING RULE 44 R_27(?X_2, ?X_2, "Wind Turbine A", ?X_4, ?X_4, ?X_2) :- R_6(?X_2, ?_BODY_1, ?_BODY_2, ?X_4, ?_BODY_3, ?_BODY_4), R_19(?Z_1, ?X_2, ?X_4, ?_BODY_5, ?_BODY_6, ?_BODY_7), R_17(?X_4, ?_BODY_8, ?_BODY_9, ?X_2, ?_BODY_10), Equal(?_BODY_1, ?X_2), Equal(?_BODY_2, "Wind Turbine A"), Equal(?_BODY_3, ?X_4), Equal(?_BODY_4, ?X_2), Equal(?_BODY_5, ?X_2), Equal(?_BODY_6, ?X_2), Equal(?_BODY_7, "Wind Turbine A"), Equal(?_BODY_8, "str_5"), Equal(?_BODY_9, ?X_4), Equal(?_BODY_10, ?X_2) >>>
08:51:33 [INFO] Execution step: Project/Reorder
08:51:33 [INFO] Trie does not contain any elements
08:51:33 [INFO] Execution step: Body
08:51:33 [INFO] Trie does not contain any elements
08:51:33 [INFO] Execution step: Duplicate Elimination (Datalog)
08:51:33 [INFO] Trie does not contain any elements
08:51:33 [INFO] Rule duration: 0 ms
08:51:33 [INFO] <<< STEP 52: APPLYING RULE 25 R_4(?X_4, ?X_6, "40075000"^^<http://www.w3.org/2001/XMLSchema#double>, ?X_2, ?X_1, ?X_5) :- R_27(?X_4, ?X_6, ?_BODY_1, ?X_2, ?X_1, ?X_5), project_approved(?X_1), R_21(?X_5, ?X_2, ?Z_1, ?_BODY_2, ?X_4, ?X_1), project_reject(?X_1), Equal(?_BODY_1, "40075000"^^<http://www.w3.org/2001/XMLSchema#double>), Equal(?_BODY_2, ?X_2) >>>
08:51:33 [INFO] Execution step: Project/Reorder
08:51:33 [INFO] Saved temporary table: 2 entries (3456)
08:51:33 [INFO] Execution step: Body
08:51:33 [INFO] Trie does not contain any elements
08:51:33 [INFO] Execution step: Duplicate Elimination (Datalog)
08:51:33 [INFO] Trie does not contain any elements
08:51:33 [INFO] Rule duration: 0 ms
08:51:33 [INFO] <<< STEP 53: APPLYING RULE 40 R_24("Wind Turbine B", ?X_3, ?X_1, ?X_5, ?X_3) :- R_27(?_BODY_1, ?X_3, ?X_1, ?X_5, ?_BODY_2, ?_BODY_3), Equal(?_BODY_1, "Wind Turbine B"), Equal(?_BODY_2, ?X_1), Equal(?_BODY_3, ?X_3) >>>
08:51:33 [INFO] Execution step: Body
08:51:33 [INFO] Trie does not contain any elements
08:51:33 [INFO] Execution step: Duplicate Elimination (Datalog)
08:51:33 [INFO] Trie does not contain any elements
08:51:33 [INFO] Rule duration: 0 ms
08:51:33 [INFO] <<< STEP 54: APPLYING RULE 35 R_25(?X_2, ?X_1, ?X_3, ?X_1, 60) :- R_7(?X_2, ?X_1, ?X_3, ?_BODY_1, ?_BODY_2, ?_BODY_3), R_24(?X_3, ?X_1, ?_BODY_4, ?_BODY_5, ?X_2), R_27(?X_2, ?Z_1, ?_BODY_6, ?Z_5, ?X_1, ?_BODY_7), R_6(?X_3, ?X_2, ?X_1, ?_BODY_8, ?Z_4, ?_BODY_9), Equal(?_BODY_1, ?X_1), Equal(?_BODY_2, 60), Equal(?_BODY_3, ?X_1), Equal(?_BODY_4, ?X_1), Equal(?_BODY_5, ?X_1), Equal(?_BODY_6, ?X_2), Equal(?_BODY_7, ?X_1), Equal(?_BODY_8, ?X_1), Equal(?_BODY_9, ?X_2) >>>
08:51:33 [INFO] Execution step: Body
08:51:33 [INFO] Trie does not contain any elements
08:51:33 [INFO] Execution step: Duplicate Elimination (Datalog)
08:51:33 [INFO] Trie does not contain any elements
08:51:33 [INFO] Rule duration: 0 ms
08:51:33 [INFO] <<< STEP 55: APPLYING RULE 46 R_20("Wind Turbine A", ?X_3, ?X_1, ?X_2) :- endangered(?_BODY_1), endangered(?X_3), endangered(?X_1), endangered(?X_2), R_12(?X_3, ?Z_1, ?X_2, ?X_1, ?_BODY_2, ?_BODY_3), R_25(?_BODY_4, ?X_1, ?X_2, ?X_3, ?Z_5), R_26(?X_1, ?X_2, ?_BODY_5, ?_BODY_6, ?X_3, ?_BODY_7), R_18(?X_1, ?_BODY_8, ?X_3), Equal(?_BODY_1, "Wind Turbine A"), Equal(?_BODY_2, ?X_2), Equal(?_BODY_3, ?X_3), Equal(?_BODY_4, "true"^^<http://www.w3.org/2001/XMLSchema#boolean>), Equal(?_BODY_5, ?X_1), Equal(?_BODY_6, ?X_2), Equal(?_BODY_7, ?X_1), Equal(?_BODY_8, ?X_1) >>>
08:51:33 [INFO] Execution step: Project/Reorder
08:51:33 [INFO] Trie does not contain any elements
08:51:33 [INFO] Execution step: Project/Reorder
08:51:33 [INFO] Trie does not contain any elements
08:51:33 [INFO] Execution step: Body
08:51:33 [INFO] Trie does not contain any elements
08:51:33 [INFO] Execution step: Duplicate Elimination (Datalog)
08:51:33 [INFO] Trie does not contain any elements
08:51:33 [INFO] Rule duration: 0 ms
08:51:33 [INFO] <<< STEP 56: APPLYING RULE 38 R_5(40) :- R_3(?_BODY_1, ?_BODY_2, ?Y_1), R_13(?_BODY_3, ?_BODY_4, ?Y_1, ?_BODY_5, ?Z_1, ?_BODY_6), R_15(?Z_3, ?Y_1, ?_BODY_7, ?Z_1, ?_BODY_8, ?Z_2), R_20(?_BODY_9, ?Y_1, ?Z_3, ?Z_2), Equal(?_BODY_1, "Feldsperling"), Equal(?_BODY_2, 40), Equal(?_BODY_3, "true"^^<http://www.w3.org/2001/XMLSchema#boolean>), Equal(?_BODY_4, "Wind Turbine C"), Equal(?_BODY_5, "3.14159"^^<http://www.w3.org/2001/XMLSchema#double>), Equal(?_BODY_6, ?Y_1), Equal(?_BODY_7, ?Y_1), Equal(?_BODY_8, "50.89312291453255"^^<http://www.w3.org/2001/XMLSchema#double>), Equal(?_BODY_9, "Mauersegler") >>>
08:51:33 [INFO] Execution step: Body
08:51:33 [INFO] Trie does not contain any elements
08:51:33 [INFO] Execution step: Duplicate Elimination (Datalog)
08:51:33 [INFO] Trie does not contain any elements
08:51:33 [INFO] Rule duration: 0 ms
08:51:33 [INFO] <<< STEP 57: APPLYING RULE 41 R_OUT(?X_2, ?X_3, "Wind Turbine A", ?X_5, ?X_6, ?X_2) :- R_7(?X_2, ?X_3, ?_BODY_1, ?X_5, ?X_6, ?_BODY_2), closest_house(?Z_1, ?X_2), R_4(?X_2, ?X_6, ?_BODY_3, ?X_3, ?_BODY_4, ?Z_1), R_5(?X_2), R_6(?X_2, ?Z_2, ?_BODY_5, ?_BODY_6, ?X_3, ?Z_1), project(?Z_1), Equal(?_BODY_1, "Wind Turbine A"), Equal(?_BODY_2, ?X_2), Equal(?_BODY_3, ?X_2), Equal(?_BODY_4, ?X_2), Equal(?_BODY_5, ?X_2), Equal(?_BODY_6, ?X_2) >>>
08:51:33 [INFO] Execution step: Project/Reorder
08:51:33 [INFO] Saved temporary table: 3 entries (3460)
08:51:33 [INFO] Execution step: Body
08:51:33 [INFO] Trie does not contain any elements
08:51:33 [INFO] Execution step: Duplicate Elimination (Datalog)
08:51:33 [INFO] Trie does not contain any elements
08:51:33 [INFO] Rule duration: 0 ms
08:51:33 [INFO] ----------------------------------------------
08:51:33 [INFO]  Finished Nemo Execution - Transformed Program
08:51:33 [INFO] Output size: 0
08:51:33 [INFO] ----------------------------------------------
08:51:33 [INFO] 
08:51:33 [INFO] ----------------------------------------------
08:51:33 [INFO] ------------ Asserting Oracle CON ------------
08:51:33 [INFO] ----------------------------------------------
08:51:33 [INFO] All good, output has contracted
08:51:33 [INFO] old_dir "/home/leo_repp/masterthesis/nemo/nemo-metamorphic-testing/benchmark_500k_r"
