13:31:54 [INFO] ----------------------------------------------
13:31:54 [INFO] Beginning transformation mtf_EXP_3
    Oracle:     EXP      Number of T: 32
    Debug Mode: true      u64 Seed:    3
    Internal Seed:        [108, 90, 247, 27, 160, 186, 6, 71, 76, 124, 221, 142, 87, 133, 92, 175, 235, 26, 40, 46, 0, 235, 133, 74, 184, 66, 116, 228, 207, 141, 18, 155]
    Seed File: Currently not supported!
13:31:54 [INFO] ----------------------------------------------
13:31:54 [INFO] Renaming of rules complete
13:31:54 [INFO] Choosing a predicate to export!
13:31:54 [INFO] Found export: success
13:31:54 [INFO] Output names (0): 
13:31:54 [INFO] Using the randomly chosen export predicate of 1: success
13:31:54 [INFO] Beginning inverse_stratum and ancestry computation starting at node success
13:31:54 [INFO] Ancestry and Inverse Stratum computation complete.
13:31:54 [DEBUG] (1) nemo_metamorphic_testing::transformations::annotated_dependency_graphs:     The following relational nodes were computed:
13:31:54 [DEBUG] (1) nemo_metamorphic_testing::transformations::annotated_dependency_graphs:   (allowedDiff, 2, +)
13:31:54 [DEBUG] (1) nemo_metamorphic_testing::transformations::annotated_dependency_graphs:   (canChangeAt, 0, +)
13:31:54 [DEBUG] (1) nemo_metamorphic_testing::transformations::annotated_dependency_graphs:   (choseB, 1, ?)
13:31:54 [DEBUG] (1) nemo_metamorphic_testing::transformations::annotated_dependency_graphs:   (choseU, 1, ?)
13:31:54 [DEBUG] (1) nemo_metamorphic_testing::transformations::annotated_dependency_graphs:   (elevator, 0, +)
13:31:54 [DEBUG] (1) nemo_metamorphic_testing::transformations::annotated_dependency_graphs:   (mustChangeAt, 1, ?)
13:31:54 [DEBUG] (1) nemo_metamorphic_testing::transformations::annotated_dependency_graphs:   (platformHeight, 1, -)
13:31:54 [DEBUG] (1) nemo_metamorphic_testing::transformations::annotated_dependency_graphs:   (seeTVTower, None, None)
13:31:54 [DEBUG] (1) nemo_metamorphic_testing::transformations::annotated_dependency_graphs:   (success, 0, +)
13:31:54 [DEBUG] (1) nemo_metamorphic_testing::transformations::annotated_dependency_graphs:   (tooLargeGap, 1, -)
13:31:54 [DEBUG] (1) nemo_metamorphic_testing::transformations::annotated_dependency_graphs:   (validC, 0, +)
13:31:54 [DEBUG] (1) nemo_metamorphic_testing::transformations::annotated_dependency_graphs: Writing ADG to file
13:31:54 [INFO] ----------------------------------------------
13:31:54 [INFO] --------- Beginning Transformations ----------
13:31:54 [INFO] --------  Oracle: EXP    Number: 32
13:31:54 [INFO] ----------------------------------------------
13:31:54 [DEBUG] (1) nemo_metamorphic_testing::transformations::annotated_dependency_graphs: Verifying ADG
13:31:54 [DEBUG] (1) nemo_metamorphic_testing::transformations::annotated_dependency_graphs: Writing ADG to file
13:31:54 [DEBUG] (1) nemo_metamorphic_testing::transformations::annotated_dependency_graphs: Writing reduced ADG to file
13:31:54 [DEBUG] (1) nemo_metamorphic_testing: ADG edge verification succeeded
13:31:54 [DEBUG] (1) nemo_metamorphic_testing: RNG position: 0
13:31:54 [INFO] 1 / 32
13:31:54 [INFO]   I Add Relational Node
13:31:54 [INFO]   Added new relation R_1
13:31:54 [DEBUG] (1) nemo_metamorphic_testing::transformations::annotated_dependency_graphs: Verifying ADG
13:31:54 [DEBUG] (1) nemo_metamorphic_testing::transformations::annotated_dependency_graphs: Writing ADG to file
13:31:54 [DEBUG] (1) nemo_metamorphic_testing::transformations::annotated_dependency_graphs: Writing reduced ADG to file
13:31:54 [DEBUG] (1) nemo_metamorphic_testing: ADG edge verification succeeded
13:31:54 [DEBUG] (1) nemo_metamorphic_testing: RNG position: 1
13:31:54 [INFO] 2 / 32
13:31:54 [DEBUG] (1) nemo_metamorphic_testing::transformations::remove_relational_edges_whole_rule:     Incoming edges by rule name: [r_10 : [choseB, ]; r_9 : [choseB, ]; ]
13:31:54 [INFO]   V Remove Relational Edges - Whole Rule
13:31:54 [INFO]   Removing the Rule of the name r_10
13:31:54 [DEBUG] (1) nemo_metamorphic_testing::transformations::remove_relational_edges_whole_rule:    seeTVTower(s) :- choseB("alexanderplatz", ?x) .
13:31:54 [DEBUG] (1) nemo_metamorphic_testing::transformations::annotated_dependency_graphs:   Updating Ancestry and Inverse Stratum beginning in relational node seeTVTower
13:31:54 [DEBUG] (1) nemo_metamorphic_testing::transformations::annotated_dependency_graphs: Writing ADG restricted to Incoming from seeTVTower
13:31:54 [DEBUG] (1) nemo_metamorphic_testing::transformations::annotated_dependency_graphs: Writing reduced ADG to file
13:31:54 [DEBUG] (1) nemo_metamorphic_testing::transformations::annotated_dependency_graphs:   Ancestry and Inverse Stratum update complete.
13:31:54 [DEBUG] (1) nemo_metamorphic_testing::transformations::annotated_dependency_graphs:   Updating Ancestry and Inverse Stratum beginning in relational node mustChangeAt
13:31:54 [DEBUG] (1) nemo_metamorphic_testing::transformations::annotated_dependency_graphs: Writing ADG restricted to Incoming from mustChangeAt
13:31:54 [DEBUG] (1) nemo_metamorphic_testing::transformations::annotated_dependency_graphs: Writing reduced ADG to file
13:31:54 [DEBUG] (1) nemo_metamorphic_testing::transformations::annotated_dependency_graphs:   Ancestry and Inverse Stratum update complete.
13:31:54 [DEBUG] (1) nemo_metamorphic_testing::transformations::annotated_dependency_graphs:   Updating Ancestry and Inverse Stratum beginning in relational node mustChangeAt
13:31:54 [DEBUG] (1) nemo_metamorphic_testing::transformations::annotated_dependency_graphs: Writing ADG restricted to Incoming from mustChangeAt
13:31:54 [DEBUG] (1) nemo_metamorphic_testing::transformations::annotated_dependency_graphs: Writing reduced ADG to file
13:31:54 [DEBUG] (1) nemo_metamorphic_testing::transformations::annotated_dependency_graphs:   Ancestry and Inverse Stratum update complete.
13:31:54 [DEBUG] (1) nemo_metamorphic_testing::transformations::annotated_dependency_graphs:   Updating Ancestry and Inverse Stratum beginning in relational node validC
13:31:54 [DEBUG] (1) nemo_metamorphic_testing::transformations::annotated_dependency_graphs: Writing ADG restricted to Incoming from validC
13:31:54 [DEBUG] (1) nemo_metamorphic_testing::transformations::annotated_dependency_graphs: Writing reduced ADG to file
13:31:54 [DEBUG] (1) nemo_metamorphic_testing::transformations::annotated_dependency_graphs:   Ancestry and Inverse Stratum update complete.
13:31:54 [DEBUG] (1) nemo_metamorphic_testing::transformations::annotated_dependency_graphs:   Updating Ancestry and Inverse Stratum beginning in relational node validC
13:31:54 [DEBUG] (1) nemo_metamorphic_testing::transformations::annotated_dependency_graphs: Writing ADG restricted to Incoming from validC
13:31:54 [DEBUG] (1) nemo_metamorphic_testing::transformations::annotated_dependency_graphs: Writing reduced ADG to file
13:31:54 [DEBUG] (1) nemo_metamorphic_testing::transformations::annotated_dependency_graphs:   Ancestry and Inverse Stratum update complete.
13:31:54 [DEBUG] (1) nemo_metamorphic_testing::transformations::annotated_dependency_graphs: Verifying ADG
13:31:54 [DEBUG] (1) nemo_metamorphic_testing::transformations::annotated_dependency_graphs: Writing ADG to file
13:31:54 [DEBUG] (1) nemo_metamorphic_testing::transformations::annotated_dependency_graphs: Writing reduced ADG to file
13:31:54 [DEBUG] (1) nemo_metamorphic_testing: ADG edge verification succeeded
13:31:54 [DEBUG] (1) nemo_metamorphic_testing: RNG position: 4
13:31:54 [INFO] 3 / 32
13:31:54 [DEBUG] (1) nemo_metamorphic_testing::transformations::modify_rule_remove_equality:     Incoming edges by rule name: [r_4 : [choseB, choseU, ]; r_3 : [choseU, choseB, ]; r_2 : [mustChangeAt, validC, validC, ]; r_1 : [canChangeAt, mustChangeAt, validC, validC, ]; ]
13:31:54 [INFO]   VIII Modify Rule - Remove Equality
13:31:54 [DEBUG] (1) nemo_metamorphic_testing::transformations::modify_rule_remove_equality: pos edges by tag: {Tag { origin: File { start: 460, end: 466 }, tag: "validC" }: [EdgeIndex(10), EdgeIndex(9)]}
13:31:54 [DEBUG] (1) nemo_metamorphic_testing::transformations::modify_rule_remove_equality: neg edges by tag: {Tag { origin: File { start: 506, end: 518 }, tag: "mustChangeAt" }: [EdgeIndex(11)]}
13:31:54 [INFO]   Replaced a random number of var y with var y_new_1 in the rule r_2
13:31:54 [DEBUG] (1) nemo_metamorphic_testing::transformations::modify_rule_remove_equality:   Old Rule: validC(?x, ?z) :- validC(?x, ?y), validC(?y, ?z), ~mustChangeAt(?y) .
13:31:54 [DEBUG] (1) nemo_metamorphic_testing::transformations::modify_rule_remove_equality:   New Rule: validC(?x, ?z) :- validC(?x, ?y), validC(?y_new_1, ?z), ~mustChangeAt(?y) .
13:31:54 [DEBUG] (1) nemo_metamorphic_testing::transformations::annotated_dependency_graphs: Verifying ADG
13:31:54 [DEBUG] (1) nemo_metamorphic_testing::transformations::annotated_dependency_graphs: Writing ADG to file
13:31:54 [DEBUG] (1) nemo_metamorphic_testing::transformations::annotated_dependency_graphs: Writing reduced ADG to file
13:31:54 [DEBUG] (1) nemo_metamorphic_testing: ADG edge verification succeeded
13:31:54 [DEBUG] (1) nemo_metamorphic_testing: RNG position: 9
13:31:54 [INFO] 4 / 32
13:31:54 [DEBUG] (1) nemo_metamorphic_testing::transformations::remove_relational_edges_whole_rule:     Incoming edges by rule name: [r_6 : [allowedDiff, platformHeight, ]; ]
13:31:54 [INFO]   V Remove Relational Edges - Whole Rule
13:31:54 [INFO]   Removing the Rule of the name r_6
13:31:54 [DEBUG] (1) nemo_metamorphic_testing::transformations::remove_relational_edges_whole_rule:    tooLargeGap(?y) :- platformHeight(?y, ?h), ~allowedDiff(?h, trainHeight) .
13:31:54 [DEBUG] (1) nemo_metamorphic_testing::transformations::annotated_dependency_graphs: Verifying ADG
13:31:54 [DEBUG] (1) nemo_metamorphic_testing::transformations::annotated_dependency_graphs: Writing ADG to file
13:31:54 [DEBUG] (1) nemo_metamorphic_testing::transformations::annotated_dependency_graphs: Writing reduced ADG to file
13:31:54 [DEBUG] (1) nemo_metamorphic_testing: ADG edge verification succeeded
13:31:54 [DEBUG] (1) nemo_metamorphic_testing: RNG position: 11
13:31:54 [INFO] 5 / 32
13:31:54 [DEBUG] (1) nemo_metamorphic_testing::transformations::modify_rule_add_equality:     Incoming edges by rule name: [r_9 : [choseB, ]; ]
13:31:54 [INFO]   VII Modify Rule - Add Equality
13:31:54 [DEBUG] (1) nemo_metamorphic_testing::transformations::modify_rule_add_equality:   Found vars for into equality: [?x,  ]
13:31:54 [INFO]   Aborting the introduction of an equality - rule has too few variables!
13:31:54 [DEBUG] (1) nemo_metamorphic_testing::transformations::modify_rule_add_equality:     The rule in question: seeTVTower(s) :- choseB(?x, "alexanderplatz") .
13:31:54 [DEBUG] (1) nemo_metamorphic_testing::transformations::annotated_dependency_graphs: Verifying ADG
13:31:54 [DEBUG] (1) nemo_metamorphic_testing::transformations::annotated_dependency_graphs: Writing ADG to file
13:31:54 [DEBUG] (1) nemo_metamorphic_testing::transformations::annotated_dependency_graphs: Writing reduced ADG to file
13:31:54 [DEBUG] (1) nemo_metamorphic_testing: ADG edge verification succeeded
13:31:54 [DEBUG] (1) nemo_metamorphic_testing: RNG position: 12
13:31:54 [INFO] 6 / 32
13:31:54 [INFO]   III Add Relational edges - New Rule
13:31:54 [INFO]   Assigned relation R_1 the artiy 2
13:31:54 [DEBUG] (1) nemo_metamorphic_testing::transformations::add_relational_edge_new_rule:   Adding the literal platformHeight->canChangeAt) : (r_EXP_1,+,, ?X_1, ?X_1)
13:31:54 [DEBUG] (1) nemo_metamorphic_testing::transformations::add_relational_edge_new_rule:   Adding the literal seeTVTower->canChangeAt) : (r_EXP_1,+,, ?X_1)
13:31:54 [DEBUG] (1) nemo_metamorphic_testing::transformations::add_relational_edge_new_rule:   Adding the literal validC->canChangeAt) : (r_EXP_1,+,, ?Y_1, "alexanderplatz")
13:31:54 [DEBUG] (1) nemo_metamorphic_testing::transformations::add_relational_edge_new_rule:   Adding the literal choseU->canChangeAt) : (r_EXP_1,+,, ?X_1, "alexanderplatz")
13:31:54 [DEBUG] (1) nemo_metamorphic_testing::transformations::add_relational_edge_new_rule:   Adding the literal tooLargeGap->canChangeAt) : (r_EXP_1,+,, ?X_1)
13:31:54 [DEBUG] (1) nemo_metamorphic_testing::transformations::add_relational_edge_new_rule:   Adding the literal mustChangeAt->canChangeAt) : (r_EXP_1,+,, "alexanderplatz")
13:31:54 [DEBUG] (1) nemo_metamorphic_testing::transformations::add_relational_edge_new_rule:   Adding the literal seeTVTower->canChangeAt) : (r_EXP_1,-,, ?X_1)
13:31:54 [DEBUG] (1) nemo_metamorphic_testing::transformations::add_relational_edge_new_rule:   Adding the literal choseB->canChangeAt) : (r_EXP_1,-,, ?X_1, ?X_1)
13:31:54 [DEBUG] (1) nemo_metamorphic_testing::transformations::add_relational_edge_new_rule:   Adding the literal R_1->canChangeAt) : (r_EXP_1,-,, "alexanderplatz", ?X_1)
13:31:54 [DEBUG] (1) nemo_metamorphic_testing::transformations::add_relational_edge_new_rule:   Adding the literal platformHeight->canChangeAt) : (r_EXP_1,-,, ?Y_1, "alexanderplatz")
13:31:54 [INFO]   Added new rule of name r_EXP_1
13:31:54 [INFO]   canChangeAt(?X_1) :- platformHeight(?X_1, ?X_1), seeTVTower(?X_1), validC(?Y_1, "alexanderplatz"), choseU(?X_1, "alexanderplatz"), tooLargeGap(?X_1), mustChangeAt("alexanderplatz"), ~seeTVTower(?X_1), ~choseB(?X_1, ?X_1), ~R_1("alexanderplatz", ?X_1), ~platformHeight(?Y_1, "alexanderplatz") .
13:31:54 [DEBUG] (1) nemo_metamorphic_testing::transformations::annotated_dependency_graphs: Writing ADG to file
13:31:54 [DEBUG] (1) nemo_metamorphic_testing::transformations::annotated_dependency_graphs:   Updating Ancestry and Inverse Stratum beginning in relational node canChangeAt
13:31:54 [DEBUG] (1) nemo_metamorphic_testing::transformations::annotated_dependency_graphs: Writing ADG restricted to Incoming from canChangeAt
13:31:54 [DEBUG] (1) nemo_metamorphic_testing::transformations::annotated_dependency_graphs: Writing reduced ADG to file
13:31:54 [DEBUG] (1) nemo_metamorphic_testing::transformations::annotated_dependency_graphs:   Ancestry and Inverse Stratum update complete.
13:31:54 [DEBUG] (1) nemo_metamorphic_testing::transformations::annotated_dependency_graphs: Verifying ADG
13:31:54 [DEBUG] (1) nemo_metamorphic_testing::transformations::annotated_dependency_graphs: Writing ADG to file
13:31:54 [DEBUG] (1) nemo_metamorphic_testing::transformations::annotated_dependency_graphs: Writing reduced ADG to file
13:31:54 [DEBUG] (1) nemo_metamorphic_testing: ADG edge verification succeeded
13:31:54 [DEBUG] (1) nemo_metamorphic_testing: RNG position: 86
13:31:54 [INFO] 7 / 32
13:31:54 [INFO]   I Add Relational Node
13:31:54 [INFO]   Added new relation R_2
13:31:54 [DEBUG] (1) nemo_metamorphic_testing::transformations::annotated_dependency_graphs: Verifying ADG
13:31:54 [DEBUG] (1) nemo_metamorphic_testing::transformations::annotated_dependency_graphs: Writing ADG to file
13:31:54 [DEBUG] (1) nemo_metamorphic_testing::transformations::annotated_dependency_graphs: Writing reduced ADG to file
13:31:54 [DEBUG] (1) nemo_metamorphic_testing: ADG edge verification succeeded
13:31:54 [DEBUG] (1) nemo_metamorphic_testing: RNG position: 88
13:31:54 [INFO] 8 / 32
13:31:54 [INFO]   II Add Fact Node and Edge
13:31:54 [INFO]   Added new fact allowedDiff(c_1, 12765566793928973732).
13:31:54 [DEBUG] (1) nemo_metamorphic_testing::transformations::annotated_dependency_graphs: Verifying ADG
13:31:54 [DEBUG] (1) nemo_metamorphic_testing::transformations::annotated_dependency_graphs: Writing ADG to file
13:31:54 [DEBUG] (1) nemo_metamorphic_testing::transformations::annotated_dependency_graphs: Writing reduced ADG to file
13:31:54 [DEBUG] (1) nemo_metamorphic_testing: ADG edge verification succeeded
13:31:54 [DEBUG] (1) nemo_metamorphic_testing: RNG position: 102
13:31:54 [INFO] 9 / 32
13:31:54 [INFO]   III Add Relational edges - New Rule
13:31:54 [INFO]   Assigned relation R_2 the artiy 3
13:31:54 [DEBUG] (1) nemo_metamorphic_testing::transformations::add_relational_edge_new_rule:   Adding the literal elevator->R_2) : (r_EXP_2,+,, ?X_1)
13:31:54 [DEBUG] (1) nemo_metamorphic_testing::transformations::add_relational_edge_new_rule:   Adding the literal canChangeAt->R_2) : (r_EXP_2,+,, 12765566793928973732)
13:31:54 [DEBUG] (1) nemo_metamorphic_testing::transformations::add_relational_edge_new_rule:   Adding the literal R_1->R_2) : (r_EXP_2,+,, ?X_2, ?X_1)
13:31:54 [DEBUG] (1) nemo_metamorphic_testing::transformations::add_relational_edge_new_rule:   Adding the literal allowedDiff->R_2) : (r_EXP_2,+,, ?X_3, ?X_2)
13:31:54 [INFO]   Added new rule of name r_EXP_2
13:31:54 [INFO]   R_2(?X_1, ?X_3, ?X_2) :- elevator(?X_1), canChangeAt(12765566793928973732), R_1(?X_2, ?X_1), allowedDiff(?X_3, ?X_2) .
13:31:54 [DEBUG] (1) nemo_metamorphic_testing::transformations::annotated_dependency_graphs: Writing ADG to file
13:31:54 [DEBUG] (1) nemo_metamorphic_testing::transformations::annotated_dependency_graphs:   Updating Ancestry and Inverse Stratum beginning in relational node R_2
13:31:54 [DEBUG] (1) nemo_metamorphic_testing::transformations::annotated_dependency_graphs: Writing ADG restricted to Incoming from R_2
13:31:54 [DEBUG] (1) nemo_metamorphic_testing::transformations::annotated_dependency_graphs: Writing reduced ADG to file
13:31:54 [DEBUG] (1) nemo_metamorphic_testing::transformations::annotated_dependency_graphs:   Ancestry and Inverse Stratum update complete.
13:31:54 [DEBUG] (1) nemo_metamorphic_testing::transformations::annotated_dependency_graphs: Verifying ADG
13:31:54 [DEBUG] (1) nemo_metamorphic_testing::transformations::annotated_dependency_graphs: Writing ADG to file
13:31:54 [DEBUG] (1) nemo_metamorphic_testing::transformations::annotated_dependency_graphs: Writing reduced ADG to file
13:31:54 [DEBUG] (1) nemo_metamorphic_testing: ADG edge verification succeeded
13:31:54 [DEBUG] (1) nemo_metamorphic_testing: RNG position: 183
13:31:54 [INFO] 10 / 32
13:31:54 [DEBUG] (1) nemo_metamorphic_testing::transformations::modify_rule_add_equality:     Incoming edges by rule name: [r_EXP_2 : [allowedDiff, R_1, canChangeAt, elevator, ]; ]
13:31:54 [INFO]   VII Modify Rule - Add Equality
13:31:54 [DEBUG] (1) nemo_metamorphic_testing::transformations::modify_rule_add_equality:   Found vars for into equality: [?X_1, ?X_2, ?X_3,  ]
13:31:54 [INFO]   Replaced var ?X_1 with var ?X_2 in the rule r_EXP_2
13:31:54 [DEBUG] (1) nemo_metamorphic_testing::transformations::modify_rule_add_equality:   Old Rule: R_2(?X_1, ?X_3, ?X_2) :- elevator(?X_1), canChangeAt(12765566793928973732), R_1(?X_2, ?X_1), allowedDiff(?X_3, ?X_2) .
13:31:54 [DEBUG] (1) nemo_metamorphic_testing::transformations::modify_rule_add_equality:   New Rule: R_2(?X_2, ?X_3, ?X_2) :- elevator(?X_2), canChangeAt(12765566793928973732), R_1(?X_2, ?X_2), allowedDiff(?X_3, ?X_2) .
13:31:54 [DEBUG] (1) nemo_metamorphic_testing::transformations::annotated_dependency_graphs: Verifying ADG
13:31:54 [DEBUG] (1) nemo_metamorphic_testing::transformations::annotated_dependency_graphs: Writing ADG to file
13:31:54 [DEBUG] (1) nemo_metamorphic_testing::transformations::annotated_dependency_graphs: Writing reduced ADG to file
13:31:54 [DEBUG] (1) nemo_metamorphic_testing: ADG edge verification succeeded
13:31:54 [DEBUG] (1) nemo_metamorphic_testing: RNG position: 185
13:31:54 [INFO] 11 / 32
13:31:54 [INFO]   I Add Relational Node
13:31:54 [INFO]   Added new relation R_3
13:31:54 [DEBUG] (1) nemo_metamorphic_testing::transformations::annotated_dependency_graphs: Verifying ADG
13:31:54 [DEBUG] (1) nemo_metamorphic_testing::transformations::annotated_dependency_graphs: Writing ADG to file
13:31:54 [DEBUG] (1) nemo_metamorphic_testing::transformations::annotated_dependency_graphs: Writing reduced ADG to file
13:31:54 [DEBUG] (1) nemo_metamorphic_testing: ADG edge verification succeeded
13:31:54 [DEBUG] (1) nemo_metamorphic_testing: RNG position: 186
13:31:54 [INFO] 12 / 32
13:31:54 [INFO]   II Add Fact Node and Edge
13:31:54 [INFO]   Added new fact success(trainHeight).
13:31:54 [DEBUG] (1) nemo_metamorphic_testing::transformations::annotated_dependency_graphs: Verifying ADG
13:31:54 [DEBUG] (1) nemo_metamorphic_testing::transformations::annotated_dependency_graphs: Writing ADG to file
13:31:54 [DEBUG] (1) nemo_metamorphic_testing::transformations::annotated_dependency_graphs: Writing reduced ADG to file
13:31:54 [DEBUG] (1) nemo_metamorphic_testing: ADG edge verification succeeded
13:31:54 [DEBUG] (1) nemo_metamorphic_testing: RNG position: 191
13:31:54 [INFO] 13 / 32
13:31:54 [INFO]   III Add Relational edges - New Rule
13:31:54 [DEBUG] (1) nemo_metamorphic_testing::transformations::add_relational_edge_new_rule:   Adding the literal choseU->elevator) : (r_EXP_3,+,, ?Y_1, c_1)
13:31:54 [DEBUG] (1) nemo_metamorphic_testing::transformations::add_relational_edge_new_rule:   Adding the literal choseB->elevator) : (r_EXP_3,-,, ?Y_1, c_1)
13:31:54 [INFO]   Added new rule of name r_EXP_3
13:31:54 [INFO]   elevator(c_1) :- choseU(?Y_1, c_1), ~choseB(?Y_1, c_1) .
13:31:54 [DEBUG] (1) nemo_metamorphic_testing::transformations::annotated_dependency_graphs: Writing ADG to file
13:31:54 [DEBUG] (1) nemo_metamorphic_testing::transformations::annotated_dependency_graphs:   Updating Ancestry and Inverse Stratum beginning in relational node elevator
13:31:54 [DEBUG] (1) nemo_metamorphic_testing::transformations::annotated_dependency_graphs: Writing ADG restricted to Incoming from elevator
13:31:54 [DEBUG] (1) nemo_metamorphic_testing::transformations::annotated_dependency_graphs: Writing reduced ADG to file
13:31:54 [DEBUG] (1) nemo_metamorphic_testing::transformations::annotated_dependency_graphs:   Ancestry and Inverse Stratum update complete.
13:31:54 [DEBUG] (1) nemo_metamorphic_testing::transformations::annotated_dependency_graphs: Verifying ADG
13:31:54 [DEBUG] (1) nemo_metamorphic_testing::transformations::annotated_dependency_graphs: Writing ADG to file
13:31:54 [DEBUG] (1) nemo_metamorphic_testing::transformations::annotated_dependency_graphs: Writing reduced ADG to file
13:31:54 [DEBUG] (1) nemo_metamorphic_testing: ADG edge verification succeeded
13:31:54 [DEBUG] (1) nemo_metamorphic_testing: RNG position: 263
13:31:54 [INFO] 14 / 32
13:31:54 [DEBUG] (1) nemo_metamorphic_testing::transformations::remove_relational_edge_single_literal:     Incoming edges by rule name: [r_EXP_3 : [choseB, choseU, ]; ]
13:31:54 [DEBUG] (1) nemo_metamorphic_testing::transformations::remove_relational_edge_single_literal: Zip {
    a: Cloned {
        it: Iter(
            [
                EdgeIndex(41),
                EdgeIndex(40),
            ],
        ),
    },
    b: IntoIter(
        [
            (r_EXP_3, -, (?Y_1, c_1, )),
            (r_EXP_3, +, (?Y_1, c_1, )),
        ],
    ),
}
13:31:54 [DEBUG] (1) nemo_metamorphic_testing::transformations::remove_relational_edges_whole_rule:     Incoming edges by rule name: [r_EXP_2 : [allowedDiff, R_1, canChangeAt, elevator, ]; ]
13:31:54 [INFO]   V Remove Relational Edges - Whole Rule
13:31:54 [INFO]   Removing the Rule of the name r_EXP_2
13:31:54 [DEBUG] (1) nemo_metamorphic_testing::transformations::remove_relational_edges_whole_rule:    R_2(?X_2, ?X_3, ?X_2) :- elevator(?X_2), canChangeAt(12765566793928973732), R_1(?X_2, ?X_2), allowedDiff(?X_3, ?X_2) .
13:31:54 [DEBUG] (1) nemo_metamorphic_testing::transformations::annotated_dependency_graphs:   Updating Ancestry and Inverse Stratum beginning in relational node canChangeAt
13:31:54 [DEBUG] (1) nemo_metamorphic_testing::transformations::annotated_dependency_graphs: Writing ADG restricted to Incoming from canChangeAt
13:31:54 [DEBUG] (1) nemo_metamorphic_testing::transformations::annotated_dependency_graphs: Writing reduced ADG to file
13:31:54 [DEBUG] (1) nemo_metamorphic_testing::transformations::annotated_dependency_graphs:   Ancestry and Inverse Stratum update complete.
13:31:54 [DEBUG] (1) nemo_metamorphic_testing::transformations::annotated_dependency_graphs:   Updating Ancestry and Inverse Stratum beginning in relational node validC
13:31:54 [DEBUG] (1) nemo_metamorphic_testing::transformations::annotated_dependency_graphs: Writing ADG restricted to Incoming from validC
13:31:54 [DEBUG] (1) nemo_metamorphic_testing::transformations::annotated_dependency_graphs: Writing reduced ADG to file
13:31:54 [DEBUG] (1) nemo_metamorphic_testing::transformations::annotated_dependency_graphs:   Ancestry and Inverse Stratum update complete.
13:31:54 [DEBUG] (1) nemo_metamorphic_testing::transformations::annotated_dependency_graphs:   Updating Ancestry and Inverse Stratum beginning in relational node canChangeAt
13:31:54 [DEBUG] (1) nemo_metamorphic_testing::transformations::annotated_dependency_graphs: Writing ADG restricted to Incoming from canChangeAt
13:31:54 [DEBUG] (1) nemo_metamorphic_testing::transformations::annotated_dependency_graphs: Writing reduced ADG to file
13:31:54 [DEBUG] (1) nemo_metamorphic_testing::transformations::annotated_dependency_graphs:   Ancestry and Inverse Stratum update complete.
13:31:54 [DEBUG] (1) nemo_metamorphic_testing::transformations::annotated_dependency_graphs:   Updating Ancestry and Inverse Stratum beginning in relational node canChangeAt
13:31:54 [DEBUG] (1) nemo_metamorphic_testing::transformations::annotated_dependency_graphs: Writing ADG restricted to Incoming from canChangeAt
13:31:54 [DEBUG] (1) nemo_metamorphic_testing::transformations::annotated_dependency_graphs: Writing reduced ADG to file
13:31:54 [DEBUG] (1) nemo_metamorphic_testing::transformations::annotated_dependency_graphs:   Ancestry and Inverse Stratum update complete.
13:31:54 [DEBUG] (1) nemo_metamorphic_testing::transformations::annotated_dependency_graphs:   Updating Ancestry and Inverse Stratum beginning in relational node elevator
13:31:54 [DEBUG] (1) nemo_metamorphic_testing::transformations::annotated_dependency_graphs: Writing ADG restricted to Incoming from elevator
13:31:54 [DEBUG] (1) nemo_metamorphic_testing::transformations::annotated_dependency_graphs: Writing reduced ADG to file
13:31:54 [DEBUG] (1) nemo_metamorphic_testing::transformations::annotated_dependency_graphs:   Ancestry and Inverse Stratum update complete.
13:31:54 [DEBUG] (1) nemo_metamorphic_testing::transformations::annotated_dependency_graphs:   Updating Ancestry and Inverse Stratum beginning in relational node canChangeAt
13:31:54 [DEBUG] (1) nemo_metamorphic_testing::transformations::annotated_dependency_graphs: Writing ADG restricted to Incoming from canChangeAt
13:31:54 [DEBUG] (1) nemo_metamorphic_testing::transformations::annotated_dependency_graphs: Writing reduced ADG to file
13:31:54 [DEBUG] (1) nemo_metamorphic_testing::transformations::annotated_dependency_graphs:   Ancestry and Inverse Stratum update complete.
13:31:54 [DEBUG] (1) nemo_metamorphic_testing::transformations::annotated_dependency_graphs:   Updating Ancestry and Inverse Stratum beginning in relational node seeTVTower
13:31:54 [DEBUG] (1) nemo_metamorphic_testing::transformations::annotated_dependency_graphs: Writing ADG restricted to Incoming from seeTVTower
13:31:54 [DEBUG] (1) nemo_metamorphic_testing::transformations::annotated_dependency_graphs: Writing reduced ADG to file
13:31:54 [DEBUG] (1) nemo_metamorphic_testing::transformations::annotated_dependency_graphs:   Ancestry and Inverse Stratum update complete.
13:31:54 [DEBUG] (1) nemo_metamorphic_testing::transformations::annotated_dependency_graphs:   Updating Ancestry and Inverse Stratum beginning in relational node mustChangeAt
13:31:54 [DEBUG] (1) nemo_metamorphic_testing::transformations::annotated_dependency_graphs: Writing ADG restricted to Incoming from mustChangeAt
13:31:54 [DEBUG] (1) nemo_metamorphic_testing::transformations::annotated_dependency_graphs: Writing reduced ADG to file
13:31:54 [DEBUG] (1) nemo_metamorphic_testing::transformations::annotated_dependency_graphs:   Ancestry and Inverse Stratum update complete.
13:31:54 [DEBUG] (1) nemo_metamorphic_testing::transformations::annotated_dependency_graphs:   Updating Ancestry and Inverse Stratum beginning in relational node mustChangeAt
13:31:54 [DEBUG] (1) nemo_metamorphic_testing::transformations::annotated_dependency_graphs: Writing ADG restricted to Incoming from mustChangeAt
13:31:54 [DEBUG] (1) nemo_metamorphic_testing::transformations::annotated_dependency_graphs: Writing reduced ADG to file
13:31:54 [DEBUG] (1) nemo_metamorphic_testing::transformations::annotated_dependency_graphs:   Ancestry and Inverse Stratum update complete.
13:31:54 [DEBUG] (1) nemo_metamorphic_testing::transformations::annotated_dependency_graphs:   Updating Ancestry and Inverse Stratum beginning in relational node validC
13:31:54 [DEBUG] (1) nemo_metamorphic_testing::transformations::annotated_dependency_graphs: Writing ADG restricted to Incoming from validC
13:31:54 [DEBUG] (1) nemo_metamorphic_testing::transformations::annotated_dependency_graphs: Writing reduced ADG to file
13:31:54 [DEBUG] (1) nemo_metamorphic_testing::transformations::annotated_dependency_graphs:   Ancestry and Inverse Stratum update complete.
13:31:54 [DEBUG] (1) nemo_metamorphic_testing::transformations::annotated_dependency_graphs:   Updating Ancestry and Inverse Stratum beginning in relational node validC
13:31:54 [DEBUG] (1) nemo_metamorphic_testing::transformations::annotated_dependency_graphs: Writing ADG restricted to Incoming from validC
13:31:54 [DEBUG] (1) nemo_metamorphic_testing::transformations::annotated_dependency_graphs: Writing reduced ADG to file
13:31:54 [DEBUG] (1) nemo_metamorphic_testing::transformations::annotated_dependency_graphs:   Ancestry and Inverse Stratum update complete.
13:31:54 [DEBUG] (1) nemo_metamorphic_testing::transformations::annotated_dependency_graphs:   Updating Ancestry and Inverse Stratum beginning in relational node canChangeAt
13:31:54 [DEBUG] (1) nemo_metamorphic_testing::transformations::annotated_dependency_graphs: Writing ADG restricted to Incoming from canChangeAt
13:31:54 [DEBUG] (1) nemo_metamorphic_testing::transformations::annotated_dependency_graphs: Writing reduced ADG to file
13:31:54 [DEBUG] (1) nemo_metamorphic_testing::transformations::annotated_dependency_graphs:   Ancestry and Inverse Stratum update complete.
13:31:54 [DEBUG] (1) nemo_metamorphic_testing::transformations::annotated_dependency_graphs:   Updating Ancestry and Inverse Stratum beginning in relational node canChangeAt
13:31:54 [DEBUG] (1) nemo_metamorphic_testing::transformations::annotated_dependency_graphs: Writing ADG restricted to Incoming from canChangeAt
13:31:54 [DEBUG] (1) nemo_metamorphic_testing::transformations::annotated_dependency_graphs: Writing reduced ADG to file
13:31:54 [DEBUG] (1) nemo_metamorphic_testing::transformations::annotated_dependency_graphs:   Ancestry and Inverse Stratum update complete.
13:31:54 [DEBUG] (1) nemo_metamorphic_testing::transformations::annotated_dependency_graphs:   Updating Ancestry and Inverse Stratum beginning in relational node canChangeAt
13:31:54 [DEBUG] (1) nemo_metamorphic_testing::transformations::annotated_dependency_graphs: Writing ADG restricted to Incoming from canChangeAt
13:31:54 [DEBUG] (1) nemo_metamorphic_testing::transformations::annotated_dependency_graphs: Writing reduced ADG to file
13:31:54 [DEBUG] (1) nemo_metamorphic_testing::transformations::annotated_dependency_graphs:   Ancestry and Inverse Stratum update complete.
13:31:54 [DEBUG] (1) nemo_metamorphic_testing::transformations::annotated_dependency_graphs:   Updating Ancestry and Inverse Stratum beginning in relational node validC
13:31:54 [DEBUG] (1) nemo_metamorphic_testing::transformations::annotated_dependency_graphs: Writing ADG restricted to Incoming from validC
13:31:54 [DEBUG] (1) nemo_metamorphic_testing::transformations::annotated_dependency_graphs: Writing reduced ADG to file
13:31:54 [DEBUG] (1) nemo_metamorphic_testing::transformations::annotated_dependency_graphs:   Ancestry and Inverse Stratum update complete.
13:31:54 [DEBUG] (1) nemo_metamorphic_testing::transformations::annotated_dependency_graphs:   Updating Ancestry and Inverse Stratum beginning in relational node validC
13:31:54 [DEBUG] (1) nemo_metamorphic_testing::transformations::annotated_dependency_graphs: Writing ADG restricted to Incoming from validC
13:31:54 [DEBUG] (1) nemo_metamorphic_testing::transformations::annotated_dependency_graphs: Writing reduced ADG to file
13:31:54 [DEBUG] (1) nemo_metamorphic_testing::transformations::annotated_dependency_graphs:   Ancestry and Inverse Stratum update complete.
13:31:54 [DEBUG] (1) nemo_metamorphic_testing::transformations::annotated_dependency_graphs:   Updating Ancestry and Inverse Stratum beginning in relational node elevator
13:31:54 [DEBUG] (1) nemo_metamorphic_testing::transformations::annotated_dependency_graphs: Writing ADG restricted to Incoming from elevator
13:31:54 [DEBUG] (1) nemo_metamorphic_testing::transformations::annotated_dependency_graphs: Writing reduced ADG to file
13:31:54 [DEBUG] (1) nemo_metamorphic_testing::transformations::annotated_dependency_graphs:   Ancestry and Inverse Stratum update complete.
13:31:54 [DEBUG] (1) nemo_metamorphic_testing::transformations::annotated_dependency_graphs:   Updating Ancestry and Inverse Stratum beginning in relational node canChangeAt
13:31:54 [DEBUG] (1) nemo_metamorphic_testing::transformations::annotated_dependency_graphs: Writing ADG restricted to Incoming from canChangeAt
13:31:54 [DEBUG] (1) nemo_metamorphic_testing::transformations::annotated_dependency_graphs: Writing reduced ADG to file
13:31:54 [DEBUG] (1) nemo_metamorphic_testing::transformations::annotated_dependency_graphs:   Ancestry and Inverse Stratum update complete.
13:31:54 [DEBUG] (1) nemo_metamorphic_testing::transformations::annotated_dependency_graphs:   Updating Ancestry and Inverse Stratum beginning in relational node mustChangeAt
13:31:54 [DEBUG] (1) nemo_metamorphic_testing::transformations::annotated_dependency_graphs: Writing ADG restricted to Incoming from mustChangeAt
13:31:54 [DEBUG] (1) nemo_metamorphic_testing::transformations::annotated_dependency_graphs: Writing reduced ADG to file
13:31:54 [DEBUG] (1) nemo_metamorphic_testing::transformations::annotated_dependency_graphs:   Ancestry and Inverse Stratum update complete.
13:31:54 [DEBUG] (1) nemo_metamorphic_testing::transformations::annotated_dependency_graphs:   Updating Ancestry and Inverse Stratum beginning in relational node mustChangeAt
13:31:54 [DEBUG] (1) nemo_metamorphic_testing::transformations::annotated_dependency_graphs: Writing ADG restricted to Incoming from mustChangeAt
13:31:54 [DEBUG] (1) nemo_metamorphic_testing::transformations::annotated_dependency_graphs: Writing reduced ADG to file
13:31:54 [DEBUG] (1) nemo_metamorphic_testing::transformations::annotated_dependency_graphs:   Ancestry and Inverse Stratum update complete.
13:31:54 [DEBUG] (1) nemo_metamorphic_testing::transformations::annotated_dependency_graphs:   Updating Ancestry and Inverse Stratum beginning in relational node validC
13:31:54 [DEBUG] (1) nemo_metamorphic_testing::transformations::annotated_dependency_graphs: Writing ADG restricted to Incoming from validC
13:31:54 [DEBUG] (1) nemo_metamorphic_testing::transformations::annotated_dependency_graphs: Writing reduced ADG to file
13:31:54 [DEBUG] (1) nemo_metamorphic_testing::transformations::annotated_dependency_graphs:   Ancestry and Inverse Stratum update complete.
13:31:54 [DEBUG] (1) nemo_metamorphic_testing::transformations::annotated_dependency_graphs:   Updating Ancestry and Inverse Stratum beginning in relational node validC
13:31:54 [DEBUG] (1) nemo_metamorphic_testing::transformations::annotated_dependency_graphs: Writing ADG restricted to Incoming from validC
13:31:54 [DEBUG] (1) nemo_metamorphic_testing::transformations::annotated_dependency_graphs: Writing reduced ADG to file
13:31:54 [DEBUG] (1) nemo_metamorphic_testing::transformations::annotated_dependency_graphs:   Ancestry and Inverse Stratum update complete.
13:31:54 [DEBUG] (1) nemo_metamorphic_testing::transformations::annotated_dependency_graphs:   Updating Ancestry and Inverse Stratum beginning in relational node canChangeAt
13:31:54 [DEBUG] (1) nemo_metamorphic_testing::transformations::annotated_dependency_graphs: Writing ADG restricted to Incoming from canChangeAt
13:31:54 [DEBUG] (1) nemo_metamorphic_testing::transformations::annotated_dependency_graphs: Writing reduced ADG to file
13:31:54 [DEBUG] (1) nemo_metamorphic_testing::transformations::annotated_dependency_graphs:   Ancestry and Inverse Stratum update complete.
13:31:54 [DEBUG] (1) nemo_metamorphic_testing::transformations::annotated_dependency_graphs:   Updating Ancestry and Inverse Stratum beginning in relational node canChangeAt
13:31:54 [DEBUG] (1) nemo_metamorphic_testing::transformations::annotated_dependency_graphs: Writing ADG restricted to Incoming from canChangeAt
13:31:54 [DEBUG] (1) nemo_metamorphic_testing::transformations::annotated_dependency_graphs: Writing reduced ADG to file
13:31:54 [DEBUG] (1) nemo_metamorphic_testing::transformations::annotated_dependency_graphs:   Ancestry and Inverse Stratum update complete.
13:31:54 [DEBUG] (1) nemo_metamorphic_testing::transformations::annotated_dependency_graphs:   Updating Ancestry and Inverse Stratum beginning in relational node canChangeAt
13:31:54 [DEBUG] (1) nemo_metamorphic_testing::transformations::annotated_dependency_graphs: Writing ADG restricted to Incoming from canChangeAt
13:31:54 [DEBUG] (1) nemo_metamorphic_testing::transformations::annotated_dependency_graphs: Writing reduced ADG to file
13:31:54 [DEBUG] (1) nemo_metamorphic_testing::transformations::annotated_dependency_graphs:   Ancestry and Inverse Stratum update complete.
13:31:54 [DEBUG] (1) nemo_metamorphic_testing::transformations::annotated_dependency_graphs:   Updating Ancestry and Inverse Stratum beginning in relational node success
13:31:54 [DEBUG] (1) nemo_metamorphic_testing::transformations::annotated_dependency_graphs: Writing ADG restricted to Incoming from success
13:31:54 [DEBUG] (1) nemo_metamorphic_testing::transformations::annotated_dependency_graphs: Writing reduced ADG to file
13:31:54 [DEBUG] (1) nemo_metamorphic_testing::transformations::annotated_dependency_graphs:   Ancestry and Inverse Stratum update complete.
13:31:54 [DEBUG] (1) nemo_metamorphic_testing::transformations::annotated_dependency_graphs:   Updating Ancestry and Inverse Stratum beginning in relational node validC
13:31:54 [DEBUG] (1) nemo_metamorphic_testing::transformations::annotated_dependency_graphs: Writing ADG restricted to Incoming from validC
13:31:54 [DEBUG] (1) nemo_metamorphic_testing::transformations::annotated_dependency_graphs: Writing reduced ADG to file
13:31:54 [DEBUG] (1) nemo_metamorphic_testing::transformations::annotated_dependency_graphs:   Ancestry and Inverse Stratum update complete.
13:31:54 [DEBUG] (1) nemo_metamorphic_testing::transformations::annotated_dependency_graphs:   Updating Ancestry and Inverse Stratum beginning in relational node validC
13:31:54 [DEBUG] (1) nemo_metamorphic_testing::transformations::annotated_dependency_graphs: Writing ADG restricted to Incoming from validC
13:31:54 [DEBUG] (1) nemo_metamorphic_testing::transformations::annotated_dependency_graphs: Writing reduced ADG to file
13:31:54 [DEBUG] (1) nemo_metamorphic_testing::transformations::annotated_dependency_graphs:   Ancestry and Inverse Stratum update complete.
13:31:54 [DEBUG] (1) nemo_metamorphic_testing::transformations::annotated_dependency_graphs:   Updating Ancestry and Inverse Stratum beginning in relational node validC
13:31:54 [DEBUG] (1) nemo_metamorphic_testing::transformations::annotated_dependency_graphs: Writing ADG restricted to Incoming from validC
13:31:54 [DEBUG] (1) nemo_metamorphic_testing::transformations::annotated_dependency_graphs: Writing reduced ADG to file
13:31:54 [DEBUG] (1) nemo_metamorphic_testing::transformations::annotated_dependency_graphs:   Ancestry and Inverse Stratum update complete.
13:31:54 [DEBUG] (1) nemo_metamorphic_testing::transformations::annotated_dependency_graphs:   Updating Ancestry and Inverse Stratum beginning in relational node validC
13:31:54 [DEBUG] (1) nemo_metamorphic_testing::transformations::annotated_dependency_graphs: Writing ADG restricted to Incoming from validC
13:31:54 [DEBUG] (1) nemo_metamorphic_testing::transformations::annotated_dependency_graphs: Writing reduced ADG to file
13:31:54 [DEBUG] (1) nemo_metamorphic_testing::transformations::annotated_dependency_graphs:   Ancestry and Inverse Stratum update complete.
13:31:54 [DEBUG] (1) nemo_metamorphic_testing::transformations::annotated_dependency_graphs:   Updating Ancestry and Inverse Stratum beginning in relational node canChangeAt
13:31:54 [DEBUG] (1) nemo_metamorphic_testing::transformations::annotated_dependency_graphs: Writing ADG restricted to Incoming from canChangeAt
13:31:54 [DEBUG] (1) nemo_metamorphic_testing::transformations::annotated_dependency_graphs: Writing reduced ADG to file
13:31:54 [DEBUG] (1) nemo_metamorphic_testing::transformations::annotated_dependency_graphs:   Ancestry and Inverse Stratum update complete.
13:31:54 [DEBUG] (1) nemo_metamorphic_testing::transformations::annotated_dependency_graphs: Verifying ADG
13:31:54 [DEBUG] (1) nemo_metamorphic_testing::transformations::annotated_dependency_graphs: Writing ADG to file
13:31:54 [DEBUG] (1) nemo_metamorphic_testing::transformations::annotated_dependency_graphs: Writing reduced ADG to file
13:31:54 [DEBUG] (1) nemo_metamorphic_testing: ADG edge verification succeeded
13:31:54 [DEBUG] (1) nemo_metamorphic_testing: RNG position: 266
13:31:54 [INFO] 15 / 32
13:31:54 [INFO]   I Add Relational Node
13:31:54 [INFO]   Added new relation R_4
13:31:54 [DEBUG] (1) nemo_metamorphic_testing::transformations::annotated_dependency_graphs: Verifying ADG
13:31:54 [DEBUG] (1) nemo_metamorphic_testing::transformations::annotated_dependency_graphs: Writing ADG to file
13:31:54 [DEBUG] (1) nemo_metamorphic_testing::transformations::annotated_dependency_graphs: Writing reduced ADG to file
13:31:54 [DEBUG] (1) nemo_metamorphic_testing: ADG edge verification succeeded
13:31:54 [DEBUG] (1) nemo_metamorphic_testing: RNG position: 268
13:31:54 [INFO] 16 / 32
13:31:54 [INFO]   III Add Relational edges - New Rule
13:31:54 [INFO]   Assigned relation R_4 the artiy 5
13:31:54 [INFO]   Assigned relation R_2 the artiy 1
13:31:54 [DEBUG] (1) nemo_metamorphic_testing::transformations::add_relational_edge_new_rule:   Adding the literal allowedDiff->success) : (r_EXP_4,+,, ?X_1, c_1)
13:31:54 [DEBUG] (1) nemo_metamorphic_testing::transformations::add_relational_edge_new_rule:   Adding the literal seeTVTower->success) : (r_EXP_4,+,, c_1)
13:31:54 [DEBUG] (1) nemo_metamorphic_testing::transformations::add_relational_edge_new_rule:   Adding the literal platformHeight->success) : (r_EXP_4,+,, ?X_1, ?X_1)
13:31:54 [DEBUG] (1) nemo_metamorphic_testing::transformations::add_relational_edge_new_rule:   Adding the literal R_4->success) : (r_EXP_4,+,, c_1, c_1, c_1, ?X_1, c_1)
13:31:54 [DEBUG] (1) nemo_metamorphic_testing::transformations::add_relational_edge_new_rule:   Adding the literal tooLargeGap->success) : (r_EXP_4,+,, ?Y_1)
13:31:54 [DEBUG] (1) nemo_metamorphic_testing::transformations::add_relational_edge_new_rule:   Adding the literal tooLargeGap->success) : (r_EXP_4,+,, ?X_1)
13:31:54 [DEBUG] (1) nemo_metamorphic_testing::transformations::add_relational_edge_new_rule:   Adding the literal R_2->success) : (r_EXP_4,-,, c_1)
13:31:54 [DEBUG] (1) nemo_metamorphic_testing::transformations::add_relational_edge_new_rule:   Adding the literal R_1->success) : (r_EXP_4,-,, ?X_1, c_1)
13:31:54 [DEBUG] (1) nemo_metamorphic_testing::transformations::add_relational_edge_new_rule:   Adding the literal elevator->success) : (r_EXP_4,-,, c_1)
13:31:54 [INFO]   Added new rule of name r_EXP_4
13:31:54 [INFO]   success(?X_1) :- allowedDiff(?X_1, c_1), seeTVTower(c_1), platformHeight(?X_1, ?X_1), R_4(c_1, c_1, c_1, ?X_1, c_1), tooLargeGap(?Y_1), tooLargeGap(?X_1), ~R_2(c_1), ~R_1(?X_1, c_1), ~elevator(c_1) .
13:31:54 [DEBUG] (1) nemo_metamorphic_testing::transformations::annotated_dependency_graphs: Writing ADG to file
13:31:54 [DEBUG] (1) nemo_metamorphic_testing::transformations::annotated_dependency_graphs:   Updating Ancestry and Inverse Stratum beginning in relational node success
13:31:54 [DEBUG] (1) nemo_metamorphic_testing::transformations::annotated_dependency_graphs: Writing ADG restricted to Incoming from success
13:31:54 [DEBUG] (1) nemo_metamorphic_testing::transformations::annotated_dependency_graphs: Writing reduced ADG to file
13:31:54 [DEBUG] (1) nemo_metamorphic_testing::transformations::annotated_dependency_graphs:   Ancestry and Inverse Stratum update complete.
13:31:54 [DEBUG] (1) nemo_metamorphic_testing::transformations::annotated_dependency_graphs: Verifying ADG
13:31:54 [DEBUG] (1) nemo_metamorphic_testing::transformations::annotated_dependency_graphs: Writing ADG to file
13:31:54 [DEBUG] (1) nemo_metamorphic_testing::transformations::annotated_dependency_graphs: Writing reduced ADG to file
13:31:54 [DEBUG] (1) nemo_metamorphic_testing: ADG edge verification succeeded
13:31:54 [DEBUG] (1) nemo_metamorphic_testing: RNG position: 370
13:31:54 [INFO] 17 / 32
13:31:54 [INFO]   III Add Relational edges - New Rule
13:31:54 [INFO]   Assigned relation R_3 the artiy 1
13:31:54 [DEBUG] (1) nemo_metamorphic_testing::transformations::add_relational_edge_new_rule:   Adding the literal R_2->R_3) : (r_EXP_5,+,, 12765566793928973732)
13:31:54 [DEBUG] (1) nemo_metamorphic_testing::transformations::add_relational_edge_new_rule:   Adding the literal canChangeAt->R_3) : (r_EXP_5,+,, 12765566793928973732)
13:31:54 [DEBUG] (1) nemo_metamorphic_testing::transformations::add_relational_edge_new_rule:   Adding the literal platformHeight->R_3) : (r_EXP_5,+,, ?Y_1, 12765566793928973732)
13:31:54 [DEBUG] (1) nemo_metamorphic_testing::transformations::add_relational_edge_new_rule:   Adding the literal R_4->R_3) : (r_EXP_5,+,, ?Y_1, ?Y_1, 12765566793928973732, 12765566793928973732, ?Y_1)
13:31:54 [DEBUG] (1) nemo_metamorphic_testing::transformations::add_relational_edge_new_rule:   Adding the literal choseU->R_3) : (r_EXP_5,+,, ?Y_1, ?Y_1)
13:31:54 [DEBUG] (1) nemo_metamorphic_testing::transformations::add_relational_edge_new_rule:   Adding the literal mustChangeAt->R_3) : (r_EXP_5,+,, ?Y_1)
13:31:54 [INFO]   Added new rule of name r_EXP_5
13:31:54 [INFO]   R_3(12765566793928973732) :- R_2(12765566793928973732), canChangeAt(12765566793928973732), platformHeight(?Y_1, 12765566793928973732), R_4(?Y_1, ?Y_1, 12765566793928973732, 12765566793928973732, ?Y_1), choseU(?Y_1, ?Y_1), mustChangeAt(?Y_1) .
13:31:54 [DEBUG] (1) nemo_metamorphic_testing::transformations::annotated_dependency_graphs: Writing ADG to file
13:31:54 [DEBUG] (1) nemo_metamorphic_testing::transformations::annotated_dependency_graphs:   Updating Ancestry and Inverse Stratum beginning in relational node R_3
13:31:54 [DEBUG] (1) nemo_metamorphic_testing::transformations::annotated_dependency_graphs: Writing ADG restricted to Incoming from R_3
13:31:54 [DEBUG] (1) nemo_metamorphic_testing::transformations::annotated_dependency_graphs: Writing reduced ADG to file
13:31:54 [DEBUG] (1) nemo_metamorphic_testing::transformations::annotated_dependency_graphs:   Ancestry and Inverse Stratum update complete.
13:31:54 [DEBUG] (1) nemo_metamorphic_testing::transformations::annotated_dependency_graphs: Verifying ADG
13:31:54 [DEBUG] (1) nemo_metamorphic_testing::transformations::annotated_dependency_graphs: Writing ADG to file
13:31:54 [DEBUG] (1) nemo_metamorphic_testing::transformations::annotated_dependency_graphs: Writing reduced ADG to file
13:31:54 [DEBUG] (1) nemo_metamorphic_testing: ADG edge verification succeeded
13:31:54 [DEBUG] (1) nemo_metamorphic_testing: RNG position: 469
13:31:54 [INFO] 18 / 32
13:31:54 [DEBUG] (1) nemo_metamorphic_testing::transformations::modify_rule_remove_equality:     Incoming edges by rule name: [r_4 : [choseB, choseU, ]; r_3 : [choseU, choseB, ]; r_2 : [mustChangeAt, validC, validC, ]; r_1 : [canChangeAt, mustChangeAt, validC, validC, ]; ]
13:31:54 [INFO]   VIII Modify Rule - Remove Equality
13:31:54 [DEBUG] (1) nemo_metamorphic_testing::transformations::modify_rule_remove_equality: pos edges by tag: {Tag { origin: File { start: 523, end: 534 }, tag: "canChangeAt" }: [EdgeIndex(8)], Tag { origin: File { start: 506, end: 518 }, tag: "mustChangeAt" }: [EdgeIndex(7)], Tag { origin: File { start: 460, end: 466 }, tag: "validC" }: [EdgeIndex(6), EdgeIndex(5)]}
13:31:54 [DEBUG] (1) nemo_metamorphic_testing::transformations::modify_rule_remove_equality: neg edges by tag: {}
13:31:54 [INFO]   Replaced a random number of var y with var y_new_1 in the rule r_1
13:31:54 [DEBUG] (1) nemo_metamorphic_testing::transformations::modify_rule_remove_equality:   Old Rule: validC(?x, ?z) :- validC(?x, ?y), validC(?y, ?z), mustChangeAt(?y), canChangeAt(?y) .
13:31:54 [DEBUG] (1) nemo_metamorphic_testing::transformations::modify_rule_remove_equality:   New Rule: validC(?x, ?z) :- validC(?x, ?y_new_1), validC(?y, ?z), mustChangeAt(?y_new_1), canChangeAt(?y_new_1) .
13:31:54 [DEBUG] (1) nemo_metamorphic_testing::transformations::annotated_dependency_graphs: Verifying ADG
13:31:54 [DEBUG] (1) nemo_metamorphic_testing::transformations::annotated_dependency_graphs: Writing ADG to file
13:31:54 [DEBUG] (1) nemo_metamorphic_testing::transformations::annotated_dependency_graphs: Writing reduced ADG to file
13:31:54 [DEBUG] (1) nemo_metamorphic_testing: ADG edge verification succeeded
13:31:54 [DEBUG] (1) nemo_metamorphic_testing: RNG position: 476
13:31:54 [INFO] 19 / 32
13:31:54 [INFO]   III Add Relational edges - New Rule
13:31:54 [DEBUG] (1) nemo_metamorphic_testing::transformations::add_relational_edge_new_rule:   Adding the literal mustChangeAt->R_4) : (r_EXP_6,+,, ?X_1)
13:31:54 [DEBUG] (1) nemo_metamorphic_testing::transformations::add_relational_edge_new_rule:   Adding the literal canChangeAt->R_4) : (r_EXP_6,+,, ?X_5)
13:31:54 [DEBUG] (1) nemo_metamorphic_testing::transformations::add_relational_edge_new_rule:   Adding the literal choseB->R_4) : (r_EXP_6,+,, ?X_3, ?X_2)
13:31:54 [DEBUG] (1) nemo_metamorphic_testing::transformations::add_relational_edge_new_rule:   Adding the literal elevator->R_4) : (r_EXP_6,+,, 12765566793928973732)
13:31:54 [INFO]   Added new rule of name r_EXP_6
13:31:54 [INFO]   R_4(?X_1, ?X_5, ?X_3, ?X_2, 12765566793928973732) :- mustChangeAt(?X_1), canChangeAt(?X_5), choseB(?X_3, ?X_2), elevator(12765566793928973732) .
13:31:54 [DEBUG] (1) nemo_metamorphic_testing::transformations::annotated_dependency_graphs: Writing ADG to file
13:31:54 [DEBUG] (1) nemo_metamorphic_testing::transformations::annotated_dependency_graphs:   Updating Ancestry and Inverse Stratum beginning in relational node R_4
13:31:54 [DEBUG] (1) nemo_metamorphic_testing::transformations::annotated_dependency_graphs: Writing ADG restricted to Incoming from R_4
13:31:54 [DEBUG] (1) nemo_metamorphic_testing::transformations::annotated_dependency_graphs: Writing reduced ADG to file
13:31:54 [DEBUG] (1) nemo_metamorphic_testing::transformations::annotated_dependency_graphs:   Ancestry and Inverse Stratum update complete.
13:31:54 [DEBUG] (1) nemo_metamorphic_testing::transformations::annotated_dependency_graphs: Verifying ADG
13:31:54 [DEBUG] (1) nemo_metamorphic_testing::transformations::annotated_dependency_graphs: Writing ADG to file
13:31:54 [DEBUG] (1) nemo_metamorphic_testing::transformations::annotated_dependency_graphs: Writing reduced ADG to file
13:31:54 [DEBUG] (1) nemo_metamorphic_testing: ADG edge verification succeeded
13:31:54 [DEBUG] (1) nemo_metamorphic_testing: RNG position: 555
13:31:54 [INFO] 20 / 32
13:31:54 [DEBUG] (1) nemo_metamorphic_testing::transformations::remove_relational_edges_whole_rule:     Incoming edges by rule name: [r_EXP_5 : [mustChangeAt, choseU, R_4, platformHeight, canChangeAt, R_2, ]; ]
13:31:54 [INFO]   V Remove Relational Edges - Whole Rule
13:31:54 [INFO]   Removing the Rule of the name r_EXP_5
13:31:54 [DEBUG] (1) nemo_metamorphic_testing::transformations::remove_relational_edges_whole_rule:    R_3(12765566793928973732) :- R_2(12765566793928973732), canChangeAt(12765566793928973732), platformHeight(?Y_1, 12765566793928973732), R_4(?Y_1, ?Y_1, 12765566793928973732, 12765566793928973732, ?Y_1), choseU(?Y_1, ?Y_1), mustChangeAt(?Y_1) .
13:31:54 [DEBUG] (1) nemo_metamorphic_testing::transformations::annotated_dependency_graphs:   Updating Ancestry and Inverse Stratum beginning in relational node R_4
13:31:54 [DEBUG] (1) nemo_metamorphic_testing::transformations::annotated_dependency_graphs: Writing ADG restricted to Incoming from R_4
13:31:54 [DEBUG] (1) nemo_metamorphic_testing::transformations::annotated_dependency_graphs: Writing reduced ADG to file
13:31:54 [DEBUG] (1) nemo_metamorphic_testing::transformations::annotated_dependency_graphs:   Ancestry and Inverse Stratum update complete.
13:31:54 [DEBUG] (1) nemo_metamorphic_testing::transformations::annotated_dependency_graphs:   Updating Ancestry and Inverse Stratum beginning in relational node canChangeAt
13:31:54 [DEBUG] (1) nemo_metamorphic_testing::transformations::annotated_dependency_graphs: Writing ADG restricted to Incoming from canChangeAt
13:31:54 [DEBUG] (1) nemo_metamorphic_testing::transformations::annotated_dependency_graphs: Writing reduced ADG to file
13:31:54 [DEBUG] (1) nemo_metamorphic_testing::transformations::annotated_dependency_graphs:   Ancestry and Inverse Stratum update complete.
13:31:54 [DEBUG] (1) nemo_metamorphic_testing::transformations::annotated_dependency_graphs:   Updating Ancestry and Inverse Stratum beginning in relational node validC
13:31:54 [DEBUG] (1) nemo_metamorphic_testing::transformations::annotated_dependency_graphs: Writing ADG restricted to Incoming from validC
13:31:54 [DEBUG] (1) nemo_metamorphic_testing::transformations::annotated_dependency_graphs: Writing reduced ADG to file
13:31:54 [DEBUG] (1) nemo_metamorphic_testing::transformations::annotated_dependency_graphs:   Ancestry and Inverse Stratum update complete.
13:31:54 [DEBUG] (1) nemo_metamorphic_testing::transformations::annotated_dependency_graphs:   Updating Ancestry and Inverse Stratum beginning in relational node validC
13:31:54 [DEBUG] (1) nemo_metamorphic_testing::transformations::annotated_dependency_graphs: Writing ADG restricted to Incoming from validC
13:31:54 [DEBUG] (1) nemo_metamorphic_testing::transformations::annotated_dependency_graphs: Writing reduced ADG to file
13:31:54 [DEBUG] (1) nemo_metamorphic_testing::transformations::annotated_dependency_graphs:   Ancestry and Inverse Stratum update complete.
13:31:54 [DEBUG] (1) nemo_metamorphic_testing::transformations::annotated_dependency_graphs:   Updating Ancestry and Inverse Stratum beginning in relational node elevator
13:31:54 [DEBUG] (1) nemo_metamorphic_testing::transformations::annotated_dependency_graphs: Writing ADG restricted to Incoming from elevator
13:31:54 [DEBUG] (1) nemo_metamorphic_testing::transformations::annotated_dependency_graphs: Writing reduced ADG to file
13:31:54 [DEBUG] (1) nemo_metamorphic_testing::transformations::annotated_dependency_graphs:   Ancestry and Inverse Stratum update complete.
13:31:54 [DEBUG] (1) nemo_metamorphic_testing::transformations::annotated_dependency_graphs:   Updating Ancestry and Inverse Stratum beginning in relational node canChangeAt
13:31:54 [DEBUG] (1) nemo_metamorphic_testing::transformations::annotated_dependency_graphs: Writing ADG restricted to Incoming from canChangeAt
13:31:54 [DEBUG] (1) nemo_metamorphic_testing::transformations::annotated_dependency_graphs: Writing reduced ADG to file
13:31:54 [DEBUG] (1) nemo_metamorphic_testing::transformations::annotated_dependency_graphs:   Ancestry and Inverse Stratum update complete.
13:31:54 [DEBUG] (1) nemo_metamorphic_testing::transformations::annotated_dependency_graphs:   Updating Ancestry and Inverse Stratum beginning in relational node mustChangeAt
13:31:54 [DEBUG] (1) nemo_metamorphic_testing::transformations::annotated_dependency_graphs: Writing ADG restricted to Incoming from mustChangeAt
13:31:54 [DEBUG] (1) nemo_metamorphic_testing::transformations::annotated_dependency_graphs: Writing reduced ADG to file
13:31:54 [DEBUG] (1) nemo_metamorphic_testing::transformations::annotated_dependency_graphs:   Ancestry and Inverse Stratum update complete.
13:31:54 [DEBUG] (1) nemo_metamorphic_testing::transformations::annotated_dependency_graphs:   Updating Ancestry and Inverse Stratum beginning in relational node mustChangeAt
13:31:54 [DEBUG] (1) nemo_metamorphic_testing::transformations::annotated_dependency_graphs: Writing ADG restricted to Incoming from mustChangeAt
13:31:54 [DEBUG] (1) nemo_metamorphic_testing::transformations::annotated_dependency_graphs: Writing reduced ADG to file
13:31:54 [DEBUG] (1) nemo_metamorphic_testing::transformations::annotated_dependency_graphs:   Ancestry and Inverse Stratum update complete.
13:31:54 [DEBUG] (1) nemo_metamorphic_testing::transformations::annotated_dependency_graphs:   Updating Ancestry and Inverse Stratum beginning in relational node validC
13:31:54 [DEBUG] (1) nemo_metamorphic_testing::transformations::annotated_dependency_graphs: Writing ADG restricted to Incoming from validC
13:31:54 [DEBUG] (1) nemo_metamorphic_testing::transformations::annotated_dependency_graphs: Writing reduced ADG to file
13:31:54 [DEBUG] (1) nemo_metamorphic_testing::transformations::annotated_dependency_graphs:   Ancestry and Inverse Stratum update complete.
13:31:54 [DEBUG] (1) nemo_metamorphic_testing::transformations::annotated_dependency_graphs:   Updating Ancestry and Inverse Stratum beginning in relational node validC
13:31:54 [DEBUG] (1) nemo_metamorphic_testing::transformations::annotated_dependency_graphs: Writing ADG restricted to Incoming from validC
13:31:54 [DEBUG] (1) nemo_metamorphic_testing::transformations::annotated_dependency_graphs: Writing reduced ADG to file
13:31:54 [DEBUG] (1) nemo_metamorphic_testing::transformations::annotated_dependency_graphs:   Ancestry and Inverse Stratum update complete.
13:31:54 [DEBUG] (1) nemo_metamorphic_testing::transformations::annotated_dependency_graphs:   Updating Ancestry and Inverse Stratum beginning in relational node R_4
13:31:54 [DEBUG] (1) nemo_metamorphic_testing::transformations::annotated_dependency_graphs: Writing ADG restricted to Incoming from R_4
13:31:54 [DEBUG] (1) nemo_metamorphic_testing::transformations::annotated_dependency_graphs: Writing reduced ADG to file
13:31:54 [DEBUG] (1) nemo_metamorphic_testing::transformations::annotated_dependency_graphs:   Ancestry and Inverse Stratum update complete.
13:31:54 [DEBUG] (1) nemo_metamorphic_testing::transformations::annotated_dependency_graphs:   Updating Ancestry and Inverse Stratum beginning in relational node elevator
13:31:54 [DEBUG] (1) nemo_metamorphic_testing::transformations::annotated_dependency_graphs: Writing ADG restricted to Incoming from elevator
13:31:54 [DEBUG] (1) nemo_metamorphic_testing::transformations::annotated_dependency_graphs: Writing reduced ADG to file
13:31:54 [DEBUG] (1) nemo_metamorphic_testing::transformations::annotated_dependency_graphs:   Ancestry and Inverse Stratum update complete.
13:31:54 [DEBUG] (1) nemo_metamorphic_testing::transformations::annotated_dependency_graphs:   Updating Ancestry and Inverse Stratum beginning in relational node canChangeAt
13:31:54 [DEBUG] (1) nemo_metamorphic_testing::transformations::annotated_dependency_graphs: Writing ADG restricted to Incoming from canChangeAt
13:31:54 [DEBUG] (1) nemo_metamorphic_testing::transformations::annotated_dependency_graphs: Writing reduced ADG to file
13:31:54 [DEBUG] (1) nemo_metamorphic_testing::transformations::annotated_dependency_graphs:   Ancestry and Inverse Stratum update complete.
13:31:54 [DEBUG] (1) nemo_metamorphic_testing::transformations::annotated_dependency_graphs:   Updating Ancestry and Inverse Stratum beginning in relational node seeTVTower
13:31:54 [DEBUG] (1) nemo_metamorphic_testing::transformations::annotated_dependency_graphs: Writing ADG restricted to Incoming from seeTVTower
13:31:54 [DEBUG] (1) nemo_metamorphic_testing::transformations::annotated_dependency_graphs: Writing reduced ADG to file
13:31:54 [DEBUG] (1) nemo_metamorphic_testing::transformations::annotated_dependency_graphs:   Ancestry and Inverse Stratum update complete.
13:31:54 [DEBUG] (1) nemo_metamorphic_testing::transformations::annotated_dependency_graphs:   Updating Ancestry and Inverse Stratum beginning in relational node mustChangeAt
13:31:54 [DEBUG] (1) nemo_metamorphic_testing::transformations::annotated_dependency_graphs: Writing ADG restricted to Incoming from mustChangeAt
13:31:54 [DEBUG] (1) nemo_metamorphic_testing::transformations::annotated_dependency_graphs: Writing reduced ADG to file
13:31:54 [DEBUG] (1) nemo_metamorphic_testing::transformations::annotated_dependency_graphs:   Ancestry and Inverse Stratum update complete.
13:31:54 [DEBUG] (1) nemo_metamorphic_testing::transformations::annotated_dependency_graphs:   Updating Ancestry and Inverse Stratum beginning in relational node mustChangeAt
13:31:54 [DEBUG] (1) nemo_metamorphic_testing::transformations::annotated_dependency_graphs: Writing ADG restricted to Incoming from mustChangeAt
13:31:54 [DEBUG] (1) nemo_metamorphic_testing::transformations::annotated_dependency_graphs: Writing reduced ADG to file
13:31:54 [DEBUG] (1) nemo_metamorphic_testing::transformations::annotated_dependency_graphs:   Ancestry and Inverse Stratum update complete.
13:31:54 [DEBUG] (1) nemo_metamorphic_testing::transformations::annotated_dependency_graphs:   Updating Ancestry and Inverse Stratum beginning in relational node validC
13:31:54 [DEBUG] (1) nemo_metamorphic_testing::transformations::annotated_dependency_graphs: Writing ADG restricted to Incoming from validC
13:31:54 [DEBUG] (1) nemo_metamorphic_testing::transformations::annotated_dependency_graphs: Writing reduced ADG to file
13:31:54 [DEBUG] (1) nemo_metamorphic_testing::transformations::annotated_dependency_graphs:   Ancestry and Inverse Stratum update complete.
13:31:54 [DEBUG] (1) nemo_metamorphic_testing::transformations::annotated_dependency_graphs:   Updating Ancestry and Inverse Stratum beginning in relational node validC
13:31:54 [DEBUG] (1) nemo_metamorphic_testing::transformations::annotated_dependency_graphs: Writing ADG restricted to Incoming from validC
13:31:54 [DEBUG] (1) nemo_metamorphic_testing::transformations::annotated_dependency_graphs: Writing reduced ADG to file
13:31:54 [DEBUG] (1) nemo_metamorphic_testing::transformations::annotated_dependency_graphs:   Ancestry and Inverse Stratum update complete.
13:31:54 [DEBUG] (1) nemo_metamorphic_testing::transformations::annotated_dependency_graphs:   Updating Ancestry and Inverse Stratum beginning in relational node success
13:31:54 [DEBUG] (1) nemo_metamorphic_testing::transformations::annotated_dependency_graphs: Writing ADG restricted to Incoming from success
13:31:54 [DEBUG] (1) nemo_metamorphic_testing::transformations::annotated_dependency_graphs: Writing reduced ADG to file
13:31:54 [DEBUG] (1) nemo_metamorphic_testing::transformations::annotated_dependency_graphs:   Ancestry and Inverse Stratum update complete.
13:31:54 [DEBUG] (1) nemo_metamorphic_testing::transformations::annotated_dependency_graphs:   Updating Ancestry and Inverse Stratum beginning in relational node R_4
13:31:54 [DEBUG] (1) nemo_metamorphic_testing::transformations::annotated_dependency_graphs: Writing ADG restricted to Incoming from R_4
13:31:54 [DEBUG] (1) nemo_metamorphic_testing::transformations::annotated_dependency_graphs: Writing reduced ADG to file
13:31:54 [DEBUG] (1) nemo_metamorphic_testing::transformations::annotated_dependency_graphs:   Ancestry and Inverse Stratum update complete.
13:31:54 [DEBUG] (1) nemo_metamorphic_testing::transformations::annotated_dependency_graphs:   Updating Ancestry and Inverse Stratum beginning in relational node success
13:31:54 [DEBUG] (1) nemo_metamorphic_testing::transformations::annotated_dependency_graphs: Writing ADG restricted to Incoming from success
13:31:54 [DEBUG] (1) nemo_metamorphic_testing::transformations::annotated_dependency_graphs: Writing reduced ADG to file
13:31:54 [DEBUG] (1) nemo_metamorphic_testing::transformations::annotated_dependency_graphs:   Ancestry and Inverse Stratum update complete.
13:31:54 [DEBUG] (1) nemo_metamorphic_testing::transformations::annotated_dependency_graphs:   Updating Ancestry and Inverse Stratum beginning in relational node canChangeAt
13:31:54 [DEBUG] (1) nemo_metamorphic_testing::transformations::annotated_dependency_graphs: Writing ADG restricted to Incoming from canChangeAt
13:31:54 [DEBUG] (1) nemo_metamorphic_testing::transformations::annotated_dependency_graphs: Writing reduced ADG to file
13:31:54 [DEBUG] (1) nemo_metamorphic_testing::transformations::annotated_dependency_graphs:   Ancestry and Inverse Stratum update complete.
13:31:54 [DEBUG] (1) nemo_metamorphic_testing::transformations::annotated_dependency_graphs:   Updating Ancestry and Inverse Stratum beginning in relational node R_4
13:31:54 [DEBUG] (1) nemo_metamorphic_testing::transformations::annotated_dependency_graphs: Writing ADG restricted to Incoming from R_4
13:31:54 [DEBUG] (1) nemo_metamorphic_testing::transformations::annotated_dependency_graphs: Writing reduced ADG to file
13:31:54 [DEBUG] (1) nemo_metamorphic_testing::transformations::annotated_dependency_graphs:   Ancestry and Inverse Stratum update complete.
13:31:54 [DEBUG] (1) nemo_metamorphic_testing::transformations::annotated_dependency_graphs:   Updating Ancestry and Inverse Stratum beginning in relational node validC
13:31:54 [DEBUG] (1) nemo_metamorphic_testing::transformations::annotated_dependency_graphs: Writing ADG restricted to Incoming from validC
13:31:54 [DEBUG] (1) nemo_metamorphic_testing::transformations::annotated_dependency_graphs: Writing reduced ADG to file
13:31:54 [DEBUG] (1) nemo_metamorphic_testing::transformations::annotated_dependency_graphs:   Ancestry and Inverse Stratum update complete.
13:31:54 [DEBUG] (1) nemo_metamorphic_testing::transformations::annotated_dependency_graphs:   Updating Ancestry and Inverse Stratum beginning in relational node success
13:31:54 [DEBUG] (1) nemo_metamorphic_testing::transformations::annotated_dependency_graphs: Writing ADG restricted to Incoming from success
13:31:54 [DEBUG] (1) nemo_metamorphic_testing::transformations::annotated_dependency_graphs: Writing reduced ADG to file
13:31:54 [DEBUG] (1) nemo_metamorphic_testing::transformations::annotated_dependency_graphs:   Ancestry and Inverse Stratum update complete.
13:31:54 [DEBUG] (1) nemo_metamorphic_testing::transformations::annotated_dependency_graphs:   Updating Ancestry and Inverse Stratum beginning in relational node canChangeAt
13:31:54 [DEBUG] (1) nemo_metamorphic_testing::transformations::annotated_dependency_graphs: Writing ADG restricted to Incoming from canChangeAt
13:31:54 [DEBUG] (1) nemo_metamorphic_testing::transformations::annotated_dependency_graphs: Writing reduced ADG to file
13:31:54 [DEBUG] (1) nemo_metamorphic_testing::transformations::annotated_dependency_graphs:   Ancestry and Inverse Stratum update complete.
13:31:54 [DEBUG] (1) nemo_metamorphic_testing::transformations::annotated_dependency_graphs:   Updating Ancestry and Inverse Stratum beginning in relational node canChangeAt
13:31:54 [DEBUG] (1) nemo_metamorphic_testing::transformations::annotated_dependency_graphs: Writing ADG restricted to Incoming from canChangeAt
13:31:54 [DEBUG] (1) nemo_metamorphic_testing::transformations::annotated_dependency_graphs: Writing reduced ADG to file
13:31:54 [DEBUG] (1) nemo_metamorphic_testing::transformations::annotated_dependency_graphs:   Ancestry and Inverse Stratum update complete.
13:31:54 [DEBUG] (1) nemo_metamorphic_testing::transformations::annotated_dependency_graphs:   Updating Ancestry and Inverse Stratum beginning in relational node success
13:31:54 [DEBUG] (1) nemo_metamorphic_testing::transformations::annotated_dependency_graphs: Writing ADG restricted to Incoming from success
13:31:54 [DEBUG] (1) nemo_metamorphic_testing::transformations::annotated_dependency_graphs: Writing reduced ADG to file
13:31:54 [DEBUG] (1) nemo_metamorphic_testing::transformations::annotated_dependency_graphs:   Ancestry and Inverse Stratum update complete.
13:31:54 [DEBUG] (1) nemo_metamorphic_testing::transformations::annotated_dependency_graphs:   Updating Ancestry and Inverse Stratum beginning in relational node canChangeAt
13:31:54 [DEBUG] (1) nemo_metamorphic_testing::transformations::annotated_dependency_graphs: Writing ADG restricted to Incoming from canChangeAt
13:31:54 [DEBUG] (1) nemo_metamorphic_testing::transformations::annotated_dependency_graphs: Writing reduced ADG to file
13:31:54 [DEBUG] (1) nemo_metamorphic_testing::transformations::annotated_dependency_graphs:   Ancestry and Inverse Stratum update complete.
13:31:54 [DEBUG] (1) nemo_metamorphic_testing::transformations::annotated_dependency_graphs:   Updating Ancestry and Inverse Stratum beginning in relational node success
13:31:54 [DEBUG] (1) nemo_metamorphic_testing::transformations::annotated_dependency_graphs: Writing ADG restricted to Incoming from success
13:31:54 [DEBUG] (1) nemo_metamorphic_testing::transformations::annotated_dependency_graphs: Writing reduced ADG to file
13:31:54 [DEBUG] (1) nemo_metamorphic_testing::transformations::annotated_dependency_graphs:   Ancestry and Inverse Stratum update complete.
13:31:54 [DEBUG] (1) nemo_metamorphic_testing::transformations::annotated_dependency_graphs:   Updating Ancestry and Inverse Stratum beginning in relational node canChangeAt
13:31:54 [DEBUG] (1) nemo_metamorphic_testing::transformations::annotated_dependency_graphs: Writing ADG restricted to Incoming from canChangeAt
13:31:54 [DEBUG] (1) nemo_metamorphic_testing::transformations::annotated_dependency_graphs: Writing reduced ADG to file
13:31:54 [DEBUG] (1) nemo_metamorphic_testing::transformations::annotated_dependency_graphs:   Ancestry and Inverse Stratum update complete.
13:31:54 [DEBUG] (1) nemo_metamorphic_testing::transformations::annotated_dependency_graphs:   Updating Ancestry and Inverse Stratum beginning in relational node canChangeAt
13:31:54 [DEBUG] (1) nemo_metamorphic_testing::transformations::annotated_dependency_graphs: Writing ADG restricted to Incoming from canChangeAt
13:31:54 [DEBUG] (1) nemo_metamorphic_testing::transformations::annotated_dependency_graphs: Writing reduced ADG to file
13:31:54 [DEBUG] (1) nemo_metamorphic_testing::transformations::annotated_dependency_graphs:   Ancestry and Inverse Stratum update complete.
13:31:54 [DEBUG] (1) nemo_metamorphic_testing::transformations::annotated_dependency_graphs:   Updating Ancestry and Inverse Stratum beginning in relational node success
13:31:54 [DEBUG] (1) nemo_metamorphic_testing::transformations::annotated_dependency_graphs: Writing ADG restricted to Incoming from success
13:31:54 [DEBUG] (1) nemo_metamorphic_testing::transformations::annotated_dependency_graphs: Writing reduced ADG to file
13:31:54 [DEBUG] (1) nemo_metamorphic_testing::transformations::annotated_dependency_graphs:   Ancestry and Inverse Stratum update complete.
13:31:54 [DEBUG] (1) nemo_metamorphic_testing::transformations::annotated_dependency_graphs:   Updating Ancestry and Inverse Stratum beginning in relational node success
13:31:54 [DEBUG] (1) nemo_metamorphic_testing::transformations::annotated_dependency_graphs: Writing ADG restricted to Incoming from success
13:31:54 [DEBUG] (1) nemo_metamorphic_testing::transformations::annotated_dependency_graphs: Writing reduced ADG to file
13:31:54 [DEBUG] (1) nemo_metamorphic_testing::transformations::annotated_dependency_graphs:   Ancestry and Inverse Stratum update complete.
13:31:54 [DEBUG] (1) nemo_metamorphic_testing::transformations::annotated_dependency_graphs:   Updating Ancestry and Inverse Stratum beginning in relational node canChangeAt
13:31:54 [DEBUG] (1) nemo_metamorphic_testing::transformations::annotated_dependency_graphs: Writing ADG restricted to Incoming from canChangeAt
13:31:54 [DEBUG] (1) nemo_metamorphic_testing::transformations::annotated_dependency_graphs: Writing reduced ADG to file
13:31:54 [DEBUG] (1) nemo_metamorphic_testing::transformations::annotated_dependency_graphs:   Ancestry and Inverse Stratum update complete.
13:31:54 [DEBUG] (1) nemo_metamorphic_testing::transformations::annotated_dependency_graphs:   Updating Ancestry and Inverse Stratum beginning in relational node canChangeAt
13:31:54 [DEBUG] (1) nemo_metamorphic_testing::transformations::annotated_dependency_graphs: Writing ADG restricted to Incoming from canChangeAt
13:31:54 [DEBUG] (1) nemo_metamorphic_testing::transformations::annotated_dependency_graphs: Writing reduced ADG to file
13:31:54 [DEBUG] (1) nemo_metamorphic_testing::transformations::annotated_dependency_graphs:   Ancestry and Inverse Stratum update complete.
13:31:54 [DEBUG] (1) nemo_metamorphic_testing::transformations::annotated_dependency_graphs:   Updating Ancestry and Inverse Stratum beginning in relational node canChangeAt
13:31:54 [DEBUG] (1) nemo_metamorphic_testing::transformations::annotated_dependency_graphs: Writing ADG restricted to Incoming from canChangeAt
13:31:54 [DEBUG] (1) nemo_metamorphic_testing::transformations::annotated_dependency_graphs: Writing reduced ADG to file
13:31:54 [DEBUG] (1) nemo_metamorphic_testing::transformations::annotated_dependency_graphs:   Ancestry and Inverse Stratum update complete.
13:31:54 [DEBUG] (1) nemo_metamorphic_testing::transformations::annotated_dependency_graphs:   Updating Ancestry and Inverse Stratum beginning in relational node success
13:31:54 [DEBUG] (1) nemo_metamorphic_testing::transformations::annotated_dependency_graphs: Writing ADG restricted to Incoming from success
13:31:54 [DEBUG] (1) nemo_metamorphic_testing::transformations::annotated_dependency_graphs: Writing reduced ADG to file
13:31:54 [DEBUG] (1) nemo_metamorphic_testing::transformations::annotated_dependency_graphs:   Ancestry and Inverse Stratum update complete.
13:31:54 [DEBUG] (1) nemo_metamorphic_testing::transformations::annotated_dependency_graphs:   Updating Ancestry and Inverse Stratum beginning in relational node validC
13:31:54 [DEBUG] (1) nemo_metamorphic_testing::transformations::annotated_dependency_graphs: Writing ADG restricted to Incoming from validC
13:31:54 [DEBUG] (1) nemo_metamorphic_testing::transformations::annotated_dependency_graphs: Writing reduced ADG to file
13:31:54 [DEBUG] (1) nemo_metamorphic_testing::transformations::annotated_dependency_graphs:   Ancestry and Inverse Stratum update complete.
13:31:54 [DEBUG] (1) nemo_metamorphic_testing::transformations::annotated_dependency_graphs:   Updating Ancestry and Inverse Stratum beginning in relational node validC
13:31:54 [DEBUG] (1) nemo_metamorphic_testing::transformations::annotated_dependency_graphs: Writing ADG restricted to Incoming from validC
13:31:54 [DEBUG] (1) nemo_metamorphic_testing::transformations::annotated_dependency_graphs: Writing reduced ADG to file
13:31:54 [DEBUG] (1) nemo_metamorphic_testing::transformations::annotated_dependency_graphs:   Ancestry and Inverse Stratum update complete.
13:31:54 [DEBUG] (1) nemo_metamorphic_testing::transformations::annotated_dependency_graphs:   Updating Ancestry and Inverse Stratum beginning in relational node validC
13:31:54 [DEBUG] (1) nemo_metamorphic_testing::transformations::annotated_dependency_graphs: Writing ADG restricted to Incoming from validC
13:31:54 [DEBUG] (1) nemo_metamorphic_testing::transformations::annotated_dependency_graphs: Writing reduced ADG to file
13:31:54 [DEBUG] (1) nemo_metamorphic_testing::transformations::annotated_dependency_graphs:   Ancestry and Inverse Stratum update complete.
13:31:54 [DEBUG] (1) nemo_metamorphic_testing::transformations::annotated_dependency_graphs:   Updating Ancestry and Inverse Stratum beginning in relational node validC
13:31:54 [DEBUG] (1) nemo_metamorphic_testing::transformations::annotated_dependency_graphs: Writing ADG restricted to Incoming from validC
13:31:54 [DEBUG] (1) nemo_metamorphic_testing::transformations::annotated_dependency_graphs: Writing reduced ADG to file
13:31:54 [DEBUG] (1) nemo_metamorphic_testing::transformations::annotated_dependency_graphs:   Ancestry and Inverse Stratum update complete.
13:31:54 [DEBUG] (1) nemo_metamorphic_testing::transformations::annotated_dependency_graphs:   Updating Ancestry and Inverse Stratum beginning in relational node success
13:31:54 [DEBUG] (1) nemo_metamorphic_testing::transformations::annotated_dependency_graphs: Writing ADG restricted to Incoming from success
13:31:54 [DEBUG] (1) nemo_metamorphic_testing::transformations::annotated_dependency_graphs: Writing reduced ADG to file
13:31:54 [DEBUG] (1) nemo_metamorphic_testing::transformations::annotated_dependency_graphs:   Ancestry and Inverse Stratum update complete.
13:31:54 [DEBUG] (1) nemo_metamorphic_testing::transformations::annotated_dependency_graphs: Verifying ADG
13:31:54 [DEBUG] (1) nemo_metamorphic_testing::transformations::annotated_dependency_graphs: Writing ADG to file
13:31:54 [DEBUG] (1) nemo_metamorphic_testing::transformations::annotated_dependency_graphs: Writing reduced ADG to file
13:31:54 [DEBUG] (1) nemo_metamorphic_testing: ADG edge verification succeeded
13:31:54 [DEBUG] (1) nemo_metamorphic_testing: RNG position: 556
13:31:54 [INFO] 21 / 32
13:31:54 [INFO]   II Add Fact Node and Edge
13:31:54 [INFO]   Added new fact canChangeAt("kottbusser_tor").
13:31:54 [DEBUG] (1) nemo_metamorphic_testing::transformations::annotated_dependency_graphs: Verifying ADG
13:31:54 [DEBUG] (1) nemo_metamorphic_testing::transformations::annotated_dependency_graphs: Writing ADG to file
13:31:54 [DEBUG] (1) nemo_metamorphic_testing::transformations::annotated_dependency_graphs: Writing reduced ADG to file
13:31:54 [DEBUG] (1) nemo_metamorphic_testing: ADG edge verification succeeded
13:31:54 [DEBUG] (1) nemo_metamorphic_testing: RNG position: 562
13:31:54 [INFO] 22 / 32
13:31:54 [INFO]   II Add Fact Node and Edge
13:31:54 [INFO]   Added new fact allowedDiff("kottbusser_tor", "alexanderplatz").
13:31:54 [DEBUG] (1) nemo_metamorphic_testing::transformations::annotated_dependency_graphs: Verifying ADG
13:31:54 [DEBUG] (1) nemo_metamorphic_testing::transformations::annotated_dependency_graphs: Writing ADG to file
13:31:54 [DEBUG] (1) nemo_metamorphic_testing::transformations::annotated_dependency_graphs: Writing reduced ADG to file
13:31:54 [DEBUG] (1) nemo_metamorphic_testing: ADG edge verification succeeded
13:31:54 [DEBUG] (1) nemo_metamorphic_testing: RNG position: 570
13:31:54 [INFO] 23 / 32
13:31:54 [INFO]   I Add Relational Node
13:31:54 [INFO]   Added new relation R_5
13:31:54 [DEBUG] (1) nemo_metamorphic_testing::transformations::annotated_dependency_graphs: Verifying ADG
13:31:54 [DEBUG] (1) nemo_metamorphic_testing::transformations::annotated_dependency_graphs: Writing ADG to file
13:31:54 [DEBUG] (1) nemo_metamorphic_testing::transformations::annotated_dependency_graphs: Writing reduced ADG to file
13:31:54 [DEBUG] (1) nemo_metamorphic_testing: ADG edge verification succeeded
13:31:54 [DEBUG] (1) nemo_metamorphic_testing: RNG position: 571
13:31:54 [INFO] 24 / 32
13:31:54 [INFO]   III Add Relational edges - New Rule
13:31:54 [INFO]   Assigned relation R_5 the artiy 5
13:31:54 [DEBUG] (1) nemo_metamorphic_testing::transformations::add_relational_edge_new_rule:   Adding the literal allowedDiff->allowedDiff) : (r_EXP_7,+,, ?X_1, ?X_2)
13:31:54 [DEBUG] (1) nemo_metamorphic_testing::transformations::add_relational_edge_new_rule:   Adding the literal choseU->allowedDiff) : (r_EXP_7,-,, ?X_1, ?X_1)
13:31:54 [DEBUG] (1) nemo_metamorphic_testing::transformations::add_relational_edge_new_rule:   Adding the literal mustChangeAt->allowedDiff) : (r_EXP_7,-,, ?X_1)
13:31:54 [DEBUG] (1) nemo_metamorphic_testing::transformations::add_relational_edge_new_rule:   Adding the literal R_5->allowedDiff) : (r_EXP_7,-,, "jungfernheide", "jungfernheide", ?X_1, ?X_1, "jungfernheide")
13:31:54 [DEBUG] (1) nemo_metamorphic_testing::transformations::add_relational_edge_new_rule:   Adding the literal R_2->allowedDiff) : (r_EXP_7,-,, ?X_1)
13:31:54 [INFO]   Added new rule of name r_EXP_7
13:31:54 [INFO]   allowedDiff(?X_1, ?X_2) :- allowedDiff(?X_1, ?X_2), ~choseU(?X_1, ?X_1), ~mustChangeAt(?X_1), ~R_5("jungfernheide", "jungfernheide", ?X_1, ?X_1, "jungfernheide"), ~R_2(?X_1) .
13:31:54 [DEBUG] (1) nemo_metamorphic_testing::transformations::annotated_dependency_graphs: Writing ADG to file
13:31:54 [DEBUG] (1) nemo_metamorphic_testing::transformations::annotated_dependency_graphs:   Updating Ancestry and Inverse Stratum beginning in relational node allowedDiff
13:31:54 [DEBUG] (1) nemo_metamorphic_testing::transformations::annotated_dependency_graphs: Writing ADG restricted to Incoming from allowedDiff
13:31:54 [DEBUG] (1) nemo_metamorphic_testing::transformations::annotated_dependency_graphs: Writing reduced ADG to file
13:31:54 [DEBUG] (1) nemo_metamorphic_testing::transformations::annotated_dependency_graphs:   Ancestry and Inverse Stratum update complete.
13:31:54 [DEBUG] (1) nemo_metamorphic_testing::transformations::annotated_dependency_graphs: Verifying ADG
13:31:54 [DEBUG] (1) nemo_metamorphic_testing::transformations::annotated_dependency_graphs: Writing ADG to file
13:31:54 [DEBUG] (1) nemo_metamorphic_testing::transformations::annotated_dependency_graphs: Writing reduced ADG to file
13:31:54 [DEBUG] (1) nemo_metamorphic_testing: ADG edge verification succeeded
13:31:54 [DEBUG] (1) nemo_metamorphic_testing: RNG position: 662
13:31:54 [INFO] 25 / 32
13:31:54 [INFO]   II Add Fact Node and Edge
13:31:54 [INFO]   Added new fact R_4("str_1", "alexanderplatz", "jungfernheide", c_2, 12765566793928973732).
13:31:54 [DEBUG] (1) nemo_metamorphic_testing::transformations::annotated_dependency_graphs: Verifying ADG
13:31:54 [DEBUG] (1) nemo_metamorphic_testing::transformations::annotated_dependency_graphs: Writing ADG to file
13:31:54 [DEBUG] (1) nemo_metamorphic_testing::transformations::annotated_dependency_graphs: Writing reduced ADG to file
13:31:54 [DEBUG] (1) nemo_metamorphic_testing: ADG edge verification succeeded
13:31:54 [DEBUG] (1) nemo_metamorphic_testing: RNG position: 683
13:31:54 [INFO] 26 / 32
13:31:54 [INFO]   III Add Relational edges - New Rule
13:31:54 [INFO]   Assigned relation R_3 the artiy 5
13:31:54 [DEBUG] (1) nemo_metamorphic_testing::transformations::add_relational_edge_new_rule:   Adding the literal validC->success) : (r_EXP_8,+,, c_2, ?X_1)
13:31:54 [DEBUG] (1) nemo_metamorphic_testing::transformations::add_relational_edge_new_rule:   Adding the literal platformHeight->success) : (r_EXP_8,+,, c_2, ?X_1)
13:31:54 [DEBUG] (1) nemo_metamorphic_testing::transformations::add_relational_edge_new_rule:   Adding the literal mustChangeAt->success) : (r_EXP_8,+,, ?X_1)
13:31:54 [DEBUG] (1) nemo_metamorphic_testing::transformations::add_relational_edge_new_rule:   Adding the literal success->success) : (r_EXP_8,+,, ?Y_1)
13:31:54 [DEBUG] (1) nemo_metamorphic_testing::transformations::add_relational_edge_new_rule:   Adding the literal R_3->success) : (r_EXP_8,+,, ?X_1, ?X_1, ?Y_1, ?Y_1, ?Y_1)
13:31:54 [DEBUG] (1) nemo_metamorphic_testing::transformations::add_relational_edge_new_rule:   Adding the literal R_4->success) : (r_EXP_8,-,, ?X_1, ?X_1, ?Y_1, ?X_1, c_2)
13:31:54 [DEBUG] (1) nemo_metamorphic_testing::transformations::add_relational_edge_new_rule:   Adding the literal seeTVTower->success) : (r_EXP_8,-,, ?X_1)
13:31:54 [DEBUG] (1) nemo_metamorphic_testing::transformations::add_relational_edge_new_rule:   Adding the literal R_2->success) : (r_EXP_8,-,, ?X_1)
13:31:54 [DEBUG] (1) nemo_metamorphic_testing::transformations::add_relational_edge_new_rule:   Adding the literal choseU->success) : (r_EXP_8,-,, ?Y_1, ?Y_1)
13:31:54 [INFO]   Added new rule of name r_EXP_8
13:31:54 [INFO]   success(?X_1) :- validC(c_2, ?X_1), platformHeight(c_2, ?X_1), mustChangeAt(?X_1), success(?Y_1), R_3(?X_1, ?X_1, ?Y_1, ?Y_1, ?Y_1), ~R_4(?X_1, ?X_1, ?Y_1, ?X_1, c_2), ~seeTVTower(?X_1), ~R_2(?X_1), ~choseU(?Y_1, ?Y_1) .
13:31:54 [DEBUG] (1) nemo_metamorphic_testing::transformations::annotated_dependency_graphs: Writing ADG to file
13:31:54 [DEBUG] (1) nemo_metamorphic_testing::transformations::annotated_dependency_graphs:   Updating Ancestry and Inverse Stratum beginning in relational node success
13:31:54 [DEBUG] (1) nemo_metamorphic_testing::transformations::annotated_dependency_graphs: Writing ADG restricted to Incoming from success
13:31:54 [DEBUG] (1) nemo_metamorphic_testing::transformations::annotated_dependency_graphs: Writing reduced ADG to file
13:31:54 [DEBUG] (1) nemo_metamorphic_testing::transformations::annotated_dependency_graphs:   Ancestry and Inverse Stratum update complete.
13:31:54 [DEBUG] (1) nemo_metamorphic_testing::transformations::annotated_dependency_graphs: Verifying ADG
13:31:54 [DEBUG] (1) nemo_metamorphic_testing::transformations::annotated_dependency_graphs: Writing ADG to file
13:31:54 [DEBUG] (1) nemo_metamorphic_testing::transformations::annotated_dependency_graphs: Writing reduced ADG to file
13:31:54 [DEBUG] (1) nemo_metamorphic_testing: ADG edge verification succeeded
13:31:54 [DEBUG] (1) nemo_metamorphic_testing: RNG position: 797
13:31:54 [INFO] 27 / 32
13:31:54 [INFO]   I Add Relational Node
13:31:54 [INFO]   Added new relation R_6
13:31:54 [DEBUG] (1) nemo_metamorphic_testing::transformations::annotated_dependency_graphs: Verifying ADG
13:31:54 [DEBUG] (1) nemo_metamorphic_testing::transformations::annotated_dependency_graphs: Writing ADG to file
13:31:54 [DEBUG] (1) nemo_metamorphic_testing::transformations::annotated_dependency_graphs: Writing reduced ADG to file
13:31:54 [DEBUG] (1) nemo_metamorphic_testing: ADG edge verification succeeded
13:31:54 [DEBUG] (1) nemo_metamorphic_testing: RNG position: 798
13:31:54 [INFO] 28 / 32
13:31:54 [INFO]   II Add Fact Node and Edge
13:31:54 [INFO]   Added new fact R_3("alexanderplatz", trainHeight, c_1, c_1, c_3).
13:31:54 [DEBUG] (1) nemo_metamorphic_testing::transformations::annotated_dependency_graphs: Verifying ADG
13:31:54 [DEBUG] (1) nemo_metamorphic_testing::transformations::annotated_dependency_graphs: Writing ADG to file
13:31:54 [DEBUG] (1) nemo_metamorphic_testing::transformations::annotated_dependency_graphs: Writing reduced ADG to file
13:31:54 [DEBUG] (1) nemo_metamorphic_testing: ADG edge verification succeeded
13:31:54 [DEBUG] (1) nemo_metamorphic_testing: RNG position: 818
13:31:54 [INFO] 29 / 32
13:31:54 [INFO]   II Add Fact Node and Edge
13:31:54 [INFO]   Added new fact allowedDiff("jungfernheide", "str_1").
13:31:54 [DEBUG] (1) nemo_metamorphic_testing::transformations::annotated_dependency_graphs: Verifying ADG
13:31:54 [DEBUG] (1) nemo_metamorphic_testing::transformations::annotated_dependency_graphs: Writing ADG to file
13:31:54 [DEBUG] (1) nemo_metamorphic_testing::transformations::annotated_dependency_graphs: Writing reduced ADG to file
13:31:54 [DEBUG] (1) nemo_metamorphic_testing: ADG edge verification succeeded
13:31:54 [DEBUG] (1) nemo_metamorphic_testing: RNG position: 826
13:31:54 [INFO] 30 / 32
13:31:54 [INFO]   I Add Relational Node
13:31:54 [INFO]   Added new relation R_7
13:31:54 [DEBUG] (1) nemo_metamorphic_testing::transformations::annotated_dependency_graphs: Verifying ADG
13:31:54 [DEBUG] (1) nemo_metamorphic_testing::transformations::annotated_dependency_graphs: Writing ADG to file
13:31:54 [DEBUG] (1) nemo_metamorphic_testing::transformations::annotated_dependency_graphs: Writing reduced ADG to file
13:31:54 [DEBUG] (1) nemo_metamorphic_testing: ADG edge verification succeeded
13:31:54 [DEBUG] (1) nemo_metamorphic_testing: RNG position: 827
13:31:54 [INFO] 31 / 32
13:31:54 [DEBUG] (1) nemo_metamorphic_testing::transformations::remove_relational_edge_single_literal:     Incoming edges by rule name: [r_EXP_7 : [R_2, R_5, mustChangeAt, choseU, allowedDiff, ]; ]
13:31:54 [DEBUG] (1) nemo_metamorphic_testing::transformations::remove_relational_edge_single_literal: Zip {
    a: Cloned {
        it: Iter(
            [
                EdgeIndex(57),
                EdgeIndex(52),
                EdgeIndex(51),
                EdgeIndex(50),
                EdgeIndex(49),
            ],
        ),
    },
    b: IntoIter(
        [
            (r_EXP_7, -, (?X_1, )),
            (r_EXP_7, -, ("jungfernheide", "jungfernheide", ?X_1, ?X_1, "jungfernheide", )),
            (r_EXP_7, -, (?X_1, )),
            (r_EXP_7, -, (?X_1, ?X_1, )),
            (r_EXP_7, +, (?X_1, ?X_2, )),
        ],
    ),
}
13:31:54 [DEBUG] (1) nemo_metamorphic_testing::transformations::remove_relational_edge_single_literal:     Incoming edges by rule name: [r_EXP_8 : [choseU, R_2, seeTVTower, R_4, R_3, success, mustChangeAt, platformHeight, validC, ]; r_EXP_4 : [elevator, R_1, R_2, tooLargeGap, tooLargeGap, R_4, platformHeight, seeTVTower, allowedDiff, ]; ]
13:31:54 [DEBUG] (1) nemo_metamorphic_testing::transformations::remove_relational_edge_single_literal: Zip {
    a: Cloned {
        it: Iter(
            [
                EdgeIndex(46),
                EdgeIndex(45),
                EdgeIndex(44),
                EdgeIndex(43),
                EdgeIndex(42),
                EdgeIndex(38),
                EdgeIndex(37),
                EdgeIndex(36),
                EdgeIndex(35),
            ],
        ),
    },
    b: IntoIter(
        [
            (r_EXP_4, -, (c_1, )),
            (r_EXP_4, -, (?X_1, c_1, )),
            (r_EXP_4, -, (c_1, )),
            (r_EXP_4, +, (?X_1, )),
            (r_EXP_4, +, (?Y_1, )),
            (r_EXP_4, +, (c_1, c_1, c_1, ?X_1, c_1, )),
            (r_EXP_4, +, (?X_1, ?X_1, )),
            (r_EXP_4, +, (c_1, )),
            (r_EXP_4, +, (?X_1, c_1, )),
        ],
    ),
}
13:31:54 [INFO]   VI Remove Relational Edge - Single Literal
13:31:54 [INFO]   Found the rule of the name r_EXP_4
13:31:54 [DEBUG] (1) nemo_metamorphic_testing::transformations::remove_relational_edge_single_literal:    Old rule:   success(?X_1) :- allowedDiff(?X_1, c_1), seeTVTower(c_1), platformHeight(?X_1, ?X_1), R_4(c_1, c_1, c_1, ?X_1, c_1), tooLargeGap(?Y_1), tooLargeGap(?X_1), ~R_2(c_1), ~R_1(?X_1, c_1), ~elevator(c_1) .
13:31:54 [INFO]   Removed relational edge NodeIndex(4): (elevator -> success)
13:31:54 [DEBUG] (1) nemo_metamorphic_testing::transformations::annotated_dependency_graphs:   Updating Ancestry and Inverse Stratum beginning in relational node R_4
13:31:54 [DEBUG] (1) nemo_metamorphic_testing::transformations::annotated_dependency_graphs: Writing ADG restricted to Incoming from R_4
13:31:54 [DEBUG] (1) nemo_metamorphic_testing::transformations::annotated_dependency_graphs: Writing reduced ADG to file
13:31:54 [DEBUG] (1) nemo_metamorphic_testing::transformations::annotated_dependency_graphs:   Ancestry and Inverse Stratum update complete.
13:31:54 [DEBUG] (1) nemo_metamorphic_testing::transformations::annotated_dependency_graphs:   Updating Ancestry and Inverse Stratum beginning in relational node canChangeAt
13:31:54 [DEBUG] (1) nemo_metamorphic_testing::transformations::annotated_dependency_graphs: Writing ADG restricted to Incoming from canChangeAt
13:31:54 [DEBUG] (1) nemo_metamorphic_testing::transformations::annotated_dependency_graphs: Writing reduced ADG to file
13:31:54 [DEBUG] (1) nemo_metamorphic_testing::transformations::annotated_dependency_graphs:   Ancestry and Inverse Stratum update complete.
13:31:54 [DEBUG] (1) nemo_metamorphic_testing::transformations::annotated_dependency_graphs:   Updating Ancestry and Inverse Stratum beginning in relational node R_4
13:31:54 [DEBUG] (1) nemo_metamorphic_testing::transformations::annotated_dependency_graphs: Writing ADG restricted to Incoming from R_4
13:31:54 [DEBUG] (1) nemo_metamorphic_testing::transformations::annotated_dependency_graphs: Writing reduced ADG to file
13:31:54 [DEBUG] (1) nemo_metamorphic_testing::transformations::annotated_dependency_graphs:   Ancestry and Inverse Stratum update complete.
13:31:54 [DEBUG] (1) nemo_metamorphic_testing::transformations::annotated_dependency_graphs:   Updating Ancestry and Inverse Stratum beginning in relational node elevator
13:31:54 [DEBUG] (1) nemo_metamorphic_testing::transformations::annotated_dependency_graphs: Writing ADG restricted to Incoming from elevator
13:31:54 [DEBUG] (1) nemo_metamorphic_testing::transformations::annotated_dependency_graphs: Writing reduced ADG to file
13:31:54 [DEBUG] (1) nemo_metamorphic_testing::transformations::annotated_dependency_graphs:   Ancestry and Inverse Stratum update complete.
13:31:54 [DEBUG] (1) nemo_metamorphic_testing::transformations::annotated_dependency_graphs:   Updating Ancestry and Inverse Stratum beginning in relational node canChangeAt
13:31:54 [DEBUG] (1) nemo_metamorphic_testing::transformations::annotated_dependency_graphs: Writing ADG restricted to Incoming from canChangeAt
13:31:54 [DEBUG] (1) nemo_metamorphic_testing::transformations::annotated_dependency_graphs: Writing reduced ADG to file
13:31:54 [DEBUG] (1) nemo_metamorphic_testing::transformations::annotated_dependency_graphs:   Ancestry and Inverse Stratum update complete.
13:31:54 [DEBUG] (1) nemo_metamorphic_testing::transformations::annotated_dependency_graphs:   Updating Ancestry and Inverse Stratum beginning in relational node seeTVTower
13:31:54 [DEBUG] (1) nemo_metamorphic_testing::transformations::annotated_dependency_graphs: Writing ADG restricted to Incoming from seeTVTower
13:31:54 [DEBUG] (1) nemo_metamorphic_testing::transformations::annotated_dependency_graphs: Writing reduced ADG to file
13:31:54 [DEBUG] (1) nemo_metamorphic_testing::transformations::annotated_dependency_graphs:   Ancestry and Inverse Stratum update complete.
13:31:54 [DEBUG] (1) nemo_metamorphic_testing::transformations::annotated_dependency_graphs:   Updating Ancestry and Inverse Stratum beginning in relational node mustChangeAt
13:31:54 [DEBUG] (1) nemo_metamorphic_testing::transformations::annotated_dependency_graphs: Writing ADG restricted to Incoming from mustChangeAt
13:31:54 [DEBUG] (1) nemo_metamorphic_testing::transformations::annotated_dependency_graphs: Writing reduced ADG to file
13:31:54 [DEBUG] (1) nemo_metamorphic_testing::transformations::annotated_dependency_graphs:   Ancestry and Inverse Stratum update complete.
13:31:54 [DEBUG] (1) nemo_metamorphic_testing::transformations::annotated_dependency_graphs:   Updating Ancestry and Inverse Stratum beginning in relational node mustChangeAt
13:31:54 [DEBUG] (1) nemo_metamorphic_testing::transformations::annotated_dependency_graphs: Writing ADG restricted to Incoming from mustChangeAt
13:31:54 [DEBUG] (1) nemo_metamorphic_testing::transformations::annotated_dependency_graphs: Writing reduced ADG to file
13:31:54 [DEBUG] (1) nemo_metamorphic_testing::transformations::annotated_dependency_graphs:   Ancestry and Inverse Stratum update complete.
13:31:54 [DEBUG] (1) nemo_metamorphic_testing::transformations::annotated_dependency_graphs:   Updating Ancestry and Inverse Stratum beginning in relational node validC
13:31:54 [DEBUG] (1) nemo_metamorphic_testing::transformations::annotated_dependency_graphs: Writing ADG restricted to Incoming from validC
13:31:54 [DEBUG] (1) nemo_metamorphic_testing::transformations::annotated_dependency_graphs: Writing reduced ADG to file
13:31:54 [DEBUG] (1) nemo_metamorphic_testing::transformations::annotated_dependency_graphs:   Ancestry and Inverse Stratum update complete.
13:31:54 [DEBUG] (1) nemo_metamorphic_testing::transformations::annotated_dependency_graphs:   Updating Ancestry and Inverse Stratum beginning in relational node validC
13:31:54 [DEBUG] (1) nemo_metamorphic_testing::transformations::annotated_dependency_graphs: Writing ADG restricted to Incoming from validC
13:31:54 [DEBUG] (1) nemo_metamorphic_testing::transformations::annotated_dependency_graphs: Writing reduced ADG to file
13:31:54 [DEBUG] (1) nemo_metamorphic_testing::transformations::annotated_dependency_graphs:   Ancestry and Inverse Stratum update complete.
13:31:54 [DEBUG] (1) nemo_metamorphic_testing::transformations::annotated_dependency_graphs:   Updating Ancestry and Inverse Stratum beginning in relational node success
13:31:54 [DEBUG] (1) nemo_metamorphic_testing::transformations::annotated_dependency_graphs: Writing ADG restricted to Incoming from success
13:31:54 [DEBUG] (1) nemo_metamorphic_testing::transformations::annotated_dependency_graphs: Writing reduced ADG to file
13:31:54 [DEBUG] (1) nemo_metamorphic_testing::transformations::annotated_dependency_graphs:   Ancestry and Inverse Stratum update complete.
13:31:54 [DEBUG] (1) nemo_metamorphic_testing::transformations::annotated_dependency_graphs:   Updating Ancestry and Inverse Stratum beginning in relational node allowedDiff
13:31:54 [DEBUG] (1) nemo_metamorphic_testing::transformations::annotated_dependency_graphs: Writing ADG restricted to Incoming from allowedDiff
13:31:54 [DEBUG] (1) nemo_metamorphic_testing::transformations::annotated_dependency_graphs: Writing reduced ADG to file
13:31:54 [DEBUG] (1) nemo_metamorphic_testing::transformations::annotated_dependency_graphs:   Ancestry and Inverse Stratum update complete.
13:31:54 [DEBUG] (1) nemo_metamorphic_testing::transformations::annotated_dependency_graphs:   Updating Ancestry and Inverse Stratum beginning in relational node elevator
13:31:54 [DEBUG] (1) nemo_metamorphic_testing::transformations::annotated_dependency_graphs: Writing ADG restricted to Incoming from elevator
13:31:54 [DEBUG] (1) nemo_metamorphic_testing::transformations::annotated_dependency_graphs: Writing reduced ADG to file
13:31:54 [DEBUG] (1) nemo_metamorphic_testing::transformations::annotated_dependency_graphs:   Ancestry and Inverse Stratum update complete.
13:31:54 [DEBUG] (1) nemo_metamorphic_testing::transformations::annotated_dependency_graphs:   Updating Ancestry and Inverse Stratum beginning in relational node canChangeAt
13:31:54 [DEBUG] (1) nemo_metamorphic_testing::transformations::annotated_dependency_graphs: Writing ADG restricted to Incoming from canChangeAt
13:31:54 [DEBUG] (1) nemo_metamorphic_testing::transformations::annotated_dependency_graphs: Writing reduced ADG to file
13:31:54 [DEBUG] (1) nemo_metamorphic_testing::transformations::annotated_dependency_graphs:   Ancestry and Inverse Stratum update complete.
13:31:54 [DEBUG] (1) nemo_metamorphic_testing::transformations::annotated_dependency_graphs:   Updating Ancestry and Inverse Stratum beginning in relational node mustChangeAt
13:31:54 [DEBUG] (1) nemo_metamorphic_testing::transformations::annotated_dependency_graphs: Writing ADG restricted to Incoming from mustChangeAt
13:31:54 [DEBUG] (1) nemo_metamorphic_testing::transformations::annotated_dependency_graphs: Writing reduced ADG to file
13:31:54 [DEBUG] (1) nemo_metamorphic_testing::transformations::annotated_dependency_graphs:   Ancestry and Inverse Stratum update complete.
13:31:54 [DEBUG] (1) nemo_metamorphic_testing::transformations::annotated_dependency_graphs:   Updating Ancestry and Inverse Stratum beginning in relational node mustChangeAt
13:31:54 [DEBUG] (1) nemo_metamorphic_testing::transformations::annotated_dependency_graphs: Writing ADG restricted to Incoming from mustChangeAt
13:31:54 [DEBUG] (1) nemo_metamorphic_testing::transformations::annotated_dependency_graphs: Writing reduced ADG to file
13:31:54 [DEBUG] (1) nemo_metamorphic_testing::transformations::annotated_dependency_graphs:   Ancestry and Inverse Stratum update complete.
13:31:54 [DEBUG] (1) nemo_metamorphic_testing::transformations::annotated_dependency_graphs:   Updating Ancestry and Inverse Stratum beginning in relational node validC
13:31:54 [DEBUG] (1) nemo_metamorphic_testing::transformations::annotated_dependency_graphs: Writing ADG restricted to Incoming from validC
13:31:54 [DEBUG] (1) nemo_metamorphic_testing::transformations::annotated_dependency_graphs: Writing reduced ADG to file
13:31:54 [DEBUG] (1) nemo_metamorphic_testing::transformations::annotated_dependency_graphs:   Ancestry and Inverse Stratum update complete.
13:31:54 [DEBUG] (1) nemo_metamorphic_testing::transformations::annotated_dependency_graphs:   Updating Ancestry and Inverse Stratum beginning in relational node validC
13:31:54 [DEBUG] (1) nemo_metamorphic_testing::transformations::annotated_dependency_graphs: Writing ADG restricted to Incoming from validC
13:31:54 [DEBUG] (1) nemo_metamorphic_testing::transformations::annotated_dependency_graphs: Writing reduced ADG to file
13:31:54 [DEBUG] (1) nemo_metamorphic_testing::transformations::annotated_dependency_graphs:   Ancestry and Inverse Stratum update complete.
13:31:54 [INFO]   Attempting to remove the literal -elevator(, c_1) from the rule r_EXP_4
13:31:54 [DEBUG] (1) nemo_metamorphic_testing::transformations::remove_relational_edge_single_literal:     Modified rule: success(?X_1) :- allowedDiff(?X_1, c_1), seeTVTower(c_1), platformHeight(?X_1, ?X_1), R_4(c_1, c_1, c_1, ?X_1, c_1), tooLargeGap(?Y_1), tooLargeGap(?X_1), ~R_2(c_1), ~R_1(?X_1, c_1) .
13:31:54 [DEBUG] (1) nemo_metamorphic_testing::transformations::annotated_dependency_graphs: Verifying ADG
13:31:54 [DEBUG] (1) nemo_metamorphic_testing::transformations::annotated_dependency_graphs: Writing ADG to file
13:31:54 [DEBUG] (1) nemo_metamorphic_testing::transformations::annotated_dependency_graphs: Writing reduced ADG to file
13:31:54 [DEBUG] (1) nemo_metamorphic_testing: ADG edge verification succeeded
13:31:54 [DEBUG] (1) nemo_metamorphic_testing: RNG position: 835
13:31:54 [INFO] 32 / 32
13:31:54 [INFO]   I Add Relational Node
13:31:54 [INFO]   Added new relation R_8
13:31:54 [INFO] ----------------------------------------------
13:31:54 [INFO] ------------ Transformations Done ------------
13:31:54 [INFO] ----------------------------------------------
13:31:54 [INFO]  Ressources required: 
        data/choseU.csv
        data/choseB.csv
        data/elevator.csv
        data/platformHeight.csv
        data/allowedDiff.csv
        
13:31:54 [INFO] ---------------- ADG Summary: ----------------
13:31:54 [INFO] ADG Fact Nodes:                  12
13:31:54 [INFO] ADG Relational Nodes:            19
13:31:54 [INFO] ADG Fact Edges:                  12
13:31:54 [INFO] ADG Relational Edges:            57
13:31:54 [INFO] 
13:31:54 [INFO] Next rule name would be:         r_EXP_9
13:31:54 [INFO] Next predicate name would be:    R_9
13:31:54 [INFO] Next constant name would be:     c_4
13:31:54 [INFO] Next string would be:            "str_2"
13:31:54 [INFO] 
13:31:54 [INFO] Output predicate:                success
13:31:54 [INFO] Rule count:                      15
13:31:54 [INFO] Average arity:                   2
13:31:54 [INFO] --------- Performed Transformations: ---------
13:31:54 [INFO]  #      Type
13:31:54 [INFO]  12      None - Transformation not applicable
13:31:54 [INFO]  8      I     Add Relational Node
13:31:54 [INFO]  7      II    Add Fact Node and Edge
13:31:54 [INFO]  8      III   Add Relational edges - New Rule
13:31:54 [INFO]  4      V     Remove Relational Edges - Whole Rule
13:31:54 [INFO]  1      VI    Remove Relational Edge - Single Literal
13:31:54 [INFO]  2      VII   Modify Rule - Add Equality
13:31:54 [INFO]  2      VIII  Modify Rule - Remove Equality
13:31:54 [INFO] ----------------------------------------------
13:31:54 [DEBUG] (1) nemo_metamorphic_testing::transformations::annotated_dependency_graphs: Writing ADG to file
13:31:54 [INFO] ----------------------------------------------
13:31:54 [INFO] -- Beginning Nemo Execution - Input Program --
13:31:54 [INFO] ----------------------------------------------
13:31:54 [INFO] Stratified program: [[2, 3, 5, 6, 7], [0, 1, 4, 8]]
13:31:54 [INFO] <<< STEP 1: APPLYING RULE 2 validC(?x, ?y) :- choseB(?x, ?y), choseU(?x, ?y) >>>
13:31:54 [INFO] Loading source DsvReader { read: "<unspecified std::io::Read>", delimiter: 44, escape: None, value formats: DsvValueFormats([String, String]) }
13:31:54 [INFO] Starting data import
13:31:54 [INFO] Finished import: processed 0 lines (dropped 0)
13:31:54 [INFO] Loading source DsvReader { read: "<unspecified std::io::Read>", delimiter: 44, escape: None, value formats: DsvValueFormats([String, String]) }
13:31:54 [INFO] Starting data import
13:31:54 [INFO] Finished import: processed 41 lines (dropped 0)
13:31:54 [INFO] Execution step: Project/Reorder
13:31:54 [INFO] Saved temporary table: 41 entries (9044)
13:31:54 [INFO] Execution step: Body
13:31:54 [INFO] Trie does not contain any elements
13:31:54 [INFO] Execution step: Duplicate Elimination (Datalog)
13:31:54 [INFO] Trie does not contain any elements
13:31:54 [INFO] Rule duration: 2 ms
13:31:54 [INFO] <<< STEP 2: APPLYING RULE 3 validC(?x, ?y) :- choseU(?x, ?y), choseB(?x, ?y) >>>
13:31:54 [INFO] Execution step: Project/Reorder
13:31:54 [INFO] Trie does not contain any elements
13:31:54 [INFO] Execution step: Body
13:31:54 [INFO] Saved temporary table: 41 entries (9096)
13:31:54 [INFO] Execution step: Duplicate Elimination (Datalog)
13:31:54 [INFO] Saved permanent table validC (2) Permutation { idx_to_val: [], val_to_idx: [] } with 41 entries (9144)
13:31:54 [INFO] Rule duration: 1 ms
13:31:54 [INFO] <<< STEP 3: APPLYING RULE 3 validC(?x, ?y) :- choseU(?x, ?y), choseB(?x, ?y) >>>
13:31:54 [INFO] Execution step: Project/Reorder
13:31:54 [INFO] Trie does not contain any elements
13:31:54 [INFO] Execution step: Body
13:31:54 [INFO] Trie does not contain any elements
13:31:54 [INFO] Execution step: Duplicate Elimination (Datalog)
13:31:54 [INFO] Trie does not contain any elements
13:31:54 [INFO] Rule duration: 0 ms
13:31:54 [INFO] <<< STEP 4: APPLYING RULE 5 tooLargeGap(?y) :- platformHeight(?y, ?h), allowedDiff(?h, ?_BODY_1), Equal(?_BODY_1, trainHeight) >>>
13:31:54 [INFO] Loading source DsvReader { read: "<unspecified std::io::Read>", delimiter: 44, escape: None, value formats: DsvValueFormats([String, Integer]) }
13:31:54 [INFO] Starting data import
13:31:54 [INFO] Finished import: processed 41 lines (dropped 35)
13:31:54 [INFO] Loading source DsvReader { read: "<unspecified std::io::Read>", delimiter: 44, escape: None, value formats: DsvValueFormats([Integer, Integer]) }
13:31:54 [INFO] Starting data import
13:31:54 [INFO] Finished import: processed 7 lines (dropped 0)
13:31:54 [INFO] Execution step: Project/Reorder
13:31:54 [INFO] Saved temporary table: 7 entries (7072)
13:31:54 [INFO] Execution step: Body
13:31:54 [INFO] Saved temporary table: 6 entries (3424)
13:31:54 [INFO] Execution step: Duplicate Elimination (Datalog)
13:31:54 [INFO] Saved permanent table tooLargeGap (4) Permutation { idx_to_val: [], val_to_idx: [] } with 6 entries (3472)
13:31:54 [INFO] Rule duration: 1 ms
13:31:54 [INFO] <<< STEP 5: APPLYING RULE 5 tooLargeGap(?y) :- platformHeight(?y, ?h), allowedDiff(?h, ?_BODY_1), Equal(?_BODY_1, trainHeight) >>>
13:31:54 [INFO] Execution step: Project/Reorder
13:31:54 [INFO] Saved temporary table: 7 entries (7072)
13:31:54 [INFO] Execution step: Body
13:31:54 [INFO] Trie does not contain any elements
13:31:54 [INFO] Execution step: Duplicate Elimination (Datalog)
13:31:54 [INFO] Trie does not contain any elements
13:31:54 [INFO] Rule duration: 0 ms
13:31:54 [INFO] <<< STEP 6: APPLYING RULE 6 mustChangeAt(?y) :- choseU(?x, ?y), choseB(?y, ?z) >>>
13:31:54 [INFO] Execution step: Body
13:31:54 [INFO] Trie does not contain any elements
13:31:54 [INFO] Execution step: Duplicate Elimination (Datalog)
13:31:54 [INFO] Trie does not contain any elements
13:31:54 [INFO] Rule duration: 0 ms
13:31:54 [INFO] <<< STEP 7: APPLYING RULE 7 mustChangeAt(?y) :- choseB(?x, ?y), choseU(?y, ?z) >>>
13:31:54 [INFO] Execution step: Body
13:31:54 [INFO] Trie does not contain any elements
13:31:54 [INFO] Execution step: Duplicate Elimination (Datalog)
13:31:54 [INFO] Trie does not contain any elements
13:31:54 [INFO] Rule duration: 0 ms
13:31:54 [INFO] <<< STEP 8: APPLYING RULE 4 canChangeAt(?y) :- elevator(?y), tooLargeGap(?y) >>>
13:31:54 [INFO] Loading source DsvReader { read: "<unspecified std::io::Read>", delimiter: 44, escape: None, value formats: DsvValueFormats([String]) }
13:31:54 [INFO] Starting data import
13:31:54 [INFO] Finished import: processed 41 lines (dropped 0)
13:31:54 [INFO] Execution step: Project/Reorder
13:31:54 [INFO] Saved temporary table: 6 entries (3472)
13:31:54 [INFO] Execution step: Body
13:31:54 [INFO] Saved temporary table: 35 entries (3540)
13:31:54 [INFO] Execution step: Duplicate Elimination (Datalog)
13:31:54 [INFO] Saved permanent table canChangeAt (8) Permutation { idx_to_val: [], val_to_idx: [] } with 35 entries (3588)
13:31:54 [INFO] Rule duration: 1 ms
13:31:54 [INFO] <<< STEP 9: APPLYING RULE 4 canChangeAt(?y) :- elevator(?y), tooLargeGap(?y) >>>
13:31:54 [INFO] Execution step: Project/Reorder
13:31:54 [INFO] Saved temporary table: 6 entries (3472)
13:31:54 [INFO] Execution step: Body
13:31:54 [INFO] Trie does not contain any elements
13:31:54 [INFO] Execution step: Duplicate Elimination (Datalog)
13:31:54 [INFO] Trie does not contain any elements
13:31:54 [INFO] Rule duration: 0 ms
13:31:54 [INFO] <<< STEP 10: APPLYING RULE 0 validC(?x, ?z) :- validC(?x, ?y), validC(?y, ?z), mustChangeAt(?y), canChangeAt(?y) >>>
13:31:54 [INFO] Execution step: Body
13:31:54 [INFO] Trie does not contain any elements
13:31:54 [INFO] Execution step: Duplicate Elimination (Datalog)
13:31:54 [INFO] Trie does not contain any elements
13:31:54 [INFO] Rule duration: 0 ms
13:31:54 [INFO] <<< STEP 11: APPLYING RULE 1 validC(?x, ?z) :- validC(?x, ?y), validC(?y, ?z), mustChangeAt(?y) >>>
13:31:54 [INFO] Execution step: Project/Reorder
13:31:54 [INFO] Trie does not contain any elements
13:31:54 [INFO] Execution step: Body
13:31:54 [INFO] Trie does not contain any elements
13:31:54 [INFO] Execution step: Duplicate Elimination (Datalog)
13:31:54 [INFO] Trie does not contain any elements
13:31:54 [INFO] Rule duration: 0 ms
13:31:54 [INFO] <<< STEP 12: APPLYING RULE 8 success(s) :- validC(?_BODY_1, ?_BODY_2), Equal(?_BODY_1, "jungfernheide"), Equal(?_BODY_2, "kottbusser_tor") >>>
13:31:54 [INFO] Execution step: Body
13:31:54 [INFO] Trie does not contain any elements
13:31:54 [INFO] Execution step: Duplicate Elimination (Datalog)
13:31:54 [INFO] Trie does not contain any elements
13:31:54 [INFO] Rule duration: 0 ms
13:31:54 [INFO] ----------------------------------------------
13:31:54 [INFO] --- Finished Nemo Execution - Input Program --
13:31:54 [INFO] ----------------------------------------------
13:31:54 [INFO]  Output success 
13:31:54 [INFO] ----------------------------------------------
13:31:54 [INFO] Beginning Nemo Execution - Transformed Program
13:31:54 [INFO] ----------------------------------------------
13:31:54 [INFO] Stratified program: [[0, 1, 2, 3, 4, 7, 9], [5, 6, 8, 10, 11, 12, 14], [13]]
13:31:54 [INFO] Loading source SimpleTable { arity: 1, data: [AnyDataValue(Iri(IriDataValue("trainHeight")))] }
13:31:54 [INFO] Execution step: Combining Tables
13:31:54 [INFO] Saved permanent table success (0-1) Permutation { idx_to_val: [], val_to_idx: [] } with 1 entries (3452)
13:31:54 [INFO] <<< STEP 1: APPLYING RULE 0 validC(?x, ?y) :- choseB(?x, ?y), choseU(?x, ?y) >>>
13:31:54 [INFO] Loading source DsvReader { read: "<unspecified std::io::Read>", delimiter: 44, escape: None, value formats: DsvValueFormats([String, String]) }
13:31:54 [INFO] Starting data import
13:31:54 [INFO] Finished import: processed 0 lines (dropped 0)
13:31:54 [INFO] Loading source DsvReader { read: "<unspecified std::io::Read>", delimiter: 44, escape: None, value formats: DsvValueFormats([String, String]) }
13:31:54 [INFO] Starting data import
13:31:54 [INFO] Finished import: processed 41 lines (dropped 0)
13:31:54 [INFO] Execution step: Project/Reorder
13:31:54 [INFO] Saved temporary table: 41 entries (9044)
13:31:54 [INFO] Execution step: Body
13:31:54 [INFO] Trie does not contain any elements
13:31:54 [INFO] Execution step: Duplicate Elimination (Datalog)
13:31:54 [INFO] Trie does not contain any elements
13:31:54 [INFO] Rule duration: 1 ms
13:31:54 [INFO] <<< STEP 2: APPLYING RULE 1 validC(?x, ?y) :- choseU(?x, ?y), choseB(?x, ?y) >>>
13:31:54 [INFO] Execution step: Project/Reorder
13:31:54 [INFO] Trie does not contain any elements
13:31:54 [INFO] Execution step: Body
13:31:54 [INFO] Saved temporary table: 41 entries (9096)
13:31:54 [INFO] Execution step: Duplicate Elimination (Datalog)
13:31:54 [INFO] Saved permanent table validC (2) Permutation { idx_to_val: [], val_to_idx: [] } with 41 entries (9144)
13:31:54 [INFO] Rule duration: 0 ms
13:31:54 [INFO] <<< STEP 3: APPLYING RULE 1 validC(?x, ?y) :- choseU(?x, ?y), choseB(?x, ?y) >>>
13:31:54 [INFO] Execution step: Project/Reorder
13:31:54 [INFO] Trie does not contain any elements
13:31:54 [INFO] Execution step: Body
13:31:54 [INFO] Trie does not contain any elements
13:31:54 [INFO] Execution step: Duplicate Elimination (Datalog)
13:31:54 [INFO] Trie does not contain any elements
13:31:54 [INFO] Rule duration: 0 ms
13:31:54 [INFO] <<< STEP 4: APPLYING RULE 9 elevator(c_1) :- choseU(?Y_1, ?_BODY_1), choseB(?Y_1, ?_BODY_2), Equal(?_BODY_1, c_1), Equal(?_BODY_2, c_1) >>>
13:31:54 [INFO] Loading source DsvReader { read: "<unspecified std::io::Read>", delimiter: 44, escape: None, value formats: DsvValueFormats([String]) }
13:31:54 [INFO] Starting data import
13:31:54 [INFO] Finished import: processed 41 lines (dropped 0)
13:31:54 [INFO] Execution step: Project/Reorder
13:31:54 [INFO] Trie does not contain any elements
13:31:54 [INFO] Execution step: Body
13:31:54 [INFO] Trie does not contain any elements
13:31:54 [INFO] Execution step: Duplicate Elimination (Datalog)
13:31:54 [INFO] Trie does not contain any elements
13:31:54 [INFO] Rule duration: 0 ms
13:31:54 [INFO] <<< STEP 5: APPLYING RULE 2 canChangeAt(?y) :- elevator(?y), tooLargeGap(?y) >>>
13:31:54 [INFO] Loading source SimpleTable { arity: 1, data: [AnyDataValue(PlainString(StringDataValue("kottbusser_tor")))] }
13:31:54 [INFO] Execution step: Project/Reorder
13:31:54 [INFO] Trie does not contain any elements
13:31:54 [INFO] Execution step: Body
13:31:54 [INFO] Saved temporary table: 41 entries (3564)
13:31:54 [INFO] Execution step: Duplicate Elimination (Datalog)
13:31:54 [INFO] Saved permanent table canChangeAt (5) Permutation { idx_to_val: [], val_to_idx: [] } with 40 entries (3608)
13:31:54 [INFO] Rule duration: 0 ms
13:31:54 [INFO] <<< STEP 6: APPLYING RULE 2 canChangeAt(?y) :- elevator(?y), tooLargeGap(?y) >>>
13:31:54 [INFO] Execution step: Project/Reorder
13:31:54 [INFO] Trie does not contain any elements
13:31:54 [INFO] Execution step: Body
13:31:54 [INFO] Trie does not contain any elements
13:31:54 [INFO] Execution step: Duplicate Elimination (Datalog)
13:31:54 [INFO] Trie does not contain any elements
13:31:54 [INFO] Rule duration: 0 ms
13:31:54 [INFO] <<< STEP 7: APPLYING RULE 3 mustChangeAt(?y) :- choseU(?x, ?y), choseB(?y, ?z) >>>
13:31:54 [INFO] Execution step: Body
13:31:54 [INFO] Trie does not contain any elements
13:31:54 [INFO] Execution step: Duplicate Elimination (Datalog)
13:31:54 [INFO] Trie does not contain any elements
13:31:54 [INFO] Rule duration: 0 ms
13:31:54 [INFO] <<< STEP 8: APPLYING RULE 4 mustChangeAt(?y) :- choseB(?x, ?y), choseU(?y, ?z) >>>
13:31:54 [INFO] Execution step: Body
13:31:54 [INFO] Trie does not contain any elements
13:31:54 [INFO] Execution step: Duplicate Elimination (Datalog)
13:31:54 [INFO] Trie does not contain any elements
13:31:54 [INFO] Rule duration: 0 ms
13:31:54 [INFO] <<< STEP 9: APPLYING RULE 7 seeTVTower(s) :- choseB(?x, ?_BODY_1), Equal(?_BODY_1, "alexanderplatz") >>>
13:31:54 [INFO] Execution step: Body
13:31:54 [INFO] Trie does not contain any elements
13:31:54 [INFO] Execution step: Duplicate Elimination (Datalog)
13:31:54 [INFO] Trie does not contain any elements
13:31:54 [INFO] Rule duration: 0 ms
13:31:54 [INFO] <<< STEP 10: APPLYING RULE 6 validC(?x, ?z) :- validC(?x, ?y), validC(?y_new_1, ?z), mustChangeAt(?y) >>>
13:31:54 [INFO] Execution step: Project/Reorder
13:31:54 [INFO] Trie does not contain any elements
13:31:54 [INFO] Execution step: Body
13:31:54 [INFO] Saved temporary table: 1640 entries (15492)
13:31:54 [INFO] Execution step: Duplicate Elimination (Datalog)
13:31:54 [INFO] Saved permanent table validC (10) Permutation { idx_to_val: [], val_to_idx: [] } with 1599 entries (15376)
13:31:54 [INFO] Rule duration: 5 ms
13:31:54 [INFO] <<< STEP 11: APPLYING RULE 6 validC(?x, ?z) :- validC(?x, ?y), validC(?y_new_1, ?z), mustChangeAt(?y) >>>
13:31:54 [INFO] Execution step: Project/Reorder
13:31:54 [INFO] Trie does not contain any elements
13:31:54 [INFO] Execution step: Body
13:31:54 [INFO] Saved temporary table: 1640 entries (15492)
13:31:54 [INFO] Execution step: Duplicate Elimination (Datalog)
13:31:54 [INFO] Trie does not contain any elements
13:31:54 [INFO] Rule duration: 197 ms
13:31:54 [INFO] <<< STEP 12: APPLYING RULE 8 canChangeAt(?X_1) :- platformHeight(?X_1, ?_BODY_1), seeTVTower(?X_1), validC(?Y_1, ?_BODY_2), choseU(?X_1, ?_BODY_3), tooLargeGap(?X_1), mustChangeAt(?_BODY_4), seeTVTower(?X_1), choseB(?X_1, ?_BODY_5), R_1(?_BODY_6, ?X_1), platformHeight(?Y_1, ?_BODY_7), Equal(?_BODY_1, ?X_1), Equal(?_BODY_2, "alexanderplatz"), Equal(?_BODY_3, "alexanderplatz"), Equal(?_BODY_4, "alexanderplatz"), Equal(?_BODY_5, ?X_1), Equal(?_BODY_6, "alexanderplatz"), Equal(?_BODY_7, "alexanderplatz") >>>
13:31:54 [INFO] Loading source DsvReader { read: "<unspecified std::io::Read>", delimiter: 44, escape: None, value formats: DsvValueFormats([String, Integer]) }
13:31:54 [INFO] Starting data import
13:31:54 [INFO] Finished import: processed 41 lines (dropped 35)
13:31:54 [INFO] Execution step: Project/Reorder
13:31:54 [INFO] Trie does not contain any elements
13:31:54 [INFO] Execution step: Project/Reorder
13:31:54 [INFO] Trie does not contain any elements
13:31:54 [INFO] Execution step: Project/Reorder
13:31:54 [INFO] Trie does not contain any elements
13:31:54 [INFO] Execution step: Project/Reorder
13:31:54 [INFO] Saved temporary table: 6 entries (7208)
13:31:54 [INFO] Execution step: Body
13:31:54 [INFO] Trie does not contain any elements
13:31:54 [INFO] Execution step: Duplicate Elimination (Datalog)
13:31:54 [INFO] Trie does not contain any elements
13:31:54 [INFO] Rule duration: 1 ms
13:31:54 [INFO] <<< STEP 13: APPLYING RULE 10 validC(?x, ?z) :- validC(?x, ?y_new_1), validC(?y, ?z), mustChangeAt(?y_new_1), canChangeAt(?y_new_1) >>>
13:31:54 [INFO] Execution step: Body
13:31:54 [INFO] Trie does not contain any elements
13:31:54 [INFO] Execution step: Duplicate Elimination (Datalog)
13:31:54 [INFO] Trie does not contain any elements
13:31:54 [INFO] Rule duration: 0 ms
13:31:54 [INFO] <<< STEP 14: APPLYING RULE 5 success(s) :- validC(?_BODY_1, ?_BODY_2), Equal(?_BODY_1, "jungfernheide"), Equal(?_BODY_2, "kottbusser_tor") >>>
13:31:54 [INFO] Execution step: Body
13:31:54 [INFO] Trie does not contain any elements
13:31:54 [INFO] Execution step: Duplicate Elimination (Datalog)
13:31:54 [INFO] Trie does not contain any elements
13:31:54 [INFO] Rule duration: 0 ms
13:31:54 [INFO] <<< STEP 15: APPLYING RULE 11 R_4(?X_1, ?X_5, ?X_3, ?X_2, 12765566793928973732) :- mustChangeAt(?X_1), canChangeAt(?X_5), choseB(?X_3, ?X_2), elevator(?_BODY_1), Equal(?_BODY_1, 12765566793928973732) >>>
13:31:54 [INFO] Loading source SimpleTable { arity: 5, data: [AnyDataValue(PlainString(StringDataValue("str_1"))), AnyDataValue(PlainString(StringDataValue("alexanderplatz"))), AnyDataValue(PlainString(StringDataValue("jungfernheide"))), AnyDataValue(Iri(IriDataValue("c_2"))), AnyDataValue(UnsignedLong(UnsignedLongDataValue(12765566793928973732)))] }
13:31:54 [INFO] Execution step: Body
13:31:54 [INFO] Trie does not contain any elements
13:31:54 [INFO] Execution step: Duplicate Elimination (Datalog)
13:31:54 [INFO] Trie does not contain any elements
13:31:54 [INFO] Rule duration: 0 ms
13:31:54 [INFO] <<< STEP 16: APPLYING RULE 12 allowedDiff(?X_1, ?X_2) :- allowedDiff(?X_1, ?X_2), choseU(?X_1, ?_BODY_1), mustChangeAt(?X_1), R_5(?_BODY_2, ?_BODY_3, ?X_1, ?_BODY_4, ?_BODY_5), R_2(?X_1), Equal(?_BODY_1, ?X_1), Equal(?_BODY_2, "jungfernheide"), Equal(?_BODY_3, "jungfernheide"), Equal(?_BODY_4, ?X_1), Equal(?_BODY_5, "jungfernheide") >>>
13:31:54 [INFO] Loading source DsvReader { read: "<unspecified std::io::Read>", delimiter: 44, escape: None, value formats: DsvValueFormats([Integer, Integer]) }
13:31:54 [INFO] Starting data import
13:31:54 [INFO] Finished import: processed 7 lines (dropped 0)
13:31:54 [INFO] Loading source SimpleTable { arity: 2, data: [AnyDataValue(Iri(IriDataValue("c_1"))), AnyDataValue(UnsignedLong(UnsignedLongDataValue(12765566793928973732))), AnyDataValue(PlainString(StringDataValue("kottbusser_tor"))), AnyDataValue(PlainString(StringDataValue("alexanderplatz"))), AnyDataValue(PlainString(StringDataValue("jungfernheide"))), AnyDataValue(PlainString(StringDataValue("str_1")))] }
13:31:54 [INFO] Execution step: Project/Reorder
13:31:54 [INFO] Saved temporary table: 41 entries (9144)
13:31:54 [INFO] Execution step: Project/Reorder
13:31:54 [INFO] Trie does not contain any elements
13:31:54 [INFO] Execution step: Project/Reorder
13:31:54 [INFO] Trie does not contain any elements
13:31:54 [INFO] Execution step: Project/Reorder
13:31:54 [INFO] Trie does not contain any elements
13:31:54 [INFO] Execution step: Body
13:31:54 [INFO] Saved temporary table: 10 entries (7192)
13:31:54 [INFO] Execution step: Duplicate Elimination (Datalog)
13:31:54 [INFO] Trie does not contain any elements
13:31:54 [INFO] Rule duration: 1 ms
13:31:54 [INFO] <<< STEP 17: APPLYING RULE 14 success(?X_1) :- allowedDiff(?X_1, ?_BODY_1), seeTVTower(?_BODY_2), platformHeight(?X_1, ?_BODY_3), R_4(?_BODY_4, ?_BODY_5, ?_BODY_6, ?X_1, ?_BODY_7), tooLargeGap(?Y_1), tooLargeGap(?X_1), R_2(?_BODY_8), R_1(?X_1, ?_BODY_9), Equal(?_BODY_1, c_1), Equal(?_BODY_2, c_1), Equal(?_BODY_3, ?X_1), Equal(?_BODY_4, c_1), Equal(?_BODY_5, c_1), Equal(?_BODY_6, c_1), Equal(?_BODY_7, c_1), Equal(?_BODY_8, c_1), Equal(?_BODY_9, c_1) >>>
13:31:54 [INFO] Execution step: Project/Reorder
13:31:54 [INFO] Trie does not contain any elements
13:31:54 [INFO] Execution step: Project/Reorder
13:31:54 [INFO] Trie does not contain any elements
13:31:54 [INFO] Execution step: Body
13:31:54 [INFO] Trie does not contain any elements
13:31:54 [INFO] Execution step: Duplicate Elimination (Datalog)
13:31:54 [INFO] Trie does not contain any elements
13:31:54 [INFO] Rule duration: 0 ms
13:31:54 [INFO] <<< STEP 18: APPLYING RULE 13 success(?X_1) :- validC(?_BODY_1, ?X_1), platformHeight(?_BODY_2, ?X_1), mustChangeAt(?X_1), success(?Y_1), R_3(?X_1, ?_BODY_3, ?Y_1, ?_BODY_4, ?_BODY_5), R_4(?X_1, ?_BODY_6, ?Y_1, ?_BODY_7, ?_BODY_8), seeTVTower(?X_1), R_2(?X_1), choseU(?Y_1, ?_BODY_9), Equal(?_BODY_1, c_2), Equal(?_BODY_2, c_2), Equal(?_BODY_3, ?X_1), Equal(?_BODY_4, ?Y_1), Equal(?_BODY_5, ?Y_1), Equal(?_BODY_6, ?X_1), Equal(?_BODY_7, ?X_1), Equal(?_BODY_8, c_2), Equal(?_BODY_9, ?Y_1) >>>
13:31:54 [INFO] Loading source SimpleTable { arity: 5, data: [AnyDataValue(PlainString(StringDataValue("alexanderplatz"))), AnyDataValue(Iri(IriDataValue("trainHeight"))), AnyDataValue(Iri(IriDataValue("c_1"))), AnyDataValue(Iri(IriDataValue("c_1"))), AnyDataValue(Iri(IriDataValue("c_3")))] }
13:31:54 [INFO] Execution step: Project/Reorder
13:31:54 [INFO] Saved temporary table: 1 entries (17212)
13:31:54 [INFO] Execution step: Project/Reorder
13:31:54 [INFO] Trie does not contain any elements
13:31:54 [INFO] Execution step: Project/Reorder
13:31:54 [INFO] Trie does not contain any elements
13:31:54 [INFO] Execution step: Project/Reorder
13:31:54 [INFO] Saved temporary table: 41 entries (9144)
13:31:54 [INFO] Execution step: Body
13:31:54 [INFO] Trie does not contain any elements
13:31:54 [INFO] Execution step: Duplicate Elimination (Datalog)
13:31:54 [INFO] Trie does not contain any elements
13:31:54 [INFO] Rule duration: 1 ms
13:31:54 [INFO] Execution step: Combining Tables
13:31:54 [INFO] Saved permanent table success (0-1) Permutation { idx_to_val: [], val_to_idx: [] } with 1 entries (3452)
13:31:54 [INFO] ----------------------------------------------
13:31:54 [INFO]  Finished Nemo Execution - Transformed Program
13:31:54 [INFO] ----------------------------------------------
13:31:54 [INFO]  Output success 
13:31:54 [INFO]      [AnyDataValue(Iri(IriDataValue("trainHeight")))]
13:31:54 [INFO] ----------------------------------------------
13:31:54 [INFO] ------------ Asserting Oracle EXP ------------
13:31:54 [INFO] ----------------------------------------------
13:31:54 [INFO] All good, output is expanding
