18:44:51 [INFO] ----------------------------------------------
18:44:51 [INFO] Beginning transformation mtf_EXP_5500013
                Oracle:     EXP          Number of T: 22
                Debug Mode: false          u64 Seed:    5500013
                Number of generating transformations: 24
                Internal Seed:          [146, 36, 111, 18, 94, 86, 141, 146, 139, 71, 3, 195, 39, 208, 39, 235, 30, 188, 40, 12, 127, 98, 160, 107, 222, 203, 20, 192, 66, 166, 25, 117]
                Seed File: Currently not supported!
18:44:51 [INFO] ----------------------------------------------
18:44:51 [INFO] -------------- Reading Seed File: ------------
18:44:51 [INFO] "/home/leo_repp/masterthesis/nemo/nemo-metamorphic-testing/examples/constant-folding/constant-folding.rls"
18:44:51 [INFO] Renaming of rules complete
18:44:51 [INFO] --------- Finished Reading Seed file ---------
18:44:51 [INFO] ----------------------------------------------
18:44:51 [INFO] 
18:44:51 [INFO] ----------------------------------------------
18:44:51 [INFO] -------- Beginning Program Generation --------
18:44:51 [INFO] ----------------------------------------------
18:44:51 [INFO] 
18:44:51 [INFO] Removing old export statements
18:44:51 [INFO] Beginning inverse_stratum and ancestry computation starting at node R_OUT
18:44:51 [INFO] Ancestry and Inverse Stratum computation complete.
18:44:51 [INFO] Constructed lite ADG
18:44:51 [INFO] Generating Program...
18:44:51 [INFO] 
18:44:51 [INFO] 1 / 23
18:44:51 [INFO]   I Add Relational Node
18:44:51 [INFO]   Added new relation R_1
18:44:51 [INFO] 2 / 23
18:44:51 [INFO]   I Add Relational Node
18:44:51 [INFO]   Added new relation R_2
18:44:51 [INFO] 3 / 23
18:44:51 [INFO]   I Add Relational Node
18:44:51 [INFO]   Added new relation R_3
18:44:51 [INFO] 4 / 23
18:44:51 [INFO]   I Add Relational Node
18:44:51 [INFO]   Added new relation R_4
18:44:51 [INFO] 5 / 23
18:44:51 [INFO]   I Add Relational Node
18:44:51 [INFO]   Added new relation R_5
18:44:51 [INFO] 6 / 23
18:44:51 [INFO]   I Add Relational Node
18:44:51 [INFO]   Added new relation R_6
18:44:51 [INFO] 7 / 23
18:44:51 [INFO]   I Add Relational Node
18:44:51 [INFO]   Added new relation R_7
18:44:51 [INFO] 8 / 23
18:44:51 [INFO]   I Add Relational Node
18:44:51 [INFO]   Added new relation R_8
18:44:51 [INFO] 9 / 23
18:44:51 [INFO]   I Add Relational Node
18:44:51 [INFO]   Added new relation R_9
18:44:51 [INFO] 10 / 23
18:44:51 [INFO]   I Add Relational Node
18:44:51 [INFO]   Added new relation R_10
18:44:51 [INFO] 11 / 23
18:44:51 [INFO]   I Add Relational Node
18:44:51 [INFO]   Added new relation R_11
18:44:51 [INFO] 12 / 23
18:44:51 [INFO]   I Add Relational Node
18:44:51 [INFO]   Added new relation R_12
18:44:51 [INFO] 13 / 23
18:44:51 [INFO]   I Add Relational Node
18:44:51 [INFO]   Added new relation R_13
18:44:51 [INFO] 14 / 23
18:44:51 [INFO]   I Add Relational Node
18:44:51 [INFO]   Added new relation R_14
18:44:51 [INFO] 15 / 23
18:44:51 [INFO]   I Add Relational Node
18:44:51 [INFO]   Added new relation R_15
18:44:51 [INFO] 16 / 23
18:44:51 [INFO]   I Add Relational Node
18:44:51 [INFO]   Added new relation R_16
18:44:51 [INFO] 17 / 23
18:44:51 [INFO]   I Add Relational Node
18:44:51 [INFO]   Added new relation R_17
18:44:51 [INFO] 18 / 23
18:44:51 [INFO]   I Add Relational Node
18:44:51 [INFO]   Added new relation R_18
18:44:51 [INFO] 19 / 23
18:44:51 [INFO]   I Add Relational Node
18:44:51 [INFO]   Added new relation R_19
18:44:51 [INFO] 20 / 23
18:44:51 [INFO]   I Add Relational Node
18:44:51 [INFO]   Added new relation R_20
18:44:51 [INFO] 21 / 23
18:44:51 [INFO]   I Add Relational Node
18:44:51 [INFO]   Added new relation R_21
18:44:51 [INFO] 22 / 23
18:44:51 [INFO]   I Add Relational Node
18:44:51 [INFO]   Added new relation R_22
18:44:51 [INFO] 23 / 23
18:44:51 [INFO]   I Add Relational Node
18:44:51 [INFO]   Added new relation R_23
18:44:51 [INFO] 
18:44:51 [INFO] Adding a new rule for each relation other than the seed relations
18:44:51 [INFO] 
18:44:51 [INFO] 1 / 24
18:44:51 [INFO]   Generating new single body literal rule for R_OUT
18:44:51 [INFO]   Assigned relation R_OUT the artiy 4
18:44:51 [INFO]   Added new rule of name r_GEN_1
18:44:51 [INFO]   R_OUT(?X_3, ?X_4, "false"^^<http://www.w3.org/2001/XMLSchema#boolean>, ?X_2) :- IntegerConstant("false"^^<http://www.w3.org/2001/XMLSchema#boolean>, ?X_4, "false"^^<http://www.w3.org/2001/XMLSchema#boolean>), IntegerConstant(?X_3, ?X_2, ?X_3) .
18:44:51 [INFO] 2 / 24
18:44:51 [INFO]   Generating new single body literal rule for R_1
18:44:51 [INFO]   Assigned relation R_1 the artiy 4
18:44:51 [INFO]   Added new rule of name r_GEN_2
18:44:51 [INFO]   R_1(?X_2, ?X_1, ?X_4, ?X_3) :- AssignBinop(?X_2, ?X_1, ?X_4, ?X_3) .
18:44:51 [INFO] 3 / 24
18:44:51 [INFO]   Generating new single body literal rule for R_2
18:44:51 [INFO]   Assigned relation R_2 the artiy 5
18:44:51 [INFO]   Assigned relation R_21 the artiy 6
18:44:51 [INFO]   Added new rule of name r_GEN_3
18:44:51 [INFO]   R_2(?X_4, ?X_5, ?X_2, ?X_5, "phi-assign") :- R_21(?X_4, ?X_5, ?X_2, ?X_5, "phi-assign", ?X_5) .
18:44:51 [INFO] 4 / 24
18:44:51 [INFO]   Generating new single body literal rule for R_3
18:44:51 [INFO]   Assigned relation R_3 the artiy 4
18:44:51 [INFO]   Added new rule of name r_GEN_4
18:44:51 [INFO]   R_3(?X_4, ?X_2, "false"^^<http://www.w3.org/2001/XMLSchema#boolean>, ?X_3) :- R_1(?X_4, ?X_2, "false"^^<http://www.w3.org/2001/XMLSchema#boolean>, ?X_3) .
18:44:51 [INFO] 5 / 24
18:44:51 [INFO]   Generating new single body literal rule for R_4
18:44:51 [INFO]   Assigned relation R_4 the artiy 2
18:44:51 [INFO]   Added new rule of name r_GEN_5
18:44:51 [INFO]   R_4(?X_1, ?X_2) :- AssignOperFrom(?Y_1, ?X_2, ?X_1) .
18:44:51 [INFO] 6 / 24
18:44:51 [INFO]   Generating new single body literal rule for R_5
18:44:51 [INFO]   Assigned relation R_5 the artiy 5
18:44:51 [INFO]   Added new rule of name r_GEN_6
18:44:51 [INFO]   R_5(?X_4, ?X_2, ?X_4, ?X_3, ?X_1) :- R_21(?X_4, ?X_2, "false"^^<http://www.w3.org/2001/XMLSchema#boolean>, ?X_3, ?X_1, ?X_4) .
18:44:51 [INFO] 7 / 24
18:44:51 [INFO]   Generating new single body literal rule for R_6
18:44:51 [INFO]   Assigned relation R_6 the artiy 2
18:44:51 [INFO]   Assigned relation R_9 the artiy 4
18:44:51 [INFO]   Added new rule of name r_GEN_7
18:44:51 [INFO]   R_6(?X_1, ?X_2) :- R_9(?X_1, ?X_2, ?X_1, ?X_1) .
18:44:51 [INFO] 8 / 24
18:44:51 [INFO]   Generating new single body literal rule for R_7
18:44:51 [INFO]   Assigned relation R_7 the artiy 3
18:44:51 [INFO]   Added new rule of name r_GEN_8
18:44:51 [INFO]   R_7(?X_2, ?X_2, ?X_3) :- false(?X_2), false(?X_2), false(?X_3) .
18:44:51 [INFO] 9 / 24
18:44:51 [INFO]   Generating new single body literal rule for R_8
18:44:51 [INFO]   Assigned relation R_8 the artiy 1
18:44:51 [INFO]   Assigned relation R_10 the artiy 5
18:44:51 [INFO]   Added new rule of name r_GEN_9
18:44:51 [INFO]   R_8(?X_1) :- R_10(?Y_1, ?Y_1, ?X_1, ?Y_1, ?X_1) .
18:44:51 [INFO] 10 / 24
18:44:51 [INFO]   Generating new single body literal rule for R_9
18:44:51 [INFO]   Assigned relation R_15 the artiy 5
18:44:51 [INFO]   Added new rule of name r_GEN_10
18:44:51 [INFO]   R_9(?X_3, ?X_3, ?X_4, "false"^^<http://www.w3.org/2001/XMLSchema#boolean>) :- R_15(?X_3, ?X_3, ?X_4, "false"^^<http://www.w3.org/2001/XMLSchema#boolean>, "false"^^<http://www.w3.org/2001/XMLSchema#boolean>) .
18:44:51 [INFO] 11 / 24
18:44:51 [INFO]   Generating new single body literal rule for R_10
18:44:51 [INFO]   Added new rule of name r_GEN_11
18:44:51 [INFO]   R_10(?X_1, ?X_2, ?X_4, ?X_4, ?X_3) :- false(?X_1), false(?X_2), false(?X_4), false(?X_4), false(?X_3) .
18:44:51 [INFO] 12 / 24
18:44:51 [INFO]   Generating new single body literal rule for R_11
18:44:51 [INFO]   Assigned relation R_11 the artiy 6
18:44:51 [INFO]   Added new rule of name r_GEN_12
18:44:51 [INFO]   R_11(?X_1, ?X_5, ?X_3, ?X_1, ?X_2, "phi-assign") :- R_4(?X_1, ?X_5), R_4(?X_3, ?X_1), R_4(?X_2, "phi-assign") .
18:44:51 [INFO] 13 / 24
18:44:51 [INFO]   Generating new single body literal rule for R_12
18:44:51 [INFO]   Assigned relation R_12 the artiy 5
18:44:51 [INFO]   Added new rule of name r_GEN_13
18:44:51 [INFO]   R_12(?X_3, ?X_3, ?X_2, "false"^^<http://www.w3.org/2001/XMLSchema#boolean>, ?X_1) :- R_10(?X_3, ?X_3, ?X_2, "false"^^<http://www.w3.org/2001/XMLSchema#boolean>, ?X_1) .
18:44:51 [INFO] 14 / 24
18:44:51 [INFO]   Generating new single body literal rule for R_13
18:44:51 [INFO]   Assigned relation R_13 the artiy 1
18:44:51 [INFO]   Added new rule of name r_GEN_14
18:44:51 [INFO]   R_13("phi-assign") :- R_6("phi-assign", ?Y_1) .
18:44:51 [INFO] 15 / 24
18:44:51 [INFO]   Generating new single body literal rule for R_14
18:44:51 [INFO]   Assigned relation R_14 the artiy 6
18:44:51 [INFO]   Added new rule of name r_GEN_15
18:44:51 [INFO]   R_14(?X_2, ?X_1, ?X_3, ?X_1, ?X_6, "phi-assign") :- R_3(?X_2, ?X_1, ?X_3, ?X_1), R_3(?X_6, ?X_6, ?X_3, "phi-assign") .
18:44:51 [INFO] 16 / 24
18:44:51 [INFO]   Generating new single body literal rule for R_15
18:44:51 [INFO]   Added new rule of name r_GEN_16
18:44:51 [INFO]   R_15(?X_5, ?X_1, ?X_4, ?X_4, "false"^^<http://www.w3.org/2001/XMLSchema#boolean>) :- AssignOperFromConstant(?X_5, ?X_1, ?X_5), AssignOperFromConstant(?X_4, "false"^^<http://www.w3.org/2001/XMLSchema#boolean>, ?X_4) .
18:44:51 [INFO] 17 / 24
18:44:51 [INFO]   Generating new single body literal rule for R_16
18:44:51 [INFO]   Assigned relation R_16 the artiy 3
18:44:51 [INFO]   Added new rule of name r_GEN_17
18:44:51 [INFO]   R_16(?X_1, "false"^^<http://www.w3.org/2001/XMLSchema#boolean>, ?X_2) :- ConstFolding(?X_1, ?Y_1, ?X_2, "false"^^<http://www.w3.org/2001/XMLSchema#boolean>) .
18:44:51 [INFO] 18 / 24
18:44:51 [INFO]   Generating new single body literal rule for R_17
18:44:51 [INFO]   Assigned relation R_17 the artiy 3
18:44:51 [INFO]   Added new rule of name r_GEN_18
18:44:51 [INFO]   R_17(?X_2, ?X_1, ?X_1) :- R_5(?X_1, ?X_1, ?X_1, ?X_2, ?X_2) .
18:44:51 [INFO] 19 / 24
18:44:51 [INFO]   Generating new single body literal rule for R_18
18:44:51 [INFO]   Assigned relation R_18 the artiy 1
18:44:51 [INFO]   Assigned relation R_19 the artiy 3
18:44:51 [INFO]   Added new rule of name r_GEN_19
18:44:51 [INFO]   R_18(?X_1) :- R_19(?X_1, ?Y_1, "phi-assign") .
18:44:51 [INFO] 20 / 24
18:44:51 [INFO]   Generating new single body literal rule for R_19
18:44:51 [INFO]   Assigned relation R_20 the artiy 3
18:44:51 [INFO]   Added new rule of name r_GEN_20
18:44:51 [INFO]   R_19(?X_3, ?X_1, ?X_2) :- R_20(?X_3, ?X_1, ?X_2) .
18:44:51 [INFO] 21 / 24
18:44:51 [INFO]   Generating new single body literal rule for R_20
18:44:51 [INFO]   Added new rule of name r_GEN_21
18:44:51 [INFO]   R_20(?X_3, ?X_1, ?X_1) :- R_19(?X_3, ?X_1, ?X_1) .
18:44:51 [INFO] 22 / 24
18:44:51 [INFO]   Generating new single body literal rule for R_21
18:44:51 [INFO]   Assigned relation R_22 the artiy 6
18:44:51 [INFO]   Added new rule of name r_GEN_22
18:44:51 [INFO]   R_21(?X_1, ?X_2, ?X_6, ?X_3, "phi-assign", ?X_4) :- R_22(?X_1, ?X_2, ?X_6, ?X_3, "phi-assign", ?X_4) .
18:44:51 [INFO] 23 / 24
18:44:51 [INFO]   Generating new single body literal rule for R_22
18:44:51 [INFO]   Added new rule of name r_GEN_23
18:44:51 [INFO]   R_22("false"^^<http://www.w3.org/2001/XMLSchema#boolean>, ?X_6, ?X_5, ?X_4, ?X_1, ?X_3) :- R_11("false"^^<http://www.w3.org/2001/XMLSchema#boolean>, ?X_6, ?X_5, ?X_4, ?X_1, ?X_3) .
18:44:51 [INFO] 24 / 24
18:44:51 [INFO]   Generating new single body literal rule for R_23
18:44:51 [INFO]   Assigned relation R_23 the artiy 1
18:44:51 [INFO]   Added new rule of name r_GEN_24
18:44:51 [INFO]   R_23("phi-assign") :- AssignLocal("phi-assign", "phi-assign", "phi-assign", "phi-assign", "phi-assign") .
18:44:51 [INFO] 
18:44:51 [INFO] Adding a outgoing relational edge for each relation other than R_OUT
18:44:51 [INFO] 
18:44:51 [INFO] 1 / 33
18:44:51 [INFO]   Adding outgoing relational edge from AssignBinop for r_GEN_1
18:44:51 [INFO]   Generated literal ~AssignBinop(?X_3, ?X_3, ?X_4, ?X_2) for rule r_GEN_1
18:44:51 [INFO] 2 / 33
18:44:51 [INFO]   Adding outgoing relational edge from AssignLocal for r_GEN_20
18:44:51 [INFO]   Generated literal ~AssignLocal(?X_3, ?X_3, ?X_3, ?X_1, ?X_2) for rule r_GEN_20
18:44:51 [INFO] 3 / 33
18:44:51 [INFO]   Adding outgoing relational edge from AssignNumConstant for r_GEN_24
18:44:51 [INFO]   Generated literal AssignNumConstant("false"^^<http://www.w3.org/2001/XMLSchema#boolean>, ?Z_1, "phi-assign", "phi-assign", "false"^^<http://www.w3.org/2001/XMLSchema#boolean>) for rule r_GEN_24
18:44:51 [INFO] 4 / 33
18:44:51 [INFO]   Adding outgoing relational edge from AssignOperFrom for r_GEN_6
18:44:51 [INFO]   Generated literal ~AssignOperFrom(?X_3, ?X_1, ?X_3) for rule r_GEN_6
18:44:51 [INFO] 5 / 33
18:44:51 [INFO]   Adding outgoing relational edge from AssignOperFromConstant for r_GEN_17
18:44:51 [INFO]   Generated literal AssignOperFromConstant(?X_1, ?X_2, ?Z_2) for rule r_GEN_17
18:44:51 [INFO] 6 / 33
18:44:51 [INFO]   Adding outgoing relational edge from AssignUnop for r_GEN_8
18:44:51 [INFO]   Generated literal AssignUnop(?X_2, ?X_2, ?Z_2, ?X_2) for rule r_GEN_8
18:44:51 [INFO] 7 / 33
18:44:51 [INFO]   Adding outgoing relational edge from ConstFolding for r_GEN_7
18:44:51 [INFO]   Generated literal ConstFolding(?X_2, ?X_2, ?Z_2, ?X_2) for rule r_GEN_7
18:44:51 [INFO] 8 / 33
18:44:51 [INFO]   Adding outgoing relational edge from IntegerConstant for r_GEN_13
18:44:51 [INFO]   Generated literal IntegerConstant(?X_3, ?X_3, ?X_1) for rule r_GEN_13
18:44:51 [INFO] 9 / 33
18:44:51 [INFO]   Adding outgoing relational edge from OperatorAt for r_GEN_22
18:44:51 [INFO]   Generated literal OperatorAt(?Z_4, ?X_3) for rule r_GEN_22
18:44:51 [INFO] 10 / 33
18:44:51 [INFO]   Adding outgoing relational edge from false for r_GEN_21
18:44:51 [INFO]   Generated literal ~false(?X_1) for rule r_GEN_21
18:44:51 [INFO] 11 / 33
18:44:51 [INFO]   Adding outgoing relational edge from R_1 for r_GEN_8
18:44:51 [INFO]   Generated literal R_1(?X_2, ?X_2, ?X_2, ?Z_3) for rule r_GEN_8
18:44:51 [INFO] 12 / 33
18:44:51 [INFO]   Adding outgoing relational edge from R_2 for r_GEN_11
18:44:51 [INFO]   Generated literal R_2(?X_3, ?Z_1, ?X_3, ?X_1, ?X_2) for rule r_GEN_11
18:44:51 [INFO] 13 / 33
18:44:51 [INFO]   Adding outgoing relational edge from R_3 for r_GEN_8
18:44:51 [INFO]   Generated literal R_3(?X_2, ?X_2, ?X_2, ?X_2) for rule r_GEN_8
18:44:51 [INFO] 14 / 33
18:44:51 [INFO]   Adding outgoing relational edge from R_4 for r_GEN_7
18:44:51 [INFO]   Generated literal ~R_4(?X_1, ?X_1) for rule r_GEN_7
18:44:51 [INFO] 15 / 33
18:44:51 [INFO]   Adding outgoing relational edge from R_5 for r_GEN_4
18:44:51 [INFO]   Generated literal R_5(?Z_2, ?X_3, ?X_2, ?Z_1, "false"^^<http://www.w3.org/2001/XMLSchema#boolean>) for rule r_GEN_4
18:44:51 [INFO] 16 / 33
18:44:51 [INFO]   Adding outgoing relational edge from R_6 for r_GEN_4
18:44:51 [INFO]   Generated literal ~R_6(?X_3, ?X_3) for rule r_GEN_4
18:44:51 [INFO] 17 / 33
18:44:51 [INFO]   Adding outgoing relational edge from R_7 for r_GEN_24
18:44:51 [INFO]   Generated literal R_7(?Z_1, ?Z_1, "false"^^<http://www.w3.org/2001/XMLSchema#boolean>) for rule r_GEN_24
18:44:51 [INFO] 18 / 33
18:44:51 [INFO]   Adding outgoing relational edge from R_8 for r_GEN_21
18:44:51 [INFO]   Generated literal R_8(?X_1) for rule r_GEN_21
18:44:51 [INFO] 19 / 33
18:44:51 [INFO]   Adding outgoing relational edge from R_9 for r_GEN_14
18:44:51 [INFO]   Generated literal R_9(?Y_1, ?Z_1, ?Y_1, "false"^^<http://www.w3.org/2001/XMLSchema#boolean>) for rule r_GEN_14
18:44:51 [INFO] 20 / 33
18:44:51 [INFO]   Adding outgoing relational edge from R_10 for r_GEN_20
18:44:51 [INFO]   Generated literal R_10(?X_3, ?X_1, "phi-assign", ?X_1, ?Z_2) for rule r_GEN_20
18:44:51 [INFO] 21 / 33
18:44:51 [INFO]   Adding outgoing relational edge from R_11 for r_GEN_14
18:44:51 [INFO]   Generated literal ~R_11(?Y_1, "phi-assign", ?Y_1, ?Y_1, ?Y_1, ?Z_1) for rule r_GEN_14
18:44:51 [INFO] 22 / 33
18:44:51 [INFO]   Adding outgoing relational edge from R_12 for r_GEN_8
18:44:51 [INFO]   Generated literal R_12(?X_2, ?Z_4, ?Z_5, ?X_2, ?Z_7) for rule r_GEN_8
18:44:51 [INFO] 23 / 33
18:44:51 [INFO]   Adding outgoing relational edge from R_13 for r_GEN_18
18:44:51 [INFO]   Generated literal ~R_13(?X_1) for rule r_GEN_18
18:44:51 [INFO] 24 / 33
18:44:51 [INFO]   Adding outgoing relational edge from R_14 for r_GEN_8
18:44:51 [INFO]   Generated literal R_14(?X_2, ?X_2, ?X_2, ?X_3, ?X_2, ?X_2) for rule r_GEN_8
18:44:51 [INFO] 25 / 33
18:44:51 [INFO]   Adding outgoing relational edge from R_15 for r_GEN_19
18:44:51 [INFO]   Generated literal R_15(?Z_1, ?X_1, ?X_1, ?X_1, ?Y_1) for rule r_GEN_19
18:44:51 [INFO] 26 / 33
18:44:51 [INFO]   Adding outgoing relational edge from R_16 for r_GEN_17
18:44:51 [INFO]   Generated literal R_16(?Z_2, "phi-assign", ?X_1) for rule r_GEN_17
18:44:51 [INFO] 27 / 33
18:44:51 [INFO]   Adding outgoing relational edge from R_17 for r_GEN_2
18:44:51 [INFO]   Generated literal R_17(?Z_3, ?X_2, ?X_2) for rule r_GEN_2
18:44:51 [INFO] 28 / 33
18:44:51 [INFO]   Adding outgoing relational edge from R_18 for r_GEN_10
18:44:51 [INFO]   Generated literal ~R_18(?X_4) for rule r_GEN_10
18:44:51 [INFO] 29 / 33
18:44:51 [INFO]   Adding outgoing relational edge from R_19 for r_GEN_7
18:44:51 [INFO]   Generated literal R_19(?Z_6, ?Z_4, ?X_2) for rule r_GEN_7
18:44:51 [INFO] 30 / 33
18:44:51 [INFO]   Adding outgoing relational edge from R_20 for r_GEN_3
18:44:51 [INFO]   Generated literal R_20(?Z_3, ?X_5, ?X_5) for rule r_GEN_3
18:44:51 [INFO] 31 / 33
18:44:51 [INFO]   Adding outgoing relational edge from R_21 for r_GEN_24
18:44:51 [INFO]   Generated literal R_21(?Z_1, ?Z_2, ?Z_1, ?Z_1, ?Z_1, "false"^^<http://www.w3.org/2001/XMLSchema#boolean>) for rule r_GEN_24
18:44:51 [INFO] 32 / 33
18:44:51 [INFO]   Adding outgoing relational edge from R_22 for r_GEN_2
18:44:51 [INFO]   Generated literal R_22(?X_3, ?Z_4, ?X_4, ?X_2, ?Z_2, ?X_4) for rule r_GEN_2
18:44:51 [INFO] 33 / 33
18:44:51 [INFO]   Adding outgoing relational edge from R_23 for r_GEN_13
18:44:51 [INFO]   Generated literal R_23(?X_3) for rule r_GEN_13
18:44:51 [INFO] 
18:44:51 [INFO] Adding gen. size facts
18:44:51 [INFO] 
18:44:51 [INFO] 1 / 24
18:44:51 [INFO]   II Add Fact Node and Edge
18:44:51 [INFO]   Added new fact R_13(c_1).
18:44:51 [INFO] 2 / 24
18:44:51 [INFO]   II Add Fact Node and Edge
18:44:51 [INFO]   Added new fact R_23(c_2).
18:44:51 [INFO] 3 / 24
18:44:51 [INFO]   II Add Fact Node and Edge
18:44:51 [INFO]   Added new fact R_5(c_1, c_1, c_3, c_4, c_5).
18:44:51 [INFO] 4 / 24
18:44:51 [INFO]   II Add Fact Node and Edge
18:44:51 [INFO]   Added new fact R_12(c_4, c_4, c_4, c_1, c_6).
18:44:51 [INFO] 5 / 24
18:44:51 [INFO]   II Add Fact Node and Edge
18:44:51 [INFO]   Added new fact R_4(c_7, c_1).
18:44:51 [INFO] 6 / 24
18:44:51 [INFO]   II Add Fact Node and Edge
18:44:51 [INFO]   Added new fact R_8(c_3).
18:44:51 [INFO] 7 / 24
18:44:51 [INFO]   II Add Fact Node and Edge
18:44:51 [INFO]   Added new fact R_6(c_7, 14483063910576900932).
18:44:51 [INFO] 8 / 24
18:44:51 [INFO]   II Add Fact Node and Edge
18:44:51 [INFO]   Added new fact R_2(c_8, c_8, c_4, "str_1", "false"^^<http://www.w3.org/2001/XMLSchema#boolean>).
18:44:51 [INFO] 9 / 24
18:44:51 [INFO]   II Add Fact Node and Edge
18:44:51 [INFO]   Added new fact R_1(c_2, c_2, c_9, c_4).
18:44:51 [INFO] 10 / 24
18:44:51 [INFO]   II Add Fact Node and Edge
18:44:51 [INFO]   Added new fact R_18(c_9).
18:44:51 [INFO] 11 / 24
18:44:51 [INFO]   II Add Fact Node and Edge
18:44:51 [INFO]   Added new fact R_20("str_2", c_10, "str_3").
18:44:51 [INFO] 12 / 24
18:44:51 [INFO]   II Add Fact Node and Edge
18:44:51 [INFO]   Added new fact R_21("str_4", c_11, c_12, c_13, "str_4", c_14).
18:44:51 [INFO] 13 / 24
18:44:51 [INFO]   II Add Fact Node and Edge
18:44:51 [INFO]   Added new fact R_16(c_1, c_12, "false"^^<http://www.w3.org/2001/XMLSchema#boolean>).
18:44:51 [INFO] 14 / 24
18:44:51 [INFO]   II Add Fact Node and Edge
18:44:51 [INFO]   Added new fact R_4(c_15, c_16).
18:44:51 [INFO] 15 / 24
18:44:51 [INFO]   II Add Fact Node and Edge
18:44:51 [INFO]   Added new fact R_9("str_3", c_16, c_15, c_17).
18:44:51 [INFO] 16 / 24
18:44:51 [INFO]   II Add Fact Node and Edge
18:44:51 [INFO]   Added new fact R_9(c_18, c_7, c_19, c_11).
18:44:51 [INFO] 17 / 24
18:44:51 [INFO]   II Add Fact Node and Edge
18:44:51 [INFO]   Added new fact R_1(17127201091689859114, c_13, c_10, "str_5").
18:44:51 [INFO] 18 / 24
18:44:51 [INFO]   II Add Fact Node and Edge
18:44:51 [INFO]   Added new fact R_3(c_2, c_17, c_15, c_12).
18:44:51 [INFO] 19 / 24
18:44:51 [INFO]   II Add Fact Node and Edge
18:44:51 [INFO]   Added new fact R_18("str_1").
18:44:51 [INFO] 20 / 24
18:44:51 [INFO]   II Add Fact Node and Edge
18:44:51 [INFO]   Added new fact R_5(c_14, "str_1", "str_4", c_20, 11421221417431253706).
18:44:51 [INFO] 21 / 24
18:44:51 [INFO]   II Add Fact Node and Edge
18:44:51 [INFO]   Added new fact R_5("str_6", c_1, 6456159175679387234, "str_4", c_21).
18:44:51 [INFO] 22 / 24
18:44:51 [INFO]   II Add Fact Node and Edge
18:44:51 [INFO]   Added new fact R_21(c_16, c_22, 7506680205197525836, 2181312552282943974, "str_7", 3816561214417732929).
18:44:51 [INFO] 23 / 24
18:44:51 [INFO]   II Add Fact Node and Edge
18:44:51 [INFO]   Added new fact R_21(17127201091689859114, 15600301728240905510, c_5, 8925206475864558987, "str_8", c_1).
18:44:51 [INFO] 24 / 24
18:44:51 [INFO]   II Add Fact Node and Edge
18:44:51 [INFO]   Added new fact R_2(c_15, c_23, "str_9", "phi-assign", c_24).
18:44:51 [INFO] 
18:44:51 [INFO] ----------------------------------------------
18:44:51 [INFO] ----------- Program Generation Done ----------
18:44:51 [INFO] ----------------------------------------------
18:44:51 [INFO] 
18:44:51 [INFO] ----------- Generated ADG Summary: -----------
18:44:51 [INFO] ADG Fact Nodes:                  24
18:44:51 [INFO] ADG Relational Nodes:            34
18:44:51 [INFO] ADG Fact Edges:                  24
18:44:51 [INFO] ADG Relational Edges:            68
18:44:51 [INFO] Number of inv. Strata:           3
18:44:51 [INFO] 
18:44:51 [INFO] Nodes with None Ancestry:        31
18:44:51 [INFO] Nodes with Positive Ancestry:    2
18:44:51 [INFO] Nodes with Negative Ancestry:    1
18:44:51 [INFO] Nodes with Unknown Ancestry:     0
18:44:51 [INFO] 
18:44:51 [INFO] Next rule name would be:         r_EXP_25
18:44:51 [INFO] Next predicate name would be:    R_24
18:44:51 [INFO] Next constant name would be:     c_25
18:44:51 [INFO] Next string would be:            "str_10"
18:44:51 [INFO] 
18:44:51 [INFO] Output predicate:                R_OUT
18:44:51 [INFO] Generated rule count:            24
18:44:51 [INFO] Rule count:                      42
18:44:51 [INFO] Average rel. arity:              3.588235294117647
18:44:51 [INFO] Arity calc. may be inaccurate if arity > f64
18:44:51 [INFO] ----------------------------------------------
18:44:51 [INFO] 
18:44:51 [INFO] ------ Performed Gen. Transformations: -------
18:44:51 [INFO]  #      Type
18:44:51 [INFO]  24      Generate New Rule with Probably Single Lit
18:44:51 [INFO]  33      Generating an Outgoing Relational Edge
18:44:51 [INFO]  23      I     Add Relational Node
18:44:51 [INFO]  24      II    Add Fact Node and Edge
18:44:51 [INFO] ----------------------------------------------
18:44:51 [INFO] 
18:44:51 [INFO] Storing input ADG and input program
18:44:51 [INFO] 
18:44:51 [INFO] ----------------------------------------------
18:44:51 [INFO] --------- Beginning Transformations ----------
18:44:51 [INFO] --------  Oracle: EXP    Number: 22
18:44:51 [INFO] ----------------------------------------------
18:44:51 [INFO] 1 / 22
18:44:51 [INFO]   III Add Relational edges - New Rule
18:44:51 [INFO]   Added new rule of name r_EXP_27
18:44:51 [INFO]   R_4(?X_2, ?X_1) :- R_20(?X_2, ?X_1, ?X_1) .
18:44:51 [INFO] 2 / 22
18:44:51 [INFO]   V Remove Relational Edges - Whole Rule
18:44:51 [INFO]   Removing the Rule of the name r_GEN_5
18:44:51 [INFO] 3 / 22
18:44:51 [INFO]   IV Add Relational Edge - New Literal
18:44:51 [INFO]   Generated literal OperatorAt(?Z_5, ?X_3) for rule r_GEN_13
18:44:51 [INFO] 4 / 22
18:44:51 [INFO]   IX Remove Fact Node and Edge
18:44:51 [INFO]   Removed fact R_9("str_3", c_16, c_15, c_17). from the program
18:44:51 [INFO]   Removed fact R_9("str_3", c_16, c_15, c_17). from the ADG.
18:44:51 [INFO] 5 / 22
18:44:51 [INFO]   I Add Relational Node
18:44:51 [INFO]   Added new relation R_26
18:44:51 [INFO] 6 / 22
18:44:51 [INFO]   I Add Relational Node
18:44:51 [INFO]   Added new relation R_27
18:44:51 [INFO] 7 / 22
18:44:51 [INFO]   Xa Remove Relational Node - Rule Variant
18:44:51 [INFO]   Removing relational node R_8
18:44:51 [INFO]   Removing the Rule of the name r_GEN_9
18:44:51 [INFO]   Removing the Rule of the name r_GEN_21
18:44:51 [INFO]   Removing at least 4 relational edges.
18:44:51 [INFO] 8 / 22
18:44:51 [INFO]   XI Add Contradictory Rule
18:44:51 [INFO]   Added new contradictory rule of name r_EXP_28
18:44:51 [INFO]   R_15(?X_1, ?X_4, ?X_2, ?X_5, ?X_3) :- R_10(?X_1, ?X_4, ?X_2, ?X_5, ?X_3), ~R_10(?X_1, ?X_4, ?X_2, ?X_5, ?X_3) .
18:44:51 [INFO] 9 / 22
18:44:51 [INFO]   VII Modify Rule - Add Equality
18:44:51 [INFO]   Replaced var ?X_5 with var ?X_4 in the rule r_GEN_3
18:44:51 [INFO] 10 / 22
18:44:51 [INFO]   II Add Fact Node and Edge
18:44:51 [INFO]   Added new fact R_10(c_18, c_16, "str_12", c_27, "str_13").
18:44:51 [INFO] 11 / 22
18:44:51 [INFO]   IX Remove Fact Node and Edge
18:44:51 [INFO]   Removed fact R_18("str_1"). from the program
18:44:51 [INFO]   Removed fact R_18("str_1"). from the ADG.
18:44:51 [INFO] 12 / 22
18:44:51 [INFO]   I Add Relational Node
18:44:51 [INFO]   Added new relation R_28
18:44:51 [INFO] 13 / 22
18:44:51 [INFO]   VIII Modify Rule - Remove Equality
18:44:51 [INFO]   Replaced a random number of var X_4 with var X_4_new_1 in the rule r_GEN_16
18:44:51 [INFO] 14 / 22
18:44:51 [INFO]   IX Remove Fact Node and Edge
18:44:51 [INFO]   Removed fact R_21(c_16, c_22, 7506680205197525836, 2181312552282943974, "str_7", 3816561214417732929). from the program
18:44:51 [INFO]   Removed fact R_21(c_16, c_22, 7506680205197525836, 2181312552282943974, "str_7", 3816561214417732929). from the ADG.
18:44:51 [INFO] 15 / 22
18:44:51 [INFO]   IX Remove Fact Node and Edge
18:44:51 [INFO]   Removed fact R_9(c_18, c_7, c_19, c_11). from the program
18:44:51 [INFO]   Removed fact R_9(c_18, c_7, c_19, c_11). from the ADG.
18:44:51 [INFO] 16 / 22
18:44:51 [INFO]   IV Add Relational Edge - New Literal
18:44:51 [INFO]   Generated literal R_4(?X_3, ?X_2) for rule r_GEN_8
18:44:51 [INFO] 17 / 22
18:44:51 [INFO]   III Add Relational edges - New Rule
18:44:51 [INFO]   Assigned relation R_27 the artiy 6
18:44:51 [INFO]   Assigned relation R_28 the artiy 1
18:44:51 [INFO]   Added new rule of name r_EXP_29
18:44:51 [INFO]   R_14(?X_6, ?X_3, ?X_1, ?X_6, ?X_2, ?X_5) :- R_22(c_8, ?X_3, ?X_1, ?Y_1, ?X_2, ?X_6), R_27(?Y_1, ?X_1, ?X_6, ?X_6, ?X_5, ?X_6), R_28(?Y_1) .
18:44:51 [INFO] 18 / 22
18:44:51 [INFO]   Xa Remove Relational Node - Rule Variant
18:44:51 [INFO]   Removing relational node R_19
18:44:51 [INFO]   Removing the Rule of the name r_GEN_20
18:44:51 [INFO]   Removing the Rule of the name r_GEN_19
18:44:51 [INFO]   Removing the Rule of the name r_GEN_7
18:44:51 [INFO]   Removing at least 9 relational edges.
18:44:51 [INFO] 19 / 22
18:44:51 [INFO]   Xa Remove Relational Node - Rule Variant
18:44:51 [INFO]   Removing relational node R_11
18:44:51 [INFO]   Removing the Rule of the name r_GEN_12
18:44:51 [INFO]   Removing the Rule of the name r_GEN_23
18:44:51 [INFO]   Removing the Rule of the name r_GEN_14
18:44:51 [INFO]   Removing at least 7 relational edges.
18:44:51 [INFO] 20 / 22
18:44:51 [INFO]   V Remove Relational Edges - Whole Rule
18:44:51 [INFO]   Removing the Rule of the name r_GEN_15
18:44:51 [INFO] 21 / 22
18:44:51 [INFO]   I Add Relational Node
18:44:51 [INFO]   Added new relation R_29
18:44:51 [INFO] 22 / 22
18:44:51 [INFO]   IV Add Relational Edge - New Literal
18:44:51 [INFO]   Generated literal R_18(?X_2) for rule r_GEN_8
18:44:51 [INFO] ----------------------------------------------
18:44:51 [INFO] ------------ Transformations Done ------------
18:44:51 [INFO] ----------------------------------------------
18:44:51 [INFO]  Ressources required: 
                data/AssignNumConstant.tsv.gz
                data/AssignLocal.tsv.gz
                data/OperatorAt.tsv.gz
                data/AssignUnop.tsv.gz
                data/AssignBinop.tsv.gz
                data/AssignOperFrom.tsv.gz
                data/AssignOperFromConstant.tsv.gz
                
18:44:51 [INFO] ---------- Transformed ADG Summary: ----------
18:44:51 [INFO] ADG Fact Nodes:                  20
18:44:51 [INFO] ADG Relational Nodes:            35
18:44:51 [INFO] ADG Fact Edges:                  20
18:44:51 [INFO] ADG Relational Edges:            54
18:44:51 [INFO] Number of inv. Strata:           3
18:44:51 [INFO] 
18:44:51 [INFO] Nodes with None Ancestry:        30
18:44:51 [INFO] Nodes with Positive Ancestry:    2
18:44:51 [INFO] Nodes with Negative Ancestry:    1
18:44:51 [INFO] Nodes with Unknown Ancestry:     0
18:44:51 [INFO] 
18:44:51 [INFO] Next rule name would be:         r_EXP_30
18:44:51 [INFO] Next predicate name would be:    R_30
18:44:51 [INFO] Next constant name would be:     c_28
18:44:51 [INFO] Next string would be:            "str_14"
18:44:51 [INFO] 
18:44:51 [INFO] Output predicate:                R_OUT
18:44:51 [INFO] Rule count:                      35
18:44:51 [INFO] Average rel. arity:              3.5294117647058822
18:44:51 [INFO] Arity calc. may be inaccurate if arity > f64
18:44:51 [INFO] ----------------------------------------------
18:44:51 [INFO] 
18:44:51 [INFO] --------- Performed Transformations: ---------
18:44:51 [INFO]  #      Type
18:44:51 [INFO]  1      Failed Transformation Attempts
18:44:51 [INFO]  4      I     Add Relational Node
18:44:51 [INFO]  1      II    Add Fact Node and Edge
18:44:51 [INFO]  2      III   Add Relational edges - New Rule
18:44:51 [INFO]  3      IV    Add Relational Edge - New Literal
18:44:51 [INFO]  4      IX    Remove Fact Node and Edge
18:44:51 [INFO]  2      V     Remove Relational Edges - Whole Rule
18:44:51 [INFO]  0      VI    Remove Relational Edge - Single Literal
18:44:51 [INFO]  1      VII   Modify Rule - Add Equality
18:44:51 [INFO]  1      VIII  Modify Rule - Remove Equality
18:44:51 [INFO]  1      XI   Add Contradictory Rule
18:44:51 [INFO]  3      Xa     Remove Relational Node Rule Variant - None anc only
18:44:51 [INFO] ----------------------------------------------
18:44:51 [INFO] 
18:44:51 [INFO] Writing output ADG and file.
18:44:51 [INFO] 
18:44:51 [INFO] ----------------------------------------------
18:44:51 [INFO] -- Beginning Nemo Execution - Input Program --
18:44:51 [INFO] ----------------------------------------------
18:44:51 [INFO] <<< STEP 1: APPLYING RULE 2 IntegerConstant(?var, ?_HEAD_3, ?meth), ConstFolding(?ins, ?var, ?_HEAD_4, ?meth) :- AssignUnop(?ins, ?_BODY_1, ?var, ?meth), OperatorAt(?ins, ?op), AssignOperFromConstant(?ins, ?_BODY_2, ?val1), Equal(?op, "~"), Equal(?_HEAD_3, NumericSubtraction(0, ?val1)), Equal(?_HEAD_4, NumericSubtraction(0, ?val1)) >>>
18:44:51 [INFO] Loading source DsvReader { read: "<unspecified std::io::Read>", delimiter: 9, escape: None, value formats: DsvValueFormats([Anything, Anything, Anything, Anything]) }
18:44:51 [INFO] Starting data import
18:44:51 [INFO] Finished import: processed 4313 lines (dropped 1)
18:44:51 [INFO] Loading source DsvReader { read: "<unspecified std::io::Read>", delimiter: 9, escape: None, value formats: DsvValueFormats([Anything, Anything]) }
18:44:51 [INFO] Starting data import
18:44:51 [INFO] Finished import: processed 100922 lines (dropped 1)
18:44:51 [INFO] Loading source DsvReader { read: "<unspecified std::io::Read>", delimiter: 9, escape: None, value formats: DsvValueFormats([Anything, Anything, Anything]) }
18:44:51 [INFO] Starting data import
18:44:51 [INFO] Finished import: processed 16261 lines (dropped 1)
18:44:51 [INFO] Loading source DsvReader { read: "<unspecified std::io::Read>", delimiter: 9, escape: None, value formats: DsvValueFormats([Anything, Anything, Anything, Anything, Anything]) }
18:44:51 [INFO] Starting data import
18:44:51 [INFO] Finished import: processed 42404 lines (dropped 1)
18:44:51 [INFO] Execution step: Body
18:44:51 [INFO] Trie does not contain any elements
18:44:51 [INFO] Trie does not contain any elements
18:44:51 [INFO] Execution step: Duplicate Elimination (Datalog)
18:44:51 [INFO] Trie does not contain any elements
18:44:51 [INFO] Execution step: Duplicate Elimination (Datalog)
18:44:51 [INFO] Trie does not contain any elements
18:44:51 [INFO] Rule duration: 296 ms
18:44:51 [INFO] <<< STEP 2: APPLYING RULE 4 IntegerConstant(?var, ?_HEAD_2, ?meth), ConstFolding(?ins, ?var, ?_HEAD_3, ?meth) :- AssignBinop(?ins, ?_BODY_1, ?var, ?meth), OperatorAt(?ins, ?op), AssignOperFromConstant(?ins, ?pos1, ?val1), AssignOperFromConstant(?ins, ?pos2, ?val2), Equal(?op, "+"), NumericLessthan(?pos1, ?pos2), Equal(?_HEAD_2, NumericSum(?val1, ?val2)), Equal(?_HEAD_3, NumericSum(?val1, ?val2)) >>>
18:44:51 [INFO] Loading source DsvReader { read: "<unspecified std::io::Read>", delimiter: 9, escape: None, value formats: DsvValueFormats([Anything, Anything, Anything, Anything]) }
18:44:51 [INFO] Starting data import
18:44:51 [INFO] Finished import: processed 26551 lines (dropped 1)
18:44:51 [INFO] Execution step: Body
18:44:51 [INFO] Trie does not contain any elements
18:44:51 [INFO] Trie does not contain any elements
18:44:51 [INFO] Execution step: Duplicate Elimination (Datalog)
18:44:51 [INFO] Trie does not contain any elements
18:44:51 [INFO] Execution step: Duplicate Elimination (Datalog)
18:44:51 [INFO] Trie does not contain any elements
18:44:51 [INFO] Rule duration: 60 ms
18:44:51 [INFO] <<< STEP 3: APPLYING RULE 8 IntegerConstant(?var, ?_HEAD_2, ?meth), ConstFolding(?ins, ?var, ?_HEAD_3, ?meth) :- AssignBinop(?ins, ?_BODY_1, ?var, ?meth), OperatorAt(?ins, ?op), AssignOperFromConstant(?ins, ?pos1, ?val1), AssignOperFromConstant(?ins, ?pos2, ?val2), Equal(?op, "-"), NumericLessthan(?pos1, ?pos2), Equal(?_HEAD_2, NumericSubtraction(?val1, ?val2)), Equal(?_HEAD_3, NumericSubtraction(?val1, ?val2)) >>>
18:44:51 [INFO] Execution step: Body
18:44:51 [INFO] Trie does not contain any elements
18:44:51 [INFO] Trie does not contain any elements
18:44:51 [INFO] Execution step: Duplicate Elimination (Datalog)
18:44:51 [INFO] Trie does not contain any elements
18:44:51 [INFO] Execution step: Duplicate Elimination (Datalog)
18:44:51 [INFO] Trie does not contain any elements
18:44:51 [INFO] Rule duration: 5 ms
18:44:51 [INFO] <<< STEP 4: APPLYING RULE 11 IntegerConstant(?var, ?_HEAD_2, ?meth), ConstFolding(?ins, ?var, ?_HEAD_3, ?meth) :- AssignBinop(?ins, ?_BODY_1, ?var, ?meth), OperatorAt(?ins, ?op), AssignOperFromConstant(?ins, ?pos1, ?val1), AssignOperFromConstant(?ins, ?pos2, ?val2), Equal(?op, "*"), NumericLessthan(?pos1, ?pos2), Equal(?_HEAD_2, NumericProduct(?val1, ?val2)), Equal(?_HEAD_3, NumericProduct(?val1, ?val2)) >>>
18:44:51 [INFO] Execution step: Body
18:44:51 [INFO] Trie does not contain any elements
18:44:51 [INFO] Trie does not contain any elements
18:44:51 [INFO] Execution step: Duplicate Elimination (Datalog)
18:44:51 [INFO] Trie does not contain any elements
18:44:51 [INFO] Execution step: Duplicate Elimination (Datalog)
18:44:51 [INFO] Trie does not contain any elements
18:44:51 [INFO] Rule duration: 5 ms
18:44:51 [INFO] <<< STEP 5: APPLYING RULE 15 IntegerConstant(?var, ?_HEAD_2, ?meth), ConstFolding(?ins, ?var, ?_HEAD_3, ?meth) :- AssignBinop(?ins, ?_BODY_1, ?var, ?meth), OperatorAt(?ins, ?op), AssignOperFromConstant(?ins, ?pos1, ?val1), AssignOperFromConstant(?ins, ?pos2, ?val2), Equal(?op, "/"), NumericLessthan(?pos1, ?pos2), Equal(?_HEAD_2, NumericDivision(?val1, ?val2)), Equal(?_HEAD_3, NumericDivision(?val1, ?val2)) >>>
18:44:51 [INFO] Execution step: Body
18:44:51 [INFO] Trie does not contain any elements
18:44:51 [INFO] Trie does not contain any elements
18:44:51 [INFO] Execution step: Duplicate Elimination (Datalog)
18:44:51 [INFO] Trie does not contain any elements
18:44:51 [INFO] Execution step: Duplicate Elimination (Datalog)
18:44:51 [INFO] Trie does not contain any elements
18:44:51 [INFO] Rule duration: 5 ms
18:44:51 [INFO] <<< STEP 6: APPLYING RULE 0 IntegerConstant(?var_to, ?val, ?meth), ConstFolding(?ins, ?var_to, ?val, ?meth) :- AssignLocal(?ins, ?_BODY_1, ?var_from, ?var_to, ?meth), false(?_BODY_2), IntegerConstant(?var_from, ?val, ?meth), Equal(?_BODY_2, StringContains(?ins, "phi-assign")) >>>
18:44:51 [INFO] Loading source DsvReader { read: "<unspecified std::io::Read>", delimiter: 9, escape: None, value formats: DsvValueFormats([Anything, Anything, Anything, Anything, Anything]) }
18:44:51 [INFO] Starting data import
18:44:53 [INFO] Finished import: processed 287461 lines (dropped 1)
18:44:53 [INFO] Loading source SimpleTable { arity: 1, data: [AnyDataValue(Boolean(BooleanDataValue(false)))] }
18:44:53 [INFO] Execution step: Body
18:44:53 [INFO] Saved temporary table: 2139 entries (108344)
18:44:53 [INFO] Saved temporary table: 2139 entries (96000)
18:44:53 [INFO] Execution step: Duplicate Elimination (Datalog)
18:44:53 [INFO] Saved permanent table ConstFolding (6) Permutation { idx_to_val: [], val_to_idx: [] } with 2139 entries (108392)
18:44:53 [INFO] Execution step: Duplicate Elimination (Datalog)
18:44:53 [INFO] Saved permanent table IntegerConstant (6) Permutation { idx_to_val: [], val_to_idx: [] } with 2139 entries (96048)
18:44:53 [INFO] Rule duration: 1798 ms
18:44:53 [INFO] <<< STEP 7: APPLYING RULE 0 IntegerConstant(?var_to, ?val, ?meth), ConstFolding(?ins, ?var_to, ?val, ?meth) :- AssignLocal(?ins, ?_BODY_1, ?var_from, ?var_to, ?meth), false(?_BODY_2), IntegerConstant(?var_from, ?val, ?meth), Equal(?_BODY_2, StringContains(?ins, "phi-assign")) >>>
18:44:53 [INFO] Execution step: Body
18:44:53 [INFO] Saved temporary table: 609 entries (43018)
18:44:53 [INFO] Saved temporary table: 609 entries (36794)
18:44:53 [INFO] Execution step: Duplicate Elimination (Datalog)
18:44:53 [INFO] Saved permanent table ConstFolding (7) Permutation { idx_to_val: [], val_to_idx: [] } with 609 entries (43066)
18:44:53 [INFO] Execution step: Duplicate Elimination (Datalog)
18:44:53 [INFO] Saved permanent table IntegerConstant (7) Permutation { idx_to_val: [], val_to_idx: [] } with 609 entries (36842)
18:44:53 [INFO] Rule duration: 12 ms
18:44:53 [INFO] <<< STEP 8: APPLYING RULE 0 IntegerConstant(?var_to, ?val, ?meth), ConstFolding(?ins, ?var_to, ?val, ?meth) :- AssignLocal(?ins, ?_BODY_1, ?var_from, ?var_to, ?meth), false(?_BODY_2), IntegerConstant(?var_from, ?val, ?meth), Equal(?_BODY_2, StringContains(?ins, "phi-assign")) >>>
18:44:53 [INFO] Execution step: Body
18:44:53 [INFO] Saved temporary table: 227 entries (20326)
18:44:53 [INFO] Saved temporary table: 227 entries (25022)
18:44:53 [INFO] Execution step: Duplicate Elimination (Datalog)
18:44:53 [INFO] Saved permanent table IntegerConstant (8) Permutation { idx_to_val: [], val_to_idx: [] } with 227 entries (20374)
18:44:53 [INFO] Execution step: Duplicate Elimination (Datalog)
18:44:53 [INFO] Saved permanent table ConstFolding (8) Permutation { idx_to_val: [], val_to_idx: [] } with 227 entries (25070)
18:44:53 [INFO] Rule duration: 4 ms
18:44:53 [INFO] <<< STEP 9: APPLYING RULE 0 IntegerConstant(?var_to, ?val, ?meth), ConstFolding(?ins, ?var_to, ?val, ?meth) :- AssignLocal(?ins, ?_BODY_1, ?var_from, ?var_to, ?meth), false(?_BODY_2), IntegerConstant(?var_from, ?val, ?meth), Equal(?_BODY_2, StringContains(?ins, "phi-assign")) >>>
18:44:53 [INFO] Execution step: Body
18:44:53 [INFO] Saved temporary table: 118 entries (20154)
18:44:53 [INFO] Saved temporary table: 118 entries (15894)
18:44:53 [INFO] Execution step: Duplicate Elimination (Datalog)
18:44:53 [INFO] Saved permanent table ConstFolding (9) Permutation { idx_to_val: [], val_to_idx: [] } with 118 entries (20202)
18:44:53 [INFO] Execution step: Duplicate Elimination (Datalog)
18:44:53 [INFO] Saved permanent table IntegerConstant (9) Permutation { idx_to_val: [], val_to_idx: [] } with 118 entries (15942)
18:44:53 [INFO] Rule duration: 1 ms
18:44:53 [INFO] <<< STEP 10: APPLYING RULE 0 IntegerConstant(?var_to, ?val, ?meth), ConstFolding(?ins, ?var_to, ?val, ?meth) :- AssignLocal(?ins, ?_BODY_1, ?var_from, ?var_to, ?meth), false(?_BODY_2), IntegerConstant(?var_from, ?val, ?meth), Equal(?_BODY_2, StringContains(?ins, "phi-assign")) >>>
18:44:53 [INFO] Execution step: Body
18:44:53 [INFO] Saved temporary table: 83 entries (18614)
18:44:53 [INFO] Saved temporary table: 83 entries (14494)
18:44:53 [INFO] Execution step: Duplicate Elimination (Datalog)
18:44:53 [INFO] Saved permanent table ConstFolding (10) Permutation { idx_to_val: [], val_to_idx: [] } with 83 entries (18662)
18:44:53 [INFO] Execution step: Duplicate Elimination (Datalog)
18:44:53 [INFO] Saved permanent table IntegerConstant (10) Permutation { idx_to_val: [], val_to_idx: [] } with 83 entries (14542)
18:44:53 [INFO] Rule duration: 1 ms
18:44:53 [INFO] <<< STEP 11: APPLYING RULE 0 IntegerConstant(?var_to, ?val, ?meth), ConstFolding(?ins, ?var_to, ?val, ?meth) :- AssignLocal(?ins, ?_BODY_1, ?var_from, ?var_to, ?meth), false(?_BODY_2), IntegerConstant(?var_from, ?val, ?meth), Equal(?_BODY_2, StringContains(?ins, "phi-assign")) >>>
18:44:53 [INFO] Execution step: Body
18:44:53 [INFO] Saved temporary table: 64 entries (17526)
18:44:53 [INFO] Saved temporary table: 64 entries (13482)
18:44:53 [INFO] Execution step: Duplicate Elimination (Datalog)
18:44:53 [INFO] Saved permanent table ConstFolding (11) Permutation { idx_to_val: [], val_to_idx: [] } with 64 entries (17574)
18:44:53 [INFO] Execution step: Duplicate Elimination (Datalog)
18:44:53 [INFO] Saved permanent table IntegerConstant (11) Permutation { idx_to_val: [], val_to_idx: [] } with 64 entries (13530)
18:44:53 [INFO] Rule duration: 0 ms
18:44:53 [INFO] <<< STEP 12: APPLYING RULE 0 IntegerConstant(?var_to, ?val, ?meth), ConstFolding(?ins, ?var_to, ?val, ?meth) :- AssignLocal(?ins, ?_BODY_1, ?var_from, ?var_to, ?meth), false(?_BODY_2), IntegerConstant(?var_from, ?val, ?meth), Equal(?_BODY_2, StringContains(?ins, "phi-assign")) >>>
18:44:53 [INFO] Execution step: Body
18:44:53 [INFO] Saved temporary table: 47 entries (15448)
18:44:53 [INFO] Saved temporary table: 47 entries (21292)
18:44:53 [INFO] Execution step: Duplicate Elimination (Datalog)
18:44:53 [INFO] Saved permanent table IntegerConstant (12) Permutation { idx_to_val: [], val_to_idx: [] } with 47 entries (15496)
18:44:53 [INFO] Execution step: Duplicate Elimination (Datalog)
18:44:53 [INFO] Saved permanent table ConstFolding (12) Permutation { idx_to_val: [], val_to_idx: [] } with 47 entries (21340)
18:44:53 [INFO] Rule duration: 0 ms
18:44:53 [INFO] <<< STEP 13: APPLYING RULE 0 IntegerConstant(?var_to, ?val, ?meth), ConstFolding(?ins, ?var_to, ?val, ?meth) :- AssignLocal(?ins, ?_BODY_1, ?var_from, ?var_to, ?meth), false(?_BODY_2), IntegerConstant(?var_from, ?val, ?meth), Equal(?_BODY_2, StringContains(?ins, "phi-assign")) >>>
18:44:53 [INFO] Execution step: Body
18:44:53 [INFO] Saved temporary table: 33 entries (13888)
18:44:53 [INFO] Saved temporary table: 33 entries (19004)
18:44:53 [INFO] Execution step: Duplicate Elimination (Datalog)
18:44:53 [INFO] Saved permanent table IntegerConstant (13) Permutation { idx_to_val: [], val_to_idx: [] } with 33 entries (13936)
18:44:53 [INFO] Execution step: Duplicate Elimination (Datalog)
18:44:53 [INFO] Saved permanent table ConstFolding (13) Permutation { idx_to_val: [], val_to_idx: [] } with 33 entries (19052)
18:44:53 [INFO] Rule duration: 0 ms
18:44:53 [INFO] Execution step: Combining Tables
18:44:53 [INFO] Saved permanent table ConstFolding (0-15) Permutation { idx_to_val: [], val_to_idx: [] } with 3320 entries (159992)
18:44:53 [INFO] Execution step: Combining Tables
18:44:53 [INFO] Saved permanent table IntegerConstant (0-15) Permutation { idx_to_val: [], val_to_idx: [] } with 45724 entries (1830048)
18:44:53 [INFO] <<< STEP 14: APPLYING RULE 0 IntegerConstant(?var_to, ?val, ?meth), ConstFolding(?ins, ?var_to, ?val, ?meth) :- AssignLocal(?ins, ?_BODY_1, ?var_from, ?var_to, ?meth), false(?_BODY_2), IntegerConstant(?var_from, ?val, ?meth), Equal(?_BODY_2, StringContains(?ins, "phi-assign")) >>>
18:44:53 [INFO] Execution step: Body
18:44:53 [INFO] Saved temporary table: 25 entries (12992)
18:44:53 [INFO] Saved temporary table: 25 entries (17692)
18:44:53 [INFO] Execution step: Duplicate Elimination (Datalog)
18:44:53 [INFO] Saved permanent table IntegerConstant (14) Permutation { idx_to_val: [], val_to_idx: [] } with 25 entries (13040)
18:44:53 [INFO] Execution step: Duplicate Elimination (Datalog)
18:44:53 [INFO] Saved permanent table ConstFolding (14) Permutation { idx_to_val: [], val_to_idx: [] } with 25 entries (17740)
18:44:53 [INFO] Rule duration: 0 ms
18:44:53 [INFO] <<< STEP 15: APPLYING RULE 0 IntegerConstant(?var_to, ?val, ?meth), ConstFolding(?ins, ?var_to, ?val, ?meth) :- AssignLocal(?ins, ?_BODY_1, ?var_from, ?var_to, ?meth), false(?_BODY_2), IntegerConstant(?var_from, ?val, ?meth), Equal(?_BODY_2, StringContains(?ins, "phi-assign")) >>>
18:44:53 [INFO] Execution step: Body
18:44:53 [INFO] Saved temporary table: 19 entries (12320)
18:44:53 [INFO] Saved temporary table: 19 entries (16708)
18:44:53 [INFO] Execution step: Duplicate Elimination (Datalog)
18:44:53 [INFO] Saved permanent table IntegerConstant (15) Permutation { idx_to_val: [], val_to_idx: [] } with 19 entries (12368)
18:44:53 [INFO] Execution step: Duplicate Elimination (Datalog)
18:44:53 [INFO] Saved permanent table ConstFolding (15) Permutation { idx_to_val: [], val_to_idx: [] } with 19 entries (16756)
18:44:53 [INFO] Rule duration: 0 ms
18:44:53 [INFO] <<< STEP 16: APPLYING RULE 0 IntegerConstant(?var_to, ?val, ?meth), ConstFolding(?ins, ?var_to, ?val, ?meth) :- AssignLocal(?ins, ?_BODY_1, ?var_from, ?var_to, ?meth), false(?_BODY_2), IntegerConstant(?var_from, ?val, ?meth), Equal(?_BODY_2, StringContains(?ins, "phi-assign")) >>>
18:44:53 [INFO] Execution step: Body
18:44:53 [INFO] Saved temporary table: 15 entries (11872)
18:44:53 [INFO] Saved temporary table: 15 entries (16052)
18:44:53 [INFO] Execution step: Duplicate Elimination (Datalog)
18:44:53 [INFO] Saved permanent table IntegerConstant (16) Permutation { idx_to_val: [], val_to_idx: [] } with 15 entries (11920)
18:44:53 [INFO] Execution step: Duplicate Elimination (Datalog)
18:44:53 [INFO] Saved permanent table ConstFolding (16) Permutation { idx_to_val: [], val_to_idx: [] } with 15 entries (16100)
18:44:53 [INFO] Rule duration: 0 ms
18:44:53 [INFO] <<< STEP 17: APPLYING RULE 0 IntegerConstant(?var_to, ?val, ?meth), ConstFolding(?ins, ?var_to, ?val, ?meth) :- AssignLocal(?ins, ?_BODY_1, ?var_from, ?var_to, ?meth), false(?_BODY_2), IntegerConstant(?var_from, ?val, ?meth), Equal(?_BODY_2, StringContains(?ins, "phi-assign")) >>>
18:44:53 [INFO] Execution step: Body
18:44:53 [INFO] Saved temporary table: 12 entries (11544)
18:44:53 [INFO] Saved temporary table: 12 entries (15568)
18:44:53 [INFO] Execution step: Duplicate Elimination (Datalog)
18:44:53 [INFO] Saved permanent table IntegerConstant (17) Permutation { idx_to_val: [], val_to_idx: [] } with 12 entries (11592)
18:44:53 [INFO] Execution step: Duplicate Elimination (Datalog)
18:44:53 [INFO] Saved permanent table ConstFolding (17) Permutation { idx_to_val: [], val_to_idx: [] } with 12 entries (15616)
18:44:53 [INFO] Rule duration: 0 ms
18:44:53 [INFO] <<< STEP 18: APPLYING RULE 0 IntegerConstant(?var_to, ?val, ?meth), ConstFolding(?ins, ?var_to, ?val, ?meth) :- AssignLocal(?ins, ?_BODY_1, ?var_from, ?var_to, ?meth), false(?_BODY_2), IntegerConstant(?var_from, ?val, ?meth), Equal(?_BODY_2, StringContains(?ins, "phi-assign")) >>>
18:44:53 [INFO] Execution step: Body
18:44:53 [INFO] Saved temporary table: 10 entries (15240)
18:44:53 [INFO] Saved temporary table: 10 entries (11320)
18:44:53 [INFO] Execution step: Duplicate Elimination (Datalog)
18:44:53 [INFO] Saved permanent table ConstFolding (18) Permutation { idx_to_val: [], val_to_idx: [] } with 10 entries (15288)
18:44:53 [INFO] Execution step: Duplicate Elimination (Datalog)
18:44:53 [INFO] Saved permanent table IntegerConstant (18) Permutation { idx_to_val: [], val_to_idx: [] } with 10 entries (11368)
18:44:53 [INFO] Rule duration: 0 ms
18:44:53 [INFO] <<< STEP 19: APPLYING RULE 0 IntegerConstant(?var_to, ?val, ?meth), ConstFolding(?ins, ?var_to, ?val, ?meth) :- AssignLocal(?ins, ?_BODY_1, ?var_from, ?var_to, ?meth), false(?_BODY_2), IntegerConstant(?var_from, ?val, ?meth), Equal(?_BODY_2, StringContains(?ins, "phi-assign")) >>>
18:44:53 [INFO] Execution step: Body
18:44:53 [INFO] Saved temporary table: 8 entries (11096)
18:44:53 [INFO] Saved temporary table: 8 entries (14912)
18:44:53 [INFO] Execution step: Duplicate Elimination (Datalog)
18:44:53 [INFO] Saved permanent table IntegerConstant (19) Permutation { idx_to_val: [], val_to_idx: [] } with 8 entries (11144)
18:44:53 [INFO] Execution step: Duplicate Elimination (Datalog)
18:44:53 [INFO] Saved permanent table ConstFolding (19) Permutation { idx_to_val: [], val_to_idx: [] } with 8 entries (14960)
18:44:53 [INFO] Rule duration: 0 ms
18:44:53 [INFO] <<< STEP 20: APPLYING RULE 0 IntegerConstant(?var_to, ?val, ?meth), ConstFolding(?ins, ?var_to, ?val, ?meth) :- AssignLocal(?ins, ?_BODY_1, ?var_from, ?var_to, ?meth), false(?_BODY_2), IntegerConstant(?var_from, ?val, ?meth), Equal(?_BODY_2, StringContains(?ins, "phi-assign")) >>>
18:44:53 [INFO] Execution step: Body
18:44:53 [INFO] Saved temporary table: 2 entries (13928)
18:44:53 [INFO] Saved temporary table: 2 entries (10424)
18:44:53 [INFO] Execution step: Duplicate Elimination (Datalog)
18:44:53 [INFO] Saved permanent table ConstFolding (20) Permutation { idx_to_val: [], val_to_idx: [] } with 2 entries (13976)
18:44:53 [INFO] Execution step: Duplicate Elimination (Datalog)
18:44:53 [INFO] Saved permanent table IntegerConstant (20) Permutation { idx_to_val: [], val_to_idx: [] } with 2 entries (10472)
18:44:53 [INFO] Rule duration: 0 ms
18:44:53 [INFO] <<< STEP 21: APPLYING RULE 0 IntegerConstant(?var_to, ?val, ?meth), ConstFolding(?ins, ?var_to, ?val, ?meth) :- AssignLocal(?ins, ?_BODY_1, ?var_from, ?var_to, ?meth), false(?_BODY_2), IntegerConstant(?var_from, ?val, ?meth), Equal(?_BODY_2, StringContains(?ins, "phi-assign")) >>>
18:44:53 [INFO] Execution step: Body
18:44:53 [INFO] Saved temporary table: 2 entries (10424)
18:44:53 [INFO] Saved temporary table: 2 entries (13928)
18:44:53 [INFO] Execution step: Duplicate Elimination (Datalog)
18:44:53 [INFO] Saved permanent table IntegerConstant (21) Permutation { idx_to_val: [], val_to_idx: [] } with 2 entries (10472)
18:44:53 [INFO] Execution step: Duplicate Elimination (Datalog)
18:44:53 [INFO] Saved permanent table ConstFolding (21) Permutation { idx_to_val: [], val_to_idx: [] } with 2 entries (13976)
18:44:53 [INFO] Rule duration: 0 ms
18:44:53 [INFO] Execution step: Combining Tables
18:44:53 [INFO] Saved permanent table IntegerConstant (15-23) Permutation { idx_to_val: [], val_to_idx: [] } with 68 entries (13690)
18:44:53 [INFO] Execution step: Combining Tables
18:44:53 [INFO] Saved permanent table ConstFolding (15-23) Permutation { idx_to_val: [], val_to_idx: [] } with 68 entries (17750)
18:44:53 [INFO] <<< STEP 22: APPLYING RULE 0 IntegerConstant(?var_to, ?val, ?meth), ConstFolding(?ins, ?var_to, ?val, ?meth) :- AssignLocal(?ins, ?_BODY_1, ?var_from, ?var_to, ?meth), false(?_BODY_2), IntegerConstant(?var_from, ?val, ?meth), Equal(?_BODY_2, StringContains(?ins, "phi-assign")) >>>
18:44:53 [INFO] Execution step: Body
18:44:53 [INFO] Saved temporary table: 2 entries (10424)
18:44:53 [INFO] Saved temporary table: 2 entries (13928)
18:44:53 [INFO] Execution step: Duplicate Elimination (Datalog)
18:44:53 [INFO] Saved permanent table IntegerConstant (22) Permutation { idx_to_val: [], val_to_idx: [] } with 2 entries (10472)
18:44:53 [INFO] Execution step: Duplicate Elimination (Datalog)
18:44:53 [INFO] Saved permanent table ConstFolding (22) Permutation { idx_to_val: [], val_to_idx: [] } with 2 entries (13976)
18:44:53 [INFO] Rule duration: 0 ms
18:44:53 [INFO] <<< STEP 23: APPLYING RULE 0 IntegerConstant(?var_to, ?val, ?meth), ConstFolding(?ins, ?var_to, ?val, ?meth) :- AssignLocal(?ins, ?_BODY_1, ?var_from, ?var_to, ?meth), false(?_BODY_2), IntegerConstant(?var_from, ?val, ?meth), Equal(?_BODY_2, StringContains(?ins, "phi-assign")) >>>
18:44:53 [INFO] Execution step: Body
18:44:53 [INFO] Saved temporary table: 2 entries (10424)
18:44:53 [INFO] Saved temporary table: 2 entries (13928)
18:44:53 [INFO] Execution step: Duplicate Elimination (Datalog)
18:44:53 [INFO] Saved permanent table IntegerConstant (23) Permutation { idx_to_val: [], val_to_idx: [] } with 2 entries (10472)
18:44:53 [INFO] Execution step: Duplicate Elimination (Datalog)
18:44:53 [INFO] Saved permanent table ConstFolding (23) Permutation { idx_to_val: [], val_to_idx: [] } with 2 entries (13976)
18:44:53 [INFO] Rule duration: 0 ms
18:44:53 [INFO] <<< STEP 24: APPLYING RULE 0 IntegerConstant(?var_to, ?val, ?meth), ConstFolding(?ins, ?var_to, ?val, ?meth) :- AssignLocal(?ins, ?_BODY_1, ?var_from, ?var_to, ?meth), false(?_BODY_2), IntegerConstant(?var_from, ?val, ?meth), Equal(?_BODY_2, StringContains(?ins, "phi-assign")) >>>
18:44:53 [INFO] Execution step: Body
18:44:53 [INFO] Saved temporary table: 1 entries (13764)
18:44:53 [INFO] Saved temporary table: 1 entries (10312)
18:44:53 [INFO] Execution step: Duplicate Elimination (Datalog)
18:44:53 [INFO] Saved permanent table ConstFolding (24) Permutation { idx_to_val: [], val_to_idx: [] } with 1 entries (13812)
18:44:53 [INFO] Execution step: Duplicate Elimination (Datalog)
18:44:53 [INFO] Saved permanent table IntegerConstant (24) Permutation { idx_to_val: [], val_to_idx: [] } with 1 entries (10360)
18:44:53 [INFO] Rule duration: 0 ms
18:44:53 [INFO] <<< STEP 25: APPLYING RULE 0 IntegerConstant(?var_to, ?val, ?meth), ConstFolding(?ins, ?var_to, ?val, ?meth) :- AssignLocal(?ins, ?_BODY_1, ?var_from, ?var_to, ?meth), false(?_BODY_2), IntegerConstant(?var_from, ?val, ?meth), Equal(?_BODY_2, StringContains(?ins, "phi-assign")) >>>
18:44:53 [INFO] Execution step: Body
18:44:53 [INFO] Trie does not contain any elements
18:44:53 [INFO] Trie does not contain any elements
18:44:53 [INFO] Execution step: Duplicate Elimination (Datalog)
18:44:53 [INFO] Trie does not contain any elements
18:44:53 [INFO] Execution step: Duplicate Elimination (Datalog)
18:44:53 [INFO] Trie does not contain any elements
18:44:53 [INFO] Rule duration: 0 ms
18:44:53 [INFO] <<< STEP 26: APPLYING RULE 1 IntegerConstant(?var, ?_HEAD_3, ?meth), ConstFolding(?ins, ?var, ?_HEAD_4, ?meth) :- AssignUnop(?ins, ?_BODY_1, ?var, ?meth), OperatorAt(?ins, ?op), AssignOperFrom(?ins, ?_BODY_2, ?var1), IntegerConstant(?var1, ?val1, ?meth), Equal(?op, "~"), Equal(?_HEAD_3, NumericSubtraction(0, ?val1)), Equal(?_HEAD_4, NumericSubtraction(0, ?val1)) >>>
18:44:53 [INFO] Loading source DsvReader { read: "<unspecified std::io::Read>", delimiter: 9, escape: None, value formats: DsvValueFormats([Anything, Anything, Anything]) }
18:44:53 [INFO] Starting data import
18:44:53 [INFO] Finished import: processed 41154 lines (dropped 1)
18:44:53 [INFO] Execution step: Body
18:44:53 [INFO] Trie does not contain any elements
18:44:53 [INFO] Trie does not contain any elements
18:44:53 [INFO] Execution step: Duplicate Elimination (Datalog)
18:44:53 [INFO] Trie does not contain any elements
18:44:53 [INFO] Execution step: Duplicate Elimination (Datalog)
18:44:53 [INFO] Trie does not contain any elements
18:44:53 [INFO] Rule duration: 109 ms
18:44:53 [INFO] <<< STEP 27: APPLYING RULE 3 IntegerConstant(?var, ?_HEAD_4, ?meth), ConstFolding(?ins, ?var, ?_HEAD_5, ?meth) :- AssignBinop(?ins, ?_BODY_1, ?var, ?meth), OperatorAt(?ins, ?op), AssignOperFromConstant(?ins, ?_BODY_2, ?val1), AssignOperFrom(?ins, ?_BODY_3, ?var2), IntegerConstant(?var2, ?val2, ?meth), Equal(?op, "+"), Equal(?_HEAD_4, NumericSum(?val1, ?val2)), Equal(?_HEAD_5, NumericSum(?val1, ?val2)) >>>
18:44:53 [INFO] Execution step: Body
18:44:53 [INFO] Trie does not contain any elements
18:44:53 [INFO] Trie does not contain any elements
18:44:53 [INFO] Execution step: Duplicate Elimination (Datalog)
18:44:53 [INFO] Trie does not contain any elements
18:44:53 [INFO] Execution step: Duplicate Elimination (Datalog)
18:44:53 [INFO] Trie does not contain any elements
18:44:53 [INFO] Rule duration: 16 ms
18:44:53 [INFO] <<< STEP 28: APPLYING RULE 5 IntegerConstant(?var, ?_HEAD_2, ?meth), ConstFolding(?ins, ?var, ?_HEAD_3, ?meth) :- AssignBinop(?ins, ?_BODY_1, ?var, ?meth), OperatorAt(?ins, ?op), AssignOperFrom(?ins, ?pos1, ?var1), AssignOperFrom(?ins, ?pos2, ?var2), IntegerConstant(?var1, ?val1, ?meth), IntegerConstant(?var2, ?val2, ?meth), Equal(?op, "+"), NumericLessthan(?pos1, ?pos2), Equal(?_HEAD_2, NumericSum(?val1, ?val2)), Equal(?_HEAD_3, NumericSum(?val1, ?val2)) >>>
18:44:53 [INFO] Execution step: Body
18:44:53 [INFO] Trie does not contain any elements
18:44:53 [INFO] Trie does not contain any elements
18:44:53 [INFO] Execution step: Duplicate Elimination (Datalog)
18:44:53 [INFO] Trie does not contain any elements
18:44:53 [INFO] Execution step: Duplicate Elimination (Datalog)
18:44:53 [INFO] Trie does not contain any elements
18:44:53 [INFO] Rule duration: 42 ms
18:44:53 [INFO] <<< STEP 29: APPLYING RULE 6 IntegerConstant(?var, ?_HEAD_2, ?meth), ConstFolding(?ins, ?var, ?_HEAD_3, ?meth) :- AssignBinop(?ins, ?_BODY_1, ?var, ?meth), OperatorAt(?ins, ?op), AssignOperFromConstant(?ins, ?pos1, ?val1), AssignOperFrom(?ins, ?pos2, ?var2), IntegerConstant(?var2, ?val2, ?meth), Equal(?op, "-"), NumericLessthan(?pos1, ?pos2), Equal(?_HEAD_2, NumericSubtraction(?val1, ?val2)), Equal(?_HEAD_3, NumericSubtraction(?val1, ?val2)) >>>
18:44:53 [INFO] Execution step: Body
18:44:53 [INFO] Trie does not contain any elements
18:44:53 [INFO] Trie does not contain any elements
18:44:53 [INFO] Execution step: Duplicate Elimination (Datalog)
18:44:53 [INFO] Trie does not contain any elements
18:44:53 [INFO] Execution step: Duplicate Elimination (Datalog)
18:44:53 [INFO] Trie does not contain any elements
18:44:53 [INFO] Rule duration: 3 ms
18:44:53 [INFO] <<< STEP 30: APPLYING RULE 7 IntegerConstant(?var, ?_HEAD_2, ?meth), ConstFolding(?ins, ?var, ?_HEAD_3, ?meth) :- AssignBinop(?ins, ?_BODY_1, ?var, ?meth), OperatorAt(?ins, ?op), AssignOperFrom(?ins, ?pos1, ?var1), IntegerConstant(?var1, ?val1, ?meth), AssignOperFromConstant(?ins, ?pos2, ?val2), Equal(?op, "-"), NumericLessthan(?pos1, ?pos2), Equal(?_HEAD_2, NumericSubtraction(?val1, ?val2)), Equal(?_HEAD_3, NumericSubtraction(?val1, ?val2)) >>>
18:44:53 [INFO] Execution step: Body
18:44:53 [INFO] Trie does not contain any elements
18:44:53 [INFO] Trie does not contain any elements
18:44:53 [INFO] Execution step: Duplicate Elimination (Datalog)
18:44:53 [INFO] Trie does not contain any elements
18:44:53 [INFO] Execution step: Duplicate Elimination (Datalog)
18:44:53 [INFO] Trie does not contain any elements
18:44:53 [INFO] Rule duration: 3 ms
18:44:53 [INFO] <<< STEP 31: APPLYING RULE 9 IntegerConstant(?var, ?_HEAD_2, ?meth), ConstFolding(?ins, ?var, ?_HEAD_3, ?meth) :- AssignBinop(?ins, ?_BODY_1, ?var, ?meth), OperatorAt(?ins, ?op), AssignOperFrom(?ins, ?pos1, ?var1), AssignOperFrom(?ins, ?pos2, ?var2), IntegerConstant(?var1, ?val1, ?meth), IntegerConstant(?var2, ?val2, ?meth), Equal(?op, "-"), NumericLessthan(?pos1, ?pos2), Equal(?_HEAD_2, NumericSubtraction(?val1, ?val2)), Equal(?_HEAD_3, NumericSubtraction(?val1, ?val2)) >>>
18:44:53 [INFO] Execution step: Body
18:44:53 [INFO] Trie does not contain any elements
18:44:53 [INFO] Trie does not contain any elements
18:44:53 [INFO] Execution step: Duplicate Elimination (Datalog)
18:44:53 [INFO] Trie does not contain any elements
18:44:53 [INFO] Execution step: Duplicate Elimination (Datalog)
18:44:53 [INFO] Trie does not contain any elements
18:44:53 [INFO] Rule duration: 21 ms
18:44:53 [INFO] <<< STEP 32: APPLYING RULE 10 IntegerConstant(?var, ?_HEAD_4, ?meth), ConstFolding(?ins, ?var, ?_HEAD_5, ?meth) :- AssignBinop(?ins, ?_BODY_1, ?var, ?meth), OperatorAt(?ins, ?op), AssignOperFromConstant(?ins, ?_BODY_2, ?val1), AssignOperFrom(?ins, ?_BODY_3, ?var2), IntegerConstant(?var2, ?val2, ?meth), Equal(?op, "*"), Equal(?_HEAD_4, NumericProduct(?val1, ?val2)), Equal(?_HEAD_5, NumericProduct(?val1, ?val2)) >>>
18:44:53 [INFO] Execution step: Body
18:44:53 [INFO] Trie does not contain any elements
18:44:53 [INFO] Trie does not contain any elements
18:44:53 [INFO] Execution step: Duplicate Elimination (Datalog)
18:44:53 [INFO] Trie does not contain any elements
18:44:53 [INFO] Execution step: Duplicate Elimination (Datalog)
18:44:53 [INFO] Trie does not contain any elements
18:44:53 [INFO] Rule duration: 3 ms
18:44:53 [INFO] <<< STEP 33: APPLYING RULE 12 IntegerConstant(?var, ?_HEAD_2, ?meth), ConstFolding(?ins, ?var, ?_HEAD_3, ?meth) :- AssignBinop(?ins, ?_BODY_1, ?var, ?meth), OperatorAt(?ins, ?op), AssignOperFrom(?ins, ?pos1, ?var1), AssignOperFrom(?ins, ?pos2, ?var2), IntegerConstant(?var1, ?val1, ?meth), IntegerConstant(?var2, ?val2, ?meth), Equal(?op, "*"), NumericLessthan(?pos1, ?pos2), Equal(?_HEAD_2, NumericProduct(?val1, ?val2)), Equal(?_HEAD_3, NumericProduct(?val1, ?val2)) >>>
18:44:53 [INFO] Execution step: Body
18:44:53 [INFO] Trie does not contain any elements
18:44:53 [INFO] Trie does not contain any elements
18:44:53 [INFO] Execution step: Duplicate Elimination (Datalog)
18:44:53 [INFO] Trie does not contain any elements
18:44:53 [INFO] Execution step: Duplicate Elimination (Datalog)
18:44:53 [INFO] Trie does not contain any elements
18:44:53 [INFO] Rule duration: 23 ms
18:44:53 [INFO] <<< STEP 34: APPLYING RULE 13 IntegerConstant(?var, ?_HEAD_2, ?meth), ConstFolding(?ins, ?var, ?_HEAD_3, ?meth) :- AssignBinop(?ins, ?_BODY_1, ?var, ?meth), OperatorAt(?ins, ?op), AssignOperFromConstant(?ins, ?pos1, ?val1), AssignOperFrom(?ins, ?pos2, ?var2), IntegerConstant(?var2, ?val2, ?meth), Equal(?op, "/"), NumericLessthan(?pos1, ?pos2), Equal(?_HEAD_2, NumericDivision(?val1, ?val2)), Equal(?_HEAD_3, NumericDivision(?val1, ?val2)) >>>
18:44:53 [INFO] Execution step: Body
18:44:53 [INFO] Trie does not contain any elements
18:44:53 [INFO] Trie does not contain any elements
18:44:53 [INFO] Execution step: Duplicate Elimination (Datalog)
18:44:53 [INFO] Trie does not contain any elements
18:44:53 [INFO] Execution step: Duplicate Elimination (Datalog)
18:44:53 [INFO] Trie does not contain any elements
18:44:53 [INFO] Rule duration: 3 ms
18:44:53 [INFO] <<< STEP 35: APPLYING RULE 14 IntegerConstant(?var, ?_HEAD_2, ?meth), ConstFolding(?ins, ?var, ?_HEAD_3, ?meth) :- AssignBinop(?ins, ?_BODY_1, ?var, ?meth), OperatorAt(?ins, ?op), AssignOperFrom(?ins, ?pos1, ?var1), IntegerConstant(?var1, ?val1, ?meth), AssignOperFromConstant(?ins, ?pos2, ?val2), Equal(?op, "/"), NumericLessthan(?pos1, ?pos2), Equal(?_HEAD_2, NumericDivision(?val1, ?val2)), Equal(?_HEAD_3, NumericDivision(?val1, ?val2)) >>>
18:44:53 [INFO] Execution step: Body
18:44:53 [INFO] Trie does not contain any elements
18:44:53 [INFO] Trie does not contain any elements
18:44:53 [INFO] Execution step: Duplicate Elimination (Datalog)
18:44:53 [INFO] Trie does not contain any elements
18:44:53 [INFO] Execution step: Duplicate Elimination (Datalog)
18:44:53 [INFO] Trie does not contain any elements
18:44:53 [INFO] Rule duration: 3 ms
18:44:53 [INFO] <<< STEP 36: APPLYING RULE 16 IntegerConstant(?var, ?_HEAD_2, ?meth), ConstFolding(?ins, ?var, ?_HEAD_3, ?meth) :- AssignBinop(?ins, ?_BODY_1, ?var, ?meth), OperatorAt(?ins, ?op), AssignOperFrom(?ins, ?pos1, ?var1), AssignOperFrom(?ins, ?pos2, ?var2), IntegerConstant(?var1, ?val1, ?meth), IntegerConstant(?var2, ?val2, ?meth), Equal(?op, "/"), NumericLessthan(?pos1, ?pos2), Equal(?_HEAD_2, NumericDivision(?val1, ?val2)), Equal(?_HEAD_3, NumericDivision(?val1, ?val2)) >>>
18:44:53 [INFO] Execution step: Body
18:44:53 [INFO] Trie does not contain any elements
18:44:53 [INFO] Trie does not contain any elements
18:44:53 [INFO] Execution step: Duplicate Elimination (Datalog)
18:44:53 [INFO] Trie does not contain any elements
18:44:53 [INFO] Execution step: Duplicate Elimination (Datalog)
18:44:53 [INFO] Trie does not contain any elements
18:44:53 [INFO] Rule duration: 21 ms
18:44:53 [INFO] <<< STEP 37: APPLYING RULE 17 R_OUT(?X_3, ?X_4, "false"^^<http://www.w3.org/2001/XMLSchema#boolean>, ?X_2) :- IntegerConstant(?_BODY_1, ?X_4, ?_BODY_2), IntegerConstant(?X_3, ?X_2, ?_BODY_3), AssignBinop(?X_3, ?_BODY_4, ?X_4, ?X_2), Equal(?_BODY_1, "false"^^<http://www.w3.org/2001/XMLSchema#boolean>), Equal(?_BODY_2, "false"^^<http://www.w3.org/2001/XMLSchema#boolean>), Equal(?_BODY_3, ?X_3), Equal(?_BODY_4, ?X_3) >>>
18:44:53 [INFO] Execution step: Project/Reorder
18:44:53 [INFO] Saved temporary table: 26551 entries (439656)
18:44:53 [INFO] Execution step: Body
18:44:53 [INFO] Trie does not contain any elements
18:44:53 [INFO] Execution step: Duplicate Elimination (Datalog)
18:44:53 [INFO] Trie does not contain any elements
18:44:53 [INFO] Rule duration: 73 ms
18:44:53 [INFO] ----------------------------------------------
18:44:53 [INFO] --- Finished Nemo Execution - Input Program --
18:44:53 [INFO] Output size: 0
18:44:53 [INFO] ----------------------------------------------
18:44:53 [INFO] 
18:44:53 [INFO] ----------------------------------------------
18:44:53 [INFO] Beginning Nemo Execution - Transformed Program
18:44:53 [INFO] ----------------------------------------------
18:44:53 [INFO] <<< STEP 1: APPLYING RULE 2 IntegerConstant(?var, ?_HEAD_3, ?meth), ConstFolding(?ins, ?var, ?_HEAD_4, ?meth) :- AssignUnop(?ins, ?_BODY_1, ?var, ?meth), OperatorAt(?ins, ?op), AssignOperFromConstant(?ins, ?_BODY_2, ?val1), Equal(?op, "~"), Equal(?_HEAD_3, NumericSubtraction(0, ?val1)), Equal(?_HEAD_4, NumericSubtraction(0, ?val1)) >>>
18:44:53 [INFO] Loading source DsvReader { read: "<unspecified std::io::Read>", delimiter: 9, escape: None, value formats: DsvValueFormats([Anything, Anything, Anything, Anything]) }
18:44:53 [INFO] Starting data import
18:44:53 [INFO] Finished import: processed 4313 lines (dropped 1)
18:44:53 [INFO] Loading source DsvReader { read: "<unspecified std::io::Read>", delimiter: 9, escape: None, value formats: DsvValueFormats([Anything, Anything]) }
18:44:53 [INFO] Starting data import
18:44:54 [INFO] Finished import: processed 100922 lines (dropped 1)
18:44:54 [INFO] Loading source DsvReader { read: "<unspecified std::io::Read>", delimiter: 9, escape: None, value formats: DsvValueFormats([Anything, Anything, Anything]) }
18:44:54 [INFO] Starting data import
18:44:54 [INFO] Finished import: processed 16261 lines (dropped 1)
18:44:54 [INFO] Loading source DsvReader { read: "<unspecified std::io::Read>", delimiter: 9, escape: None, value formats: DsvValueFormats([Anything, Anything, Anything, Anything, Anything]) }
18:44:54 [INFO] Starting data import
18:44:54 [INFO] Finished import: processed 42404 lines (dropped 1)
18:44:54 [INFO] Execution step: Body
18:44:54 [INFO] Trie does not contain any elements
18:44:54 [INFO] Trie does not contain any elements
18:44:54 [INFO] Execution step: Duplicate Elimination (Datalog)
18:44:54 [INFO] Trie does not contain any elements
18:44:54 [INFO] Execution step: Duplicate Elimination (Datalog)
18:44:54 [INFO] Trie does not contain any elements
18:44:54 [INFO] Rule duration: 337 ms
18:44:54 [INFO] <<< STEP 2: APPLYING RULE 4 IntegerConstant(?var, ?_HEAD_2, ?meth), ConstFolding(?ins, ?var, ?_HEAD_3, ?meth) :- AssignBinop(?ins, ?_BODY_1, ?var, ?meth), OperatorAt(?ins, ?op), AssignOperFromConstant(?ins, ?pos1, ?val1), AssignOperFromConstant(?ins, ?pos2, ?val2), Equal(?op, "+"), NumericLessthan(?pos1, ?pos2), Equal(?_HEAD_2, NumericSum(?val1, ?val2)), Equal(?_HEAD_3, NumericSum(?val1, ?val2)) >>>
18:44:54 [INFO] Loading source DsvReader { read: "<unspecified std::io::Read>", delimiter: 9, escape: None, value formats: DsvValueFormats([Anything, Anything, Anything, Anything]) }
18:44:54 [INFO] Starting data import
18:44:54 [INFO] Finished import: processed 26551 lines (dropped 1)
18:44:54 [INFO] Execution step: Body
18:44:54 [INFO] Trie does not contain any elements
18:44:54 [INFO] Trie does not contain any elements
18:44:54 [INFO] Execution step: Duplicate Elimination (Datalog)
18:44:54 [INFO] Trie does not contain any elements
18:44:54 [INFO] Execution step: Duplicate Elimination (Datalog)
18:44:54 [INFO] Trie does not contain any elements
18:44:54 [INFO] Rule duration: 70 ms
18:44:54 [INFO] <<< STEP 3: APPLYING RULE 8 IntegerConstant(?var, ?_HEAD_2, ?meth), ConstFolding(?ins, ?var, ?_HEAD_3, ?meth) :- AssignBinop(?ins, ?_BODY_1, ?var, ?meth), OperatorAt(?ins, ?op), AssignOperFromConstant(?ins, ?pos1, ?val1), AssignOperFromConstant(?ins, ?pos2, ?val2), Equal(?op, "-"), NumericLessthan(?pos1, ?pos2), Equal(?_HEAD_2, NumericSubtraction(?val1, ?val2)), Equal(?_HEAD_3, NumericSubtraction(?val1, ?val2)) >>>
18:44:54 [INFO] Execution step: Body
18:44:54 [INFO] Trie does not contain any elements
18:44:54 [INFO] Trie does not contain any elements
18:44:54 [INFO] Execution step: Duplicate Elimination (Datalog)
18:44:54 [INFO] Trie does not contain any elements
18:44:54 [INFO] Execution step: Duplicate Elimination (Datalog)
18:44:54 [INFO] Trie does not contain any elements
18:44:54 [INFO] Rule duration: 3 ms
18:44:54 [INFO] <<< STEP 4: APPLYING RULE 11 IntegerConstant(?var, ?_HEAD_2, ?meth), ConstFolding(?ins, ?var, ?_HEAD_3, ?meth) :- AssignBinop(?ins, ?_BODY_1, ?var, ?meth), OperatorAt(?ins, ?op), AssignOperFromConstant(?ins, ?pos1, ?val1), AssignOperFromConstant(?ins, ?pos2, ?val2), Equal(?op, "*"), NumericLessthan(?pos1, ?pos2), Equal(?_HEAD_2, NumericProduct(?val1, ?val2)), Equal(?_HEAD_3, NumericProduct(?val1, ?val2)) >>>
18:44:54 [INFO] Execution step: Body
18:44:54 [INFO] Trie does not contain any elements
18:44:54 [INFO] Trie does not contain any elements
18:44:54 [INFO] Execution step: Duplicate Elimination (Datalog)
18:44:54 [INFO] Trie does not contain any elements
18:44:54 [INFO] Execution step: Duplicate Elimination (Datalog)
18:44:54 [INFO] Trie does not contain any elements
18:44:54 [INFO] Rule duration: 3 ms
18:44:54 [INFO] <<< STEP 5: APPLYING RULE 15 IntegerConstant(?var, ?_HEAD_2, ?meth), ConstFolding(?ins, ?var, ?_HEAD_3, ?meth) :- AssignBinop(?ins, ?_BODY_1, ?var, ?meth), OperatorAt(?ins, ?op), AssignOperFromConstant(?ins, ?pos1, ?val1), AssignOperFromConstant(?ins, ?pos2, ?val2), Equal(?op, "/"), NumericLessthan(?pos1, ?pos2), Equal(?_HEAD_2, NumericDivision(?val1, ?val2)), Equal(?_HEAD_3, NumericDivision(?val1, ?val2)) >>>
18:44:54 [INFO] Execution step: Body
18:44:54 [INFO] Trie does not contain any elements
18:44:54 [INFO] Trie does not contain any elements
18:44:54 [INFO] Execution step: Duplicate Elimination (Datalog)
18:44:54 [INFO] Trie does not contain any elements
18:44:54 [INFO] Execution step: Duplicate Elimination (Datalog)
18:44:54 [INFO] Trie does not contain any elements
18:44:54 [INFO] Rule duration: 3 ms
18:44:54 [INFO] <<< STEP 6: APPLYING RULE 0 IntegerConstant(?var_to, ?val, ?meth), ConstFolding(?ins, ?var_to, ?val, ?meth) :- AssignLocal(?ins, ?_BODY_1, ?var_from, ?var_to, ?meth), false(?_BODY_2), IntegerConstant(?var_from, ?val, ?meth), Equal(?_BODY_2, StringContains(?ins, "phi-assign")) >>>
18:44:54 [INFO] Loading source DsvReader { read: "<unspecified std::io::Read>", delimiter: 9, escape: None, value formats: DsvValueFormats([Anything, Anything, Anything, Anything, Anything]) }
18:44:54 [INFO] Starting data import
18:44:55 [INFO] Finished import: processed 287461 lines (dropped 1)
18:44:55 [INFO] Loading source SimpleTable { arity: 1, data: [AnyDataValue(Boolean(BooleanDataValue(false)))] }
18:44:55 [INFO] Execution step: Body
18:44:55 [INFO] Saved temporary table: 2139 entries (96000)
18:44:55 [INFO] Saved temporary table: 2139 entries (108344)
18:44:55 [INFO] Execution step: Duplicate Elimination (Datalog)
18:44:55 [INFO] Saved permanent table IntegerConstant (6) Permutation { idx_to_val: [], val_to_idx: [] } with 2139 entries (96048)
18:44:55 [INFO] Execution step: Duplicate Elimination (Datalog)
18:44:55 [INFO] Saved permanent table ConstFolding (6) Permutation { idx_to_val: [], val_to_idx: [] } with 2139 entries (108392)
18:44:55 [INFO] Rule duration: 1286 ms
18:44:55 [INFO] <<< STEP 7: APPLYING RULE 0 IntegerConstant(?var_to, ?val, ?meth), ConstFolding(?ins, ?var_to, ?val, ?meth) :- AssignLocal(?ins, ?_BODY_1, ?var_from, ?var_to, ?meth), false(?_BODY_2), IntegerConstant(?var_from, ?val, ?meth), Equal(?_BODY_2, StringContains(?ins, "phi-assign")) >>>
18:44:55 [INFO] Execution step: Body
18:44:55 [INFO] Saved temporary table: 609 entries (36794)
18:44:55 [INFO] Saved temporary table: 609 entries (43018)
18:44:55 [INFO] Execution step: Duplicate Elimination (Datalog)
18:44:55 [INFO] Saved permanent table IntegerConstant (7) Permutation { idx_to_val: [], val_to_idx: [] } with 609 entries (36842)
18:44:55 [INFO] Execution step: Duplicate Elimination (Datalog)
18:44:55 [INFO] Saved permanent table ConstFolding (7) Permutation { idx_to_val: [], val_to_idx: [] } with 609 entries (43066)
18:44:55 [INFO] Rule duration: 11 ms
18:44:55 [INFO] <<< STEP 8: APPLYING RULE 0 IntegerConstant(?var_to, ?val, ?meth), ConstFolding(?ins, ?var_to, ?val, ?meth) :- AssignLocal(?ins, ?_BODY_1, ?var_from, ?var_to, ?meth), false(?_BODY_2), IntegerConstant(?var_from, ?val, ?meth), Equal(?_BODY_2, StringContains(?ins, "phi-assign")) >>>
18:44:55 [INFO] Execution step: Body
18:44:55 [INFO] Saved temporary table: 227 entries (20326)
18:44:55 [INFO] Saved temporary table: 227 entries (25022)
18:44:55 [INFO] Execution step: Duplicate Elimination (Datalog)
18:44:55 [INFO] Saved permanent table IntegerConstant (8) Permutation { idx_to_val: [], val_to_idx: [] } with 227 entries (20374)
18:44:55 [INFO] Execution step: Duplicate Elimination (Datalog)
18:44:55 [INFO] Saved permanent table ConstFolding (8) Permutation { idx_to_val: [], val_to_idx: [] } with 227 entries (25070)
18:44:55 [INFO] Rule duration: 3 ms
18:44:55 [INFO] <<< STEP 9: APPLYING RULE 0 IntegerConstant(?var_to, ?val, ?meth), ConstFolding(?ins, ?var_to, ?val, ?meth) :- AssignLocal(?ins, ?_BODY_1, ?var_from, ?var_to, ?meth), false(?_BODY_2), IntegerConstant(?var_from, ?val, ?meth), Equal(?_BODY_2, StringContains(?ins, "phi-assign")) >>>
18:44:55 [INFO] Execution step: Body
18:44:55 [INFO] Saved temporary table: 118 entries (20154)
18:44:55 [INFO] Saved temporary table: 118 entries (15894)
18:44:55 [INFO] Execution step: Duplicate Elimination (Datalog)
18:44:55 [INFO] Saved permanent table ConstFolding (9) Permutation { idx_to_val: [], val_to_idx: [] } with 118 entries (20202)
18:44:55 [INFO] Execution step: Duplicate Elimination (Datalog)
18:44:55 [INFO] Saved permanent table IntegerConstant (9) Permutation { idx_to_val: [], val_to_idx: [] } with 118 entries (15942)
18:44:55 [INFO] Rule duration: 1 ms
18:44:55 [INFO] <<< STEP 10: APPLYING RULE 0 IntegerConstant(?var_to, ?val, ?meth), ConstFolding(?ins, ?var_to, ?val, ?meth) :- AssignLocal(?ins, ?_BODY_1, ?var_from, ?var_to, ?meth), false(?_BODY_2), IntegerConstant(?var_from, ?val, ?meth), Equal(?_BODY_2, StringContains(?ins, "phi-assign")) >>>
18:44:55 [INFO] Execution step: Body
18:44:55 [INFO] Saved temporary table: 83 entries (14494)
18:44:55 [INFO] Saved temporary table: 83 entries (18614)
18:44:55 [INFO] Execution step: Duplicate Elimination (Datalog)
18:44:55 [INFO] Saved permanent table IntegerConstant (10) Permutation { idx_to_val: [], val_to_idx: [] } with 83 entries (14542)
18:44:55 [INFO] Execution step: Duplicate Elimination (Datalog)
18:44:55 [INFO] Saved permanent table ConstFolding (10) Permutation { idx_to_val: [], val_to_idx: [] } with 83 entries (18662)
18:44:55 [INFO] Rule duration: 1 ms
18:44:55 [INFO] <<< STEP 11: APPLYING RULE 0 IntegerConstant(?var_to, ?val, ?meth), ConstFolding(?ins, ?var_to, ?val, ?meth) :- AssignLocal(?ins, ?_BODY_1, ?var_from, ?var_to, ?meth), false(?_BODY_2), IntegerConstant(?var_from, ?val, ?meth), Equal(?_BODY_2, StringContains(?ins, "phi-assign")) >>>
18:44:55 [INFO] Execution step: Body
18:44:55 [INFO] Saved temporary table: 64 entries (13482)
18:44:55 [INFO] Saved temporary table: 64 entries (17526)
18:44:55 [INFO] Execution step: Duplicate Elimination (Datalog)
18:44:55 [INFO] Saved permanent table IntegerConstant (11) Permutation { idx_to_val: [], val_to_idx: [] } with 64 entries (13530)
18:44:55 [INFO] Execution step: Duplicate Elimination (Datalog)
18:44:55 [INFO] Saved permanent table ConstFolding (11) Permutation { idx_to_val: [], val_to_idx: [] } with 64 entries (17574)
18:44:55 [INFO] Rule duration: 0 ms
18:44:55 [INFO] <<< STEP 12: APPLYING RULE 0 IntegerConstant(?var_to, ?val, ?meth), ConstFolding(?ins, ?var_to, ?val, ?meth) :- AssignLocal(?ins, ?_BODY_1, ?var_from, ?var_to, ?meth), false(?_BODY_2), IntegerConstant(?var_from, ?val, ?meth), Equal(?_BODY_2, StringContains(?ins, "phi-assign")) >>>
18:44:55 [INFO] Execution step: Body
18:44:55 [INFO] Saved temporary table: 47 entries (15448)
18:44:55 [INFO] Saved temporary table: 47 entries (21292)
18:44:55 [INFO] Execution step: Duplicate Elimination (Datalog)
18:44:55 [INFO] Saved permanent table IntegerConstant (12) Permutation { idx_to_val: [], val_to_idx: [] } with 47 entries (15496)
18:44:55 [INFO] Execution step: Duplicate Elimination (Datalog)
18:44:55 [INFO] Saved permanent table ConstFolding (12) Permutation { idx_to_val: [], val_to_idx: [] } with 47 entries (21340)
18:44:55 [INFO] Rule duration: 0 ms
18:44:55 [INFO] <<< STEP 13: APPLYING RULE 0 IntegerConstant(?var_to, ?val, ?meth), ConstFolding(?ins, ?var_to, ?val, ?meth) :- AssignLocal(?ins, ?_BODY_1, ?var_from, ?var_to, ?meth), false(?_BODY_2), IntegerConstant(?var_from, ?val, ?meth), Equal(?_BODY_2, StringContains(?ins, "phi-assign")) >>>
18:44:55 [INFO] Execution step: Body
18:44:55 [INFO] Saved temporary table: 33 entries (13888)
18:44:55 [INFO] Saved temporary table: 33 entries (19004)
18:44:55 [INFO] Execution step: Duplicate Elimination (Datalog)
18:44:55 [INFO] Saved permanent table IntegerConstant (13) Permutation { idx_to_val: [], val_to_idx: [] } with 33 entries (13936)
18:44:55 [INFO] Execution step: Duplicate Elimination (Datalog)
18:44:55 [INFO] Saved permanent table ConstFolding (13) Permutation { idx_to_val: [], val_to_idx: [] } with 33 entries (19052)
18:44:55 [INFO] Rule duration: 0 ms
18:44:55 [INFO] Execution step: Combining Tables
18:44:55 [INFO] Saved permanent table IntegerConstant (0-15) Permutation { idx_to_val: [], val_to_idx: [] } with 45724 entries (1830048)
18:44:55 [INFO] Execution step: Combining Tables
18:44:55 [INFO] Saved permanent table ConstFolding (0-15) Permutation { idx_to_val: [], val_to_idx: [] } with 3320 entries (159992)
18:44:55 [INFO] <<< STEP 14: APPLYING RULE 0 IntegerConstant(?var_to, ?val, ?meth), ConstFolding(?ins, ?var_to, ?val, ?meth) :- AssignLocal(?ins, ?_BODY_1, ?var_from, ?var_to, ?meth), false(?_BODY_2), IntegerConstant(?var_from, ?val, ?meth), Equal(?_BODY_2, StringContains(?ins, "phi-assign")) >>>
18:44:55 [INFO] Execution step: Body
18:44:55 [INFO] Saved temporary table: 25 entries (17692)
18:44:55 [INFO] Saved temporary table: 25 entries (12992)
18:44:55 [INFO] Execution step: Duplicate Elimination (Datalog)
18:44:55 [INFO] Saved permanent table ConstFolding (14) Permutation { idx_to_val: [], val_to_idx: [] } with 25 entries (17740)
18:44:55 [INFO] Execution step: Duplicate Elimination (Datalog)
18:44:55 [INFO] Saved permanent table IntegerConstant (14) Permutation { idx_to_val: [], val_to_idx: [] } with 25 entries (13040)
18:44:55 [INFO] Rule duration: 0 ms
18:44:55 [INFO] <<< STEP 15: APPLYING RULE 0 IntegerConstant(?var_to, ?val, ?meth), ConstFolding(?ins, ?var_to, ?val, ?meth) :- AssignLocal(?ins, ?_BODY_1, ?var_from, ?var_to, ?meth), false(?_BODY_2), IntegerConstant(?var_from, ?val, ?meth), Equal(?_BODY_2, StringContains(?ins, "phi-assign")) >>>
18:44:55 [INFO] Execution step: Body
18:44:55 [INFO] Saved temporary table: 19 entries (12320)
18:44:55 [INFO] Saved temporary table: 19 entries (16708)
18:44:55 [INFO] Execution step: Duplicate Elimination (Datalog)
18:44:55 [INFO] Saved permanent table IntegerConstant (15) Permutation { idx_to_val: [], val_to_idx: [] } with 19 entries (12368)
18:44:55 [INFO] Execution step: Duplicate Elimination (Datalog)
18:44:55 [INFO] Saved permanent table ConstFolding (15) Permutation { idx_to_val: [], val_to_idx: [] } with 19 entries (16756)
18:44:55 [INFO] Rule duration: 0 ms
18:44:55 [INFO] <<< STEP 16: APPLYING RULE 0 IntegerConstant(?var_to, ?val, ?meth), ConstFolding(?ins, ?var_to, ?val, ?meth) :- AssignLocal(?ins, ?_BODY_1, ?var_from, ?var_to, ?meth), false(?_BODY_2), IntegerConstant(?var_from, ?val, ?meth), Equal(?_BODY_2, StringContains(?ins, "phi-assign")) >>>
18:44:55 [INFO] Execution step: Body
18:44:55 [INFO] Saved temporary table: 15 entries (16052)
18:44:55 [INFO] Saved temporary table: 15 entries (11872)
18:44:55 [INFO] Execution step: Duplicate Elimination (Datalog)
18:44:55 [INFO] Saved permanent table ConstFolding (16) Permutation { idx_to_val: [], val_to_idx: [] } with 15 entries (16100)
18:44:55 [INFO] Execution step: Duplicate Elimination (Datalog)
18:44:55 [INFO] Saved permanent table IntegerConstant (16) Permutation { idx_to_val: [], val_to_idx: [] } with 15 entries (11920)
18:44:55 [INFO] Rule duration: 0 ms
18:44:55 [INFO] <<< STEP 17: APPLYING RULE 0 IntegerConstant(?var_to, ?val, ?meth), ConstFolding(?ins, ?var_to, ?val, ?meth) :- AssignLocal(?ins, ?_BODY_1, ?var_from, ?var_to, ?meth), false(?_BODY_2), IntegerConstant(?var_from, ?val, ?meth), Equal(?_BODY_2, StringContains(?ins, "phi-assign")) >>>
18:44:55 [INFO] Execution step: Body
18:44:55 [INFO] Saved temporary table: 12 entries (15568)
18:44:55 [INFO] Saved temporary table: 12 entries (11544)
18:44:55 [INFO] Execution step: Duplicate Elimination (Datalog)
18:44:55 [INFO] Saved permanent table ConstFolding (17) Permutation { idx_to_val: [], val_to_idx: [] } with 12 entries (15616)
18:44:55 [INFO] Execution step: Duplicate Elimination (Datalog)
18:44:55 [INFO] Saved permanent table IntegerConstant (17) Permutation { idx_to_val: [], val_to_idx: [] } with 12 entries (11592)
18:44:55 [INFO] Rule duration: 0 ms
18:44:55 [INFO] <<< STEP 18: APPLYING RULE 0 IntegerConstant(?var_to, ?val, ?meth), ConstFolding(?ins, ?var_to, ?val, ?meth) :- AssignLocal(?ins, ?_BODY_1, ?var_from, ?var_to, ?meth), false(?_BODY_2), IntegerConstant(?var_from, ?val, ?meth), Equal(?_BODY_2, StringContains(?ins, "phi-assign")) >>>
18:44:55 [INFO] Execution step: Body
18:44:55 [INFO] Saved temporary table: 10 entries (11320)
18:44:55 [INFO] Saved temporary table: 10 entries (15240)
18:44:55 [INFO] Execution step: Duplicate Elimination (Datalog)
18:44:55 [INFO] Saved permanent table IntegerConstant (18) Permutation { idx_to_val: [], val_to_idx: [] } with 10 entries (11368)
18:44:55 [INFO] Execution step: Duplicate Elimination (Datalog)
18:44:55 [INFO] Saved permanent table ConstFolding (18) Permutation { idx_to_val: [], val_to_idx: [] } with 10 entries (15288)
18:44:55 [INFO] Rule duration: 0 ms
18:44:55 [INFO] <<< STEP 19: APPLYING RULE 0 IntegerConstant(?var_to, ?val, ?meth), ConstFolding(?ins, ?var_to, ?val, ?meth) :- AssignLocal(?ins, ?_BODY_1, ?var_from, ?var_to, ?meth), false(?_BODY_2), IntegerConstant(?var_from, ?val, ?meth), Equal(?_BODY_2, StringContains(?ins, "phi-assign")) >>>
18:44:55 [INFO] Execution step: Body
18:44:55 [INFO] Saved temporary table: 8 entries (11096)
18:44:55 [INFO] Saved temporary table: 8 entries (14912)
18:44:55 [INFO] Execution step: Duplicate Elimination (Datalog)
18:44:55 [INFO] Saved permanent table IntegerConstant (19) Permutation { idx_to_val: [], val_to_idx: [] } with 8 entries (11144)
18:44:55 [INFO] Execution step: Duplicate Elimination (Datalog)
18:44:55 [INFO] Saved permanent table ConstFolding (19) Permutation { idx_to_val: [], val_to_idx: [] } with 8 entries (14960)
18:44:55 [INFO] Rule duration: 0 ms
18:44:55 [INFO] <<< STEP 20: APPLYING RULE 0 IntegerConstant(?var_to, ?val, ?meth), ConstFolding(?ins, ?var_to, ?val, ?meth) :- AssignLocal(?ins, ?_BODY_1, ?var_from, ?var_to, ?meth), false(?_BODY_2), IntegerConstant(?var_from, ?val, ?meth), Equal(?_BODY_2, StringContains(?ins, "phi-assign")) >>>
18:44:55 [INFO] Execution step: Body
18:44:55 [INFO] Saved temporary table: 2 entries (10424)
18:44:55 [INFO] Saved temporary table: 2 entries (13928)
18:44:55 [INFO] Execution step: Duplicate Elimination (Datalog)
18:44:55 [INFO] Saved permanent table IntegerConstant (20) Permutation { idx_to_val: [], val_to_idx: [] } with 2 entries (10472)
18:44:55 [INFO] Execution step: Duplicate Elimination (Datalog)
18:44:55 [INFO] Saved permanent table ConstFolding (20) Permutation { idx_to_val: [], val_to_idx: [] } with 2 entries (13976)
18:44:55 [INFO] Rule duration: 0 ms
18:44:55 [INFO] <<< STEP 21: APPLYING RULE 0 IntegerConstant(?var_to, ?val, ?meth), ConstFolding(?ins, ?var_to, ?val, ?meth) :- AssignLocal(?ins, ?_BODY_1, ?var_from, ?var_to, ?meth), false(?_BODY_2), IntegerConstant(?var_from, ?val, ?meth), Equal(?_BODY_2, StringContains(?ins, "phi-assign")) >>>
18:44:55 [INFO] Execution step: Body
18:44:55 [INFO] Saved temporary table: 2 entries (13928)
18:44:55 [INFO] Saved temporary table: 2 entries (10424)
18:44:55 [INFO] Execution step: Duplicate Elimination (Datalog)
18:44:55 [INFO] Saved permanent table ConstFolding (21) Permutation { idx_to_val: [], val_to_idx: [] } with 2 entries (13976)
18:44:55 [INFO] Execution step: Duplicate Elimination (Datalog)
18:44:55 [INFO] Saved permanent table IntegerConstant (21) Permutation { idx_to_val: [], val_to_idx: [] } with 2 entries (10472)
18:44:55 [INFO] Rule duration: 0 ms
18:44:55 [INFO] Execution step: Combining Tables
18:44:55 [INFO] Saved permanent table IntegerConstant (15-23) Permutation { idx_to_val: [], val_to_idx: [] } with 68 entries (13690)
18:44:55 [INFO] Execution step: Combining Tables
18:44:55 [INFO] Saved permanent table ConstFolding (15-23) Permutation { idx_to_val: [], val_to_idx: [] } with 68 entries (17750)
18:44:55 [INFO] <<< STEP 22: APPLYING RULE 0 IntegerConstant(?var_to, ?val, ?meth), ConstFolding(?ins, ?var_to, ?val, ?meth) :- AssignLocal(?ins, ?_BODY_1, ?var_from, ?var_to, ?meth), false(?_BODY_2), IntegerConstant(?var_from, ?val, ?meth), Equal(?_BODY_2, StringContains(?ins, "phi-assign")) >>>
18:44:55 [INFO] Execution step: Body
18:44:55 [INFO] Saved temporary table: 2 entries (13928)
18:44:55 [INFO] Saved temporary table: 2 entries (10424)
18:44:55 [INFO] Execution step: Duplicate Elimination (Datalog)
18:44:55 [INFO] Saved permanent table ConstFolding (22) Permutation { idx_to_val: [], val_to_idx: [] } with 2 entries (13976)
18:44:55 [INFO] Execution step: Duplicate Elimination (Datalog)
18:44:55 [INFO] Saved permanent table IntegerConstant (22) Permutation { idx_to_val: [], val_to_idx: [] } with 2 entries (10472)
18:44:55 [INFO] Rule duration: 0 ms
18:44:55 [INFO] <<< STEP 23: APPLYING RULE 0 IntegerConstant(?var_to, ?val, ?meth), ConstFolding(?ins, ?var_to, ?val, ?meth) :- AssignLocal(?ins, ?_BODY_1, ?var_from, ?var_to, ?meth), false(?_BODY_2), IntegerConstant(?var_from, ?val, ?meth), Equal(?_BODY_2, StringContains(?ins, "phi-assign")) >>>
18:44:55 [INFO] Execution step: Body
18:44:55 [INFO] Saved temporary table: 2 entries (10424)
18:44:55 [INFO] Saved temporary table: 2 entries (13928)
18:44:55 [INFO] Execution step: Duplicate Elimination (Datalog)
18:44:55 [INFO] Saved permanent table IntegerConstant (23) Permutation { idx_to_val: [], val_to_idx: [] } with 2 entries (10472)
18:44:55 [INFO] Execution step: Duplicate Elimination (Datalog)
18:44:55 [INFO] Saved permanent table ConstFolding (23) Permutation { idx_to_val: [], val_to_idx: [] } with 2 entries (13976)
18:44:55 [INFO] Rule duration: 0 ms
18:44:55 [INFO] <<< STEP 24: APPLYING RULE 0 IntegerConstant(?var_to, ?val, ?meth), ConstFolding(?ins, ?var_to, ?val, ?meth) :- AssignLocal(?ins, ?_BODY_1, ?var_from, ?var_to, ?meth), false(?_BODY_2), IntegerConstant(?var_from, ?val, ?meth), Equal(?_BODY_2, StringContains(?ins, "phi-assign")) >>>
18:44:55 [INFO] Execution step: Body
18:44:55 [INFO] Saved temporary table: 1 entries (13764)
18:44:55 [INFO] Saved temporary table: 1 entries (10312)
18:44:55 [INFO] Execution step: Duplicate Elimination (Datalog)
18:44:55 [INFO] Saved permanent table ConstFolding (24) Permutation { idx_to_val: [], val_to_idx: [] } with 1 entries (13812)
18:44:55 [INFO] Execution step: Duplicate Elimination (Datalog)
18:44:55 [INFO] Saved permanent table IntegerConstant (24) Permutation { idx_to_val: [], val_to_idx: [] } with 1 entries (10360)
18:44:55 [INFO] Rule duration: 0 ms
18:44:55 [INFO] <<< STEP 25: APPLYING RULE 0 IntegerConstant(?var_to, ?val, ?meth), ConstFolding(?ins, ?var_to, ?val, ?meth) :- AssignLocal(?ins, ?_BODY_1, ?var_from, ?var_to, ?meth), false(?_BODY_2), IntegerConstant(?var_from, ?val, ?meth), Equal(?_BODY_2, StringContains(?ins, "phi-assign")) >>>
18:44:55 [INFO] Execution step: Body
18:44:55 [INFO] Trie does not contain any elements
18:44:55 [INFO] Trie does not contain any elements
18:44:55 [INFO] Execution step: Duplicate Elimination (Datalog)
18:44:55 [INFO] Trie does not contain any elements
18:44:55 [INFO] Execution step: Duplicate Elimination (Datalog)
18:44:55 [INFO] Trie does not contain any elements
18:44:55 [INFO] Rule duration: 0 ms
18:44:55 [INFO] <<< STEP 26: APPLYING RULE 1 IntegerConstant(?var, ?_HEAD_3, ?meth), ConstFolding(?ins, ?var, ?_HEAD_4, ?meth) :- AssignUnop(?ins, ?_BODY_1, ?var, ?meth), OperatorAt(?ins, ?op), AssignOperFrom(?ins, ?_BODY_2, ?var1), IntegerConstant(?var1, ?val1, ?meth), Equal(?op, "~"), Equal(?_HEAD_3, NumericSubtraction(0, ?val1)), Equal(?_HEAD_4, NumericSubtraction(0, ?val1)) >>>
18:44:55 [INFO] Loading source DsvReader { read: "<unspecified std::io::Read>", delimiter: 9, escape: None, value formats: DsvValueFormats([Anything, Anything, Anything]) }
18:44:55 [INFO] Starting data import
18:44:55 [INFO] Finished import: processed 41154 lines (dropped 1)
18:44:55 [INFO] Execution step: Body
18:44:55 [INFO] Trie does not contain any elements
18:44:55 [INFO] Trie does not contain any elements
18:44:55 [INFO] Execution step: Duplicate Elimination (Datalog)
18:44:55 [INFO] Trie does not contain any elements
18:44:55 [INFO] Execution step: Duplicate Elimination (Datalog)
18:44:55 [INFO] Trie does not contain any elements
18:44:55 [INFO] Rule duration: 95 ms
18:44:55 [INFO] <<< STEP 27: APPLYING RULE 3 IntegerConstant(?var, ?_HEAD_4, ?meth), ConstFolding(?ins, ?var, ?_HEAD_5, ?meth) :- AssignBinop(?ins, ?_BODY_1, ?var, ?meth), OperatorAt(?ins, ?op), AssignOperFromConstant(?ins, ?_BODY_2, ?val1), AssignOperFrom(?ins, ?_BODY_3, ?var2), IntegerConstant(?var2, ?val2, ?meth), Equal(?op, "+"), Equal(?_HEAD_4, NumericSum(?val1, ?val2)), Equal(?_HEAD_5, NumericSum(?val1, ?val2)) >>>
18:44:55 [INFO] Execution step: Body
18:44:55 [INFO] Trie does not contain any elements
18:44:55 [INFO] Trie does not contain any elements
18:44:55 [INFO] Execution step: Duplicate Elimination (Datalog)
18:44:55 [INFO] Trie does not contain any elements
18:44:55 [INFO] Execution step: Duplicate Elimination (Datalog)
18:44:55 [INFO] Trie does not contain any elements
18:44:55 [INFO] Rule duration: 14 ms
18:44:55 [INFO] <<< STEP 28: APPLYING RULE 5 IntegerConstant(?var, ?_HEAD_2, ?meth), ConstFolding(?ins, ?var, ?_HEAD_3, ?meth) :- AssignBinop(?ins, ?_BODY_1, ?var, ?meth), OperatorAt(?ins, ?op), AssignOperFrom(?ins, ?pos1, ?var1), AssignOperFrom(?ins, ?pos2, ?var2), IntegerConstant(?var1, ?val1, ?meth), IntegerConstant(?var2, ?val2, ?meth), Equal(?op, "+"), NumericLessthan(?pos1, ?pos2), Equal(?_HEAD_2, NumericSum(?val1, ?val2)), Equal(?_HEAD_3, NumericSum(?val1, ?val2)) >>>
18:44:55 [INFO] Execution step: Body
18:44:55 [INFO] Trie does not contain any elements
18:44:55 [INFO] Trie does not contain any elements
18:44:55 [INFO] Execution step: Duplicate Elimination (Datalog)
18:44:55 [INFO] Trie does not contain any elements
18:44:55 [INFO] Execution step: Duplicate Elimination (Datalog)
18:44:55 [INFO] Trie does not contain any elements
18:44:55 [INFO] Rule duration: 35 ms
18:44:55 [INFO] <<< STEP 29: APPLYING RULE 6 IntegerConstant(?var, ?_HEAD_2, ?meth), ConstFolding(?ins, ?var, ?_HEAD_3, ?meth) :- AssignBinop(?ins, ?_BODY_1, ?var, ?meth), OperatorAt(?ins, ?op), AssignOperFromConstant(?ins, ?pos1, ?val1), AssignOperFrom(?ins, ?pos2, ?var2), IntegerConstant(?var2, ?val2, ?meth), Equal(?op, "-"), NumericLessthan(?pos1, ?pos2), Equal(?_HEAD_2, NumericSubtraction(?val1, ?val2)), Equal(?_HEAD_3, NumericSubtraction(?val1, ?val2)) >>>
18:44:55 [INFO] Execution step: Body
18:44:55 [INFO] Trie does not contain any elements
18:44:55 [INFO] Trie does not contain any elements
18:44:55 [INFO] Execution step: Duplicate Elimination (Datalog)
18:44:55 [INFO] Trie does not contain any elements
18:44:55 [INFO] Execution step: Duplicate Elimination (Datalog)
18:44:55 [INFO] Trie does not contain any elements
18:44:55 [INFO] Rule duration: 2 ms
18:44:55 [INFO] <<< STEP 30: APPLYING RULE 7 IntegerConstant(?var, ?_HEAD_2, ?meth), ConstFolding(?ins, ?var, ?_HEAD_3, ?meth) :- AssignBinop(?ins, ?_BODY_1, ?var, ?meth), OperatorAt(?ins, ?op), AssignOperFrom(?ins, ?pos1, ?var1), IntegerConstant(?var1, ?val1, ?meth), AssignOperFromConstant(?ins, ?pos2, ?val2), Equal(?op, "-"), NumericLessthan(?pos1, ?pos2), Equal(?_HEAD_2, NumericSubtraction(?val1, ?val2)), Equal(?_HEAD_3, NumericSubtraction(?val1, ?val2)) >>>
18:44:55 [INFO] Execution step: Body
18:44:55 [INFO] Trie does not contain any elements
18:44:55 [INFO] Trie does not contain any elements
18:44:55 [INFO] Execution step: Duplicate Elimination (Datalog)
18:44:55 [INFO] Trie does not contain any elements
18:44:55 [INFO] Execution step: Duplicate Elimination (Datalog)
18:44:55 [INFO] Trie does not contain any elements
18:44:55 [INFO] Rule duration: 2 ms
18:44:55 [INFO] <<< STEP 31: APPLYING RULE 9 IntegerConstant(?var, ?_HEAD_2, ?meth), ConstFolding(?ins, ?var, ?_HEAD_3, ?meth) :- AssignBinop(?ins, ?_BODY_1, ?var, ?meth), OperatorAt(?ins, ?op), AssignOperFrom(?ins, ?pos1, ?var1), AssignOperFrom(?ins, ?pos2, ?var2), IntegerConstant(?var1, ?val1, ?meth), IntegerConstant(?var2, ?val2, ?meth), Equal(?op, "-"), NumericLessthan(?pos1, ?pos2), Equal(?_HEAD_2, NumericSubtraction(?val1, ?val2)), Equal(?_HEAD_3, NumericSubtraction(?val1, ?val2)) >>>
18:44:55 [INFO] Execution step: Body
18:44:55 [INFO] Trie does not contain any elements
18:44:55 [INFO] Trie does not contain any elements
18:44:55 [INFO] Execution step: Duplicate Elimination (Datalog)
18:44:55 [INFO] Trie does not contain any elements
18:44:55 [INFO] Execution step: Duplicate Elimination (Datalog)
18:44:55 [INFO] Trie does not contain any elements
18:44:55 [INFO] Rule duration: 17 ms
18:44:55 [INFO] <<< STEP 32: APPLYING RULE 10 IntegerConstant(?var, ?_HEAD_4, ?meth), ConstFolding(?ins, ?var, ?_HEAD_5, ?meth) :- AssignBinop(?ins, ?_BODY_1, ?var, ?meth), OperatorAt(?ins, ?op), AssignOperFromConstant(?ins, ?_BODY_2, ?val1), AssignOperFrom(?ins, ?_BODY_3, ?var2), IntegerConstant(?var2, ?val2, ?meth), Equal(?op, "*"), Equal(?_HEAD_4, NumericProduct(?val1, ?val2)), Equal(?_HEAD_5, NumericProduct(?val1, ?val2)) >>>
18:44:55 [INFO] Execution step: Body
18:44:55 [INFO] Trie does not contain any elements
18:44:55 [INFO] Trie does not contain any elements
18:44:55 [INFO] Execution step: Duplicate Elimination (Datalog)
18:44:55 [INFO] Trie does not contain any elements
18:44:55 [INFO] Execution step: Duplicate Elimination (Datalog)
18:44:55 [INFO] Trie does not contain any elements
18:44:55 [INFO] Rule duration: 2 ms
18:44:55 [INFO] <<< STEP 33: APPLYING RULE 12 IntegerConstant(?var, ?_HEAD_2, ?meth), ConstFolding(?ins, ?var, ?_HEAD_3, ?meth) :- AssignBinop(?ins, ?_BODY_1, ?var, ?meth), OperatorAt(?ins, ?op), AssignOperFrom(?ins, ?pos1, ?var1), AssignOperFrom(?ins, ?pos2, ?var2), IntegerConstant(?var1, ?val1, ?meth), IntegerConstant(?var2, ?val2, ?meth), Equal(?op, "*"), NumericLessthan(?pos1, ?pos2), Equal(?_HEAD_2, NumericProduct(?val1, ?val2)), Equal(?_HEAD_3, NumericProduct(?val1, ?val2)) >>>
18:44:55 [INFO] Execution step: Body
18:44:55 [INFO] Trie does not contain any elements
18:44:55 [INFO] Trie does not contain any elements
18:44:55 [INFO] Execution step: Duplicate Elimination (Datalog)
18:44:55 [INFO] Trie does not contain any elements
18:44:55 [INFO] Execution step: Duplicate Elimination (Datalog)
18:44:55 [INFO] Trie does not contain any elements
18:44:55 [INFO] Rule duration: 19 ms
18:44:55 [INFO] <<< STEP 34: APPLYING RULE 13 IntegerConstant(?var, ?_HEAD_2, ?meth), ConstFolding(?ins, ?var, ?_HEAD_3, ?meth) :- AssignBinop(?ins, ?_BODY_1, ?var, ?meth), OperatorAt(?ins, ?op), AssignOperFromConstant(?ins, ?pos1, ?val1), AssignOperFrom(?ins, ?pos2, ?var2), IntegerConstant(?var2, ?val2, ?meth), Equal(?op, "/"), NumericLessthan(?pos1, ?pos2), Equal(?_HEAD_2, NumericDivision(?val1, ?val2)), Equal(?_HEAD_3, NumericDivision(?val1, ?val2)) >>>
18:44:55 [INFO] Execution step: Body
18:44:55 [INFO] Trie does not contain any elements
18:44:55 [INFO] Trie does not contain any elements
18:44:55 [INFO] Execution step: Duplicate Elimination (Datalog)
18:44:55 [INFO] Trie does not contain any elements
18:44:55 [INFO] Execution step: Duplicate Elimination (Datalog)
18:44:55 [INFO] Trie does not contain any elements
18:44:55 [INFO] Rule duration: 2 ms
18:44:55 [INFO] <<< STEP 35: APPLYING RULE 14 IntegerConstant(?var, ?_HEAD_2, ?meth), ConstFolding(?ins, ?var, ?_HEAD_3, ?meth) :- AssignBinop(?ins, ?_BODY_1, ?var, ?meth), OperatorAt(?ins, ?op), AssignOperFrom(?ins, ?pos1, ?var1), IntegerConstant(?var1, ?val1, ?meth), AssignOperFromConstant(?ins, ?pos2, ?val2), Equal(?op, "/"), NumericLessthan(?pos1, ?pos2), Equal(?_HEAD_2, NumericDivision(?val1, ?val2)), Equal(?_HEAD_3, NumericDivision(?val1, ?val2)) >>>
18:44:55 [INFO] Execution step: Body
18:44:55 [INFO] Trie does not contain any elements
18:44:55 [INFO] Trie does not contain any elements
18:44:55 [INFO] Execution step: Duplicate Elimination (Datalog)
18:44:55 [INFO] Trie does not contain any elements
18:44:55 [INFO] Execution step: Duplicate Elimination (Datalog)
18:44:55 [INFO] Trie does not contain any elements
18:44:55 [INFO] Rule duration: 2 ms
18:44:55 [INFO] <<< STEP 36: APPLYING RULE 16 IntegerConstant(?var, ?_HEAD_2, ?meth), ConstFolding(?ins, ?var, ?_HEAD_3, ?meth) :- AssignBinop(?ins, ?_BODY_1, ?var, ?meth), OperatorAt(?ins, ?op), AssignOperFrom(?ins, ?pos1, ?var1), AssignOperFrom(?ins, ?pos2, ?var2), IntegerConstant(?var1, ?val1, ?meth), IntegerConstant(?var2, ?val2, ?meth), Equal(?op, "/"), NumericLessthan(?pos1, ?pos2), Equal(?_HEAD_2, NumericDivision(?val1, ?val2)), Equal(?_HEAD_3, NumericDivision(?val1, ?val2)) >>>
18:44:55 [INFO] Execution step: Body
18:44:55 [INFO] Trie does not contain any elements
18:44:55 [INFO] Trie does not contain any elements
18:44:55 [INFO] Execution step: Duplicate Elimination (Datalog)
18:44:55 [INFO] Trie does not contain any elements
18:44:55 [INFO] Execution step: Duplicate Elimination (Datalog)
18:44:55 [INFO] Trie does not contain any elements
18:44:55 [INFO] Rule duration: 17 ms
18:44:55 [INFO] <<< STEP 37: APPLYING RULE 17 R_OUT(?X_3, ?X_4, "false"^^<http://www.w3.org/2001/XMLSchema#boolean>, ?X_2) :- IntegerConstant(?_BODY_1, ?X_4, ?_BODY_2), IntegerConstant(?X_3, ?X_2, ?_BODY_3), AssignBinop(?X_3, ?_BODY_4, ?X_4, ?X_2), Equal(?_BODY_1, "false"^^<http://www.w3.org/2001/XMLSchema#boolean>), Equal(?_BODY_2, "false"^^<http://www.w3.org/2001/XMLSchema#boolean>), Equal(?_BODY_3, ?X_3), Equal(?_BODY_4, ?X_3) >>>
18:44:55 [INFO] Execution step: Project/Reorder
18:44:55 [INFO] Saved temporary table: 26551 entries (439656)
18:44:55 [INFO] Execution step: Body
18:44:55 [INFO] Trie does not contain any elements
18:44:55 [INFO] Execution step: Duplicate Elimination (Datalog)
18:44:55 [INFO] Trie does not contain any elements
18:44:55 [INFO] Rule duration: 60 ms
18:44:55 [INFO] ----------------------------------------------
18:44:55 [INFO]  Finished Nemo Execution - Transformed Program
18:44:55 [INFO] Output size: 0
18:44:55 [INFO] ----------------------------------------------
18:44:55 [INFO] 
18:44:55 [INFO] ----------------------------------------------
18:44:55 [INFO] ------------ Asserting Oracle EXP ------------
18:44:55 [INFO] ----------------------------------------------
18:44:55 [INFO] All good, output is expanding
18:44:55 [INFO] old_dir "/home/leo_repp/masterthesis/nemo/nemo-metamorphic-testing/benchmark_500k_r"
