13:31:55 [INFO] ----------------------------------------------
13:31:55 [INFO] Beginning transformation mtf_EXP_7
    Oracle:     EXP      Number of T: 32
    Debug Mode: true      u64 Seed:    7
    Internal Seed:        [200, 12, 64, 59, 208, 32, 108, 9, 55, 166, 59, 111, 242, 79, 37, 30, 60, 187, 47, 27, 179, 132, 86, 90, 154, 160, 102, 21, 13, 27, 32, 63]
    Seed File: Currently not supported!
13:31:55 [INFO] ----------------------------------------------
13:31:55 [INFO] Renaming of rules complete
13:31:55 [INFO] Choosing a predicate to export!
13:31:55 [INFO] Found export: success
13:31:55 [INFO] Output names (0): 
13:31:55 [INFO] Using the randomly chosen export predicate of 1: success
13:31:55 [INFO] Beginning inverse_stratum and ancestry computation starting at node success
13:31:55 [INFO] Ancestry and Inverse Stratum computation complete.
13:31:55 [DEBUG] (1) nemo_metamorphic_testing::transformations::annotated_dependency_graphs:     The following relational nodes were computed:
13:31:55 [DEBUG] (1) nemo_metamorphic_testing::transformations::annotated_dependency_graphs:   (allowedDiff, 2, +)
13:31:55 [DEBUG] (1) nemo_metamorphic_testing::transformations::annotated_dependency_graphs:   (canChangeAt, 0, +)
13:31:55 [DEBUG] (1) nemo_metamorphic_testing::transformations::annotated_dependency_graphs:   (choseB, 1, ?)
13:31:55 [DEBUG] (1) nemo_metamorphic_testing::transformations::annotated_dependency_graphs:   (choseU, 1, ?)
13:31:55 [DEBUG] (1) nemo_metamorphic_testing::transformations::annotated_dependency_graphs:   (elevator, 0, +)
13:31:55 [DEBUG] (1) nemo_metamorphic_testing::transformations::annotated_dependency_graphs:   (mustChangeAt, 1, ?)
13:31:55 [DEBUG] (1) nemo_metamorphic_testing::transformations::annotated_dependency_graphs:   (platformHeight, 1, -)
13:31:55 [DEBUG] (1) nemo_metamorphic_testing::transformations::annotated_dependency_graphs:   (seeTVTower, None, None)
13:31:55 [DEBUG] (1) nemo_metamorphic_testing::transformations::annotated_dependency_graphs:   (success, 0, +)
13:31:55 [DEBUG] (1) nemo_metamorphic_testing::transformations::annotated_dependency_graphs:   (tooLargeGap, 1, -)
13:31:55 [DEBUG] (1) nemo_metamorphic_testing::transformations::annotated_dependency_graphs:   (validC, 0, +)
13:31:55 [DEBUG] (1) nemo_metamorphic_testing::transformations::annotated_dependency_graphs: Writing ADG to file
13:31:55 [INFO] ----------------------------------------------
13:31:55 [INFO] --------- Beginning Transformations ----------
13:31:55 [INFO] --------  Oracle: EXP    Number: 32
13:31:55 [INFO] ----------------------------------------------
13:31:55 [DEBUG] (1) nemo_metamorphic_testing::transformations::annotated_dependency_graphs: Verifying ADG
13:31:55 [DEBUG] (1) nemo_metamorphic_testing::transformations::annotated_dependency_graphs: Writing ADG to file
13:31:55 [DEBUG] (1) nemo_metamorphic_testing::transformations::annotated_dependency_graphs: Writing reduced ADG to file
13:31:55 [DEBUG] (1) nemo_metamorphic_testing: ADG edge verification succeeded
13:31:55 [DEBUG] (1) nemo_metamorphic_testing: RNG position: 0
13:31:55 [INFO] 1 / 32
13:31:55 [INFO]   II Add Fact Node and Edge
13:31:55 [INFO]   Added new fact allowedDiff("alexanderplatz", "jungfernheide").
13:31:55 [DEBUG] (1) nemo_metamorphic_testing::transformations::annotated_dependency_graphs: Verifying ADG
13:31:55 [DEBUG] (1) nemo_metamorphic_testing::transformations::annotated_dependency_graphs: Writing ADG to file
13:31:55 [DEBUG] (1) nemo_metamorphic_testing::transformations::annotated_dependency_graphs: Writing reduced ADG to file
13:31:55 [DEBUG] (1) nemo_metamorphic_testing: ADG edge verification succeeded
13:31:55 [DEBUG] (1) nemo_metamorphic_testing: RNG position: 8
13:31:55 [INFO] 2 / 32
13:31:55 [INFO]   I Add Relational Node
13:31:55 [INFO]   Added new relation R_1
13:31:55 [DEBUG] (1) nemo_metamorphic_testing::transformations::annotated_dependency_graphs: Verifying ADG
13:31:55 [DEBUG] (1) nemo_metamorphic_testing::transformations::annotated_dependency_graphs: Writing ADG to file
13:31:55 [DEBUG] (1) nemo_metamorphic_testing::transformations::annotated_dependency_graphs: Writing reduced ADG to file
13:31:55 [DEBUG] (1) nemo_metamorphic_testing: ADG edge verification succeeded
13:31:55 [DEBUG] (1) nemo_metamorphic_testing: RNG position: 9
13:31:55 [INFO] 3 / 32
13:31:55 [DEBUG] (1) nemo_metamorphic_testing::transformations::remove_relational_edges_whole_rule:     Incoming edges by rule name: [r_10 : [choseB, ]; r_9 : [choseB, ]; ]
13:31:55 [INFO]   V Remove Relational Edges - Whole Rule
13:31:55 [INFO]   Removing the Rule of the name r_10
13:31:55 [DEBUG] (1) nemo_metamorphic_testing::transformations::remove_relational_edges_whole_rule:    seeTVTower(s) :- choseB("alexanderplatz", ?x) .
13:31:55 [DEBUG] (1) nemo_metamorphic_testing::transformations::annotated_dependency_graphs:   Updating Ancestry and Inverse Stratum beginning in relational node seeTVTower
13:31:55 [DEBUG] (1) nemo_metamorphic_testing::transformations::annotated_dependency_graphs: Writing ADG restricted to Incoming from seeTVTower
13:31:55 [DEBUG] (1) nemo_metamorphic_testing::transformations::annotated_dependency_graphs: Writing reduced ADG to file
13:31:55 [DEBUG] (1) nemo_metamorphic_testing::transformations::annotated_dependency_graphs:   Ancestry and Inverse Stratum update complete.
13:31:55 [DEBUG] (1) nemo_metamorphic_testing::transformations::annotated_dependency_graphs:   Updating Ancestry and Inverse Stratum beginning in relational node mustChangeAt
13:31:55 [DEBUG] (1) nemo_metamorphic_testing::transformations::annotated_dependency_graphs: Writing ADG restricted to Incoming from mustChangeAt
13:31:55 [DEBUG] (1) nemo_metamorphic_testing::transformations::annotated_dependency_graphs: Writing reduced ADG to file
13:31:55 [DEBUG] (1) nemo_metamorphic_testing::transformations::annotated_dependency_graphs:   Ancestry and Inverse Stratum update complete.
13:31:55 [DEBUG] (1) nemo_metamorphic_testing::transformations::annotated_dependency_graphs:   Updating Ancestry and Inverse Stratum beginning in relational node mustChangeAt
13:31:55 [DEBUG] (1) nemo_metamorphic_testing::transformations::annotated_dependency_graphs: Writing ADG restricted to Incoming from mustChangeAt
13:31:55 [DEBUG] (1) nemo_metamorphic_testing::transformations::annotated_dependency_graphs: Writing reduced ADG to file
13:31:55 [DEBUG] (1) nemo_metamorphic_testing::transformations::annotated_dependency_graphs:   Ancestry and Inverse Stratum update complete.
13:31:55 [DEBUG] (1) nemo_metamorphic_testing::transformations::annotated_dependency_graphs:   Updating Ancestry and Inverse Stratum beginning in relational node validC
13:31:55 [DEBUG] (1) nemo_metamorphic_testing::transformations::annotated_dependency_graphs: Writing ADG restricted to Incoming from validC
13:31:55 [DEBUG] (1) nemo_metamorphic_testing::transformations::annotated_dependency_graphs: Writing reduced ADG to file
13:31:55 [DEBUG] (1) nemo_metamorphic_testing::transformations::annotated_dependency_graphs:   Ancestry and Inverse Stratum update complete.
13:31:55 [DEBUG] (1) nemo_metamorphic_testing::transformations::annotated_dependency_graphs:   Updating Ancestry and Inverse Stratum beginning in relational node validC
13:31:55 [DEBUG] (1) nemo_metamorphic_testing::transformations::annotated_dependency_graphs: Writing ADG restricted to Incoming from validC
13:31:55 [DEBUG] (1) nemo_metamorphic_testing::transformations::annotated_dependency_graphs: Writing reduced ADG to file
13:31:55 [DEBUG] (1) nemo_metamorphic_testing::transformations::annotated_dependency_graphs:   Ancestry and Inverse Stratum update complete.
13:31:55 [DEBUG] (1) nemo_metamorphic_testing::transformations::annotated_dependency_graphs: Verifying ADG
13:31:55 [DEBUG] (1) nemo_metamorphic_testing::transformations::annotated_dependency_graphs: Writing ADG to file
13:31:55 [DEBUG] (1) nemo_metamorphic_testing::transformations::annotated_dependency_graphs: Writing reduced ADG to file
13:31:55 [DEBUG] (1) nemo_metamorphic_testing: ADG edge verification succeeded
13:31:55 [DEBUG] (1) nemo_metamorphic_testing: RNG position: 12
13:31:55 [INFO] 4 / 32
13:31:55 [INFO]   II Add Fact Node and Edge
13:31:55 [INFO]   Added new fact allowedDiff(c_1, c_2).
13:31:55 [DEBUG] (1) nemo_metamorphic_testing::transformations::annotated_dependency_graphs: Verifying ADG
13:31:55 [DEBUG] (1) nemo_metamorphic_testing::transformations::annotated_dependency_graphs: Writing ADG to file
13:31:55 [DEBUG] (1) nemo_metamorphic_testing::transformations::annotated_dependency_graphs: Writing reduced ADG to file
13:31:55 [DEBUG] (1) nemo_metamorphic_testing: ADG edge verification succeeded
13:31:55 [DEBUG] (1) nemo_metamorphic_testing: RNG position: 22
13:31:55 [INFO] 5 / 32
13:31:55 [DEBUG] (1) nemo_metamorphic_testing::transformations::remove_relational_edge_single_literal:     Incoming edges by rule name: [r_5 : [tooLargeGap, elevator, ]; ]
13:31:55 [DEBUG] (1) nemo_metamorphic_testing::transformations::remove_relational_edge_single_literal: Zip {
    a: Cloned {
        it: Iter(
            [
                EdgeIndex(17),
                EdgeIndex(16),
            ],
        ),
    },
    b: IntoIter(
        [
            (r_5, -, (?y, )),
            (r_5, +, (?y, )),
        ],
    ),
}
13:31:55 [DEBUG] (1) nemo_metamorphic_testing::transformations::remove_relational_edges_whole_rule:     Incoming edges by rule name: [r_9 : [choseB, ]; ]
13:31:55 [INFO]   V Remove Relational Edges - Whole Rule
13:31:55 [INFO]   Removing the Rule of the name r_9
13:31:55 [DEBUG] (1) nemo_metamorphic_testing::transformations::remove_relational_edges_whole_rule:    seeTVTower(s) :- choseB(?x, "alexanderplatz") .
13:31:55 [DEBUG] (1) nemo_metamorphic_testing::transformations::annotated_dependency_graphs:   Updating Ancestry and Inverse Stratum beginning in relational node mustChangeAt
13:31:55 [DEBUG] (1) nemo_metamorphic_testing::transformations::annotated_dependency_graphs: Writing ADG restricted to Incoming from mustChangeAt
13:31:55 [DEBUG] (1) nemo_metamorphic_testing::transformations::annotated_dependency_graphs: Writing reduced ADG to file
13:31:55 [DEBUG] (1) nemo_metamorphic_testing::transformations::annotated_dependency_graphs:   Ancestry and Inverse Stratum update complete.
13:31:55 [DEBUG] (1) nemo_metamorphic_testing::transformations::annotated_dependency_graphs:   Updating Ancestry and Inverse Stratum beginning in relational node mustChangeAt
13:31:55 [DEBUG] (1) nemo_metamorphic_testing::transformations::annotated_dependency_graphs: Writing ADG restricted to Incoming from mustChangeAt
13:31:55 [DEBUG] (1) nemo_metamorphic_testing::transformations::annotated_dependency_graphs: Writing reduced ADG to file
13:31:55 [DEBUG] (1) nemo_metamorphic_testing::transformations::annotated_dependency_graphs:   Ancestry and Inverse Stratum update complete.
13:31:55 [DEBUG] (1) nemo_metamorphic_testing::transformations::annotated_dependency_graphs:   Updating Ancestry and Inverse Stratum beginning in relational node validC
13:31:55 [DEBUG] (1) nemo_metamorphic_testing::transformations::annotated_dependency_graphs: Writing ADG restricted to Incoming from validC
13:31:55 [DEBUG] (1) nemo_metamorphic_testing::transformations::annotated_dependency_graphs: Writing reduced ADG to file
13:31:55 [DEBUG] (1) nemo_metamorphic_testing::transformations::annotated_dependency_graphs:   Ancestry and Inverse Stratum update complete.
13:31:55 [DEBUG] (1) nemo_metamorphic_testing::transformations::annotated_dependency_graphs:   Updating Ancestry and Inverse Stratum beginning in relational node validC
13:31:55 [DEBUG] (1) nemo_metamorphic_testing::transformations::annotated_dependency_graphs: Writing ADG restricted to Incoming from validC
13:31:55 [DEBUG] (1) nemo_metamorphic_testing::transformations::annotated_dependency_graphs: Writing reduced ADG to file
13:31:55 [DEBUG] (1) nemo_metamorphic_testing::transformations::annotated_dependency_graphs:   Ancestry and Inverse Stratum update complete.
13:31:55 [DEBUG] (1) nemo_metamorphic_testing::transformations::annotated_dependency_graphs: Verifying ADG
13:31:55 [DEBUG] (1) nemo_metamorphic_testing::transformations::annotated_dependency_graphs: Writing ADG to file
13:31:55 [DEBUG] (1) nemo_metamorphic_testing::transformations::annotated_dependency_graphs: Writing reduced ADG to file
13:31:55 [DEBUG] (1) nemo_metamorphic_testing: ADG edge verification succeeded
13:31:55 [DEBUG] (1) nemo_metamorphic_testing: RNG position: 26
13:31:55 [INFO] 6 / 32
13:31:55 [DEBUG] (1) nemo_metamorphic_testing::transformations::modify_rule_remove_equality:     Incoming edges by rule name: [r_4 : [choseB, choseU, ]; r_3 : [choseU, choseB, ]; r_2 : [mustChangeAt, validC, validC, ]; r_1 : [canChangeAt, mustChangeAt, validC, validC, ]; ]
13:31:55 [INFO]   VIII Modify Rule - Remove Equality
13:31:55 [DEBUG] (1) nemo_metamorphic_testing::transformations::modify_rule_remove_equality: pos edges by tag: {Tag { origin: File { start: 460, end: 466 }, tag: "validC" }: [EdgeIndex(10), EdgeIndex(9)]}
13:31:55 [DEBUG] (1) nemo_metamorphic_testing::transformations::modify_rule_remove_equality: neg edges by tag: {Tag { origin: File { start: 506, end: 518 }, tag: "mustChangeAt" }: [EdgeIndex(11)]}
13:31:55 [INFO]   Replaced a random number of var y with var y_new_1 in the rule r_2
13:31:55 [DEBUG] (1) nemo_metamorphic_testing::transformations::modify_rule_remove_equality:   Old Rule: validC(?x, ?z) :- validC(?x, ?y), validC(?y, ?z), ~mustChangeAt(?y) .
13:31:55 [DEBUG] (1) nemo_metamorphic_testing::transformations::modify_rule_remove_equality:   New Rule: validC(?x, ?z) :- validC(?x, ?y), validC(?y_new_1, ?z), ~mustChangeAt(?y_new_1) .
13:31:55 [DEBUG] (1) nemo_metamorphic_testing::transformations::annotated_dependency_graphs: Verifying ADG
13:31:55 [DEBUG] (1) nemo_metamorphic_testing::transformations::annotated_dependency_graphs: Writing ADG to file
13:31:55 [DEBUG] (1) nemo_metamorphic_testing::transformations::annotated_dependency_graphs: Writing reduced ADG to file
13:31:55 [DEBUG] (1) nemo_metamorphic_testing: ADG edge verification succeeded
13:31:55 [DEBUG] (1) nemo_metamorphic_testing: RNG position: 31
13:31:55 [INFO] 7 / 32
13:31:55 [DEBUG] (1) nemo_metamorphic_testing::transformations::remove_relational_edges_whole_rule:     Incoming edges by rule name: [r_6 : [allowedDiff, platformHeight, ]; ]
13:31:55 [INFO]   V Remove Relational Edges - Whole Rule
13:31:55 [INFO]   Removing the Rule of the name r_6
13:31:55 [DEBUG] (1) nemo_metamorphic_testing::transformations::remove_relational_edges_whole_rule:    tooLargeGap(?y) :- platformHeight(?y, ?h), ~allowedDiff(?h, trainHeight) .
13:31:55 [DEBUG] (1) nemo_metamorphic_testing::transformations::annotated_dependency_graphs: Verifying ADG
13:31:55 [DEBUG] (1) nemo_metamorphic_testing::transformations::annotated_dependency_graphs: Writing ADG to file
13:31:55 [DEBUG] (1) nemo_metamorphic_testing::transformations::annotated_dependency_graphs: Writing reduced ADG to file
13:31:55 [DEBUG] (1) nemo_metamorphic_testing: ADG edge verification succeeded
13:31:55 [DEBUG] (1) nemo_metamorphic_testing: RNG position: 32
13:31:55 [INFO] 8 / 32
13:31:55 [INFO]   III Add Relational edges - New Rule
13:31:55 [INFO]   Assigned relation R_1 the artiy 3
13:31:55 [DEBUG] (1) nemo_metamorphic_testing::transformations::add_relational_edge_new_rule:   Adding the literal mustChangeAt->R_1) : (r_EXP_1,+,, ?X_2)
13:31:55 [DEBUG] (1) nemo_metamorphic_testing::transformations::add_relational_edge_new_rule:   Adding the literal validC->R_1) : (r_EXP_1,+,, "jungfernheide", c_1)
13:31:55 [DEBUG] (1) nemo_metamorphic_testing::transformations::add_relational_edge_new_rule:   Adding the literal choseB->R_1) : (r_EXP_1,+,, ?X_2, ?X_1)
13:31:55 [DEBUG] (1) nemo_metamorphic_testing::transformations::add_relational_edge_new_rule:   Adding the literal validC->R_1) : (r_EXP_1,-,, "jungfernheide", ?X_2)
13:31:55 [INFO]   Added new rule of name r_EXP_1
13:31:55 [INFO]   R_1(?X_2, ?X_1, c_1) :- mustChangeAt(?X_2), validC("jungfernheide", c_1), choseB(?X_2, ?X_1), ~validC("jungfernheide", ?X_2) .
13:31:55 [DEBUG] (1) nemo_metamorphic_testing::transformations::annotated_dependency_graphs: Writing ADG to file
13:31:55 [DEBUG] (1) nemo_metamorphic_testing::transformations::annotated_dependency_graphs:   Updating Ancestry and Inverse Stratum beginning in relational node R_1
13:31:55 [DEBUG] (1) nemo_metamorphic_testing::transformations::annotated_dependency_graphs: Writing ADG restricted to Incoming from R_1
13:31:55 [DEBUG] (1) nemo_metamorphic_testing::transformations::annotated_dependency_graphs: Writing reduced ADG to file
13:31:55 [DEBUG] (1) nemo_metamorphic_testing::transformations::annotated_dependency_graphs:   Ancestry and Inverse Stratum update complete.
13:31:55 [DEBUG] (1) nemo_metamorphic_testing::transformations::annotated_dependency_graphs: Verifying ADG
13:31:55 [DEBUG] (1) nemo_metamorphic_testing::transformations::annotated_dependency_graphs: Writing ADG to file
13:31:55 [DEBUG] (1) nemo_metamorphic_testing::transformations::annotated_dependency_graphs: Writing reduced ADG to file
13:31:55 [DEBUG] (1) nemo_metamorphic_testing: ADG edge verification succeeded
13:31:55 [DEBUG] (1) nemo_metamorphic_testing: RNG position: 109
13:31:55 [INFO] 9 / 32
13:31:55 [INFO]   II Add Fact Node and Edge
13:31:55 [INFO]   Assigned relation seeTVTower the artiy 5
13:31:55 [INFO]   Added new fact seeTVTower(1324136148557418922, "jungfernheide", c_3, 3727996998896424382, c_3).
13:31:55 [DEBUG] (1) nemo_metamorphic_testing::transformations::annotated_dependency_graphs: Verifying ADG
13:31:55 [DEBUG] (1) nemo_metamorphic_testing::transformations::annotated_dependency_graphs: Writing ADG to file
13:31:55 [DEBUG] (1) nemo_metamorphic_testing::transformations::annotated_dependency_graphs: Writing reduced ADG to file
13:31:55 [DEBUG] (1) nemo_metamorphic_testing: ADG edge verification succeeded
13:31:55 [DEBUG] (1) nemo_metamorphic_testing: RNG position: 138
13:31:55 [INFO] 10 / 32
13:31:55 [INFO]   II Add Fact Node and Edge
13:31:55 [INFO]   Added new fact elevator(c_4).
13:31:55 [DEBUG] (1) nemo_metamorphic_testing::transformations::annotated_dependency_graphs: Verifying ADG
13:31:55 [DEBUG] (1) nemo_metamorphic_testing::transformations::annotated_dependency_graphs: Writing ADG to file
13:31:55 [DEBUG] (1) nemo_metamorphic_testing::transformations::annotated_dependency_graphs: Writing reduced ADG to file
13:31:55 [DEBUG] (1) nemo_metamorphic_testing: ADG edge verification succeeded
13:31:55 [DEBUG] (1) nemo_metamorphic_testing: RNG position: 144
13:31:55 [INFO] 11 / 32
13:31:55 [DEBUG] (1) nemo_metamorphic_testing::transformations::remove_relational_edges_whole_rule:     Incoming edges by rule name: [r_EXP_1 : [validC, choseB, validC, mustChangeAt, ]; ]
13:31:55 [INFO]   V Remove Relational Edges - Whole Rule
13:31:55 [INFO]   Removing the Rule of the name r_EXP_1
13:31:55 [DEBUG] (1) nemo_metamorphic_testing::transformations::remove_relational_edges_whole_rule:    R_1(?X_2, ?X_1, c_1) :- mustChangeAt(?X_2), validC("jungfernheide", c_1), choseB(?X_2, ?X_1), ~validC("jungfernheide", ?X_2) .
13:31:55 [DEBUG] (1) nemo_metamorphic_testing::transformations::annotated_dependency_graphs:   Updating Ancestry and Inverse Stratum beginning in relational node success
13:31:55 [DEBUG] (1) nemo_metamorphic_testing::transformations::annotated_dependency_graphs: Writing ADG restricted to Incoming from success
13:31:55 [DEBUG] (1) nemo_metamorphic_testing::transformations::annotated_dependency_graphs: Writing reduced ADG to file
13:31:55 [DEBUG] (1) nemo_metamorphic_testing::transformations::annotated_dependency_graphs:   Ancestry and Inverse Stratum update complete.
13:31:55 [DEBUG] (1) nemo_metamorphic_testing::transformations::annotated_dependency_graphs:   Updating Ancestry and Inverse Stratum beginning in relational node validC
13:31:55 [DEBUG] (1) nemo_metamorphic_testing::transformations::annotated_dependency_graphs: Writing ADG restricted to Incoming from validC
13:31:55 [DEBUG] (1) nemo_metamorphic_testing::transformations::annotated_dependency_graphs: Writing reduced ADG to file
13:31:55 [DEBUG] (1) nemo_metamorphic_testing::transformations::annotated_dependency_graphs:   Ancestry and Inverse Stratum update complete.
13:31:55 [DEBUG] (1) nemo_metamorphic_testing::transformations::annotated_dependency_graphs:   Updating Ancestry and Inverse Stratum beginning in relational node validC
13:31:55 [DEBUG] (1) nemo_metamorphic_testing::transformations::annotated_dependency_graphs: Writing ADG restricted to Incoming from validC
13:31:55 [DEBUG] (1) nemo_metamorphic_testing::transformations::annotated_dependency_graphs: Writing reduced ADG to file
13:31:55 [DEBUG] (1) nemo_metamorphic_testing::transformations::annotated_dependency_graphs:   Ancestry and Inverse Stratum update complete.
13:31:55 [DEBUG] (1) nemo_metamorphic_testing::transformations::annotated_dependency_graphs:   Updating Ancestry and Inverse Stratum beginning in relational node validC
13:31:55 [DEBUG] (1) nemo_metamorphic_testing::transformations::annotated_dependency_graphs: Writing ADG restricted to Incoming from validC
13:31:55 [DEBUG] (1) nemo_metamorphic_testing::transformations::annotated_dependency_graphs: Writing reduced ADG to file
13:31:55 [DEBUG] (1) nemo_metamorphic_testing::transformations::annotated_dependency_graphs:   Ancestry and Inverse Stratum update complete.
13:31:55 [DEBUG] (1) nemo_metamorphic_testing::transformations::annotated_dependency_graphs:   Updating Ancestry and Inverse Stratum beginning in relational node validC
13:31:55 [DEBUG] (1) nemo_metamorphic_testing::transformations::annotated_dependency_graphs: Writing ADG restricted to Incoming from validC
13:31:55 [DEBUG] (1) nemo_metamorphic_testing::transformations::annotated_dependency_graphs: Writing reduced ADG to file
13:31:55 [DEBUG] (1) nemo_metamorphic_testing::transformations::annotated_dependency_graphs:   Ancestry and Inverse Stratum update complete.
13:31:55 [DEBUG] (1) nemo_metamorphic_testing::transformations::annotated_dependency_graphs:   Updating Ancestry and Inverse Stratum beginning in relational node mustChangeAt
13:31:55 [DEBUG] (1) nemo_metamorphic_testing::transformations::annotated_dependency_graphs: Writing ADG restricted to Incoming from mustChangeAt
13:31:55 [DEBUG] (1) nemo_metamorphic_testing::transformations::annotated_dependency_graphs: Writing reduced ADG to file
13:31:55 [DEBUG] (1) nemo_metamorphic_testing::transformations::annotated_dependency_graphs:   Ancestry and Inverse Stratum update complete.
13:31:55 [DEBUG] (1) nemo_metamorphic_testing::transformations::annotated_dependency_graphs:   Updating Ancestry and Inverse Stratum beginning in relational node mustChangeAt
13:31:55 [DEBUG] (1) nemo_metamorphic_testing::transformations::annotated_dependency_graphs: Writing ADG restricted to Incoming from mustChangeAt
13:31:55 [DEBUG] (1) nemo_metamorphic_testing::transformations::annotated_dependency_graphs: Writing reduced ADG to file
13:31:55 [DEBUG] (1) nemo_metamorphic_testing::transformations::annotated_dependency_graphs:   Ancestry and Inverse Stratum update complete.
13:31:55 [DEBUG] (1) nemo_metamorphic_testing::transformations::annotated_dependency_graphs:   Updating Ancestry and Inverse Stratum beginning in relational node validC
13:31:55 [DEBUG] (1) nemo_metamorphic_testing::transformations::annotated_dependency_graphs: Writing ADG restricted to Incoming from validC
13:31:55 [DEBUG] (1) nemo_metamorphic_testing::transformations::annotated_dependency_graphs: Writing reduced ADG to file
13:31:55 [DEBUG] (1) nemo_metamorphic_testing::transformations::annotated_dependency_graphs:   Ancestry and Inverse Stratum update complete.
13:31:55 [DEBUG] (1) nemo_metamorphic_testing::transformations::annotated_dependency_graphs:   Updating Ancestry and Inverse Stratum beginning in relational node validC
13:31:55 [DEBUG] (1) nemo_metamorphic_testing::transformations::annotated_dependency_graphs: Writing ADG restricted to Incoming from validC
13:31:55 [DEBUG] (1) nemo_metamorphic_testing::transformations::annotated_dependency_graphs: Writing reduced ADG to file
13:31:55 [DEBUG] (1) nemo_metamorphic_testing::transformations::annotated_dependency_graphs:   Ancestry and Inverse Stratum update complete.
13:31:55 [DEBUG] (1) nemo_metamorphic_testing::transformations::annotated_dependency_graphs:   Updating Ancestry and Inverse Stratum beginning in relational node mustChangeAt
13:31:55 [DEBUG] (1) nemo_metamorphic_testing::transformations::annotated_dependency_graphs: Writing ADG restricted to Incoming from mustChangeAt
13:31:55 [DEBUG] (1) nemo_metamorphic_testing::transformations::annotated_dependency_graphs: Writing reduced ADG to file
13:31:55 [DEBUG] (1) nemo_metamorphic_testing::transformations::annotated_dependency_graphs:   Ancestry and Inverse Stratum update complete.
13:31:55 [DEBUG] (1) nemo_metamorphic_testing::transformations::annotated_dependency_graphs:   Updating Ancestry and Inverse Stratum beginning in relational node mustChangeAt
13:31:55 [DEBUG] (1) nemo_metamorphic_testing::transformations::annotated_dependency_graphs: Writing ADG restricted to Incoming from mustChangeAt
13:31:55 [DEBUG] (1) nemo_metamorphic_testing::transformations::annotated_dependency_graphs: Writing reduced ADG to file
13:31:55 [DEBUG] (1) nemo_metamorphic_testing::transformations::annotated_dependency_graphs:   Ancestry and Inverse Stratum update complete.
13:31:55 [DEBUG] (1) nemo_metamorphic_testing::transformations::annotated_dependency_graphs:   Updating Ancestry and Inverse Stratum beginning in relational node validC
13:31:55 [DEBUG] (1) nemo_metamorphic_testing::transformations::annotated_dependency_graphs: Writing ADG restricted to Incoming from validC
13:31:55 [DEBUG] (1) nemo_metamorphic_testing::transformations::annotated_dependency_graphs: Writing reduced ADG to file
13:31:55 [DEBUG] (1) nemo_metamorphic_testing::transformations::annotated_dependency_graphs:   Ancestry and Inverse Stratum update complete.
13:31:55 [DEBUG] (1) nemo_metamorphic_testing::transformations::annotated_dependency_graphs:   Updating Ancestry and Inverse Stratum beginning in relational node validC
13:31:55 [DEBUG] (1) nemo_metamorphic_testing::transformations::annotated_dependency_graphs: Writing ADG restricted to Incoming from validC
13:31:55 [DEBUG] (1) nemo_metamorphic_testing::transformations::annotated_dependency_graphs: Writing reduced ADG to file
13:31:55 [DEBUG] (1) nemo_metamorphic_testing::transformations::annotated_dependency_graphs:   Ancestry and Inverse Stratum update complete.
13:31:55 [DEBUG] (1) nemo_metamorphic_testing::transformations::annotated_dependency_graphs:   Updating Ancestry and Inverse Stratum beginning in relational node validC
13:31:55 [DEBUG] (1) nemo_metamorphic_testing::transformations::annotated_dependency_graphs: Writing ADG restricted to Incoming from validC
13:31:55 [DEBUG] (1) nemo_metamorphic_testing::transformations::annotated_dependency_graphs: Writing reduced ADG to file
13:31:55 [DEBUG] (1) nemo_metamorphic_testing::transformations::annotated_dependency_graphs:   Ancestry and Inverse Stratum update complete.
13:31:55 [DEBUG] (1) nemo_metamorphic_testing::transformations::annotated_dependency_graphs:   Updating Ancestry and Inverse Stratum beginning in relational node validC
13:31:55 [DEBUG] (1) nemo_metamorphic_testing::transformations::annotated_dependency_graphs: Writing ADG restricted to Incoming from validC
13:31:55 [DEBUG] (1) nemo_metamorphic_testing::transformations::annotated_dependency_graphs: Writing reduced ADG to file
13:31:55 [DEBUG] (1) nemo_metamorphic_testing::transformations::annotated_dependency_graphs:   Ancestry and Inverse Stratum update complete.
13:31:55 [DEBUG] (1) nemo_metamorphic_testing::transformations::annotated_dependency_graphs:   Updating Ancestry and Inverse Stratum beginning in relational node validC
13:31:55 [DEBUG] (1) nemo_metamorphic_testing::transformations::annotated_dependency_graphs: Writing ADG restricted to Incoming from validC
13:31:55 [DEBUG] (1) nemo_metamorphic_testing::transformations::annotated_dependency_graphs: Writing reduced ADG to file
13:31:55 [DEBUG] (1) nemo_metamorphic_testing::transformations::annotated_dependency_graphs:   Ancestry and Inverse Stratum update complete.
13:31:55 [DEBUG] (1) nemo_metamorphic_testing::transformations::annotated_dependency_graphs:   Updating Ancestry and Inverse Stratum beginning in relational node canChangeAt
13:31:55 [DEBUG] (1) nemo_metamorphic_testing::transformations::annotated_dependency_graphs: Writing ADG restricted to Incoming from canChangeAt
13:31:55 [DEBUG] (1) nemo_metamorphic_testing::transformations::annotated_dependency_graphs: Writing reduced ADG to file
13:31:55 [DEBUG] (1) nemo_metamorphic_testing::transformations::annotated_dependency_graphs:   Ancestry and Inverse Stratum update complete.
13:31:55 [DEBUG] (1) nemo_metamorphic_testing::transformations::annotated_dependency_graphs:   Updating Ancestry and Inverse Stratum beginning in relational node canChangeAt
13:31:55 [DEBUG] (1) nemo_metamorphic_testing::transformations::annotated_dependency_graphs: Writing ADG restricted to Incoming from canChangeAt
13:31:55 [DEBUG] (1) nemo_metamorphic_testing::transformations::annotated_dependency_graphs: Writing reduced ADG to file
13:31:55 [DEBUG] (1) nemo_metamorphic_testing::transformations::annotated_dependency_graphs:   Ancestry and Inverse Stratum update complete.
13:31:55 [DEBUG] (1) nemo_metamorphic_testing::transformations::annotated_dependency_graphs: Verifying ADG
13:31:55 [DEBUG] (1) nemo_metamorphic_testing::transformations::annotated_dependency_graphs: Writing ADG to file
13:31:55 [DEBUG] (1) nemo_metamorphic_testing::transformations::annotated_dependency_graphs: Writing reduced ADG to file
13:31:55 [DEBUG] (1) nemo_metamorphic_testing: ADG edge verification succeeded
13:31:55 [DEBUG] (1) nemo_metamorphic_testing: RNG position: 145
13:31:55 [INFO] 12 / 32
13:31:55 [INFO]   III Add Relational edges - New Rule
13:31:55 [DEBUG] (1) nemo_metamorphic_testing::transformations::add_relational_edge_new_rule:   Adding the literal canChangeAt->elevator) : (r_EXP_2,+,, "kottbusser_tor")
13:31:55 [DEBUG] (1) nemo_metamorphic_testing::transformations::add_relational_edge_new_rule:   Adding the literal mustChangeAt->elevator) : (r_EXP_2,-,, "kottbusser_tor")
13:31:55 [INFO]   Added new rule of name r_EXP_2
13:31:55 [INFO]   elevator("kottbusser_tor") :- canChangeAt("kottbusser_tor"), ~mustChangeAt("kottbusser_tor") .
13:31:55 [DEBUG] (1) nemo_metamorphic_testing::transformations::annotated_dependency_graphs: Writing ADG to file
13:31:55 [DEBUG] (1) nemo_metamorphic_testing::transformations::annotated_dependency_graphs:   Updating Ancestry and Inverse Stratum beginning in relational node elevator
13:31:55 [DEBUG] (1) nemo_metamorphic_testing::transformations::annotated_dependency_graphs: Writing ADG restricted to Incoming from elevator
13:31:55 [DEBUG] (1) nemo_metamorphic_testing::transformations::annotated_dependency_graphs: Writing reduced ADG to file
13:31:55 [DEBUG] (1) nemo_metamorphic_testing::transformations::annotated_dependency_graphs:   Ancestry and Inverse Stratum update complete.
13:31:55 [DEBUG] (1) nemo_metamorphic_testing::transformations::annotated_dependency_graphs: Verifying ADG
13:31:55 [DEBUG] (1) nemo_metamorphic_testing::transformations::annotated_dependency_graphs: Writing ADG to file
13:31:55 [DEBUG] (1) nemo_metamorphic_testing::transformations::annotated_dependency_graphs: Writing reduced ADG to file
13:31:55 [DEBUG] (1) nemo_metamorphic_testing: ADG edge verification succeeded
13:31:55 [DEBUG] (1) nemo_metamorphic_testing: RNG position: 220
13:31:55 [INFO] 13 / 32
13:31:55 [DEBUG] (1) nemo_metamorphic_testing::transformations::modify_rule_remove_equality:     Incoming edges by rule name: [r_4 : [choseB, choseU, ]; r_3 : [choseU, choseB, ]; r_2 : [mustChangeAt, validC, validC, ]; r_1 : [canChangeAt, mustChangeAt, validC, validC, ]; ]
13:31:55 [INFO]   VIII Modify Rule - Remove Equality
13:31:55 [DEBUG] (1) nemo_metamorphic_testing::transformations::modify_rule_remove_equality: pos edges by tag: {Tag { origin: File { start: 523, end: 534 }, tag: "canChangeAt" }: [EdgeIndex(8)], Tag { origin: File { start: 506, end: 518 }, tag: "mustChangeAt" }: [EdgeIndex(7)], Tag { origin: File { start: 460, end: 466 }, tag: "validC" }: [EdgeIndex(6), EdgeIndex(5)]}
13:31:55 [DEBUG] (1) nemo_metamorphic_testing::transformations::modify_rule_remove_equality: neg edges by tag: {}
13:31:55 [INFO]   Replaced a random number of var y with var y_new_1 in the rule r_1
13:31:55 [DEBUG] (1) nemo_metamorphic_testing::transformations::modify_rule_remove_equality:   Old Rule: validC(?x, ?z) :- validC(?x, ?y), validC(?y, ?z), mustChangeAt(?y), canChangeAt(?y) .
13:31:55 [DEBUG] (1) nemo_metamorphic_testing::transformations::modify_rule_remove_equality:   New Rule: validC(?x, ?z) :- validC(?x, ?y_new_1), validC(?y, ?z), mustChangeAt(?y_new_1), canChangeAt(?y_new_1) .
13:31:55 [DEBUG] (1) nemo_metamorphic_testing::transformations::annotated_dependency_graphs: Verifying ADG
13:31:55 [DEBUG] (1) nemo_metamorphic_testing::transformations::annotated_dependency_graphs: Writing ADG to file
13:31:55 [DEBUG] (1) nemo_metamorphic_testing::transformations::annotated_dependency_graphs: Writing reduced ADG to file
13:31:55 [DEBUG] (1) nemo_metamorphic_testing: ADG edge verification succeeded
13:31:55 [DEBUG] (1) nemo_metamorphic_testing: RNG position: 226
13:31:55 [INFO] 14 / 32
13:31:55 [INFO]   II Add Fact Node and Edge
13:31:55 [INFO]   Added new fact allowedDiff(c_5, "str_1").
13:31:55 [DEBUG] (1) nemo_metamorphic_testing::transformations::annotated_dependency_graphs: Verifying ADG
13:31:55 [DEBUG] (1) nemo_metamorphic_testing::transformations::annotated_dependency_graphs: Writing ADG to file
13:31:55 [DEBUG] (1) nemo_metamorphic_testing::transformations::annotated_dependency_graphs: Writing reduced ADG to file
13:31:55 [DEBUG] (1) nemo_metamorphic_testing: ADG edge verification succeeded
13:31:55 [DEBUG] (1) nemo_metamorphic_testing: RNG position: 239
13:31:55 [INFO] 15 / 32
13:31:55 [DEBUG] (1) nemo_metamorphic_testing::transformations::modify_rule_remove_equality:     Incoming edges by rule name: [r_4 : [choseB, choseU, ]; r_3 : [choseU, choseB, ]; r_2 : [mustChangeAt, validC, validC, ]; r_1 : [canChangeAt, mustChangeAt, validC, validC, ]; ]
13:31:55 [INFO]   VIII Modify Rule - Remove Equality
13:31:55 [DEBUG] (1) nemo_metamorphic_testing::transformations::modify_rule_remove_equality: pos edges by tag: {Tag { origin: File { start: 523, end: 534 }, tag: "canChangeAt" }: [EdgeIndex(8)], Tag { origin: File { start: 506, end: 518 }, tag: "mustChangeAt" }: [EdgeIndex(7)], Tag { origin: File { start: 460, end: 466 }, tag: "validC" }: [EdgeIndex(6), EdgeIndex(5)]}
13:31:55 [DEBUG] (1) nemo_metamorphic_testing::transformations::modify_rule_remove_equality: neg edges by tag: {}
13:31:55 [INFO]   Replaced a random number of var y_new_1 with var y_new_1_new_1 in the rule r_1
13:31:55 [DEBUG] (1) nemo_metamorphic_testing::transformations::modify_rule_remove_equality:   Old Rule: validC(?x, ?z) :- validC(?x, ?y_new_1), validC(?y, ?z), mustChangeAt(?y_new_1), canChangeAt(?y_new_1) .
13:31:55 [DEBUG] (1) nemo_metamorphic_testing::transformations::modify_rule_remove_equality:   New Rule: validC(?x, ?z) :- validC(?x, ?y_new_1_new_1), validC(?y, ?z), mustChangeAt(?y_new_1_new_1), canChangeAt(?y_new_1) .
13:31:55 [DEBUG] (1) nemo_metamorphic_testing::transformations::annotated_dependency_graphs: Verifying ADG
13:31:55 [DEBUG] (1) nemo_metamorphic_testing::transformations::annotated_dependency_graphs: Writing ADG to file
13:31:55 [DEBUG] (1) nemo_metamorphic_testing::transformations::annotated_dependency_graphs: Writing reduced ADG to file
13:31:55 [DEBUG] (1) nemo_metamorphic_testing: ADG edge verification succeeded
13:31:55 [DEBUG] (1) nemo_metamorphic_testing: RNG position: 243
13:31:55 [INFO] 16 / 32
13:31:55 [DEBUG] (1) nemo_metamorphic_testing::transformations::remove_relational_edge_single_literal:     Incoming edges by rule name: [r_5 : [tooLargeGap, elevator, ]; ]
13:31:55 [DEBUG] (1) nemo_metamorphic_testing::transformations::remove_relational_edge_single_literal: Zip {
    a: Cloned {
        it: Iter(
            [
                EdgeIndex(17),
                EdgeIndex(16),
            ],
        ),
    },
    b: IntoIter(
        [
            (r_5, -, (?y, )),
            (r_5, +, (?y, )),
        ],
    ),
}
13:31:55 [INFO]   II Add Fact Node and Edge
13:31:55 [INFO]   Added new fact platformHeight(9343797318371402739, 9343797318371402739).
13:31:55 [DEBUG] (1) nemo_metamorphic_testing::transformations::annotated_dependency_graphs: Verifying ADG
13:31:55 [DEBUG] (1) nemo_metamorphic_testing::transformations::annotated_dependency_graphs: Writing ADG to file
13:31:55 [DEBUG] (1) nemo_metamorphic_testing::transformations::annotated_dependency_graphs: Writing reduced ADG to file
13:31:55 [DEBUG] (1) nemo_metamorphic_testing: ADG edge verification succeeded
13:31:55 [DEBUG] (1) nemo_metamorphic_testing: RNG position: 259
13:31:55 [INFO] 17 / 32
13:31:55 [INFO]   III Add Relational edges - New Rule
13:31:55 [INFO]   Assigned relation R_1 the artiy 2
13:31:55 [DEBUG] (1) nemo_metamorphic_testing::transformations::add_relational_edge_new_rule:   Adding the literal elevator->R_1) : (r_EXP_3,+,, trainHeight)
13:31:55 [DEBUG] (1) nemo_metamorphic_testing::transformations::add_relational_edge_new_rule:   Adding the literal canChangeAt->R_1) : (r_EXP_3,+,, ?X_2)
13:31:55 [DEBUG] (1) nemo_metamorphic_testing::transformations::add_relational_edge_new_rule:   Adding the literal platformHeight->R_1) : (r_EXP_3,+,, ?X_1, trainHeight)
13:31:55 [DEBUG] (1) nemo_metamorphic_testing::transformations::add_relational_edge_new_rule:   Adding the literal choseU->R_1) : (r_EXP_3,+,, trainHeight, trainHeight)
13:31:55 [DEBUG] (1) nemo_metamorphic_testing::transformations::add_relational_edge_new_rule:   Adding the literal mustChangeAt->R_1) : (r_EXP_3,-,, trainHeight)
13:31:55 [INFO]   Added new rule of name r_EXP_3
13:31:55 [INFO]   R_1(?X_1, ?X_2) :- elevator(trainHeight), canChangeAt(?X_2), platformHeight(?X_1, trainHeight), choseU(trainHeight, trainHeight), ~mustChangeAt(trainHeight) .
13:31:55 [DEBUG] (1) nemo_metamorphic_testing::transformations::annotated_dependency_graphs: Writing ADG to file
13:31:55 [DEBUG] (1) nemo_metamorphic_testing::transformations::annotated_dependency_graphs:   Updating Ancestry and Inverse Stratum beginning in relational node R_1
13:31:55 [DEBUG] (1) nemo_metamorphic_testing::transformations::annotated_dependency_graphs: Writing ADG restricted to Incoming from R_1
13:31:55 [DEBUG] (1) nemo_metamorphic_testing::transformations::annotated_dependency_graphs: Writing reduced ADG to file
13:31:55 [DEBUG] (1) nemo_metamorphic_testing::transformations::annotated_dependency_graphs:   Ancestry and Inverse Stratum update complete.
13:31:55 [DEBUG] (1) nemo_metamorphic_testing::transformations::annotated_dependency_graphs: Verifying ADG
13:31:55 [DEBUG] (1) nemo_metamorphic_testing::transformations::annotated_dependency_graphs: Writing ADG to file
13:31:55 [DEBUG] (1) nemo_metamorphic_testing::transformations::annotated_dependency_graphs: Writing reduced ADG to file
13:31:55 [DEBUG] (1) nemo_metamorphic_testing: ADG edge verification succeeded
13:31:55 [DEBUG] (1) nemo_metamorphic_testing: RNG position: 357
13:31:55 [INFO] 18 / 32
13:31:55 [INFO]   I Add Relational Node
13:31:55 [INFO]   Added new relation R_2
13:31:55 [DEBUG] (1) nemo_metamorphic_testing::transformations::annotated_dependency_graphs: Verifying ADG
13:31:55 [DEBUG] (1) nemo_metamorphic_testing::transformations::annotated_dependency_graphs: Writing ADG to file
13:31:55 [DEBUG] (1) nemo_metamorphic_testing::transformations::annotated_dependency_graphs: Writing reduced ADG to file
13:31:55 [DEBUG] (1) nemo_metamorphic_testing: ADG edge verification succeeded
13:31:55 [DEBUG] (1) nemo_metamorphic_testing: RNG position: 358
13:31:55 [INFO] 19 / 32
13:31:55 [INFO]   II Add Fact Node and Edge
13:31:55 [INFO]   Added new fact allowedDiff("alexanderplatz", c_2).
13:31:55 [DEBUG] (1) nemo_metamorphic_testing::transformations::annotated_dependency_graphs: Verifying ADG
13:31:55 [DEBUG] (1) nemo_metamorphic_testing::transformations::annotated_dependency_graphs: Writing ADG to file
13:31:55 [DEBUG] (1) nemo_metamorphic_testing::transformations::annotated_dependency_graphs: Writing reduced ADG to file
13:31:55 [DEBUG] (1) nemo_metamorphic_testing: ADG edge verification succeeded
13:31:55 [DEBUG] (1) nemo_metamorphic_testing: RNG position: 366
13:31:55 [INFO] 20 / 32
13:31:55 [DEBUG] (1) nemo_metamorphic_testing::transformations::remove_relational_edges_whole_rule:     Incoming edges by rule name: [r_EXP_3 : [mustChangeAt, choseU, platformHeight, canChangeAt, elevator, ]; ]
13:31:55 [INFO]   V Remove Relational Edges - Whole Rule
13:31:55 [INFO]   Removing the Rule of the name r_EXP_3
13:31:55 [DEBUG] (1) nemo_metamorphic_testing::transformations::remove_relational_edges_whole_rule:    R_1(?X_1, ?X_2) :- elevator(trainHeight), canChangeAt(?X_2), platformHeight(?X_1, trainHeight), choseU(trainHeight, trainHeight), ~mustChangeAt(trainHeight) .
13:31:55 [DEBUG] (1) nemo_metamorphic_testing::transformations::annotated_dependency_graphs:   Updating Ancestry and Inverse Stratum beginning in relational node elevator
13:31:55 [DEBUG] (1) nemo_metamorphic_testing::transformations::annotated_dependency_graphs: Writing ADG restricted to Incoming from elevator
13:31:55 [DEBUG] (1) nemo_metamorphic_testing::transformations::annotated_dependency_graphs: Writing reduced ADG to file
13:31:55 [DEBUG] (1) nemo_metamorphic_testing::transformations::annotated_dependency_graphs:   Ancestry and Inverse Stratum update complete.
13:31:55 [DEBUG] (1) nemo_metamorphic_testing::transformations::annotated_dependency_graphs:   Updating Ancestry and Inverse Stratum beginning in relational node validC
13:31:55 [DEBUG] (1) nemo_metamorphic_testing::transformations::annotated_dependency_graphs: Writing ADG restricted to Incoming from validC
13:31:55 [DEBUG] (1) nemo_metamorphic_testing::transformations::annotated_dependency_graphs: Writing reduced ADG to file
13:31:55 [DEBUG] (1) nemo_metamorphic_testing::transformations::annotated_dependency_graphs:   Ancestry and Inverse Stratum update complete.
13:31:55 [DEBUG] (1) nemo_metamorphic_testing::transformations::annotated_dependency_graphs:   Updating Ancestry and Inverse Stratum beginning in relational node validC
13:31:55 [DEBUG] (1) nemo_metamorphic_testing::transformations::annotated_dependency_graphs: Writing ADG restricted to Incoming from validC
13:31:55 [DEBUG] (1) nemo_metamorphic_testing::transformations::annotated_dependency_graphs: Writing reduced ADG to file
13:31:55 [DEBUG] (1) nemo_metamorphic_testing::transformations::annotated_dependency_graphs:   Ancestry and Inverse Stratum update complete.
13:31:55 [DEBUG] (1) nemo_metamorphic_testing::transformations::annotated_dependency_graphs:   Updating Ancestry and Inverse Stratum beginning in relational node mustChangeAt
13:31:55 [DEBUG] (1) nemo_metamorphic_testing::transformations::annotated_dependency_graphs: Writing ADG restricted to Incoming from mustChangeAt
13:31:55 [DEBUG] (1) nemo_metamorphic_testing::transformations::annotated_dependency_graphs: Writing reduced ADG to file
13:31:55 [DEBUG] (1) nemo_metamorphic_testing::transformations::annotated_dependency_graphs:   Ancestry and Inverse Stratum update complete.
13:31:55 [DEBUG] (1) nemo_metamorphic_testing::transformations::annotated_dependency_graphs:   Updating Ancestry and Inverse Stratum beginning in relational node mustChangeAt
13:31:55 [DEBUG] (1) nemo_metamorphic_testing::transformations::annotated_dependency_graphs: Writing ADG restricted to Incoming from mustChangeAt
13:31:55 [DEBUG] (1) nemo_metamorphic_testing::transformations::annotated_dependency_graphs: Writing reduced ADG to file
13:31:55 [DEBUG] (1) nemo_metamorphic_testing::transformations::annotated_dependency_graphs:   Ancestry and Inverse Stratum update complete.
13:31:55 [DEBUG] (1) nemo_metamorphic_testing::transformations::annotated_dependency_graphs:   Updating Ancestry and Inverse Stratum beginning in relational node validC
13:31:55 [DEBUG] (1) nemo_metamorphic_testing::transformations::annotated_dependency_graphs: Writing ADG restricted to Incoming from validC
13:31:55 [DEBUG] (1) nemo_metamorphic_testing::transformations::annotated_dependency_graphs: Writing reduced ADG to file
13:31:55 [DEBUG] (1) nemo_metamorphic_testing::transformations::annotated_dependency_graphs:   Ancestry and Inverse Stratum update complete.
13:31:55 [DEBUG] (1) nemo_metamorphic_testing::transformations::annotated_dependency_graphs:   Updating Ancestry and Inverse Stratum beginning in relational node validC
13:31:55 [DEBUG] (1) nemo_metamorphic_testing::transformations::annotated_dependency_graphs: Writing ADG restricted to Incoming from validC
13:31:55 [DEBUG] (1) nemo_metamorphic_testing::transformations::annotated_dependency_graphs: Writing reduced ADG to file
13:31:55 [DEBUG] (1) nemo_metamorphic_testing::transformations::annotated_dependency_graphs:   Ancestry and Inverse Stratum update complete.
13:31:55 [DEBUG] (1) nemo_metamorphic_testing::transformations::annotated_dependency_graphs:   Updating Ancestry and Inverse Stratum beginning in relational node mustChangeAt
13:31:55 [DEBUG] (1) nemo_metamorphic_testing::transformations::annotated_dependency_graphs: Writing ADG restricted to Incoming from mustChangeAt
13:31:55 [DEBUG] (1) nemo_metamorphic_testing::transformations::annotated_dependency_graphs: Writing reduced ADG to file
13:31:55 [DEBUG] (1) nemo_metamorphic_testing::transformations::annotated_dependency_graphs:   Ancestry and Inverse Stratum update complete.
13:31:55 [DEBUG] (1) nemo_metamorphic_testing::transformations::annotated_dependency_graphs:   Updating Ancestry and Inverse Stratum beginning in relational node mustChangeAt
13:31:55 [DEBUG] (1) nemo_metamorphic_testing::transformations::annotated_dependency_graphs: Writing ADG restricted to Incoming from mustChangeAt
13:31:55 [DEBUG] (1) nemo_metamorphic_testing::transformations::annotated_dependency_graphs: Writing reduced ADG to file
13:31:55 [DEBUG] (1) nemo_metamorphic_testing::transformations::annotated_dependency_graphs:   Ancestry and Inverse Stratum update complete.
13:31:55 [DEBUG] (1) nemo_metamorphic_testing::transformations::annotated_dependency_graphs:   Updating Ancestry and Inverse Stratum beginning in relational node validC
13:31:55 [DEBUG] (1) nemo_metamorphic_testing::transformations::annotated_dependency_graphs: Writing ADG restricted to Incoming from validC
13:31:55 [DEBUG] (1) nemo_metamorphic_testing::transformations::annotated_dependency_graphs: Writing reduced ADG to file
13:31:55 [DEBUG] (1) nemo_metamorphic_testing::transformations::annotated_dependency_graphs:   Ancestry and Inverse Stratum update complete.
13:31:55 [DEBUG] (1) nemo_metamorphic_testing::transformations::annotated_dependency_graphs:   Updating Ancestry and Inverse Stratum beginning in relational node validC
13:31:55 [DEBUG] (1) nemo_metamorphic_testing::transformations::annotated_dependency_graphs: Writing ADG restricted to Incoming from validC
13:31:55 [DEBUG] (1) nemo_metamorphic_testing::transformations::annotated_dependency_graphs: Writing reduced ADG to file
13:31:55 [DEBUG] (1) nemo_metamorphic_testing::transformations::annotated_dependency_graphs:   Ancestry and Inverse Stratum update complete.
13:31:55 [DEBUG] (1) nemo_metamorphic_testing::transformations::annotated_dependency_graphs:   Updating Ancestry and Inverse Stratum beginning in relational node elevator
13:31:55 [DEBUG] (1) nemo_metamorphic_testing::transformations::annotated_dependency_graphs: Writing ADG restricted to Incoming from elevator
13:31:55 [DEBUG] (1) nemo_metamorphic_testing::transformations::annotated_dependency_graphs: Writing reduced ADG to file
13:31:55 [DEBUG] (1) nemo_metamorphic_testing::transformations::annotated_dependency_graphs:   Ancestry and Inverse Stratum update complete.
13:31:55 [DEBUG] (1) nemo_metamorphic_testing::transformations::annotated_dependency_graphs:   Updating Ancestry and Inverse Stratum beginning in relational node validC
13:31:55 [DEBUG] (1) nemo_metamorphic_testing::transformations::annotated_dependency_graphs: Writing ADG restricted to Incoming from validC
13:31:55 [DEBUG] (1) nemo_metamorphic_testing::transformations::annotated_dependency_graphs: Writing reduced ADG to file
13:31:55 [DEBUG] (1) nemo_metamorphic_testing::transformations::annotated_dependency_graphs:   Ancestry and Inverse Stratum update complete.
13:31:55 [DEBUG] (1) nemo_metamorphic_testing::transformations::annotated_dependency_graphs:   Updating Ancestry and Inverse Stratum beginning in relational node canChangeAt
13:31:55 [DEBUG] (1) nemo_metamorphic_testing::transformations::annotated_dependency_graphs: Writing ADG restricted to Incoming from canChangeAt
13:31:55 [DEBUG] (1) nemo_metamorphic_testing::transformations::annotated_dependency_graphs: Writing reduced ADG to file
13:31:55 [DEBUG] (1) nemo_metamorphic_testing::transformations::annotated_dependency_graphs:   Ancestry and Inverse Stratum update complete.
13:31:55 [DEBUG] (1) nemo_metamorphic_testing::transformations::annotated_dependency_graphs:   Updating Ancestry and Inverse Stratum beginning in relational node canChangeAt
13:31:55 [DEBUG] (1) nemo_metamorphic_testing::transformations::annotated_dependency_graphs: Writing ADG restricted to Incoming from canChangeAt
13:31:55 [DEBUG] (1) nemo_metamorphic_testing::transformations::annotated_dependency_graphs: Writing reduced ADG to file
13:31:55 [DEBUG] (1) nemo_metamorphic_testing::transformations::annotated_dependency_graphs:   Ancestry and Inverse Stratum update complete.
13:31:55 [DEBUG] (1) nemo_metamorphic_testing::transformations::annotated_dependency_graphs: Verifying ADG
13:31:55 [DEBUG] (1) nemo_metamorphic_testing::transformations::annotated_dependency_graphs: Writing ADG to file
13:31:55 [DEBUG] (1) nemo_metamorphic_testing::transformations::annotated_dependency_graphs: Writing reduced ADG to file
13:31:55 [DEBUG] (1) nemo_metamorphic_testing: ADG edge verification succeeded
13:31:55 [DEBUG] (1) nemo_metamorphic_testing: RNG position: 367
13:31:55 [INFO] 21 / 32
13:31:55 [INFO]   II Add Fact Node and Edge
13:31:55 [INFO]   Assigned relation R_1 the artiy 3
13:31:55 [INFO]   Added new fact R_1(trainHeight, 1485502804835271873, 1324136148557418922).
13:31:55 [DEBUG] (1) nemo_metamorphic_testing::transformations::annotated_dependency_graphs: Verifying ADG
13:31:55 [DEBUG] (1) nemo_metamorphic_testing::transformations::annotated_dependency_graphs: Writing ADG to file
13:31:55 [DEBUG] (1) nemo_metamorphic_testing::transformations::annotated_dependency_graphs: Writing reduced ADG to file
13:31:55 [DEBUG] (1) nemo_metamorphic_testing: ADG edge verification succeeded
13:31:55 [DEBUG] (1) nemo_metamorphic_testing: RNG position: 385
13:31:55 [INFO] 22 / 32
13:31:55 [DEBUG] (1) nemo_metamorphic_testing::transformations::modify_rule_remove_equality:     Incoming edges by rule name: [r_4 : [choseB, choseU, ]; r_3 : [choseU, choseB, ]; r_2 : [mustChangeAt, validC, validC, ]; r_1 : [canChangeAt, mustChangeAt, validC, validC, ]; ]
13:31:55 [INFO]   VIII Modify Rule - Remove Equality
13:31:55 [DEBUG] (1) nemo_metamorphic_testing::transformations::modify_rule_remove_equality: pos edges by tag: {Tag { origin: File { start: 523, end: 534 }, tag: "canChangeAt" }: [EdgeIndex(8)], Tag { origin: File { start: 506, end: 518 }, tag: "mustChangeAt" }: [EdgeIndex(7)], Tag { origin: File { start: 460, end: 466 }, tag: "validC" }: [EdgeIndex(6), EdgeIndex(5)]}
13:31:55 [DEBUG] (1) nemo_metamorphic_testing::transformations::modify_rule_remove_equality: neg edges by tag: {}
13:31:55 [INFO]   Replaced a random number of var y_new_1_new_1 with var y_new_1_new_1_new_1 in the rule r_1
13:31:55 [DEBUG] (1) nemo_metamorphic_testing::transformations::modify_rule_remove_equality:   Old Rule: validC(?x, ?z) :- validC(?x, ?y_new_1_new_1), validC(?y, ?z), mustChangeAt(?y_new_1_new_1), canChangeAt(?y_new_1) .
13:31:55 [DEBUG] (1) nemo_metamorphic_testing::transformations::modify_rule_remove_equality:   New Rule: validC(?x, ?z) :- validC(?x, ?y_new_1_new_1), validC(?y, ?z), mustChangeAt(?y_new_1_new_1_new_1), canChangeAt(?y_new_1) .
13:31:55 [DEBUG] (1) nemo_metamorphic_testing::transformations::annotated_dependency_graphs: Verifying ADG
13:31:55 [DEBUG] (1) nemo_metamorphic_testing::transformations::annotated_dependency_graphs: Writing ADG to file
13:31:55 [DEBUG] (1) nemo_metamorphic_testing::transformations::annotated_dependency_graphs: Writing reduced ADG to file
13:31:55 [DEBUG] (1) nemo_metamorphic_testing: ADG edge verification succeeded
13:31:55 [DEBUG] (1) nemo_metamorphic_testing: RNG position: 388
13:31:55 [INFO] 23 / 32
13:31:55 [INFO]   I Add Relational Node
13:31:55 [INFO]   Added new relation R_3
13:31:55 [DEBUG] (1) nemo_metamorphic_testing::transformations::annotated_dependency_graphs: Verifying ADG
13:31:55 [DEBUG] (1) nemo_metamorphic_testing::transformations::annotated_dependency_graphs: Writing ADG to file
13:31:55 [DEBUG] (1) nemo_metamorphic_testing::transformations::annotated_dependency_graphs: Writing reduced ADG to file
13:31:55 [DEBUG] (1) nemo_metamorphic_testing: ADG edge verification succeeded
13:31:55 [DEBUG] (1) nemo_metamorphic_testing: RNG position: 390
13:31:55 [INFO] 24 / 32
13:31:55 [INFO]   III Add Relational edges - New Rule
13:31:55 [INFO]   Assigned relation R_2 the artiy 3
13:31:55 [DEBUG] (1) nemo_metamorphic_testing::transformations::add_relational_edge_new_rule:   Adding the literal allowedDiff->platformHeight) : (r_EXP_4,+,, ?X_2, ?X_2)
13:31:55 [DEBUG] (1) nemo_metamorphic_testing::transformations::add_relational_edge_new_rule:   Adding the literal platformHeight->platformHeight) : (r_EXP_4,+,, c_1, "str_1")
13:31:55 [DEBUG] (1) nemo_metamorphic_testing::transformations::add_relational_edge_new_rule:   Adding the literal success->platformHeight) : (r_EXP_4,+,, ?X_2)
13:31:55 [DEBUG] (1) nemo_metamorphic_testing::transformations::add_relational_edge_new_rule:   Adding the literal seeTVTower->platformHeight) : (r_EXP_4,+,, ?Y_1, ?X_2, c_1, c_1, "str_1")
13:31:55 [DEBUG] (1) nemo_metamorphic_testing::transformations::add_relational_edge_new_rule:   Adding the literal R_2->platformHeight) : (r_EXP_4,+,, ?X_2, "str_1", ?Y_1)
13:31:55 [DEBUG] (1) nemo_metamorphic_testing::transformations::add_relational_edge_new_rule:   Adding the literal R_1->platformHeight) : (r_EXP_4,+,, "str_1", "str_1", "str_1")
13:31:55 [DEBUG] (1) nemo_metamorphic_testing::transformations::add_relational_edge_new_rule:   Adding the literal R_2->platformHeight) : (r_EXP_4,-,, ?X_2, ?Y_1, c_1)
13:31:55 [DEBUG] (1) nemo_metamorphic_testing::transformations::add_relational_edge_new_rule:   Adding the literal elevator->platformHeight) : (r_EXP_4,-,, c_1)
13:31:55 [DEBUG] (1) nemo_metamorphic_testing::transformations::add_relational_edge_new_rule:   Adding the literal choseB->platformHeight) : (r_EXP_4,-,, "str_1", c_1)
13:31:55 [INFO]   Added new rule of name r_EXP_4
13:31:55 [INFO]   platformHeight(?X_2, "str_1") :- allowedDiff(?X_2, ?X_2), platformHeight(c_1, "str_1"), success(?X_2), seeTVTower(?Y_1, ?X_2, c_1, c_1, "str_1"), R_2(?X_2, "str_1", ?Y_1), R_1("str_1", "str_1", "str_1"), ~R_2(?X_2, ?Y_1, c_1), ~elevator(c_1), ~choseB("str_1", c_1) .
13:31:55 [DEBUG] (1) nemo_metamorphic_testing::transformations::annotated_dependency_graphs: Writing ADG to file
13:31:55 [DEBUG] (1) nemo_metamorphic_testing::transformations::annotated_dependency_graphs:   Updating Ancestry and Inverse Stratum beginning in relational node platformHeight
13:31:55 [DEBUG] (1) nemo_metamorphic_testing::transformations::annotated_dependency_graphs: Writing ADG restricted to Incoming from platformHeight
13:31:55 [DEBUG] (1) nemo_metamorphic_testing::transformations::annotated_dependency_graphs: Writing reduced ADG to file
13:31:55 [DEBUG] (1) nemo_metamorphic_testing::transformations::annotated_dependency_graphs:   Ancestry and Inverse Stratum update complete.
13:31:55 [DEBUG] (1) nemo_metamorphic_testing::transformations::annotated_dependency_graphs: Verifying ADG
13:31:55 [DEBUG] (1) nemo_metamorphic_testing::transformations::annotated_dependency_graphs: Writing ADG to file
13:31:55 [DEBUG] (1) nemo_metamorphic_testing::transformations::annotated_dependency_graphs: Writing reduced ADG to file
13:31:55 [DEBUG] (1) nemo_metamorphic_testing: ADG edge verification succeeded
13:31:55 [DEBUG] (1) nemo_metamorphic_testing: RNG position: 520
13:31:55 [INFO] 25 / 32
13:31:55 [DEBUG] (1) nemo_metamorphic_testing::transformations::modify_rule_add_equality:     Incoming edges by rule name: [r_EXP_4 : [choseB, elevator, R_2, R_1, R_2, seeTVTower, success, platformHeight, allowedDiff, ]; ]
13:31:55 [INFO]   VII Modify Rule - Add Equality
13:31:55 [DEBUG] (1) nemo_metamorphic_testing::transformations::modify_rule_add_equality:   Found vars for into equality: [?X_2, ?Y_1,  ]
13:31:55 [INFO]   Replaced var ?X_2 with var ?Y_1 in the rule r_EXP_4
13:31:55 [DEBUG] (1) nemo_metamorphic_testing::transformations::modify_rule_add_equality:   Old Rule: platformHeight(?X_2, "str_1") :- allowedDiff(?X_2, ?X_2), platformHeight(c_1, "str_1"), success(?X_2), seeTVTower(?Y_1, ?X_2, c_1, c_1, "str_1"), R_2(?X_2, "str_1", ?Y_1), R_1("str_1", "str_1", "str_1"), ~R_2(?X_2, ?Y_1, c_1), ~elevator(c_1), ~choseB("str_1", c_1) .
13:31:55 [DEBUG] (1) nemo_metamorphic_testing::transformations::modify_rule_add_equality:   New Rule: platformHeight(?Y_1, "str_1") :- allowedDiff(?Y_1, ?Y_1), platformHeight(c_1, "str_1"), success(?Y_1), seeTVTower(?Y_1, ?Y_1, c_1, c_1, "str_1"), R_2(?Y_1, "str_1", ?Y_1), R_1("str_1", "str_1", "str_1"), ~R_2(?Y_1, ?Y_1, c_1), ~elevator(c_1), ~choseB("str_1", c_1) .
13:31:55 [DEBUG] (1) nemo_metamorphic_testing::transformations::annotated_dependency_graphs: Verifying ADG
13:31:55 [DEBUG] (1) nemo_metamorphic_testing::transformations::annotated_dependency_graphs: Writing ADG to file
13:31:55 [DEBUG] (1) nemo_metamorphic_testing::transformations::annotated_dependency_graphs: Writing reduced ADG to file
13:31:55 [DEBUG] (1) nemo_metamorphic_testing: ADG edge verification succeeded
13:31:55 [DEBUG] (1) nemo_metamorphic_testing: RNG position: 521
13:31:55 [INFO] 26 / 32
13:31:55 [INFO]   II Add Fact Node and Edge
13:31:55 [INFO]   Added new fact validC(3727996998896424382, c_6).
13:31:55 [DEBUG] (1) nemo_metamorphic_testing::transformations::annotated_dependency_graphs: Verifying ADG
13:31:55 [DEBUG] (1) nemo_metamorphic_testing::transformations::annotated_dependency_graphs: Writing ADG to file
13:31:55 [DEBUG] (1) nemo_metamorphic_testing::transformations::annotated_dependency_graphs: Writing reduced ADG to file
13:31:55 [DEBUG] (1) nemo_metamorphic_testing: ADG edge verification succeeded
13:31:55 [DEBUG] (1) nemo_metamorphic_testing: RNG position: 530
13:31:55 [INFO] 27 / 32
13:31:55 [DEBUG] (1) nemo_metamorphic_testing::transformations::remove_relational_edge_single_literal:     Incoming edges by rule name: [r_EXP_2 : [mustChangeAt, canChangeAt, ]; ]
13:31:55 [DEBUG] (1) nemo_metamorphic_testing::transformations::remove_relational_edge_single_literal: Zip {
    a: Cloned {
        it: Iter(
            [
                EdgeIndex(19),
                EdgeIndex(18),
            ],
        ),
    },
    b: IntoIter(
        [
            (r_EXP_2, -, ("kottbusser_tor", )),
            (r_EXP_2, +, ("kottbusser_tor", )),
        ],
    ),
}
13:31:55 [INFO]   VI Remove Relational Edge - Single Literal
13:31:55 [INFO]   Found the rule of the name r_EXP_2
13:31:55 [DEBUG] (1) nemo_metamorphic_testing::transformations::remove_relational_edge_single_literal:    Old rule:   elevator("kottbusser_tor") :- canChangeAt("kottbusser_tor"), ~mustChangeAt("kottbusser_tor") .
13:31:55 [INFO]   Removed relational edge NodeIndex(5): (mustChangeAt -> elevator)
13:31:55 [DEBUG] (1) nemo_metamorphic_testing::transformations::annotated_dependency_graphs:   Updating Ancestry and Inverse Stratum beginning in relational node validC
13:31:55 [DEBUG] (1) nemo_metamorphic_testing::transformations::annotated_dependency_graphs: Writing ADG restricted to Incoming from validC
13:31:55 [DEBUG] (1) nemo_metamorphic_testing::transformations::annotated_dependency_graphs: Writing reduced ADG to file
13:31:55 [DEBUG] (1) nemo_metamorphic_testing::transformations::annotated_dependency_graphs:   Ancestry and Inverse Stratum update complete.
13:31:55 [DEBUG] (1) nemo_metamorphic_testing::transformations::annotated_dependency_graphs:   Updating Ancestry and Inverse Stratum beginning in relational node validC
13:31:55 [DEBUG] (1) nemo_metamorphic_testing::transformations::annotated_dependency_graphs: Writing ADG restricted to Incoming from validC
13:31:55 [DEBUG] (1) nemo_metamorphic_testing::transformations::annotated_dependency_graphs: Writing reduced ADG to file
13:31:55 [DEBUG] (1) nemo_metamorphic_testing::transformations::annotated_dependency_graphs:   Ancestry and Inverse Stratum update complete.
13:31:55 [DEBUG] (1) nemo_metamorphic_testing::transformations::annotated_dependency_graphs:   Updating Ancestry and Inverse Stratum beginning in relational node mustChangeAt
13:31:55 [DEBUG] (1) nemo_metamorphic_testing::transformations::annotated_dependency_graphs: Writing ADG restricted to Incoming from mustChangeAt
13:31:55 [DEBUG] (1) nemo_metamorphic_testing::transformations::annotated_dependency_graphs: Writing reduced ADG to file
13:31:55 [DEBUG] (1) nemo_metamorphic_testing::transformations::annotated_dependency_graphs:   Ancestry and Inverse Stratum update complete.
13:31:55 [DEBUG] (1) nemo_metamorphic_testing::transformations::annotated_dependency_graphs:   Updating Ancestry and Inverse Stratum beginning in relational node mustChangeAt
13:31:55 [DEBUG] (1) nemo_metamorphic_testing::transformations::annotated_dependency_graphs: Writing ADG restricted to Incoming from mustChangeAt
13:31:55 [DEBUG] (1) nemo_metamorphic_testing::transformations::annotated_dependency_graphs: Writing reduced ADG to file
13:31:55 [DEBUG] (1) nemo_metamorphic_testing::transformations::annotated_dependency_graphs:   Ancestry and Inverse Stratum update complete.
13:31:55 [DEBUG] (1) nemo_metamorphic_testing::transformations::annotated_dependency_graphs:   Updating Ancestry and Inverse Stratum beginning in relational node validC
13:31:55 [DEBUG] (1) nemo_metamorphic_testing::transformations::annotated_dependency_graphs: Writing ADG restricted to Incoming from validC
13:31:55 [DEBUG] (1) nemo_metamorphic_testing::transformations::annotated_dependency_graphs: Writing reduced ADG to file
13:31:55 [DEBUG] (1) nemo_metamorphic_testing::transformations::annotated_dependency_graphs:   Ancestry and Inverse Stratum update complete.
13:31:55 [DEBUG] (1) nemo_metamorphic_testing::transformations::annotated_dependency_graphs:   Updating Ancestry and Inverse Stratum beginning in relational node validC
13:31:55 [DEBUG] (1) nemo_metamorphic_testing::transformations::annotated_dependency_graphs: Writing ADG restricted to Incoming from validC
13:31:55 [DEBUG] (1) nemo_metamorphic_testing::transformations::annotated_dependency_graphs: Writing reduced ADG to file
13:31:55 [DEBUG] (1) nemo_metamorphic_testing::transformations::annotated_dependency_graphs:   Ancestry and Inverse Stratum update complete.
13:31:55 [DEBUG] (1) nemo_metamorphic_testing::transformations::annotated_dependency_graphs:   Updating Ancestry and Inverse Stratum beginning in relational node platformHeight
13:31:55 [DEBUG] (1) nemo_metamorphic_testing::transformations::annotated_dependency_graphs: Writing ADG restricted to Incoming from platformHeight
13:31:55 [DEBUG] (1) nemo_metamorphic_testing::transformations::annotated_dependency_graphs: Writing reduced ADG to file
13:31:55 [DEBUG] (1) nemo_metamorphic_testing::transformations::annotated_dependency_graphs:   Ancestry and Inverse Stratum update complete.
13:31:55 [DEBUG] (1) nemo_metamorphic_testing::transformations::annotated_dependency_graphs:   Updating Ancestry and Inverse Stratum beginning in relational node mustChangeAt
13:31:55 [DEBUG] (1) nemo_metamorphic_testing::transformations::annotated_dependency_graphs: Writing ADG restricted to Incoming from mustChangeAt
13:31:55 [DEBUG] (1) nemo_metamorphic_testing::transformations::annotated_dependency_graphs: Writing reduced ADG to file
13:31:55 [DEBUG] (1) nemo_metamorphic_testing::transformations::annotated_dependency_graphs:   Ancestry and Inverse Stratum update complete.
13:31:55 [DEBUG] (1) nemo_metamorphic_testing::transformations::annotated_dependency_graphs:   Updating Ancestry and Inverse Stratum beginning in relational node mustChangeAt
13:31:55 [DEBUG] (1) nemo_metamorphic_testing::transformations::annotated_dependency_graphs: Writing ADG restricted to Incoming from mustChangeAt
13:31:55 [DEBUG] (1) nemo_metamorphic_testing::transformations::annotated_dependency_graphs: Writing reduced ADG to file
13:31:55 [DEBUG] (1) nemo_metamorphic_testing::transformations::annotated_dependency_graphs:   Ancestry and Inverse Stratum update complete.
13:31:55 [DEBUG] (1) nemo_metamorphic_testing::transformations::annotated_dependency_graphs:   Updating Ancestry and Inverse Stratum beginning in relational node validC
13:31:55 [DEBUG] (1) nemo_metamorphic_testing::transformations::annotated_dependency_graphs: Writing ADG restricted to Incoming from validC
13:31:55 [DEBUG] (1) nemo_metamorphic_testing::transformations::annotated_dependency_graphs: Writing reduced ADG to file
13:31:55 [DEBUG] (1) nemo_metamorphic_testing::transformations::annotated_dependency_graphs:   Ancestry and Inverse Stratum update complete.
13:31:55 [DEBUG] (1) nemo_metamorphic_testing::transformations::annotated_dependency_graphs:   Updating Ancestry and Inverse Stratum beginning in relational node validC
13:31:55 [DEBUG] (1) nemo_metamorphic_testing::transformations::annotated_dependency_graphs: Writing ADG restricted to Incoming from validC
13:31:55 [DEBUG] (1) nemo_metamorphic_testing::transformations::annotated_dependency_graphs: Writing reduced ADG to file
13:31:55 [DEBUG] (1) nemo_metamorphic_testing::transformations::annotated_dependency_graphs:   Ancestry and Inverse Stratum update complete.
13:31:55 [INFO]   Attempting to remove the literal -mustChangeAt(, "kottbusser_tor") from the rule r_EXP_2
13:31:55 [DEBUG] (1) nemo_metamorphic_testing::transformations::remove_relational_edge_single_literal:     Modified rule: elevator("kottbusser_tor") :- canChangeAt("kottbusser_tor") .
13:31:55 [DEBUG] (1) nemo_metamorphic_testing::transformations::annotated_dependency_graphs: Verifying ADG
13:31:55 [DEBUG] (1) nemo_metamorphic_testing::transformations::annotated_dependency_graphs: Writing ADG to file
13:31:55 [DEBUG] (1) nemo_metamorphic_testing::transformations::annotated_dependency_graphs: Writing reduced ADG to file
13:31:55 [DEBUG] (1) nemo_metamorphic_testing: ADG edge verification succeeded
13:31:55 [DEBUG] (1) nemo_metamorphic_testing: RNG position: 532
13:31:55 [INFO] 28 / 32
13:31:55 [DEBUG] (1) nemo_metamorphic_testing::transformations::remove_relational_edge_single_literal:     Incoming edges by rule name: [r_4 : [choseB, choseU, ]; r_3 : [choseU, choseB, ]; r_2 : [mustChangeAt, validC, validC, ]; r_1 : [canChangeAt, mustChangeAt, validC, validC, ]; ]
13:31:55 [DEBUG] (1) nemo_metamorphic_testing::transformations::remove_relational_edge_single_literal: Zip {
    a: Cloned {
        it: Iter(
            [
                EdgeIndex(8),
                EdgeIndex(7),
                EdgeIndex(6),
                EdgeIndex(5),
            ],
        ),
    },
    b: IntoIter(
        [
            (r_1, +, (?y_new_1, )),
            (r_1, +, (?y_new_1_new_1_new_1, )),
            (r_1, +, (?y, ?z, )),
            (r_1, +, (?x, ?y_new_1_new_1, )),
        ],
    ),
}
13:31:55 [INFO]   VI Remove Relational Edge - Single Literal
13:31:55 [INFO]   Found the rule of the name r_1
13:31:55 [DEBUG] (1) nemo_metamorphic_testing::transformations::remove_relational_edge_single_literal:    Old rule:   validC(?x, ?z) :- validC(?x, ?y_new_1_new_1), validC(?y, ?z), mustChangeAt(?y_new_1_new_1_new_1), canChangeAt(?y_new_1) .
13:31:55 [INFO]   Removed relational edge NodeIndex(5): (mustChangeAt -> validC)
13:31:55 [DEBUG] (1) nemo_metamorphic_testing::transformations::annotated_dependency_graphs:   Updating Ancestry and Inverse Stratum beginning in relational node validC
13:31:55 [DEBUG] (1) nemo_metamorphic_testing::transformations::annotated_dependency_graphs: Writing ADG restricted to Incoming from validC
13:31:55 [DEBUG] (1) nemo_metamorphic_testing::transformations::annotated_dependency_graphs: Writing reduced ADG to file
13:31:55 [DEBUG] (1) nemo_metamorphic_testing::transformations::annotated_dependency_graphs:   Ancestry and Inverse Stratum update complete.
13:31:55 [DEBUG] (1) nemo_metamorphic_testing::transformations::annotated_dependency_graphs:   Updating Ancestry and Inverse Stratum beginning in relational node mustChangeAt
13:31:55 [DEBUG] (1) nemo_metamorphic_testing::transformations::annotated_dependency_graphs: Writing ADG restricted to Incoming from mustChangeAt
13:31:55 [DEBUG] (1) nemo_metamorphic_testing::transformations::annotated_dependency_graphs: Writing reduced ADG to file
13:31:55 [DEBUG] (1) nemo_metamorphic_testing::transformations::annotated_dependency_graphs:   Ancestry and Inverse Stratum update complete.
13:31:55 [DEBUG] (1) nemo_metamorphic_testing::transformations::annotated_dependency_graphs:   Updating Ancestry and Inverse Stratum beginning in relational node mustChangeAt
13:31:55 [DEBUG] (1) nemo_metamorphic_testing::transformations::annotated_dependency_graphs: Writing ADG restricted to Incoming from mustChangeAt
13:31:55 [DEBUG] (1) nemo_metamorphic_testing::transformations::annotated_dependency_graphs: Writing reduced ADG to file
13:31:55 [DEBUG] (1) nemo_metamorphic_testing::transformations::annotated_dependency_graphs:   Ancestry and Inverse Stratum update complete.
13:31:55 [DEBUG] (1) nemo_metamorphic_testing::transformations::annotated_dependency_graphs:   Updating Ancestry and Inverse Stratum beginning in relational node validC
13:31:55 [DEBUG] (1) nemo_metamorphic_testing::transformations::annotated_dependency_graphs: Writing ADG restricted to Incoming from validC
13:31:55 [DEBUG] (1) nemo_metamorphic_testing::transformations::annotated_dependency_graphs: Writing reduced ADG to file
13:31:55 [DEBUG] (1) nemo_metamorphic_testing::transformations::annotated_dependency_graphs:   Ancestry and Inverse Stratum update complete.
13:31:55 [DEBUG] (1) nemo_metamorphic_testing::transformations::annotated_dependency_graphs:   Updating Ancestry and Inverse Stratum beginning in relational node validC
13:31:55 [DEBUG] (1) nemo_metamorphic_testing::transformations::annotated_dependency_graphs: Writing ADG restricted to Incoming from validC
13:31:55 [DEBUG] (1) nemo_metamorphic_testing::transformations::annotated_dependency_graphs: Writing reduced ADG to file
13:31:55 [DEBUG] (1) nemo_metamorphic_testing::transformations::annotated_dependency_graphs:   Ancestry and Inverse Stratum update complete.
13:31:55 [DEBUG] (1) nemo_metamorphic_testing::transformations::annotated_dependency_graphs:   Updating Ancestry and Inverse Stratum beginning in relational node platformHeight
13:31:55 [DEBUG] (1) nemo_metamorphic_testing::transformations::annotated_dependency_graphs: Writing ADG restricted to Incoming from platformHeight
13:31:55 [DEBUG] (1) nemo_metamorphic_testing::transformations::annotated_dependency_graphs: Writing reduced ADG to file
13:31:55 [DEBUG] (1) nemo_metamorphic_testing::transformations::annotated_dependency_graphs:   Ancestry and Inverse Stratum update complete.
13:31:55 [DEBUG] (1) nemo_metamorphic_testing::transformations::annotated_dependency_graphs:   Updating Ancestry and Inverse Stratum beginning in relational node mustChangeAt
13:31:55 [DEBUG] (1) nemo_metamorphic_testing::transformations::annotated_dependency_graphs: Writing ADG restricted to Incoming from mustChangeAt
13:31:55 [DEBUG] (1) nemo_metamorphic_testing::transformations::annotated_dependency_graphs: Writing reduced ADG to file
13:31:55 [DEBUG] (1) nemo_metamorphic_testing::transformations::annotated_dependency_graphs:   Ancestry and Inverse Stratum update complete.
13:31:55 [DEBUG] (1) nemo_metamorphic_testing::transformations::annotated_dependency_graphs:   Updating Ancestry and Inverse Stratum beginning in relational node mustChangeAt
13:31:55 [DEBUG] (1) nemo_metamorphic_testing::transformations::annotated_dependency_graphs: Writing ADG restricted to Incoming from mustChangeAt
13:31:55 [DEBUG] (1) nemo_metamorphic_testing::transformations::annotated_dependency_graphs: Writing reduced ADG to file
13:31:55 [DEBUG] (1) nemo_metamorphic_testing::transformations::annotated_dependency_graphs:   Ancestry and Inverse Stratum update complete.
13:31:55 [DEBUG] (1) nemo_metamorphic_testing::transformations::annotated_dependency_graphs:   Updating Ancestry and Inverse Stratum beginning in relational node validC
13:31:55 [DEBUG] (1) nemo_metamorphic_testing::transformations::annotated_dependency_graphs: Writing ADG restricted to Incoming from validC
13:31:55 [DEBUG] (1) nemo_metamorphic_testing::transformations::annotated_dependency_graphs: Writing reduced ADG to file
13:31:55 [DEBUG] (1) nemo_metamorphic_testing::transformations::annotated_dependency_graphs:   Ancestry and Inverse Stratum update complete.
13:31:55 [DEBUG] (1) nemo_metamorphic_testing::transformations::annotated_dependency_graphs:   Updating Ancestry and Inverse Stratum beginning in relational node validC
13:31:55 [DEBUG] (1) nemo_metamorphic_testing::transformations::annotated_dependency_graphs: Writing ADG restricted to Incoming from validC
13:31:55 [DEBUG] (1) nemo_metamorphic_testing::transformations::annotated_dependency_graphs: Writing reduced ADG to file
13:31:55 [DEBUG] (1) nemo_metamorphic_testing::transformations::annotated_dependency_graphs:   Ancestry and Inverse Stratum update complete.
13:31:55 [INFO]   Attempting to remove the literal +mustChangeAt(, ?y_new_1_new_1_new_1) from the rule r_1
13:31:55 [DEBUG] (1) nemo_metamorphic_testing::transformations::remove_relational_edge_single_literal:     Modified rule: validC(?x, ?z) :- validC(?x, ?y_new_1_new_1), validC(?y, ?z), canChangeAt(?y_new_1) .
13:31:55 [DEBUG] (1) nemo_metamorphic_testing::transformations::annotated_dependency_graphs: Verifying ADG
13:31:55 [DEBUG] (1) nemo_metamorphic_testing::transformations::annotated_dependency_graphs: Writing ADG to file
13:31:55 [DEBUG] (1) nemo_metamorphic_testing::transformations::annotated_dependency_graphs: Writing reduced ADG to file
13:31:55 [DEBUG] (1) nemo_metamorphic_testing: ADG edge verification succeeded
13:31:55 [DEBUG] (1) nemo_metamorphic_testing: RNG position: 536
13:31:55 [INFO] 29 / 32
13:31:55 [INFO]   III Add Relational edges - New Rule
13:31:55 [INFO]   Assigned relation R_3 the artiy 4
13:31:55 [DEBUG] (1) nemo_metamorphic_testing::transformations::add_relational_edge_new_rule:   Adding the literal R_3->R_1) : (r_EXP_5,+,, ?Y_1, ?X_3, c_1, ?X_3)
13:31:55 [DEBUG] (1) nemo_metamorphic_testing::transformations::add_relational_edge_new_rule:   Adding the literal canChangeAt->R_1) : (r_EXP_5,+,, ?X_3)
13:31:55 [DEBUG] (1) nemo_metamorphic_testing::transformations::add_relational_edge_new_rule:   Adding the literal choseB->R_1) : (r_EXP_5,+,, ?X_3, ?X_3)
13:31:55 [DEBUG] (1) nemo_metamorphic_testing::transformations::add_relational_edge_new_rule:   Adding the literal seeTVTower->R_1) : (r_EXP_5,+,, ?X_3, c_1, ?X_3, c_1, c_1)
13:31:55 [DEBUG] (1) nemo_metamorphic_testing::transformations::add_relational_edge_new_rule:   Adding the literal validC->R_1) : (r_EXP_5,+,, ?X_2, ?X_3)
13:31:55 [DEBUG] (1) nemo_metamorphic_testing::transformations::add_relational_edge_new_rule:   Adding the literal R_2->R_1) : (r_EXP_5,+,, ?X_3, ?X_3, ?X_3)
13:31:55 [DEBUG] (1) nemo_metamorphic_testing::transformations::add_relational_edge_new_rule:   Adding the literal R_2->R_1) : (r_EXP_5,-,, c_1, ?X_3, c_1)
13:31:55 [DEBUG] (1) nemo_metamorphic_testing::transformations::add_relational_edge_new_rule:   Adding the literal canChangeAt->R_1) : (r_EXP_5,-,, ?X_3)
13:31:55 [DEBUG] (1) nemo_metamorphic_testing::transformations::add_relational_edge_new_rule:   Adding the literal validC->R_1) : (r_EXP_5,-,, ?X_3, ?Y_1)
13:31:55 [DEBUG] (1) nemo_metamorphic_testing::transformations::add_relational_edge_new_rule:   Adding the literal allowedDiff->R_1) : (r_EXP_5,-,, ?Y_1, ?X_3)
13:31:55 [INFO]   Added new rule of name r_EXP_5
13:31:55 [INFO]   R_1(?X_3, ?X_3, ?X_2) :- R_3(?Y_1, ?X_3, c_1, ?X_3), canChangeAt(?X_3), choseB(?X_3, ?X_3), seeTVTower(?X_3, c_1, ?X_3, c_1, c_1), validC(?X_2, ?X_3), R_2(?X_3, ?X_3, ?X_3), ~R_2(c_1, ?X_3, c_1), ~canChangeAt(?X_3), ~validC(?X_3, ?Y_1), ~allowedDiff(?Y_1, ?X_3) .
13:31:55 [DEBUG] (1) nemo_metamorphic_testing::transformations::annotated_dependency_graphs: Writing ADG to file
13:31:55 [DEBUG] (1) nemo_metamorphic_testing::transformations::annotated_dependency_graphs:   Updating Ancestry and Inverse Stratum beginning in relational node R_1
13:31:55 [DEBUG] (1) nemo_metamorphic_testing::transformations::annotated_dependency_graphs: Writing ADG restricted to Incoming from R_1
13:31:55 [DEBUG] (1) nemo_metamorphic_testing::transformations::annotated_dependency_graphs: Writing reduced ADG to file
13:31:55 [DEBUG] (1) nemo_metamorphic_testing::transformations::annotated_dependency_graphs:   Ancestry and Inverse Stratum update complete.
13:31:55 [DEBUG] (1) nemo_metamorphic_testing::transformations::annotated_dependency_graphs: Verifying ADG
13:31:55 [DEBUG] (1) nemo_metamorphic_testing::transformations::annotated_dependency_graphs: Writing ADG to file
13:31:55 [DEBUG] (1) nemo_metamorphic_testing::transformations::annotated_dependency_graphs: Writing reduced ADG to file
13:31:55 [DEBUG] (1) nemo_metamorphic_testing: ADG edge verification succeeded
13:31:55 [DEBUG] (1) nemo_metamorphic_testing: RNG position: 669
13:31:55 [INFO] 30 / 32
13:31:55 [INFO]   I Add Relational Node
13:31:55 [INFO]   Added new relation R_4
13:31:55 [DEBUG] (1) nemo_metamorphic_testing::transformations::annotated_dependency_graphs: Verifying ADG
13:31:55 [DEBUG] (1) nemo_metamorphic_testing::transformations::annotated_dependency_graphs: Writing ADG to file
13:31:55 [DEBUG] (1) nemo_metamorphic_testing::transformations::annotated_dependency_graphs: Writing reduced ADG to file
13:31:55 [DEBUG] (1) nemo_metamorphic_testing: ADG edge verification succeeded
13:31:55 [DEBUG] (1) nemo_metamorphic_testing: RNG position: 670
13:31:55 [INFO] 31 / 32
13:31:55 [DEBUG] (1) nemo_metamorphic_testing::transformations::remove_relational_edge_single_literal:     Incoming edges by rule name: [r_EXP_5 : [allowedDiff, validC, canChangeAt, R_2, R_2, validC, seeTVTower, choseB, canChangeAt, R_3, ]; ]
13:31:55 [DEBUG] (1) nemo_metamorphic_testing::transformations::remove_relational_edge_single_literal: Zip {
    a: Cloned {
        it: Iter(
            [
                EdgeIndex(50),
                EdgeIndex(49),
                EdgeIndex(48),
                EdgeIndex(47),
                EdgeIndex(46),
                EdgeIndex(45),
                EdgeIndex(44),
                EdgeIndex(43),
                EdgeIndex(19),
                EdgeIndex(7),
            ],
        ),
    },
    b: IntoIter(
        [
            (r_EXP_5, -, (?Y_1, ?X_3, )),
            (r_EXP_5, -, (?X_3, ?Y_1, )),
            (r_EXP_5, -, (?X_3, )),
            (r_EXP_5, -, (c_1, ?X_3, c_1, )),
            (r_EXP_5, +, (?X_3, ?X_3, ?X_3, )),
            (r_EXP_5, +, (?X_2, ?X_3, )),
            (r_EXP_5, +, (?X_3, c_1, ?X_3, c_1, c_1, )),
            (r_EXP_5, +, (?X_3, ?X_3, )),
            (r_EXP_5, +, (?X_3, )),
            (r_EXP_5, +, (?Y_1, ?X_3, c_1, ?X_3, )),
        ],
    ),
}
13:31:55 [DEBUG] (1) nemo_metamorphic_testing::transformations::modify_rule_remove_equality:     Incoming edges by rule name: [r_EXP_5 : [allowedDiff, validC, canChangeAt, R_2, R_2, validC, seeTVTower, choseB, canChangeAt, R_3, ]; ]
13:31:55 [INFO]   VIII Modify Rule - Remove Equality
13:31:55 [DEBUG] (1) nemo_metamorphic_testing::transformations::modify_rule_remove_equality: pos edges by tag: {Tag { origin: Created, tag: "R_2" }: [EdgeIndex(46)], Tag { origin: File { start: 460, end: 466 }, tag: "validC" }: [EdgeIndex(45)], Tag { origin: File { start: 1032, end: 1042 }, tag: "seeTVTower" }: [EdgeIndex(44)], Tag { origin: File { start: 666, end: 672 }, tag: "choseB" }: [EdgeIndex(43)], Tag { origin: File { start: 523, end: 534 }, tag: "canChangeAt" }: [EdgeIndex(19)], Tag { origin: Created, tag: "R_3" }: [EdgeIndex(7)]}
13:31:55 [DEBUG] (1) nemo_metamorphic_testing::transformations::modify_rule_remove_equality: neg edges by tag: {Tag { origin: File { start: 860, end: 871 }, tag: "allowedDiff" }: [EdgeIndex(50)], Tag { origin: File { start: 460, end: 466 }, tag: "validC" }: [EdgeIndex(49)], Tag { origin: File { start: 523, end: 534 }, tag: "canChangeAt" }: [EdgeIndex(48)], Tag { origin: Created, tag: "R_2" }: [EdgeIndex(47)]}
13:31:55 [INFO]   Replaced a random number of var X_3 with var X_3_new_1 in the rule r_EXP_5
13:31:55 [DEBUG] (1) nemo_metamorphic_testing::transformations::modify_rule_remove_equality:   Old Rule: R_1(?X_3, ?X_3, ?X_2) :- R_3(?Y_1, ?X_3, c_1, ?X_3), canChangeAt(?X_3), choseB(?X_3, ?X_3), seeTVTower(?X_3, c_1, ?X_3, c_1, c_1), validC(?X_2, ?X_3), R_2(?X_3, ?X_3, ?X_3), ~R_2(c_1, ?X_3, c_1), ~canChangeAt(?X_3), ~validC(?X_3, ?Y_1), ~allowedDiff(?Y_1, ?X_3) .
13:31:55 [DEBUG] (1) nemo_metamorphic_testing::transformations::modify_rule_remove_equality:   New Rule: R_1(?X_3_new_1, ?X_3, ?X_2) :- R_3(?Y_1, ?X_3, c_1, ?X_3_new_1), canChangeAt(?X_3_new_1), choseB(?X_3_new_1, ?X_3_new_1), seeTVTower(?X_3, c_1, ?X_3_new_1, c_1, c_1), validC(?X_2, ?X_3_new_1), R_2(?X_3_new_1, ?X_3_new_1, ?X_3), ~R_2(c_1, ?X_3_new_1, c_1), ~canChangeAt(?X_3), ~validC(?X_3_new_1, ?Y_1), ~allowedDiff(?Y_1, ?X_3) .
13:31:55 [DEBUG] (1) nemo_metamorphic_testing::transformations::annotated_dependency_graphs: Verifying ADG
13:31:55 [DEBUG] (1) nemo_metamorphic_testing::transformations::annotated_dependency_graphs: Writing ADG to file
13:31:55 [DEBUG] (1) nemo_metamorphic_testing::transformations::annotated_dependency_graphs: Writing reduced ADG to file
13:31:55 [DEBUG] (1) nemo_metamorphic_testing: ADG edge verification succeeded
13:31:55 [DEBUG] (1) nemo_metamorphic_testing: RNG position: 708
13:31:55 [INFO] 32 / 32
13:31:55 [DEBUG] (1) nemo_metamorphic_testing::transformations::remove_relational_edge_single_literal:     Incoming edges by rule name: [r_EXP_5 : [allowedDiff, validC, canChangeAt, R_2, R_2, validC, seeTVTower, choseB, canChangeAt, R_3, ]; ]
13:31:55 [DEBUG] (1) nemo_metamorphic_testing::transformations::remove_relational_edge_single_literal: Zip {
    a: Cloned {
        it: Iter(
            [
                EdgeIndex(50),
                EdgeIndex(49),
                EdgeIndex(48),
                EdgeIndex(47),
                EdgeIndex(46),
                EdgeIndex(45),
                EdgeIndex(44),
                EdgeIndex(43),
                EdgeIndex(19),
                EdgeIndex(7),
            ],
        ),
    },
    b: IntoIter(
        [
            (r_EXP_5, -, (?Y_1, ?X_3, )),
            (r_EXP_5, -, (?X_3_new_1, ?Y_1, )),
            (r_EXP_5, -, (?X_3, )),
            (r_EXP_5, -, (c_1, ?X_3_new_1, c_1, )),
            (r_EXP_5, +, (?X_3_new_1, ?X_3_new_1, ?X_3, )),
            (r_EXP_5, +, (?X_2, ?X_3_new_1, )),
            (r_EXP_5, +, (?X_3, c_1, ?X_3_new_1, c_1, c_1, )),
            (r_EXP_5, +, (?X_3_new_1, ?X_3_new_1, )),
            (r_EXP_5, +, (?X_3_new_1, )),
            (r_EXP_5, +, (?Y_1, ?X_3, c_1, ?X_3_new_1, )),
        ],
    ),
}
13:31:55 [INFO]   II Add Fact Node and Edge
13:31:55 [INFO]   Added new fact seeTVTower("jungfernheide", c_3, 17328602828510549184, c_7, "alexanderplatz").
13:31:55 [INFO] ----------------------------------------------
13:31:55 [INFO] ------------ Transformations Done ------------
13:31:55 [INFO] ----------------------------------------------
13:31:55 [INFO]  Ressources required: 
        data/choseU.csv
        data/choseB.csv
        data/elevator.csv
        data/platformHeight.csv
        data/allowedDiff.csv
        
13:31:55 [INFO] ---------------- ADG Summary: ----------------
13:31:55 [INFO] ADG Fact Nodes:                  15
13:31:55 [INFO] ADG Relational Nodes:            15
13:31:55 [INFO] ADG Fact Edges:                  15
13:31:55 [INFO] ADG Relational Edges:            37
13:31:55 [INFO] 
13:31:55 [INFO] Next rule name would be:         r_EXP_6
13:31:55 [INFO] Next predicate name would be:    R_5
13:31:55 [INFO] Next constant name would be:     c_8
13:31:55 [INFO] Next string would be:            "str_2"
13:31:55 [INFO] 
13:31:55 [INFO] Output predicate:                success
13:31:55 [INFO] Rule count:                      11
13:31:55 [INFO] Average arity:                   2
13:31:55 [INFO] --------- Performed Transformations: ---------
13:31:55 [INFO]  #      Type
13:31:55 [INFO]  10      None - Transformation not applicable
13:31:55 [INFO]  4      I     Add Relational Node
13:31:55 [INFO]  10      II    Add Fact Node and Edge
13:31:55 [INFO]  5      III   Add Relational edges - New Rule
13:31:55 [INFO]  5      V     Remove Relational Edges - Whole Rule
13:31:55 [INFO]  2      VI    Remove Relational Edge - Single Literal
13:31:55 [INFO]  1      VII   Modify Rule - Add Equality
13:31:55 [INFO]  5      VIII  Modify Rule - Remove Equality
13:31:55 [INFO] ----------------------------------------------
13:31:55 [DEBUG] (1) nemo_metamorphic_testing::transformations::annotated_dependency_graphs: Writing ADG to file
13:31:55 [INFO] ----------------------------------------------
13:31:55 [INFO] -- Beginning Nemo Execution - Input Program --
13:31:55 [INFO] ----------------------------------------------
13:31:55 [INFO] Stratified program: [[2, 3, 5, 6, 7], [0, 1, 4, 8]]
13:31:55 [INFO] <<< STEP 1: APPLYING RULE 2 validC(?x, ?y) :- choseB(?x, ?y), choseU(?x, ?y) >>>
13:31:55 [INFO] Loading source DsvReader { read: "<unspecified std::io::Read>", delimiter: 44, escape: None, value formats: DsvValueFormats([String, String]) }
13:31:55 [INFO] Starting data import
13:31:55 [INFO] Finished import: processed 0 lines (dropped 0)
13:31:55 [INFO] Loading source DsvReader { read: "<unspecified std::io::Read>", delimiter: 44, escape: None, value formats: DsvValueFormats([String, String]) }
13:31:55 [INFO] Starting data import
13:31:55 [INFO] Finished import: processed 41 lines (dropped 0)
13:31:55 [INFO] Execution step: Project/Reorder
13:31:55 [INFO] Saved temporary table: 41 entries (9044)
13:31:55 [INFO] Execution step: Body
13:31:55 [INFO] Trie does not contain any elements
13:31:55 [INFO] Execution step: Duplicate Elimination (Datalog)
13:31:55 [INFO] Trie does not contain any elements
13:31:55 [INFO] Rule duration: 2 ms
13:31:55 [INFO] <<< STEP 2: APPLYING RULE 3 validC(?x, ?y) :- choseU(?x, ?y), choseB(?x, ?y) >>>
13:31:55 [INFO] Execution step: Project/Reorder
13:31:55 [INFO] Trie does not contain any elements
13:31:55 [INFO] Execution step: Body
13:31:55 [INFO] Saved temporary table: 41 entries (9096)
13:31:55 [INFO] Execution step: Duplicate Elimination (Datalog)
13:31:55 [INFO] Saved permanent table validC (2) Permutation { idx_to_val: [], val_to_idx: [] } with 41 entries (9144)
13:31:55 [INFO] Rule duration: 0 ms
13:31:55 [INFO] <<< STEP 3: APPLYING RULE 3 validC(?x, ?y) :- choseU(?x, ?y), choseB(?x, ?y) >>>
13:31:55 [INFO] Execution step: Project/Reorder
13:31:55 [INFO] Trie does not contain any elements
13:31:55 [INFO] Execution step: Body
13:31:55 [INFO] Trie does not contain any elements
13:31:55 [INFO] Execution step: Duplicate Elimination (Datalog)
13:31:55 [INFO] Trie does not contain any elements
13:31:55 [INFO] Rule duration: 0 ms
13:31:55 [INFO] <<< STEP 4: APPLYING RULE 5 tooLargeGap(?y) :- platformHeight(?y, ?h), allowedDiff(?h, ?_BODY_1), Equal(?_BODY_1, trainHeight) >>>
13:31:55 [INFO] Loading source DsvReader { read: "<unspecified std::io::Read>", delimiter: 44, escape: None, value formats: DsvValueFormats([String, Integer]) }
13:31:55 [INFO] Starting data import
13:31:55 [INFO] Finished import: processed 41 lines (dropped 35)
13:31:55 [INFO] Loading source DsvReader { read: "<unspecified std::io::Read>", delimiter: 44, escape: None, value formats: DsvValueFormats([Integer, Integer]) }
13:31:55 [INFO] Starting data import
13:31:55 [INFO] Finished import: processed 7 lines (dropped 0)
13:31:55 [INFO] Execution step: Project/Reorder
13:31:55 [INFO] Saved temporary table: 7 entries (7072)
13:31:55 [INFO] Execution step: Body
13:31:55 [INFO] Saved temporary table: 6 entries (3424)
13:31:55 [INFO] Execution step: Duplicate Elimination (Datalog)
13:31:55 [INFO] Saved permanent table tooLargeGap (4) Permutation { idx_to_val: [], val_to_idx: [] } with 6 entries (3472)
13:31:55 [INFO] Rule duration: 1 ms
13:31:55 [INFO] <<< STEP 5: APPLYING RULE 5 tooLargeGap(?y) :- platformHeight(?y, ?h), allowedDiff(?h, ?_BODY_1), Equal(?_BODY_1, trainHeight) >>>
13:31:55 [INFO] Execution step: Project/Reorder
13:31:55 [INFO] Saved temporary table: 7 entries (7072)
13:31:55 [INFO] Execution step: Body
13:31:55 [INFO] Trie does not contain any elements
13:31:55 [INFO] Execution step: Duplicate Elimination (Datalog)
13:31:55 [INFO] Trie does not contain any elements
13:31:55 [INFO] Rule duration: 0 ms
13:31:55 [INFO] <<< STEP 6: APPLYING RULE 6 mustChangeAt(?y) :- choseU(?x, ?y), choseB(?y, ?z) >>>
13:31:55 [INFO] Execution step: Body
13:31:55 [INFO] Trie does not contain any elements
13:31:55 [INFO] Execution step: Duplicate Elimination (Datalog)
13:31:55 [INFO] Trie does not contain any elements
13:31:55 [INFO] Rule duration: 0 ms
13:31:55 [INFO] <<< STEP 7: APPLYING RULE 7 mustChangeAt(?y) :- choseB(?x, ?y), choseU(?y, ?z) >>>
13:31:55 [INFO] Execution step: Body
13:31:55 [INFO] Trie does not contain any elements
13:31:55 [INFO] Execution step: Duplicate Elimination (Datalog)
13:31:55 [INFO] Trie does not contain any elements
13:31:55 [INFO] Rule duration: 0 ms
13:31:55 [INFO] <<< STEP 8: APPLYING RULE 4 canChangeAt(?y) :- elevator(?y), tooLargeGap(?y) >>>
13:31:55 [INFO] Loading source DsvReader { read: "<unspecified std::io::Read>", delimiter: 44, escape: None, value formats: DsvValueFormats([String]) }
13:31:55 [INFO] Starting data import
13:31:55 [INFO] Finished import: processed 41 lines (dropped 0)
13:31:55 [INFO] Execution step: Project/Reorder
13:31:55 [INFO] Saved temporary table: 6 entries (3472)
13:31:55 [INFO] Execution step: Body
13:31:55 [INFO] Saved temporary table: 35 entries (3540)
13:31:55 [INFO] Execution step: Duplicate Elimination (Datalog)
13:31:55 [INFO] Saved permanent table canChangeAt (8) Permutation { idx_to_val: [], val_to_idx: [] } with 35 entries (3588)
13:31:55 [INFO] Rule duration: 0 ms
13:31:55 [INFO] <<< STEP 9: APPLYING RULE 4 canChangeAt(?y) :- elevator(?y), tooLargeGap(?y) >>>
13:31:55 [INFO] Execution step: Project/Reorder
13:31:55 [INFO] Saved temporary table: 6 entries (3472)
13:31:55 [INFO] Execution step: Body
13:31:55 [INFO] Trie does not contain any elements
13:31:55 [INFO] Execution step: Duplicate Elimination (Datalog)
13:31:55 [INFO] Trie does not contain any elements
13:31:55 [INFO] Rule duration: 0 ms
13:31:55 [INFO] <<< STEP 10: APPLYING RULE 0 validC(?x, ?z) :- validC(?x, ?y), validC(?y, ?z), mustChangeAt(?y), canChangeAt(?y) >>>
13:31:55 [INFO] Execution step: Body
13:31:55 [INFO] Trie does not contain any elements
13:31:55 [INFO] Execution step: Duplicate Elimination (Datalog)
13:31:55 [INFO] Trie does not contain any elements
13:31:55 [INFO] Rule duration: 0 ms
13:31:55 [INFO] <<< STEP 11: APPLYING RULE 1 validC(?x, ?z) :- validC(?x, ?y), validC(?y, ?z), mustChangeAt(?y) >>>
13:31:55 [INFO] Execution step: Project/Reorder
13:31:55 [INFO] Trie does not contain any elements
13:31:55 [INFO] Execution step: Body
13:31:55 [INFO] Trie does not contain any elements
13:31:55 [INFO] Execution step: Duplicate Elimination (Datalog)
13:31:55 [INFO] Trie does not contain any elements
13:31:55 [INFO] Rule duration: 0 ms
13:31:55 [INFO] <<< STEP 12: APPLYING RULE 8 success(s) :- validC(?_BODY_1, ?_BODY_2), Equal(?_BODY_1, "jungfernheide"), Equal(?_BODY_2, "kottbusser_tor") >>>
13:31:55 [INFO] Execution step: Body
13:31:55 [INFO] Trie does not contain any elements
13:31:55 [INFO] Execution step: Duplicate Elimination (Datalog)
13:31:55 [INFO] Trie does not contain any elements
13:31:55 [INFO] Rule duration: 0 ms
13:31:55 [INFO] ----------------------------------------------
13:31:55 [INFO] --- Finished Nemo Execution - Input Program --
13:31:55 [INFO] ----------------------------------------------
13:31:55 [INFO]  Output success 
13:31:55 [INFO] ----------------------------------------------
13:31:55 [INFO] Beginning Nemo Execution - Transformed Program
13:31:55 [INFO] ----------------------------------------------
13:31:55 [INFO] Stratified program: [[0, 1, 2, 3, 4, 7], [5, 6, 8]]
13:31:55 [INFO] <<< STEP 1: APPLYING RULE 0 validC(?x, ?y) :- choseB(?x, ?y), choseU(?x, ?y) >>>
13:31:55 [INFO] Loading source DsvReader { read: "<unspecified std::io::Read>", delimiter: 44, escape: None, value formats: DsvValueFormats([String, String]) }
13:31:55 [INFO] Starting data import
13:31:55 [INFO] Finished import: processed 0 lines (dropped 0)
13:31:55 [INFO] Loading source DsvReader { read: "<unspecified std::io::Read>", delimiter: 44, escape: None, value formats: DsvValueFormats([String, String]) }
13:31:55 [INFO] Starting data import
13:31:55 [INFO] Finished import: processed 41 lines (dropped 0)
13:31:55 [INFO] Loading source SimpleTable { arity: 2, data: [AnyDataValue(UnsignedLong(UnsignedLongDataValue(3727996998896424382))), AnyDataValue(Iri(IriDataValue("c_6")))] }
13:31:55 [INFO] Execution step: Project/Reorder
13:31:55 [INFO] Saved temporary table: 41 entries (9044)
13:31:55 [INFO] Execution step: Body
13:31:55 [INFO] Trie does not contain any elements
13:31:55 [INFO] Execution step: Duplicate Elimination (Datalog)
13:31:55 [INFO] Trie does not contain any elements
13:31:55 [INFO] Rule duration: 1 ms
13:31:55 [INFO] <<< STEP 2: APPLYING RULE 1 validC(?x, ?y) :- choseU(?x, ?y), choseB(?x, ?y) >>>
13:31:55 [INFO] Execution step: Project/Reorder
13:31:55 [INFO] Trie does not contain any elements
13:31:55 [INFO] Execution step: Body
13:31:55 [INFO] Saved temporary table: 41 entries (9096)
13:31:55 [INFO] Execution step: Duplicate Elimination (Datalog)
13:31:55 [INFO] Saved permanent table validC (2) Permutation { idx_to_val: [], val_to_idx: [] } with 41 entries (9144)
13:31:55 [INFO] Rule duration: 1 ms
13:31:55 [INFO] <<< STEP 3: APPLYING RULE 1 validC(?x, ?y) :- choseU(?x, ?y), choseB(?x, ?y) >>>
13:31:55 [INFO] Execution step: Project/Reorder
13:31:55 [INFO] Trie does not contain any elements
13:31:55 [INFO] Execution step: Body
13:31:55 [INFO] Trie does not contain any elements
13:31:55 [INFO] Execution step: Duplicate Elimination (Datalog)
13:31:55 [INFO] Trie does not contain any elements
13:31:55 [INFO] Rule duration: 0 ms
13:31:55 [INFO] <<< STEP 4: APPLYING RULE 2 canChangeAt(?y) :- elevator(?y), tooLargeGap(?y) >>>
13:31:55 [INFO] Loading source DsvReader { read: "<unspecified std::io::Read>", delimiter: 44, escape: None, value formats: DsvValueFormats([String]) }
13:31:55 [INFO] Starting data import
13:31:55 [INFO] Finished import: processed 41 lines (dropped 0)
13:31:55 [INFO] Loading source SimpleTable { arity: 1, data: [AnyDataValue(Iri(IriDataValue("c_4")))] }
13:31:55 [INFO] Execution step: Project/Reorder
13:31:55 [INFO] Trie does not contain any elements
13:31:55 [INFO] Execution step: Body
13:31:55 [INFO] Saved temporary table: 42 entries (3568)
13:31:55 [INFO] Execution step: Duplicate Elimination (Datalog)
13:31:55 [INFO] Saved permanent table canChangeAt (4) Permutation { idx_to_val: [], val_to_idx: [] } with 42 entries (3616)
13:31:55 [INFO] Rule duration: 1 ms
13:31:55 [INFO] <<< STEP 5: APPLYING RULE 7 elevator("kottbusser_tor") :- canChangeAt(?_BODY_1), Equal(?_BODY_1, "kottbusser_tor") >>>
13:31:55 [INFO] Execution step: Body
13:31:55 [INFO] Saved temporary table: 1 entries (0)
13:31:55 [INFO] Execution step: Duplicate Elimination (Datalog)
13:31:55 [INFO] Trie does not contain any elements
13:31:55 [INFO] Rule duration: 0 ms
13:31:55 [INFO] <<< STEP 6: APPLYING RULE 2 canChangeAt(?y) :- elevator(?y), tooLargeGap(?y) >>>
13:31:55 [INFO] Execution step: Project/Reorder
13:31:55 [INFO] Trie does not contain any elements
13:31:55 [INFO] Execution step: Body
13:31:55 [INFO] Trie does not contain any elements
13:31:55 [INFO] Execution step: Duplicate Elimination (Datalog)
13:31:55 [INFO] Trie does not contain any elements
13:31:55 [INFO] Rule duration: 0 ms
13:31:55 [INFO] <<< STEP 7: APPLYING RULE 3 mustChangeAt(?y) :- choseU(?x, ?y), choseB(?y, ?z) >>>
13:31:55 [INFO] Execution step: Body
13:31:55 [INFO] Trie does not contain any elements
13:31:55 [INFO] Execution step: Duplicate Elimination (Datalog)
13:31:55 [INFO] Trie does not contain any elements
13:31:55 [INFO] Rule duration: 0 ms
13:31:55 [INFO] <<< STEP 8: APPLYING RULE 4 mustChangeAt(?y) :- choseB(?x, ?y), choseU(?y, ?z) >>>
13:31:55 [INFO] Execution step: Body
13:31:55 [INFO] Trie does not contain any elements
13:31:55 [INFO] Execution step: Duplicate Elimination (Datalog)
13:31:55 [INFO] Trie does not contain any elements
13:31:55 [INFO] Rule duration: 0 ms
13:31:55 [INFO] <<< STEP 9: APPLYING RULE 6 validC(?x, ?z) :- validC(?x, ?y), validC(?y_new_1, ?z), mustChangeAt(?y_new_1) >>>
13:31:55 [INFO] Execution step: Project/Reorder
13:31:55 [INFO] Trie does not contain any elements
13:31:55 [INFO] Execution step: Body
13:31:55 [INFO] Saved temporary table: 1722 entries (15876)
13:31:55 [INFO] Execution step: Duplicate Elimination (Datalog)
13:31:55 [INFO] Saved permanent table validC (9) Permutation { idx_to_val: [], val_to_idx: [] } with 1680 entries (15764)
13:31:55 [INFO] Rule duration: 6 ms
13:31:55 [INFO] <<< STEP 10: APPLYING RULE 6 validC(?x, ?z) :- validC(?x, ?y), validC(?y_new_1, ?z), mustChangeAt(?y_new_1) >>>
13:31:55 [INFO] Execution step: Project/Reorder
13:31:55 [INFO] Trie does not contain any elements
13:31:55 [INFO] Execution step: Body
13:31:56 [INFO] Saved temporary table: 1722 entries (15876)
13:31:56 [INFO] Execution step: Duplicate Elimination (Datalog)
13:31:56 [INFO] Trie does not contain any elements
13:31:56 [INFO] Rule duration: 285 ms
13:31:56 [INFO] <<< STEP 11: APPLYING RULE 8 validC(?x, ?z) :- validC(?x, ?y_new_1_new_1), validC(?y, ?z), canChangeAt(?y_new_1) >>>
13:31:56 [INFO] Execution step: Body
13:31:56 [INFO] Saved temporary table: 1722 entries (15876)
13:31:56 [INFO] Execution step: Duplicate Elimination (Datalog)
13:31:56 [INFO] Trie does not contain any elements
13:31:56 [INFO] Rule duration: 273 ms
13:31:56 [INFO] <<< STEP 12: APPLYING RULE 5 success(s) :- validC(?_BODY_1, ?_BODY_2), Equal(?_BODY_1, "jungfernheide"), Equal(?_BODY_2, "kottbusser_tor") >>>
13:31:56 [INFO] Execution step: Body
13:31:56 [INFO] Trie does not contain any elements
13:31:56 [INFO] Execution step: Duplicate Elimination (Datalog)
13:31:56 [INFO] Trie does not contain any elements
13:31:56 [INFO] Rule duration: 0 ms
13:31:56 [INFO] ----------------------------------------------
13:31:56 [INFO]  Finished Nemo Execution - Transformed Program
13:31:56 [INFO] ----------------------------------------------
13:31:56 [INFO]  Output success 
13:31:56 [INFO] ----------------------------------------------
13:31:56 [INFO] ------------ Asserting Oracle EXP ------------
13:31:56 [INFO] ----------------------------------------------
13:31:56 [INFO] All good, output is expanding
