21:07:59 [INFO] ----------------------------------------------
21:07:59 [INFO] Beginning transformation mtf_EQU_5500028
                Oracle:     EQU          Number of T: 37
                Debug Mode: false          u64 Seed:    5500028
                Number of generating transformations: 39
                Internal Seed:          [182, 115, 228, 49, 162, 183, 202, 66, 170, 15, 198, 184, 34, 40, 152, 130, 252, 206, 155, 90, 215, 45, 144, 29, 13, 202, 192, 27, 244, 218, 163, 22]
                Seed File: Currently not supported!
21:07:59 [INFO] ----------------------------------------------
21:07:59 [INFO] -------------- Reading Seed File: ------------
21:07:59 [INFO] "/home/leo_repp/masterthesis/nemo/nemo-metamorphic-testing/examples/owl-el/from-owl-rdf/owl-rdf-preprocessing.rls"
21:07:59 [INFO] Renaming of rules complete
21:07:59 [INFO] --------- Finished Reading Seed file ---------
21:07:59 [INFO] ----------------------------------------------
21:07:59 [INFO] 
21:07:59 [INFO] ----------------------------------------------
21:07:59 [INFO] -------- Beginning Program Generation --------
21:07:59 [INFO] ----------------------------------------------
21:07:59 [INFO] 
21:07:59 [INFO] Removing old export statements
21:07:59 [INFO] Beginning inverse_stratum and ancestry computation starting at node R_OUT
21:07:59 [INFO] Ancestry and Inverse Stratum computation complete.
21:07:59 [INFO] Constructed lite ADG
21:07:59 [INFO] Generating Program...
21:07:59 [INFO] 
21:07:59 [INFO] 1 / 38
21:07:59 [INFO]   I Add Relational Node
21:07:59 [INFO]   Added new relation R_1
21:07:59 [INFO] 2 / 38
21:07:59 [INFO]   I Add Relational Node
21:07:59 [INFO]   Added new relation R_2
21:07:59 [INFO] 3 / 38
21:07:59 [INFO]   I Add Relational Node
21:07:59 [INFO]   Added new relation R_3
21:07:59 [INFO] 4 / 38
21:07:59 [INFO]   I Add Relational Node
21:07:59 [INFO]   Added new relation R_4
21:07:59 [INFO] 5 / 38
21:07:59 [INFO]   I Add Relational Node
21:07:59 [INFO]   Added new relation R_5
21:07:59 [INFO] 6 / 38
21:07:59 [INFO]   I Add Relational Node
21:07:59 [INFO]   Added new relation R_6
21:07:59 [INFO] 7 / 38
21:07:59 [INFO]   I Add Relational Node
21:07:59 [INFO]   Added new relation R_7
21:07:59 [INFO] 8 / 38
21:07:59 [INFO]   I Add Relational Node
21:07:59 [INFO]   Added new relation R_8
21:07:59 [INFO] 9 / 38
21:07:59 [INFO]   I Add Relational Node
21:07:59 [INFO]   Added new relation R_9
21:07:59 [INFO] 10 / 38
21:07:59 [INFO]   I Add Relational Node
21:07:59 [INFO]   Added new relation R_10
21:07:59 [INFO] 11 / 38
21:07:59 [INFO]   I Add Relational Node
21:07:59 [INFO]   Added new relation R_11
21:07:59 [INFO] 12 / 38
21:07:59 [INFO]   I Add Relational Node
21:07:59 [INFO]   Added new relation R_12
21:07:59 [INFO] 13 / 38
21:07:59 [INFO]   I Add Relational Node
21:07:59 [INFO]   Added new relation R_13
21:07:59 [INFO] 14 / 38
21:07:59 [INFO]   I Add Relational Node
21:07:59 [INFO]   Added new relation R_14
21:07:59 [INFO] 15 / 38
21:07:59 [INFO]   I Add Relational Node
21:07:59 [INFO]   Added new relation R_15
21:07:59 [INFO] 16 / 38
21:07:59 [INFO]   I Add Relational Node
21:07:59 [INFO]   Added new relation R_16
21:07:59 [INFO] 17 / 38
21:07:59 [INFO]   I Add Relational Node
21:07:59 [INFO]   Added new relation R_17
21:07:59 [INFO] 18 / 38
21:07:59 [INFO]   I Add Relational Node
21:07:59 [INFO]   Added new relation R_18
21:07:59 [INFO] 19 / 38
21:07:59 [INFO]   I Add Relational Node
21:07:59 [INFO]   Added new relation R_19
21:07:59 [INFO] 20 / 38
21:07:59 [INFO]   I Add Relational Node
21:07:59 [INFO]   Added new relation R_20
21:07:59 [INFO] 21 / 38
21:07:59 [INFO]   I Add Relational Node
21:07:59 [INFO]   Added new relation R_21
21:07:59 [INFO] 22 / 38
21:07:59 [INFO]   I Add Relational Node
21:07:59 [INFO]   Added new relation R_22
21:07:59 [INFO] 23 / 38
21:07:59 [INFO]   I Add Relational Node
21:07:59 [INFO]   Added new relation R_23
21:07:59 [INFO] 24 / 38
21:07:59 [INFO]   I Add Relational Node
21:07:59 [INFO]   Added new relation R_24
21:07:59 [INFO] 25 / 38
21:07:59 [INFO]   I Add Relational Node
21:07:59 [INFO]   Added new relation R_25
21:07:59 [INFO] 26 / 38
21:07:59 [INFO]   I Add Relational Node
21:07:59 [INFO]   Added new relation R_26
21:07:59 [INFO] 27 / 38
21:07:59 [INFO]   I Add Relational Node
21:07:59 [INFO]   Added new relation R_27
21:07:59 [INFO] 28 / 38
21:07:59 [INFO]   I Add Relational Node
21:07:59 [INFO]   Added new relation R_28
21:07:59 [INFO] 29 / 38
21:07:59 [INFO]   I Add Relational Node
21:07:59 [INFO]   Added new relation R_29
21:07:59 [INFO] 30 / 38
21:07:59 [INFO]   I Add Relational Node
21:07:59 [INFO]   Added new relation R_30
21:07:59 [INFO] 31 / 38
21:07:59 [INFO]   I Add Relational Node
21:07:59 [INFO]   Added new relation R_31
21:07:59 [INFO] 32 / 38
21:07:59 [INFO]   I Add Relational Node
21:07:59 [INFO]   Added new relation R_32
21:07:59 [INFO] 33 / 38
21:07:59 [INFO]   I Add Relational Node
21:07:59 [INFO]   Added new relation R_33
21:07:59 [INFO] 34 / 38
21:07:59 [INFO]   I Add Relational Node
21:07:59 [INFO]   Added new relation R_34
21:07:59 [INFO] 35 / 38
21:07:59 [INFO]   I Add Relational Node
21:07:59 [INFO]   Added new relation R_35
21:07:59 [INFO] 36 / 38
21:07:59 [INFO]   I Add Relational Node
21:07:59 [INFO]   Added new relation R_36
21:07:59 [INFO] 37 / 38
21:07:59 [INFO]   I Add Relational Node
21:07:59 [INFO]   Added new relation R_37
21:07:59 [INFO] 38 / 38
21:07:59 [INFO]   I Add Relational Node
21:07:59 [INFO]   Added new relation R_38
21:07:59 [INFO] 
21:07:59 [INFO] Adding a new rule for each relation other than the seed relations
21:07:59 [INFO] 
21:07:59 [INFO] 1 / 39
21:07:59 [INFO]   Generating new single body literal rule for R_OUT
21:07:59 [INFO]   Assigned relation R_OUT the artiy 3
21:07:59 [INFO]   Added new rule of name r_GEN_1
21:07:59 [INFO]   R_OUT(?X_2, ?X_3, <http://www.w3.org/2002/07/owl#equivalentClass>) :- http://rulewerk.semantic-web.org/normalForm/subProp(?X_2, ?X_3), http://rulewerk.semantic-web.org/normalForm/subProp(<http://www.w3.org/2002/07/owl#equivalentClass>, ?Y_1) .
21:07:59 [INFO] 2 / 39
21:07:59 [INFO]   Generating new single body literal rule for R_1
21:07:59 [INFO]   Assigned relation R_1 the artiy 3
21:07:59 [INFO]   Assigned relation R_37 the artiy 4
21:07:59 [INFO]   Added new rule of name r_GEN_2
21:07:59 [INFO]   R_1(?X_2, ?X_3, <http://www.w3.org/2002/07/owl#disjointWith>) :- R_37(?X_2, ?X_3, ?Y_1, <http://www.w3.org/2002/07/owl#disjointWith>) .
21:07:59 [INFO] 3 / 39
21:07:59 [INFO]   Generating new single body literal rule for R_2
21:07:59 [INFO]   Assigned relation R_2 the artiy 1
21:07:59 [INFO]   Added new rule of name r_GEN_3
21:07:59 [INFO]   R_2(?X_1) :- auxClass(?X_1) .
21:07:59 [INFO] 4 / 39
21:07:59 [INFO]   Generating new single body literal rule for R_3
21:07:59 [INFO]   Assigned relation R_3 the artiy 5
21:07:59 [INFO]   Added new rule of name r_GEN_4
21:07:59 [INFO]   R_3(?X_5, ?X_1, ?X_3, ?X_4, ?X_5) :- http://rulewerk.semantic-web.org/normalForm/isSubClass(?X_5), http://rulewerk.semantic-web.org/normalForm/isSubClass(?X_1), http://rulewerk.semantic-web.org/normalForm/isSubClass(?X_3), http://rulewerk.semantic-web.org/normalForm/isSubClass(?X_4), http://rulewerk.semantic-web.org/normalForm/isSubClass(?X_5) .
21:07:59 [INFO] 5 / 39
21:07:59 [INFO]   Generating new single body literal rule for R_4
21:07:59 [INFO]   Assigned relation R_4 the artiy 2
21:07:59 [INFO]   Added new rule of name r_GEN_5
21:07:59 [INFO]   R_4(<http://www.w3.org/2002/07/owl#equivalentClass>, ?X_1) :- http://rulewerk.semantic-web.org/normalForm/conj(<http://www.w3.org/2002/07/owl#equivalentClass>, <http://www.w3.org/2002/07/owl#equivalentClass>, ?X_1) .
21:07:59 [INFO] 6 / 39
21:07:59 [INFO]   Generating new single body literal rule for R_5
21:07:59 [INFO]   Assigned relation R_5 the artiy 3
21:07:59 [INFO]   Added new rule of name r_GEN_6
21:07:59 [INFO]   R_5(?X_2, ?X_3, <http://www.w3.org/2002/07/owl#equivalentClass>) :- nonfirst(?X_2), nonfirst(?X_3), nonfirst(<http://www.w3.org/2002/07/owl#equivalentClass>) .
21:07:59 [INFO] 7 / 39
21:07:59 [INFO]   Generating new single body literal rule for R_6
21:07:59 [INFO]   Assigned relation R_6 the artiy 4
21:07:59 [INFO]   Added new rule of name r_GEN_7
21:07:59 [INFO]   R_6(?X_1, ?X_4, ?X_3, <http://www.w3.org/2002/07/owl#intersectionOf>) :- http://rulewerk.semantic-web.org/normalForm/subPropChain(?X_1, <http://www.w3.org/2000/01/rdf-schema#subClassOf>, ?X_3), http://rulewerk.semantic-web.org/normalForm/subPropChain(<http://www.w3.org/2002/07/owl#intersectionOf>, ?X_3, ?X_4) .
21:07:59 [INFO] 8 / 39
21:07:59 [INFO]   Generating new single body literal rule for R_7
21:07:59 [INFO]   Assigned relation R_7 the artiy 2
21:07:59 [INFO]   Assigned relation R_23 the artiy 5
21:07:59 [INFO]   Added new rule of name r_GEN_8
21:07:59 [INFO]   R_7(<http://www.w3.org/2000/01/rdf-schema#subPropertyOf>, ?X_2) :- R_23(?Y_1, ?X_2, <http://www.w3.org/2000/01/rdf-schema#subPropertyOf>, <http://www.w3.org/1999/02/22-rdf-syntax-ns#first>, ?X_2) .
21:07:59 [INFO] 9 / 39
21:07:59 [INFO]   Generating new single body literal rule for R_8
21:07:59 [INFO]   Assigned relation R_8 the artiy 6
21:07:59 [INFO]   Added new rule of name r_GEN_9
21:07:59 [INFO]   R_8(?X_5, ?X_1, ?X_3, ?X_6, ?X_2, <http://www.w3.org/2002/07/owl#someValuesFrom>) :- R_5(?X_5, ?X_1, ?X_3), R_5(?X_6, ?X_2, <http://www.w3.org/2002/07/owl#someValuesFrom>) .
21:07:59 [INFO] 10 / 39
21:07:59 [INFO]   Generating new single body literal rule for R_9
21:07:59 [INFO]   Assigned relation R_9 the artiy 1
21:07:59 [INFO]   Assigned relation R_12 the artiy 5
21:07:59 [INFO]   Added new rule of name r_GEN_10
21:07:59 [INFO]   R_9(?X_1) :- R_12(?Y_1, ?X_1, <http://www.w3.org/2002/07/owl#someValuesFrom>, ?X_1, <http://www.w3.org/2002/07/owl#someValuesFrom>) .
21:07:59 [INFO] 11 / 39
21:07:59 [INFO]   Generating new single body literal rule for R_10
21:07:59 [INFO]   Assigned relation R_10 the artiy 6
21:07:59 [INFO]   Added new rule of name r_GEN_11
21:07:59 [INFO]   R_10(?X_2, ?X_6, ?X_2, ?X_1, ?X_4, ?X_3) :- http://rulewerk.semantic-web.org/normalForm/isSubClass(?X_2), http://rulewerk.semantic-web.org/normalForm/isSubClass(?X_6), http://rulewerk.semantic-web.org/normalForm/isSubClass(?X_2), http://rulewerk.semantic-web.org/normalForm/isSubClass(?X_1), http://rulewerk.semantic-web.org/normalForm/isSubClass(?X_4), http://rulewerk.semantic-web.org/normalForm/isSubClass(?X_3) .
21:07:59 [INFO] 12 / 39
21:07:59 [INFO]   Generating new single body literal rule for R_11
21:07:59 [INFO]   Assigned relation R_11 the artiy 4
21:07:59 [INFO]   Assigned relation R_24 the artiy 5
21:07:59 [INFO]   Added new rule of name r_GEN_12
21:07:59 [INFO]   R_11(?X_1, ?X_2, <http://www.w3.org/2000/01/rdf-schema#subPropertyOf>, ?X_4) :- R_24(?X_1, ?X_2, <http://www.w3.org/2000/01/rdf-schema#subPropertyOf>, ?X_4, ?X_1) .
21:07:59 [INFO] 13 / 39
21:07:59 [INFO]   Generating new single body literal rule for R_12
21:07:59 [INFO]   Added new rule of name r_GEN_13
21:07:59 [INFO]   R_12(<http://www.w3.org/2002/07/owl#someValuesFrom>, ?X_3, ?X_1, ?X_4, ?X_5) :- R_24(<http://www.w3.org/2002/07/owl#someValuesFrom>, ?X_3, ?X_1, ?X_4, ?X_5) .
21:07:59 [INFO] 14 / 39
21:07:59 [INFO]   Generating new single body literal rule for R_13
21:07:59 [INFO]   Assigned relation R_13 the artiy 5
21:07:59 [INFO]   Assigned relation R_19 the artiy 6
21:07:59 [INFO]   Added new rule of name r_GEN_14
21:07:59 [INFO]   R_13(?X_5, ?X_1, <http://www.w3.org/2000/01/rdf-schema#subClassOf>, ?X_4, ?X_2) :- R_19(?X_5, ?X_1, <http://www.w3.org/2000/01/rdf-schema#subClassOf>, ?X_5, ?X_2, ?X_4) .
21:07:59 [INFO] 15 / 39
21:07:59 [INFO]   Generating new single body literal rule for R_14
21:07:59 [INFO]   Assigned relation R_14 the artiy 4
21:07:59 [INFO]   Assigned relation R_20 the artiy 4
21:07:59 [INFO]   Added new rule of name r_GEN_15
21:07:59 [INFO]   R_14(?X_2, ?X_3, ?X_1, ?X_3) :- R_20(?X_2, ?X_3, ?X_1, ?X_3) .
21:07:59 [INFO] 16 / 39
21:07:59 [INFO]   Generating new single body literal rule for R_15
21:07:59 [INFO]   Assigned relation R_15 the artiy 6
21:07:59 [INFO]   Added new rule of name r_GEN_16
21:07:59 [INFO]   R_15(?X_6, ?X_1, ?X_4, ?X_3, ?X_3, ?X_5) :- ClassObject(?X_6), ClassObject(?X_1), ClassObject(?X_4), ClassObject(?X_3), ClassObject(?X_3), ClassObject(?X_5) .
21:07:59 [INFO] 17 / 39
21:07:59 [INFO]   Generating new single body literal rule for R_16
21:07:59 [INFO]   Assigned relation R_16 the artiy 4
21:07:59 [INFO]   Added new rule of name r_GEN_17
21:07:59 [INFO]   R_16(?X_1, <http://www.w3.org/2002/07/owl#onProperty>, ?X_2, ?X_3) :- R_13(?X_1, <http://www.w3.org/1999/02/22-rdf-syntax-ns#nil>, ?X_2, ?X_3, <http://www.w3.org/2002/07/owl#onProperty>) .
21:07:59 [INFO] 18 / 39
21:07:59 [INFO]   Generating new single body literal rule for R_17
21:07:59 [INFO]   Assigned relation R_17 the artiy 4
21:07:59 [INFO]   Added new rule of name r_GEN_18
21:07:59 [INFO]   R_17(<http://www.w3.org/2000/01/rdf-schema#subPropertyOf>, ?X_1, ?X_3, ?X_3) :- R_3(?X_3, ?X_1, ?X_3, ?X_3, <http://www.w3.org/2000/01/rdf-schema#subPropertyOf>) .
21:07:59 [INFO] 19 / 39
21:07:59 [INFO]   Generating new single body literal rule for R_18
21:07:59 [INFO]   Assigned relation R_18 the artiy 6
21:07:59 [INFO]   Added new rule of name r_GEN_19
21:07:59 [INFO]   R_18(?X_6, <http://www.w3.org/2002/07/owl#equivalentClass>, ?X_5, ?X_4, ?X_2, ?X_1) :- nonlast(?X_6), nonlast(<http://www.w3.org/2002/07/owl#equivalentClass>), nonlast(?X_5), nonlast(?X_4), nonlast(?X_2), nonlast(?X_1) .
21:07:59 [INFO] 20 / 39
21:07:59 [INFO]   Generating new single body literal rule for R_19
21:07:59 [INFO]   Added new rule of name r_GEN_20
21:07:59 [INFO]   R_19(?X_1, <http://www.w3.org/2002/07/owl#intersectionOf>, ?X_4, ?X_5, ?X_1, ?X_3) :- http://rulewerk.semantic-web.org/normalForm/isMainClass(?X_1), http://rulewerk.semantic-web.org/normalForm/isMainClass(<http://www.w3.org/2002/07/owl#intersectionOf>), http://rulewerk.semantic-web.org/normalForm/isMainClass(?X_4), http://rulewerk.semantic-web.org/normalForm/isMainClass(?X_5), http://rulewerk.semantic-web.org/normalForm/isMainClass(?X_1), http://rulewerk.semantic-web.org/normalForm/isMainClass(?X_3) .
21:07:59 [INFO] 21 / 39
21:07:59 [INFO]   Generating new single body literal rule for R_20
21:07:59 [INFO]   Added new rule of name r_GEN_21
21:07:59 [INFO]   R_20(?X_2, <http://www.w3.org/1999/02/22-rdf-syntax-ns#first>, ?X_1, ?X_4) :- R_OUT(<http://www.w3.org/1999/02/22-rdf-syntax-ns#first>, ?X_4, ?X_1), R_OUT(?X_4, <http://www.w3.org/1999/02/22-rdf-syntax-ns#first>, ?X_2) .
21:07:59 [INFO] 22 / 39
21:07:59 [INFO]   Generating new single body literal rule for R_21
21:07:59 [INFO]   Assigned relation R_21 the artiy 4
21:07:59 [INFO]   Added new rule of name r_GEN_22
21:07:59 [INFO]   R_21(<http://www.w3.org/2000/01/rdf-schema#subClassOf>, ?X_1, ?X_4, ?X_3) :- class(<http://www.w3.org/2000/01/rdf-schema#subClassOf>), class(?X_1), class(?X_4), class(?X_3) .
21:07:59 [INFO] 23 / 39
21:07:59 [INFO]   Generating new single body literal rule for R_22
21:07:59 [INFO]   Assigned relation R_22 the artiy 4
21:07:59 [INFO]   Added new rule of name r_GEN_23
21:07:59 [INFO]   R_22(<http://www.w3.org/1999/02/22-rdf-syntax-ns#first>, ?X_2, ?X_3, ?X_1) :- next(<http://www.w3.org/1999/02/22-rdf-syntax-ns#first>, ?X_2), next(?X_3, ?X_1) .
21:07:59 [INFO] 24 / 39
21:07:59 [INFO]   Generating new single body literal rule for R_23
21:07:59 [INFO]   Added new rule of name r_GEN_24
21:07:59 [INFO]   R_23(?X_2, ?X_4, ?X_5, ?X_1, ?X_3) :- R_1(?X_2, ?X_4, ?X_5), R_1(?X_1, ?X_3, ?Y_1) .
21:07:59 [INFO] 25 / 39
21:07:59 [INFO]   Generating new single body literal rule for R_24
21:07:59 [INFO]   Added new rule of name r_GEN_25
21:07:59 [INFO]   R_24(<http://www.w3.org/2000/01/rdf-schema#subClassOf>, ?X_2, ?X_1, ?X_3, ?X_2) :- http://rulewerk.semantic-web.org/normalForm/subClassOf(<http://www.w3.org/2000/01/rdf-schema#subClassOf>, <http://www.w3.org/2002/07/owl#onProperty>), http://rulewerk.semantic-web.org/normalForm/subClassOf(?X_1, ?X_3), http://rulewerk.semantic-web.org/normalForm/subClassOf(?X_2, ?X_2) .
21:07:59 [INFO] 26 / 39
21:07:59 [INFO]   Generating new single body literal rule for R_25
21:07:59 [INFO]   Assigned relation R_25 the artiy 5
21:07:59 [INFO]   Added new rule of name r_GEN_26
21:07:59 [INFO]   R_25(?X_3, ?X_5, ?X_2, ?X_1, <http://www.w3.org/2002/07/owl#equivalentClass>) :- http://rulewerk.semantic-web.org/normalForm/conj(?X_3, ?X_5, ?X_2), http://rulewerk.semantic-web.org/normalForm/conj(?X_1, <http://www.w3.org/2002/07/owl#equivalentClass>, ?X_2) .
21:07:59 [INFO] 27 / 39
21:07:59 [INFO]   Generating new single body literal rule for R_26
21:07:59 [INFO]   Assigned relation R_26 the artiy 2
21:07:59 [INFO]   Assigned relation R_36 the artiy 2
21:07:59 [INFO]   Added new rule of name r_GEN_27
21:07:59 [INFO]   R_26(?X_1, ?X_1) :- R_36(?X_1, ?X_1) .
21:07:59 [INFO] 28 / 39
21:07:59 [INFO]   Generating new single body literal rule for R_27
21:07:59 [INFO]   Assigned relation R_27 the artiy 6
21:07:59 [INFO]   Added new rule of name r_GEN_28
21:07:59 [INFO]   R_27(?X_5, ?X_2, ?X_4, ?X_1, ?X_6, <http://www.w3.org/2002/07/owl#disjointWith>) :- R_OUT(?X_5, ?X_2, ?X_4), R_OUT(?X_1, ?X_6, <http://www.w3.org/2002/07/owl#disjointWith>) .
21:07:59 [INFO] 29 / 39
21:07:59 [INFO]   Generating new single body literal rule for R_28
21:07:59 [INFO]   Assigned relation R_28 the artiy 6
21:07:59 [INFO]   Added new rule of name r_GEN_29
21:07:59 [INFO]   R_28(?X_5, ?X_6, ?X_4, <http://www.w3.org/2000/01/rdf-schema#subPropertyOf>, ?X_2, ?X_1) :- R_37(?X_5, ?X_6, <http://www.w3.org/1999/02/22-rdf-syntax-ns#first>, <http://www.w3.org/2000/01/rdf-schema#subPropertyOf>), R_37(?X_4, ?X_1, ?X_2, ?X_4) .
21:07:59 [INFO] 30 / 39
21:07:59 [INFO]   Generating new single body literal rule for R_29
21:07:59 [INFO]   Assigned relation R_29 the artiy 1
21:07:59 [INFO]   Added new rule of name r_GEN_30
21:07:59 [INFO]   R_29(?X_1) :- last(?X_1) .
21:07:59 [INFO] 31 / 39
21:07:59 [INFO]   Generating new single body literal rule for R_30
21:07:59 [INFO]   Assigned relation R_30 the artiy 3
21:07:59 [INFO]   Added new rule of name r_GEN_31
21:07:59 [INFO]   R_30(?X_2, <http://www.w3.org/2002/07/owl#intersectionOf>, ?X_3) :- auxClass(?X_2), auxClass(<http://www.w3.org/2002/07/owl#intersectionOf>), auxClass(?X_3) .
21:07:59 [INFO] 32 / 39
21:07:59 [INFO]   Generating new single body literal rule for R_31
21:07:59 [INFO]   Assigned relation R_31 the artiy 6
21:07:59 [INFO]   Added new rule of name r_GEN_32
21:07:59 [INFO]   R_31(?X_4, ?X_6, ?X_1, ?X_2, <http://www.w3.org/2002/07/owl#propertyChain>, ?X_5) :- R_OUT(?X_4, ?X_6, ?X_1), R_OUT(?X_2, <http://www.w3.org/2002/07/owl#propertyChain>, ?X_5) .
21:07:59 [INFO] 33 / 39
21:07:59 [INFO]   Generating new single body literal rule for R_32
21:07:59 [INFO]   Assigned relation R_32 the artiy 5
21:07:59 [INFO]   Added new rule of name r_GEN_33
21:07:59 [INFO]   R_32(?X_5, ?X_2, ?X_4, <http://www.w3.org/2002/07/owl#intersectionOf>, ?X_1) :- R_8(?X_5, ?X_5, ?X_4, <http://www.w3.org/2002/07/owl#intersectionOf>, ?X_1, ?X_2) .
21:07:59 [INFO] 34 / 39
21:07:59 [INFO]   Generating new single body literal rule for R_33
21:07:59 [INFO]   Assigned relation R_33 the artiy 6
21:07:59 [INFO]   Added new rule of name r_GEN_34
21:07:59 [INFO]   R_33(?X_3, ?X_3, ?X_2, ?X_1, <http://www.w3.org/2002/07/owl#someValuesFrom>, ?X_6) :- R_20(?X_3, ?X_3, ?X_2, ?X_1), R_20(<http://www.w3.org/2002/07/owl#someValuesFrom>, ?X_3, ?X_6, ?X_3) .
21:07:59 [INFO] 35 / 39
21:07:59 [INFO]   Generating new single body literal rule for R_34
21:07:59 [INFO]   Assigned relation R_34 the artiy 1
21:07:59 [INFO]   Added new rule of name r_GEN_35
21:07:59 [INFO]   R_34(?X_1) :- R_2(?X_1) .
21:07:59 [INFO] 36 / 39
21:07:59 [INFO]   Generating new single body literal rule for R_35
21:07:59 [INFO]   Assigned relation R_35 the artiy 3
21:07:59 [INFO]   Added new rule of name r_GEN_36
21:07:59 [INFO]   R_35(?X_1, ?X_3, ?X_1) :- R_1(?X_1, ?X_3, ?X_1) .
21:07:59 [INFO] 37 / 39
21:07:59 [INFO]   Generating new single body literal rule for R_36
21:07:59 [INFO]   Added new rule of name r_GEN_37
21:07:59 [INFO]   R_36(?X_2, ?X_2) :- repOf(?X_2, ?X_2) .
21:07:59 [INFO] 38 / 39
21:07:59 [INFO]   Generating new single body literal rule for R_37
21:07:59 [INFO]   Added new rule of name r_GEN_38
21:07:59 [INFO]   R_37(?X_4, ?X_1, <http://www.w3.org/2002/07/owl#equivalentClass>, ?X_3) :- R_35(<http://www.w3.org/2002/07/owl#equivalentClass>, ?X_1, <http://www.w3.org/2002/07/owl#equivalentClass>), R_35(?X_3, ?X_4, <http://www.w3.org/2002/07/owl#equivalentClass>) .
21:07:59 [INFO] 39 / 39
21:07:59 [INFO]   Generating new single body literal rule for R_38
21:07:59 [INFO]   Assigned relation R_38 the artiy 6
21:07:59 [INFO]   Added new rule of name r_GEN_39
21:07:59 [INFO]   R_38(?X_1, ?X_2, ?X_3, ?X_3, <http://www.w3.org/2002/07/owl#equivalentClass>, ?X_5) :- class(?X_1), class(?X_2), class(?X_3), class(?X_3), class(<http://www.w3.org/2002/07/owl#equivalentClass>), class(?X_5) .
21:07:59 [INFO] 
21:07:59 [INFO] Adding a outgoing relational edge for each relation other than R_OUT
21:07:59 [INFO] 
21:07:59 [INFO] 1 / 62
21:07:59 [INFO]   Adding outgoing relational edge from ClassObject for r_GEN_39
21:07:59 [INFO]   Generated literal ClassObject(?X_3) for rule r_GEN_39
21:07:59 [INFO] 2 / 62
21:07:59 [INFO]   Adding outgoing relational edge from ClassSubject for r_GEN_31
21:07:59 [INFO]   Generated literal ~ClassSubject(?X_3) for rule r_GEN_31
21:07:59 [INFO] 3 / 62
21:07:59 [INFO]   Adding outgoing relational edge from TRIPLE for r_GEN_28
21:07:59 [INFO]   Generated literal TRIPLE(?X_4, ?X_4, ?X_2) for rule r_GEN_28
21:07:59 [INFO] 4 / 62
21:07:59 [INFO]   Adding outgoing relational edge from auxClass for r_GEN_1
21:07:59 [INFO]   Generated literal auxClass(?Z_1) for rule r_GEN_1
21:07:59 [INFO] 5 / 62
21:07:59 [INFO]   Adding outgoing relational edge from class for r_GEN_16
21:07:59 [INFO]   Generated literal ~class(?X_3) for rule r_GEN_16
21:07:59 [INFO] 6 / 62
21:07:59 [INFO]   Adding outgoing relational edge from directSubProp for r_GEN_37
21:07:59 [INFO]   Generated literal ~directSubProp(?X_2, <http://www.w3.org/2000/01/rdf-schema#subPropertyOf>) for rule r_GEN_37
21:07:59 [INFO] 7 / 62
21:07:59 [INFO]   Adding outgoing relational edge from first for r_GEN_20
21:07:59 [INFO]   Generated literal ~first(?X_1) for rule r_GEN_20
21:07:59 [INFO] 8 / 62
21:07:59 [INFO]   Adding outgoing relational edge from http://rulewerk.semantic-web.org/normalForm/conj for r_GEN_26
21:07:59 [INFO]   Generated literal http://rulewerk.semantic-web.org/normalForm/conj(?X_5, ?Z_1, <http://www.w3.org/1999/02/22-rdf-syntax-ns#first>) for rule r_GEN_26
21:07:59 [INFO] 9 / 62
21:07:59 [INFO]   Adding outgoing relational edge from http://rulewerk.semantic-web.org/normalForm/exists for r_GEN_25
21:07:59 [INFO]   Generated literal ~http://rulewerk.semantic-web.org/normalForm/exists(?X_2, ?X_1, ?X_2) for rule r_GEN_25
21:07:59 [INFO] 10 / 62
21:07:59 [INFO]   Adding outgoing relational edge from http://rulewerk.semantic-web.org/normalForm/isMainClass for r_GEN_14
21:07:59 [INFO]   Generated literal ~http://rulewerk.semantic-web.org/normalForm/isMainClass(?X_2) for rule r_GEN_14
21:07:59 [INFO] 11 / 62
21:07:59 [INFO]   Adding outgoing relational edge from http://rulewerk.semantic-web.org/normalForm/isSubClass for r_GEN_23
21:07:59 [INFO]   Generated literal ~http://rulewerk.semantic-web.org/normalForm/isSubClass(<http://www.w3.org/2002/07/owl#propertyChain>) for rule r_GEN_23
21:07:59 [INFO] 12 / 62
21:07:59 [INFO]   Adding outgoing relational edge from http://rulewerk.semantic-web.org/normalForm/subClassOf for r_GEN_37
21:07:59 [INFO]   Generated literal http://rulewerk.semantic-web.org/normalForm/subClassOf(?Z_1, ?X_2) for rule r_GEN_37
21:07:59 [INFO] 13 / 62
21:07:59 [INFO]   Adding outgoing relational edge from http://rulewerk.semantic-web.org/normalForm/subProp for r_GEN_29
21:07:59 [INFO]   Generated literal http://rulewerk.semantic-web.org/normalForm/subProp(?X_1, ?X_4) for rule r_GEN_29
21:07:59 [INFO] 14 / 62
21:07:59 [INFO]   Adding outgoing relational edge from http://rulewerk.semantic-web.org/normalForm/subPropChain for r_GEN_17
21:07:59 [INFO]   Generated literal ~http://rulewerk.semantic-web.org/normalForm/subPropChain(?X_1, <http://www.w3.org/2002/07/owl#propertyChain>, ?X_2) for rule r_GEN_17
21:07:59 [INFO] 15 / 62
21:07:59 [INFO]   Adding outgoing relational edge from in for r_GEN_2
21:07:59 [INFO]   Generated literal ~in(?Y_1, <http://www.w3.org/2002/07/owl#someValuesFrom>) for rule r_GEN_2
21:07:59 [INFO] 16 / 62
21:07:59 [INFO]   Adding outgoing relational edge from last for r_GEN_17
21:07:59 [INFO]   Generated literal last(?X_1) for rule r_GEN_17
21:07:59 [INFO] 17 / 62
21:07:59 [INFO]   Adding outgoing relational edge from next for r_GEN_34
21:07:59 [INFO]   Generated literal next(<http://www.w3.org/2002/07/owl#intersectionOf>, ?X_3) for rule r_GEN_34
21:07:59 [INFO] 18 / 62
21:07:59 [INFO]   Adding outgoing relational edge from nonfirst for r_GEN_26
21:07:59 [INFO]   Generated literal nonfirst(?X_5) for rule r_GEN_26
21:07:59 [INFO] 19 / 62
21:07:59 [INFO]   Adding outgoing relational edge from nonlast for r_GEN_35
21:07:59 [INFO]   Generated literal nonlast(?X_1) for rule r_GEN_35
21:07:59 [INFO] 20 / 62
21:07:59 [INFO]   Adding outgoing relational edge from prepareSco for r_GEN_12
21:07:59 [INFO]   Generated literal ~prepareSco(?X_1, ?X_1) for rule r_GEN_12
21:07:59 [INFO] 21 / 62
21:07:59 [INFO]   Adding outgoing relational edge from repOf for r_GEN_30
21:07:59 [INFO]   Generated literal ~repOf(?X_1, ?X_1) for rule r_GEN_30
21:07:59 [INFO] 22 / 62
21:07:59 [INFO]   Adding outgoing relational edge from synConj for r_GEN_15
21:07:59 [INFO]   Generated literal ~synConj(?X_1, ?X_3, ?X_3) for rule r_GEN_15
21:07:59 [INFO] 23 / 62
21:07:59 [INFO]   Adding outgoing relational edge from synEx for r_GEN_1
21:07:59 [INFO]   Generated literal ~synEx(?X_2, ?X_3, ?X_2) for rule r_GEN_1
21:07:59 [INFO] 24 / 62
21:07:59 [INFO]   Adding outgoing relational edge from synExRep for r_GEN_32
21:07:59 [INFO]   Generated literal synExRep(?Z_2, <http://www.w3.org/1999/02/22-rdf-syntax-ns#first>, ?X_5) for rule r_GEN_32
21:07:59 [INFO] 25 / 62
21:07:59 [INFO]   Adding outgoing relational edge from R_1 for r_GEN_29
21:07:59 [INFO]   Generated literal R_1(?X_6, ?X_4, ?Z_1) for rule r_GEN_29
21:07:59 [INFO] 26 / 62
21:07:59 [INFO]   Adding outgoing relational edge from R_2 for r_GEN_33
21:07:59 [INFO]   Generated literal R_2(?Z_2) for rule r_GEN_33
21:07:59 [INFO] 27 / 62
21:07:59 [INFO]   Adding outgoing relational edge from R_3 for r_GEN_19
21:07:59 [INFO]   Generated literal R_3(?X_5, ?Z_3, ?X_4, ?X_1, ?X_5) for rule r_GEN_19
21:07:59 [INFO] 28 / 62
21:07:59 [INFO]   Adding outgoing relational edge from R_4 for r_GEN_19
21:07:59 [INFO]   Generated literal R_4(?Z_7, ?X_5) for rule r_GEN_19
21:07:59 [INFO] 29 / 62
21:07:59 [INFO]   Adding outgoing relational edge from R_5 for r_GEN_39
21:07:59 [INFO]   Generated literal ~R_5(?X_3, ?X_5, ?X_2) for rule r_GEN_39
21:07:59 [INFO] 30 / 62
21:07:59 [INFO]   Adding outgoing relational edge from R_6 for r_GEN_14
21:07:59 [INFO]   Generated literal R_6(<http://www.w3.org/2002/07/owl#equivalentClass>, ?X_5, ?Z_2, ?Z_1) for rule r_GEN_14
21:07:59 [INFO] 31 / 62
21:07:59 [INFO]   Adding outgoing relational edge from R_7 for r_GEN_19
21:07:59 [INFO]   Generated literal R_7(?X_4, ?Z_9) for rule r_GEN_19
21:07:59 [INFO] 32 / 62
21:07:59 [INFO]   Adding outgoing relational edge from R_8 for r_GEN_22
21:07:59 [INFO]   Generated literal ~R_8(?X_4, ?X_4, ?X_3, <http://www.w3.org/2000/01/rdf-schema#subClassOf>, ?X_1, ?X_1) for rule r_GEN_22
21:07:59 [INFO] 33 / 62
21:07:59 [INFO]   Adding outgoing relational edge from R_9 for r_GEN_23
21:07:59 [INFO]   Generated literal R_9(?Z_2) for rule r_GEN_23
21:07:59 [INFO] 34 / 62
21:07:59 [INFO]   Adding outgoing relational edge from R_10 for r_GEN_5
21:07:59 [INFO]   Generated literal R_10(<http://www.w3.org/2000/01/rdf-schema#subClassOf>, ?X_1, ?Z_1, ?X_1, <http://www.w3.org/2000/01/rdf-schema#subClassOf>, ?X_1) for rule r_GEN_5
21:07:59 [INFO] 35 / 62
21:07:59 [INFO]   Adding outgoing relational edge from R_11 for r_GEN_1
21:07:59 [INFO]   Generated literal R_11(?X_2, ?Z_2, ?X_2, ?Y_1) for rule r_GEN_1
21:07:59 [INFO] 36 / 62
21:07:59 [INFO]   Adding outgoing relational edge from R_12 for r_GEN_11
21:07:59 [INFO]   Generated literal ~R_12(?X_2, ?X_3, ?X_6, ?X_6, ?X_6) for rule r_GEN_11
21:07:59 [INFO] 37 / 62
21:07:59 [INFO]   Adding outgoing relational edge from R_13 for r_GEN_12
21:07:59 [INFO]   Generated literal R_13(?X_1, ?X_4, ?Z_2, ?X_1, ?X_2) for rule r_GEN_12
21:07:59 [INFO] 38 / 62
21:07:59 [INFO]   Adding outgoing relational edge from R_14 for r_GEN_4
21:07:59 [INFO]   Generated literal R_14(?X_5, ?X_1, ?X_4, ?X_5) for rule r_GEN_4
21:07:59 [INFO] 39 / 62
21:07:59 [INFO]   Adding outgoing relational edge from R_15 for r_GEN_25
21:07:59 [INFO]   Generated literal R_15(?X_3, ?X_1, <http://www.w3.org/2002/07/owl#intersectionOf>, ?Z_1, ?Z_2, ?Z_3) for rule r_GEN_25
21:07:59 [INFO] 40 / 62
21:07:59 [INFO]   Adding outgoing relational edge from R_16 for r_GEN_16
21:07:59 [INFO]   Generated literal ~R_16(?X_5, ?X_1, ?X_3, ?X_5) for rule r_GEN_16
21:07:59 [INFO] 41 / 62
21:07:59 [INFO]   Adding outgoing relational edge from R_17 for r_GEN_34
21:07:59 [INFO]   Generated literal R_17(?X_1, ?Z_3, ?X_3, ?X_3) for rule r_GEN_34
21:07:59 [INFO] 42 / 62
21:07:59 [INFO]   Adding outgoing relational edge from R_18 for r_GEN_23
21:07:59 [INFO]   Generated literal R_18(?X_3, ?X_2, ?X_1, ?Z_4, <http://www.w3.org/2002/07/owl#disjointWith>, ?X_2) for rule r_GEN_23
21:07:59 [INFO] 43 / 62
21:07:59 [INFO]   Adding outgoing relational edge from R_19 for r_GEN_16
21:07:59 [INFO]   Generated literal R_19(?X_6, ?X_3, ?X_5, ?Z_7, <http://www.w3.org/2000/01/rdf-schema#subClassOf>, ?X_1) for rule r_GEN_16
21:07:59 [INFO] 44 / 62
21:07:59 [INFO]   Adding outgoing relational edge from R_20 for r_GEN_10
21:07:59 [INFO]   Generated literal ~R_20(?X_1, ?X_1, <http://www.w3.org/2002/07/owl#disjointWith>, ?Y_1) for rule r_GEN_10
21:07:59 [INFO] 45 / 62
21:07:59 [INFO]   Adding outgoing relational edge from R_21 for r_GEN_12
21:07:59 [INFO]   Generated literal R_21(?Z_5, <http://www.w3.org/2002/07/owl#propertyChain>, ?Z_1, ?X_1) for rule r_GEN_12
21:07:59 [INFO] 46 / 62
21:07:59 [INFO]   Adding outgoing relational edge from R_22 for r_GEN_39
21:07:59 [INFO]   Generated literal R_22(?X_5, ?Z_2, ?X_3, ?X_3) for rule r_GEN_39
21:07:59 [INFO] 47 / 62
21:07:59 [INFO]   Adding outgoing relational edge from R_23 for r_GEN_29
21:07:59 [INFO]   Generated literal ~R_23(?X_5, ?X_2, ?X_4, ?X_4, ?X_6) for rule r_GEN_29
21:07:59 [INFO] 48 / 62
21:07:59 [INFO]   Adding outgoing relational edge from R_24 for r_GEN_13
21:07:59 [INFO]   Generated literal R_24(?Z_3, ?X_4, <http://www.w3.org/2002/07/owl#equivalentClass>, ?X_4, ?X_3) for rule r_GEN_13
21:07:59 [INFO] 49 / 62
21:07:59 [INFO]   Adding outgoing relational edge from R_25 for r_GEN_36
21:07:59 [INFO]   Generated literal ~R_25(?X_3, ?X_3, ?X_1, <http://www.w3.org/2000/01/rdf-schema#subPropertyOf>, ?X_1) for rule r_GEN_36
21:07:59 [INFO] 50 / 62
21:07:59 [INFO]   Adding outgoing relational edge from R_26 for r_GEN_15
21:07:59 [INFO]   Generated literal R_26(?Z_4, ?Z_1) for rule r_GEN_15
21:07:59 [INFO] 51 / 62
21:07:59 [INFO]   Adding outgoing relational edge from R_27 for r_GEN_3
21:07:59 [INFO]   Generated literal R_27(<http://www.w3.org/2000/01/rdf-schema#subPropertyOf>, ?Z_1, <http://www.w3.org/1999/02/22-rdf-syntax-ns#first>, ?X_1, ?X_1, ?X_1) for rule r_GEN_3
21:07:59 [INFO] 52 / 62
21:07:59 [INFO]   Adding outgoing relational edge from R_28 for r_GEN_8
21:07:59 [INFO]   Generated literal R_28(?Z_1, ?X_2, ?Y_1, ?X_2, ?Z_2, ?X_2) for rule r_GEN_8
21:07:59 [INFO] 53 / 62
21:07:59 [INFO]   Adding outgoing relational edge from R_29 for r_GEN_27
21:07:59 [INFO]   Generated literal ~R_29(?X_1) for rule r_GEN_27
21:07:59 [INFO] 54 / 62
21:07:59 [INFO]   Adding outgoing relational edge from R_30 for r_GEN_15
21:07:59 [INFO]   Generated literal R_30(?Z_4, ?Z_1, ?X_3) for rule r_GEN_15
21:07:59 [INFO] 55 / 62
21:07:59 [INFO]   Adding outgoing relational edge from R_31 for r_GEN_18
21:07:59 [INFO]   Generated literal R_31(?X_3, ?X_1, <http://www.w3.org/2000/01/rdf-schema#subClassOf>, ?X_3, ?X_3, ?Z_1) for rule r_GEN_18
21:07:59 [INFO] 56 / 62
21:07:59 [INFO]   Adding outgoing relational edge from R_32 for r_GEN_12
21:07:59 [INFO]   Generated literal R_32(?X_1, ?Z_8, ?X_4, ?X_1, ?Z_1) for rule r_GEN_12
21:07:59 [INFO] 57 / 62
21:07:59 [INFO]   Adding outgoing relational edge from R_33 for r_GEN_8
21:07:59 [INFO]   Generated literal R_33(?Z_2, ?X_2, ?X_2, <http://www.w3.org/2002/07/owl#disjointWith>, ?X_2, ?X_2) for rule r_GEN_8
21:07:59 [INFO] 58 / 62
21:07:59 [INFO]   Adding outgoing relational edge from R_34 for r_GEN_34
21:07:59 [INFO]   Generated literal R_34(?X_3) for rule r_GEN_34
21:07:59 [INFO] 59 / 62
21:07:59 [INFO]   Adding outgoing relational edge from R_35 for r_GEN_24
21:07:59 [INFO]   Generated literal R_35(?X_3, ?X_3, ?X_2) for rule r_GEN_24
21:07:59 [INFO] 60 / 62
21:07:59 [INFO]   Adding outgoing relational edge from R_36 for r_GEN_28
21:07:59 [INFO]   Generated literal R_36(?X_4, ?X_1) for rule r_GEN_28
21:07:59 [INFO] 61 / 62
21:07:59 [INFO]   Adding outgoing relational edge from R_37 for r_GEN_39
21:07:59 [INFO]   Generated literal R_37(?X_2, ?Z_1, ?X_5, <http://www.w3.org/1999/02/22-rdf-syntax-ns#first>) for rule r_GEN_39
21:07:59 [INFO] 62 / 62
21:07:59 [INFO]   Adding outgoing relational edge from R_38 for r_GEN_11
21:07:59 [INFO]   Generated literal R_38(?X_4, ?X_2, ?X_6, ?X_2, ?X_6, ?X_1) for rule r_GEN_11
21:07:59 [INFO] 
21:07:59 [INFO] Adding gen. size facts
21:07:59 [INFO] 
21:07:59 [INFO] 1 / 39
21:07:59 [INFO]   II Add Fact Node and Edge
21:07:59 [INFO]   Added new fact R_18(<http://www.w3.org/2002/07/owl#disjointWith>, c_1, <http://www.w3.org/2002/07/owl#someValuesFrom>, c_1, c_2, <http://www.w3.org/2002/07/owl#disjointWith>).
21:07:59 [INFO] 2 / 39
21:07:59 [INFO]   II Add Fact Node and Edge
21:07:59 [INFO]   Added new fact R_7("str_1", "str_2").
21:07:59 [INFO] 3 / 39
21:07:59 [INFO]   II Add Fact Node and Edge
21:07:59 [INFO]   Added new fact R_20(c_3, <http://www.w3.org/1999/02/22-rdf-syntax-ns#first>, <http://www.w3.org/2002/07/owl#onProperty>, c_4).
21:07:59 [INFO] 4 / 39
21:07:59 [INFO]   II Add Fact Node and Edge
21:07:59 [INFO]   Added new fact R_25(c_5, c_6, "str_3", 5446722195979706610, c_7).
21:07:59 [INFO] 5 / 39
21:07:59 [INFO]   II Add Fact Node and Edge
21:07:59 [INFO]   Added new fact R_38(<http://www.w3.org/2000/01/rdf-schema#subClassOf>, <http://www.w3.org/1999/02/22-rdf-syntax-ns#rest>, <http://www.w3.org/1999/02/22-rdf-syntax-ns#first>, c_8, "str_4", <http://www.w3.org/1999/02/22-rdf-syntax-ns#first>).
21:07:59 [INFO] 6 / 39
21:07:59 [INFO]   II Add Fact Node and Edge
21:07:59 [INFO]   Added new fact R_1(<http://www.w3.org/2002/07/owl#onProperty>, <http://www.w3.org/2002/07/owl#someValuesFrom>, <http://www.w3.org/2002/07/owl#propertyChain>).
21:07:59 [INFO] 7 / 39
21:07:59 [INFO]   II Add Fact Node and Edge
21:07:59 [INFO]   Added new fact R_21(c_9, 4811099358950845008, "str_5", "str_6").
21:07:59 [INFO] 8 / 39
21:07:59 [INFO]   II Add Fact Node and Edge
21:07:59 [INFO]   Added new fact R_14(<http://www.w3.org/2002/07/owl#onProperty>, "str_7", "str_8", c_10).
21:07:59 [INFO] 9 / 39
21:07:59 [INFO]   II Add Fact Node and Edge
21:07:59 [INFO]   Added new fact R_26(<http://www.w3.org/2002/07/owl#equivalentClass>, c_11).
21:07:59 [INFO] 10 / 39
21:07:59 [INFO]   II Add Fact Node and Edge
21:07:59 [INFO]   Added new fact R_22(5508384405941265771, "str_9", c_8, "str_8").
21:07:59 [INFO] 11 / 39
21:07:59 [INFO]   II Add Fact Node and Edge
21:07:59 [INFO]   Added new fact R_35(<http://www.w3.org/1999/02/22-rdf-syntax-ns#rest>, <http://www.w3.org/2002/07/owl#someValuesFrom>, 17103499775846885465).
21:07:59 [INFO] 12 / 39
21:07:59 [INFO]   II Add Fact Node and Edge
21:07:59 [INFO]   Added new fact R_35(<http://www.w3.org/2002/07/owl#someValuesFrom>, "str_10", <http://www.w3.org/2002/07/owl#onProperty>).
21:07:59 [INFO] 13 / 39
21:07:59 [INFO]   II Add Fact Node and Edge
21:07:59 [INFO]   Added new fact R_22(<http://www.w3.org/2002/07/owl#intersectionOf>, <http://www.w3.org/2000/01/rdf-schema#subPropertyOf>, "str_11", c_10).
21:07:59 [INFO] 14 / 39
21:07:59 [INFO]   II Add Fact Node and Edge
21:07:59 [INFO]   Added new fact R_33(c_2, 11958854393351997262, c_12, c_10, 17103499775846885465, <http://www.w3.org/1999/02/22-rdf-syntax-ns#rest>).
21:07:59 [INFO] 15 / 39
21:07:59 [INFO]   II Add Fact Node and Edge
21:07:59 [INFO]   Added new fact R_11(8892728187625497003, c_2, "str_7", "str_12").
21:07:59 [INFO] 16 / 39
21:07:59 [INFO]   II Add Fact Node and Edge
21:07:59 [INFO]   Added new fact R_9(8870715999507547784).
21:07:59 [INFO] 17 / 39
21:07:59 [INFO]   II Add Fact Node and Edge
21:07:59 [INFO]   Added new fact R_7(<http://www.w3.org/2002/07/owl#intersectionOf>, c_12).
21:07:59 [INFO] 18 / 39
21:07:59 [INFO]   II Add Fact Node and Edge
21:07:59 [INFO]   Added new fact R_20(c_12, c_13, <http://www.w3.org/2002/07/owl#intersectionOf>, "str_13").
21:07:59 [INFO] 19 / 39
21:07:59 [INFO]   II Add Fact Node and Edge
21:07:59 [INFO]   Added new fact R_24(c_8, <http://www.w3.org/1999/02/22-rdf-syntax-ns#rest>, <http://www.w3.org/2002/07/owl#disjointWith>, "str_13", <http://www.w3.org/2002/07/owl#intersectionOf>).
21:07:59 [INFO] 20 / 39
21:07:59 [INFO]   II Add Fact Node and Edge
21:07:59 [INFO]   Added new fact R_38(c_14, c_15, <http://www.w3.org/2002/07/owl#onProperty>, "str_4", c_16, c_17).
21:07:59 [INFO] 21 / 39
21:07:59 [INFO]   II Add Fact Node and Edge
21:07:59 [INFO]   Added new fact R_16("str_11", 374497346708585986, <http://www.w3.org/2000/01/rdf-schema#subPropertyOf>, c_11).
21:07:59 [INFO] 22 / 39
21:07:59 [INFO]   II Add Fact Node and Edge
21:07:59 [INFO]   Added new fact R_9(c_18).
21:07:59 [INFO] 23 / 39
21:07:59 [INFO]   II Add Fact Node and Edge
21:07:59 [INFO]   Added new fact R_33(c_5, "str_14", "str_14", <http://www.w3.org/2002/07/owl#equivalentClass>, c_19, "str_15").
21:07:59 [INFO] 24 / 39
21:07:59 [INFO]   II Add Fact Node and Edge
21:07:59 [INFO]   Added new fact R_10(c_11, c_20, <http://www.w3.org/2002/07/owl#intersectionOf>, "str_16", "str_17", <http://www.w3.org/2002/07/owl#propertyChain>).
21:07:59 [INFO] 25 / 39
21:07:59 [INFO]   II Add Fact Node and Edge
21:07:59 [INFO]   Added new fact R_4(c_21, c_22).
21:07:59 [INFO] 26 / 39
21:07:59 [INFO]   II Add Fact Node and Edge
21:07:59 [INFO]   Added new fact R_10("str_16", "str_9", c_23, <http://www.w3.org/2002/07/owl#intersectionOf>, <http://www.w3.org/1999/02/22-rdf-syntax-ns#first>, 948629728715861918).
21:07:59 [INFO] 27 / 39
21:07:59 [INFO]   II Add Fact Node and Edge
21:07:59 [INFO]   Added new fact R_16(c_24, c_25, c_26, c_20).
21:07:59 [INFO] 28 / 39
21:07:59 [INFO]   II Add Fact Node and Edge
21:07:59 [INFO]   Added new fact R_2(c_26).
21:07:59 [INFO] 29 / 39
21:07:59 [INFO]   II Add Fact Node and Edge
21:07:59 [INFO]   Added new fact R_4(12846565958852139389, <http://www.w3.org/2002/07/owl#propertyChain>).
21:07:59 [INFO] 30 / 39
21:07:59 [INFO]   II Add Fact Node and Edge
21:07:59 [INFO]   Added new fact R_14(c_27, 6738071787004488388, <http://www.w3.org/2002/07/owl#equivalentClass>, "str_18").
21:07:59 [INFO] 31 / 39
21:07:59 [INFO]   II Add Fact Node and Edge
21:07:59 [INFO]   Added new fact R_38("str_4", c_28, "str_19", c_29, "str_3", "str_12").
21:07:59 [INFO] 32 / 39
21:07:59 [INFO]   II Add Fact Node and Edge
21:07:59 [INFO]   Added new fact R_20(c_30, c_23, "str_9", "str_18").
21:07:59 [INFO] 33 / 39
21:07:59 [INFO]   II Add Fact Node and Edge
21:07:59 [INFO]   Added new fact R_38(c_17, <http://www.w3.org/2002/07/owl#equivalentClass>, "str_7", "str_20", "str_19", <http://www.w3.org/2002/07/owl#intersectionOf>).
21:07:59 [INFO] 34 / 39
21:07:59 [INFO]   II Add Fact Node and Edge
21:07:59 [INFO]   Added new fact R_37(16688202555894723441, 4811099358950845008, "str_21", c_31).
21:07:59 [INFO] 35 / 39
21:07:59 [INFO]   II Add Fact Node and Edge
21:07:59 [INFO]   Added new fact R_9("str_7").
21:07:59 [INFO] 36 / 39
21:07:59 [INFO]   II Add Fact Node and Edge
21:07:59 [INFO]   Added new fact R_27(c_32, c_27, 15318809226422404125, <http://www.w3.org/2002/07/owl#equivalentClass>, <http://www.w3.org/2000/01/rdf-schema#subClassOf>, 3923528597017440673).
21:07:59 [INFO] 37 / 39
21:07:59 [INFO]   II Add Fact Node and Edge
21:07:59 [INFO]   Added new fact R_36("str_16", "str_22").
21:07:59 [INFO] 38 / 39
21:07:59 [INFO]   II Add Fact Node and Edge
21:07:59 [INFO]   Added new fact R_25(<http://www.w3.org/2002/07/owl#onProperty>, "str_23", 8870715999507547784, 11487187601608718067, 11487187601608718067).
21:07:59 [INFO] 39 / 39
21:07:59 [INFO]   II Add Fact Node and Edge
21:07:59 [INFO]   Added new fact R_9("str_24").
21:07:59 [INFO] 
21:07:59 [INFO] ----------------------------------------------
21:07:59 [INFO] ----------- Program Generation Done ----------
21:07:59 [INFO] ----------------------------------------------
21:07:59 [INFO] 
21:07:59 [INFO] ----------- Generated ADG Summary: -----------
21:07:59 [INFO] ADG Fact Nodes:                  39
21:07:59 [INFO] ADG Relational Nodes:            63
21:07:59 [INFO] ADG Fact Edges:                  39
21:07:59 [INFO] ADG Relational Edges:            151
21:07:59 [INFO] Number of inv. Strata:           3
21:07:59 [INFO] 
21:07:59 [INFO] Nodes with None Ancestry:        32
21:07:59 [INFO] Nodes with Positive Ancestry:    15
21:07:59 [INFO] Nodes with Negative Ancestry:    6
21:07:59 [INFO] Nodes with Unknown Ancestry:     10
21:07:59 [INFO] 
21:07:59 [INFO] Next rule name would be:         r_EQU_40
21:07:59 [INFO] Next predicate name would be:    R_39
21:07:59 [INFO] Next constant name would be:     c_33
21:07:59 [INFO] Next string would be:            "str_25"
21:07:59 [INFO] 
21:07:59 [INFO] Output predicate:                R_OUT
21:07:59 [INFO] Generated rule count:            39
21:07:59 [INFO] Rule count:                      71
21:07:59 [INFO] Average rel. arity:              3.2222222222222223
21:07:59 [INFO] Arity calc. may be inaccurate if arity > f64
21:07:59 [INFO] ----------------------------------------------
21:07:59 [INFO] 
21:07:59 [INFO] ------ Performed Gen. Transformations: -------
21:07:59 [INFO]  #      Type
21:07:59 [INFO]  39      Generate New Rule with Probably Single Lit
21:07:59 [INFO]  62      Generating an Outgoing Relational Edge
21:07:59 [INFO]  38      I     Add Relational Node
21:07:59 [INFO]  39      II    Add Fact Node and Edge
21:07:59 [INFO] ----------------------------------------------
21:07:59 [INFO] 
21:07:59 [INFO] Storing input ADG and input program
21:07:59 [INFO] 
21:07:59 [INFO] ----------------------------------------------
21:07:59 [INFO] --------- Beginning Transformations ----------
21:07:59 [INFO] --------  Oracle: EQU    Number: 37
21:07:59 [INFO] ----------------------------------------------
21:07:59 [INFO] 1 / 37
21:07:59 [INFO]   II Add Fact Node and Edge
21:07:59 [INFO]   Added new fact R_29(<http://www.w3.org/2002/07/owl#equivalentClass>).
21:07:59 [INFO] 2 / 37
21:07:59 [INFO]   II Add Fact Node and Edge
21:07:59 [INFO]   Added new fact R_37("str_8", c_35, c_36, "str_5").
21:07:59 [INFO] 3 / 37
21:07:59 [INFO]   II Add Fact Node and Edge
21:07:59 [INFO]   Added new fact R_26(<http://www.w3.org/1999/02/22-rdf-syntax-ns#first>, "str_27").
21:07:59 [INFO] 4 / 37
21:07:59 [INFO]   III Add Relational edges - New Rule
21:07:59 [INFO]   Added new rule of name r_EQU_42
21:07:59 [INFO]   R_37(?X_1, ?X_3, ?X_2, ?X_4) :- R_1(?X_1, ?X_3, ?X_2), R_9(?X_4), ~repOf(?X_4, ?X_4), ~nonfirst(<http://www.w3.org/2002/07/owl#someValuesFrom>), ~synExRep(?X_2, ?X_2, ?X_2) .
21:07:59 [INFO] 5 / 37
21:07:59 [INFO]   VII Modify Rule - Add Equality
21:07:59 [INFO]   Replaced var ?X_2 with var ?X_3 in the rule r_GEN_31
21:07:59 [INFO] 6 / 37
21:07:59 [INFO]   VIII Modify Rule - Remove Equality
21:07:59 [INFO]   Replaced a random number of var X_1 with var X_1_new_1 in the rule r_GEN_27
21:07:59 [INFO] 7 / 37
21:07:59 [INFO]   VIII Modify Rule - Remove Equality
21:07:59 [INFO]   Replaced a random number of var X_1 with var X_1_new_1 in the rule r_GEN_36
21:07:59 [INFO] 8 / 37
21:07:59 [INFO]   III Add Relational edges - New Rule
21:07:59 [INFO]   Added new rule of name r_EQU_43
21:07:59 [INFO]   R_35(?X_1, ?X_3, ?X_1) :- R_3(?X_1, ?X_1, ?X_3, ?X_1, ?X_1), R_33(?X_1, "str_27", ?Y_1, ?X_1, ?X_1, "str_27"), auxClass(?X_1), synExRep(?Y_1, ?X_3, ?X_1), ~nonfirst(?X_3), ~R_5(?X_1, ?Y_1, ?X_1) .
21:07:59 [INFO] 9 / 37
21:07:59 [INFO]   III Add Relational edges - New Rule
21:07:59 [INFO]   Added new rule of name r_EQU_44
21:07:59 [INFO]   R_12(?X_1, ?X_2, ?X_5, ?X_3, ?X_4) :- R_11(?X_3, ?X_2, ?X_1, ?X_1), R_34(?X_2), R_OUT(?X_1, ?X_2, ?X_4), R_32(?X_3, ?X_2, ?X_5, ?X_4, ?X_3), R_26(?X_5, ?X_2), R_20(?X_4, ?X_5, c_23, ?X_3), ~next(?X_1, ?X_1) .
21:07:59 [INFO] 10 / 37
21:07:59 [INFO]   III Add Relational edges - New Rule
21:07:59 [INFO]   Added new rule of name r_EQU_45
21:07:59 [INFO]   R_4(?X_1, ?X_2) :- synExRep(?Y_1, ?X_1, ?Y_1), R_36(?Y_1, ?X_2), R_20(?X_2, ?Y_1, <http://www.w3.org/1999/02/22-rdf-syntax-ns#first>, ?X_1), last(?X_2), ~http://rulewerk.semantic-web.org/normalForm/isSubClass(?X_2), ~R_23("str_26", <http://www.w3.org/1999/02/22-rdf-syntax-ns#first>, ?X_2, ?X_1, ?X_2) .
21:07:59 [INFO] 11 / 37
21:07:59 [INFO]   IV Add Relational Edge - New Literal
21:07:59 [INFO]   Generated literal R_17(?Z_1, ?Z_6, ?X_6, ?X_1) for rule r_GEN_11
21:07:59 [INFO] 12 / 37
21:07:59 [INFO]   IV Add Relational Edge - New Literal
21:07:59 [INFO]   Generated literal R_31(?Z_5, ?X_6, ?X_6, ?X_1, ?X_2, ?Z_9) for rule r_GEN_11
21:07:59 [INFO] 13 / 37
21:07:59 [INFO]   VII Modify Rule - Add Equality
21:07:59 [INFO]   Replaced var ?X_1 with var ?X_1_new_1 in the rule r_GEN_27
21:07:59 [INFO] 14 / 37
21:07:59 [INFO]   IV Add Relational Edge - New Literal
21:07:59 [INFO]   Generated literal R_33(?X_1, ?X_5, ?Z_6, ?X_2, ?Z_5, ?X_1) for rule r_GEN_26
21:07:59 [INFO] 15 / 37
21:07:59 [INFO]   XI Add Contradictory Rule
21:07:59 [INFO]   Added new contradictory rule of name r_EQU_46
21:07:59 [INFO]   R_16(?X_3, ?X_3, c_34, ?X_4) :- nonfirst(?X_3), nonfirst(?X_3), nonfirst(c_34), nonfirst(?X_4), ~nonfirst(?X_3) .
21:07:59 [INFO] 16 / 37
21:07:59 [INFO]   XI Add Contradictory Rule
21:07:59 [INFO]   Added new contradictory rule of name r_EQU_47
21:07:59 [INFO]   R_17(?X_2, ?X_2, ?X_1, ?X_4) :- R_13(?X_2, ?X_2, ?X_1, ?X_1, ?X_4), ~R_13(?X_2, ?X_2, ?X_1, ?X_1, ?X_4) .
21:07:59 [INFO] 17 / 37
21:07:59 [INFO]   V Remove Relational Edges - Whole Rule
21:07:59 [INFO]   Removing the Rule of the name r_EQU_42
21:07:59 [INFO] 18 / 37
21:07:59 [INFO]   V Remove Relational Edges - Whole Rule
21:07:59 [INFO]   Removing the Rule of the name r_EQU_43
21:07:59 [INFO] 19 / 37
21:07:59 [INFO]   II Add Fact Node and Edge
21:07:59 [INFO]   Added new fact R_30(8870715999507547784, c_37, 4811099358950845008).
21:07:59 [INFO] 20 / 37
21:07:59 [INFO]   III Add Relational edges - New Rule
21:07:59 [INFO]   Added new rule of name r_EQU_48
21:07:59 [INFO]   R_1(?X_2, ?X_3, ?X_3) :- nonfirst(?X_2), R_11(?X_3, ?X_2, ?X_3, ?Y_1), repOf(c_4, c_4), R_37(?X_2, c_4, ?Y_1, ?X_2), http://rulewerk.semantic-web.org/normalForm/subClassOf(?X_2, ?X_3) .
21:07:59 [INFO] 21 / 37
21:07:59 [INFO]   XI Add Contradictory Rule
21:07:59 [INFO]   Added new contradictory rule of name r_EQU_49
21:07:59 [INFO]   R_14("str_6", ?X_4, ?X_4, ?X_1) :- R_16("str_6", ?X_4, ?X_4, ?X_1), ~R_16("str_6", ?X_4, ?X_4, ?X_1) .
21:07:59 [INFO] 22 / 37
21:07:59 [INFO]   III Add Relational edges - New Rule
21:07:59 [INFO]   Added new rule of name r_EQU_50
21:07:59 [INFO]   R_31(?X_4, ?X_3, ?X_3, ?X_5, ?X_2, ?X_1) :- R_24(?X_5, ?X_3, ?Y_1, ?X_5, ?X_2), R_19(?X_1, ?Y_1, ?X_3, ?X_4, ?X_2, ?X_5), R_33(?X_3, ?Y_1, ?X_2, ?X_3, ?X_3, ?Y_2), R_6(?Y_2, ?X_3, ?X_2, <http://www.w3.org/2000/01/rdf-schema#subPropertyOf>), R_30(?X_3, ?X_1, ?X_2), ~R_21(?X_3, ?X_4, ?X_2, ?Y_1), ~auxClass(?X_3) .
21:07:59 [INFO] 23 / 37
21:07:59 [INFO]   III Add Relational edges - New Rule
21:07:59 [INFO]   Added new rule of name r_EQU_51
21:07:59 [INFO]   R_31(?X_5, ?X_6, ?X_3, ?X_2, ?X_1, ?X_5) :- http://rulewerk.semantic-web.org/normalForm/isSubClass(?X_5), R_27(?X_6, ?X_3, ?X_2, ?X_1, ?X_5, ?Y_1), ~in(?X_5, c_18), ~R_8(?X_2, ?X_3, ?X_5, ?X_1, ?X_2, ?X_5), ~R_29(?X_2) .
21:07:59 [INFO] 24 / 37
21:07:59 [INFO]   III Add Relational edges - New Rule
21:07:59 [INFO]   Added new rule of name r_EQU_52
21:07:59 [INFO]   R_31(?X_1, c_12, ?X_3, ?X_2, ?X_6, ?X_5) :- synExRep(?X_1, c_12, ?X_6), R_29(?X_2), synExRep(?X_6, ?X_5, ?X_3), ~R_26(?X_6, ?X_6), ~synExRep(c_12, c_31, ?X_2), ~R_2(?X_6) .
21:07:59 [INFO] 25 / 37
21:07:59 [INFO]   II Add Fact Node and Edge
21:07:59 [INFO]   Added new fact R_38(<http://www.w3.org/2002/07/owl#someValuesFrom>, <http://www.w3.org/1999/02/22-rdf-syntax-ns#first>, c_25, "str_17", "str_28", 948629728715861918).
21:07:59 [INFO] 26 / 37
21:07:59 [INFO]   XI Add Contradictory Rule
21:07:59 [INFO]   Added new contradictory rule of name r_EQU_53
21:07:59 [INFO]   R_34(?X_1) :- R_15(c_21, ?X_1, ?Y_1, ?Y_1, ?X_1, ?Y_1), ~R_15(c_21, ?X_1, ?Y_1, ?Y_1, ?X_1, ?Y_1) .
21:07:59 [INFO] 27 / 37
21:07:59 [INFO]   VII Modify Rule - Add Equality
21:07:59 [INFO]   Replaced var ?X_1 with var ?X_2 in the rule r_GEN_21
21:07:59 [INFO] 28 / 37
21:07:59 [INFO]   XI Add Contradictory Rule
21:07:59 [INFO]   Added new contradictory rule of name r_EQU_54
21:07:59 [INFO]   R_16(?X_3, ?X_1, ?X_4, ?X_2) :- synEx(?X_3, ?Y_1, ?X_4), synEx(?X_2, ?X_4, ?X_1), ~synEx(?X_3, ?Y_1, ?X_4) .
21:07:59 [INFO] 29 / 37
21:07:59 [INFO]   I Add Relational Node
21:07:59 [INFO]   Added new relation R_41
21:07:59 [INFO] 30 / 37
21:07:59 [INFO]   IX Remove Fact Node and Edge
21:07:59 [INFO]   Removed fact R_9("str_24"). from the program
21:07:59 [INFO]   Removed fact R_9("str_24"). from the ADG.
21:07:59 [INFO] 31 / 37
21:07:59 [INFO]   Xa Remove Relational Node - Rule Variant
21:07:59 [INFO]   Removing relational node R_9
21:07:59 [INFO]   Removing the Rule of the name r_GEN_23
21:07:59 [INFO]   Removing the Rule of the name r_GEN_10
21:07:59 [INFO]   Removing at least 7 relational edges.
21:07:59 [INFO] 32 / 37
21:07:59 [INFO]   VII Modify Rule - Add Equality
21:07:59 [INFO]   Replaced var ?X_1 with var ?X_3 in the rule r_GEN_13
21:07:59 [INFO] 33 / 37
21:07:59 [INFO]   I Add Relational Node
21:07:59 [INFO]   Added new relation R_42
21:07:59 [INFO] 34 / 37
21:07:59 [INFO]   VIII Modify Rule - Remove Equality
21:07:59 [INFO]   Replaced a random number of var Y_1 with var Y_1_new_1 in the rule r_GEN_8
21:07:59 [INFO] 35 / 37
21:07:59 [INFO]   V Remove Relational Edges - Whole Rule
21:07:59 [INFO]   Removing the Rule of the name r_GEN_5
21:07:59 [INFO] 36 / 37
21:07:59 [INFO]   IV Add Relational Edge - New Literal
21:07:59 [INFO]   Generated literal R_25(?Z_4, "str_23", ?X_3, ?X_1_new_1, ?X_1) for rule r_GEN_36
21:07:59 [INFO] 37 / 37
21:07:59 [INFO]   V Remove Relational Edges - Whole Rule
21:07:59 [INFO]   Removing the Rule of the name r_GEN_32
21:07:59 [INFO] ----------------------------------------------
21:07:59 [INFO] ------------ Transformations Done ------------
21:07:59 [INFO] ----------------------------------------------
21:07:59 [INFO]  Ressources required: 
                galen-el.nt.gz
                
21:07:59 [INFO] ---------- Transformed ADG Summary: ----------
21:07:59 [INFO] ADG Fact Nodes:                  40
21:07:59 [INFO] ADG Relational Nodes:            64
21:07:59 [INFO] ADG Fact Edges:                  40
21:07:59 [INFO] ADG Relational Edges:            193
21:07:59 [INFO] Number of inv. Strata:           5
21:07:59 [INFO] 
21:07:59 [INFO] Nodes with None Ancestry:        31
21:07:59 [INFO] Nodes with Positive Ancestry:    15
21:07:59 [INFO] Nodes with Negative Ancestry:    5
21:07:59 [INFO] Nodes with Unknown Ancestry:     11
21:07:59 [INFO] 
21:07:59 [INFO] Next rule name would be:         r_EQU_55
21:07:59 [INFO] Next predicate name would be:    R_43
21:07:59 [INFO] Next constant name would be:     c_38
21:07:59 [INFO] Next string would be:            "str_29"
21:07:59 [INFO] 
21:07:59 [INFO] Output predicate:                R_OUT
21:07:59 [INFO] Rule count:                      78
21:07:59 [INFO] Average rel. arity:              3.2222222222222223
21:07:59 [INFO] Arity calc. may be inaccurate if arity > f64
21:07:59 [INFO] ----------------------------------------------
21:07:59 [INFO] 
21:07:59 [INFO] --------- Performed Transformations: ---------
21:07:59 [INFO]  #      Type
21:07:59 [INFO]  3      Failed Transformation Attempts
21:07:59 [INFO]  2      I     Add Relational Node
21:07:59 [INFO]  5      II    Add Fact Node and Edge
21:07:59 [INFO]  8      III   Add Relational edges - New Rule
21:07:59 [INFO]  4      IV    Add Relational Edge - New Literal
21:07:59 [INFO]  1      IX    Remove Fact Node and Edge
21:07:59 [INFO]  4      V     Remove Relational Edges - Whole Rule
21:07:59 [INFO]  0      VI    Remove Relational Edge - Single Literal
21:07:59 [INFO]  4      VII   Modify Rule - Add Equality
21:07:59 [INFO]  3      VIII  Modify Rule - Remove Equality
21:07:59 [INFO]  5      XI   Add Contradictory Rule
21:07:59 [INFO]  1      Xa     Remove Relational Node Rule Variant - None anc only
21:07:59 [INFO] ----------------------------------------------
21:07:59 [INFO] 
21:07:59 [INFO] Writing output ADG and file.
21:07:59 [INFO] 
21:07:59 [INFO] ----------------------------------------------
21:07:59 [INFO] -- Beginning Nemo Execution - Input Program --
21:07:59 [INFO] ----------------------------------------------
21:07:59 [INFO] Stratified program: [[0, 1, 2, 3, 4, 5, 6, 7, 8, 9, 10, 11, 12, 13, 14, 22, 23, 24, 26, 29, 32, 33, 34], [15, 16, 17, 18, 19, 20, 21, 25, 27, 28, 30, 31, 35, 36, 40], [37, 39], [38, 41, 42, 43, 44, 45, 46]]
21:07:59 [INFO] <<< STEP 1: APPLYING RULE 0 class(?O) :- TRIPLE(?X, ?P, ?O), ClassObject(?P) >>>
21:07:59 [INFO] Loading source RdfReader { read: "<unspecified std::io::Read>", variant: NTriples, base: None }
21:07:59 [INFO] Starting RDF import (format ntriples)
21:07:59 [INFO] Finished import: processed 245662 triples
21:08:00 [INFO] Loading source SimpleTable { arity: 1, data: [AnyDataValue(Iri(IriDataValue("http://www.w3.org/2002/07/owl#someValuesFrom"))), AnyDataValue(Iri(IriDataValue("http://www.w3.org/1999/02/22-rdf-syntax-ns#first"))), AnyDataValue(Iri(IriDataValue("http://www.w3.org/2000/01/rdf-schema#subClassOf"))), AnyDataValue(Iri(IriDataValue("http://www.w3.org/2002/07/owl#equivalentClass")))] }
21:08:00 [INFO] Execution step: Body
21:08:00 [INFO] Saved temporary table: 54932 entries (223128)
21:08:00 [INFO] Execution step: Duplicate Elimination (Datalog)
21:08:00 [INFO] Saved permanent table class (1) Permutation { idx_to_val: [], val_to_idx: [] } with 54932 entries (223176)
21:08:00 [INFO] Rule duration: 1071 ms
21:08:00 [INFO] <<< STEP 2: APPLYING RULE 0 class(?O) :- TRIPLE(?X, ?P, ?O), ClassObject(?P) >>>
21:08:00 [INFO] Execution step: Body
21:08:00 [INFO] Trie does not contain any elements
21:08:00 [INFO] Execution step: Duplicate Elimination (Datalog)
21:08:00 [INFO] Trie does not contain any elements
21:08:00 [INFO] Rule duration: 0 ms
21:08:00 [INFO] <<< STEP 3: APPLYING RULE 1 class(?X) :- TRIPLE(?X, ?P, ?O), ClassSubject(?P) >>>
21:08:00 [INFO] Loading source SimpleTable { arity: 1, data: [AnyDataValue(Iri(IriDataValue("http://www.w3.org/2000/01/rdf-schema#subClassOf"))), AnyDataValue(Iri(IriDataValue("http://www.w3.org/2002/07/owl#equivalentClass")))] }
21:08:00 [INFO] Execution step: Body
21:08:00 [INFO] Saved temporary table: 23117 entries (95868)
21:08:00 [INFO] Execution step: Duplicate Elimination (Datalog)
21:08:00 [INFO] Saved permanent table class (3) Permutation { idx_to_val: [], val_to_idx: [] } with 13170 entries (56128)
21:08:00 [INFO] Rule duration: 12 ms
21:08:00 [INFO] <<< STEP 4: APPLYING RULE 1 class(?X) :- TRIPLE(?X, ?P, ?O), ClassSubject(?P) >>>
21:08:00 [INFO] Execution step: Body
21:08:00 [INFO] Trie does not contain any elements
21:08:00 [INFO] Execution step: Duplicate Elimination (Datalog)
21:08:00 [INFO] Trie does not contain any elements
21:08:00 [INFO] Rule duration: 0 ms
21:08:00 [INFO] <<< STEP 5: APPLYING RULE 2 synEx(?Y, ?P, ?X), auxClass(?X) :- TRIPLE(?X, ?_BODY_1, ?Y), TRIPLE(?X, ?_BODY_2, ?P), Equal(?_BODY_1, <http://www.w3.org/2002/07/owl#someValuesFrom>), Equal(?_BODY_2, <http://www.w3.org/2002/07/owl#onProperty>) >>>
21:08:00 [INFO] Execution step: Body
21:08:00 [INFO] Saved temporary table: 29618 entries (121872)
21:08:00 [INFO] Saved temporary table: 29618 entries (468332)
21:08:00 [INFO] Execution step: Duplicate Elimination (Datalog)
21:08:00 [INFO] Saved permanent table auxClass (5) Permutation { idx_to_val: [], val_to_idx: [] } with 29618 entries (121920)
21:08:00 [INFO] Execution step: Duplicate Elimination (Datalog)
21:08:00 [INFO] Saved permanent table synEx (5) Permutation { idx_to_val: [], val_to_idx: [] } with 29618 entries (468380)
21:08:00 [INFO] Rule duration: 166 ms
21:08:00 [INFO] <<< STEP 6: APPLYING RULE 2 synEx(?Y, ?P, ?X), auxClass(?X) :- TRIPLE(?X, ?_BODY_1, ?Y), TRIPLE(?X, ?_BODY_2, ?P), Equal(?_BODY_1, <http://www.w3.org/2002/07/owl#someValuesFrom>), Equal(?_BODY_2, <http://www.w3.org/2002/07/owl#onProperty>) >>>
21:08:00 [INFO] Execution step: Body
21:08:00 [INFO] Trie does not contain any elements
21:08:00 [INFO] Trie does not contain any elements
21:08:00 [INFO] Execution step: Duplicate Elimination (Datalog)
21:08:00 [INFO] Trie does not contain any elements
21:08:00 [INFO] Execution step: Duplicate Elimination (Datalog)
21:08:00 [INFO] Trie does not contain any elements
21:08:00 [INFO] Rule duration: 0 ms
21:08:00 [INFO] <<< STEP 7: APPLYING RULE 3 next(?L1, ?L2) :- TRIPLE(?L1, ?_BODY_1, ?L2), Equal(?_BODY_1, <http://www.w3.org/1999/02/22-rdf-syntax-ns#rest>) >>>
21:08:00 [INFO] Execution step: Body
21:08:00 [INFO] Saved temporary table: 32739 entries (269100)
21:08:00 [INFO] Execution step: Duplicate Elimination (Datalog)
21:08:00 [INFO] Saved permanent table next (7) Permutation { idx_to_val: [], val_to_idx: [] } with 32739 entries (269148)
21:08:00 [INFO] Rule duration: 103 ms
21:08:00 [INFO] <<< STEP 8: APPLYING RULE 3 next(?L1, ?L2) :- TRIPLE(?L1, ?_BODY_1, ?L2), Equal(?_BODY_1, <http://www.w3.org/1999/02/22-rdf-syntax-ns#rest>) >>>
21:08:00 [INFO] Execution step: Body
21:08:00 [INFO] Trie does not contain any elements
21:08:00 [INFO] Execution step: Duplicate Elimination (Datalog)
21:08:00 [INFO] Trie does not contain any elements
21:08:00 [INFO] Rule duration: 0 ms
21:08:00 [INFO] <<< STEP 9: APPLYING RULE 4 first(?L1) :- TRIPLE(?X, ?_BODY_1, ?L1), Equal(?_BODY_1, <http://www.w3.org/2002/07/owl#intersectionOf>) >>>
21:08:00 [INFO] Execution step: Body
21:08:00 [INFO] Saved temporary table: 15348 entries (64792)
21:08:00 [INFO] Execution step: Duplicate Elimination (Datalog)
21:08:00 [INFO] Saved permanent table first (9) Permutation { idx_to_val: [], val_to_idx: [] } with 15348 entries (64840)
21:08:00 [INFO] Rule duration: 5 ms
21:08:00 [INFO] <<< STEP 10: APPLYING RULE 4 first(?L1) :- TRIPLE(?X, ?_BODY_1, ?L1), Equal(?_BODY_1, <http://www.w3.org/2002/07/owl#intersectionOf>) >>>
21:08:00 [INFO] Execution step: Body
21:08:00 [INFO] Trie does not contain any elements
21:08:00 [INFO] Execution step: Duplicate Elimination (Datalog)
21:08:00 [INFO] Trie does not contain any elements
21:08:00 [INFO] Rule duration: 0 ms
21:08:00 [INFO] <<< STEP 11: APPLYING RULE 5 nonfirst(?L2) :- first(?L1), next(?L1, ?L2) >>>
21:08:00 [INFO] Execution step: Body
21:08:00 [INFO] Saved temporary table: 15348 entries (64792)
21:08:00 [INFO] Execution step: Duplicate Elimination (Datalog)
21:08:00 [INFO] Saved permanent table nonfirst (11) Permutation { idx_to_val: [], val_to_idx: [] } with 15348 entries (64840)
21:08:00 [INFO] Rule duration: 6 ms
21:08:00 [INFO] <<< STEP 12: APPLYING RULE 5 nonfirst(?L2) :- first(?L1), next(?L1, ?L2) >>>
21:08:00 [INFO] Execution step: Body
21:08:00 [INFO] Trie does not contain any elements
21:08:00 [INFO] Execution step: Duplicate Elimination (Datalog)
21:08:00 [INFO] Trie does not contain any elements
21:08:00 [INFO] Rule duration: 0 ms
21:08:00 [INFO] <<< STEP 13: APPLYING RULE 6 nonfirst(?L2) :- nonfirst(?L1), next(?L1, ?L2) >>>
21:08:00 [INFO] Execution step: Body
21:08:00 [INFO] Saved temporary table: 1719 entries (10276)
21:08:00 [INFO] Execution step: Duplicate Elimination (Datalog)
21:08:00 [INFO] Saved permanent table nonfirst (13) Permutation { idx_to_val: [], val_to_idx: [] } with 1719 entries (10324)
21:08:00 [INFO] Rule duration: 3 ms
21:08:00 [INFO] <<< STEP 14: APPLYING RULE 6 nonfirst(?L2) :- nonfirst(?L1), next(?L1, ?L2) >>>
21:08:00 [INFO] Execution step: Body
21:08:00 [INFO] Saved temporary table: 298 entries (4592)
21:08:00 [INFO] Execution step: Duplicate Elimination (Datalog)
21:08:00 [INFO] Saved permanent table nonfirst (14) Permutation { idx_to_val: [], val_to_idx: [] } with 297 entries (4636)
21:08:00 [INFO] Rule duration: 0 ms
21:08:00 [INFO] <<< STEP 15: APPLYING RULE 6 nonfirst(?L2) :- nonfirst(?L1), next(?L1, ?L2) >>>
21:08:00 [INFO] Execution step: Body
21:08:00 [INFO] Saved temporary table: 26 entries (3504)
21:08:00 [INFO] Execution step: Duplicate Elimination (Datalog)
21:08:00 [INFO] Saved permanent table nonfirst (15) Permutation { idx_to_val: [], val_to_idx: [] } with 25 entries (3548)
21:08:00 [INFO] Rule duration: 0 ms
21:08:00 [INFO] <<< STEP 16: APPLYING RULE 6 nonfirst(?L2) :- nonfirst(?L1), next(?L1, ?L2) >>>
21:08:00 [INFO] Execution step: Body
21:08:00 [INFO] Saved temporary table: 4 entries (3416)
21:08:00 [INFO] Execution step: Duplicate Elimination (Datalog)
21:08:00 [INFO] Saved permanent table nonfirst (16) Permutation { idx_to_val: [], val_to_idx: [] } with 3 entries (3460)
21:08:00 [INFO] Rule duration: 0 ms
21:08:00 [INFO] <<< STEP 17: APPLYING RULE 6 nonfirst(?L2) :- nonfirst(?L1), next(?L1, ?L2) >>>
21:08:00 [INFO] Execution step: Body
21:08:00 [INFO] Saved temporary table: 1 entries (3404)
21:08:00 [INFO] Execution step: Duplicate Elimination (Datalog)
21:08:00 [INFO] Trie does not contain any elements
21:08:00 [INFO] Rule duration: 0 ms
21:08:00 [INFO] <<< STEP 18: APPLYING RULE 7 last(?Ln) :- next(?Ln, ?_BODY_1), Equal(?_BODY_1, <http://www.w3.org/1999/02/22-rdf-syntax-ns#nil>) >>>
21:08:00 [INFO] Execution step: Body
21:08:00 [INFO] Saved temporary table: 15348 entries (64792)
21:08:00 [INFO] Execution step: Duplicate Elimination (Datalog)
21:08:00 [INFO] Saved permanent table last (18) Permutation { idx_to_val: [], val_to_idx: [] } with 15348 entries (64840)
21:08:00 [INFO] Rule duration: 13 ms
21:08:00 [INFO] <<< STEP 19: APPLYING RULE 7 last(?Ln) :- next(?Ln, ?_BODY_1), Equal(?_BODY_1, <http://www.w3.org/1999/02/22-rdf-syntax-ns#nil>) >>>
21:08:00 [INFO] Execution step: Body
21:08:00 [INFO] Trie does not contain any elements
21:08:00 [INFO] Execution step: Duplicate Elimination (Datalog)
21:08:00 [INFO] Trie does not contain any elements
21:08:00 [INFO] Rule duration: 0 ms
21:08:00 [INFO] <<< STEP 20: APPLYING RULE 8 nonlast(?L) :- next(?L, ?Ln), last(?Ln) >>>
21:08:00 [INFO] Execution step: Body
21:08:00 [INFO] Saved temporary table: 15348 entries (64792)
21:08:00 [INFO] Execution step: Duplicate Elimination (Datalog)
21:08:00 [INFO] Saved permanent table nonlast (20) Permutation { idx_to_val: [], val_to_idx: [] } with 15348 entries (64840)
21:08:00 [INFO] Rule duration: 6 ms
21:08:00 [INFO] <<< STEP 21: APPLYING RULE 8 nonlast(?L) :- next(?L, ?Ln), last(?Ln) >>>
21:08:00 [INFO] Execution step: Body
21:08:00 [INFO] Trie does not contain any elements
21:08:00 [INFO] Execution step: Duplicate Elimination (Datalog)
21:08:00 [INFO] Trie does not contain any elements
21:08:00 [INFO] Rule duration: 0 ms
21:08:00 [INFO] <<< STEP 22: APPLYING RULE 9 nonlast(?L1) :- next(?L1, ?L2), nonlast(?L2) >>>
21:08:00 [INFO] Execution step: Body
21:08:00 [INFO] Saved temporary table: 1718 entries (10272)
21:08:00 [INFO] Execution step: Duplicate Elimination (Datalog)
21:08:00 [INFO] Saved permanent table nonlast (22) Permutation { idx_to_val: [], val_to_idx: [] } with 1718 entries (10320)
21:08:00 [INFO] Rule duration: 1 ms
21:08:00 [INFO] <<< STEP 23: APPLYING RULE 9 nonlast(?L1) :- next(?L1, ?L2), nonlast(?L2) >>>
21:08:00 [INFO] Execution step: Body
21:08:00 [INFO] Saved temporary table: 297 entries (4588)
21:08:00 [INFO] Execution step: Duplicate Elimination (Datalog)
21:08:00 [INFO] Saved permanent table nonlast (23) Permutation { idx_to_val: [], val_to_idx: [] } with 297 entries (4636)
21:08:00 [INFO] Rule duration: 0 ms
21:08:00 [INFO] <<< STEP 24: APPLYING RULE 9 nonlast(?L1) :- next(?L1, ?L2), nonlast(?L2) >>>
21:08:00 [INFO] Execution step: Body
21:08:00 [INFO] Saved temporary table: 25 entries (3500)
21:08:00 [INFO] Execution step: Duplicate Elimination (Datalog)
21:08:00 [INFO] Saved permanent table nonlast (24) Permutation { idx_to_val: [], val_to_idx: [] } with 25 entries (3548)
21:08:00 [INFO] Rule duration: 0 ms
21:08:00 [INFO] <<< STEP 25: APPLYING RULE 9 nonlast(?L1) :- next(?L1, ?L2), nonlast(?L2) >>>
21:08:00 [INFO] Execution step: Body
21:08:00 [INFO] Saved temporary table: 3 entries (3412)
21:08:00 [INFO] Execution step: Duplicate Elimination (Datalog)
21:08:00 [INFO] Saved permanent table nonlast (25) Permutation { idx_to_val: [], val_to_idx: [] } with 3 entries (3460)
21:08:00 [INFO] Rule duration: 0 ms
21:08:00 [INFO] <<< STEP 26: APPLYING RULE 9 nonlast(?L1) :- next(?L1, ?L2), nonlast(?L2) >>>
21:08:00 [INFO] Execution step: Body
21:08:00 [INFO] Trie does not contain any elements
21:08:00 [INFO] Execution step: Duplicate Elimination (Datalog)
21:08:00 [INFO] Trie does not contain any elements
21:08:00 [INFO] Rule duration: 0 ms
21:08:00 [INFO] <<< STEP 27: APPLYING RULE 10 in(?L, ?C) :- TRIPLE(?L, ?_BODY_1, ?C), Equal(?_BODY_1, <http://www.w3.org/1999/02/22-rdf-syntax-ns#first>) >>>
21:08:00 [INFO] Execution step: Body
21:08:00 [INFO] Saved temporary table: 32739 entries (269100)
21:08:00 [INFO] Execution step: Duplicate Elimination (Datalog)
21:08:00 [INFO] Saved permanent table in (27) Permutation { idx_to_val: [], val_to_idx: [] } with 32739 entries (269148)
21:08:00 [INFO] Rule duration: 11 ms
21:08:00 [INFO] <<< STEP 28: APPLYING RULE 10 in(?L, ?C) :- TRIPLE(?L, ?_BODY_1, ?C), Equal(?_BODY_1, <http://www.w3.org/1999/02/22-rdf-syntax-ns#first>) >>>
21:08:00 [INFO] Execution step: Body
21:08:00 [INFO] Trie does not contain any elements
21:08:00 [INFO] Execution step: Duplicate Elimination (Datalog)
21:08:00 [INFO] Trie does not contain any elements
21:08:00 [INFO] Rule duration: 0 ms
21:08:00 [INFO] <<< STEP 29: APPLYING RULE 11 synConj(?X, ?C1, ?C2), auxClass(?X) :- TRIPLE(?X, ?_BODY_1, ?L1), next(?L1, ?L2), last(?L2), in(?L1, ?C1), in(?L2, ?C2), Equal(?_BODY_1, <http://www.w3.org/2002/07/owl#intersectionOf>) >>>
21:08:00 [INFO] Execution step: Body
21:08:00 [INFO] Saved temporary table: 13630 entries (57920)
21:08:00 [INFO] Saved temporary table: 13630 entries (174536)
21:08:00 [INFO] Execution step: Duplicate Elimination (Datalog)
21:08:00 [INFO] Saved permanent table auxClass (29) Permutation { idx_to_val: [], val_to_idx: [] } with 13630 entries (57968)
21:08:00 [INFO] Execution step: Duplicate Elimination (Datalog)
21:08:00 [INFO] Saved permanent table synConj (29) Permutation { idx_to_val: [], val_to_idx: [] } with 13630 entries (174584)
21:08:00 [INFO] Rule duration: 79 ms
21:08:00 [INFO] <<< STEP 30: APPLYING RULE 11 synConj(?X, ?C1, ?C2), auxClass(?X) :- TRIPLE(?X, ?_BODY_1, ?L1), next(?L1, ?L2), last(?L2), in(?L1, ?C1), in(?L2, ?C2), Equal(?_BODY_1, <http://www.w3.org/2002/07/owl#intersectionOf>) >>>
21:08:00 [INFO] Execution step: Body
21:08:00 [INFO] Trie does not contain any elements
21:08:00 [INFO] Trie does not contain any elements
21:08:00 [INFO] Execution step: Duplicate Elimination (Datalog)
21:08:00 [INFO] Trie does not contain any elements
21:08:00 [INFO] Execution step: Duplicate Elimination (Datalog)
21:08:00 [INFO] Trie does not contain any elements
21:08:00 [INFO] Rule duration: 0 ms
21:08:00 [INFO] <<< STEP 31: APPLYING RULE 12 synConj(?X, ?C1, ?L2), auxClass(?X) :- TRIPLE(?X, ?_BODY_1, ?L1), next(?L1, ?L2), nonlast(?L2), in(?L1, ?C1), Equal(?_BODY_1, <http://www.w3.org/2002/07/owl#intersectionOf>) >>>
21:08:00 [INFO] Execution step: Body
21:08:00 [INFO] Saved temporary table: 1718 entries (10272)
21:08:00 [INFO] Saved temporary table: 1718 entries (31592)
21:08:00 [INFO] Execution step: Duplicate Elimination (Datalog)
21:08:00 [INFO] Saved permanent table auxClass (31) Permutation { idx_to_val: [], val_to_idx: [] } with 1718 entries (10320)
21:08:00 [INFO] Execution step: Duplicate Elimination (Datalog)
21:08:00 [INFO] Saved permanent table synConj (31) Permutation { idx_to_val: [], val_to_idx: [] } with 1718 entries (31640)
21:08:00 [INFO] Rule duration: 18 ms
21:08:00 [INFO] <<< STEP 32: APPLYING RULE 12 synConj(?X, ?C1, ?L2), auxClass(?X) :- TRIPLE(?X, ?_BODY_1, ?L1), next(?L1, ?L2), nonlast(?L2), in(?L1, ?C1), Equal(?_BODY_1, <http://www.w3.org/2002/07/owl#intersectionOf>) >>>
21:08:00 [INFO] Execution step: Body
21:08:00 [INFO] Trie does not contain any elements
21:08:00 [INFO] Trie does not contain any elements
21:08:00 [INFO] Execution step: Duplicate Elimination (Datalog)
21:08:00 [INFO] Trie does not contain any elements
21:08:00 [INFO] Execution step: Duplicate Elimination (Datalog)
21:08:00 [INFO] Trie does not contain any elements
21:08:00 [INFO] Rule duration: 0 ms
21:08:00 [INFO] <<< STEP 33: APPLYING RULE 13 synConj(?L1, ?C1, ?L2), auxClass(?L1) :- nonfirst(?L1), next(?L1, ?L2), nonlast(?L2), in(?L1, ?C1) >>>
21:08:00 [INFO] Execution step: Body
21:08:00 [INFO] Saved temporary table: 325 entries (4700)
21:08:00 [INFO] Saved temporary table: 325 entries (14876)
21:08:00 [INFO] Execution step: Duplicate Elimination (Datalog)
21:08:00 [INFO] Saved permanent table auxClass (33) Permutation { idx_to_val: [], val_to_idx: [] } with 325 entries (4748)
21:08:00 [INFO] Execution step: Duplicate Elimination (Datalog)
21:08:00 [INFO] Saved permanent table synConj (33) Permutation { idx_to_val: [], val_to_idx: [] } with 325 entries (14924)
21:08:00 [INFO] Rule duration: 7 ms
21:08:00 [INFO] <<< STEP 34: APPLYING RULE 13 synConj(?L1, ?C1, ?L2), auxClass(?L1) :- nonfirst(?L1), next(?L1, ?L2), nonlast(?L2), in(?L1, ?C1) >>>
21:08:00 [INFO] Execution step: Body
21:08:00 [INFO] Trie does not contain any elements
21:08:00 [INFO] Trie does not contain any elements
21:08:00 [INFO] Execution step: Duplicate Elimination (Datalog)
21:08:00 [INFO] Trie does not contain any elements
21:08:00 [INFO] Execution step: Duplicate Elimination (Datalog)
21:08:00 [INFO] Trie does not contain any elements
21:08:00 [INFO] Rule duration: 0 ms
21:08:00 [INFO] <<< STEP 35: APPLYING RULE 14 synConj(?L1, ?C1, ?C2), auxClass(?L1) :- nonfirst(?L1), next(?L1, ?L2), last(?L2), in(?L1, ?C1), in(?L2, ?C2) >>>
21:08:00 [INFO] Execution step: Body
21:08:00 [INFO] Saved temporary table: 1718 entries (31592)
21:08:00 [INFO] Saved temporary table: 1718 entries (10272)
21:08:00 [INFO] Execution step: Duplicate Elimination (Datalog)
21:08:00 [INFO] Saved permanent table synConj (35) Permutation { idx_to_val: [], val_to_idx: [] } with 1718 entries (31640)
21:08:00 [INFO] Execution step: Duplicate Elimination (Datalog)
21:08:00 [INFO] Saved permanent table auxClass (35) Permutation { idx_to_val: [], val_to_idx: [] } with 1718 entries (10320)
21:08:00 [INFO] Rule duration: 14 ms
21:08:00 [INFO] <<< STEP 36: APPLYING RULE 14 synConj(?L1, ?C1, ?C2), auxClass(?L1) :- nonfirst(?L1), next(?L1, ?L2), last(?L2), in(?L1, ?C1), in(?L2, ?C2) >>>
21:08:00 [INFO] Execution step: Body
21:08:00 [INFO] Trie does not contain any elements
21:08:00 [INFO] Trie does not contain any elements
21:08:00 [INFO] Execution step: Duplicate Elimination (Datalog)
21:08:00 [INFO] Trie does not contain any elements
21:08:00 [INFO] Execution step: Duplicate Elimination (Datalog)
21:08:00 [INFO] Trie does not contain any elements
21:08:00 [INFO] Rule duration: 0 ms
21:08:00 [INFO] <<< STEP 37: APPLYING RULE 22 http://rulewerk.semantic-web.org/normalForm/subPropChain(?S, ?T, ?R), http://rulewerk.semantic-web.org/normalForm/subProp(?R, ?R) :- TRIPLE(?L, ?_BODY_1, ?R), TRIPLE(?L, ?_BODY_2, ?L1), in(?L1, ?S), next(?L1, ?L2), in(?L2, ?T), Equal(?_BODY_1, <http://www.w3.org/2000/01/rdf-schema#subPropertyOf>), Equal(?_BODY_2, <http://www.w3.org/2002/07/owl#propertyChain>) >>>
21:08:00 [INFO] Execution step: Body
21:08:00 [INFO] Trie does not contain any elements
21:08:00 [INFO] Trie does not contain any elements
21:08:00 [INFO] Execution step: Duplicate Elimination (Datalog)
21:08:00 [INFO] Trie does not contain any elements
21:08:00 [INFO] Execution step: Duplicate Elimination (Datalog)
21:08:00 [INFO] Trie does not contain any elements
21:08:00 [INFO] Rule duration: 90 ms
21:08:00 [INFO] <<< STEP 38: APPLYING RULE 23 prepareSco(?X, ?Y) :- TRIPLE(?X, ?_BODY_1, ?Y), Equal(?_BODY_1, <http://www.w3.org/2000/01/rdf-schema#subClassOf>) >>>
21:08:00 [INFO] Execution step: Body
21:08:00 [INFO] Saved temporary table: 25563 entries (290582)
21:08:00 [INFO] Execution step: Duplicate Elimination (Datalog)
21:08:00 [INFO] Saved permanent table prepareSco (38) Permutation { idx_to_val: [], val_to_idx: [] } with 25563 entries (290630)
21:08:00 [INFO] Rule duration: 7 ms
21:08:00 [INFO] <<< STEP 39: APPLYING RULE 23 prepareSco(?X, ?Y) :- TRIPLE(?X, ?_BODY_1, ?Y), Equal(?_BODY_1, <http://www.w3.org/2000/01/rdf-schema#subClassOf>) >>>
21:08:00 [INFO] Execution step: Body
21:08:00 [INFO] Trie does not contain any elements
21:08:00 [INFO] Execution step: Duplicate Elimination (Datalog)
21:08:00 [INFO] Trie does not contain any elements
21:08:00 [INFO] Rule duration: 0 ms
21:08:00 [INFO] <<< STEP 40: APPLYING RULE 24 prepareSco(?X, ?Y), prepareSco(?Y, ?X) :- TRIPLE(?X, ?_BODY_1, ?Y), Equal(?_BODY_1, <http://www.w3.org/2002/07/owl#equivalentClass>) >>>
21:08:00 [INFO] Execution step: Body
21:08:00 [INFO] Saved temporary table: 9968 entries (86932)
21:08:00 [INFO] Saved temporary table: 9968 entries (86932)
21:08:00 [INFO] Execution step: Duplicate Elimination (Datalog)
21:08:00 [INFO] Saved permanent table prepareSco (40) Permutation { idx_to_val: [], val_to_idx: [] } with 19936 entries (166724)
21:08:00 [INFO] Rule duration: 11 ms
21:08:00 [INFO] <<< STEP 41: APPLYING RULE 24 prepareSco(?X, ?Y), prepareSco(?Y, ?X) :- TRIPLE(?X, ?_BODY_1, ?Y), Equal(?_BODY_1, <http://www.w3.org/2002/07/owl#equivalentClass>) >>>
21:08:00 [INFO] Execution step: Body
21:08:00 [INFO] Trie does not contain any elements
21:08:00 [INFO] Trie does not contain any elements
21:08:00 [INFO] Execution step: Duplicate Elimination (Datalog)
21:08:00 [INFO] Trie does not contain any elements
21:08:00 [INFO] Rule duration: 0 ms
21:08:00 [INFO] <<< STEP 42: APPLYING RULE 26 http://rulewerk.semantic-web.org/normalForm/subClassOf(!C, <http://www.w3.org/2002/07/owl#Nothing>), http://rulewerk.semantic-web.org/normalForm/conj(!C, ?X, ?Y), http://rulewerk.semantic-web.org/normalForm/isSubClass(!C), http://rulewerk.semantic-web.org/normalForm/isSubClass(?X), http://rulewerk.semantic-web.org/normalForm/isSubClass(?Y) :- TRIPLE(?X, ?_BODY_1, ?Y), Equal(?_BODY_1, <http://www.w3.org/2002/07/owl#disjointWith>) >>>
21:08:00 [INFO] Execution step: Project/Reorder
21:08:00 [INFO] Trie does not contain any elements
21:08:00 [INFO] Execution step: Body
21:08:00 [INFO] Trie does not contain any elements
21:08:00 [INFO] Trie does not contain any elements
21:08:00 [INFO] Trie does not contain any elements
21:08:00 [INFO] Execution step: Head (Restricted): Updated Sat. Frontier
21:08:00 [INFO] Trie does not contain any elements
21:08:00 [INFO] Execution step: Head (Restricted): Nulls
21:08:00 [INFO] Trie does not contain any elements
21:08:00 [INFO] Trie does not contain any elements
21:08:00 [INFO] Trie does not contain any elements
21:08:00 [INFO] Execution step: Duplicate Elimination (Datalog)
21:08:00 [INFO] Trie does not contain any elements
21:08:00 [INFO] Execution step: Duplicate Elimination (Datalog)
21:08:00 [INFO] Trie does not contain any elements
21:08:00 [INFO] Execution step: Duplicate Elimination (Datalog)
21:08:00 [INFO] Trie does not contain any elements
21:08:00 [INFO] Rule duration: 0 ms
21:08:00 [INFO] <<< STEP 43: APPLYING RULE 29 directSubProp(?R, ?S) :- TRIPLE(?R, ?_BODY_1, ?S), Equal(?_BODY_1, <http://www.w3.org/2000/01/rdf-schema#subPropertyOf>) >>>
21:08:00 [INFO] Execution step: Body
21:08:00 [INFO] Saved temporary table: 958 entries (22218)
21:08:00 [INFO] Execution step: Duplicate Elimination (Datalog)
21:08:00 [INFO] Saved permanent table directSubProp (43) Permutation { idx_to_val: [], val_to_idx: [] } with 958 entries (22266)
21:08:00 [INFO] Rule duration: 0 ms
21:08:00 [INFO] <<< STEP 44: APPLYING RULE 29 directSubProp(?R, ?S) :- TRIPLE(?R, ?_BODY_1, ?S), Equal(?_BODY_1, <http://www.w3.org/2000/01/rdf-schema#subPropertyOf>) >>>
21:08:00 [INFO] Execution step: Body
21:08:00 [INFO] Trie does not contain any elements
21:08:00 [INFO] Execution step: Duplicate Elimination (Datalog)
21:08:00 [INFO] Trie does not contain any elements
21:08:00 [INFO] Rule duration: 0 ms
21:08:00 [INFO] <<< STEP 45: APPLYING RULE 32 R_5(?X_2, ?X_3, <http://www.w3.org/2002/07/owl#equivalentClass>) :- nonfirst(?X_2), nonfirst(?X_3), nonfirst(?_BODY_1), Equal(?_BODY_1, <http://www.w3.org/2002/07/owl#equivalentClass>) >>>
21:08:00 [INFO] Execution step: Body
21:09:59 [INFO] Trie does not contain any elements
21:09:59 [INFO] Execution step: Duplicate Elimination (Datalog)
21:09:59 [INFO] Trie does not contain any elements
21:09:59 [INFO] Rule duration: 95584 ms
21:09:59 [INFO] <<< STEP 46: APPLYING RULE 33 R_6(?X_1, ?X_4, ?X_3, <http://www.w3.org/2002/07/owl#intersectionOf>) :- http://rulewerk.semantic-web.org/normalForm/subPropChain(?X_1, ?_BODY_1, ?X_3), http://rulewerk.semantic-web.org/normalForm/subPropChain(?_BODY_2, ?X_3, ?X_4), Equal(?_BODY_1, <http://www.w3.org/2000/01/rdf-schema#subClassOf>), Equal(?_BODY_2, <http://www.w3.org/2002/07/owl#intersectionOf>) >>>
21:09:59 [INFO] Execution step: Body
21:09:59 [INFO] Trie does not contain any elements
21:09:59 [INFO] Execution step: Duplicate Elimination (Datalog)
21:09:59 [INFO] Trie does not contain any elements
21:09:59 [INFO] Rule duration: 2 ms
21:09:59 [INFO] <<< STEP 47: APPLYING RULE 34 R_8(?X_5, ?X_1, ?X_3, ?X_6, ?X_2, <http://www.w3.org/2002/07/owl#someValuesFrom>) :- R_5(?X_5, ?X_1, ?X_3), R_5(?X_6, ?X_2, ?_BODY_1), Equal(?_BODY_1, <http://www.w3.org/2002/07/owl#someValuesFrom>) >>>
21:09:59 [INFO] Execution step: Body
21:09:59 [INFO] Trie does not contain any elements
21:09:59 [INFO] Execution step: Duplicate Elimination (Datalog)
21:09:59 [INFO] Trie does not contain any elements
21:09:59 [INFO] Rule duration: 0 ms
21:09:59 [INFO] <<< STEP 48: APPLYING RULE 15 http://rulewerk.semantic-web.org/normalForm/isMainClass(?X) :- class(?X), auxClass(?X) >>>
21:09:59 [INFO] Execution step: Project/Reorder
21:09:59 [INFO] Saved temporary table: 47009 entries (191484)
21:09:59 [INFO] Execution step: Body
21:09:59 [INFO] Saved temporary table: 23136 entries (95944)
21:09:59 [INFO] Execution step: Duplicate Elimination (Datalog)
21:09:59 [INFO] Saved permanent table http://rulewerk.semantic-web.org/normalForm/isMainClass (48) Permutation { idx_to_val: [], val_to_idx: [] } with 23136 entries (95992)
21:09:59 [INFO] Rule duration: 15 ms
21:09:59 [INFO] <<< STEP 49: APPLYING RULE 15 http://rulewerk.semantic-web.org/normalForm/isMainClass(?X) :- class(?X), auxClass(?X) >>>
21:09:59 [INFO] Execution step: Project/Reorder
21:09:59 [INFO] Saved temporary table: 47009 entries (191484)
21:09:59 [INFO] Execution step: Body
21:09:59 [INFO] Trie does not contain any elements
21:09:59 [INFO] Execution step: Duplicate Elimination (Datalog)
21:09:59 [INFO] Trie does not contain any elements
21:09:59 [INFO] Rule duration: 3 ms
21:09:59 [INFO] <<< STEP 50: APPLYING RULE 16 repOf(?X, ?X) :- http://rulewerk.semantic-web.org/normalForm/isMainClass(?X) >>>
21:09:59 [INFO] Execution step: Body
21:09:59 [INFO] Saved temporary table: 23136 entries (95944)
21:09:59 [INFO] Execution step: Duplicate Elimination (Datalog)
21:09:59 [INFO] Saved permanent table repOf (50) Permutation { idx_to_val: [], val_to_idx: [] } with 23136 entries (192324)
21:09:59 [INFO] Rule duration: 5 ms
21:09:59 [INFO] <<< STEP 51: APPLYING RULE 16 repOf(?X, ?X) :- http://rulewerk.semantic-web.org/normalForm/isMainClass(?X) >>>
21:09:59 [INFO] Execution step: Body
21:09:59 [INFO] Trie does not contain any elements
21:09:59 [INFO] Execution step: Duplicate Elimination (Datalog)
21:09:59 [INFO] Trie does not contain any elements
21:09:59 [INFO] Rule duration: 0 ms
21:09:59 [INFO] <<< STEP 52: APPLYING RULE 17 synExRep(?X, ?P, ?Rep) :- synEx(?Y, ?P, ?X), repOf(?Y, ?Rep) >>>
21:10:00 [INFO] Execution step: Body
21:10:00 [INFO] Saved temporary table: 24249 entries (301964)
21:10:00 [INFO] Execution step: Duplicate Elimination (Datalog)
21:10:00 [INFO] Saved permanent table synExRep (52) Permutation { idx_to_val: [], val_to_idx: [] } with 24249 entries (302012)
21:10:00 [INFO] Rule duration: 39 ms
21:10:00 [INFO] <<< STEP 53: APPLYING RULE 18 http://rulewerk.semantic-web.org/normalForm/exists(!New, ?P, ?Rep) :- synExRep(?X, ?P, ?Rep) >>>
21:10:00 [INFO] Execution step: Project/Reorder
21:10:00 [INFO] Trie does not contain any elements
21:10:00 [INFO] Execution step: Body
21:10:00 [INFO] Saved temporary table: 11233 entries (55794)
21:10:00 [INFO] Execution step: Head (Restricted): Updated Sat. Frontier
21:10:00 [INFO] Saved permanent table Restricted Chase Helper Table with 11233 entries (55842)
21:10:00 [INFO] Execution step: Head (Restricted): Nulls
21:10:00 [INFO] Saved temporary table: 11233 entries (100902)
21:10:00 [INFO] Execution step: Duplicate Elimination (Datalog)
21:10:00 [INFO] Saved permanent table http://rulewerk.semantic-web.org/normalForm/exists (53) Permutation { idx_to_val: [], val_to_idx: [] } with 11233 entries (100950)
21:10:00 [INFO] Rule duration: 33 ms
21:10:00 [INFO] <<< STEP 54: APPLYING RULE 19 repOf(?X, ?N) :- synExRep(?X, ?P, ?Rep), http://rulewerk.semantic-web.org/normalForm/exists(?N, ?P, ?Rep) >>>
21:10:00 [INFO] Execution step: Body
21:10:00 [INFO] Saved temporary table: 24249 entries (201180)
21:10:00 [INFO] Execution step: Duplicate Elimination (Datalog)
21:10:00 [INFO] Saved permanent table repOf (54) Permutation { idx_to_val: [], val_to_idx: [] } with 24249 entries (201228)
21:10:00 [INFO] Rule duration: 31 ms
21:10:00 [INFO] <<< STEP 55: APPLYING RULE 20 http://rulewerk.semantic-web.org/normalForm/conj(!New, ?R1, ?R2) :- synConj(?X, ?C1, ?C2), repOf(?C1, ?R1), repOf(?C2, ?R2) >>>
21:10:00 [INFO] Execution step: Project/Reorder
21:10:00 [INFO] Trie does not contain any elements
21:10:00 [INFO] Execution step: Body
21:10:00 [INFO] Saved temporary table: 8647 entries (73026)
21:10:00 [INFO] Execution step: Head (Restricted): Updated Sat. Frontier
21:10:00 [INFO] Saved permanent table Restricted Chase Helper Table with 8647 entries (73074)
21:10:00 [INFO] Execution step: Head (Restricted): Nulls
21:10:00 [INFO] Saved temporary table: 8647 entries (80214)
21:10:00 [INFO] Execution step: Duplicate Elimination (Datalog)
21:10:00 [INFO] Saved permanent table http://rulewerk.semantic-web.org/normalForm/conj (55) Permutation { idx_to_val: [], val_to_idx: [] } with 8647 entries (80262)
21:10:00 [INFO] Rule duration: 29 ms
21:10:00 [INFO] <<< STEP 56: APPLYING RULE 21 repOf(?X, ?N) :- synConj(?X, ?C1, ?C2), repOf(?C1, ?R1), repOf(?C2, ?R2), http://rulewerk.semantic-web.org/normalForm/conj(?N, ?R1, ?R2) >>>
21:10:00 [INFO] Execution step: Body
21:10:00 [INFO] Saved temporary table: 11646 entries (100356)
21:10:00 [INFO] Execution step: Duplicate Elimination (Datalog)
21:10:00 [INFO] Saved permanent table repOf (56) Permutation { idx_to_val: [], val_to_idx: [] } with 11646 entries (100404)
21:10:00 [INFO] Rule duration: 26 ms
21:10:00 [INFO] <<< STEP 57: APPLYING RULE 21 repOf(?X, ?N) :- synConj(?X, ?C1, ?C2), repOf(?C1, ?R1), repOf(?C2, ?R2), http://rulewerk.semantic-web.org/normalForm/conj(?N, ?R1, ?R2) >>>
21:10:00 [INFO] Execution step: Body
21:10:00 [INFO] Trie does not contain any elements
21:10:00 [INFO] Execution step: Duplicate Elimination (Datalog)
21:10:00 [INFO] Trie does not contain any elements
21:10:00 [INFO] Rule duration: 11 ms
21:10:00 [INFO] <<< STEP 58: APPLYING RULE 17 synExRep(?X, ?P, ?Rep) :- synEx(?Y, ?P, ?X), repOf(?Y, ?Rep) >>>
21:10:00 [INFO] Execution step: Body
21:10:00 [INFO] Saved temporary table: 4130 entries (60536)
21:10:00 [INFO] Execution step: Duplicate Elimination (Datalog)
21:10:00 [INFO] Saved permanent table synExRep (58) Permutation { idx_to_val: [], val_to_idx: [] } with 4130 entries (60584)
21:10:00 [INFO] Rule duration: 5 ms
21:10:00 [INFO] <<< STEP 59: APPLYING RULE 18 http://rulewerk.semantic-web.org/normalForm/exists(!New, ?P, ?Rep) :- synExRep(?X, ?P, ?Rep) >>>
21:10:00 [INFO] Execution step: Project/Reorder
21:10:00 [INFO] Trie does not contain any elements
21:10:00 [INFO] Execution step: Body
21:10:00 [INFO] Saved temporary table: 1997 entries (17278)
21:10:00 [INFO] Execution step: Head (Restricted): Updated Sat. Frontier
21:10:00 [INFO] Saved permanent table Restricted Chase Helper Table with 1997 entries (17326)
21:10:00 [INFO] Execution step: Head (Restricted): Nulls
21:10:00 [INFO] Saved temporary table: 1997 entries (27014)
21:10:00 [INFO] Execution step: Duplicate Elimination (Datalog)
21:10:00 [INFO] Saved permanent table http://rulewerk.semantic-web.org/normalForm/exists (59) Permutation { idx_to_val: [], val_to_idx: [] } with 1997 entries (27062)
21:10:00 [INFO] Rule duration: 4 ms
21:10:00 [INFO] <<< STEP 60: APPLYING RULE 19 repOf(?X, ?N) :- synExRep(?X, ?P, ?Rep), http://rulewerk.semantic-web.org/normalForm/exists(?N, ?P, ?Rep) >>>
21:10:00 [INFO] Execution step: Body
21:10:00 [INFO] Saved temporary table: 4130 entries (40228)
21:10:00 [INFO] Execution step: Duplicate Elimination (Datalog)
21:10:00 [INFO] Saved permanent table repOf (60) Permutation { idx_to_val: [], val_to_idx: [] } with 4130 entries (40276)
21:10:00 [INFO] Rule duration: 8 ms
21:10:00 [INFO] <<< STEP 61: APPLYING RULE 20 http://rulewerk.semantic-web.org/normalForm/conj(!New, ?R1, ?R2) :- synConj(?X, ?C1, ?C2), repOf(?C1, ?R1), repOf(?C2, ?R2) >>>
21:10:00 [INFO] Execution step: Project/Reorder
21:10:00 [INFO] Trie does not contain any elements
21:10:00 [INFO] Execution step: Body
21:10:00 [INFO] Saved temporary table: 3284 entries (32434)
21:10:00 [INFO] Execution step: Head (Restricted): Updated Sat. Frontier
21:10:00 [INFO] Saved permanent table Restricted Chase Helper Table with 3284 entries (32482)
21:10:00 [INFO] Execution step: Head (Restricted): Nulls
21:10:00 [INFO] Saved temporary table: 3284 entries (37310)
21:10:00 [INFO] Execution step: Duplicate Elimination (Datalog)
21:10:00 [INFO] Saved permanent table http://rulewerk.semantic-web.org/normalForm/conj (61) Permutation { idx_to_val: [], val_to_idx: [] } with 3284 entries (37358)
21:10:00 [INFO] Rule duration: 24 ms
21:10:00 [INFO] <<< STEP 62: APPLYING RULE 21 repOf(?X, ?N) :- synConj(?X, ?C1, ?C2), repOf(?C1, ?R1), repOf(?C2, ?R2), http://rulewerk.semantic-web.org/normalForm/conj(?N, ?R1, ?R2) >>>
21:10:00 [INFO] Execution step: Body
21:10:00 [INFO] Saved temporary table: 3813 entries (37692)
21:10:00 [INFO] Execution step: Duplicate Elimination (Datalog)
21:10:00 [INFO] Saved permanent table repOf (62) Permutation { idx_to_val: [], val_to_idx: [] } with 3813 entries (37740)
21:10:00 [INFO] Rule duration: 33 ms
21:10:00 [INFO] <<< STEP 63: APPLYING RULE 21 repOf(?X, ?N) :- synConj(?X, ?C1, ?C2), repOf(?C1, ?R1), repOf(?C2, ?R2), http://rulewerk.semantic-web.org/normalForm/conj(?N, ?R1, ?R2) >>>
21:10:00 [INFO] Execution step: Body
21:10:00 [INFO] Trie does not contain any elements
21:10:00 [INFO] Execution step: Duplicate Elimination (Datalog)
21:10:00 [INFO] Trie does not contain any elements
21:10:00 [INFO] Rule duration: 14 ms
21:10:00 [INFO] <<< STEP 64: APPLYING RULE 17 synExRep(?X, ?P, ?Rep) :- synEx(?Y, ?P, ?X), repOf(?Y, ?Rep) >>>
21:10:00 [INFO] Execution step: Body
21:10:00 [INFO] Saved temporary table: 855 entries (21236)
21:10:00 [INFO] Execution step: Duplicate Elimination (Datalog)
21:10:00 [INFO] Saved permanent table synExRep (64) Permutation { idx_to_val: [], val_to_idx: [] } with 855 entries (21284)
21:10:00 [INFO] Rule duration: 1 ms
21:10:00 [INFO] <<< STEP 65: APPLYING RULE 18 http://rulewerk.semantic-web.org/normalForm/exists(!New, ?P, ?Rep) :- synExRep(?X, ?P, ?Rep) >>>
21:10:00 [INFO] Execution step: Project/Reorder
21:10:00 [INFO] Trie does not contain any elements
21:10:00 [INFO] Execution step: Body
21:10:00 [INFO] Saved temporary table: 560 entries (10366)
21:10:00 [INFO] Execution step: Head (Restricted): Updated Sat. Frontier
21:10:00 [INFO] Saved permanent table Restricted Chase Helper Table with 560 entries (10414)
21:10:00 [INFO] Execution step: Head (Restricted): Nulls
21:10:00 [INFO] Saved temporary table: 560 entries (15518)
21:10:00 [INFO] Execution step: Duplicate Elimination (Datalog)
21:10:00 [INFO] Saved permanent table http://rulewerk.semantic-web.org/normalForm/exists (65) Permutation { idx_to_val: [], val_to_idx: [] } with 560 entries (15566)
21:10:00 [INFO] Rule duration: 1 ms
21:10:00 [INFO] <<< STEP 66: APPLYING RULE 19 repOf(?X, ?N) :- synExRep(?X, ?P, ?Rep), http://rulewerk.semantic-web.org/normalForm/exists(?N, ?P, ?Rep) >>>
21:10:00 [INFO] Execution step: Body
21:10:00 [INFO] Saved temporary table: 855 entries (14028)
21:10:00 [INFO] Execution step: Duplicate Elimination (Datalog)
21:10:00 [INFO] Saved permanent table repOf (66) Permutation { idx_to_val: [], val_to_idx: [] } with 855 entries (14076)
21:10:00 [INFO] Rule duration: 1 ms
21:10:00 [INFO] <<< STEP 67: APPLYING RULE 20 http://rulewerk.semantic-web.org/normalForm/conj(!New, ?R1, ?R2) :- synConj(?X, ?C1, ?C2), repOf(?C1, ?R1), repOf(?C2, ?R2) >>>
21:10:00 [INFO] Execution step: Project/Reorder
21:10:00 [INFO] Trie does not contain any elements
21:10:00 [INFO] Execution step: Body
21:10:00 [INFO] Saved temporary table: 1182 entries (17114)
21:10:00 [INFO] Execution step: Head (Restricted): Updated Sat. Frontier
21:10:00 [INFO] Saved permanent table Restricted Chase Helper Table with 1182 entries (17162)
21:10:00 [INFO] Execution step: Head (Restricted): Nulls
21:10:00 [INFO] Saved temporary table: 1182 entries (20494)
21:10:00 [INFO] Execution step: Duplicate Elimination (Datalog)
21:10:00 [INFO] Saved permanent table http://rulewerk.semantic-web.org/normalForm/conj (67) Permutation { idx_to_val: [], val_to_idx: [] } with 1182 entries (20542)
21:10:00 [INFO] Rule duration: 13 ms
21:10:00 [INFO] <<< STEP 68: APPLYING RULE 21 repOf(?X, ?N) :- synConj(?X, ?C1, ?C2), repOf(?C1, ?R1), repOf(?C2, ?R2), http://rulewerk.semantic-web.org/normalForm/conj(?N, ?R1, ?R2) >>>
21:10:00 [INFO] Execution step: Body
21:10:00 [INFO] Saved temporary table: 1305 entries (17628)
21:10:00 [INFO] Execution step: Duplicate Elimination (Datalog)
21:10:00 [INFO] Saved permanent table repOf (68) Permutation { idx_to_val: [], val_to_idx: [] } with 1305 entries (17676)
21:10:00 [INFO] Rule duration: 28 ms
21:10:00 [INFO] <<< STEP 69: APPLYING RULE 21 repOf(?X, ?N) :- synConj(?X, ?C1, ?C2), repOf(?C1, ?R1), repOf(?C2, ?R2), http://rulewerk.semantic-web.org/normalForm/conj(?N, ?R1, ?R2) >>>
21:10:00 [INFO] Execution step: Body
21:10:00 [INFO] Trie does not contain any elements
21:10:00 [INFO] Execution step: Duplicate Elimination (Datalog)
21:10:00 [INFO] Trie does not contain any elements
21:10:00 [INFO] Rule duration: 17 ms
21:10:00 [INFO] <<< STEP 70: APPLYING RULE 17 synExRep(?X, ?P, ?Rep) :- synEx(?Y, ?P, ?X), repOf(?Y, ?Rep) >>>
21:10:00 [INFO] Execution step: Body
21:10:00 [INFO] Saved temporary table: 266 entries (14168)
21:10:00 [INFO] Execution step: Duplicate Elimination (Datalog)
21:10:00 [INFO] Saved permanent table synExRep (70) Permutation { idx_to_val: [], val_to_idx: [] } with 266 entries (14216)
21:10:00 [INFO] Rule duration: 0 ms
21:10:00 [INFO] <<< STEP 71: APPLYING RULE 18 http://rulewerk.semantic-web.org/normalForm/exists(!New, ?P, ?Rep) :- synExRep(?X, ?P, ?Rep) >>>
21:10:00 [INFO] Execution step: Project/Reorder
21:10:00 [INFO] Trie does not contain any elements
21:10:00 [INFO] Execution step: Body
21:10:00 [INFO] Saved temporary table: 214 entries (9736)
21:10:00 [INFO] Execution step: Head (Restricted): Updated Sat. Frontier
21:10:00 [INFO] Saved permanent table Restricted Chase Helper Table with 214 entries (9784)
21:10:00 [INFO] Execution step: Head (Restricted): Nulls
21:10:00 [INFO] Saved temporary table: 214 entries (12750)
21:10:00 [INFO] Execution step: Duplicate Elimination (Datalog)
21:10:00 [INFO] Saved permanent table http://rulewerk.semantic-web.org/normalForm/exists (71) Permutation { idx_to_val: [], val_to_idx: [] } with 214 entries (12798)
21:10:00 [INFO] Rule duration: 1 ms
21:10:00 [INFO] <<< STEP 72: APPLYING RULE 19 repOf(?X, ?N) :- synExRep(?X, ?P, ?Rep), http://rulewerk.semantic-web.org/normalForm/exists(?N, ?P, ?Rep) >>>
21:10:00 [INFO] Execution step: Body
21:10:00 [INFO] Saved temporary table: 266 entries (9316)
21:10:00 [INFO] Execution step: Duplicate Elimination (Datalog)
21:10:00 [INFO] Saved permanent table repOf (72) Permutation { idx_to_val: [], val_to_idx: [] } with 266 entries (9364)
21:10:00 [INFO] Rule duration: 0 ms
21:10:00 [INFO] Execution step: Combining Tables
21:10:00 [INFO] Saved permanent table repOf (0-74) Permutation { idx_to_val: [], val_to_idx: [] } with 69400 entries (562436)
21:10:00 [INFO] <<< STEP 73: APPLYING RULE 20 http://rulewerk.semantic-web.org/normalForm/conj(!New, ?R1, ?R2) :- synConj(?X, ?C1, ?C2), repOf(?C1, ?R1), repOf(?C2, ?R2) >>>
21:10:00 [INFO] Execution step: Project/Reorder
21:10:00 [INFO] Trie does not contain any elements
21:10:00 [INFO] Execution step: Body
21:10:00 [INFO] Saved temporary table: 431 entries (10762)
21:10:00 [INFO] Execution step: Head (Restricted): Updated Sat. Frontier
21:10:00 [INFO] Saved permanent table Restricted Chase Helper Table with 431 entries (10810)
21:10:00 [INFO] Execution step: Head (Restricted): Nulls
21:10:00 [INFO] Saved temporary table: 431 entries (14486)
21:10:00 [INFO] Execution step: Duplicate Elimination (Datalog)
21:10:00 [INFO] Saved permanent table http://rulewerk.semantic-web.org/normalForm/conj (73) Permutation { idx_to_val: [], val_to_idx: [] } with 431 entries (14534)
21:10:00 [INFO] Rule duration: 9 ms
21:10:00 [INFO] <<< STEP 74: APPLYING RULE 21 repOf(?X, ?N) :- synConj(?X, ?C1, ?C2), repOf(?C1, ?R1), repOf(?C2, ?R2), http://rulewerk.semantic-web.org/normalForm/conj(?N, ?R1, ?R2) >>>
21:10:00 [INFO] Execution step: Body
21:10:00 [INFO] Saved temporary table: 478 entries (11012)
21:10:00 [INFO] Execution step: Duplicate Elimination (Datalog)
21:10:00 [INFO] Saved permanent table repOf (74) Permutation { idx_to_val: [], val_to_idx: [] } with 478 entries (11060)
21:10:00 [INFO] Rule duration: 25 ms
21:10:00 [INFO] <<< STEP 75: APPLYING RULE 21 repOf(?X, ?N) :- synConj(?X, ?C1, ?C2), repOf(?C1, ?R1), repOf(?C2, ?R2), http://rulewerk.semantic-web.org/normalForm/conj(?N, ?R1, ?R2) >>>
21:10:00 [INFO] Execution step: Body
21:10:00 [INFO] Trie does not contain any elements
21:10:00 [INFO] Execution step: Duplicate Elimination (Datalog)
21:10:00 [INFO] Trie does not contain any elements
21:10:00 [INFO] Rule duration: 15 ms
21:10:00 [INFO] <<< STEP 76: APPLYING RULE 17 synExRep(?X, ?P, ?Rep) :- synEx(?Y, ?P, ?X), repOf(?Y, ?Rep) >>>
21:10:00 [INFO] Execution step: Body
21:10:00 [INFO] Saved temporary table: 96 entries (12128)
21:10:00 [INFO] Execution step: Duplicate Elimination (Datalog)
21:10:00 [INFO] Saved permanent table synExRep (76) Permutation { idx_to_val: [], val_to_idx: [] } with 96 entries (12176)
21:10:00 [INFO] Rule duration: 0 ms
21:10:00 [INFO] <<< STEP 77: APPLYING RULE 18 http://rulewerk.semantic-web.org/normalForm/exists(!New, ?P, ?Rep) :- synExRep(?X, ?P, ?Rep) >>>
21:10:00 [INFO] Execution step: Project/Reorder
21:10:00 [INFO] Trie does not contain any elements
21:10:00 [INFO] Execution step: Body
21:10:00 [INFO] Saved temporary table: 89 entries (8352)
21:10:00 [INFO] Execution step: Head (Restricted): Updated Sat. Frontier
21:10:00 [INFO] Saved permanent table Restricted Chase Helper Table with 89 entries (8400)
21:10:00 [INFO] Execution step: Head (Restricted): Nulls
21:10:00 [INFO] Saved temporary table: 89 entries (11750)
21:10:00 [INFO] Execution step: Duplicate Elimination (Datalog)
21:10:00 [INFO] Saved permanent table http://rulewerk.semantic-web.org/normalForm/exists (77) Permutation { idx_to_val: [], val_to_idx: [] } with 89 entries (11798)
21:10:00 [INFO] Rule duration: 0 ms
21:10:00 [INFO] <<< STEP 78: APPLYING RULE 19 repOf(?X, ?N) :- synExRep(?X, ?P, ?Rep), http://rulewerk.semantic-web.org/normalForm/exists(?N, ?P, ?Rep) >>>
21:10:00 [INFO] Execution step: Body
21:10:00 [INFO] Saved temporary table: 96 entries (7956)
21:10:00 [INFO] Execution step: Duplicate Elimination (Datalog)
21:10:00 [INFO] Saved permanent table repOf (78) Permutation { idx_to_val: [], val_to_idx: [] } with 96 entries (8004)
21:10:00 [INFO] Rule duration: 0 ms
21:10:00 [INFO] <<< STEP 79: APPLYING RULE 20 http://rulewerk.semantic-web.org/normalForm/conj(!New, ?R1, ?R2) :- synConj(?X, ?C1, ?C2), repOf(?C1, ?R1), repOf(?C2, ?R2) >>>
21:10:00 [INFO] Execution step: Project/Reorder
21:10:00 [INFO] Trie does not contain any elements
21:10:00 [INFO] Execution step: Body
21:10:00 [INFO] Saved temporary table: 113 entries (8266)
21:10:00 [INFO] Execution step: Head (Restricted): Updated Sat. Frontier
21:10:00 [INFO] Saved permanent table Restricted Chase Helper Table with 113 entries (8314)
21:10:00 [INFO] Execution step: Head (Restricted): Nulls
21:10:00 [INFO] Saved temporary table: 113 entries (11942)
21:10:00 [INFO] Execution step: Duplicate Elimination (Datalog)
21:10:00 [INFO] Saved permanent table http://rulewerk.semantic-web.org/normalForm/conj (79) Permutation { idx_to_val: [], val_to_idx: [] } with 113 entries (11990)
21:10:00 [INFO] Rule duration: 8 ms
21:10:00 [INFO] <<< STEP 80: APPLYING RULE 21 repOf(?X, ?N) :- synConj(?X, ?C1, ?C2), repOf(?C1, ?R1), repOf(?C2, ?R2), http://rulewerk.semantic-web.org/normalForm/conj(?N, ?R1, ?R2) >>>
21:10:00 [INFO] Execution step: Body
21:10:00 [INFO] Saved temporary table: 113 entries (8092)
21:10:00 [INFO] Execution step: Duplicate Elimination (Datalog)
21:10:00 [INFO] Saved permanent table repOf (80) Permutation { idx_to_val: [], val_to_idx: [] } with 113 entries (8140)
21:10:00 [INFO] Rule duration: 25 ms
21:10:00 [INFO] <<< STEP 81: APPLYING RULE 21 repOf(?X, ?N) :- synConj(?X, ?C1, ?C2), repOf(?C1, ?R1), repOf(?C2, ?R2), http://rulewerk.semantic-web.org/normalForm/conj(?N, ?R1, ?R2) >>>
21:10:00 [INFO] Execution step: Body
21:10:00 [INFO] Trie does not contain any elements
21:10:00 [INFO] Execution step: Duplicate Elimination (Datalog)
21:10:00 [INFO] Trie does not contain any elements
21:10:00 [INFO] Rule duration: 30 ms
21:10:00 [INFO] <<< STEP 82: APPLYING RULE 17 synExRep(?X, ?P, ?Rep) :- synEx(?Y, ?P, ?X), repOf(?Y, ?Rep) >>>
21:10:00 [INFO] Execution step: Body
21:10:00 [INFO] Saved temporary table: 18 entries (12144)
21:10:00 [INFO] Execution step: Duplicate Elimination (Datalog)
21:10:00 [INFO] Saved permanent table synExRep (82) Permutation { idx_to_val: [], val_to_idx: [] } with 18 entries (12192)
21:10:00 [INFO] Rule duration: 0 ms
21:10:00 [INFO] <<< STEP 83: APPLYING RULE 18 http://rulewerk.semantic-web.org/normalForm/exists(!New, ?P, ?Rep) :- synExRep(?X, ?P, ?Rep) >>>
21:10:00 [INFO] Execution step: Project/Reorder
21:10:00 [INFO] Trie does not contain any elements
21:10:00 [INFO] Execution step: Body
21:10:00 [INFO] Saved temporary table: 18 entries (7132)
21:10:00 [INFO] Execution step: Head (Restricted): Updated Sat. Frontier
21:10:00 [INFO] Saved permanent table Restricted Chase Helper Table with 18 entries (7180)
21:10:00 [INFO] Execution step: Head (Restricted): Nulls
21:10:00 [INFO] Saved temporary table: 18 entries (12144)
21:10:00 [INFO] Execution step: Duplicate Elimination (Datalog)
21:10:00 [INFO] Saved permanent table http://rulewerk.semantic-web.org/normalForm/exists (83) Permutation { idx_to_val: [], val_to_idx: [] } with 18 entries (12192)
21:10:00 [INFO] Rule duration: 0 ms
21:10:00 [INFO] <<< STEP 84: APPLYING RULE 19 repOf(?X, ?N) :- synExRep(?X, ?P, ?Rep), http://rulewerk.semantic-web.org/normalForm/exists(?N, ?P, ?Rep) >>>
21:10:00 [INFO] Execution step: Body
21:10:00 [INFO] Saved temporary table: 18 entries (7808)
21:10:00 [INFO] Execution step: Duplicate Elimination (Datalog)
21:10:00 [INFO] Saved permanent table repOf (84) Permutation { idx_to_val: [], val_to_idx: [] } with 18 entries (7856)
21:10:00 [INFO] Rule duration: 0 ms
21:10:00 [INFO] <<< STEP 85: APPLYING RULE 20 http://rulewerk.semantic-web.org/normalForm/conj(!New, ?R1, ?R2) :- synConj(?X, ?C1, ?C2), repOf(?C1, ?R1), repOf(?C2, ?R2) >>>
21:10:00 [INFO] Execution step: Project/Reorder
21:10:00 [INFO] Trie does not contain any elements
21:10:00 [INFO] Execution step: Body
21:10:00 [INFO] Saved temporary table: 30 entries (7596)
21:10:00 [INFO] Execution step: Head (Restricted): Updated Sat. Frontier
21:10:00 [INFO] Saved permanent table Restricted Chase Helper Table with 30 entries (7644)
21:10:00 [INFO] Execution step: Head (Restricted): Nulls
21:10:00 [INFO] Saved temporary table: 30 entries (13440)
21:10:00 [INFO] Execution step: Duplicate Elimination (Datalog)
21:10:00 [INFO] Saved permanent table http://rulewerk.semantic-web.org/normalForm/conj (85) Permutation { idx_to_val: [], val_to_idx: [] } with 30 entries (13488)
21:10:00 [INFO] Rule duration: 15 ms
21:10:00 [INFO] <<< STEP 86: APPLYING RULE 21 repOf(?X, ?N) :- synConj(?X, ?C1, ?C2), repOf(?C1, ?R1), repOf(?C2, ?R2), http://rulewerk.semantic-web.org/normalForm/conj(?N, ?R1, ?R2) >>>
21:10:00 [INFO] Execution step: Body
21:10:00 [INFO] Saved temporary table: 30 entries (8480)
21:10:00 [INFO] Execution step: Duplicate Elimination (Datalog)
21:10:00 [INFO] Saved permanent table repOf (86) Permutation { idx_to_val: [], val_to_idx: [] } with 30 entries (8528)
21:10:00 [INFO] Rule duration: 27 ms
21:10:00 [INFO] <<< STEP 87: APPLYING RULE 21 repOf(?X, ?N) :- synConj(?X, ?C1, ?C2), repOf(?C1, ?R1), repOf(?C2, ?R2), http://rulewerk.semantic-web.org/normalForm/conj(?N, ?R1, ?R2) >>>
21:10:00 [INFO] Execution step: Body
21:10:00 [INFO] Trie does not contain any elements
21:10:00 [INFO] Execution step: Duplicate Elimination (Datalog)
21:10:00 [INFO] Trie does not contain any elements
21:10:00 [INFO] Rule duration: 18 ms
21:10:00 [INFO] <<< STEP 88: APPLYING RULE 17 synExRep(?X, ?P, ?Rep) :- synEx(?Y, ?P, ?X), repOf(?Y, ?Rep) >>>
21:10:00 [INFO] Execution step: Body
21:10:00 [INFO] Saved temporary table: 4 entries (10632)
21:10:00 [INFO] Execution step: Duplicate Elimination (Datalog)
21:10:00 [INFO] Saved permanent table synExRep (88) Permutation { idx_to_val: [], val_to_idx: [] } with 4 entries (10680)
21:10:00 [INFO] Rule duration: 0 ms
21:10:00 [INFO] <<< STEP 89: APPLYING RULE 18 http://rulewerk.semantic-web.org/normalForm/exists(!New, ?P, ?Rep) :- synExRep(?X, ?P, ?Rep) >>>
21:10:00 [INFO] Execution step: Project/Reorder
21:10:00 [INFO] Trie does not contain any elements
21:10:00 [INFO] Execution step: Body
21:10:00 [INFO] Saved temporary table: 4 entries (6920)
21:10:00 [INFO] Execution step: Head (Restricted): Updated Sat. Frontier
21:10:00 [INFO] Saved permanent table Restricted Chase Helper Table with 4 entries (6968)
21:10:00 [INFO] Execution step: Head (Restricted): Nulls
21:10:00 [INFO] Saved temporary table: 4 entries (10632)
21:10:00 [INFO] Execution step: Duplicate Elimination (Datalog)
21:10:00 [INFO] Saved permanent table http://rulewerk.semantic-web.org/normalForm/exists (89) Permutation { idx_to_val: [], val_to_idx: [] } with 4 entries (10680)
21:10:00 [INFO] Rule duration: 0 ms
21:10:00 [INFO] <<< STEP 90: APPLYING RULE 19 repOf(?X, ?N) :- synExRep(?X, ?P, ?Rep), http://rulewerk.semantic-web.org/normalForm/exists(?N, ?P, ?Rep) >>>
21:10:00 [INFO] Execution step: Body
21:10:00 [INFO] Saved temporary table: 4 entries (7024)
21:10:00 [INFO] Execution step: Duplicate Elimination (Datalog)
21:10:00 [INFO] Saved permanent table repOf (90) Permutation { idx_to_val: [], val_to_idx: [] } with 4 entries (7072)
21:10:00 [INFO] Rule duration: 0 ms
21:10:00 [INFO] <<< STEP 91: APPLYING RULE 20 http://rulewerk.semantic-web.org/normalForm/conj(!New, ?R1, ?R2) :- synConj(?X, ?C1, ?C2), repOf(?C1, ?R1), repOf(?C2, ?R2) >>>
21:10:00 [INFO] Execution step: Project/Reorder
21:10:00 [INFO] Trie does not contain any elements
21:10:00 [INFO] Execution step: Body
21:10:00 [INFO] Saved temporary table: 6 entries (7084)
21:10:00 [INFO] Execution step: Head (Restricted): Updated Sat. Frontier
21:10:00 [INFO] Saved permanent table Restricted Chase Helper Table with 6 entries (7132)
21:10:00 [INFO] Execution step: Head (Restricted): Nulls
21:10:00 [INFO] Saved temporary table: 6 entries (10848)
21:10:00 [INFO] Execution step: Duplicate Elimination (Datalog)
21:10:00 [INFO] Saved permanent table http://rulewerk.semantic-web.org/normalForm/conj (91) Permutation { idx_to_val: [], val_to_idx: [] } with 6 entries (10896)
21:10:00 [INFO] Rule duration: 8 ms
21:10:00 [INFO] <<< STEP 92: APPLYING RULE 21 repOf(?X, ?N) :- synConj(?X, ?C1, ?C2), repOf(?C1, ?R1), repOf(?C2, ?R2), http://rulewerk.semantic-web.org/normalForm/conj(?N, ?R1, ?R2) >>>
21:10:00 [INFO] Execution step: Body
21:10:00 [INFO] Saved temporary table: 6 entries (7136)
21:10:00 [INFO] Execution step: Duplicate Elimination (Datalog)
21:10:00 [INFO] Saved permanent table repOf (92) Permutation { idx_to_val: [], val_to_idx: [] } with 6 entries (7184)
21:10:00 [INFO] Rule duration: 32 ms
21:10:00 [INFO] <<< STEP 93: APPLYING RULE 21 repOf(?X, ?N) :- synConj(?X, ?C1, ?C2), repOf(?C1, ?R1), repOf(?C2, ?R2), http://rulewerk.semantic-web.org/normalForm/conj(?N, ?R1, ?R2) >>>
21:10:00 [INFO] Execution step: Body
21:10:00 [INFO] Trie does not contain any elements
21:10:00 [INFO] Execution step: Duplicate Elimination (Datalog)
21:10:00 [INFO] Trie does not contain any elements
21:10:00 [INFO] Rule duration: 21 ms
21:10:00 [INFO] <<< STEP 94: APPLYING RULE 17 synExRep(?X, ?P, ?Rep) :- synEx(?Y, ?P, ?X), repOf(?Y, ?Rep) >>>
21:10:00 [INFO] Execution step: Body
21:10:00 [INFO] Trie does not contain any elements
21:10:00 [INFO] Execution step: Duplicate Elimination (Datalog)
21:10:00 [INFO] Trie does not contain any elements
21:10:00 [INFO] Rule duration: 0 ms
21:10:00 [INFO] <<< STEP 95: APPLYING RULE 18 http://rulewerk.semantic-web.org/normalForm/exists(!New, ?P, ?Rep) :- synExRep(?X, ?P, ?Rep) >>>
21:10:00 [INFO] Execution step: Project/Reorder
21:10:00 [INFO] Trie does not contain any elements
21:10:00 [INFO] Execution step: Body
21:10:00 [INFO] Trie does not contain any elements
21:10:00 [INFO] Execution step: Head (Restricted): Updated Sat. Frontier
21:10:00 [INFO] Trie does not contain any elements
21:10:00 [INFO] Execution step: Head (Restricted): Nulls
21:10:00 [INFO] Trie does not contain any elements
21:10:00 [INFO] Execution step: Duplicate Elimination (Datalog)
21:10:00 [INFO] Trie does not contain any elements
21:10:00 [INFO] Rule duration: 0 ms
21:10:00 [INFO] <<< STEP 96: APPLYING RULE 19 repOf(?X, ?N) :- synExRep(?X, ?P, ?Rep), http://rulewerk.semantic-web.org/normalForm/exists(?N, ?P, ?Rep) >>>
21:10:00 [INFO] Execution step: Body
21:10:00 [INFO] Trie does not contain any elements
21:10:00 [INFO] Execution step: Duplicate Elimination (Datalog)
21:10:00 [INFO] Trie does not contain any elements
21:10:00 [INFO] Rule duration: 0 ms
21:10:00 [INFO] <<< STEP 97: APPLYING RULE 20 http://rulewerk.semantic-web.org/normalForm/conj(!New, ?R1, ?R2) :- synConj(?X, ?C1, ?C2), repOf(?C1, ?R1), repOf(?C2, ?R2) >>>
21:10:00 [INFO] Execution step: Project/Reorder
21:10:00 [INFO] Trie does not contain any elements
21:10:00 [INFO] Execution step: Body
21:10:00 [INFO] Trie does not contain any elements
21:10:00 [INFO] Execution step: Head (Restricted): Updated Sat. Frontier
21:10:00 [INFO] Trie does not contain any elements
21:10:00 [INFO] Execution step: Head (Restricted): Nulls
21:10:00 [INFO] Trie does not contain any elements
21:10:00 [INFO] Execution step: Duplicate Elimination (Datalog)
21:10:00 [INFO] Trie does not contain any elements
21:10:00 [INFO] Rule duration: 13 ms
21:10:00 [INFO] <<< STEP 98: APPLYING RULE 25 http://rulewerk.semantic-web.org/normalForm/subClassOf(?RX, ?RY), http://rulewerk.semantic-web.org/normalForm/isSubClass(?RX) :- prepareSco(?X, ?Y), repOf(?X, ?RX), repOf(?Y, ?RY) >>>
21:10:00 [INFO] Execution step: Body
21:10:00 [INFO] Saved temporary table: 45499 entries (581862)
21:10:00 [INFO] Saved temporary table: 32728 entries (134312)
21:10:00 [INFO] Execution step: Duplicate Elimination (Datalog)
21:10:00 [INFO] Saved permanent table http://rulewerk.semantic-web.org/normalForm/subClassOf (98) Permutation { idx_to_val: [], val_to_idx: [] } with 45499 entries (581910)
21:10:00 [INFO] Execution step: Duplicate Elimination (Datalog)
21:10:00 [INFO] Saved permanent table http://rulewerk.semantic-web.org/normalForm/isSubClass (98) Permutation { idx_to_val: [], val_to_idx: [] } with 32728 entries (134360)
21:10:00 [INFO] Rule duration: 101 ms
21:10:00 [INFO] <<< STEP 99: APPLYING RULE 25 http://rulewerk.semantic-web.org/normalForm/subClassOf(?RX, ?RY), http://rulewerk.semantic-web.org/normalForm/isSubClass(?RX) :- prepareSco(?X, ?Y), repOf(?X, ?RX), repOf(?Y, ?RY) >>>
21:10:00 [INFO] Execution step: Body
21:10:00 [INFO] Trie does not contain any elements
21:10:00 [INFO] Trie does not contain any elements
21:10:00 [INFO] Execution step: Duplicate Elimination (Datalog)
21:10:00 [INFO] Trie does not contain any elements
21:10:00 [INFO] Execution step: Duplicate Elimination (Datalog)
21:10:00 [INFO] Trie does not contain any elements
21:10:00 [INFO] Rule duration: 0 ms
21:10:00 [INFO] <<< STEP 100: APPLYING RULE 27 http://rulewerk.semantic-web.org/normalForm/isSubClass(?D) :- http://rulewerk.semantic-web.org/normalForm/exists(?C, ?P, ?D), http://rulewerk.semantic-web.org/normalForm/isSubClass(?C) >>>
21:10:00 [INFO] Execution step: Body
21:10:00 [INFO] Saved temporary table: 2 entries (3408)
21:10:00 [INFO] Execution step: Duplicate Elimination (Datalog)
21:10:00 [INFO] Trie does not contain any elements
21:10:00 [INFO] Rule duration: 4 ms
21:10:00 [INFO] <<< STEP 101: APPLYING RULE 28 http://rulewerk.semantic-web.org/normalForm/isSubClass(?C1), http://rulewerk.semantic-web.org/normalForm/isSubClass(?C2) :- http://rulewerk.semantic-web.org/normalForm/conj(?X, ?C1, ?C2), http://rulewerk.semantic-web.org/normalForm/isSubClass(?X) >>>
21:10:00 [INFO] Execution step: Body
21:10:00 [INFO] Saved temporary table: 2319 entries (12676)
21:10:00 [INFO] Saved temporary table: 6456 entries (29224)
21:10:00 [INFO] Execution step: Duplicate Elimination (Datalog)
21:10:00 [INFO] Saved permanent table http://rulewerk.semantic-web.org/normalForm/isSubClass (101) Permutation { idx_to_val: [], val_to_idx: [] } with 6461 entries (29292)
21:10:00 [INFO] Rule duration: 11 ms
21:10:00 [INFO] <<< STEP 102: APPLYING RULE 28 http://rulewerk.semantic-web.org/normalForm/isSubClass(?C1), http://rulewerk.semantic-web.org/normalForm/isSubClass(?C2) :- http://rulewerk.semantic-web.org/normalForm/conj(?X, ?C1, ?C2), http://rulewerk.semantic-web.org/normalForm/isSubClass(?X) >>>
21:10:00 [INFO] Execution step: Body
21:10:00 [INFO] Saved temporary table: 602 entries (5808)
21:10:00 [INFO] Saved temporary table: 899 entries (6996)
21:10:00 [INFO] Execution step: Duplicate Elimination (Datalog)
21:10:00 [INFO] Saved permanent table http://rulewerk.semantic-web.org/normalForm/isSubClass (102) Permutation { idx_to_val: [], val_to_idx: [] } with 974 entries (7344)
21:10:00 [INFO] Rule duration: 1 ms
21:10:00 [INFO] <<< STEP 103: APPLYING RULE 28 http://rulewerk.semantic-web.org/normalForm/isSubClass(?C1), http://rulewerk.semantic-web.org/normalForm/isSubClass(?C2) :- http://rulewerk.semantic-web.org/normalForm/conj(?X, ?C1, ?C2), http://rulewerk.semantic-web.org/normalForm/isSubClass(?X) >>>
21:10:00 [INFO] Execution step: Body
21:10:00 [INFO] Saved temporary table: 110 entries (3840)
21:10:00 [INFO] Saved temporary table: 165 entries (4060)
21:10:00 [INFO] Execution step: Duplicate Elimination (Datalog)
21:10:00 [INFO] Saved permanent table http://rulewerk.semantic-web.org/normalForm/isSubClass (103) Permutation { idx_to_val: [], val_to_idx: [] } with 146 entries (4032)
21:10:00 [INFO] Rule duration: 0 ms
21:10:00 [INFO] <<< STEP 104: APPLYING RULE 28 http://rulewerk.semantic-web.org/normalForm/isSubClass(?C1), http://rulewerk.semantic-web.org/normalForm/isSubClass(?C2) :- http://rulewerk.semantic-web.org/normalForm/conj(?X, ?C1, ?C2), http://rulewerk.semantic-web.org/normalForm/isSubClass(?X) >>>
21:10:00 [INFO] Execution step: Body
21:10:00 [INFO] Saved temporary table: 14 entries (3456)
21:10:00 [INFO] Saved temporary table: 15 entries (3460)
21:10:00 [INFO] Execution step: Duplicate Elimination (Datalog)
21:10:00 [INFO] Saved permanent table http://rulewerk.semantic-web.org/normalForm/isSubClass (104) Permutation { idx_to_val: [], val_to_idx: [] } with 8 entries (3480)
21:10:00 [INFO] Rule duration: 0 ms
21:10:00 [INFO] <<< STEP 105: APPLYING RULE 28 http://rulewerk.semantic-web.org/normalForm/isSubClass(?C1), http://rulewerk.semantic-web.org/normalForm/isSubClass(?C2) :- http://rulewerk.semantic-web.org/normalForm/conj(?X, ?C1, ?C2), http://rulewerk.semantic-web.org/normalForm/isSubClass(?X) >>>
21:10:00 [INFO] Execution step: Body
21:10:00 [INFO] Saved temporary table: 2 entries (3408)
21:10:00 [INFO] Saved temporary table: 2 entries (3408)
21:10:00 [INFO] Execution step: Duplicate Elimination (Datalog)
21:10:00 [INFO] Trie does not contain any elements
21:10:00 [INFO] Rule duration: 0 ms
21:10:00 [INFO] <<< STEP 106: APPLYING RULE 27 http://rulewerk.semantic-web.org/normalForm/isSubClass(?D) :- http://rulewerk.semantic-web.org/normalForm/exists(?C, ?P, ?D), http://rulewerk.semantic-web.org/normalForm/isSubClass(?C) >>>
21:10:00 [INFO] Execution step: Body
21:10:00 [INFO] Saved temporary table: 4510 entries (21440)
21:10:00 [INFO] Execution step: Duplicate Elimination (Datalog)
21:10:00 [INFO] Saved permanent table http://rulewerk.semantic-web.org/normalForm/isSubClass (106) Permutation { idx_to_val: [], val_to_idx: [] } with 1571 entries (9732)
21:10:00 [INFO] Rule duration: 4 ms
21:10:00 [INFO] <<< STEP 107: APPLYING RULE 27 http://rulewerk.semantic-web.org/normalForm/isSubClass(?D) :- http://rulewerk.semantic-web.org/normalForm/exists(?C, ?P, ?D), http://rulewerk.semantic-web.org/normalForm/isSubClass(?C) >>>
21:10:00 [INFO] Execution step: Body
21:10:00 [INFO] Trie does not contain any elements
21:10:00 [INFO] Execution step: Duplicate Elimination (Datalog)
21:10:00 [INFO] Trie does not contain any elements
21:10:00 [INFO] Rule duration: 0 ms
21:10:00 [INFO] <<< STEP 108: APPLYING RULE 28 http://rulewerk.semantic-web.org/normalForm/isSubClass(?C1), http://rulewerk.semantic-web.org/normalForm/isSubClass(?C2) :- http://rulewerk.semantic-web.org/normalForm/conj(?X, ?C1, ?C2), http://rulewerk.semantic-web.org/normalForm/isSubClass(?X) >>>
21:10:00 [INFO] Execution step: Body
21:10:00 [INFO] Saved temporary table: 447 entries (5188)
21:10:00 [INFO] Saved temporary table: 1358 entries (8832)
21:10:00 [INFO] Execution step: Duplicate Elimination (Datalog)
21:10:00 [INFO] Saved permanent table http://rulewerk.semantic-web.org/normalForm/isSubClass (108) Permutation { idx_to_val: [], val_to_idx: [] } with 1143 entries (8020)
21:10:00 [INFO] Rule duration: 1 ms
21:10:00 [INFO] <<< STEP 109: APPLYING RULE 28 http://rulewerk.semantic-web.org/normalForm/isSubClass(?C1), http://rulewerk.semantic-web.org/normalForm/isSubClass(?C2) :- http://rulewerk.semantic-web.org/normalForm/conj(?X, ?C1, ?C2), http://rulewerk.semantic-web.org/normalForm/isSubClass(?X) >>>
21:10:00 [INFO] Execution step: Body
21:10:00 [INFO] Saved temporary table: 89 entries (3756)
21:10:00 [INFO] Saved temporary table: 89 entries (3756)
21:10:00 [INFO] Execution step: Duplicate Elimination (Datalog)
21:10:00 [INFO] Saved permanent table http://rulewerk.semantic-web.org/normalForm/isSubClass (109) Permutation { idx_to_val: [], val_to_idx: [] } with 118 entries (3920)
21:10:00 [INFO] Rule duration: 0 ms
21:10:00 [INFO] Execution step: Combining Tables
21:10:00 [INFO] Saved permanent table http://rulewerk.semantic-web.org/normalForm/isSubClass (0-111) Permutation { idx_to_val: [], val_to_idx: [] } with 43149 entries (176044)
21:10:00 [INFO] <<< STEP 110: APPLYING RULE 28 http://rulewerk.semantic-web.org/normalForm/isSubClass(?C1), http://rulewerk.semantic-web.org/normalForm/isSubClass(?C2) :- http://rulewerk.semantic-web.org/normalForm/conj(?X, ?C1, ?C2), http://rulewerk.semantic-web.org/normalForm/isSubClass(?X) >>>
21:10:00 [INFO] Execution step: Body
21:10:00 [INFO] Saved temporary table: 2 entries (3408)
21:10:00 [INFO] Saved temporary table: 2 entries (3408)
21:10:00 [INFO] Execution step: Duplicate Elimination (Datalog)
21:10:00 [INFO] Saved permanent table http://rulewerk.semantic-web.org/normalForm/isSubClass (110) Permutation { idx_to_val: [], val_to_idx: [] } with 4 entries (3464)
21:10:00 [INFO] Rule duration: 0 ms
21:10:00 [INFO] <<< STEP 111: APPLYING RULE 28 http://rulewerk.semantic-web.org/normalForm/isSubClass(?C1), http://rulewerk.semantic-web.org/normalForm/isSubClass(?C2) :- http://rulewerk.semantic-web.org/normalForm/conj(?X, ?C1, ?C2), http://rulewerk.semantic-web.org/normalForm/isSubClass(?X) >>>
21:10:00 [INFO] Execution step: Body
21:10:00 [INFO] Trie does not contain any elements
21:10:00 [INFO] Trie does not contain any elements
21:10:00 [INFO] Execution step: Duplicate Elimination (Datalog)
21:10:00 [INFO] Trie does not contain any elements
21:10:00 [INFO] Rule duration: 0 ms
21:10:00 [INFO] <<< STEP 112: APPLYING RULE 27 http://rulewerk.semantic-web.org/normalForm/isSubClass(?D) :- http://rulewerk.semantic-web.org/normalForm/exists(?C, ?P, ?D), http://rulewerk.semantic-web.org/normalForm/isSubClass(?C) >>>
21:10:00 [INFO] Execution step: Body
21:10:00 [INFO] Saved temporary table: 1068 entries (7672)
21:10:00 [INFO] Execution step: Duplicate Elimination (Datalog)
21:10:00 [INFO] Saved permanent table http://rulewerk.semantic-web.org/normalForm/isSubClass (112) Permutation { idx_to_val: [], val_to_idx: [] } with 282 entries (4576)
21:10:00 [INFO] Rule duration: 0 ms
21:10:00 [INFO] <<< STEP 113: APPLYING RULE 27 http://rulewerk.semantic-web.org/normalForm/isSubClass(?D) :- http://rulewerk.semantic-web.org/normalForm/exists(?C, ?P, ?D), http://rulewerk.semantic-web.org/normalForm/isSubClass(?C) >>>
21:10:00 [INFO] Execution step: Body
21:10:00 [INFO] Trie does not contain any elements
21:10:00 [INFO] Execution step: Duplicate Elimination (Datalog)
21:10:00 [INFO] Trie does not contain any elements
21:10:00 [INFO] Rule duration: 0 ms
21:10:00 [INFO] <<< STEP 114: APPLYING RULE 28 http://rulewerk.semantic-web.org/normalForm/isSubClass(?C1), http://rulewerk.semantic-web.org/normalForm/isSubClass(?C2) :- http://rulewerk.semantic-web.org/normalForm/conj(?X, ?C1, ?C2), http://rulewerk.semantic-web.org/normalForm/isSubClass(?X) >>>
21:10:00 [INFO] Execution step: Body
21:10:00 [INFO] Saved temporary table: 93 entries (3772)
21:10:00 [INFO] Saved temporary table: 272 entries (4488)
21:10:00 [INFO] Execution step: Duplicate Elimination (Datalog)
21:10:00 [INFO] Saved permanent table http://rulewerk.semantic-web.org/normalForm/isSubClass (114) Permutation { idx_to_val: [], val_to_idx: [] } with 226 entries (4352)
21:10:00 [INFO] Rule duration: 0 ms
21:10:00 [INFO] <<< STEP 115: APPLYING RULE 28 http://rulewerk.semantic-web.org/normalForm/isSubClass(?C1), http://rulewerk.semantic-web.org/normalForm/isSubClass(?C2) :- http://rulewerk.semantic-web.org/normalForm/conj(?X, ?C1, ?C2), http://rulewerk.semantic-web.org/normalForm/isSubClass(?X) >>>
21:10:00 [INFO] Execution step: Body
21:10:00 [INFO] Saved temporary table: 30 entries (3520)
21:10:00 [INFO] Saved temporary table: 27 entries (3508)
21:10:00 [INFO] Execution step: Duplicate Elimination (Datalog)
21:10:00 [INFO] Saved permanent table http://rulewerk.semantic-web.org/normalForm/isSubClass (115) Permutation { idx_to_val: [], val_to_idx: [] } with 37 entries (3596)
21:10:00 [INFO] Rule duration: 0 ms
21:10:00 [INFO] <<< STEP 116: APPLYING RULE 28 http://rulewerk.semantic-web.org/normalForm/isSubClass(?C1), http://rulewerk.semantic-web.org/normalForm/isSubClass(?C2) :- http://rulewerk.semantic-web.org/normalForm/conj(?X, ?C1, ?C2), http://rulewerk.semantic-web.org/normalForm/isSubClass(?X) >>>
21:10:00 [INFO] Execution step: Body
21:10:00 [INFO] Saved temporary table: 3 entries (3412)
21:10:00 [INFO] Saved temporary table: 1 entries (3404)
21:10:00 [INFO] Execution step: Duplicate Elimination (Datalog)
21:10:00 [INFO] Trie does not contain any elements
21:10:00 [INFO] Rule duration: 0 ms
21:10:00 [INFO] <<< STEP 117: APPLYING RULE 27 http://rulewerk.semantic-web.org/normalForm/isSubClass(?D) :- http://rulewerk.semantic-web.org/normalForm/exists(?C, ?P, ?D), http://rulewerk.semantic-web.org/normalForm/isSubClass(?C) >>>
21:10:00 [INFO] Execution step: Body
21:10:00 [INFO] Saved temporary table: 216 entries (4264)
21:10:00 [INFO] Execution step: Duplicate Elimination (Datalog)
21:10:00 [INFO] Saved permanent table http://rulewerk.semantic-web.org/normalForm/isSubClass (117) Permutation { idx_to_val: [], val_to_idx: [] } with 102 entries (3856)
21:10:00 [INFO] Rule duration: 0 ms
21:10:00 [INFO] <<< STEP 118: APPLYING RULE 27 http://rulewerk.semantic-web.org/normalForm/isSubClass(?D) :- http://rulewerk.semantic-web.org/normalForm/exists(?C, ?P, ?D), http://rulewerk.semantic-web.org/normalForm/isSubClass(?C) >>>
21:10:00 [INFO] Execution step: Body
21:10:00 [INFO] Trie does not contain any elements
21:10:00 [INFO] Execution step: Duplicate Elimination (Datalog)
21:10:00 [INFO] Trie does not contain any elements
21:10:00 [INFO] Rule duration: 0 ms
21:10:00 [INFO] <<< STEP 119: APPLYING RULE 28 http://rulewerk.semantic-web.org/normalForm/isSubClass(?C1), http://rulewerk.semantic-web.org/normalForm/isSubClass(?C2) :- http://rulewerk.semantic-web.org/normalForm/conj(?X, ?C1, ?C2), http://rulewerk.semantic-web.org/normalForm/isSubClass(?X) >>>
21:10:00 [INFO] Execution step: Body
21:10:00 [INFO] Saved temporary table: 16 entries (3464)
21:10:00 [INFO] Saved temporary table: 85 entries (3740)
21:10:00 [INFO] Execution step: Duplicate Elimination (Datalog)
21:10:00 [INFO] Saved permanent table http://rulewerk.semantic-web.org/normalForm/isSubClass (119) Permutation { idx_to_val: [], val_to_idx: [] } with 76 entries (3752)
21:10:00 [INFO] Rule duration: 0 ms
21:10:00 [INFO] <<< STEP 120: APPLYING RULE 28 http://rulewerk.semantic-web.org/normalForm/isSubClass(?C1), http://rulewerk.semantic-web.org/normalForm/isSubClass(?C2) :- http://rulewerk.semantic-web.org/normalForm/conj(?X, ?C1, ?C2), http://rulewerk.semantic-web.org/normalForm/isSubClass(?X) >>>
21:10:00 [INFO] Execution step: Body
21:10:00 [INFO] Saved temporary table: 1 entries (3404)
21:10:00 [INFO] Saved temporary table: 1 entries (3404)
21:10:00 [INFO] Execution step: Duplicate Elimination (Datalog)
21:10:00 [INFO] Trie does not contain any elements
21:10:00 [INFO] Rule duration: 0 ms
21:10:00 [INFO] <<< STEP 121: APPLYING RULE 27 http://rulewerk.semantic-web.org/normalForm/isSubClass(?D) :- http://rulewerk.semantic-web.org/normalForm/exists(?C, ?P, ?D), http://rulewerk.semantic-web.org/normalForm/isSubClass(?C) >>>
21:10:00 [INFO] Execution step: Body
21:10:00 [INFO] Saved temporary table: 75 entries (3700)
21:10:00 [INFO] Execution step: Duplicate Elimination (Datalog)
21:10:00 [INFO] Saved permanent table http://rulewerk.semantic-web.org/normalForm/isSubClass (121) Permutation { idx_to_val: [], val_to_idx: [] } with 4 entries (3464)
21:10:00 [INFO] Rule duration: 0 ms
21:10:00 [INFO] <<< STEP 122: APPLYING RULE 27 http://rulewerk.semantic-web.org/normalForm/isSubClass(?D) :- http://rulewerk.semantic-web.org/normalForm/exists(?C, ?P, ?D), http://rulewerk.semantic-web.org/normalForm/isSubClass(?C) >>>
21:10:00 [INFO] Execution step: Body
21:10:00 [INFO] Trie does not contain any elements
21:10:00 [INFO] Execution step: Duplicate Elimination (Datalog)
21:10:00 [INFO] Trie does not contain any elements
21:10:00 [INFO] Rule duration: 0 ms
21:10:00 [INFO] <<< STEP 123: APPLYING RULE 28 http://rulewerk.semantic-web.org/normalForm/isSubClass(?C1), http://rulewerk.semantic-web.org/normalForm/isSubClass(?C2) :- http://rulewerk.semantic-web.org/normalForm/conj(?X, ?C1, ?C2), http://rulewerk.semantic-web.org/normalForm/isSubClass(?X) >>>
21:10:00 [INFO] Execution step: Body
21:10:00 [INFO] Saved temporary table: 3 entries (3412)
21:10:00 [INFO] Saved temporary table: 4 entries (3416)
21:10:00 [INFO] Execution step: Duplicate Elimination (Datalog)
21:10:00 [INFO] Saved permanent table http://rulewerk.semantic-web.org/normalForm/isSubClass (123) Permutation { idx_to_val: [], val_to_idx: [] } with 2 entries (3456)
21:10:00 [INFO] Rule duration: 0 ms
21:10:00 [INFO] Execution step: Combining Tables
21:10:00 [INFO] Saved permanent table http://rulewerk.semantic-web.org/normalForm/isSubClass (111-125) Permutation { idx_to_val: [], val_to_idx: [] } with 729 entries (6364)
21:10:00 [INFO] <<< STEP 124: APPLYING RULE 28 http://rulewerk.semantic-web.org/normalForm/isSubClass(?C1), http://rulewerk.semantic-web.org/normalForm/isSubClass(?C2) :- http://rulewerk.semantic-web.org/normalForm/conj(?X, ?C1, ?C2), http://rulewerk.semantic-web.org/normalForm/isSubClass(?X) >>>
21:10:00 [INFO] Execution step: Body
21:10:00 [INFO] Saved temporary table: 1 entries (3404)
21:10:00 [INFO] Saved temporary table: 1 entries (3404)
21:10:00 [INFO] Execution step: Duplicate Elimination (Datalog)
21:10:00 [INFO] Saved permanent table http://rulewerk.semantic-web.org/normalForm/isSubClass (124) Permutation { idx_to_val: [], val_to_idx: [] } with 1 entries (3452)
21:10:00 [INFO] Rule duration: 0 ms
21:10:00 [INFO] <<< STEP 125: APPLYING RULE 28 http://rulewerk.semantic-web.org/normalForm/isSubClass(?C1), http://rulewerk.semantic-web.org/normalForm/isSubClass(?C2) :- http://rulewerk.semantic-web.org/normalForm/conj(?X, ?C1, ?C2), http://rulewerk.semantic-web.org/normalForm/isSubClass(?X) >>>
21:10:00 [INFO] Execution step: Body
21:10:00 [INFO] Trie does not contain any elements
21:10:00 [INFO] Trie does not contain any elements
21:10:00 [INFO] Execution step: Duplicate Elimination (Datalog)
21:10:00 [INFO] Trie does not contain any elements
21:10:00 [INFO] Rule duration: 0 ms
21:10:00 [INFO] <<< STEP 126: APPLYING RULE 27 http://rulewerk.semantic-web.org/normalForm/isSubClass(?D) :- http://rulewerk.semantic-web.org/normalForm/exists(?C, ?P, ?D), http://rulewerk.semantic-web.org/normalForm/isSubClass(?C) >>>
21:10:00 [INFO] Execution step: Body
21:10:00 [INFO] Saved temporary table: 2 entries (3408)
21:10:00 [INFO] Execution step: Duplicate Elimination (Datalog)
21:10:00 [INFO] Trie does not contain any elements
21:10:00 [INFO] Rule duration: 0 ms
21:10:00 [INFO] <<< STEP 127: APPLYING RULE 30 http://rulewerk.semantic-web.org/normalForm/subProp(?P, ?P) :- http://rulewerk.semantic-web.org/normalForm/exists(?C, ?P, ?D), http://rulewerk.semantic-web.org/normalForm/isSubClass(?C) >>>
21:10:00 [INFO] Execution step: Body
21:10:00 [INFO] Saved temporary table: 378 entries (4912)
21:10:00 [INFO] Execution step: Duplicate Elimination (Datalog)
21:10:00 [INFO] Saved permanent table http://rulewerk.semantic-web.org/normalForm/subProp (127) Permutation { idx_to_val: [], val_to_idx: [] } with 378 entries (10260)
21:10:00 [INFO] Rule duration: 4 ms
21:10:00 [INFO] <<< STEP 128: APPLYING RULE 30 http://rulewerk.semantic-web.org/normalForm/subProp(?P, ?P) :- http://rulewerk.semantic-web.org/normalForm/exists(?C, ?P, ?D), http://rulewerk.semantic-web.org/normalForm/isSubClass(?C) >>>
21:10:00 [INFO] Execution step: Body
21:10:00 [INFO] Trie does not contain any elements
21:10:00 [INFO] Execution step: Duplicate Elimination (Datalog)
21:10:00 [INFO] Trie does not contain any elements
21:10:00 [INFO] Rule duration: 0 ms
21:10:00 [INFO] <<< STEP 129: APPLYING RULE 31 http://rulewerk.semantic-web.org/normalForm/subProp(?R, ?T) :- http://rulewerk.semantic-web.org/normalForm/subProp(?R, ?S), directSubProp(?S, ?T) >>>
21:10:00 [INFO] Execution step: Body
21:10:00 [INFO] Saved temporary table: 389 entries (13150)
21:10:00 [INFO] Execution step: Duplicate Elimination (Datalog)
21:10:00 [INFO] Saved permanent table http://rulewerk.semantic-web.org/normalForm/subProp (129) Permutation { idx_to_val: [], val_to_idx: [] } with 389 entries (13198)
21:10:00 [INFO] Rule duration: 0 ms
21:10:00 [INFO] <<< STEP 130: APPLYING RULE 31 http://rulewerk.semantic-web.org/normalForm/subProp(?R, ?T) :- http://rulewerk.semantic-web.org/normalForm/subProp(?R, ?S), directSubProp(?S, ?T) >>>
21:10:00 [INFO] Execution step: Body
21:10:00 [INFO] Saved temporary table: 401 entries (13198)
21:10:00 [INFO] Execution step: Duplicate Elimination (Datalog)
21:10:00 [INFO] Saved permanent table http://rulewerk.semantic-web.org/normalForm/subProp (130) Permutation { idx_to_val: [], val_to_idx: [] } with 401 entries (13246)
21:10:00 [INFO] Rule duration: 0 ms
21:10:00 [INFO] <<< STEP 131: APPLYING RULE 31 http://rulewerk.semantic-web.org/normalForm/subProp(?R, ?T) :- http://rulewerk.semantic-web.org/normalForm/subProp(?R, ?S), directSubProp(?S, ?T) >>>
21:10:00 [INFO] Execution step: Body
21:10:00 [INFO] Saved temporary table: 410 entries (13222)
21:10:00 [INFO] Execution step: Duplicate Elimination (Datalog)
21:10:00 [INFO] Saved permanent table http://rulewerk.semantic-web.org/normalForm/subProp (131) Permutation { idx_to_val: [], val_to_idx: [] } with 410 entries (13270)
21:10:00 [INFO] Rule duration: 0 ms
21:10:00 [INFO] <<< STEP 132: APPLYING RULE 31 http://rulewerk.semantic-web.org/normalForm/subProp(?R, ?T) :- http://rulewerk.semantic-web.org/normalForm/subProp(?R, ?S), directSubProp(?S, ?T) >>>
21:10:00 [INFO] Execution step: Body
21:10:00 [INFO] Saved temporary table: 467 entries (13354)
21:10:00 [INFO] Execution step: Duplicate Elimination (Datalog)
21:10:00 [INFO] Saved permanent table http://rulewerk.semantic-web.org/normalForm/subProp (132) Permutation { idx_to_val: [], val_to_idx: [] } with 463 entries (13386)
21:10:00 [INFO] Rule duration: 0 ms
21:10:00 [INFO] <<< STEP 133: APPLYING RULE 31 http://rulewerk.semantic-web.org/normalForm/subProp(?R, ?T) :- http://rulewerk.semantic-web.org/normalForm/subProp(?R, ?S), directSubProp(?S, ?T) >>>
21:10:00 [INFO] Execution step: Body
21:10:00 [INFO] Saved temporary table: 472 entries (12678)
21:10:00 [INFO] Execution step: Duplicate Elimination (Datalog)
21:10:00 [INFO] Saved permanent table http://rulewerk.semantic-web.org/normalForm/subProp (133) Permutation { idx_to_val: [], val_to_idx: [] } with 461 entries (12658)
21:10:00 [INFO] Rule duration: 0 ms
21:10:00 [INFO] <<< STEP 134: APPLYING RULE 31 http://rulewerk.semantic-web.org/normalForm/subProp(?R, ?T) :- http://rulewerk.semantic-web.org/normalForm/subProp(?R, ?S), directSubProp(?S, ?T) >>>
21:10:00 [INFO] Execution step: Body
21:10:00 [INFO] Saved temporary table: 418 entries (11886)
21:10:00 [INFO] Execution step: Duplicate Elimination (Datalog)
21:10:00 [INFO] Saved permanent table http://rulewerk.semantic-web.org/normalForm/subProp (134) Permutation { idx_to_val: [], val_to_idx: [] } with 403 entries (11778)
21:10:00 [INFO] Rule duration: 0 ms
21:10:00 [INFO] <<< STEP 135: APPLYING RULE 31 http://rulewerk.semantic-web.org/normalForm/subProp(?R, ?T) :- http://rulewerk.semantic-web.org/normalForm/subProp(?R, ?S), directSubProp(?S, ?T) >>>
21:10:00 [INFO] Execution step: Body
21:10:00 [INFO] Saved temporary table: 285 entries (10646)
21:10:00 [INFO] Execution step: Duplicate Elimination (Datalog)
21:10:00 [INFO] Saved permanent table http://rulewerk.semantic-web.org/normalForm/subProp (135) Permutation { idx_to_val: [], val_to_idx: [] } with 213 entries (9602)
21:10:00 [INFO] Rule duration: 0 ms
21:10:00 [INFO] Execution step: Combining Tables
21:10:00 [INFO] Saved permanent table http://rulewerk.semantic-web.org/normalForm/subProp (0-137) Permutation { idx_to_val: [], val_to_idx: [] } with 3118 entries (24186)
21:10:00 [INFO] <<< STEP 136: APPLYING RULE 31 http://rulewerk.semantic-web.org/normalForm/subProp(?R, ?T) :- http://rulewerk.semantic-web.org/normalForm/subProp(?R, ?S), directSubProp(?S, ?T) >>>
21:10:00 [INFO] Execution step: Body
21:10:00 [INFO] Saved temporary table: 107 entries (8710)
21:10:00 [INFO] Execution step: Duplicate Elimination (Datalog)
21:10:00 [INFO] Saved permanent table http://rulewerk.semantic-web.org/normalForm/subProp (136) Permutation { idx_to_val: [], val_to_idx: [] } with 36 entries (8292)
21:10:00 [INFO] Rule duration: 0 ms
21:10:00 [INFO] <<< STEP 137: APPLYING RULE 31 http://rulewerk.semantic-web.org/normalForm/subProp(?R, ?T) :- http://rulewerk.semantic-web.org/normalForm/subProp(?R, ?S), directSubProp(?S, ?T) >>>
21:10:00 [INFO] Execution step: Body
21:10:00 [INFO] Saved temporary table: 11 entries (7416)
21:10:00 [INFO] Execution step: Duplicate Elimination (Datalog)
21:10:00 [INFO] Trie does not contain any elements
21:10:00 [INFO] Rule duration: 1 ms
21:10:00 [INFO] <<< STEP 138: APPLYING RULE 35 R_19(?X_1, <http://www.w3.org/2002/07/owl#intersectionOf>, ?X_4, ?X_5, ?X_1, ?X_3) :- http://rulewerk.semantic-web.org/normalForm/isMainClass(?X_1), http://rulewerk.semantic-web.org/normalForm/isMainClass(?_BODY_1), http://rulewerk.semantic-web.org/normalForm/isMainClass(?X_4), http://rulewerk.semantic-web.org/normalForm/isMainClass(?X_5), http://rulewerk.semantic-web.org/normalForm/isMainClass(?X_1), http://rulewerk.semantic-web.org/normalForm/isMainClass(?X_3), first(?X_1), Equal(?_BODY_1, <http://www.w3.org/2002/07/owl#intersectionOf>) >>>
21:10:00 [INFO] Execution step: Project/Reorder
21:10:00 [INFO] Saved temporary table: 15348 entries (64840)
21:10:00 [INFO] Execution step: Body
21:12:40 [INFO] Trie does not contain any elements
21:12:40 [INFO] Execution step: Duplicate Elimination (Datalog)
21:12:40 [INFO] Trie does not contain any elements
21:12:40 [INFO] Rule duration: 82927 ms
21:12:40 [INFO] <<< STEP 139: APPLYING RULE 36 R_36(?X_2, ?X_2) :- repOf(?X_2, ?_BODY_1), http://rulewerk.semantic-web.org/normalForm/subClassOf(?Z_1, ?X_2), directSubProp(?X_2, ?_BODY_2), Equal(?_BODY_1, ?X_2), Equal(?_BODY_2, <http://www.w3.org/2000/01/rdf-schema#subPropertyOf>) >>>
21:12:40 [INFO] Loading source SimpleTable { arity: 2, data: [AnyDataValue(PlainString(StringDataValue("str_16"))), AnyDataValue(PlainString(StringDataValue("str_22")))] }
21:12:40 [INFO] Execution step: Project/Reorder
21:12:40 [INFO] Saved temporary table: 958 entries (22266)
21:12:40 [INFO] Execution step: Body
21:12:40 [INFO] Saved temporary table: 12387 entries (52948)
21:12:40 [INFO] Execution step: Duplicate Elimination (Datalog)
21:12:40 [INFO] Saved permanent table R_36 (139) Permutation { idx_to_val: [], val_to_idx: [] } with 12387 entries (106332)
21:12:40 [INFO] Rule duration: 38 ms
21:12:40 [INFO] <<< STEP 140: APPLYING RULE 36 R_36(?X_2, ?X_2) :- repOf(?X_2, ?_BODY_1), http://rulewerk.semantic-web.org/normalForm/subClassOf(?Z_1, ?X_2), directSubProp(?X_2, ?_BODY_2), Equal(?_BODY_1, ?X_2), Equal(?_BODY_2, <http://www.w3.org/2000/01/rdf-schema#subPropertyOf>) >>>
21:12:40 [INFO] Execution step: Project/Reorder
21:12:40 [INFO] Saved temporary table: 958 entries (22266)
21:12:40 [INFO] Execution step: Body
21:12:40 [INFO] Trie does not contain any elements
21:12:40 [INFO] Execution step: Duplicate Elimination (Datalog)
21:12:40 [INFO] Trie does not contain any elements
21:12:40 [INFO] Rule duration: 0 ms
21:12:40 [INFO] <<< STEP 141: APPLYING RULE 40 R_21(<http://www.w3.org/2000/01/rdf-schema#subClassOf>, ?X_1, ?X_4, ?X_3) :- class(?_BODY_1), class(?X_1), class(?X_4), class(?X_3), R_8(?X_4, ?_BODY_2, ?X_3, ?_BODY_3, ?X_1, ?_BODY_4), Equal(?_BODY_1, <http://www.w3.org/2000/01/rdf-schema#subClassOf>), Equal(?_BODY_2, ?X_4), Equal(?_BODY_3, <http://www.w3.org/2000/01/rdf-schema#subClassOf>), Equal(?_BODY_4, ?X_1) >>>
21:12:40 [INFO] Loading source SimpleTable { arity: 4, data: [AnyDataValue(Iri(IriDataValue("c_9"))), AnyDataValue(UnsignedLong(UnsignedLongDataValue(4811099358950845008))), AnyDataValue(PlainString(StringDataValue("str_5"))), AnyDataValue(PlainString(StringDataValue("str_6")))] }
21:12:40 [INFO] Execution step: Project/Reorder
21:12:40 [INFO] Trie does not contain any elements
21:12:40 [INFO] Execution step: Body
