18:44:55 [INFO] ----------------------------------------------
18:44:55 [INFO] Beginning transformation mtf_CON_5500019
                Oracle:     CON          Number of T: 28
                Debug Mode: false          u64 Seed:    5500019
                Number of generating transformations: 30
                Internal Seed:          [120, 185, 19, 194, 165, 160, 33, 22, 144, 70, 237, 181, 169, 237, 90, 166, 141, 26, 3, 212, 36, 201, 169, 217, 42, 33, 36, 50, 65, 98, 112, 113]
                Seed File: Currently not supported!
18:44:55 [INFO] ----------------------------------------------
18:44:55 [INFO] -------------- Reading Seed File: ------------
18:44:55 [INFO] "/home/leo_repp/masterthesis/nemo/nemo-metamorphic-testing/examples/owl-el/from-owl-rdf/owl-rdf-complete-reasoning.rls"
18:44:56 [INFO] Renaming of rules complete
18:44:56 [INFO] --------- Finished Reading Seed file ---------
18:44:56 [INFO] ----------------------------------------------
18:44:56 [INFO] 
18:44:56 [INFO] ----------------------------------------------
18:44:56 [INFO] -------- Beginning Program Generation --------
18:44:56 [INFO] ----------------------------------------------
18:44:56 [INFO] 
18:44:56 [INFO] Removing old export statements
18:44:56 [INFO] Beginning inverse_stratum and ancestry computation starting at node R_OUT
18:44:56 [INFO] Ancestry and Inverse Stratum computation complete.
18:44:56 [INFO] Constructed lite ADG
18:44:56 [INFO] Generating Program...
18:44:56 [INFO] 
18:44:56 [INFO] 1 / 29
18:44:56 [INFO]   I Add Relational Node
18:44:56 [INFO]   Added new relation R_1
18:44:56 [INFO] 2 / 29
18:44:56 [INFO]   I Add Relational Node
18:44:56 [INFO]   Added new relation R_2
18:44:56 [INFO] 3 / 29
18:44:56 [INFO]   I Add Relational Node
18:44:56 [INFO]   Added new relation R_3
18:44:56 [INFO] 4 / 29
18:44:56 [INFO]   I Add Relational Node
18:44:56 [INFO]   Added new relation R_4
18:44:56 [INFO] 5 / 29
18:44:56 [INFO]   I Add Relational Node
18:44:56 [INFO]   Added new relation R_5
18:44:56 [INFO] 6 / 29
18:44:56 [INFO]   I Add Relational Node
18:44:56 [INFO]   Added new relation R_6
18:44:56 [INFO] 7 / 29
18:44:56 [INFO]   I Add Relational Node
18:44:56 [INFO]   Added new relation R_7
18:44:56 [INFO] 8 / 29
18:44:56 [INFO]   I Add Relational Node
18:44:56 [INFO]   Added new relation R_8
18:44:56 [INFO] 9 / 29
18:44:56 [INFO]   I Add Relational Node
18:44:56 [INFO]   Added new relation R_9
18:44:56 [INFO] 10 / 29
18:44:56 [INFO]   I Add Relational Node
18:44:56 [INFO]   Added new relation R_10
18:44:56 [INFO] 11 / 29
18:44:56 [INFO]   I Add Relational Node
18:44:56 [INFO]   Added new relation R_11
18:44:56 [INFO] 12 / 29
18:44:56 [INFO]   I Add Relational Node
18:44:56 [INFO]   Added new relation R_12
18:44:56 [INFO] 13 / 29
18:44:56 [INFO]   I Add Relational Node
18:44:56 [INFO]   Added new relation R_13
18:44:56 [INFO] 14 / 29
18:44:56 [INFO]   I Add Relational Node
18:44:56 [INFO]   Added new relation R_14
18:44:56 [INFO] 15 / 29
18:44:56 [INFO]   I Add Relational Node
18:44:56 [INFO]   Added new relation R_15
18:44:56 [INFO] 16 / 29
18:44:56 [INFO]   I Add Relational Node
18:44:56 [INFO]   Added new relation R_16
18:44:56 [INFO] 17 / 29
18:44:56 [INFO]   I Add Relational Node
18:44:56 [INFO]   Added new relation R_17
18:44:56 [INFO] 18 / 29
18:44:56 [INFO]   I Add Relational Node
18:44:56 [INFO]   Added new relation R_18
18:44:56 [INFO] 19 / 29
18:44:56 [INFO]   I Add Relational Node
18:44:56 [INFO]   Added new relation R_19
18:44:56 [INFO] 20 / 29
18:44:56 [INFO]   I Add Relational Node
18:44:56 [INFO]   Added new relation R_20
18:44:56 [INFO] 21 / 29
18:44:56 [INFO]   I Add Relational Node
18:44:56 [INFO]   Added new relation R_21
18:44:56 [INFO] 22 / 29
18:44:56 [INFO]   I Add Relational Node
18:44:56 [INFO]   Added new relation R_22
18:44:56 [INFO] 23 / 29
18:44:56 [INFO]   I Add Relational Node
18:44:56 [INFO]   Added new relation R_23
18:44:56 [INFO] 24 / 29
18:44:56 [INFO]   I Add Relational Node
18:44:56 [INFO]   Added new relation R_24
18:44:56 [INFO] 25 / 29
18:44:56 [INFO]   I Add Relational Node
18:44:56 [INFO]   Added new relation R_25
18:44:56 [INFO] 26 / 29
18:44:56 [INFO]   I Add Relational Node
18:44:56 [INFO]   Added new relation R_26
18:44:56 [INFO] 27 / 29
18:44:56 [INFO]   I Add Relational Node
18:44:56 [INFO]   Added new relation R_27
18:44:56 [INFO] 28 / 29
18:44:56 [INFO]   I Add Relational Node
18:44:56 [INFO]   Added new relation R_28
18:44:56 [INFO] 29 / 29
18:44:56 [INFO]   I Add Relational Node
18:44:56 [INFO]   Added new relation R_29
18:44:56 [INFO] 
18:44:56 [INFO] Adding a new rule for each relation other than the seed relations
18:44:56 [INFO] 
18:44:56 [INFO] 1 / 30
18:44:56 [INFO]   Generating new single body literal rule for R_OUT
18:44:56 [INFO]   Assigned relation R_OUT the artiy 2
18:44:56 [INFO]   Added new rule of name r_GEN_1
18:44:56 [INFO]   R_OUT(<http://www.w3.org/2000/01/rdf-schema#subPropertyOf>, ?X_1) :- next(<http://www.w3.org/2000/01/rdf-schema#subPropertyOf>, ?X_1) .
18:44:56 [INFO] 2 / 30
18:44:56 [INFO]   Generating new single body literal rule for R_1
18:44:56 [INFO]   Assigned relation R_1 the artiy 6
18:44:56 [INFO]   Assigned relation R_18 the artiy 6
18:44:56 [INFO]   Added new rule of name r_GEN_2
18:44:56 [INFO]   R_1(<http://www.w3.org/2002/07/owl#onProperty>, ?X_4, ?X_1, ?X_5, ?X_6, ?X_3) :- R_18(<http://www.w3.org/2002/07/owl#onProperty>, ?X_4, ?X_1, ?X_5, ?X_6, ?X_3) .
18:44:56 [INFO] 3 / 30
18:44:56 [INFO]   Generating new single body literal rule for R_2
18:44:56 [INFO]   Assigned relation R_2 the artiy 4
18:44:56 [INFO]   Assigned relation R_4 the artiy 6
18:44:56 [INFO]   Added new rule of name r_GEN_3
18:44:56 [INFO]   R_2(?X_2, ?X_1, <http://www.w3.org/2002/07/owl#equivalentClass>, ?X_3) :- R_4(?Y_1, ?X_1, <http://www.w3.org/2002/07/owl#equivalentClass>, ?Y_1, ?X_3, ?X_2) .
18:44:56 [INFO] 4 / 30
18:44:56 [INFO]   Generating new single body literal rule for R_3
18:44:56 [INFO]   Assigned relation R_3 the artiy 5
18:44:56 [INFO]   Assigned relation R_28 the artiy 6
18:44:56 [INFO]   Added new rule of name r_GEN_4
18:44:56 [INFO]   R_3(?X_3, ?X_2, ?X_4, ?X_4, ?X_1) :- R_28(?X_3, ?X_2, ?X_4, <http://www.w3.org/2002/07/owl#intersectionOf>, ?X_1, ?X_4) .
18:44:56 [INFO] 5 / 30
18:44:56 [INFO]   Generating new single body literal rule for R_4
18:44:56 [INFO]   Assigned relation R_25 the artiy 6
18:44:56 [INFO]   Added new rule of name r_GEN_5
18:44:56 [INFO]   R_4(?X_1, ?X_4, ?X_3, ?X_6, ?X_2, ?X_5) :- R_25(?X_1, ?X_4, ?X_3, ?X_6, ?X_2, ?X_5) .
18:44:56 [INFO] 6 / 30
18:44:56 [INFO]   Generating new single body literal rule for R_5
18:44:56 [INFO]   Assigned relation R_5 the artiy 5
18:44:56 [INFO]   Assigned relation R_23 the artiy 6
18:44:56 [INFO]   Added new rule of name r_GEN_6
18:44:56 [INFO]   R_5(?X_3, ?X_4, ?X_1, ?X_2, ?X_5) :- R_23(?X_3, ?X_4, ?X_1, ?X_2, ?X_4, ?X_5) .
18:44:56 [INFO] 7 / 30
18:44:56 [INFO]   Generating new single body literal rule for R_6
18:44:56 [INFO]   Assigned relation R_6 the artiy 4
18:44:56 [INFO]   Added new rule of name r_GEN_7
18:44:56 [INFO]   R_6(?X_2, <http://www.w3.org/2000/01/rdf-schema#subClassOf>, ?X_1, ?X_3) :- http://rulewerk.semantic-web.org/normalForm/isMainClass(?X_2), http://rulewerk.semantic-web.org/normalForm/isMainClass(<http://www.w3.org/2000/01/rdf-schema#subClassOf>), http://rulewerk.semantic-web.org/normalForm/isMainClass(?X_1), http://rulewerk.semantic-web.org/normalForm/isMainClass(?X_3) .
18:44:56 [INFO] 8 / 30
18:44:56 [INFO]   Generating new single body literal rule for R_7
18:44:56 [INFO]   Assigned relation R_7 the artiy 1
18:44:56 [INFO]   Assigned relation R_21 the artiy 1
18:44:56 [INFO]   Added new rule of name r_GEN_8
18:44:56 [INFO]   R_7(<http://www.w3.org/2002/07/owl#someValuesFrom>) :- R_21(<http://www.w3.org/2002/07/owl#someValuesFrom>) .
18:44:56 [INFO] 9 / 30
18:44:56 [INFO]   Generating new single body literal rule for R_8
18:44:56 [INFO]   Assigned relation R_8 the artiy 5
18:44:56 [INFO]   Assigned relation R_26 the artiy 6
18:44:56 [INFO]   Added new rule of name r_GEN_9
18:44:56 [INFO]   R_8(?X_3, <http://www.w3.org/1999/02/22-rdf-syntax-ns#first>, ?X_5, ?X_2, ?X_3) :- R_26(?X_3, <http://www.w3.org/1999/02/22-rdf-syntax-ns#first>, ?X_5, ?X_2, ?X_3, ?X_2) .
18:44:56 [INFO] 10 / 30
18:44:56 [INFO]   Generating new single body literal rule for R_9
18:44:56 [INFO]   Assigned relation R_9 the artiy 5
18:44:56 [INFO]   Added new rule of name r_GEN_10
18:44:56 [INFO]   R_9(?X_3, "<http://www.w3.org/2002/07/owl#Nothing>", ?X_4, ?X_2, ?X_1) :- http://rulewerk.semantic-web.org/normalForm/subProp(?X_2, "<http://www.w3.org/2002/07/owl#Nothing>"), http://rulewerk.semantic-web.org/normalForm/subProp(?X_4, ?X_2), http://rulewerk.semantic-web.org/normalForm/subProp(?X_1, ?X_3) .
18:44:56 [INFO] 11 / 30
18:44:56 [INFO]   Generating new single body literal rule for R_10
18:44:56 [INFO]   Assigned relation R_10 the artiy 6
18:44:56 [INFO]   Assigned relation R_29 the artiy 6
18:44:56 [INFO]   Added new rule of name r_GEN_11
18:44:56 [INFO]   R_10(?X_2, <http://www.w3.org/2002/07/owl#disjointWith>, ?X_6, ?X_3, ?X_4, ?X_2) :- R_29(?X_2, <http://www.w3.org/2002/07/owl#disjointWith>, ?X_6, ?X_3, ?X_4, ?X_2) .
18:44:56 [INFO] 12 / 30
18:44:56 [INFO]   Generating new single body literal rule for R_11
18:44:56 [INFO]   Assigned relation R_11 the artiy 3
18:44:56 [INFO]   Added new rule of name r_GEN_12
18:44:56 [INFO]   R_11(?X_2, ?X_1, ?X_2) :- R_OUT(?Y_1, ?X_1), R_OUT(?X_2, ?X_2) .
18:44:56 [INFO] 13 / 30
18:44:56 [INFO]   Generating new single body literal rule for R_12
18:44:56 [INFO]   Assigned relation R_12 the artiy 4
18:44:56 [INFO]   Assigned relation R_16 the artiy 5
18:44:56 [INFO]   Added new rule of name r_GEN_13
18:44:56 [INFO]   R_12(<http://www.w3.org/1999/02/22-rdf-syntax-ns#nil>, ?X_4, ?X_1, ?X_3) :- R_16(<http://www.w3.org/1999/02/22-rdf-syntax-ns#nil>, ?X_4, ?X_3, ?X_3, ?X_1) .
18:44:56 [INFO] 14 / 30
18:44:56 [INFO]   Generating new single body literal rule for R_13
18:44:56 [INFO]   Assigned relation R_13 the artiy 3
18:44:56 [INFO]   Added new rule of name r_GEN_14
18:44:56 [INFO]   R_13(?X_2, <http://www.w3.org/2002/07/owl#disjointWith>, ?X_1) :- http://rulewerk.semantic-web.org/inferred/ex(?X_2, <http://www.w3.org/2002/07/owl#disjointWith>, ?X_1) .
18:44:56 [INFO] 15 / 30
18:44:56 [INFO]   Generating new single body literal rule for R_14
18:44:56 [INFO]   Assigned relation R_14 the artiy 1
18:44:56 [INFO]   Added new rule of name r_GEN_15
18:44:56 [INFO]   R_14(?X_1) :- R_12(?X_1, <http://www.w3.org/2002/07/owl#onProperty>, ?Y_1, ?X_1) .
18:44:56 [INFO] 16 / 30
18:44:56 [INFO]   Generating new single body literal rule for R_15
18:44:56 [INFO]   Assigned relation R_15 the artiy 3
18:44:56 [INFO]   Added new rule of name r_GEN_16
18:44:56 [INFO]   R_15(?X_2, ?X_1, ?X_3) :- R_28(?X_2, ?X_1, ?X_3, <http://www.w3.org/1999/02/22-rdf-syntax-ns#first>, ?Y_1, ?X_3) .
18:44:56 [INFO] 17 / 30
18:44:56 [INFO]   Generating new single body literal rule for R_16
18:44:56 [INFO]   Added new rule of name r_GEN_17
18:44:56 [INFO]   R_16(?X_5, ?X_3, ?X_4, ?X_1, ?X_4) :- prepareSco(?X_5, ?X_3), prepareSco(?X_4, ?X_1), prepareSco(?X_4, ?X_4) .
18:44:56 [INFO] 18 / 30
18:44:56 [INFO]   Generating new single body literal rule for R_17
18:44:56 [INFO]   Assigned relation R_17 the artiy 3
18:44:56 [INFO]   Added new rule of name r_GEN_18
18:44:56 [INFO]   R_17(?X_1, ?X_2, ?X_3) :- R_17(?X_1, ?X_2, ?X_3) .
18:44:56 [INFO] 19 / 30
18:44:56 [INFO]   Generating new single body literal rule for R_18
18:44:56 [INFO]   Added new rule of name r_GEN_19
18:44:56 [INFO]   R_18(<http://www.w3.org/2000/01/rdf-schema#subClassOf>, ?X_1, ?X_4, ?X_5, ?X_6, ?X_2) :- in(<http://www.w3.org/2000/01/rdf-schema#subClassOf>, ?X_1), in(?X_4, ?X_5), in(?X_6, ?X_2) .
18:44:56 [INFO] 20 / 30
18:44:56 [INFO]   Generating new single body literal rule for R_19
18:44:56 [INFO]   Assigned relation R_19 the artiy 3
18:44:56 [INFO]   Added new rule of name r_GEN_20
18:44:56 [INFO]   R_19(<http://www.w3.org/2002/07/owl#propertyChain>, ?X_1, ?X_2) :- R_4(<http://www.w3.org/2002/07/owl#propertyChain>, ?X_1, ?X_2, ?X_2, ?X_1, ?X_2) .
18:44:56 [INFO] 21 / 30
18:44:56 [INFO]   Generating new single body literal rule for R_20
18:44:56 [INFO]   Assigned relation R_20 the artiy 4
18:44:56 [INFO]   Added new rule of name r_GEN_21
18:44:56 [INFO]   R_20(?X_4, <http://www.w3.org/2002/07/owl#intersectionOf>, ?X_1, ?X_3) :- directSubProp(?X_4, <http://www.w3.org/2002/07/owl#intersectionOf>), directSubProp(?X_1, ?X_3) .
18:44:56 [INFO] 22 / 30
18:44:56 [INFO]   Generating new single body literal rule for R_21
18:44:56 [INFO]   Added new rule of name r_GEN_22
18:44:56 [INFO]   R_21(?X_1) :- http://rulewerk.semantic-web.org/inferred/ex(?Y_1, ?X_1, <http://www.w3.org/2002/07/owl#equivalentClass>) .
18:44:56 [INFO] 23 / 30
18:44:56 [INFO]   Generating new single body literal rule for R_22
18:44:56 [INFO]   Assigned relation R_22 the artiy 6
18:44:56 [INFO]   Added new rule of name r_GEN_23
18:44:56 [INFO]   R_22(?X_5, ?X_4, ?X_1, ?X_3, ?X_2, ?X_6) :- R_25(?X_5, ?X_4, ?X_1, ?X_3, ?X_2, ?X_6) .
18:44:56 [INFO] 24 / 30
18:44:56 [INFO]   Generating new single body literal rule for R_23
18:44:56 [INFO]   Added new rule of name r_GEN_24
18:44:56 [INFO]   R_23(<http://www.w3.org/1999/02/22-rdf-syntax-ns#first>, ?X_2, ?X_1, ?X_3, ?X_2, ?X_4) :- R_22(<http://www.w3.org/1999/02/22-rdf-syntax-ns#first>, ?X_2, ?X_1, ?X_3, ?X_2, ?X_4) .
18:44:56 [INFO] 25 / 30
18:44:56 [INFO]   Generating new single body literal rule for R_24
18:44:56 [INFO]   Assigned relation R_24 the artiy 4
18:44:56 [INFO]   Added new rule of name r_GEN_25
18:44:56 [INFO]   R_24(?X_3, <http://www.w3.org/2002/07/owl#propertyChain>, ?X_1, ?X_4) :- R_15(?X_3, <http://www.w3.org/2002/07/owl#propertyChain>, ?X_1), R_15(?X_4, <http://www.w3.org/2002/07/owl#propertyChain>, ?Y_1) .
18:44:56 [INFO] 26 / 30
18:44:56 [INFO]   Generating new single body literal rule for R_25
18:44:56 [INFO]   Added new rule of name r_GEN_26
18:44:56 [INFO]   R_25(?X_2, ?X_1, ?X_4, ?X_6, ?X_5, ?X_1) :- TRIPLE(?X_2, ?X_1, ?X_4), TRIPLE(?X_6, ?X_5, ?X_1) .
18:44:56 [INFO] 27 / 30
18:44:56 [INFO]   Generating new single body literal rule for R_26
18:44:56 [INFO]   Added new rule of name r_GEN_27
18:44:56 [INFO]   R_26(<http://www.w3.org/2002/07/owl#someValuesFrom>, ?X_6, ?X_2, ?X_2, ?X_3, ?X_4) :- repOf(<http://www.w3.org/2002/07/owl#someValuesFrom>, ?X_6), repOf(?X_2, ?X_2), repOf(?X_3, ?X_4) .
18:44:56 [INFO] 28 / 30
18:44:56 [INFO]   Generating new single body literal rule for R_27
18:44:56 [INFO]   Assigned relation R_27 the artiy 6
18:44:56 [INFO]   Added new rule of name r_GEN_28
18:44:56 [INFO]   R_27(?X_2, ?X_4, ?X_1, <http://www.w3.org/2002/07/owl#equivalentClass>, ?X_4, ?X_3) :- repOf(?X_2, ?X_4), repOf(?X_1, <http://www.w3.org/2002/07/owl#equivalentClass>), repOf(?X_4, ?X_3) .
18:44:56 [INFO] 29 / 30
18:44:56 [INFO]   Generating new single body literal rule for R_28
18:44:56 [INFO]   Added new rule of name r_GEN_29
18:44:56 [INFO]   R_28(<http://www.w3.org/2000/01/rdf-schema#subPropertyOf>, ?X_6, ?X_1, ?X_4, ?X_1, ?X_5) :- http://rulewerk.semantic-web.org/inferred/ex(<http://www.w3.org/2000/01/rdf-schema#subPropertyOf>, ?X_6, ?X_1), http://rulewerk.semantic-web.org/inferred/ex(?X_4, ?X_1, ?X_5) .
18:44:56 [INFO] 30 / 30
18:44:56 [INFO]   Generating new single body literal rule for R_29
18:44:56 [INFO]   Added new rule of name r_GEN_30
18:44:56 [INFO]   R_29(?X_1, ?X_4, <http://www.w3.org/2002/07/owl#propertyChain>, ?X_5, ?X_2, ?X_3) :- R_8(?X_4, ?X_4, ?X_1, ?X_5, ?X_2), R_8(?X_2, ?X_1, ?X_2, ?X_3, <http://www.w3.org/2002/07/owl#propertyChain>) .
18:44:56 [INFO] 
18:44:56 [INFO] Adding a outgoing relational edge for each relation other than R_OUT
18:44:56 [INFO] 
18:44:56 [INFO] 1 / 57
18:44:56 [INFO]   Adding outgoing relational edge from ClassObject for r_GEN_7
18:44:56 [INFO]   Generated literal ClassObject(?X_2) for rule r_GEN_7
18:44:56 [INFO] 2 / 57
18:44:56 [INFO]   Adding outgoing relational edge from ClassSubject for r_GEN_12
18:44:56 [INFO]   Generated literal ~ClassSubject(?X_2) for rule r_GEN_12
18:44:56 [INFO] 3 / 57
18:44:56 [INFO]   Adding outgoing relational edge from TRIPLE for r_GEN_15
18:44:56 [INFO]   Generated literal TRIPLE(?Z_2, ?X_1, ?X_1) for rule r_GEN_15
18:44:56 [INFO] 4 / 57
18:44:56 [INFO]   Adding outgoing relational edge from auxClass for r_GEN_15
18:44:56 [INFO]   Generated literal auxClass(?Z_3) for rule r_GEN_15
18:44:56 [INFO] 5 / 57
18:44:56 [INFO]   Adding outgoing relational edge from class for r_GEN_10
18:44:56 [INFO]   Generated literal class(?X_3) for rule r_GEN_10
18:44:56 [INFO] 6 / 57
18:44:56 [INFO]   Adding outgoing relational edge from directSubProp for r_GEN_7
18:44:56 [INFO]   Generated literal ~directSubProp(?X_3, ?X_1) for rule r_GEN_7
18:44:56 [INFO] 7 / 57
18:44:56 [INFO]   Adding outgoing relational edge from first for r_GEN_6
18:44:56 [INFO]   Generated literal first(?X_1) for rule r_GEN_6
18:44:56 [INFO] 8 / 57
18:44:56 [INFO]   Adding outgoing relational edge from http://rulewerk.semantic-web.org/inferred/ex for r_GEN_24
18:44:56 [INFO]   Generated literal http://rulewerk.semantic-web.org/inferred/ex(?Z_1, ?Z_3, ?Z_2) for rule r_GEN_24
18:44:56 [INFO] 9 / 57
18:44:56 [INFO]   Adding outgoing relational edge from http://rulewerk.semantic-web.org/inferred/init for r_GEN_16
18:44:56 [INFO]   Generated literal http://rulewerk.semantic-web.org/inferred/init(?Z_1) for rule r_GEN_16
18:44:56 [INFO] 10 / 57
18:44:56 [INFO]   Adding outgoing relational edge from http://rulewerk.semantic-web.org/inferred/subClassOf for r_GEN_27
18:44:56 [INFO]   Generated literal http://rulewerk.semantic-web.org/inferred/subClassOf(?Z_2, ?X_4) for rule r_GEN_27
18:44:56 [INFO] 11 / 57
18:44:56 [INFO]   Adding outgoing relational edge from http://rulewerk.semantic-web.org/normalForm/conj for r_GEN_6
18:44:56 [INFO]   Generated literal http://rulewerk.semantic-web.org/normalForm/conj(?Z_5, ?Z_4, ?X_3) for rule r_GEN_6
18:44:56 [INFO] 12 / 57
18:44:56 [INFO]   Adding outgoing relational edge from http://rulewerk.semantic-web.org/normalForm/exists for r_GEN_14
18:44:56 [INFO]   Generated literal ~http://rulewerk.semantic-web.org/normalForm/exists(?X_1, <http://www.w3.org/1999/02/22-rdf-syntax-ns#nil>, ?X_2) for rule r_GEN_14
18:44:56 [INFO] 13 / 57
18:44:56 [INFO]   Adding outgoing relational edge from http://rulewerk.semantic-web.org/normalForm/isMainClass for r_GEN_23
18:44:56 [INFO]   Generated literal http://rulewerk.semantic-web.org/normalForm/isMainClass(?X_1) for rule r_GEN_23
18:44:56 [INFO] 14 / 57
18:44:56 [INFO]   Adding outgoing relational edge from http://rulewerk.semantic-web.org/normalForm/isSubClass for r_GEN_29
18:44:56 [INFO]   Generated literal ~http://rulewerk.semantic-web.org/normalForm/isSubClass(?X_5) for rule r_GEN_29
18:44:56 [INFO] 15 / 57
18:44:56 [INFO]   Adding outgoing relational edge from http://rulewerk.semantic-web.org/normalForm/subClassOf for r_GEN_1
18:44:56 [INFO]   Generated literal ~http://rulewerk.semantic-web.org/normalForm/subClassOf(?X_1, ?X_1) for rule r_GEN_1
18:44:56 [INFO] 16 / 57
18:44:56 [INFO]   Adding outgoing relational edge from http://rulewerk.semantic-web.org/normalForm/subProp for r_GEN_16
18:44:56 [INFO]   Generated literal http://rulewerk.semantic-web.org/normalForm/subProp(?X_3, ?X_3) for rule r_GEN_16
18:44:56 [INFO] 17 / 57
18:44:56 [INFO]   Adding outgoing relational edge from http://rulewerk.semantic-web.org/normalForm/subPropChain for r_GEN_9
18:44:56 [INFO]   Generated literal ~http://rulewerk.semantic-web.org/normalForm/subPropChain(?X_2, ?X_3, ?X_5) for rule r_GEN_9
18:44:56 [INFO] 18 / 57
18:44:56 [INFO]   Adding outgoing relational edge from in for r_GEN_25
18:44:56 [INFO]   Generated literal in(?X_1, <http://www.w3.org/2002/07/owl#onProperty>) for rule r_GEN_25
18:44:56 [INFO] 19 / 57
18:44:56 [INFO]   Adding outgoing relational edge from last for r_GEN_22
18:44:56 [INFO]   Generated literal ~last(?X_1) for rule r_GEN_22
18:44:56 [INFO] 20 / 57
18:44:56 [INFO]   Adding outgoing relational edge from mainSubClassOf for r_GEN_19
18:44:56 [INFO]   Generated literal ~mainSubClassOf(?X_1, ?X_6) for rule r_GEN_19
18:44:56 [INFO] 21 / 57
18:44:56 [INFO]   Adding outgoing relational edge from next for r_GEN_29
18:44:56 [INFO]   Generated literal ~next(?X_1, ?X_5) for rule r_GEN_29
18:44:56 [INFO] 22 / 57
18:44:56 [INFO]   Adding outgoing relational edge from nonfirst for r_GEN_29
18:44:56 [INFO]   Generated literal nonfirst(?X_1) for rule r_GEN_29
18:44:56 [INFO] 23 / 57
18:44:56 [INFO]   Adding outgoing relational edge from nonlast for r_GEN_3
18:44:56 [INFO]   Generated literal nonlast(?Y_1) for rule r_GEN_3
18:44:56 [INFO] 24 / 57
18:44:56 [INFO]   Adding outgoing relational edge from prepareSco for r_GEN_12
18:44:56 [INFO]   Generated literal ~prepareSco(?X_2, ?X_2) for rule r_GEN_12
18:44:56 [INFO] 25 / 57
18:44:56 [INFO]   Adding outgoing relational edge from repOf for r_GEN_16
18:44:56 [INFO]   Generated literal repOf(?X_3, ?Z_1) for rule r_GEN_16
18:44:56 [INFO] 26 / 57
18:44:56 [INFO]   Adding outgoing relational edge from synConj for r_GEN_14
18:44:56 [INFO]   Generated literal synConj(?X_2, ?X_1, ?X_1) for rule r_GEN_14
18:44:56 [INFO] 27 / 57
18:44:56 [INFO]   Adding outgoing relational edge from synEx for r_GEN_27
18:44:56 [INFO]   Generated literal ~synEx(?X_2, ?X_4, ?X_6) for rule r_GEN_27
18:44:56 [INFO] 28 / 57
18:44:56 [INFO]   Adding outgoing relational edge from synExRep for r_GEN_18
18:44:56 [INFO]   Generated literal synExRep(?Z_2, ?X_2, ?X_1) for rule r_GEN_18
18:44:56 [INFO] 29 / 57
18:44:56 [INFO]   Adding outgoing relational edge from R_1 for r_GEN_29
18:44:56 [INFO]   Generated literal R_1(?X_4, ?X_1, ?Z_1, ?Z_3, ?X_1, ?X_5) for rule r_GEN_29
18:44:56 [INFO] 30 / 57
18:44:56 [INFO]   Adding outgoing relational edge from R_2 for r_GEN_18
18:44:56 [INFO]   Generated literal R_2(?X_3, ?Z_1, ?X_2, ?X_1) for rule r_GEN_18
18:44:56 [INFO] 31 / 57
18:44:56 [INFO]   Adding outgoing relational edge from R_3 for r_GEN_23
18:44:56 [INFO]   Generated literal R_3(?Z_3, ?Z_1, ?X_4, ?X_6, ?X_4) for rule r_GEN_23
18:44:56 [INFO] 32 / 57
18:44:56 [INFO]   Adding outgoing relational edge from R_4 for r_GEN_13
18:44:56 [INFO]   Generated literal R_4(?X_3, ?X_1, ?X_4, ?X_4, ?Z_3, <http://www.w3.org/2002/07/owl#equivalentClass>) for rule r_GEN_13
18:44:56 [INFO] 33 / 57
18:44:56 [INFO]   Adding outgoing relational edge from R_5 for r_GEN_1
18:44:56 [INFO]   Generated literal R_5(?X_1, ?Z_1, ?Z_2, ?X_1, ?X_1) for rule r_GEN_1
18:44:56 [INFO] 34 / 57
18:44:56 [INFO]   Adding outgoing relational edge from R_6 for r_GEN_28
18:44:56 [INFO]   Generated literal R_6(?X_1, ?X_4, ?X_4, ?Z_1) for rule r_GEN_28
18:44:56 [INFO] 35 / 57
18:44:56 [INFO]   Adding outgoing relational edge from R_7 for r_GEN_1
18:44:56 [INFO]   Generated literal R_7(?X_1) for rule r_GEN_1
18:44:56 [INFO] 36 / 57
18:44:56 [INFO]   Adding outgoing relational edge from R_8 for r_GEN_2
18:44:56 [INFO]   Generated literal R_8(?X_5, ?X_3, ?X_6, ?X_3, ?Z_4) for rule r_GEN_2
18:44:56 [INFO] 37 / 57
18:44:56 [INFO]   Adding outgoing relational edge from R_9 for r_GEN_27
18:44:56 [INFO]   Generated literal R_9(?X_6, ?X_4, ?X_4, ?X_2, ?X_6) for rule r_GEN_27
18:44:56 [INFO] 38 / 57
18:44:56 [INFO]   Adding outgoing relational edge from R_10 for r_GEN_25
18:44:56 [INFO]   Generated literal R_10(?Y_1, ?X_3, ?Z_3, ?X_1, ?X_4, ?X_1) for rule r_GEN_25
18:44:56 [INFO] 39 / 57
18:44:56 [INFO]   Adding outgoing relational edge from R_11 for r_GEN_6
18:44:56 [INFO]   Generated literal R_11(?Z_4, ?X_1, ?X_4) for rule r_GEN_6
18:44:56 [INFO] 40 / 57
18:44:56 [INFO]   Adding outgoing relational edge from R_12 for r_GEN_19
18:44:56 [INFO]   Generated literal ~R_12(?X_1, ?X_4, ?X_2, ?X_1) for rule r_GEN_19
18:44:56 [INFO] 41 / 57
18:44:56 [INFO]   Adding outgoing relational edge from R_13 for r_GEN_16
18:44:56 [INFO]   Generated literal R_13(?X_1, ?X_3, ?X_3) for rule r_GEN_16
18:44:56 [INFO] 42 / 57
18:44:56 [INFO]   Adding outgoing relational edge from R_14 for r_GEN_13
18:44:56 [INFO]   Generated literal R_14(?X_4) for rule r_GEN_13
18:44:56 [INFO] 43 / 57
18:44:56 [INFO]   Adding outgoing relational edge from R_15 for r_GEN_6
18:44:56 [INFO]   Generated literal R_15(?X_4, ?X_5, ?X_1) for rule r_GEN_6
18:44:56 [INFO] 44 / 57
18:44:56 [INFO]   Adding outgoing relational edge from R_16 for r_GEN_9
18:44:56 [INFO]   Generated literal R_16(?X_3, ?X_5, ?Z_4, ?X_3, ?X_3) for rule r_GEN_9
18:44:56 [INFO] 45 / 57
18:44:56 [INFO]   Adding outgoing relational edge from R_17 for r_GEN_23
18:44:56 [INFO]   Generated literal ~R_17(?X_1, ?X_4, ?X_2) for rule r_GEN_23
18:44:56 [INFO] 46 / 57
18:44:56 [INFO]   Adding outgoing relational edge from R_18 for r_GEN_9
18:44:56 [INFO]   Generated literal R_18(?X_3, ?X_2, ?Z_8, ?Z_2, ?X_2, ?Z_3) for rule r_GEN_9
18:44:56 [INFO] 47 / 57
18:44:56 [INFO]   Adding outgoing relational edge from R_19 for r_GEN_6
18:44:56 [INFO]   Generated literal R_19(?Z_4, ?X_4, ?X_1) for rule r_GEN_6
18:44:56 [INFO] 48 / 57
18:44:56 [INFO]   Adding outgoing relational edge from R_20 for r_GEN_14
18:44:56 [INFO]   Generated literal R_20(?Z_3, ?X_1, ?X_2, ?X_1) for rule r_GEN_14
18:44:56 [INFO] 49 / 57
18:44:56 [INFO]   Adding outgoing relational edge from R_21 for r_GEN_28
18:44:56 [INFO]   Generated literal ~R_21(?X_4) for rule r_GEN_28
18:44:56 [INFO] 50 / 57
18:44:56 [INFO]   Adding outgoing relational edge from R_22 for r_GEN_27
18:44:56 [INFO]   Generated literal R_22(?Z_6, ?X_6, ?X_4, <http://www.w3.org/2000/01/rdf-schema#subClassOf>, ?X_2, ?Z_5) for rule r_GEN_27
18:44:56 [INFO] 51 / 57
18:44:56 [INFO]   Adding outgoing relational edge from R_23 for r_GEN_11
18:44:56 [INFO]   Generated literal R_23(?Z_4, ?X_2, ?X_3, ?X_4, <http://www.w3.org/2002/07/owl#intersectionOf>, ?X_4) for rule r_GEN_11
18:44:56 [INFO] 52 / 57
18:44:56 [INFO]   Adding outgoing relational edge from R_24 for r_GEN_12
18:44:56 [INFO]   Generated literal R_24(?X_2, ?X_1, ?X_2, ?X_2) for rule r_GEN_12
18:44:56 [INFO] 53 / 57
18:44:56 [INFO]   Adding outgoing relational edge from R_25 for r_GEN_10
18:44:56 [INFO]   Generated literal ~R_25(?X_3, ?X_4, <http://www.w3.org/2002/07/owl#equivalentClass>, ?X_3, ?X_1, ?X_1) for rule r_GEN_10
18:44:56 [INFO] 54 / 57
18:44:56 [INFO]   Adding outgoing relational edge from R_26 for r_GEN_28
18:44:56 [INFO]   Generated literal R_26(?Z_6, ?X_4, ?X_2, ?Z_4, ?X_4, <http://www.w3.org/2002/07/owl#propertyChain>) for rule r_GEN_28
18:44:56 [INFO] 55 / 57
18:44:56 [INFO]   Adding outgoing relational edge from R_27 for r_GEN_21
18:44:56 [INFO]   Generated literal ~R_27(<http://www.w3.org/2002/07/owl#someValuesFrom>, ?X_1, ?X_4, ?X_3, ?X_3, ?X_4) for rule r_GEN_21
18:44:56 [INFO] 56 / 57
18:44:56 [INFO]   Adding outgoing relational edge from R_28 for r_GEN_12
18:44:56 [INFO]   Generated literal R_28(?Y_1, ?Z_4, ?X_2, ?X_2, ?X_2, ?X_2) for rule r_GEN_12
18:44:56 [INFO] 57 / 57
18:44:56 [INFO]   Adding outgoing relational edge from R_29 for r_GEN_24
18:44:56 [INFO]   Generated literal R_29(?X_2, ?X_3, ?Z_3, ?Z_2, ?X_4, ?X_2) for rule r_GEN_24
18:44:56 [INFO] 
18:44:56 [INFO] Adding gen. size facts
18:44:56 [INFO] 
18:44:56 [INFO] 1 / 30
18:44:56 [INFO]   II Add Fact Node and Edge
18:44:56 [INFO]   Added new fact R_29("str_1", 18224627337033890099, c_1, 4775054159690564854, "str_2", <http://www.w3.org/2002/07/owl#intersectionOf>).
18:44:56 [INFO] 2 / 30
18:44:56 [INFO]   II Add Fact Node and Edge
18:44:56 [INFO]   Added new fact R_7(<http://www.w3.org/2000/01/rdf-schema#subClassOf>).
18:44:56 [INFO] 3 / 30
18:44:56 [INFO]   II Add Fact Node and Edge
18:44:56 [INFO]   Added new fact R_6(<http://www.w3.org/2002/07/owl#someValuesFrom>, <http://www.w3.org/2002/07/owl#intersectionOf>, <http://www.w3.org/2002/07/owl#intersectionOf>, <http://www.w3.org/2002/07/owl#onProperty>).
18:44:56 [INFO] 4 / 30
18:44:56 [INFO]   II Add Fact Node and Edge
18:44:56 [INFO]   Added new fact R_6(c_2, "str_1", <http://www.w3.org/2000/01/rdf-schema#subClassOf>, 5212281777913270014).
18:44:56 [INFO] 5 / 30
18:44:56 [INFO]   II Add Fact Node and Edge
18:44:56 [INFO]   Added new fact R_27(<http://www.w3.org/2002/07/owl#disjointWith>, "str_3", c_3, 5212281777913270014, <http://www.w3.org/2002/07/owl#someValuesFrom>, <http://www.w3.org/2002/07/owl#intersectionOf>).
18:44:56 [INFO] 6 / 30
18:44:56 [INFO]   II Add Fact Node and Edge
18:44:56 [INFO]   Added new fact R_27(13094496824040567762, 12501160599866116044, "str_4", <http://www.w3.org/2000/01/rdf-schema#subPropertyOf>, c_4, "str_5").
18:44:56 [INFO] 7 / 30
18:44:56 [INFO]   II Add Fact Node and Edge
18:44:56 [INFO]   Added new fact R_15(c_5, 17122736574521185340, <http://www.w3.org/2000/01/rdf-schema#subPropertyOf>).
18:44:56 [INFO] 8 / 30
18:44:56 [INFO]   II Add Fact Node and Edge
18:44:56 [INFO]   Added new fact R_19(<http://www.w3.org/2000/01/rdf-schema#subClassOf>, c_6, "str_3").
18:44:56 [INFO] 9 / 30
18:44:56 [INFO]   II Add Fact Node and Edge
18:44:56 [INFO]   Added new fact R_6(18224627337033890099, c_7, <http://www.w3.org/2002/07/owl#equivalentClass>, 12501160599866116044).
18:44:56 [INFO] 10 / 30
18:44:56 [INFO]   II Add Fact Node and Edge
18:44:56 [INFO]   Added new fact R_27(<http://www.w3.org/1999/02/22-rdf-syntax-ns#first>, 9222219536591031438, c_4, c_8, <http://www.w3.org/2000/01/rdf-schema#subPropertyOf>, c_9).
18:44:56 [INFO] 11 / 30
18:44:56 [INFO]   II Add Fact Node and Edge
18:44:56 [INFO]   Added new fact R_13(c_10, c_11, "str_1").
18:44:56 [INFO] 12 / 30
18:44:56 [INFO]   II Add Fact Node and Edge
18:44:56 [INFO]   Added new fact R_OUT(c_12, "str_6").
18:44:56 [INFO] 13 / 30
18:44:56 [INFO]   II Add Fact Node and Edge
18:44:56 [INFO]   Added new fact R_19("str_7", 18364758193411404491, c_13).
18:44:56 [INFO] 14 / 30
18:44:56 [INFO]   II Add Fact Node and Edge
18:44:56 [INFO]   Added new fact R_27(18364758193411404491, 10345855565341844848, c_1, c_14, 18364758193411404491, c_5).
18:44:56 [INFO] 15 / 30
18:44:56 [INFO]   II Add Fact Node and Edge
18:44:56 [INFO]   Added new fact R_6("<http://www.w3.org/2002/07/owl#Nothing>", "str_8", c_13, 16103988145069398140).
18:44:56 [INFO] 16 / 30
18:44:56 [INFO]   II Add Fact Node and Edge
18:44:56 [INFO]   Added new fact R_27(c_3, c_15, "str_9", c_16, c_17, <http://www.w3.org/2002/07/owl#intersectionOf>).
18:44:56 [INFO] 17 / 30
18:44:56 [INFO]   II Add Fact Node and Edge
18:44:56 [INFO]   Added new fact R_27("str_8", "str_3", c_4, c_8, <http://www.w3.org/2000/01/rdf-schema#subPropertyOf>, "str_10").
18:44:56 [INFO] 18 / 30
18:44:56 [INFO]   II Add Fact Node and Edge
18:44:56 [INFO]   Added new fact R_6(6585472424535280959, <http://www.w3.org/1999/02/22-rdf-syntax-ns#first>, c_5, "str_9").
18:44:56 [INFO] 19 / 30
18:44:56 [INFO]   II Add Fact Node and Edge
18:44:56 [INFO]   Added new fact R_27(c_18, c_19, "str_11", "str_8", <http://www.w3.org/2002/07/owl#intersectionOf>, <http://www.w3.org/2002/07/owl#intersectionOf>).
18:44:56 [INFO] 20 / 30
18:44:56 [INFO]   II Add Fact Node and Edge
18:44:56 [INFO]   Added new fact R_23("str_12", c_16, "str_9", c_4, "str_13", "str_14").
18:44:56 [INFO] 21 / 30
18:44:56 [INFO]   II Add Fact Node and Edge
18:44:56 [INFO]   Added new fact R_23(c_14, "str_15", "str_3", "str_15", 5172723633948807197, c_20).
18:44:56 [INFO] 22 / 30
18:44:56 [INFO]   II Add Fact Node and Edge
18:44:56 [INFO]   Added new fact R_6(7312945419571468139, 15578749118835071120, "str_16", c_21).
18:44:56 [INFO] 23 / 30
18:44:56 [INFO]   II Add Fact Node and Edge
18:44:56 [INFO]   Added new fact R_11(c_8, c_22, "str_13").
18:44:56 [INFO] 24 / 30
18:44:56 [INFO]   II Add Fact Node and Edge
18:44:56 [INFO]   Added new fact R_29(c_23, c_24, 7635555549770573704, 10092324753490282406, c_25, c_26).
18:44:56 [INFO] 25 / 30
18:44:56 [INFO]   II Add Fact Node and Edge
18:44:56 [INFO]   Added new fact R_6(179513151031439072, "str_17", "str_18", <http://www.w3.org/2002/07/owl#equivalentClass>).
18:44:56 [INFO] 26 / 30
18:44:56 [INFO]   II Add Fact Node and Edge
18:44:56 [INFO]   Added new fact R_7("str_19").
18:44:56 [INFO] 27 / 30
18:44:56 [INFO]   II Add Fact Node and Edge
18:44:56 [INFO]   Added new fact R_6(c_27, c_7, "str_20", c_28).
18:44:56 [INFO] 28 / 30
18:44:56 [INFO]   II Add Fact Node and Edge
18:44:56 [INFO]   Added new fact R_20(c_29, 7635555549770573704, c_28, c_28).
18:44:56 [INFO] 29 / 30
18:44:56 [INFO]   II Add Fact Node and Edge
18:44:56 [INFO]   Added new fact R_27(c_30, c_10, c_31, 15348358895262148836, "str_21", c_18).
18:44:56 [INFO] 30 / 30
18:44:56 [INFO]   II Add Fact Node and Edge
18:44:56 [INFO]   Added new fact R_13(c_32, c_18, c_33).
18:44:56 [INFO] 
18:44:56 [INFO] ----------------------------------------------
18:44:56 [INFO] ----------- Program Generation Done ----------
18:44:56 [INFO] ----------------------------------------------
18:44:56 [INFO] 
18:44:56 [INFO] ----------- Generated ADG Summary: -----------
18:44:56 [INFO] ADG Fact Nodes:                  30
18:44:56 [INFO] ADG Relational Nodes:            58
18:44:56 [INFO] ADG Fact Edges:                  30
18:44:56 [INFO] ADG Relational Edges:            106
18:44:56 [INFO] Number of inv. Strata:           3
18:44:56 [INFO] 
18:44:56 [INFO] Nodes with None Ancestry:        0
18:44:56 [INFO] Nodes with Positive Ancestry:    18
18:44:56 [INFO] Nodes with Negative Ancestry:    7
18:44:56 [INFO] Nodes with Unknown Ancestry:     33
18:44:56 [INFO] 
18:44:56 [INFO] Next rule name would be:         r_CON_31
18:44:56 [INFO] Next predicate name would be:    R_30
18:44:56 [INFO] Next constant name would be:     c_34
18:44:56 [INFO] Next string would be:            "str_22"
18:44:56 [INFO] 
18:44:56 [INFO] Output predicate:                R_OUT
18:44:56 [INFO] Generated rule count:            30
18:44:56 [INFO] Rule count:                      74
18:44:56 [INFO] Average rel. arity:              3.1724137931034484
18:44:56 [INFO] Arity calc. may be inaccurate if arity > f64
18:44:56 [INFO] ----------------------------------------------
18:44:56 [INFO] 
18:44:56 [INFO] ------ Performed Gen. Transformations: -------
18:44:56 [INFO]  #      Type
18:44:56 [INFO]  30      Generate New Rule with Probably Single Lit
18:44:56 [INFO]  57      Generating an Outgoing Relational Edge
18:44:56 [INFO]  29      I     Add Relational Node
18:44:56 [INFO]  30      II    Add Fact Node and Edge
18:44:56 [INFO] ----------------------------------------------
18:44:56 [INFO] 
18:44:56 [INFO] Storing input ADG and input program
18:44:56 [INFO] 
18:44:56 [INFO] ----------------------------------------------
18:44:56 [INFO] --------- Beginning Transformations ----------
18:44:56 [INFO] --------  Oracle: CON    Number: 28
18:44:56 [INFO] ----------------------------------------------
18:44:56 [INFO] 1 / 28
18:44:56 [INFO]   IV Add Relational Edge - New Literal
18:44:56 [INFO]   Generated literal ~http://rulewerk.semantic-web.org/inferred/subClassOf(?X_4, ?X_3) for rule r_GEN_6
18:44:56 [INFO] 2 / 28
18:44:56 [INFO]   I Add Relational Node
18:44:56 [INFO]   Added new relation R_32
18:44:56 [INFO] 3 / 28
18:44:56 [INFO]   III Add Relational edges - New Rule
18:44:56 [INFO]   Assigned relation R_32 the artiy 3
18:44:56 [INFO]   Added new rule of name r_CON_33
18:44:56 [INFO]   R_32("str_16", ?X_3, ?X_1) :- R_32(?X_1, "str_16", ?Y_1), R_3("str_16", ?X_3, "str_16", ?X_1, ?X_3), R_OUT(?X_1, ?X_3), R_15(?Y_1, ?Y_1, "str_16"), R_21("<http://www.w3.org/2002/07/owl#Nothing>") .
18:44:56 [INFO] 4 / 28
18:44:56 [INFO]   VIII Modify Rule - Remove Equality
18:44:56 [INFO]   Replaced a random number of var X_2 with var X_2_new_1 in the rule r_GEN_7
18:44:56 [INFO] 5 / 28
18:44:56 [INFO]   Xa Remove Relational Node - Rule Variant
18:44:56 [INFO]   Removing relational node R_32
18:44:56 [INFO]   Removing the Rule of the name r_CON_33
18:44:56 [INFO]   Removing at least 5 relational edges.
18:44:56 [INFO] 6 / 28
18:44:56 [INFO]   I Add Relational Node
18:44:56 [INFO]   Added new relation R_33
18:44:56 [INFO] 7 / 28
18:44:56 [INFO]   IX Remove Fact Node and Edge
18:44:56 [INFO]   Removed fact R_23("str_12", c_16, "str_9", c_4, "str_13", "str_14"). from the program
18:44:56 [INFO]   Removed fact R_23("str_12", c_16, "str_9", c_4, "str_13", "str_14"). from the ADG.
18:44:56 [INFO] 8 / 28
18:44:56 [INFO]   I Add Relational Node
18:44:56 [INFO]   Added new relation R_34
18:44:56 [INFO] 9 / 28
18:44:56 [INFO]   VII Modify Rule - Add Equality
18:44:56 [INFO]   Replaced var ?X_1 with var ?X_2 in the rule r_GEN_20
18:44:56 [INFO] 10 / 28
18:44:56 [INFO]   IV Add Relational Edge - New Literal
18:44:56 [INFO]   Generated literal last(?X_1) for rule r_GEN_6
18:44:56 [INFO] 11 / 28
18:44:56 [INFO]   XI Add Contradictory Rule
18:44:56 [INFO]   Added new contradictory rule of name r_CON_34
18:44:56 [INFO]   R_20(?X_4, ?X_3, ?X_2, ?X_3) :- R_1(?X_4, ?X_3, ?X_2, ?X_3, ?X_3, ?X_3), ~R_1(?X_4, ?X_3, ?X_2, ?X_3, ?X_3, ?X_3) .
18:44:56 [INFO] 12 / 28
18:44:56 [INFO]   XI Add Contradictory Rule
18:44:56 [INFO]   Added new contradictory rule of name r_CON_35
18:44:56 [INFO]   R_2(?X_2, ?X_3, ?X_4, ?X_3) :- prepareSco(?X_2, ?X_3), prepareSco(?X_4, ?X_3), ~prepareSco(?X_2, ?X_3) .
18:44:56 [INFO] 13 / 28
18:44:56 [INFO]   XI Add Contradictory Rule
18:44:56 [INFO]   Added new contradictory rule of name r_CON_36
18:44:56 [INFO]   R_27(?X_3, ?X_2, ?X_2, ?X_6, "str_18", ?X_5) :- R_19(?X_3, ?X_2, ?X_2), R_19(?X_6, "str_18", ?X_5), ~R_19(?X_3, ?X_2, ?X_2) .
18:44:56 [INFO] 14 / 28
18:44:56 [INFO]   VIII Modify Rule - Remove Equality
18:44:56 [INFO]   Replaced a random number of var X_2 with var X_2_new_1 in the rule r_CON_36
18:44:56 [INFO] 15 / 28
18:44:56 [INFO]   IV Add Relational Edge - New Literal
18:44:56 [INFO]   Generated literal ~http://rulewerk.semantic-web.org/normalForm/exists(?X_3, ?Z_4, <http://www.w3.org/2002/07/owl#onProperty>) for rule r_GEN_11
18:44:56 [INFO] 16 / 28
18:44:56 [INFO]   IV Add Relational Edge - New Literal
18:44:56 [INFO]   Generated literal ~R_19(?X_3, ?X_1, c_8) for rule r_GEN_30
18:44:56 [INFO] 17 / 28
18:44:56 [INFO]   II Add Fact Node and Edge
18:44:56 [INFO]   Added new fact R_27(18364758193411404491, "str_24", c_26, 6371843197081594715, c_22, c_17).
18:44:56 [INFO] 18 / 28
18:44:56 [INFO]   XI Add Contradictory Rule
18:44:56 [INFO]   Added new contradictory rule of name r_CON_37
18:44:56 [INFO]   R_11(?X_3, ?X_1, ?X_2) :- R_28(?X_3, ?X_1, ?X_3, ?X_1, ?X_2, ?X_2), ~R_28(?X_3, ?X_1, ?X_3, ?X_1, ?X_2, ?X_2) .
18:44:56 [INFO] 19 / 28
18:44:56 [INFO]   V Remove Relational Edges - Whole Rule
18:44:56 [INFO]   Removing the Rule of the name r_CON_37
18:44:56 [INFO] 20 / 28
18:44:56 [INFO]   II Add Fact Node and Edge
18:44:56 [INFO]   Assigned relation R_34 the artiy 4
18:44:56 [INFO]   Added new fact R_34(c_36, 13103850748772208418, "str_25", c_37).
18:44:56 [INFO] 21 / 28
18:44:56 [INFO]   V Remove Relational Edges - Whole Rule
18:44:56 [INFO]   Removing the Rule of the name r_CON_34
18:44:56 [INFO] 22 / 28
18:44:56 [INFO]   VI Remove Relational Edge - Single Literal
18:44:56 [INFO]   Found the rule of the name r_GEN_7
18:44:56 [INFO]   Removed relational edge NodeIndex(13): (http://rulewerk.semantic-web.org/normalForm/isMainClass -> R_6)
18:44:56 [INFO]   Attempting to remove the literal +http://rulewerk.semantic-web.org/normalForm/isMainClass(, <http://www.w3.org/2000/01/rdf-schema#subClassOf>) from the rule r_GEN_7
18:44:56 [INFO] 23 / 28
18:44:56 [INFO]   III Add Relational edges - New Rule
18:44:56 [INFO]   Added new rule of name r_CON_38
18:44:56 [INFO]   R_6(?X_3, <http://www.w3.org/1999/02/22-rdf-syntax-ns#rest>, ?X_2, ?X_2) :- http://rulewerk.semantic-web.org/normalForm/isSubClass(?X_3), http://rulewerk.semantic-web.org/normalForm/isSubClass(<http://www.w3.org/1999/02/22-rdf-syntax-ns#rest>), http://rulewerk.semantic-web.org/normalForm/isSubClass(?X_2), http://rulewerk.semantic-web.org/normalForm/isSubClass(?X_2), ~class(<http://www.w3.org/1999/02/22-rdf-syntax-ns#rest>), ~R_9(?X_3, <http://www.w3.org/1999/02/22-rdf-syntax-ns#rest>, ?X_2, ?X_3, ?X_3) .
18:44:56 [INFO] 24 / 28
18:44:56 [INFO]   VIII Modify Rule - Remove Equality
18:44:56 [INFO]   Replaced a random number of var X_4 with var X_4_new_1 in the rule r_GEN_28
18:44:56 [INFO] 25 / 28
18:44:56 [INFO]   IX Remove Fact Node and Edge
18:44:56 [INFO]   Removed fact R_OUT(c_12, "str_6"). from the program
18:44:56 [INFO]   Removed fact R_OUT(c_12, "str_6"). from the ADG.
18:44:56 [INFO] 26 / 28
18:44:56 [INFO]   II Add Fact Node and Edge
18:44:56 [INFO]   Added new fact R_34(c_5, "str_20", <http://www.w3.org/2002/07/owl#equivalentClass>, 427754239670078637).
18:44:56 [INFO] 27 / 28
18:44:56 [INFO]   III Add Relational edges - New Rule
18:44:56 [INFO]   Assigned relation R_33 the artiy 1
18:44:56 [INFO]   Added new rule of name r_CON_39
18:44:56 [INFO]   R_33(?X_1) :- R_23("str_3", ?X_1, ?Y_1, ?X_1, ?Y_1, ?X_1), R_28(?X_1, ?Y_1, "str_3", ?X_1, ?Y_1, "str_3"), ~R_28(?X_1, ?Y_1, "str_3", ?Y_1, ?Y_1, ?Y_1) .
18:44:56 [INFO] 28 / 28
18:44:56 [INFO]   VI Remove Relational Edge - Single Literal
18:44:56 [INFO]   Found the rule of the name r_GEN_7
18:44:56 [INFO]   Removed relational edge NodeIndex(0): (ClassObject -> R_6)
18:44:56 [INFO]   Attempting to remove the literal +ClassObject(, ?X_2) from the rule r_GEN_7
18:44:56 [INFO] ----------------------------------------------
18:44:56 [INFO] ------------ Transformations Done ------------
18:44:56 [INFO] ----------------------------------------------
18:44:56 [INFO]  Ressources required: 
                galen-el.nt.gz
                
18:44:56 [INFO] ---------- Transformed ADG Summary: ----------
18:44:56 [INFO] ADG Fact Nodes:                  31
18:44:56 [INFO] ADG Relational Nodes:            60
18:44:56 [INFO] ADG Fact Edges:                  31
18:44:56 [INFO] ADG Relational Edges:            123
18:44:56 [INFO] Number of inv. Strata:           3
18:44:56 [INFO] 
18:44:56 [INFO] Nodes with None Ancestry:        1
18:44:56 [INFO] Nodes with Positive Ancestry:    17
18:44:56 [INFO] Nodes with Negative Ancestry:    5
18:44:56 [INFO] Nodes with Unknown Ancestry:     35
18:44:56 [INFO] 
18:44:56 [INFO] Next rule name would be:         r_CON_40
18:44:56 [INFO] Next predicate name would be:    R_35
18:44:56 [INFO] Next constant name would be:     c_38
18:44:56 [INFO] Next string would be:            "str_26"
18:44:56 [INFO] 
18:44:56 [INFO] Output predicate:                R_OUT
18:44:56 [INFO] Rule count:                      78
18:44:56 [INFO] Average rel. arity:              3.15
18:44:56 [INFO] Arity calc. may be inaccurate if arity > f64
18:44:56 [INFO] ----------------------------------------------
18:44:56 [INFO] 
18:44:56 [INFO] --------- Performed Transformations: ---------
18:44:56 [INFO]  #      Type
18:44:56 [INFO]  6      Failed Transformation Attempts
18:44:56 [INFO]  3      I     Add Relational Node
18:44:56 [INFO]  3      II    Add Fact Node and Edge
18:44:56 [INFO]  3      III   Add Relational edges - New Rule
18:44:56 [INFO]  4      IV    Add Relational Edge - New Literal
18:44:56 [INFO]  2      IX    Remove Fact Node and Edge
18:44:56 [INFO]  2      V     Remove Relational Edges - Whole Rule
18:44:56 [INFO]  2      VI    Remove Relational Edge - Single Literal
18:44:56 [INFO]  1      VII   Modify Rule - Add Equality
18:44:56 [INFO]  3      VIII  Modify Rule - Remove Equality
18:44:56 [INFO]  4      XI   Add Contradictory Rule
18:44:56 [INFO]  1      Xa     Remove Relational Node Rule Variant - None anc only
18:44:56 [INFO] ----------------------------------------------
18:44:56 [INFO] 
18:44:56 [INFO] Writing output ADG and file.
18:44:56 [INFO] 
18:44:56 [INFO] ----------------------------------------------
18:44:56 [INFO] -- Beginning Nemo Execution - Input Program --
18:44:56 [INFO] ----------------------------------------------
18:44:56 [INFO] Stratified program: [[0, 1, 2, 3, 4, 5, 6, 7, 8, 9, 10, 11, 12, 13, 14, 22, 23, 24, 26, 29, 45, 47, 48, 49, 51, 54, 62], [15, 16, 17, 18, 19, 20, 21, 25, 27, 28, 30, 31, 32, 33, 34, 35, 36, 37, 38, 39, 40, 41, 42, 43, 46, 52, 53, 56, 69], [44, 50, 55, 58, 60, 63, 64, 67, 68, 70, 73], [57, 59, 61, 65, 66, 71, 72]]
18:44:56 [INFO] Loading source SimpleTable { arity: 2, data: [AnyDataValue(Iri(IriDataValue("c_12"))), AnyDataValue(PlainString(StringDataValue("str_6")))] }
18:44:56 [INFO] Execution step: Combining Tables
18:44:56 [INFO] Saved permanent table R_OUT (0-1) Permutation { idx_to_val: [], val_to_idx: [] } with 1 entries (6904)
18:44:56 [INFO] <<< STEP 1: APPLYING RULE 0 class(?O) :- TRIPLE(?X, ?P, ?O), ClassObject(?P) >>>
18:44:56 [INFO] Loading source RdfReader { read: "<unspecified std::io::Read>", variant: NTriples, base: None }
18:44:56 [INFO] Starting RDF import (format ntriples)
18:44:57 [INFO] Finished import: processed 245662 triples
18:44:57 [INFO] Loading source SimpleTable { arity: 1, data: [AnyDataValue(Iri(IriDataValue("http://www.w3.org/2002/07/owl#someValuesFrom"))), AnyDataValue(Iri(IriDataValue("http://www.w3.org/1999/02/22-rdf-syntax-ns#first"))), AnyDataValue(Iri(IriDataValue("http://www.w3.org/2000/01/rdf-schema#subClassOf"))), AnyDataValue(Iri(IriDataValue("http://www.w3.org/2002/07/owl#equivalentClass")))] }
18:44:57 [INFO] Execution step: Body
18:44:57 [INFO] Saved temporary table: 54932 entries (223128)
18:44:57 [INFO] Execution step: Duplicate Elimination (Datalog)
18:44:57 [INFO] Saved permanent table class (1) Permutation { idx_to_val: [], val_to_idx: [] } with 54932 entries (223176)
18:44:57 [INFO] Rule duration: 1376 ms
18:44:57 [INFO] <<< STEP 2: APPLYING RULE 0 class(?O) :- TRIPLE(?X, ?P, ?O), ClassObject(?P) >>>
18:44:57 [INFO] Execution step: Body
18:44:57 [INFO] Trie does not contain any elements
18:44:57 [INFO] Execution step: Duplicate Elimination (Datalog)
18:44:57 [INFO] Trie does not contain any elements
18:44:57 [INFO] Rule duration: 0 ms
18:44:57 [INFO] <<< STEP 3: APPLYING RULE 1 class(?X) :- TRIPLE(?X, ?P, ?O), ClassSubject(?P) >>>
18:44:57 [INFO] Loading source SimpleTable { arity: 1, data: [AnyDataValue(Iri(IriDataValue("http://www.w3.org/2000/01/rdf-schema#subClassOf"))), AnyDataValue(Iri(IriDataValue("http://www.w3.org/2002/07/owl#equivalentClass")))] }
18:44:57 [INFO] Execution step: Body
18:44:57 [INFO] Saved temporary table: 23117 entries (95868)
18:44:57 [INFO] Execution step: Duplicate Elimination (Datalog)
18:44:57 [INFO] Saved permanent table class (3) Permutation { idx_to_val: [], val_to_idx: [] } with 13170 entries (56128)
18:44:57 [INFO] Rule duration: 22 ms
18:44:57 [INFO] <<< STEP 4: APPLYING RULE 1 class(?X) :- TRIPLE(?X, ?P, ?O), ClassSubject(?P) >>>
18:44:57 [INFO] Execution step: Body
18:44:57 [INFO] Trie does not contain any elements
18:44:57 [INFO] Execution step: Duplicate Elimination (Datalog)
18:44:57 [INFO] Trie does not contain any elements
18:44:57 [INFO] Rule duration: 0 ms
18:44:57 [INFO] <<< STEP 5: APPLYING RULE 2 synEx(?Y, ?P, ?X), auxClass(?X) :- TRIPLE(?X, ?_BODY_1, ?Y), TRIPLE(?X, ?_BODY_2, ?P), Equal(?_BODY_1, <http://www.w3.org/2002/07/owl#someValuesFrom>), Equal(?_BODY_2, <http://www.w3.org/2002/07/owl#onProperty>) >>>
18:44:57 [INFO] Execution step: Body
18:44:57 [INFO] Saved temporary table: 29618 entries (468332)
18:44:57 [INFO] Saved temporary table: 29618 entries (121872)
18:44:57 [INFO] Execution step: Duplicate Elimination (Datalog)
18:44:57 [INFO] Saved permanent table synEx (5) Permutation { idx_to_val: [], val_to_idx: [] } with 29618 entries (468380)
18:44:57 [INFO] Execution step: Duplicate Elimination (Datalog)
18:44:57 [INFO] Saved permanent table auxClass (5) Permutation { idx_to_val: [], val_to_idx: [] } with 29618 entries (121920)
18:44:57 [INFO] Rule duration: 44 ms
18:44:57 [INFO] <<< STEP 6: APPLYING RULE 2 synEx(?Y, ?P, ?X), auxClass(?X) :- TRIPLE(?X, ?_BODY_1, ?Y), TRIPLE(?X, ?_BODY_2, ?P), Equal(?_BODY_1, <http://www.w3.org/2002/07/owl#someValuesFrom>), Equal(?_BODY_2, <http://www.w3.org/2002/07/owl#onProperty>) >>>
18:44:57 [INFO] Execution step: Body
18:44:57 [INFO] Trie does not contain any elements
18:44:57 [INFO] Trie does not contain any elements
18:44:57 [INFO] Execution step: Duplicate Elimination (Datalog)
18:44:57 [INFO] Trie does not contain any elements
18:44:57 [INFO] Execution step: Duplicate Elimination (Datalog)
18:44:57 [INFO] Trie does not contain any elements
18:44:57 [INFO] Rule duration: 0 ms
18:44:57 [INFO] <<< STEP 7: APPLYING RULE 3 next(?L1, ?L2) :- TRIPLE(?L1, ?_BODY_1, ?L2), Equal(?_BODY_1, <http://www.w3.org/1999/02/22-rdf-syntax-ns#rest>) >>>
18:44:57 [INFO] Execution step: Body
18:44:57 [INFO] Saved temporary table: 32739 entries (269100)
18:44:57 [INFO] Execution step: Duplicate Elimination (Datalog)
18:44:57 [INFO] Saved permanent table next (7) Permutation { idx_to_val: [], val_to_idx: [] } with 32739 entries (269148)
18:44:57 [INFO] Rule duration: 184 ms
18:44:57 [INFO] <<< STEP 8: APPLYING RULE 3 next(?L1, ?L2) :- TRIPLE(?L1, ?_BODY_1, ?L2), Equal(?_BODY_1, <http://www.w3.org/1999/02/22-rdf-syntax-ns#rest>) >>>
18:44:57 [INFO] Execution step: Body
18:44:57 [INFO] Trie does not contain any elements
18:44:57 [INFO] Execution step: Duplicate Elimination (Datalog)
18:44:57 [INFO] Trie does not contain any elements
18:44:57 [INFO] Rule duration: 0 ms
18:44:57 [INFO] <<< STEP 9: APPLYING RULE 4 first(?L1) :- TRIPLE(?X, ?_BODY_1, ?L1), Equal(?_BODY_1, <http://www.w3.org/2002/07/owl#intersectionOf>) >>>
18:44:57 [INFO] Execution step: Body
18:44:57 [INFO] Saved temporary table: 15348 entries (64792)
18:44:57 [INFO] Execution step: Duplicate Elimination (Datalog)
18:44:57 [INFO] Saved permanent table first (9) Permutation { idx_to_val: [], val_to_idx: [] } with 15348 entries (64840)
18:44:57 [INFO] Rule duration: 24 ms
18:44:57 [INFO] <<< STEP 10: APPLYING RULE 4 first(?L1) :- TRIPLE(?X, ?_BODY_1, ?L1), Equal(?_BODY_1, <http://www.w3.org/2002/07/owl#intersectionOf>) >>>
18:44:57 [INFO] Execution step: Body
18:44:57 [INFO] Trie does not contain any elements
18:44:57 [INFO] Execution step: Duplicate Elimination (Datalog)
18:44:57 [INFO] Trie does not contain any elements
18:44:57 [INFO] Rule duration: 0 ms
18:44:57 [INFO] <<< STEP 11: APPLYING RULE 5 nonfirst(?L2) :- first(?L1), next(?L1, ?L2) >>>
18:44:57 [INFO] Execution step: Body
18:44:57 [INFO] Saved temporary table: 15348 entries (64792)
18:44:57 [INFO] Execution step: Duplicate Elimination (Datalog)
18:44:57 [INFO] Saved permanent table nonfirst (11) Permutation { idx_to_val: [], val_to_idx: [] } with 15348 entries (64840)
18:44:57 [INFO] Rule duration: 6 ms
18:44:57 [INFO] <<< STEP 12: APPLYING RULE 5 nonfirst(?L2) :- first(?L1), next(?L1, ?L2) >>>
18:44:57 [INFO] Execution step: Body
18:44:57 [INFO] Trie does not contain any elements
18:44:57 [INFO] Execution step: Duplicate Elimination (Datalog)
18:44:57 [INFO] Trie does not contain any elements
18:44:57 [INFO] Rule duration: 0 ms
18:44:57 [INFO] <<< STEP 13: APPLYING RULE 6 nonfirst(?L2) :- nonfirst(?L1), next(?L1, ?L2) >>>
18:44:57 [INFO] Execution step: Body
18:44:57 [INFO] Saved temporary table: 1719 entries (10276)
18:44:57 [INFO] Execution step: Duplicate Elimination (Datalog)
18:44:57 [INFO] Saved permanent table nonfirst (13) Permutation { idx_to_val: [], val_to_idx: [] } with 1719 entries (10324)
18:44:57 [INFO] Rule duration: 4 ms
18:44:57 [INFO] <<< STEP 14: APPLYING RULE 6 nonfirst(?L2) :- nonfirst(?L1), next(?L1, ?L2) >>>
18:44:57 [INFO] Execution step: Body
18:44:57 [INFO] Saved temporary table: 298 entries (4592)
18:44:57 [INFO] Execution step: Duplicate Elimination (Datalog)
18:44:57 [INFO] Saved permanent table nonfirst (14) Permutation { idx_to_val: [], val_to_idx: [] } with 297 entries (4636)
18:44:57 [INFO] Rule duration: 0 ms
18:44:57 [INFO] <<< STEP 15: APPLYING RULE 6 nonfirst(?L2) :- nonfirst(?L1), next(?L1, ?L2) >>>
18:44:57 [INFO] Execution step: Body
18:44:57 [INFO] Saved temporary table: 26 entries (3504)
18:44:57 [INFO] Execution step: Duplicate Elimination (Datalog)
18:44:57 [INFO] Saved permanent table nonfirst (15) Permutation { idx_to_val: [], val_to_idx: [] } with 25 entries (3548)
18:44:57 [INFO] Rule duration: 0 ms
18:44:57 [INFO] <<< STEP 16: APPLYING RULE 6 nonfirst(?L2) :- nonfirst(?L1), next(?L1, ?L2) >>>
18:44:57 [INFO] Execution step: Body
18:44:57 [INFO] Saved temporary table: 4 entries (3416)
18:44:57 [INFO] Execution step: Duplicate Elimination (Datalog)
18:44:57 [INFO] Saved permanent table nonfirst (16) Permutation { idx_to_val: [], val_to_idx: [] } with 3 entries (3460)
18:44:57 [INFO] Rule duration: 0 ms
18:44:57 [INFO] <<< STEP 17: APPLYING RULE 6 nonfirst(?L2) :- nonfirst(?L1), next(?L1, ?L2) >>>
18:44:57 [INFO] Execution step: Body
18:44:57 [INFO] Saved temporary table: 1 entries (3404)
18:44:57 [INFO] Execution step: Duplicate Elimination (Datalog)
18:44:57 [INFO] Trie does not contain any elements
18:44:57 [INFO] Rule duration: 0 ms
18:44:57 [INFO] <<< STEP 18: APPLYING RULE 7 last(?Ln) :- next(?Ln, ?_BODY_1), Equal(?_BODY_1, <http://www.w3.org/1999/02/22-rdf-syntax-ns#nil>) >>>
18:44:57 [INFO] Execution step: Body
18:44:57 [INFO] Saved temporary table: 15348 entries (64792)
18:44:57 [INFO] Execution step: Duplicate Elimination (Datalog)
18:44:57 [INFO] Saved permanent table last (18) Permutation { idx_to_val: [], val_to_idx: [] } with 15348 entries (64840)
18:44:57 [INFO] Rule duration: 15 ms
18:44:57 [INFO] <<< STEP 19: APPLYING RULE 7 last(?Ln) :- next(?Ln, ?_BODY_1), Equal(?_BODY_1, <http://www.w3.org/1999/02/22-rdf-syntax-ns#nil>) >>>
18:44:57 [INFO] Execution step: Body
18:44:57 [INFO] Trie does not contain any elements
18:44:57 [INFO] Execution step: Duplicate Elimination (Datalog)
18:44:57 [INFO] Trie does not contain any elements
18:44:57 [INFO] Rule duration: 0 ms
18:44:57 [INFO] <<< STEP 20: APPLYING RULE 8 nonlast(?L) :- next(?L, ?Ln), last(?Ln) >>>
18:44:57 [INFO] Execution step: Body
18:44:57 [INFO] Saved temporary table: 15348 entries (64792)
18:44:57 [INFO] Execution step: Duplicate Elimination (Datalog)
18:44:57 [INFO] Saved permanent table nonlast (20) Permutation { idx_to_val: [], val_to_idx: [] } with 15348 entries (64840)
18:44:57 [INFO] Rule duration: 6 ms
18:44:57 [INFO] <<< STEP 21: APPLYING RULE 8 nonlast(?L) :- next(?L, ?Ln), last(?Ln) >>>
18:44:57 [INFO] Execution step: Body
18:44:57 [INFO] Trie does not contain any elements
18:44:57 [INFO] Execution step: Duplicate Elimination (Datalog)
18:44:57 [INFO] Trie does not contain any elements
18:44:57 [INFO] Rule duration: 0 ms
18:44:57 [INFO] <<< STEP 22: APPLYING RULE 9 nonlast(?L1) :- next(?L1, ?L2), nonlast(?L2) >>>
18:44:57 [INFO] Execution step: Body
18:44:57 [INFO] Saved temporary table: 1718 entries (10272)
18:44:57 [INFO] Execution step: Duplicate Elimination (Datalog)
18:44:57 [INFO] Saved permanent table nonlast (22) Permutation { idx_to_val: [], val_to_idx: [] } with 1718 entries (10320)
18:44:57 [INFO] Rule duration: 1 ms
18:44:57 [INFO] <<< STEP 23: APPLYING RULE 9 nonlast(?L1) :- next(?L1, ?L2), nonlast(?L2) >>>
18:44:57 [INFO] Execution step: Body
18:44:57 [INFO] Saved temporary table: 297 entries (4588)
18:44:57 [INFO] Execution step: Duplicate Elimination (Datalog)
18:44:57 [INFO] Saved permanent table nonlast (23) Permutation { idx_to_val: [], val_to_idx: [] } with 297 entries (4636)
18:44:57 [INFO] Rule duration: 0 ms
18:44:57 [INFO] <<< STEP 24: APPLYING RULE 9 nonlast(?L1) :- next(?L1, ?L2), nonlast(?L2) >>>
18:44:57 [INFO] Execution step: Body
18:44:57 [INFO] Saved temporary table: 25 entries (3500)
18:44:57 [INFO] Execution step: Duplicate Elimination (Datalog)
18:44:57 [INFO] Saved permanent table nonlast (24) Permutation { idx_to_val: [], val_to_idx: [] } with 25 entries (3548)
18:44:57 [INFO] Rule duration: 0 ms
18:44:57 [INFO] <<< STEP 25: APPLYING RULE 9 nonlast(?L1) :- next(?L1, ?L2), nonlast(?L2) >>>
18:44:57 [INFO] Execution step: Body
18:44:57 [INFO] Saved temporary table: 3 entries (3412)
18:44:57 [INFO] Execution step: Duplicate Elimination (Datalog)
18:44:57 [INFO] Saved permanent table nonlast (25) Permutation { idx_to_val: [], val_to_idx: [] } with 3 entries (3460)
18:44:57 [INFO] Rule duration: 0 ms
18:44:57 [INFO] <<< STEP 26: APPLYING RULE 9 nonlast(?L1) :- next(?L1, ?L2), nonlast(?L2) >>>
18:44:57 [INFO] Execution step: Body
18:44:57 [INFO] Trie does not contain any elements
18:44:57 [INFO] Execution step: Duplicate Elimination (Datalog)
18:44:57 [INFO] Trie does not contain any elements
18:44:57 [INFO] Rule duration: 0 ms
18:44:57 [INFO] <<< STEP 27: APPLYING RULE 10 in(?L, ?C) :- TRIPLE(?L, ?_BODY_1, ?C), Equal(?_BODY_1, <http://www.w3.org/1999/02/22-rdf-syntax-ns#first>) >>>
18:44:57 [INFO] Execution step: Body
18:44:57 [INFO] Saved temporary table: 32739 entries (269100)
18:44:57 [INFO] Execution step: Duplicate Elimination (Datalog)
18:44:57 [INFO] Saved permanent table in (27) Permutation { idx_to_val: [], val_to_idx: [] } with 32739 entries (269148)
18:44:57 [INFO] Rule duration: 51 ms
18:44:57 [INFO] <<< STEP 28: APPLYING RULE 10 in(?L, ?C) :- TRIPLE(?L, ?_BODY_1, ?C), Equal(?_BODY_1, <http://www.w3.org/1999/02/22-rdf-syntax-ns#first>) >>>
18:44:57 [INFO] Execution step: Body
18:44:57 [INFO] Trie does not contain any elements
18:44:57 [INFO] Execution step: Duplicate Elimination (Datalog)
18:44:57 [INFO] Trie does not contain any elements
18:44:57 [INFO] Rule duration: 0 ms
18:44:57 [INFO] <<< STEP 29: APPLYING RULE 11 synConj(?X, ?C1, ?C2), auxClass(?X) :- TRIPLE(?X, ?_BODY_1, ?L1), next(?L1, ?L2), last(?L2), in(?L1, ?C1), in(?L2, ?C2), Equal(?_BODY_1, <http://www.w3.org/2002/07/owl#intersectionOf>) >>>
18:44:57 [INFO] Execution step: Body
18:44:57 [INFO] Saved temporary table: 13630 entries (174536)
18:44:57 [INFO] Saved temporary table: 13630 entries (57920)
18:44:57 [INFO] Execution step: Duplicate Elimination (Datalog)
18:44:57 [INFO] Saved permanent table synConj (29) Permutation { idx_to_val: [], val_to_idx: [] } with 13630 entries (174584)
18:44:57 [INFO] Execution step: Duplicate Elimination (Datalog)
18:44:57 [INFO] Saved permanent table auxClass (29) Permutation { idx_to_val: [], val_to_idx: [] } with 13630 entries (57968)
18:44:57 [INFO] Rule duration: 60 ms
18:44:57 [INFO] <<< STEP 30: APPLYING RULE 11 synConj(?X, ?C1, ?C2), auxClass(?X) :- TRIPLE(?X, ?_BODY_1, ?L1), next(?L1, ?L2), last(?L2), in(?L1, ?C1), in(?L2, ?C2), Equal(?_BODY_1, <http://www.w3.org/2002/07/owl#intersectionOf>) >>>
18:44:57 [INFO] Execution step: Body
18:44:57 [INFO] Trie does not contain any elements
18:44:57 [INFO] Trie does not contain any elements
18:44:57 [INFO] Execution step: Duplicate Elimination (Datalog)
18:44:57 [INFO] Trie does not contain any elements
18:44:57 [INFO] Execution step: Duplicate Elimination (Datalog)
18:44:57 [INFO] Trie does not contain any elements
18:44:57 [INFO] Rule duration: 0 ms
18:44:57 [INFO] <<< STEP 31: APPLYING RULE 12 synConj(?X, ?C1, ?L2), auxClass(?X) :- TRIPLE(?X, ?_BODY_1, ?L1), next(?L1, ?L2), nonlast(?L2), in(?L1, ?C1), Equal(?_BODY_1, <http://www.w3.org/2002/07/owl#intersectionOf>) >>>
18:44:57 [INFO] Execution step: Body
18:44:57 [INFO] Saved temporary table: 1718 entries (31592)
18:44:57 [INFO] Saved temporary table: 1718 entries (10272)
18:44:57 [INFO] Execution step: Duplicate Elimination (Datalog)
18:44:57 [INFO] Saved permanent table synConj (31) Permutation { idx_to_val: [], val_to_idx: [] } with 1718 entries (31640)
18:44:57 [INFO] Execution step: Duplicate Elimination (Datalog)
18:44:57 [INFO] Saved permanent table auxClass (31) Permutation { idx_to_val: [], val_to_idx: [] } with 1718 entries (10320)
18:44:57 [INFO] Rule duration: 37 ms
18:44:57 [INFO] <<< STEP 32: APPLYING RULE 12 synConj(?X, ?C1, ?L2), auxClass(?X) :- TRIPLE(?X, ?_BODY_1, ?L1), next(?L1, ?L2), nonlast(?L2), in(?L1, ?C1), Equal(?_BODY_1, <http://www.w3.org/2002/07/owl#intersectionOf>) >>>
18:44:57 [INFO] Execution step: Body
18:44:57 [INFO] Trie does not contain any elements
18:44:57 [INFO] Trie does not contain any elements
18:44:57 [INFO] Execution step: Duplicate Elimination (Datalog)
18:44:57 [INFO] Trie does not contain any elements
18:44:57 [INFO] Execution step: Duplicate Elimination (Datalog)
18:44:57 [INFO] Trie does not contain any elements
18:44:57 [INFO] Rule duration: 0 ms
18:44:57 [INFO] <<< STEP 33: APPLYING RULE 13 synConj(?L1, ?C1, ?L2), auxClass(?L1) :- nonfirst(?L1), next(?L1, ?L2), nonlast(?L2), in(?L1, ?C1) >>>
18:44:57 [INFO] Execution step: Body
18:44:57 [INFO] Saved temporary table: 325 entries (4700)
18:44:57 [INFO] Saved temporary table: 325 entries (14876)
18:44:57 [INFO] Execution step: Duplicate Elimination (Datalog)
18:44:57 [INFO] Saved permanent table auxClass (33) Permutation { idx_to_val: [], val_to_idx: [] } with 325 entries (4748)
18:44:57 [INFO] Execution step: Duplicate Elimination (Datalog)
18:44:57 [INFO] Saved permanent table synConj (33) Permutation { idx_to_val: [], val_to_idx: [] } with 325 entries (14924)
18:44:57 [INFO] Rule duration: 15 ms
18:44:57 [INFO] <<< STEP 34: APPLYING RULE 13 synConj(?L1, ?C1, ?L2), auxClass(?L1) :- nonfirst(?L1), next(?L1, ?L2), nonlast(?L2), in(?L1, ?C1) >>>
18:44:57 [INFO] Execution step: Body
18:44:57 [INFO] Trie does not contain any elements
18:44:57 [INFO] Trie does not contain any elements
18:44:57 [INFO] Execution step: Duplicate Elimination (Datalog)
18:44:57 [INFO] Trie does not contain any elements
18:44:57 [INFO] Execution step: Duplicate Elimination (Datalog)
18:44:57 [INFO] Trie does not contain any elements
18:44:57 [INFO] Rule duration: 0 ms
18:44:57 [INFO] <<< STEP 35: APPLYING RULE 14 synConj(?L1, ?C1, ?C2), auxClass(?L1) :- nonfirst(?L1), next(?L1, ?L2), last(?L2), in(?L1, ?C1), in(?L2, ?C2) >>>
18:44:57 [INFO] Execution step: Body
18:44:57 [INFO] Saved temporary table: 1718 entries (31592)
18:44:57 [INFO] Saved temporary table: 1718 entries (10272)
18:44:57 [INFO] Execution step: Duplicate Elimination (Datalog)
18:44:57 [INFO] Saved permanent table synConj (35) Permutation { idx_to_val: [], val_to_idx: [] } with 1718 entries (31640)
18:44:57 [INFO] Execution step: Duplicate Elimination (Datalog)
18:44:57 [INFO] Saved permanent table auxClass (35) Permutation { idx_to_val: [], val_to_idx: [] } with 1718 entries (10320)
18:44:57 [INFO] Rule duration: 28 ms
18:44:57 [INFO] <<< STEP 36: APPLYING RULE 14 synConj(?L1, ?C1, ?C2), auxClass(?L1) :- nonfirst(?L1), next(?L1, ?L2), last(?L2), in(?L1, ?C1), in(?L2, ?C2) >>>
18:44:57 [INFO] Execution step: Body
18:44:57 [INFO] Trie does not contain any elements
18:44:57 [INFO] Trie does not contain any elements
18:44:57 [INFO] Execution step: Duplicate Elimination (Datalog)
18:44:57 [INFO] Trie does not contain any elements
18:44:57 [INFO] Execution step: Duplicate Elimination (Datalog)
18:44:57 [INFO] Trie does not contain any elements
18:44:57 [INFO] Rule duration: 0 ms
18:44:57 [INFO] <<< STEP 37: APPLYING RULE 22 http://rulewerk.semantic-web.org/normalForm/subPropChain(?S, ?T, ?R), http://rulewerk.semantic-web.org/normalForm/subProp(?R, ?R) :- TRIPLE(?L, ?_BODY_1, ?R), TRIPLE(?L, ?_BODY_2, ?L1), in(?L1, ?S), next(?L1, ?L2), in(?L2, ?T), Equal(?_BODY_1, <http://www.w3.org/2000/01/rdf-schema#subPropertyOf>), Equal(?_BODY_2, <http://www.w3.org/2002/07/owl#propertyChain>) >>>
18:44:57 [INFO] Execution step: Body
18:44:58 [INFO] Trie does not contain any elements
18:44:58 [INFO] Trie does not contain any elements
18:44:58 [INFO] Execution step: Duplicate Elimination (Datalog)
18:44:58 [INFO] Trie does not contain any elements
18:44:58 [INFO] Execution step: Duplicate Elimination (Datalog)
18:44:58 [INFO] Trie does not contain any elements
18:44:58 [INFO] Rule duration: 37 ms
18:44:58 [INFO] <<< STEP 38: APPLYING RULE 23 prepareSco(?X, ?Y) :- TRIPLE(?X, ?_BODY_1, ?Y), Equal(?_BODY_1, <http://www.w3.org/2000/01/rdf-schema#subClassOf>) >>>
18:44:58 [INFO] Execution step: Body
18:44:58 [INFO] Saved temporary table: 25563 entries (290582)
18:44:58 [INFO] Execution step: Duplicate Elimination (Datalog)
18:44:58 [INFO] Saved permanent table prepareSco (38) Permutation { idx_to_val: [], val_to_idx: [] } with 25563 entries (290630)
18:44:58 [INFO] Rule duration: 56 ms
18:44:58 [INFO] <<< STEP 39: APPLYING RULE 23 prepareSco(?X, ?Y) :- TRIPLE(?X, ?_BODY_1, ?Y), Equal(?_BODY_1, <http://www.w3.org/2000/01/rdf-schema#subClassOf>) >>>
18:44:58 [INFO] Execution step: Body
18:44:58 [INFO] Trie does not contain any elements
18:44:58 [INFO] Execution step: Duplicate Elimination (Datalog)
18:44:58 [INFO] Trie does not contain any elements
18:44:58 [INFO] Rule duration: 0 ms
18:44:58 [INFO] <<< STEP 40: APPLYING RULE 24 prepareSco(?X, ?Y), prepareSco(?Y, ?X) :- TRIPLE(?X, ?_BODY_1, ?Y), Equal(?_BODY_1, <http://www.w3.org/2002/07/owl#equivalentClass>) >>>
18:44:58 [INFO] Execution step: Body
18:44:58 [INFO] Saved temporary table: 9968 entries (86932)
18:44:58 [INFO] Saved temporary table: 9968 entries (86932)
18:44:58 [INFO] Execution step: Duplicate Elimination (Datalog)
18:44:58 [INFO] Saved permanent table prepareSco (40) Permutation { idx_to_val: [], val_to_idx: [] } with 19936 entries (166724)
18:44:58 [INFO] Rule duration: 58 ms
18:44:58 [INFO] <<< STEP 41: APPLYING RULE 24 prepareSco(?X, ?Y), prepareSco(?Y, ?X) :- TRIPLE(?X, ?_BODY_1, ?Y), Equal(?_BODY_1, <http://www.w3.org/2002/07/owl#equivalentClass>) >>>
18:44:58 [INFO] Execution step: Body
18:44:58 [INFO] Trie does not contain any elements
18:44:58 [INFO] Trie does not contain any elements
18:44:58 [INFO] Execution step: Duplicate Elimination (Datalog)
18:44:58 [INFO] Trie does not contain any elements
18:44:58 [INFO] Rule duration: 0 ms
18:44:58 [INFO] <<< STEP 42: APPLYING RULE 26 http://rulewerk.semantic-web.org/normalForm/subClassOf(!C, <http://www.w3.org/2002/07/owl#Nothing>), http://rulewerk.semantic-web.org/normalForm/conj(!C, ?X, ?Y), http://rulewerk.semantic-web.org/normalForm/isSubClass(!C), http://rulewerk.semantic-web.org/normalForm/isSubClass(?X), http://rulewerk.semantic-web.org/normalForm/isSubClass(?Y) :- TRIPLE(?X, ?_BODY_1, ?Y), Equal(?_BODY_1, <http://www.w3.org/2002/07/owl#disjointWith>) >>>
18:44:58 [INFO] Execution step: Project/Reorder
18:44:58 [INFO] Trie does not contain any elements
18:44:58 [INFO] Execution step: Body
18:44:58 [INFO] Trie does not contain any elements
18:44:58 [INFO] Trie does not contain any elements
18:44:58 [INFO] Trie does not contain any elements
18:44:58 [INFO] Execution step: Head (Restricted): Updated Sat. Frontier
18:44:58 [INFO] Trie does not contain any elements
18:44:58 [INFO] Execution step: Head (Restricted): Nulls
18:44:58 [INFO] Trie does not contain any elements
18:44:58 [INFO] Trie does not contain any elements
18:44:58 [INFO] Trie does not contain any elements
18:44:58 [INFO] Execution step: Duplicate Elimination (Datalog)
18:44:58 [INFO] Trie does not contain any elements
18:44:58 [INFO] Execution step: Duplicate Elimination (Datalog)
18:44:58 [INFO] Trie does not contain any elements
18:44:58 [INFO] Execution step: Duplicate Elimination (Datalog)
18:44:58 [INFO] Trie does not contain any elements
18:44:58 [INFO] Rule duration: 49 ms
18:44:58 [INFO] <<< STEP 43: APPLYING RULE 29 directSubProp(?R, ?S) :- TRIPLE(?R, ?_BODY_1, ?S), Equal(?_BODY_1, <http://www.w3.org/2000/01/rdf-schema#subPropertyOf>) >>>
18:44:58 [INFO] Execution step: Body
18:44:58 [INFO] Saved temporary table: 958 entries (22218)
18:44:58 [INFO] Execution step: Duplicate Elimination (Datalog)
18:44:58 [INFO] Saved permanent table directSubProp (43) Permutation { idx_to_val: [], val_to_idx: [] } with 958 entries (22266)
18:44:58 [INFO] Rule duration: 41 ms
18:44:58 [INFO] <<< STEP 44: APPLYING RULE 29 directSubProp(?R, ?S) :- TRIPLE(?R, ?_BODY_1, ?S), Equal(?_BODY_1, <http://www.w3.org/2000/01/rdf-schema#subPropertyOf>) >>>
18:44:58 [INFO] Execution step: Body
18:44:58 [INFO] Trie does not contain any elements
18:44:58 [INFO] Execution step: Duplicate Elimination (Datalog)
18:44:58 [INFO] Trie does not contain any elements
18:44:58 [INFO] Rule duration: 0 ms
18:44:58 [INFO] <<< STEP 45: APPLYING RULE 49 R_25(?X_2, ?X_1, ?X_4, ?X_6, ?X_5, ?X_1) :- TRIPLE(?X_2, ?X_1, ?X_4), TRIPLE(?X_6, ?X_5, ?X_1) >>>
18:44:58 [INFO] Execution step: Body
18:44:58 [INFO] Trie does not contain any elements
18:44:58 [INFO] Execution step: Duplicate Elimination (Datalog)
18:44:58 [INFO] Trie does not contain any elements
18:44:58 [INFO] Rule duration: 0 ms
18:44:58 [INFO] <<< STEP 46: APPLYING RULE 45 R_4(?X_1, ?X_4, ?X_3, ?X_6, ?X_2, ?X_5) :- R_25(?X_1, ?X_4, ?X_3, ?X_6, ?X_2, ?X_5) >>>
18:44:58 [INFO] Execution step: Body
18:44:58 [INFO] Trie does not contain any elements
18:44:58 [INFO] Execution step: Duplicate Elimination (Datalog)
18:44:58 [INFO] Trie does not contain any elements
18:44:58 [INFO] Rule duration: 0 ms
18:44:58 [INFO] <<< STEP 47: APPLYING RULE 47 R_16(?X_5, ?X_3, ?X_4, ?X_1, ?X_4) :- prepareSco(?X_5, ?X_3), prepareSco(?X_4, ?X_1), prepareSco(?X_4, ?_BODY_1), Equal(?_BODY_1, ?X_4) >>>
18:44:58 [INFO] Execution step: Body
18:44:58 [INFO] Trie does not contain any elements
18:44:58 [INFO] Execution step: Duplicate Elimination (Datalog)
18:44:58 [INFO] Trie does not contain any elements
18:44:58 [INFO] Rule duration: 72 ms
18:44:58 [INFO] <<< STEP 48: APPLYING RULE 48 R_19(<http://www.w3.org/2002/07/owl#propertyChain>, ?X_1, ?X_2) :- R_4(?_BODY_1, ?X_1, ?X_2, ?_BODY_2, ?_BODY_3, ?_BODY_4), Equal(?_BODY_1, <http://www.w3.org/2002/07/owl#propertyChain>), Equal(?_BODY_2, ?X_2), Equal(?_BODY_3, ?X_1), Equal(?_BODY_4, ?X_2) >>>
18:44:58 [INFO] Loading source SimpleTable { arity: 3, data: [AnyDataValue(Iri(IriDataValue("http://www.w3.org/2000/01/rdf-schema#subClassOf"))), AnyDataValue(Iri(IriDataValue("c_6"))), AnyDataValue(PlainString(StringDataValue("str_3"))), AnyDataValue(PlainString(StringDataValue("str_7"))), AnyDataValue(UnsignedLong(UnsignedLongDataValue(18364758193411404491))), AnyDataValue(Iri(IriDataValue("c_13")))] }
18:44:58 [INFO] Execution step: Body
18:44:58 [INFO] Trie does not contain any elements
18:44:58 [INFO] Execution step: Duplicate Elimination (Datalog)
18:44:58 [INFO] Trie does not contain any elements
18:44:58 [INFO] Rule duration: 0 ms
18:44:58 [INFO] <<< STEP 49: APPLYING RULE 51 R_14(?X_1) :- R_12(?X_1, ?_BODY_1, ?Y_1, ?_BODY_2), TRIPLE(?Z_2, ?X_1, ?_BODY_3), auxClass(?Z_3), Equal(?_BODY_1, <http://www.w3.org/2002/07/owl#onProperty>), Equal(?_BODY_2, ?X_1), Equal(?_BODY_3, ?X_1) >>>
18:44:58 [INFO] Execution step: Body
18:44:58 [INFO] Trie does not contain any elements
18:44:58 [INFO] Execution step: Duplicate Elimination (Datalog)
18:44:58 [INFO] Trie does not contain any elements
18:44:58 [INFO] Rule duration: 0 ms
18:44:58 [INFO] <<< STEP 50: APPLYING RULE 62 R_12(<http://www.w3.org/1999/02/22-rdf-syntax-ns#nil>, ?X_4, ?X_1, ?X_3) :- R_16(?_BODY_1, ?X_4, ?X_3, ?_BODY_2, ?X_1), R_4(?X_3, ?X_1, ?X_4, ?_BODY_3, ?Z_3, ?_BODY_4), R_14(?X_4), Equal(?_BODY_1, <http://www.w3.org/1999/02/22-rdf-syntax-ns#nil>), Equal(?_BODY_2, ?X_3), Equal(?_BODY_3, ?X_4), Equal(?_BODY_4, <http://www.w3.org/2002/07/owl#equivalentClass>) >>>
18:44:58 [INFO] Execution step: Body
18:44:58 [INFO] Trie does not contain any elements
18:44:58 [INFO] Execution step: Duplicate Elimination (Datalog)
18:44:58 [INFO] Trie does not contain any elements
18:44:58 [INFO] Rule duration: 0 ms
18:44:58 [INFO] <<< STEP 51: APPLYING RULE 54 R_2(?X_2, ?X_1, <http://www.w3.org/2002/07/owl#equivalentClass>, ?X_3) :- R_4(?Y_1, ?X_1, ?_BODY_1, ?_BODY_2, ?X_3, ?X_2), nonlast(?Y_1), Equal(?_BODY_1, <http://www.w3.org/2002/07/owl#equivalentClass>), Equal(?_BODY_2, ?Y_1) >>>
18:44:58 [INFO] Execution step: Body
18:44:58 [INFO] Trie does not contain any elements
18:44:58 [INFO] Execution step: Duplicate Elimination (Datalog)
18:44:58 [INFO] Trie does not contain any elements
18:44:58 [INFO] Rule duration: 0 ms
18:44:58 [INFO] <<< STEP 52: APPLYING RULE 15 http://rulewerk.semantic-web.org/normalForm/isMainClass(?X) :- class(?X), auxClass(?X) >>>
18:44:58 [INFO] Execution step: Project/Reorder
18:44:58 [INFO] Saved temporary table: 47009 entries (191484)
18:44:58 [INFO] Execution step: Body
18:44:58 [INFO] Saved temporary table: 23136 entries (95944)
18:44:58 [INFO] Execution step: Duplicate Elimination (Datalog)
18:44:58 [INFO] Saved permanent table http://rulewerk.semantic-web.org/normalForm/isMainClass (52) Permutation { idx_to_val: [], val_to_idx: [] } with 23136 entries (95992)
18:44:58 [INFO] Rule duration: 10 ms
18:44:58 [INFO] <<< STEP 53: APPLYING RULE 15 http://rulewerk.semantic-web.org/normalForm/isMainClass(?X) :- class(?X), auxClass(?X) >>>
18:44:58 [INFO] Execution step: Project/Reorder
18:44:58 [INFO] Saved temporary table: 47009 entries (191484)
18:44:58 [INFO] Execution step: Body
18:44:58 [INFO] Trie does not contain any elements
18:44:58 [INFO] Execution step: Duplicate Elimination (Datalog)
18:44:58 [INFO] Trie does not contain any elements
18:44:58 [INFO] Rule duration: 4 ms
18:44:58 [INFO] <<< STEP 54: APPLYING RULE 16 repOf(?X, ?X) :- http://rulewerk.semantic-web.org/normalForm/isMainClass(?X) >>>
18:44:58 [INFO] Execution step: Body
18:44:58 [INFO] Saved temporary table: 23136 entries (95944)
18:44:58 [INFO] Execution step: Duplicate Elimination (Datalog)
18:44:58 [INFO] Saved permanent table repOf (54) Permutation { idx_to_val: [], val_to_idx: [] } with 23136 entries (192324)
18:44:58 [INFO] Rule duration: 5 ms
18:44:58 [INFO] <<< STEP 55: APPLYING RULE 16 repOf(?X, ?X) :- http://rulewerk.semantic-web.org/normalForm/isMainClass(?X) >>>
18:44:58 [INFO] Execution step: Body
18:44:58 [INFO] Trie does not contain any elements
18:44:58 [INFO] Execution step: Duplicate Elimination (Datalog)
18:44:58 [INFO] Trie does not contain any elements
18:44:58 [INFO] Rule duration: 0 ms
18:44:58 [INFO] <<< STEP 56: APPLYING RULE 17 synExRep(?X, ?P, ?Rep) :- synEx(?Y, ?P, ?X), repOf(?Y, ?Rep) >>>
18:44:58 [INFO] Execution step: Body
18:44:58 [INFO] Saved temporary table: 24249 entries (301964)
18:44:58 [INFO] Execution step: Duplicate Elimination (Datalog)
18:44:58 [INFO] Saved permanent table synExRep (56) Permutation { idx_to_val: [], val_to_idx: [] } with 24249 entries (302012)
18:44:58 [INFO] Rule duration: 32 ms
18:44:58 [INFO] <<< STEP 57: APPLYING RULE 18 http://rulewerk.semantic-web.org/normalForm/exists(!New, ?P, ?Rep) :- synExRep(?X, ?P, ?Rep) >>>
18:44:58 [INFO] Execution step: Project/Reorder
18:44:58 [INFO] Trie does not contain any elements
18:44:58 [INFO] Execution step: Body
18:44:58 [INFO] Saved temporary table: 11233 entries (55794)
18:44:58 [INFO] Execution step: Head (Restricted): Updated Sat. Frontier
18:44:58 [INFO] Saved permanent table Restricted Chase Helper Table with 11233 entries (55842)
18:44:58 [INFO] Execution step: Head (Restricted): Nulls
18:44:58 [INFO] Saved temporary table: 11233 entries (100902)
18:44:58 [INFO] Execution step: Duplicate Elimination (Datalog)
18:44:58 [INFO] Saved permanent table http://rulewerk.semantic-web.org/normalForm/exists (57) Permutation { idx_to_val: [], val_to_idx: [] } with 11233 entries (100950)
18:44:58 [INFO] Rule duration: 23 ms
18:44:58 [INFO] <<< STEP 58: APPLYING RULE 19 repOf(?X, ?N) :- synExRep(?X, ?P, ?Rep), http://rulewerk.semantic-web.org/normalForm/exists(?N, ?P, ?Rep) >>>
18:44:58 [INFO] Execution step: Body
18:44:58 [INFO] Saved temporary table: 24249 entries (201180)
18:44:58 [INFO] Execution step: Duplicate Elimination (Datalog)
18:44:58 [INFO] Saved permanent table repOf (58) Permutation { idx_to_val: [], val_to_idx: [] } with 24249 entries (201228)
18:44:58 [INFO] Rule duration: 40 ms
18:44:58 [INFO] <<< STEP 59: APPLYING RULE 20 http://rulewerk.semantic-web.org/normalForm/conj(!New, ?R1, ?R2) :- synConj(?X, ?C1, ?C2), repOf(?C1, ?R1), repOf(?C2, ?R2) >>>
18:44:58 [INFO] Execution step: Project/Reorder
18:44:58 [INFO] Trie does not contain any elements
18:44:58 [INFO] Execution step: Body
18:44:58 [INFO] Saved temporary table: 8647 entries (73026)
18:44:58 [INFO] Execution step: Head (Restricted): Updated Sat. Frontier
18:44:58 [INFO] Saved permanent table Restricted Chase Helper Table with 8647 entries (73074)
18:44:58 [INFO] Execution step: Head (Restricted): Nulls
18:44:58 [INFO] Saved temporary table: 8647 entries (80214)
18:44:58 [INFO] Execution step: Duplicate Elimination (Datalog)
18:44:58 [INFO] Saved permanent table http://rulewerk.semantic-web.org/normalForm/conj (59) Permutation { idx_to_val: [], val_to_idx: [] } with 8647 entries (80262)
18:44:58 [INFO] Rule duration: 29 ms
18:44:58 [INFO] <<< STEP 60: APPLYING RULE 21 repOf(?X, ?N) :- synConj(?X, ?C1, ?C2), repOf(?C1, ?R1), repOf(?C2, ?R2), http://rulewerk.semantic-web.org/normalForm/conj(?N, ?R1, ?R2) >>>
18:44:58 [INFO] Execution step: Body
18:44:58 [INFO] Saved temporary table: 11646 entries (100356)
18:44:58 [INFO] Execution step: Duplicate Elimination (Datalog)
18:44:58 [INFO] Saved permanent table repOf (60) Permutation { idx_to_val: [], val_to_idx: [] } with 11646 entries (100404)
18:44:58 [INFO] Rule duration: 169 ms
18:44:58 [INFO] <<< STEP 61: APPLYING RULE 21 repOf(?X, ?N) :- synConj(?X, ?C1, ?C2), repOf(?C1, ?R1), repOf(?C2, ?R2), http://rulewerk.semantic-web.org/normalForm/conj(?N, ?R1, ?R2) >>>
18:44:58 [INFO] Execution step: Body
18:44:58 [INFO] Trie does not contain any elements
18:44:58 [INFO] Execution step: Duplicate Elimination (Datalog)
18:44:58 [INFO] Trie does not contain any elements
18:44:58 [INFO] Rule duration: 5 ms
18:44:58 [INFO] <<< STEP 62: APPLYING RULE 17 synExRep(?X, ?P, ?Rep) :- synEx(?Y, ?P, ?X), repOf(?Y, ?Rep) >>>
18:44:58 [INFO] Execution step: Body
18:44:58 [INFO] Saved temporary table: 4130 entries (60536)
18:44:58 [INFO] Execution step: Duplicate Elimination (Datalog)
18:44:58 [INFO] Saved permanent table synExRep (62) Permutation { idx_to_val: [], val_to_idx: [] } with 4130 entries (60584)
18:44:58 [INFO] Rule duration: 6 ms
18:44:58 [INFO] <<< STEP 63: APPLYING RULE 18 http://rulewerk.semantic-web.org/normalForm/exists(!New, ?P, ?Rep) :- synExRep(?X, ?P, ?Rep) >>>
18:44:58 [INFO] Execution step: Project/Reorder
18:44:58 [INFO] Trie does not contain any elements
18:44:58 [INFO] Execution step: Body
18:44:58 [INFO] Saved temporary table: 1997 entries (17278)
18:44:58 [INFO] Execution step: Head (Restricted): Updated Sat. Frontier
18:44:58 [INFO] Saved permanent table Restricted Chase Helper Table with 1997 entries (17326)
18:44:58 [INFO] Execution step: Head (Restricted): Nulls
18:44:58 [INFO] Saved temporary table: 1997 entries (27014)
18:44:58 [INFO] Execution step: Duplicate Elimination (Datalog)
18:44:58 [INFO] Saved permanent table http://rulewerk.semantic-web.org/normalForm/exists (63) Permutation { idx_to_val: [], val_to_idx: [] } with 1997 entries (27062)
18:44:58 [INFO] Rule duration: 4 ms
18:44:58 [INFO] <<< STEP 64: APPLYING RULE 19 repOf(?X, ?N) :- synExRep(?X, ?P, ?Rep), http://rulewerk.semantic-web.org/normalForm/exists(?N, ?P, ?Rep) >>>
18:44:58 [INFO] Execution step: Body
18:44:58 [INFO] Saved temporary table: 4130 entries (40228)
18:44:58 [INFO] Execution step: Duplicate Elimination (Datalog)
18:44:58 [INFO] Saved permanent table repOf (64) Permutation { idx_to_val: [], val_to_idx: [] } with 4130 entries (40276)
18:44:58 [INFO] Rule duration: 6 ms
18:44:58 [INFO] <<< STEP 65: APPLYING RULE 20 http://rulewerk.semantic-web.org/normalForm/conj(!New, ?R1, ?R2) :- synConj(?X, ?C1, ?C2), repOf(?C1, ?R1), repOf(?C2, ?R2) >>>
18:44:58 [INFO] Execution step: Project/Reorder
18:44:58 [INFO] Trie does not contain any elements
18:44:58 [INFO] Execution step: Body
18:44:58 [INFO] Saved temporary table: 3284 entries (32434)
18:44:58 [INFO] Execution step: Head (Restricted): Updated Sat. Frontier
18:44:58 [INFO] Saved permanent table Restricted Chase Helper Table with 3284 entries (32482)
18:44:58 [INFO] Execution step: Head (Restricted): Nulls
18:44:58 [INFO] Saved temporary table: 3284 entries (37310)
18:44:58 [INFO] Execution step: Duplicate Elimination (Datalog)
18:44:58 [INFO] Saved permanent table http://rulewerk.semantic-web.org/normalForm/conj (65) Permutation { idx_to_val: [], val_to_idx: [] } with 3284 entries (37358)
18:44:58 [INFO] Rule duration: 14 ms
18:44:58 [INFO] <<< STEP 66: APPLYING RULE 21 repOf(?X, ?N) :- synConj(?X, ?C1, ?C2), repOf(?C1, ?R1), repOf(?C2, ?R2), http://rulewerk.semantic-web.org/normalForm/conj(?N, ?R1, ?R2) >>>
18:44:58 [INFO] Execution step: Body
18:44:58 [INFO] Saved temporary table: 3813 entries (37692)
18:44:58 [INFO] Execution step: Duplicate Elimination (Datalog)
18:44:58 [INFO] Saved permanent table repOf (66) Permutation { idx_to_val: [], val_to_idx: [] } with 3813 entries (37740)
18:44:58 [INFO] Rule duration: 48 ms
18:44:58 [INFO] <<< STEP 67: APPLYING RULE 21 repOf(?X, ?N) :- synConj(?X, ?C1, ?C2), repOf(?C1, ?R1), repOf(?C2, ?R2), http://rulewerk.semantic-web.org/normalForm/conj(?N, ?R1, ?R2) >>>
18:44:58 [INFO] Execution step: Body
18:44:58 [INFO] Trie does not contain any elements
18:44:58 [INFO] Execution step: Duplicate Elimination (Datalog)
18:44:58 [INFO] Trie does not contain any elements
18:44:58 [INFO] Rule duration: 2 ms
18:44:58 [INFO] <<< STEP 68: APPLYING RULE 17 synExRep(?X, ?P, ?Rep) :- synEx(?Y, ?P, ?X), repOf(?Y, ?Rep) >>>
18:44:58 [INFO] Execution step: Body
18:44:58 [INFO] Saved temporary table: 855 entries (21236)
18:44:58 [INFO] Execution step: Duplicate Elimination (Datalog)
18:44:58 [INFO] Saved permanent table synExRep (68) Permutation { idx_to_val: [], val_to_idx: [] } with 855 entries (21284)
18:44:58 [INFO] Rule duration: 1 ms
18:44:58 [INFO] <<< STEP 69: APPLYING RULE 18 http://rulewerk.semantic-web.org/normalForm/exists(!New, ?P, ?Rep) :- synExRep(?X, ?P, ?Rep) >>>
18:44:58 [INFO] Execution step: Project/Reorder
18:44:58 [INFO] Trie does not contain any elements
18:44:58 [INFO] Execution step: Body
18:44:58 [INFO] Saved temporary table: 560 entries (10366)
18:44:58 [INFO] Execution step: Head (Restricted): Updated Sat. Frontier
18:44:58 [INFO] Saved permanent table Restricted Chase Helper Table with 560 entries (10414)
18:44:58 [INFO] Execution step: Head (Restricted): Nulls
18:44:58 [INFO] Saved temporary table: 560 entries (15518)
18:44:58 [INFO] Execution step: Duplicate Elimination (Datalog)
18:44:58 [INFO] Saved permanent table http://rulewerk.semantic-web.org/normalForm/exists (69) Permutation { idx_to_val: [], val_to_idx: [] } with 560 entries (15566)
18:44:58 [INFO] Rule duration: 1 ms
18:44:58 [INFO] <<< STEP 70: APPLYING RULE 19 repOf(?X, ?N) :- synExRep(?X, ?P, ?Rep), http://rulewerk.semantic-web.org/normalForm/exists(?N, ?P, ?Rep) >>>
18:44:58 [INFO] Execution step: Body
18:44:58 [INFO] Saved temporary table: 855 entries (14028)
18:44:58 [INFO] Execution step: Duplicate Elimination (Datalog)
18:44:58 [INFO] Saved permanent table repOf (70) Permutation { idx_to_val: [], val_to_idx: [] } with 855 entries (14076)
18:44:58 [INFO] Rule duration: 1 ms
18:44:58 [INFO] <<< STEP 71: APPLYING RULE 20 http://rulewerk.semantic-web.org/normalForm/conj(!New, ?R1, ?R2) :- synConj(?X, ?C1, ?C2), repOf(?C1, ?R1), repOf(?C2, ?R2) >>>
18:44:58 [INFO] Execution step: Project/Reorder
18:44:58 [INFO] Trie does not contain any elements
18:44:58 [INFO] Execution step: Body
18:44:58 [INFO] Saved temporary table: 1182 entries (17114)
18:44:58 [INFO] Execution step: Head (Restricted): Updated Sat. Frontier
18:44:58 [INFO] Saved permanent table Restricted Chase Helper Table with 1182 entries (17162)
18:44:58 [INFO] Execution step: Head (Restricted): Nulls
18:44:58 [INFO] Saved temporary table: 1182 entries (20494)
18:44:58 [INFO] Execution step: Duplicate Elimination (Datalog)
18:44:58 [INFO] Saved permanent table http://rulewerk.semantic-web.org/normalForm/conj (71) Permutation { idx_to_val: [], val_to_idx: [] } with 1182 entries (20542)
18:44:58 [INFO] Rule duration: 9 ms
18:44:58 [INFO] <<< STEP 72: APPLYING RULE 21 repOf(?X, ?N) :- synConj(?X, ?C1, ?C2), repOf(?C1, ?R1), repOf(?C2, ?R2), http://rulewerk.semantic-web.org/normalForm/conj(?N, ?R1, ?R2) >>>
18:44:58 [INFO] Execution step: Body
18:44:58 [INFO] Saved temporary table: 1305 entries (17628)
18:44:58 [INFO] Execution step: Duplicate Elimination (Datalog)
18:44:58 [INFO] Saved permanent table repOf (72) Permutation { idx_to_val: [], val_to_idx: [] } with 1305 entries (17676)
18:44:58 [INFO] Rule duration: 7 ms
18:44:58 [INFO] <<< STEP 73: APPLYING RULE 21 repOf(?X, ?N) :- synConj(?X, ?C1, ?C2), repOf(?C1, ?R1), repOf(?C2, ?R2), http://rulewerk.semantic-web.org/normalForm/conj(?N, ?R1, ?R2) >>>
18:44:58 [INFO] Execution step: Body
18:44:58 [INFO] Trie does not contain any elements
18:44:58 [INFO] Execution step: Duplicate Elimination (Datalog)
18:44:58 [INFO] Trie does not contain any elements
18:44:58 [INFO] Rule duration: 2 ms
18:44:58 [INFO] <<< STEP 74: APPLYING RULE 17 synExRep(?X, ?P, ?Rep) :- synEx(?Y, ?P, ?X), repOf(?Y, ?Rep) >>>
18:44:58 [INFO] Execution step: Body
18:44:58 [INFO] Saved temporary table: 266 entries (14168)
18:44:58 [INFO] Execution step: Duplicate Elimination (Datalog)
18:44:58 [INFO] Saved permanent table synExRep (74) Permutation { idx_to_val: [], val_to_idx: [] } with 266 entries (14216)
18:44:58 [INFO] Rule duration: 0 ms
18:44:58 [INFO] <<< STEP 75: APPLYING RULE 18 http://rulewerk.semantic-web.org/normalForm/exists(!New, ?P, ?Rep) :- synExRep(?X, ?P, ?Rep) >>>
18:44:58 [INFO] Execution step: Project/Reorder
18:44:58 [INFO] Trie does not contain any elements
18:44:58 [INFO] Execution step: Body
18:44:58 [INFO] Saved temporary table: 214 entries (9736)
18:44:58 [INFO] Execution step: Head (Restricted): Updated Sat. Frontier
18:44:58 [INFO] Saved permanent table Restricted Chase Helper Table with 214 entries (9784)
18:44:58 [INFO] Execution step: Head (Restricted): Nulls
18:44:58 [INFO] Saved temporary table: 214 entries (12750)
18:44:58 [INFO] Execution step: Duplicate Elimination (Datalog)
18:44:58 [INFO] Saved permanent table http://rulewerk.semantic-web.org/normalForm/exists (75) Permutation { idx_to_val: [], val_to_idx: [] } with 214 entries (12798)
18:44:58 [INFO] Rule duration: 0 ms
18:44:58 [INFO] <<< STEP 76: APPLYING RULE 19 repOf(?X, ?N) :- synExRep(?X, ?P, ?Rep), http://rulewerk.semantic-web.org/normalForm/exists(?N, ?P, ?Rep) >>>
18:44:58 [INFO] Execution step: Body
18:44:58 [INFO] Saved temporary table: 266 entries (9316)
18:44:58 [INFO] Execution step: Duplicate Elimination (Datalog)
18:44:58 [INFO] Saved permanent table repOf (76) Permutation { idx_to_val: [], val_to_idx: [] } with 266 entries (9364)
18:44:58 [INFO] Rule duration: 0 ms
18:44:58 [INFO] Execution step: Combining Tables
18:44:58 [INFO] Saved permanent table repOf (0-78) Permutation { idx_to_val: [], val_to_idx: [] } with 69400 entries (562436)
18:44:58 [INFO] <<< STEP 77: APPLYING RULE 20 http://rulewerk.semantic-web.org/normalForm/conj(!New, ?R1, ?R2) :- synConj(?X, ?C1, ?C2), repOf(?C1, ?R1), repOf(?C2, ?R2) >>>
18:44:58 [INFO] Execution step: Project/Reorder
18:44:58 [INFO] Trie does not contain any elements
18:44:58 [INFO] Execution step: Body
18:44:58 [INFO] Saved temporary table: 431 entries (10762)
18:44:58 [INFO] Execution step: Head (Restricted): Updated Sat. Frontier
18:44:58 [INFO] Saved permanent table Restricted Chase Helper Table with 431 entries (10810)
18:44:58 [INFO] Execution step: Head (Restricted): Nulls
18:44:58 [INFO] Saved temporary table: 431 entries (14486)
18:44:58 [INFO] Execution step: Duplicate Elimination (Datalog)
18:44:58 [INFO] Saved permanent table http://rulewerk.semantic-web.org/normalForm/conj (77) Permutation { idx_to_val: [], val_to_idx: [] } with 431 entries (14534)
18:44:58 [INFO] Rule duration: 11 ms
18:44:58 [INFO] <<< STEP 78: APPLYING RULE 21 repOf(?X, ?N) :- synConj(?X, ?C1, ?C2), repOf(?C1, ?R1), repOf(?C2, ?R2), http://rulewerk.semantic-web.org/normalForm/conj(?N, ?R1, ?R2) >>>
18:44:58 [INFO] Execution step: Body
18:44:58 [INFO] Saved temporary table: 478 entries (11012)
18:44:58 [INFO] Execution step: Duplicate Elimination (Datalog)
18:44:58 [INFO] Saved permanent table repOf (78) Permutation { idx_to_val: [], val_to_idx: [] } with 478 entries (11060)
18:44:58 [INFO] Rule duration: 48 ms
18:44:58 [INFO] <<< STEP 79: APPLYING RULE 21 repOf(?X, ?N) :- synConj(?X, ?C1, ?C2), repOf(?C1, ?R1), repOf(?C2, ?R2), http://rulewerk.semantic-web.org/normalForm/conj(?N, ?R1, ?R2) >>>
18:44:58 [INFO] Execution step: Body
18:44:58 [INFO] Trie does not contain any elements
18:44:58 [INFO] Execution step: Duplicate Elimination (Datalog)
18:44:58 [INFO] Trie does not contain any elements
18:44:58 [INFO] Rule duration: 3 ms
18:44:58 [INFO] <<< STEP 80: APPLYING RULE 17 synExRep(?X, ?P, ?Rep) :- synEx(?Y, ?P, ?X), repOf(?Y, ?Rep) >>>
18:44:58 [INFO] Execution step: Body
18:44:58 [INFO] Saved temporary table: 96 entries (12128)
18:44:58 [INFO] Execution step: Duplicate Elimination (Datalog)
18:44:58 [INFO] Saved permanent table synExRep (80) Permutation { idx_to_val: [], val_to_idx: [] } with 96 entries (12176)
18:44:58 [INFO] Rule duration: 0 ms
18:44:58 [INFO] <<< STEP 81: APPLYING RULE 18 http://rulewerk.semantic-web.org/normalForm/exists(!New, ?P, ?Rep) :- synExRep(?X, ?P, ?Rep) >>>
18:44:58 [INFO] Execution step: Project/Reorder
18:44:58 [INFO] Trie does not contain any elements
18:44:58 [INFO] Execution step: Body
18:44:58 [INFO] Saved temporary table: 89 entries (8352)
18:44:58 [INFO] Execution step: Head (Restricted): Updated Sat. Frontier
18:44:58 [INFO] Saved permanent table Restricted Chase Helper Table with 89 entries (8400)
18:44:58 [INFO] Execution step: Head (Restricted): Nulls
18:44:58 [INFO] Saved temporary table: 89 entries (11750)
18:44:58 [INFO] Execution step: Duplicate Elimination (Datalog)
18:44:58 [INFO] Saved permanent table http://rulewerk.semantic-web.org/normalForm/exists (81) Permutation { idx_to_val: [], val_to_idx: [] } with 89 entries (11798)
18:44:58 [INFO] Rule duration: 1 ms
18:44:58 [INFO] <<< STEP 82: APPLYING RULE 19 repOf(?X, ?N) :- synExRep(?X, ?P, ?Rep), http://rulewerk.semantic-web.org/normalForm/exists(?N, ?P, ?Rep) >>>
18:44:58 [INFO] Execution step: Body
18:44:58 [INFO] Saved temporary table: 96 entries (7956)
18:44:58 [INFO] Execution step: Duplicate Elimination (Datalog)
18:44:58 [INFO] Saved permanent table repOf (82) Permutation { idx_to_val: [], val_to_idx: [] } with 96 entries (8004)
18:44:58 [INFO] Rule duration: 0 ms
18:44:58 [INFO] <<< STEP 83: APPLYING RULE 20 http://rulewerk.semantic-web.org/normalForm/conj(!New, ?R1, ?R2) :- synConj(?X, ?C1, ?C2), repOf(?C1, ?R1), repOf(?C2, ?R2) >>>
18:44:58 [INFO] Execution step: Project/Reorder
18:44:58 [INFO] Trie does not contain any elements
18:44:58 [INFO] Execution step: Body
18:44:58 [INFO] Saved temporary table: 113 entries (8266)
18:44:58 [INFO] Execution step: Head (Restricted): Updated Sat. Frontier
18:44:58 [INFO] Saved permanent table Restricted Chase Helper Table with 113 entries (8314)
18:44:58 [INFO] Execution step: Head (Restricted): Nulls
18:44:58 [INFO] Saved temporary table: 113 entries (11942)
18:44:58 [INFO] Execution step: Duplicate Elimination (Datalog)
18:44:58 [INFO] Saved permanent table http://rulewerk.semantic-web.org/normalForm/conj (83) Permutation { idx_to_val: [], val_to_idx: [] } with 113 entries (11990)
18:44:58 [INFO] Rule duration: 8 ms
18:44:58 [INFO] <<< STEP 84: APPLYING RULE 21 repOf(?X, ?N) :- synConj(?X, ?C1, ?C2), repOf(?C1, ?R1), repOf(?C2, ?R2), http://rulewerk.semantic-web.org/normalForm/conj(?N, ?R1, ?R2) >>>
18:44:58 [INFO] Execution step: Body
18:44:58 [INFO] Saved temporary table: 113 entries (8092)
18:44:58 [INFO] Execution step: Duplicate Elimination (Datalog)
18:44:58 [INFO] Saved permanent table repOf (84) Permutation { idx_to_val: [], val_to_idx: [] } with 113 entries (8140)
18:44:58 [INFO] Rule duration: 5 ms
18:44:58 [INFO] <<< STEP 85: APPLYING RULE 21 repOf(?X, ?N) :- synConj(?X, ?C1, ?C2), repOf(?C1, ?R1), repOf(?C2, ?R2), http://rulewerk.semantic-web.org/normalForm/conj(?N, ?R1, ?R2) >>>
18:44:58 [INFO] Execution step: Body
18:44:58 [INFO] Trie does not contain any elements
18:44:58 [INFO] Execution step: Duplicate Elimination (Datalog)
18:44:58 [INFO] Trie does not contain any elements
18:44:58 [INFO] Rule duration: 3 ms
18:44:58 [INFO] <<< STEP 86: APPLYING RULE 17 synExRep(?X, ?P, ?Rep) :- synEx(?Y, ?P, ?X), repOf(?Y, ?Rep) >>>
18:44:58 [INFO] Execution step: Body
18:44:58 [INFO] Saved temporary table: 18 entries (12144)
18:44:58 [INFO] Execution step: Duplicate Elimination (Datalog)
18:44:58 [INFO] Saved permanent table synExRep (86) Permutation { idx_to_val: [], val_to_idx: [] } with 18 entries (12192)
18:44:58 [INFO] Rule duration: 0 ms
18:44:58 [INFO] <<< STEP 87: APPLYING RULE 18 http://rulewerk.semantic-web.org/normalForm/exists(!New, ?P, ?Rep) :- synExRep(?X, ?P, ?Rep) >>>
18:44:58 [INFO] Execution step: Project/Reorder
18:44:58 [INFO] Trie does not contain any elements
18:44:58 [INFO] Execution step: Body
18:44:58 [INFO] Saved temporary table: 18 entries (7132)
18:44:58 [INFO] Execution step: Head (Restricted): Updated Sat. Frontier
18:44:58 [INFO] Saved permanent table Restricted Chase Helper Table with 18 entries (7180)
18:44:58 [INFO] Execution step: Head (Restricted): Nulls
18:44:58 [INFO] Saved temporary table: 18 entries (12144)
18:44:58 [INFO] Execution step: Duplicate Elimination (Datalog)
18:44:58 [INFO] Saved permanent table http://rulewerk.semantic-web.org/normalForm/exists (87) Permutation { idx_to_val: [], val_to_idx: [] } with 18 entries (12192)
18:44:58 [INFO] Rule duration: 0 ms
18:44:58 [INFO] <<< STEP 88: APPLYING RULE 19 repOf(?X, ?N) :- synExRep(?X, ?P, ?Rep), http://rulewerk.semantic-web.org/normalForm/exists(?N, ?P, ?Rep) >>>
18:44:58 [INFO] Execution step: Body
18:44:58 [INFO] Saved temporary table: 18 entries (7808)
18:44:58 [INFO] Execution step: Duplicate Elimination (Datalog)
18:44:58 [INFO] Saved permanent table repOf (88) Permutation { idx_to_val: [], val_to_idx: [] } with 18 entries (7856)
18:44:58 [INFO] Rule duration: 0 ms
18:44:58 [INFO] <<< STEP 89: APPLYING RULE 20 http://rulewerk.semantic-web.org/normalForm/conj(!New, ?R1, ?R2) :- synConj(?X, ?C1, ?C2), repOf(?C1, ?R1), repOf(?C2, ?R2) >>>
18:44:58 [INFO] Execution step: Project/Reorder
18:44:58 [INFO] Trie does not contain any elements
18:44:58 [INFO] Execution step: Body
18:44:58 [INFO] Saved temporary table: 30 entries (7596)
18:44:58 [INFO] Execution step: Head (Restricted): Updated Sat. Frontier
18:44:58 [INFO] Saved permanent table Restricted Chase Helper Table with 30 entries (7644)
18:44:58 [INFO] Execution step: Head (Restricted): Nulls
18:44:58 [INFO] Saved temporary table: 30 entries (13440)
18:44:58 [INFO] Execution step: Duplicate Elimination (Datalog)
18:44:58 [INFO] Saved permanent table http://rulewerk.semantic-web.org/normalForm/conj (89) Permutation { idx_to_val: [], val_to_idx: [] } with 30 entries (13488)
18:44:58 [INFO] Rule duration: 7 ms
18:44:58 [INFO] <<< STEP 90: APPLYING RULE 21 repOf(?X, ?N) :- synConj(?X, ?C1, ?C2), repOf(?C1, ?R1), repOf(?C2, ?R2), http://rulewerk.semantic-web.org/normalForm/conj(?N, ?R1, ?R2) >>>
18:44:58 [INFO] Execution step: Body
18:44:58 [INFO] Saved temporary table: 30 entries (8480)
18:44:58 [INFO] Execution step: Duplicate Elimination (Datalog)
18:44:58 [INFO] Saved permanent table repOf (90) Permutation { idx_to_val: [], val_to_idx: [] } with 30 entries (8528)
18:44:58 [INFO] Rule duration: 4 ms
18:44:58 [INFO] <<< STEP 91: APPLYING RULE 21 repOf(?X, ?N) :- synConj(?X, ?C1, ?C2), repOf(?C1, ?R1), repOf(?C2, ?R2), http://rulewerk.semantic-web.org/normalForm/conj(?N, ?R1, ?R2) >>>
18:44:58 [INFO] Execution step: Body
18:44:58 [INFO] Trie does not contain any elements
18:44:58 [INFO] Execution step: Duplicate Elimination (Datalog)
18:44:58 [INFO] Trie does not contain any elements
18:44:58 [INFO] Rule duration: 3 ms
18:44:58 [INFO] <<< STEP 92: APPLYING RULE 17 synExRep(?X, ?P, ?Rep) :- synEx(?Y, ?P, ?X), repOf(?Y, ?Rep) >>>
18:44:58 [INFO] Execution step: Body
18:44:58 [INFO] Saved temporary table: 4 entries (10632)
18:44:58 [INFO] Execution step: Duplicate Elimination (Datalog)
18:44:58 [INFO] Saved permanent table synExRep (92) Permutation { idx_to_val: [], val_to_idx: [] } with 4 entries (10680)
18:44:58 [INFO] Rule duration: 0 ms
18:44:58 [INFO] <<< STEP 93: APPLYING RULE 18 http://rulewerk.semantic-web.org/normalForm/exists(!New, ?P, ?Rep) :- synExRep(?X, ?P, ?Rep) >>>
18:44:58 [INFO] Execution step: Project/Reorder
18:44:58 [INFO] Trie does not contain any elements
18:44:58 [INFO] Execution step: Body
18:44:58 [INFO] Saved temporary table: 4 entries (6920)
18:44:58 [INFO] Execution step: Head (Restricted): Updated Sat. Frontier
18:44:58 [INFO] Saved permanent table Restricted Chase Helper Table with 4 entries (6968)
18:44:58 [INFO] Execution step: Head (Restricted): Nulls
18:44:58 [INFO] Saved temporary table: 4 entries (10632)
18:44:58 [INFO] Execution step: Duplicate Elimination (Datalog)
18:44:58 [INFO] Saved permanent table http://rulewerk.semantic-web.org/normalForm/exists (93) Permutation { idx_to_val: [], val_to_idx: [] } with 4 entries (10680)
18:44:58 [INFO] Rule duration: 0 ms
18:44:58 [INFO] <<< STEP 94: APPLYING RULE 19 repOf(?X, ?N) :- synExRep(?X, ?P, ?Rep), http://rulewerk.semantic-web.org/normalForm/exists(?N, ?P, ?Rep) >>>
18:44:58 [INFO] Execution step: Body
18:44:58 [INFO] Saved temporary table: 4 entries (7024)
18:44:58 [INFO] Execution step: Duplicate Elimination (Datalog)
18:44:58 [INFO] Saved permanent table repOf (94) Permutation { idx_to_val: [], val_to_idx: [] } with 4 entries (7072)
18:44:58 [INFO] Rule duration: 0 ms
18:44:58 [INFO] <<< STEP 95: APPLYING RULE 20 http://rulewerk.semantic-web.org/normalForm/conj(!New, ?R1, ?R2) :- synConj(?X, ?C1, ?C2), repOf(?C1, ?R1), repOf(?C2, ?R2) >>>
18:44:58 [INFO] Execution step: Project/Reorder
18:44:58 [INFO] Trie does not contain any elements
18:44:58 [INFO] Execution step: Body
18:44:58 [INFO] Saved temporary table: 6 entries (7084)
18:44:58 [INFO] Execution step: Head (Restricted): Updated Sat. Frontier
18:44:58 [INFO] Saved permanent table Restricted Chase Helper Table with 6 entries (7132)
18:44:58 [INFO] Execution step: Head (Restricted): Nulls
18:44:58 [INFO] Saved temporary table: 6 entries (10848)
18:44:58 [INFO] Execution step: Duplicate Elimination (Datalog)
18:44:58 [INFO] Saved permanent table http://rulewerk.semantic-web.org/normalForm/conj (95) Permutation { idx_to_val: [], val_to_idx: [] } with 6 entries (10896)
18:44:58 [INFO] Rule duration: 6 ms
18:44:58 [INFO] <<< STEP 96: APPLYING RULE 21 repOf(?X, ?N) :- synConj(?X, ?C1, ?C2), repOf(?C1, ?R1), repOf(?C2, ?R2), http://rulewerk.semantic-web.org/normalForm/conj(?N, ?R1, ?R2) >>>
18:44:58 [INFO] Execution step: Body
18:44:58 [INFO] Saved temporary table: 6 entries (7136)
18:44:58 [INFO] Execution step: Duplicate Elimination (Datalog)
18:44:58 [INFO] Saved permanent table repOf (96) Permutation { idx_to_val: [], val_to_idx: [] } with 6 entries (7184)
18:44:58 [INFO] Rule duration: 4 ms
18:44:58 [INFO] <<< STEP 97: APPLYING RULE 21 repOf(?X, ?N) :- synConj(?X, ?C1, ?C2), repOf(?C1, ?R1), repOf(?C2, ?R2), http://rulewerk.semantic-web.org/normalForm/conj(?N, ?R1, ?R2) >>>
18:44:58 [INFO] Execution step: Body
18:44:58 [INFO] Trie does not contain any elements
18:44:58 [INFO] Execution step: Duplicate Elimination (Datalog)
18:44:58 [INFO] Trie does not contain any elements
18:44:58 [INFO] Rule duration: 4 ms
18:44:58 [INFO] <<< STEP 98: APPLYING RULE 17 synExRep(?X, ?P, ?Rep) :- synEx(?Y, ?P, ?X), repOf(?Y, ?Rep) >>>
18:44:58 [INFO] Execution step: Body
18:44:58 [INFO] Trie does not contain any elements
18:44:58 [INFO] Execution step: Duplicate Elimination (Datalog)
18:44:58 [INFO] Trie does not contain any elements
18:44:58 [INFO] Rule duration: 0 ms
18:44:58 [INFO] <<< STEP 99: APPLYING RULE 18 http://rulewerk.semantic-web.org/normalForm/exists(!New, ?P, ?Rep) :- synExRep(?X, ?P, ?Rep) >>>
18:44:58 [INFO] Execution step: Project/Reorder
18:44:58 [INFO] Trie does not contain any elements
18:44:58 [INFO] Execution step: Body
18:44:58 [INFO] Trie does not contain any elements
18:44:58 [INFO] Execution step: Head (Restricted): Updated Sat. Frontier
18:44:58 [INFO] Trie does not contain any elements
18:44:58 [INFO] Execution step: Head (Restricted): Nulls
18:44:58 [INFO] Trie does not contain any elements
18:44:58 [INFO] Execution step: Duplicate Elimination (Datalog)
18:44:58 [INFO] Trie does not contain any elements
18:44:58 [INFO] Rule duration: 0 ms
18:44:58 [INFO] <<< STEP 100: APPLYING RULE 19 repOf(?X, ?N) :- synExRep(?X, ?P, ?Rep), http://rulewerk.semantic-web.org/normalForm/exists(?N, ?P, ?Rep) >>>
18:44:58 [INFO] Execution step: Body
18:44:58 [INFO] Trie does not contain any elements
18:44:58 [INFO] Execution step: Duplicate Elimination (Datalog)
18:44:58 [INFO] Trie does not contain any elements
18:44:58 [INFO] Rule duration: 0 ms
18:44:58 [INFO] <<< STEP 101: APPLYING RULE 20 http://rulewerk.semantic-web.org/normalForm/conj(!New, ?R1, ?R2) :- synConj(?X, ?C1, ?C2), repOf(?C1, ?R1), repOf(?C2, ?R2) >>>
18:44:58 [INFO] Execution step: Project/Reorder
18:44:58 [INFO] Trie does not contain any elements
18:44:58 [INFO] Execution step: Body
18:44:58 [INFO] Trie does not contain any elements
18:44:58 [INFO] Execution step: Head (Restricted): Updated Sat. Frontier
18:44:58 [INFO] Trie does not contain any elements
18:44:58 [INFO] Execution step: Head (Restricted): Nulls
18:44:58 [INFO] Trie does not contain any elements
18:44:58 [INFO] Execution step: Duplicate Elimination (Datalog)
18:44:58 [INFO] Trie does not contain any elements
18:44:58 [INFO] Rule duration: 5 ms
18:44:58 [INFO] <<< STEP 102: APPLYING RULE 25 http://rulewerk.semantic-web.org/normalForm/subClassOf(?RX, ?RY), http://rulewerk.semantic-web.org/normalForm/isSubClass(?RX) :- prepareSco(?X, ?Y), repOf(?X, ?RX), repOf(?Y, ?RY) >>>
18:44:58 [INFO] Execution step: Body
18:44:58 [INFO] Saved temporary table: 32728 entries (134312)
18:44:58 [INFO] Saved temporary table: 45499 entries (581862)
18:44:58 [INFO] Execution step: Duplicate Elimination (Datalog)
18:44:58 [INFO] Saved permanent table http://rulewerk.semantic-web.org/normalForm/isSubClass (102) Permutation { idx_to_val: [], val_to_idx: [] } with 32728 entries (134360)
18:44:58 [INFO] Execution step: Duplicate Elimination (Datalog)
18:44:58 [INFO] Saved permanent table http://rulewerk.semantic-web.org/normalForm/subClassOf (102) Permutation { idx_to_val: [], val_to_idx: [] } with 45499 entries (581910)
18:44:58 [INFO] Rule duration: 86 ms
18:44:58 [INFO] <<< STEP 103: APPLYING RULE 25 http://rulewerk.semantic-web.org/normalForm/subClassOf(?RX, ?RY), http://rulewerk.semantic-web.org/normalForm/isSubClass(?RX) :- prepareSco(?X, ?Y), repOf(?X, ?RX), repOf(?Y, ?RY) >>>
18:44:58 [INFO] Execution step: Body
18:44:58 [INFO] Trie does not contain any elements
18:44:58 [INFO] Trie does not contain any elements
18:44:58 [INFO] Execution step: Duplicate Elimination (Datalog)
18:44:58 [INFO] Trie does not contain any elements
18:44:58 [INFO] Execution step: Duplicate Elimination (Datalog)
18:44:58 [INFO] Trie does not contain any elements
18:44:58 [INFO] Rule duration: 0 ms
18:44:58 [INFO] <<< STEP 104: APPLYING RULE 27 http://rulewerk.semantic-web.org/normalForm/isSubClass(?D) :- http://rulewerk.semantic-web.org/normalForm/exists(?C, ?P, ?D), http://rulewerk.semantic-web.org/normalForm/isSubClass(?C) >>>
18:44:58 [INFO] Execution step: Body
18:44:58 [INFO] Saved temporary table: 2 entries (3408)
18:44:58 [INFO] Execution step: Duplicate Elimination (Datalog)
18:44:58 [INFO] Trie does not contain any elements
18:44:58 [INFO] Rule duration: 0 ms
18:44:58 [INFO] <<< STEP 105: APPLYING RULE 28 http://rulewerk.semantic-web.org/normalForm/isSubClass(?C1), http://rulewerk.semantic-web.org/normalForm/isSubClass(?C2) :- http://rulewerk.semantic-web.org/normalForm/conj(?X, ?C1, ?C2), http://rulewerk.semantic-web.org/normalForm/isSubClass(?X) >>>
18:44:58 [INFO] Execution step: Body
18:44:58 [INFO] Saved temporary table: 2319 entries (12676)
18:44:58 [INFO] Saved temporary table: 6456 entries (29224)
18:44:58 [INFO] Execution step: Duplicate Elimination (Datalog)
18:44:58 [INFO] Saved permanent table http://rulewerk.semantic-web.org/normalForm/isSubClass (105) Permutation { idx_to_val: [], val_to_idx: [] } with 6461 entries (29292)
18:44:58 [INFO] Rule duration: 13 ms
18:44:58 [INFO] <<< STEP 106: APPLYING RULE 28 http://rulewerk.semantic-web.org/normalForm/isSubClass(?C1), http://rulewerk.semantic-web.org/normalForm/isSubClass(?C2) :- http://rulewerk.semantic-web.org/normalForm/conj(?X, ?C1, ?C2), http://rulewerk.semantic-web.org/normalForm/isSubClass(?X) >>>
18:44:58 [INFO] Execution step: Body
18:44:58 [INFO] Saved temporary table: 602 entries (5808)
18:44:58 [INFO] Saved temporary table: 899 entries (6996)
18:44:58 [INFO] Execution step: Duplicate Elimination (Datalog)
18:44:58 [INFO] Saved permanent table http://rulewerk.semantic-web.org/normalForm/isSubClass (106) Permutation { idx_to_val: [], val_to_idx: [] } with 974 entries (7344)
18:44:58 [INFO] Rule duration: 1 ms
18:44:58 [INFO] <<< STEP 107: APPLYING RULE 28 http://rulewerk.semantic-web.org/normalForm/isSubClass(?C1), http://rulewerk.semantic-web.org/normalForm/isSubClass(?C2) :- http://rulewerk.semantic-web.org/normalForm/conj(?X, ?C1, ?C2), http://rulewerk.semantic-web.org/normalForm/isSubClass(?X) >>>
18:44:58 [INFO] Execution step: Body
18:44:58 [INFO] Saved temporary table: 110 entries (3840)
18:44:58 [INFO] Saved temporary table: 165 entries (4060)
18:44:58 [INFO] Execution step: Duplicate Elimination (Datalog)
18:44:58 [INFO] Saved permanent table http://rulewerk.semantic-web.org/normalForm/isSubClass (107) Permutation { idx_to_val: [], val_to_idx: [] } with 146 entries (4032)
18:44:58 [INFO] Rule duration: 0 ms
18:44:58 [INFO] <<< STEP 108: APPLYING RULE 28 http://rulewerk.semantic-web.org/normalForm/isSubClass(?C1), http://rulewerk.semantic-web.org/normalForm/isSubClass(?C2) :- http://rulewerk.semantic-web.org/normalForm/conj(?X, ?C1, ?C2), http://rulewerk.semantic-web.org/normalForm/isSubClass(?X) >>>
18:44:58 [INFO] Execution step: Body
18:44:58 [INFO] Saved temporary table: 14 entries (3456)
18:44:58 [INFO] Saved temporary table: 15 entries (3460)
18:44:58 [INFO] Execution step: Duplicate Elimination (Datalog)
18:44:58 [INFO] Saved permanent table http://rulewerk.semantic-web.org/normalForm/isSubClass (108) Permutation { idx_to_val: [], val_to_idx: [] } with 8 entries (3480)
18:44:58 [INFO] Rule duration: 0 ms
18:44:58 [INFO] <<< STEP 109: APPLYING RULE 28 http://rulewerk.semantic-web.org/normalForm/isSubClass(?C1), http://rulewerk.semantic-web.org/normalForm/isSubClass(?C2) :- http://rulewerk.semantic-web.org/normalForm/conj(?X, ?C1, ?C2), http://rulewerk.semantic-web.org/normalForm/isSubClass(?X) >>>
18:44:58 [INFO] Execution step: Body
18:44:58 [INFO] Saved temporary table: 2 entries (3408)
18:44:58 [INFO] Saved temporary table: 2 entries (3408)
18:44:58 [INFO] Execution step: Duplicate Elimination (Datalog)
18:44:58 [INFO] Trie does not contain any elements
18:44:58 [INFO] Rule duration: 0 ms
18:44:58 [INFO] <<< STEP 110: APPLYING RULE 27 http://rulewerk.semantic-web.org/normalForm/isSubClass(?D) :- http://rulewerk.semantic-web.org/normalForm/exists(?C, ?P, ?D), http://rulewerk.semantic-web.org/normalForm/isSubClass(?C) >>>
18:44:58 [INFO] Execution step: Body
18:44:58 [INFO] Saved temporary table: 4510 entries (21440)
18:44:58 [INFO] Execution step: Duplicate Elimination (Datalog)
18:44:58 [INFO] Saved permanent table http://rulewerk.semantic-web.org/normalForm/isSubClass (110) Permutation { idx_to_val: [], val_to_idx: [] } with 1571 entries (9732)
18:44:58 [INFO] Rule duration: 5 ms
18:44:58 [INFO] <<< STEP 111: APPLYING RULE 27 http://rulewerk.semantic-web.org/normalForm/isSubClass(?D) :- http://rulewerk.semantic-web.org/normalForm/exists(?C, ?P, ?D), http://rulewerk.semantic-web.org/normalForm/isSubClass(?C) >>>
18:44:58 [INFO] Execution step: Body
18:44:58 [INFO] Trie does not contain any elements
18:44:58 [INFO] Execution step: Duplicate Elimination (Datalog)
18:44:58 [INFO] Trie does not contain any elements
18:44:58 [INFO] Rule duration: 0 ms
18:44:58 [INFO] <<< STEP 112: APPLYING RULE 28 http://rulewerk.semantic-web.org/normalForm/isSubClass(?C1), http://rulewerk.semantic-web.org/normalForm/isSubClass(?C2) :- http://rulewerk.semantic-web.org/normalForm/conj(?X, ?C1, ?C2), http://rulewerk.semantic-web.org/normalForm/isSubClass(?X) >>>
18:44:58 [INFO] Execution step: Body
18:44:58 [INFO] Saved temporary table: 447 entries (5188)
18:44:58 [INFO] Saved temporary table: 1358 entries (8832)
18:44:58 [INFO] Execution step: Duplicate Elimination (Datalog)
18:44:58 [INFO] Saved permanent table http://rulewerk.semantic-web.org/normalForm/isSubClass (112) Permutation { idx_to_val: [], val_to_idx: [] } with 1143 entries (8020)
18:44:58 [INFO] Rule duration: 1 ms
18:44:58 [INFO] <<< STEP 113: APPLYING RULE 28 http://rulewerk.semantic-web.org/normalForm/isSubClass(?C1), http://rulewerk.semantic-web.org/normalForm/isSubClass(?C2) :- http://rulewerk.semantic-web.org/normalForm/conj(?X, ?C1, ?C2), http://rulewerk.semantic-web.org/normalForm/isSubClass(?X) >>>
18:44:58 [INFO] Execution step: Body
18:44:58 [INFO] Saved temporary table: 89 entries (3756)
18:44:58 [INFO] Saved temporary table: 89 entries (3756)
18:44:58 [INFO] Execution step: Duplicate Elimination (Datalog)
18:44:58 [INFO] Saved permanent table http://rulewerk.semantic-web.org/normalForm/isSubClass (113) Permutation { idx_to_val: [], val_to_idx: [] } with 118 entries (3920)
18:44:58 [INFO] Rule duration: 0 ms
18:44:58 [INFO] Execution step: Combining Tables
18:44:58 [INFO] Saved permanent table http://rulewerk.semantic-web.org/normalForm/isSubClass (0-115) Permutation { idx_to_val: [], val_to_idx: [] } with 43149 entries (176044)
18:44:58 [INFO] <<< STEP 114: APPLYING RULE 28 http://rulewerk.semantic-web.org/normalForm/isSubClass(?C1), http://rulewerk.semantic-web.org/normalForm/isSubClass(?C2) :- http://rulewerk.semantic-web.org/normalForm/conj(?X, ?C1, ?C2), http://rulewerk.semantic-web.org/normalForm/isSubClass(?X) >>>
18:44:58 [INFO] Execution step: Body
18:44:58 [INFO] Saved temporary table: 2 entries (3408)
18:44:58 [INFO] Saved temporary table: 2 entries (3408)
18:44:58 [INFO] Execution step: Duplicate Elimination (Datalog)
18:44:58 [INFO] Saved permanent table http://rulewerk.semantic-web.org/normalForm/isSubClass (114) Permutation { idx_to_val: [], val_to_idx: [] } with 4 entries (3464)
18:44:58 [INFO] Rule duration: 0 ms
18:44:58 [INFO] <<< STEP 115: APPLYING RULE 28 http://rulewerk.semantic-web.org/normalForm/isSubClass(?C1), http://rulewerk.semantic-web.org/normalForm/isSubClass(?C2) :- http://rulewerk.semantic-web.org/normalForm/conj(?X, ?C1, ?C2), http://rulewerk.semantic-web.org/normalForm/isSubClass(?X) >>>
18:44:58 [INFO] Execution step: Body
18:44:58 [INFO] Trie does not contain any elements
18:44:58 [INFO] Trie does not contain any elements
18:44:58 [INFO] Execution step: Duplicate Elimination (Datalog)
18:44:58 [INFO] Trie does not contain any elements
18:44:58 [INFO] Rule duration: 0 ms
18:44:58 [INFO] <<< STEP 116: APPLYING RULE 27 http://rulewerk.semantic-web.org/normalForm/isSubClass(?D) :- http://rulewerk.semantic-web.org/normalForm/exists(?C, ?P, ?D), http://rulewerk.semantic-web.org/normalForm/isSubClass(?C) >>>
18:44:58 [INFO] Execution step: Body
18:44:58 [INFO] Saved temporary table: 1068 entries (7672)
18:44:58 [INFO] Execution step: Duplicate Elimination (Datalog)
18:44:58 [INFO] Saved permanent table http://rulewerk.semantic-web.org/normalForm/isSubClass (116) Permutation { idx_to_val: [], val_to_idx: [] } with 282 entries (4576)
18:44:58 [INFO] Rule duration: 1 ms
18:44:58 [INFO] <<< STEP 117: APPLYING RULE 27 http://rulewerk.semantic-web.org/normalForm/isSubClass(?D) :- http://rulewerk.semantic-web.org/normalForm/exists(?C, ?P, ?D), http://rulewerk.semantic-web.org/normalForm/isSubClass(?C) >>>
18:44:58 [INFO] Execution step: Body
18:44:58 [INFO] Trie does not contain any elements
18:44:58 [INFO] Execution step: Duplicate Elimination (Datalog)
18:44:58 [INFO] Trie does not contain any elements
18:44:58 [INFO] Rule duration: 0 ms
18:44:58 [INFO] <<< STEP 118: APPLYING RULE 28 http://rulewerk.semantic-web.org/normalForm/isSubClass(?C1), http://rulewerk.semantic-web.org/normalForm/isSubClass(?C2) :- http://rulewerk.semantic-web.org/normalForm/conj(?X, ?C1, ?C2), http://rulewerk.semantic-web.org/normalForm/isSubClass(?X) >>>
18:44:58 [INFO] Execution step: Body
18:44:58 [INFO] Saved temporary table: 93 entries (3772)
18:44:58 [INFO] Saved temporary table: 272 entries (4488)
18:44:58 [INFO] Execution step: Duplicate Elimination (Datalog)
18:44:58 [INFO] Saved permanent table http://rulewerk.semantic-web.org/normalForm/isSubClass (118) Permutation { idx_to_val: [], val_to_idx: [] } with 226 entries (4352)
18:44:58 [INFO] Rule duration: 0 ms
18:44:58 [INFO] <<< STEP 119: APPLYING RULE 28 http://rulewerk.semantic-web.org/normalForm/isSubClass(?C1), http://rulewerk.semantic-web.org/normalForm/isSubClass(?C2) :- http://rulewerk.semantic-web.org/normalForm/conj(?X, ?C1, ?C2), http://rulewerk.semantic-web.org/normalForm/isSubClass(?X) >>>
18:44:58 [INFO] Execution step: Body
18:44:58 [INFO] Saved temporary table: 30 entries (3520)
18:44:58 [INFO] Saved temporary table: 27 entries (3508)
18:44:58 [INFO] Execution step: Duplicate Elimination (Datalog)
18:44:58 [INFO] Saved permanent table http://rulewerk.semantic-web.org/normalForm/isSubClass (119) Permutation { idx_to_val: [], val_to_idx: [] } with 37 entries (3596)
18:44:58 [INFO] Rule duration: 0 ms
18:44:58 [INFO] <<< STEP 120: APPLYING RULE 28 http://rulewerk.semantic-web.org/normalForm/isSubClass(?C1), http://rulewerk.semantic-web.org/normalForm/isSubClass(?C2) :- http://rulewerk.semantic-web.org/normalForm/conj(?X, ?C1, ?C2), http://rulewerk.semantic-web.org/normalForm/isSubClass(?X) >>>
18:44:58 [INFO] Execution step: Body
18:44:58 [INFO] Saved temporary table: 3 entries (3412)
18:44:58 [INFO] Saved temporary table: 1 entries (3404)
18:44:58 [INFO] Execution step: Duplicate Elimination (Datalog)
18:44:58 [INFO] Trie does not contain any elements
18:44:58 [INFO] Rule duration: 0 ms
18:44:58 [INFO] <<< STEP 121: APPLYING RULE 27 http://rulewerk.semantic-web.org/normalForm/isSubClass(?D) :- http://rulewerk.semantic-web.org/normalForm/exists(?C, ?P, ?D), http://rulewerk.semantic-web.org/normalForm/isSubClass(?C) >>>
18:44:58 [INFO] Execution step: Body
18:44:58 [INFO] Saved temporary table: 216 entries (4264)
18:44:58 [INFO] Execution step: Duplicate Elimination (Datalog)
18:44:58 [INFO] Saved permanent table http://rulewerk.semantic-web.org/normalForm/isSubClass (121) Permutation { idx_to_val: [], val_to_idx: [] } with 102 entries (3856)
18:44:58 [INFO] Rule duration: 0 ms
18:44:58 [INFO] <<< STEP 122: APPLYING RULE 27 http://rulewerk.semantic-web.org/normalForm/isSubClass(?D) :- http://rulewerk.semantic-web.org/normalForm/exists(?C, ?P, ?D), http://rulewerk.semantic-web.org/normalForm/isSubClass(?C) >>>
18:44:58 [INFO] Execution step: Body
18:44:58 [INFO] Trie does not contain any elements
18:44:58 [INFO] Execution step: Duplicate Elimination (Datalog)
18:44:58 [INFO] Trie does not contain any elements
18:44:58 [INFO] Rule duration: 0 ms
18:44:58 [INFO] <<< STEP 123: APPLYING RULE 28 http://rulewerk.semantic-web.org/normalForm/isSubClass(?C1), http://rulewerk.semantic-web.org/normalForm/isSubClass(?C2) :- http://rulewerk.semantic-web.org/normalForm/conj(?X, ?C1, ?C2), http://rulewerk.semantic-web.org/normalForm/isSubClass(?X) >>>
18:44:58 [INFO] Execution step: Body
18:44:58 [INFO] Saved temporary table: 16 entries (3464)
18:44:58 [INFO] Saved temporary table: 85 entries (3740)
18:44:58 [INFO] Execution step: Duplicate Elimination (Datalog)
18:44:58 [INFO] Saved permanent table http://rulewerk.semantic-web.org/normalForm/isSubClass (123) Permutation { idx_to_val: [], val_to_idx: [] } with 76 entries (3752)
18:44:58 [INFO] Rule duration: 0 ms
18:44:58 [INFO] <<< STEP 124: APPLYING RULE 28 http://rulewerk.semantic-web.org/normalForm/isSubClass(?C1), http://rulewerk.semantic-web.org/normalForm/isSubClass(?C2) :- http://rulewerk.semantic-web.org/normalForm/conj(?X, ?C1, ?C2), http://rulewerk.semantic-web.org/normalForm/isSubClass(?X) >>>
18:44:58 [INFO] Execution step: Body
18:44:58 [INFO] Saved temporary table: 1 entries (3404)
18:44:58 [INFO] Saved temporary table: 1 entries (3404)
18:44:58 [INFO] Execution step: Duplicate Elimination (Datalog)
18:44:58 [INFO] Trie does not contain any elements
18:44:58 [INFO] Rule duration: 0 ms
18:44:58 [INFO] <<< STEP 125: APPLYING RULE 27 http://rulewerk.semantic-web.org/normalForm/isSubClass(?D) :- http://rulewerk.semantic-web.org/normalForm/exists(?C, ?P, ?D), http://rulewerk.semantic-web.org/normalForm/isSubClass(?C) >>>
18:44:58 [INFO] Execution step: Body
18:44:58 [INFO] Saved temporary table: 75 entries (3700)
18:44:58 [INFO] Execution step: Duplicate Elimination (Datalog)
18:44:58 [INFO] Saved permanent table http://rulewerk.semantic-web.org/normalForm/isSubClass (125) Permutation { idx_to_val: [], val_to_idx: [] } with 4 entries (3464)
18:44:58 [INFO] Rule duration: 0 ms
18:44:58 [INFO] <<< STEP 126: APPLYING RULE 27 http://rulewerk.semantic-web.org/normalForm/isSubClass(?D) :- http://rulewerk.semantic-web.org/normalForm/exists(?C, ?P, ?D), http://rulewerk.semantic-web.org/normalForm/isSubClass(?C) >>>
18:44:58 [INFO] Execution step: Body
18:44:58 [INFO] Trie does not contain any elements
18:44:58 [INFO] Execution step: Duplicate Elimination (Datalog)
18:44:58 [INFO] Trie does not contain any elements
18:44:58 [INFO] Rule duration: 0 ms
18:44:58 [INFO] <<< STEP 127: APPLYING RULE 28 http://rulewerk.semantic-web.org/normalForm/isSubClass(?C1), http://rulewerk.semantic-web.org/normalForm/isSubClass(?C2) :- http://rulewerk.semantic-web.org/normalForm/conj(?X, ?C1, ?C2), http://rulewerk.semantic-web.org/normalForm/isSubClass(?X) >>>
18:44:58 [INFO] Execution step: Body
18:44:58 [INFO] Saved temporary table: 3 entries (3412)
18:44:58 [INFO] Saved temporary table: 4 entries (3416)
18:44:58 [INFO] Execution step: Duplicate Elimination (Datalog)
18:44:58 [INFO] Saved permanent table http://rulewerk.semantic-web.org/normalForm/isSubClass (127) Permutation { idx_to_val: [], val_to_idx: [] } with 2 entries (3456)
18:44:58 [INFO] Rule duration: 0 ms
18:44:58 [INFO] Execution step: Combining Tables
18:44:58 [INFO] Saved permanent table http://rulewerk.semantic-web.org/normalForm/isSubClass (115-129) Permutation { idx_to_val: [], val_to_idx: [] } with 729 entries (6364)
18:44:58 [INFO] <<< STEP 128: APPLYING RULE 28 http://rulewerk.semantic-web.org/normalForm/isSubClass(?C1), http://rulewerk.semantic-web.org/normalForm/isSubClass(?C2) :- http://rulewerk.semantic-web.org/normalForm/conj(?X, ?C1, ?C2), http://rulewerk.semantic-web.org/normalForm/isSubClass(?X) >>>
18:44:58 [INFO] Execution step: Body
18:44:58 [INFO] Saved temporary table: 1 entries (3404)
18:44:58 [INFO] Saved temporary table: 1 entries (3404)
18:44:58 [INFO] Execution step: Duplicate Elimination (Datalog)
18:44:58 [INFO] Saved permanent table http://rulewerk.semantic-web.org/normalForm/isSubClass (128) Permutation { idx_to_val: [], val_to_idx: [] } with 1 entries (3452)
18:44:58 [INFO] Rule duration: 0 ms
18:44:58 [INFO] <<< STEP 129: APPLYING RULE 28 http://rulewerk.semantic-web.org/normalForm/isSubClass(?C1), http://rulewerk.semantic-web.org/normalForm/isSubClass(?C2) :- http://rulewerk.semantic-web.org/normalForm/conj(?X, ?C1, ?C2), http://rulewerk.semantic-web.org/normalForm/isSubClass(?X) >>>
18:44:58 [INFO] Execution step: Body
18:44:58 [INFO] Trie does not contain any elements
18:44:58 [INFO] Trie does not contain any elements
18:44:58 [INFO] Execution step: Duplicate Elimination (Datalog)
18:44:58 [INFO] Trie does not contain any elements
18:44:58 [INFO] Rule duration: 0 ms
18:44:58 [INFO] <<< STEP 130: APPLYING RULE 27 http://rulewerk.semantic-web.org/normalForm/isSubClass(?D) :- http://rulewerk.semantic-web.org/normalForm/exists(?C, ?P, ?D), http://rulewerk.semantic-web.org/normalForm/isSubClass(?C) >>>
18:44:58 [INFO] Execution step: Body
18:44:58 [INFO] Saved temporary table: 2 entries (3408)
18:44:58 [INFO] Execution step: Duplicate Elimination (Datalog)
18:44:58 [INFO] Trie does not contain any elements
18:44:58 [INFO] Rule duration: 0 ms
18:44:58 [INFO] <<< STEP 131: APPLYING RULE 30 http://rulewerk.semantic-web.org/normalForm/subProp(?P, ?P) :- http://rulewerk.semantic-web.org/normalForm/exists(?C, ?P, ?D), http://rulewerk.semantic-web.org/normalForm/isSubClass(?C) >>>
18:44:58 [INFO] Execution step: Body
18:44:58 [INFO] Saved temporary table: 378 entries (4912)
18:44:58 [INFO] Execution step: Duplicate Elimination (Datalog)
18:44:58 [INFO] Saved permanent table http://rulewerk.semantic-web.org/normalForm/subProp (131) Permutation { idx_to_val: [], val_to_idx: [] } with 378 entries (10260)
18:44:58 [INFO] Rule duration: 5 ms
18:44:58 [INFO] <<< STEP 132: APPLYING RULE 30 http://rulewerk.semantic-web.org/normalForm/subProp(?P, ?P) :- http://rulewerk.semantic-web.org/normalForm/exists(?C, ?P, ?D), http://rulewerk.semantic-web.org/normalForm/isSubClass(?C) >>>
18:44:58 [INFO] Execution step: Body
18:44:58 [INFO] Trie does not contain any elements
18:44:58 [INFO] Execution step: Duplicate Elimination (Datalog)
18:44:58 [INFO] Trie does not contain any elements
18:44:58 [INFO] Rule duration: 0 ms
18:44:58 [INFO] <<< STEP 133: APPLYING RULE 31 http://rulewerk.semantic-web.org/normalForm/subProp(?R, ?T) :- http://rulewerk.semantic-web.org/normalForm/subProp(?R, ?S), directSubProp(?S, ?T) >>>
18:44:58 [INFO] Execution step: Body
18:44:58 [INFO] Saved temporary table: 389 entries (13150)
18:44:58 [INFO] Execution step: Duplicate Elimination (Datalog)
18:44:58 [INFO] Saved permanent table http://rulewerk.semantic-web.org/normalForm/subProp (133) Permutation { idx_to_val: [], val_to_idx: [] } with 389 entries (13198)
18:44:58 [INFO] Rule duration: 0 ms
18:44:58 [INFO] <<< STEP 134: APPLYING RULE 31 http://rulewerk.semantic-web.org/normalForm/subProp(?R, ?T) :- http://rulewerk.semantic-web.org/normalForm/subProp(?R, ?S), directSubProp(?S, ?T) >>>
18:44:58 [INFO] Execution step: Body
18:44:58 [INFO] Saved temporary table: 401 entries (13198)
18:44:58 [INFO] Execution step: Duplicate Elimination (Datalog)
18:44:58 [INFO] Saved permanent table http://rulewerk.semantic-web.org/normalForm/subProp (134) Permutation { idx_to_val: [], val_to_idx: [] } with 401 entries (13246)
18:44:58 [INFO] Rule duration: 0 ms
18:44:58 [INFO] <<< STEP 135: APPLYING RULE 31 http://rulewerk.semantic-web.org/normalForm/subProp(?R, ?T) :- http://rulewerk.semantic-web.org/normalForm/subProp(?R, ?S), directSubProp(?S, ?T) >>>
18:44:58 [INFO] Execution step: Body
18:44:58 [INFO] Saved temporary table: 410 entries (13222)
18:44:58 [INFO] Execution step: Duplicate Elimination (Datalog)
18:44:58 [INFO] Saved permanent table http://rulewerk.semantic-web.org/normalForm/subProp (135) Permutation { idx_to_val: [], val_to_idx: [] } with 410 entries (13270)
18:44:58 [INFO] Rule duration: 0 ms
18:44:58 [INFO] <<< STEP 136: APPLYING RULE 31 http://rulewerk.semantic-web.org/normalForm/subProp(?R, ?T) :- http://rulewerk.semantic-web.org/normalForm/subProp(?R, ?S), directSubProp(?S, ?T) >>>
18:44:58 [INFO] Execution step: Body
18:44:58 [INFO] Saved temporary table: 467 entries (13354)
18:44:58 [INFO] Execution step: Duplicate Elimination (Datalog)
18:44:58 [INFO] Saved permanent table http://rulewerk.semantic-web.org/normalForm/subProp (136) Permutation { idx_to_val: [], val_to_idx: [] } with 463 entries (13386)
18:44:58 [INFO] Rule duration: 0 ms
18:44:58 [INFO] <<< STEP 137: APPLYING RULE 31 http://rulewerk.semantic-web.org/normalForm/subProp(?R, ?T) :- http://rulewerk.semantic-web.org/normalForm/subProp(?R, ?S), directSubProp(?S, ?T) >>>
18:44:58 [INFO] Execution step: Body
18:44:58 [INFO] Saved temporary table: 472 entries (12678)
18:44:58 [INFO] Execution step: Duplicate Elimination (Datalog)
18:44:58 [INFO] Saved permanent table http://rulewerk.semantic-web.org/normalForm/subProp (137) Permutation { idx_to_val: [], val_to_idx: [] } with 461 entries (12658)
18:44:58 [INFO] Rule duration: 0 ms
18:44:58 [INFO] <<< STEP 138: APPLYING RULE 31 http://rulewerk.semantic-web.org/normalForm/subProp(?R, ?T) :- http://rulewerk.semantic-web.org/normalForm/subProp(?R, ?S), directSubProp(?S, ?T) >>>
18:44:59 [INFO] Execution step: Body
18:44:59 [INFO] Saved temporary table: 418 entries (11886)
18:44:59 [INFO] Execution step: Duplicate Elimination (Datalog)
18:44:59 [INFO] Saved permanent table http://rulewerk.semantic-web.org/normalForm/subProp (138) Permutation { idx_to_val: [], val_to_idx: [] } with 403 entries (11778)
18:44:59 [INFO] Rule duration: 0 ms
18:44:59 [INFO] <<< STEP 139: APPLYING RULE 31 http://rulewerk.semantic-web.org/normalForm/subProp(?R, ?T) :- http://rulewerk.semantic-web.org/normalForm/subProp(?R, ?S), directSubProp(?S, ?T) >>>
18:44:59 [INFO] Execution step: Body
18:44:59 [INFO] Saved temporary table: 285 entries (10646)
18:44:59 [INFO] Execution step: Duplicate Elimination (Datalog)
18:44:59 [INFO] Saved permanent table http://rulewerk.semantic-web.org/normalForm/subProp (139) Permutation { idx_to_val: [], val_to_idx: [] } with 213 entries (9602)
18:44:59 [INFO] Rule duration: 0 ms
18:44:59 [INFO] Execution step: Combining Tables
18:44:59 [INFO] Saved permanent table http://rulewerk.semantic-web.org/normalForm/subProp (0-141) Permutation { idx_to_val: [], val_to_idx: [] } with 3118 entries (24186)
18:44:59 [INFO] <<< STEP 140: APPLYING RULE 31 http://rulewerk.semantic-web.org/normalForm/subProp(?R, ?T) :- http://rulewerk.semantic-web.org/normalForm/subProp(?R, ?S), directSubProp(?S, ?T) >>>
18:44:59 [INFO] Execution step: Body
18:44:59 [INFO] Saved temporary table: 107 entries (8710)
18:44:59 [INFO] Execution step: Duplicate Elimination (Datalog)
18:44:59 [INFO] Saved permanent table http://rulewerk.semantic-web.org/normalForm/subProp (140) Permutation { idx_to_val: [], val_to_idx: [] } with 36 entries (8292)
18:44:59 [INFO] Rule duration: 0 ms
18:44:59 [INFO] <<< STEP 141: APPLYING RULE 31 http://rulewerk.semantic-web.org/normalForm/subProp(?R, ?T) :- http://rulewerk.semantic-web.org/normalForm/subProp(?R, ?S), directSubProp(?S, ?T) >>>
18:44:59 [INFO] Execution step: Body
18:44:59 [INFO] Saved temporary table: 11 entries (7416)
18:44:59 [INFO] Execution step: Duplicate Elimination (Datalog)
18:44:59 [INFO] Trie does not contain any elements
18:44:59 [INFO] Rule duration: 1 ms
18:44:59 [INFO] <<< STEP 142: APPLYING RULE 32 http://rulewerk.semantic-web.org/inferred/init(?C) :- http://rulewerk.semantic-web.org/normalForm/isMainClass(?C) >>>
18:44:59 [INFO] Execution step: Body
18:44:59 [INFO] Saved temporary table: 23136 entries (95944)
18:44:59 [INFO] Execution step: Duplicate Elimination (Datalog)
18:44:59 [INFO] Saved permanent table http://rulewerk.semantic-web.org/inferred/init (142) Permutation { idx_to_val: [], val_to_idx: [] } with 23136 entries (95992)
18:44:59 [INFO] Rule duration: 2 ms
18:44:59 [INFO] <<< STEP 143: APPLYING RULE 32 http://rulewerk.semantic-web.org/inferred/init(?C) :- http://rulewerk.semantic-web.org/normalForm/isMainClass(?C) >>>
18:44:59 [INFO] Execution step: Body
18:44:59 [INFO] Trie does not contain any elements
18:44:59 [INFO] Execution step: Duplicate Elimination (Datalog)
18:44:59 [INFO] Trie does not contain any elements
18:44:59 [INFO] Rule duration: 0 ms
18:44:59 [INFO] <<< STEP 144: APPLYING RULE 35 http://rulewerk.semantic-web.org/inferred/subClassOf(?C, "<http://www.w3.org/2002/07/owl#Thing>") :- http://rulewerk.semantic-web.org/normalForm/isMainClass(?C) >>>
18:44:59 [INFO] Execution step: Body
18:44:59 [INFO] Saved temporary table: 23136 entries (95944)
18:44:59 [INFO] Execution step: Duplicate Elimination (Datalog)
18:44:59 [INFO] Saved permanent table http://rulewerk.semantic-web.org/inferred/subClassOf (144) Permutation { idx_to_val: [], val_to_idx: [] } with 23136 entries (99842)
18:44:59 [INFO] Rule duration: 5 ms
18:44:59 [INFO] <<< STEP 145: APPLYING RULE 35 http://rulewerk.semantic-web.org/inferred/subClassOf(?C, "<http://www.w3.org/2002/07/owl#Thing>") :- http://rulewerk.semantic-web.org/normalForm/isMainClass(?C) >>>
18:44:59 [INFO] Execution step: Body
18:44:59 [INFO] Trie does not contain any elements
18:44:59 [INFO] Execution step: Duplicate Elimination (Datalog)
18:44:59 [INFO] Trie does not contain any elements
18:44:59 [INFO] Rule duration: 0 ms
18:44:59 [INFO] <<< STEP 146: APPLYING RULE 33 http://rulewerk.semantic-web.org/inferred/init(?C) :- http://rulewerk.semantic-web.org/inferred/ex(?E, ?R, ?C) >>>
18:44:59 [INFO] Execution step: Body
18:44:59 [INFO] Trie does not contain any elements
18:44:59 [INFO] Execution step: Duplicate Elimination (Datalog)
18:44:59 [INFO] Trie does not contain any elements
18:44:59 [INFO] Rule duration: 0 ms
18:44:59 [INFO] <<< STEP 147: APPLYING RULE 34 http://rulewerk.semantic-web.org/inferred/subClassOf(?C, ?C) :- http://rulewerk.semantic-web.org/inferred/init(?C) >>>
18:44:59 [INFO] Execution step: Body
18:44:59 [INFO] Saved temporary table: 23136 entries (95944)
18:44:59 [INFO] Execution step: Duplicate Elimination (Datalog)
18:44:59 [INFO] Saved permanent table http://rulewerk.semantic-web.org/inferred/subClassOf (147) Permutation { idx_to_val: [], val_to_idx: [] } with 23136 entries (192324)
18:44:59 [INFO] Rule duration: 10 ms
18:44:59 [INFO] <<< STEP 148: APPLYING RULE 36 http://rulewerk.semantic-web.org/inferred/subClassOf(?C, ?D1), http://rulewerk.semantic-web.org/inferred/subClassOf(?C, ?D2) :- http://rulewerk.semantic-web.org/inferred/subClassOf(?C, ?Y), http://rulewerk.semantic-web.org/normalForm/conj(?Y, ?D1, ?D2) >>>
18:44:59 [INFO] Execution step: Body
18:44:59 [INFO] Trie does not contain any elements
18:44:59 [INFO] Trie does not contain any elements
18:44:59 [INFO] Execution step: Duplicate Elimination (Datalog)
18:44:59 [INFO] Trie does not contain any elements
18:44:59 [INFO] Rule duration: 8 ms
18:44:59 [INFO] <<< STEP 149: APPLYING RULE 37 http://rulewerk.semantic-web.org/inferred/subClassOf(?C, ?I) :- http://rulewerk.semantic-web.org/inferred/subClassOf(?C, ?D1), http://rulewerk.semantic-web.org/inferred/subClassOf(?C, ?D2), http://rulewerk.semantic-web.org/normalForm/conj(?I, ?D1, ?D2), http://rulewerk.semantic-web.org/normalForm/isSubClass(?I) >>>
18:44:59 [INFO] Execution step: Body
18:44:59 [INFO] Trie does not contain any elements
18:44:59 [INFO] Execution step: Duplicate Elimination (Datalog)
18:44:59 [INFO] Trie does not contain any elements
18:44:59 [INFO] Rule duration: 6 ms
18:44:59 [INFO] <<< STEP 150: APPLYING RULE 38 http://rulewerk.semantic-web.org/inferred/ex(?E, ?R, ?C) :- http://rulewerk.semantic-web.org/inferred/subClassOf(?E, ?Y), http://rulewerk.semantic-web.org/normalForm/exists(?Y, ?R, ?C) >>>
18:44:59 [INFO] Execution step: Body
18:44:59 [INFO] Trie does not contain any elements
18:44:59 [INFO] Execution step: Duplicate Elimination (Datalog)
18:44:59 [INFO] Trie does not contain any elements
18:44:59 [INFO] Rule duration: 0 ms
18:44:59 [INFO] <<< STEP 151: APPLYING RULE 39 http://rulewerk.semantic-web.org/inferred/subClassOf(?E, ?Y) :- http://rulewerk.semantic-web.org/inferred/ex(?E, ?R, ?C), http://rulewerk.semantic-web.org/inferred/subClassOf(?C, ?D), http://rulewerk.semantic-web.org/normalForm/subProp(?R, ?S), http://rulewerk.semantic-web.org/normalForm/exists(?Y, ?S, ?D), http://rulewerk.semantic-web.org/normalForm/isSubClass(?Y) >>>
18:44:59 [INFO] Execution step: Body
18:44:59 [INFO] Trie does not contain any elements
18:44:59 [INFO] Execution step: Duplicate Elimination (Datalog)
18:44:59 [INFO] Trie does not contain any elements
18:44:59 [INFO] Rule duration: 0 ms
18:44:59 [INFO] <<< STEP 152: APPLYING RULE 40 http://rulewerk.semantic-web.org/inferred/ex(?E, ?S, ?D) :- http://rulewerk.semantic-web.org/inferred/ex(?E, ?R1, ?C), http://rulewerk.semantic-web.org/inferred/ex(?C, ?R2, ?D), http://rulewerk.semantic-web.org/normalForm/subProp(?R1, ?S1), http://rulewerk.semantic-web.org/normalForm/subProp(?R2, ?S2), http://rulewerk.semantic-web.org/normalForm/subPropChain(?S1, ?S2, ?S) >>>
18:44:59 [INFO] Execution step: Body
18:44:59 [INFO] Trie does not contain any elements
18:44:59 [INFO] Execution step: Duplicate Elimination (Datalog)
18:44:59 [INFO] Trie does not contain any elements
18:44:59 [INFO] Rule duration: 0 ms
18:44:59 [INFO] <<< STEP 153: APPLYING RULE 41 http://rulewerk.semantic-web.org/inferred/subClassOf(?C, ?E) :- http://rulewerk.semantic-web.org/inferred/subClassOf(?C, ?D), http://rulewerk.semantic-web.org/normalForm/subClassOf(?D, ?E) >>>
18:44:59 [INFO] Execution step: Body
18:44:59 [INFO] Saved temporary table: 35531 entries (426658)
18:44:59 [INFO] Execution step: Duplicate Elimination (Datalog)
18:44:59 [INFO] Saved permanent table http://rulewerk.semantic-web.org/inferred/subClassOf (153) Permutation { idx_to_val: [], val_to_idx: [] } with 35531 entries (426706)
18:44:59 [INFO] Rule duration: 26 ms
18:44:59 [INFO] <<< STEP 154: APPLYING RULE 41 http://rulewerk.semantic-web.org/inferred/subClassOf(?C, ?E) :- http://rulewerk.semantic-web.org/inferred/subClassOf(?C, ?D), http://rulewerk.semantic-web.org/normalForm/subClassOf(?D, ?E) >>>
18:44:59 [INFO] Execution step: Body
18:44:59 [INFO] Saved temporary table: 29052 entries (400670)
18:44:59 [INFO] Execution step: Duplicate Elimination (Datalog)
18:44:59 [INFO] Saved permanent table http://rulewerk.semantic-web.org/inferred/subClassOf (154) Permutation { idx_to_val: [], val_to_idx: [] } with 19069 entries (247902)
18:44:59 [INFO] Rule duration: 40 ms
18:44:59 [INFO] <<< STEP 155: APPLYING RULE 41 http://rulewerk.semantic-web.org/inferred/subClassOf(?C, ?E) :- http://rulewerk.semantic-web.org/inferred/subClassOf(?C, ?D), http://rulewerk.semantic-web.org/normalForm/subClassOf(?D, ?E) >>>
18:44:59 [INFO] Execution step: Body
18:44:59 [INFO] Saved temporary table: 21017 entries (255394)
18:44:59 [INFO] Execution step: Duplicate Elimination (Datalog)
18:44:59 [INFO] Saved permanent table http://rulewerk.semantic-web.org/inferred/subClassOf (155) Permutation { idx_to_val: [], val_to_idx: [] } with 19134 entries (231314)
18:44:59 [INFO] Rule duration: 46 ms
18:44:59 [INFO] <<< STEP 156: APPLYING RULE 41 http://rulewerk.semantic-web.org/inferred/subClassOf(?C, ?E) :- http://rulewerk.semantic-web.org/inferred/subClassOf(?C, ?D), http://rulewerk.semantic-web.org/normalForm/subClassOf(?D, ?E) >>>
18:44:59 [INFO] Execution step: Body
18:44:59 [INFO] Saved temporary table: 20666 entries (232234)
18:44:59 [INFO] Execution step: Duplicate Elimination (Datalog)
18:44:59 [INFO] Saved permanent table http://rulewerk.semantic-web.org/inferred/subClassOf (156) Permutation { idx_to_val: [], val_to_idx: [] } with 18219 entries (198746)
18:44:59 [INFO] Rule duration: 46 ms
18:44:59 [INFO] <<< STEP 157: APPLYING RULE 41 http://rulewerk.semantic-web.org/inferred/subClassOf(?C, ?E) :- http://rulewerk.semantic-web.org/inferred/subClassOf(?C, ?D), http://rulewerk.semantic-web.org/normalForm/subClassOf(?D, ?E) >>>
18:44:59 [INFO] Execution step: Body
18:44:59 [INFO] Saved temporary table: 16776 entries (192362)
18:44:59 [INFO] Execution step: Duplicate Elimination (Datalog)
18:44:59 [INFO] Saved permanent table http://rulewerk.semantic-web.org/inferred/subClassOf (157) Permutation { idx_to_val: [], val_to_idx: [] } with 15549 entries (180338)
18:44:59 [INFO] Rule duration: 42 ms
18:44:59 [INFO] <<< STEP 158: APPLYING RULE 41 http://rulewerk.semantic-web.org/inferred/subClassOf(?C, ?E) :- http://rulewerk.semantic-web.org/inferred/subClassOf(?C, ?D), http://rulewerk.semantic-web.org/normalForm/subClassOf(?D, ?E) >>>
18:44:59 [INFO] Execution step: Body
18:44:59 [INFO] Saved temporary table: 13777 entries (170322)
18:44:59 [INFO] Execution step: Duplicate Elimination (Datalog)
18:44:59 [INFO] Saved permanent table http://rulewerk.semantic-web.org/inferred/subClassOf (158) Permutation { idx_to_val: [], val_to_idx: [] } with 13188 entries (167678)
18:44:59 [INFO] Rule duration: 32 ms
18:44:59 [INFO] Execution step: Combining Tables
18:44:59 [INFO] Saved permanent table http://rulewerk.semantic-web.org/inferred/subClassOf (0-160) Permutation { idx_to_val: [], val_to_idx: [] } with 166962 entries (952658)
18:44:59 [INFO] <<< STEP 159: APPLYING RULE 41 http://rulewerk.semantic-web.org/inferred/subClassOf(?C, ?E) :- http://rulewerk.semantic-web.org/inferred/subClassOf(?C, ?D), http://rulewerk.semantic-web.org/normalForm/subClassOf(?D, ?E) >>>
18:44:59 [INFO] Execution step: Body
18:44:59 [INFO] Saved temporary table: 12121 entries (156534)
18:44:59 [INFO] Execution step: Duplicate Elimination (Datalog)
18:44:59 [INFO] Saved permanent table http://rulewerk.semantic-web.org/inferred/subClassOf (159) Permutation { idx_to_val: [], val_to_idx: [] } with 11570 entries (154270)
18:44:59 [INFO] Rule duration: 12 ms
18:44:59 [INFO] <<< STEP 160: APPLYING RULE 41 http://rulewerk.semantic-web.org/inferred/subClassOf(?C, ?E) :- http://rulewerk.semantic-web.org/inferred/subClassOf(?C, ?D), http://rulewerk.semantic-web.org/normalForm/subClassOf(?D, ?E) >>>
18:44:59 [INFO] Execution step: Body
18:44:59 [INFO] Saved temporary table: 10098 entries (137510)
18:44:59 [INFO] Execution step: Duplicate Elimination (Datalog)
18:44:59 [INFO] Saved permanent table http://rulewerk.semantic-web.org/inferred/subClassOf (160) Permutation { idx_to_val: [], val_to_idx: [] } with 9551 entries (135286)
18:44:59 [INFO] Rule duration: 82 ms
18:44:59 [INFO] <<< STEP 161: APPLYING RULE 41 http://rulewerk.semantic-web.org/inferred/subClassOf(?C, ?E) :- http://rulewerk.semantic-web.org/inferred/subClassOf(?C, ?D), http://rulewerk.semantic-web.org/normalForm/subClassOf(?D, ?E) >>>
18:44:59 [INFO] Execution step: Body
18:44:59 [INFO] Saved temporary table: 9708 entries (123110)
18:44:59 [INFO] Execution step: Duplicate Elimination (Datalog)
18:44:59 [INFO] Saved permanent table http://rulewerk.semantic-web.org/inferred/subClassOf (161) Permutation { idx_to_val: [], val_to_idx: [] } with 9383 entries (121858)
18:44:59 [INFO] Rule duration: 11 ms
18:44:59 [INFO] <<< STEP 162: APPLYING RULE 41 http://rulewerk.semantic-web.org/inferred/subClassOf(?C, ?E) :- http://rulewerk.semantic-web.org/inferred/subClassOf(?C, ?D), http://rulewerk.semantic-web.org/normalForm/subClassOf(?D, ?E) >>>
18:44:59 [INFO] Execution step: Body
18:44:59 [INFO] Saved temporary table: 7095 entries (100658)
18:44:59 [INFO] Execution step: Duplicate Elimination (Datalog)
18:44:59 [INFO] Saved permanent table http://rulewerk.semantic-web.org/inferred/subClassOf (162) Permutation { idx_to_val: [], val_to_idx: [] } with 6941 entries (100090)
18:44:59 [INFO] Rule duration: 10 ms
18:44:59 [INFO] <<< STEP 163: APPLYING RULE 41 http://rulewerk.semantic-web.org/inferred/subClassOf(?C, ?E) :- http://rulewerk.semantic-web.org/inferred/subClassOf(?C, ?D), http://rulewerk.semantic-web.org/normalForm/subClassOf(?D, ?E) >>>
18:44:59 [INFO] Execution step: Body
18:44:59 [INFO] Saved temporary table: 5795 entries (81730)
18:44:59 [INFO] Execution step: Duplicate Elimination (Datalog)
18:44:59 [INFO] Saved permanent table http://rulewerk.semantic-web.org/inferred/subClassOf (163) Permutation { idx_to_val: [], val_to_idx: [] } with 5703 entries (81410)
18:44:59 [INFO] Rule duration: 8 ms
18:44:59 [INFO] <<< STEP 164: APPLYING RULE 41 http://rulewerk.semantic-web.org/inferred/subClassOf(?C, ?E) :- http://rulewerk.semantic-web.org/inferred/subClassOf(?C, ?D), http://rulewerk.semantic-web.org/normalForm/subClassOf(?D, ?E) >>>
18:44:59 [INFO] Execution step: Body
18:44:59 [INFO] Saved temporary table: 4332 entries (65618)
18:44:59 [INFO] Execution step: Duplicate Elimination (Datalog)
18:44:59 [INFO] Saved permanent table http://rulewerk.semantic-web.org/inferred/subClassOf (164) Permutation { idx_to_val: [], val_to_idx: [] } with 4320 entries (65618)
18:44:59 [INFO] Rule duration: 6 ms
18:44:59 [INFO] <<< STEP 165: APPLYING RULE 41 http://rulewerk.semantic-web.org/inferred/subClassOf(?C, ?E) :- http://rulewerk.semantic-web.org/inferred/subClassOf(?C, ?D), http://rulewerk.semantic-web.org/normalForm/subClassOf(?D, ?E) >>>
18:44:59 [INFO] Execution step: Body
18:44:59 [INFO] Saved temporary table: 2755 entries (43458)
18:44:59 [INFO] Execution step: Duplicate Elimination (Datalog)
18:44:59 [INFO] Saved permanent table http://rulewerk.semantic-web.org/inferred/subClassOf (165) Permutation { idx_to_val: [], val_to_idx: [] } with 2751 entries (43490)
18:44:59 [INFO] Rule duration: 4 ms
18:44:59 [INFO] <<< STEP 166: APPLYING RULE 41 http://rulewerk.semantic-web.org/inferred/subClassOf(?C, ?E) :- http://rulewerk.semantic-web.org/inferred/subClassOf(?C, ?D), http://rulewerk.semantic-web.org/normalForm/subClassOf(?D, ?E) >>>
18:44:59 [INFO] Execution step: Body
18:44:59 [INFO] Saved temporary table: 1875 entries (33170)
18:44:59 [INFO] Execution step: Duplicate Elimination (Datalog)
18:44:59 [INFO] Saved permanent table http://rulewerk.semantic-web.org/inferred/subClassOf (166) Permutation { idx_to_val: [], val_to_idx: [] } with 1875 entries (33218)
18:44:59 [INFO] Rule duration: 3 ms
18:44:59 [INFO] Execution step: Combining Tables
18:44:59 [INFO] Saved permanent table http://rulewerk.semantic-web.org/inferred/subClassOf (160-168) Permutation { idx_to_val: [], val_to_idx: [] } with 40524 entries (259178)
18:44:59 [INFO] <<< STEP 167: APPLYING RULE 41 http://rulewerk.semantic-web.org/inferred/subClassOf(?C, ?E) :- http://rulewerk.semantic-web.org/inferred/subClassOf(?C, ?D), http://rulewerk.semantic-web.org/normalForm/subClassOf(?D, ?E) >>>
18:44:59 [INFO] Execution step: Body
18:44:59 [INFO] Saved temporary table: 1252 entries (23946)
18:44:59 [INFO] Execution step: Duplicate Elimination (Datalog)
18:44:59 [INFO] Saved permanent table http://rulewerk.semantic-web.org/inferred/subClassOf (167) Permutation { idx_to_val: [], val_to_idx: [] } with 1251 entries (23978)
18:44:59 [INFO] Rule duration: 2 ms
18:44:59 [INFO] <<< STEP 168: APPLYING RULE 41 http://rulewerk.semantic-web.org/inferred/subClassOf(?C, ?E) :- http://rulewerk.semantic-web.org/inferred/subClassOf(?C, ?D), http://rulewerk.semantic-web.org/normalForm/subClassOf(?D, ?E) >>>
18:44:59 [INFO] Execution step: Body
18:44:59 [INFO] Saved temporary table: 877 entries (18426)
18:44:59 [INFO] Execution step: Duplicate Elimination (Datalog)
18:44:59 [INFO] Saved permanent table http://rulewerk.semantic-web.org/inferred/subClassOf (168) Permutation { idx_to_val: [], val_to_idx: [] } with 877 entries (18474)
18:44:59 [INFO] Rule duration: 1 ms
18:44:59 [INFO] <<< STEP 169: APPLYING RULE 41 http://rulewerk.semantic-web.org/inferred/subClassOf(?C, ?E) :- http://rulewerk.semantic-web.org/inferred/subClassOf(?C, ?D), http://rulewerk.semantic-web.org/normalForm/subClassOf(?D, ?E) >>>
18:44:59 [INFO] Execution step: Body
18:44:59 [INFO] Saved temporary table: 457 entries (14130)
18:44:59 [INFO] Execution step: Duplicate Elimination (Datalog)
18:44:59 [INFO] Saved permanent table http://rulewerk.semantic-web.org/inferred/subClassOf (169) Permutation { idx_to_val: [], val_to_idx: [] } with 457 entries (14178)
18:44:59 [INFO] Rule duration: 1 ms
18:44:59 [INFO] <<< STEP 170: APPLYING RULE 41 http://rulewerk.semantic-web.org/inferred/subClassOf(?C, ?E) :- http://rulewerk.semantic-web.org/inferred/subClassOf(?C, ?D), http://rulewerk.semantic-web.org/normalForm/subClassOf(?D, ?E) >>>
18:44:59 [INFO] Execution step: Body
18:44:59 [INFO] Saved temporary table: 312 entries (11690)
18:44:59 [INFO] Execution step: Duplicate Elimination (Datalog)
18:44:59 [INFO] Saved permanent table http://rulewerk.semantic-web.org/inferred/subClassOf (170) Permutation { idx_to_val: [], val_to_idx: [] } with 312 entries (11738)
18:44:59 [INFO] Rule duration: 0 ms
18:44:59 [INFO] <<< STEP 171: APPLYING RULE 41 http://rulewerk.semantic-web.org/inferred/subClassOf(?C, ?E) :- http://rulewerk.semantic-web.org/inferred/subClassOf(?C, ?D), http://rulewerk.semantic-web.org/normalForm/subClassOf(?D, ?E) >>>
18:44:59 [INFO] Execution step: Body
18:44:59 [INFO] Saved temporary table: 171 entries (9698)
18:44:59 [INFO] Execution step: Duplicate Elimination (Datalog)
18:44:59 [INFO] Saved permanent table http://rulewerk.semantic-web.org/inferred/subClassOf (171) Permutation { idx_to_val: [], val_to_idx: [] } with 171 entries (9746)
18:44:59 [INFO] Rule duration: 0 ms
18:44:59 [INFO] <<< STEP 172: APPLYING RULE 41 http://rulewerk.semantic-web.org/inferred/subClassOf(?C, ?E) :- http://rulewerk.semantic-web.org/inferred/subClassOf(?C, ?D), http://rulewerk.semantic-web.org/normalForm/subClassOf(?D, ?E) >>>
18:44:59 [INFO] Execution step: Body
18:44:59 [INFO] Saved temporary table: 47 entries (9432)
18:44:59 [INFO] Execution step: Duplicate Elimination (Datalog)
18:44:59 [INFO] Saved permanent table http://rulewerk.semantic-web.org/inferred/subClassOf (172) Permutation { idx_to_val: [], val_to_idx: [] } with 47 entries (9480)
18:44:59 [INFO] Rule duration: 0 ms
18:44:59 [INFO] <<< STEP 173: APPLYING RULE 41 http://rulewerk.semantic-web.org/inferred/subClassOf(?C, ?E) :- http://rulewerk.semantic-web.org/inferred/subClassOf(?C, ?D), http://rulewerk.semantic-web.org/normalForm/subClassOf(?D, ?E) >>>
18:44:59 [INFO] Execution step: Body
18:44:59 [INFO] Saved temporary table: 31 entries (8536)
18:44:59 [INFO] Execution step: Duplicate Elimination (Datalog)
18:44:59 [INFO] Saved permanent table http://rulewerk.semantic-web.org/inferred/subClassOf (173) Permutation { idx_to_val: [], val_to_idx: [] } with 31 entries (8584)
18:44:59 [INFO] Rule duration: 0 ms
18:44:59 [INFO] <<< STEP 174: APPLYING RULE 41 http://rulewerk.semantic-web.org/inferred/subClassOf(?C, ?E) :- http://rulewerk.semantic-web.org/inferred/subClassOf(?C, ?D), http://rulewerk.semantic-web.org/normalForm/subClassOf(?D, ?E) >>>
18:44:59 [INFO] Execution step: Body
18:44:59 [INFO] Saved temporary table: 11 entries (7416)
18:44:59 [INFO] Execution step: Duplicate Elimination (Datalog)
18:44:59 [INFO] Saved permanent table http://rulewerk.semantic-web.org/inferred/subClassOf (174) Permutation { idx_to_val: [], val_to_idx: [] } with 11 entries (7464)
18:44:59 [INFO] Rule duration: 0 ms
18:44:59 [INFO] Execution step: Combining Tables
18:44:59 [INFO] Saved permanent table http://rulewerk.semantic-web.org/inferred/subClassOf (168-176) Permutation { idx_to_val: [], val_to_idx: [] } with 1906 entries (22590)
18:44:59 [INFO] <<< STEP 175: APPLYING RULE 41 http://rulewerk.semantic-web.org/inferred/subClassOf(?C, ?E) :- http://rulewerk.semantic-web.org/inferred/subClassOf(?C, ?D), http://rulewerk.semantic-web.org/normalForm/subClassOf(?D, ?E) >>>
18:44:59 [INFO] Execution step: Body
18:44:59 [INFO] Saved temporary table: 2 entries (6912)
18:44:59 [INFO] Execution step: Duplicate Elimination (Datalog)
18:44:59 [INFO] Saved permanent table http://rulewerk.semantic-web.org/inferred/subClassOf (175) Permutation { idx_to_val: [], val_to_idx: [] } with 2 entries (6960)
18:44:59 [INFO] Rule duration: 0 ms
18:44:59 [INFO] <<< STEP 176: APPLYING RULE 41 http://rulewerk.semantic-web.org/inferred/subClassOf(?C, ?E) :- http://rulewerk.semantic-web.org/inferred/subClassOf(?C, ?D), http://rulewerk.semantic-web.org/normalForm/subClassOf(?D, ?E) >>>
18:44:59 [INFO] Execution step: Body
18:44:59 [INFO] Trie does not contain any elements
18:44:59 [INFO] Execution step: Duplicate Elimination (Datalog)
18:44:59 [INFO] Trie does not contain any elements
18:44:59 [INFO] Rule duration: 0 ms
18:44:59 [INFO] <<< STEP 177: APPLYING RULE 42 http://rulewerk.semantic-web.org/inferred/subClassOf(?E, "<http://www.w3.org/2002/07/owl#Nothing>") :- http://rulewerk.semantic-web.org/inferred/ex(?E, ?R, ?C), http://rulewerk.semantic-web.org/inferred/subClassOf(?C, ?_BODY_1), Equal(?_BODY_1, "<http://www.w3.org/2002/07/owl#Nothing>") >>>
18:44:59 [INFO] Execution step: Body
18:44:59 [INFO] Trie does not contain any elements
18:44:59 [INFO] Execution step: Duplicate Elimination (Datalog)
18:44:59 [INFO] Trie does not contain any elements
18:44:59 [INFO] Rule duration: 0 ms
18:44:59 [INFO] <<< STEP 178: APPLYING RULE 33 http://rulewerk.semantic-web.org/inferred/init(?C) :- http://rulewerk.semantic-web.org/inferred/ex(?E, ?R, ?C) >>>
18:44:59 [INFO] Execution step: Body
18:44:59 [INFO] Trie does not contain any elements
18:44:59 [INFO] Execution step: Duplicate Elimination (Datalog)
18:44:59 [INFO] Trie does not contain any elements
18:44:59 [INFO] Rule duration: 0 ms
18:44:59 [INFO] <<< STEP 179: APPLYING RULE 34 http://rulewerk.semantic-web.org/inferred/subClassOf(?C, ?C) :- http://rulewerk.semantic-web.org/inferred/init(?C) >>>
18:44:59 [INFO] Execution step: Body
18:44:59 [INFO] Trie does not contain any elements
18:44:59 [INFO] Execution step: Duplicate Elimination (Datalog)
18:44:59 [INFO] Trie does not contain any elements
18:44:59 [INFO] Rule duration: 0 ms
18:44:59 [INFO] <<< STEP 180: APPLYING RULE 36 http://rulewerk.semantic-web.org/inferred/subClassOf(?C, ?D1), http://rulewerk.semantic-web.org/inferred/subClassOf(?C, ?D2) :- http://rulewerk.semantic-web.org/inferred/subClassOf(?C, ?Y), http://rulewerk.semantic-web.org/normalForm/conj(?Y, ?D1, ?D2) >>>
18:44:59 [INFO] Execution step: Body
18:44:59 [INFO] Saved temporary table: 13819 entries (117740)
18:44:59 [INFO] Saved temporary table: 13819 entries (117740)
18:44:59 [INFO] Execution step: Duplicate Elimination (Datalog)
18:44:59 [INFO] Saved permanent table http://rulewerk.semantic-web.org/inferred/subClassOf (180) Permutation { idx_to_val: [], val_to_idx: [] } with 27638 entries (173064)
18:44:59 [INFO] Rule duration: 38 ms
18:44:59 [INFO] <<< STEP 181: APPLYING RULE 36 http://rulewerk.semantic-web.org/inferred/subClassOf(?C, ?D1), http://rulewerk.semantic-web.org/inferred/subClassOf(?C, ?D2) :- http://rulewerk.semantic-web.org/inferred/subClassOf(?C, ?Y), http://rulewerk.semantic-web.org/normalForm/conj(?Y, ?D1, ?D2) >>>
18:44:59 [INFO] Execution step: Body
18:44:59 [INFO] Saved temporary table: 1521 entries (19370)
18:44:59 [INFO] Saved temporary table: 1521 entries (19370)
18:44:59 [INFO] Execution step: Duplicate Elimination (Datalog)
18:44:59 [INFO] Saved permanent table http://rulewerk.semantic-web.org/inferred/subClassOf (181) Permutation { idx_to_val: [], val_to_idx: [] } with 3042 entries (25502)
18:44:59 [INFO] Rule duration: 15 ms
18:44:59 [INFO] <<< STEP 182: APPLYING RULE 36 http://rulewerk.semantic-web.org/inferred/subClassOf(?C, ?D1), http://rulewerk.semantic-web.org/inferred/subClassOf(?C, ?D2) :- http://rulewerk.semantic-web.org/inferred/subClassOf(?C, ?Y), http://rulewerk.semantic-web.org/normalForm/conj(?Y, ?D1, ?D2) >>>
18:44:59 [INFO] Execution step: Body
18:44:59 [INFO] Saved temporary table: 339 entries (9900)
18:44:59 [INFO] Saved temporary table: 339 entries (9900)
18:44:59 [INFO] Execution step: Duplicate Elimination (Datalog)
18:44:59 [INFO] Saved permanent table http://rulewerk.semantic-web.org/inferred/subClassOf (182) Permutation { idx_to_val: [], val_to_idx: [] } with 678 entries (11304)
18:44:59 [INFO] Rule duration: 2 ms
18:44:59 [INFO] <<< STEP 183: APPLYING RULE 36 http://rulewerk.semantic-web.org/inferred/subClassOf(?C, ?D1), http://rulewerk.semantic-web.org/inferred/subClassOf(?C, ?D2) :- http://rulewerk.semantic-web.org/inferred/subClassOf(?C, ?Y), http://rulewerk.semantic-web.org/normalForm/conj(?Y, ?D1, ?D2) >>>
18:44:59 [INFO] Execution step: Body
18:44:59 [INFO] Saved temporary table: 27 entries (8312)
18:44:59 [INFO] Saved temporary table: 27 entries (8312)
18:44:59 [INFO] Execution step: Duplicate Elimination (Datalog)
18:44:59 [INFO] Saved permanent table http://rulewerk.semantic-web.org/inferred/subClassOf (183) Permutation { idx_to_val: [], val_to_idx: [] } with 54 entries (8468)
18:44:59 [INFO] Rule duration: 0 ms
18:44:59 [INFO] <<< STEP 184: APPLYING RULE 36 http://rulewerk.semantic-web.org/inferred/subClassOf(?C, ?D1), http://rulewerk.semantic-web.org/inferred/subClassOf(?C, ?D2) :- http://rulewerk.semantic-web.org/inferred/subClassOf(?C, ?Y), http://rulewerk.semantic-web.org/normalForm/conj(?Y, ?D1, ?D2) >>>
18:44:59 [INFO] Execution step: Body
18:44:59 [INFO] Saved temporary table: 3 entries (6968)
18:44:59 [INFO] Saved temporary table: 3 entries (6968)
18:44:59 [INFO] Execution step: Duplicate Elimination (Datalog)
18:44:59 [INFO] Saved permanent table http://rulewerk.semantic-web.org/inferred/subClassOf (184) Permutation { idx_to_val: [], val_to_idx: [] } with 6 entries (7028)
18:44:59 [INFO] Rule duration: 0 ms
18:44:59 [INFO] <<< STEP 185: APPLYING RULE 36 http://rulewerk.semantic-web.org/inferred/subClassOf(?C, ?D1), http://rulewerk.semantic-web.org/inferred/subClassOf(?C, ?D2) :- http://rulewerk.semantic-web.org/inferred/subClassOf(?C, ?Y), http://rulewerk.semantic-web.org/normalForm/conj(?Y, ?D1, ?D2) >>>
18:44:59 [INFO] Execution step: Body
18:44:59 [INFO] Trie does not contain any elements
18:44:59 [INFO] Trie does not contain any elements
18:44:59 [INFO] Execution step: Duplicate Elimination (Datalog)
18:44:59 [INFO] Trie does not contain any elements
18:44:59 [INFO] Rule duration: 0 ms
18:44:59 [INFO] <<< STEP 186: APPLYING RULE 37 http://rulewerk.semantic-web.org/inferred/subClassOf(?C, ?I) :- http://rulewerk.semantic-web.org/inferred/subClassOf(?C, ?D1), http://rulewerk.semantic-web.org/inferred/subClassOf(?C, ?D2), http://rulewerk.semantic-web.org/normalForm/conj(?I, ?D1, ?D2), http://rulewerk.semantic-web.org/normalForm/isSubClass(?I) >>>
18:44:59 [INFO] Execution step: Body
18:44:59 [INFO] Saved temporary table: 38256 entries (397910)
18:44:59 [INFO] Execution step: Duplicate Elimination (Datalog)
18:44:59 [INFO] Saved permanent table http://rulewerk.semantic-web.org/inferred/subClassOf (186) Permutation { idx_to_val: [], val_to_idx: [] } with 22547 entries (197230)
18:44:59 [INFO] Rule duration: 188 ms
18:44:59 [INFO] <<< STEP 187: APPLYING RULE 37 http://rulewerk.semantic-web.org/inferred/subClassOf(?C, ?I) :- http://rulewerk.semantic-web.org/inferred/subClassOf(?C, ?D1), http://rulewerk.semantic-web.org/inferred/subClassOf(?C, ?D2), http://rulewerk.semantic-web.org/normalForm/conj(?I, ?D1, ?D2), http://rulewerk.semantic-web.org/normalForm/isSubClass(?I) >>>
18:44:59 [INFO] Execution step: Body
18:44:59 [INFO] Saved temporary table: 597 entries (12076)
18:44:59 [INFO] Execution step: Duplicate Elimination (Datalog)
18:44:59 [INFO] Saved permanent table http://rulewerk.semantic-web.org/inferred/subClassOf (187) Permutation { idx_to_val: [], val_to_idx: [] } with 597 entries (12124)
18:44:59 [INFO] Rule duration: 19 ms
18:44:59 [INFO] Execution step: Combining Tables
18:44:59 [INFO] Saved permanent table http://rulewerk.semantic-web.org/inferred/subClassOf (176-189) Permutation { idx_to_val: [], val_to_idx: [] } with 54562 entries (463182)
18:44:59 [INFO] <<< STEP 188: APPLYING RULE 37 http://rulewerk.semantic-web.org/inferred/subClassOf(?C, ?I) :- http://rulewerk.semantic-web.org/inferred/subClassOf(?C, ?D1), http://rulewerk.semantic-web.org/inferred/subClassOf(?C, ?D2), http://rulewerk.semantic-web.org/normalForm/conj(?I, ?D1, ?D2), http://rulewerk.semantic-web.org/normalForm/isSubClass(?I) >>>
18:44:59 [INFO] Execution step: Body
18:44:59 [INFO] Saved temporary table: 13 entries (7528)
18:44:59 [INFO] Execution step: Duplicate Elimination (Datalog)
18:44:59 [INFO] Saved permanent table http://rulewerk.semantic-web.org/inferred/subClassOf (188) Permutation { idx_to_val: [], val_to_idx: [] } with 13 entries (7576)
18:44:59 [INFO] Rule duration: 9 ms
18:44:59 [INFO] <<< STEP 189: APPLYING RULE 37 http://rulewerk.semantic-web.org/inferred/subClassOf(?C, ?I) :- http://rulewerk.semantic-web.org/inferred/subClassOf(?C, ?D1), http://rulewerk.semantic-web.org/inferred/subClassOf(?C, ?D2), http://rulewerk.semantic-web.org/normalForm/conj(?I, ?D1, ?D2), http://rulewerk.semantic-web.org/normalForm/isSubClass(?I) >>>
18:44:59 [INFO] Execution step: Body
18:44:59 [INFO] Trie does not contain any elements
18:44:59 [INFO] Execution step: Duplicate Elimination (Datalog)
18:44:59 [INFO] Trie does not contain any elements
18:44:59 [INFO] Rule duration: 8 ms
18:44:59 [INFO] <<< STEP 190: APPLYING RULE 38 http://rulewerk.semantic-web.org/inferred/ex(?E, ?R, ?C) :- http://rulewerk.semantic-web.org/inferred/subClassOf(?E, ?Y), http://rulewerk.semantic-web.org/normalForm/exists(?Y, ?R, ?C) >>>
18:44:59 [INFO] Execution step: Body
18:44:59 [INFO] Saved temporary table: 56942 entries (1066076)
18:44:59 [INFO] Execution step: Duplicate Elimination (Datalog)
18:44:59 [INFO] Saved permanent table http://rulewerk.semantic-web.org/inferred/ex (190) Permutation { idx_to_val: [], val_to_idx: [] } with 56942 entries (1066124)
18:44:59 [INFO] Rule duration: 77 ms
18:44:59 [INFO] <<< STEP 191: APPLYING RULE 39 http://rulewerk.semantic-web.org/inferred/subClassOf(?E, ?Y) :- http://rulewerk.semantic-web.org/inferred/ex(?E, ?R, ?C), http://rulewerk.semantic-web.org/inferred/subClassOf(?C, ?D), http://rulewerk.semantic-web.org/normalForm/subProp(?R, ?S), http://rulewerk.semantic-web.org/normalForm/exists(?Y, ?S, ?D), http://rulewerk.semantic-web.org/normalForm/isSubClass(?Y) >>>
18:44:59 [INFO] Execution step: Body
18:45:00 [INFO] Saved temporary table: 80403 entries (542294)
18:45:00 [INFO] Execution step: Duplicate Elimination (Datalog)
18:45:00 [INFO] Saved permanent table http://rulewerk.semantic-web.org/inferred/subClassOf (191) Permutation { idx_to_val: [], val_to_idx: [] } with 50490 entries (355430)
18:45:00 [INFO] Rule duration: 273 ms
18:45:00 [INFO] <<< STEP 192: APPLYING RULE 39 http://rulewerk.semantic-web.org/inferred/subClassOf(?E, ?Y) :- http://rulewerk.semantic-web.org/inferred/ex(?E, ?R, ?C), http://rulewerk.semantic-web.org/inferred/subClassOf(?C, ?D), http://rulewerk.semantic-web.org/normalForm/subProp(?R, ?S), http://rulewerk.semantic-web.org/normalForm/exists(?Y, ?S, ?D), http://rulewerk.semantic-web.org/normalForm/isSubClass(?Y) >>>
18:45:00 [INFO] Execution step: Body
18:45:00 [INFO] Trie does not contain any elements
18:45:00 [INFO] Execution step: Duplicate Elimination (Datalog)
18:45:00 [INFO] Trie does not contain any elements
18:45:00 [INFO] Rule duration: 32 ms
18:45:00 [INFO] <<< STEP 193: APPLYING RULE 40 http://rulewerk.semantic-web.org/inferred/ex(?E, ?S, ?D) :- http://rulewerk.semantic-web.org/inferred/ex(?E, ?R1, ?C), http://rulewerk.semantic-web.org/inferred/ex(?C, ?R2, ?D), http://rulewerk.semantic-web.org/normalForm/subProp(?R1, ?S1), http://rulewerk.semantic-web.org/normalForm/subProp(?R2, ?S2), http://rulewerk.semantic-web.org/normalForm/subPropChain(?S1, ?S2, ?S) >>>
18:45:00 [INFO] Execution step: Body
18:45:00 [INFO] Trie does not contain any elements
18:45:00 [INFO] Execution step: Duplicate Elimination (Datalog)
18:45:00 [INFO] Trie does not contain any elements
18:45:00 [INFO] Rule duration: 66 ms
18:45:00 [INFO] <<< STEP 194: APPLYING RULE 41 http://rulewerk.semantic-web.org/inferred/subClassOf(?C, ?E) :- http://rulewerk.semantic-web.org/inferred/subClassOf(?C, ?D), http://rulewerk.semantic-web.org/normalForm/subClassOf(?D, ?E) >>>
18:45:00 [INFO] Execution step: Body
18:45:00 [INFO] Saved temporary table: 42314 entries (413986)
18:45:00 [INFO] Execution step: Duplicate Elimination (Datalog)
18:45:00 [INFO] Saved permanent table http://rulewerk.semantic-web.org/inferred/subClassOf (194) Permutation { idx_to_val: [], val_to_idx: [] } with 42263 entries (413830)
18:45:00 [INFO] Rule duration: 68 ms
18:45:00 [INFO] <<< STEP 195: APPLYING RULE 41 http://rulewerk.semantic-web.org/inferred/subClassOf(?C, ?E) :- http://rulewerk.semantic-web.org/inferred/subClassOf(?C, ?D), http://rulewerk.semantic-web.org/normalForm/subClassOf(?D, ?E) >>>
18:45:00 [INFO] Execution step: Body
18:45:00 [INFO] Saved temporary table: 46744 entries (431706)
18:45:00 [INFO] Execution step: Duplicate Elimination (Datalog)
18:45:00 [INFO] Saved permanent table http://rulewerk.semantic-web.org/inferred/subClassOf (195) Permutation { idx_to_val: [], val_to_idx: [] } with 20299 entries (227286)
18:45:00 [INFO] Rule duration: 60 ms
18:45:00 [INFO] <<< STEP 196: APPLYING RULE 41 http://rulewerk.semantic-web.org/inferred/subClassOf(?C, ?E) :- http://rulewerk.semantic-web.org/inferred/subClassOf(?C, ?D), http://rulewerk.semantic-web.org/normalForm/subClassOf(?D, ?E) >>>
18:45:00 [INFO] Execution step: Body
18:45:00 [INFO] Saved temporary table: 12074 entries (165946)
18:45:00 [INFO] Execution step: Duplicate Elimination (Datalog)
18:45:00 [INFO] Saved permanent table http://rulewerk.semantic-web.org/inferred/subClassOf (196) Permutation { idx_to_val: [], val_to_idx: [] } with 11687 entries (161506)
18:45:00 [INFO] Rule duration: 25 ms
18:45:00 [INFO] <<< STEP 197: APPLYING RULE 41 http://rulewerk.semantic-web.org/inferred/subClassOf(?C, ?E) :- http://rulewerk.semantic-web.org/inferred/subClassOf(?C, ?D), http://rulewerk.semantic-web.org/normalForm/subClassOf(?D, ?E) >>>
18:45:00 [INFO] Execution step: Body
18:45:00 [INFO] Saved temporary table: 14149 entries (168102)
18:45:00 [INFO] Execution step: Duplicate Elimination (Datalog)
18:45:00 [INFO] Saved permanent table http://rulewerk.semantic-web.org/inferred/subClassOf (197) Permutation { idx_to_val: [], val_to_idx: [] } with 14012 entries (167386)
18:45:00 [INFO] Rule duration: 22 ms
18:45:00 [INFO] <<< STEP 198: APPLYING RULE 41 http://rulewerk.semantic-web.org/inferred/subClassOf(?C, ?E) :- http://rulewerk.semantic-web.org/inferred/subClassOf(?C, ?D), http://rulewerk.semantic-web.org/normalForm/subClassOf(?D, ?E) >>>
18:45:00 [INFO] Execution step: Body
18:45:00 [INFO] Saved temporary table: 10900 entries (152838)
18:45:00 [INFO] Execution step: Duplicate Elimination (Datalog)
18:45:00 [INFO] Saved permanent table http://rulewerk.semantic-web.org/inferred/subClassOf (198) Permutation { idx_to_val: [], val_to_idx: [] } with 10605 entries (151682)
18:45:00 [INFO] Rule duration: 26 ms
18:45:00 [INFO] <<< STEP 199: APPLYING RULE 41 http://rulewerk.semantic-web.org/inferred/subClassOf(?C, ?E) :- http://rulewerk.semantic-web.org/inferred/subClassOf(?C, ?D), http://rulewerk.semantic-web.org/normalForm/subClassOf(?D, ?E) >>>
18:45:00 [INFO] Execution step: Body
18:45:00 [INFO] Saved temporary table: 6992 entries (106006)
18:45:00 [INFO] Execution step: Duplicate Elimination (Datalog)
18:45:00 [INFO] Saved permanent table http://rulewerk.semantic-web.org/inferred/subClassOf (199) Permutation { idx_to_val: [], val_to_idx: [] } with 6791 entries (105250)
18:45:00 [INFO] Rule duration: 24 ms
18:45:00 [INFO] Execution step: Combining Tables
18:45:00 [INFO] Saved permanent table http://rulewerk.semantic-web.org/inferred/subClassOf (189-201) Permutation { idx_to_val: [], val_to_idx: [] } with 156147 entries (870866)
18:45:00 [INFO] <<< STEP 200: APPLYING RULE 41 http://rulewerk.semantic-web.org/inferred/subClassOf(?C, ?E) :- http://rulewerk.semantic-web.org/inferred/subClassOf(?C, ?D), http://rulewerk.semantic-web.org/normalForm/subClassOf(?D, ?E) >>>
18:45:00 [INFO] Execution step: Body
18:45:00 [INFO] Saved temporary table: 6614 entries (98230)
18:45:00 [INFO] Execution step: Duplicate Elimination (Datalog)
18:45:00 [INFO] Saved permanent table http://rulewerk.semantic-web.org/inferred/subClassOf (200) Permutation { idx_to_val: [], val_to_idx: [] } with 6439 entries (97578)
18:45:00 [INFO] Rule duration: 14 ms
18:45:00 [INFO] <<< STEP 201: APPLYING RULE 41 http://rulewerk.semantic-web.org/inferred/subClassOf(?C, ?E) :- http://rulewerk.semantic-web.org/inferred/subClassOf(?C, ?D), http://rulewerk.semantic-web.org/normalForm/subClassOf(?D, ?E) >>>
18:45:00 [INFO] Execution step: Body
18:45:00 [INFO] Saved temporary table: 3654 entries (61250)
18:45:00 [INFO] Execution step: Duplicate Elimination (Datalog)
18:45:00 [INFO] Saved permanent table http://rulewerk.semantic-web.org/inferred/subClassOf (201) Permutation { idx_to_val: [], val_to_idx: [] } with 3636 entries (61226)
18:45:00 [INFO] Rule duration: 12 ms
18:45:00 [INFO] <<< STEP 202: APPLYING RULE 41 http://rulewerk.semantic-web.org/inferred/subClassOf(?C, ?E) :- http://rulewerk.semantic-web.org/inferred/subClassOf(?C, ?D), http://rulewerk.semantic-web.org/normalForm/subClassOf(?D, ?E) >>>
18:45:00 [INFO] Execution step: Body
18:45:00 [INFO] Saved temporary table: 3460 entries (50538)
18:45:00 [INFO] Execution step: Duplicate Elimination (Datalog)
18:45:00 [INFO] Saved permanent table http://rulewerk.semantic-web.org/inferred/subClassOf (202) Permutation { idx_to_val: [], val_to_idx: [] } with 3460 entries (50586)
18:45:00 [INFO] Rule duration: 14 ms
18:45:00 [INFO] <<< STEP 203: APPLYING RULE 41 http://rulewerk.semantic-web.org/inferred/subClassOf(?C, ?E) :- http://rulewerk.semantic-web.org/inferred/subClassOf(?C, ?D), http://rulewerk.semantic-web.org/normalForm/subClassOf(?D, ?E) >>>
18:45:00 [INFO] Execution step: Body
18:45:00 [INFO] Saved temporary table: 2411 entries (42082)
18:45:00 [INFO] Execution step: Duplicate Elimination (Datalog)
18:45:00 [INFO] Saved permanent table http://rulewerk.semantic-web.org/inferred/subClassOf (203) Permutation { idx_to_val: [], val_to_idx: [] } with 2411 entries (42130)
18:45:00 [INFO] Rule duration: 13 ms
18:45:00 [INFO] <<< STEP 204: APPLYING RULE 41 http://rulewerk.semantic-web.org/inferred/subClassOf(?C, ?E) :- http://rulewerk.semantic-web.org/inferred/subClassOf(?C, ?D), http://rulewerk.semantic-web.org/normalForm/subClassOf(?D, ?E) >>>
18:45:00 [INFO] Execution step: Body
18:45:00 [INFO] Saved temporary table: 1437 entries (28058)
18:45:00 [INFO] Execution step: Duplicate Elimination (Datalog)
18:45:00 [INFO] Saved permanent table http://rulewerk.semantic-web.org/inferred/subClassOf (204) Permutation { idx_to_val: [], val_to_idx: [] } with 1437 entries (28106)
18:45:00 [INFO] Rule duration: 9 ms
18:45:00 [INFO] <<< STEP 205: APPLYING RULE 41 http://rulewerk.semantic-web.org/inferred/subClassOf(?C, ?E) :- http://rulewerk.semantic-web.org/inferred/subClassOf(?C, ?D), http://rulewerk.semantic-web.org/normalForm/subClassOf(?D, ?E) >>>
18:45:00 [INFO] Execution step: Body
18:45:00 [INFO] Saved temporary table: 1137 entries (23306)
18:45:00 [INFO] Execution step: Duplicate Elimination (Datalog)
18:45:00 [INFO] Saved permanent table http://rulewerk.semantic-web.org/inferred/subClassOf (205) Permutation { idx_to_val: [], val_to_idx: [] } with 1137 entries (23354)
18:45:00 [INFO] Rule duration: 6 ms
18:45:00 [INFO] <<< STEP 206: APPLYING RULE 41 http://rulewerk.semantic-web.org/inferred/subClassOf(?C, ?E) :- http://rulewerk.semantic-web.org/inferred/subClassOf(?C, ?D), http://rulewerk.semantic-web.org/normalForm/subClassOf(?D, ?E) >>>
18:45:00 [INFO] Execution step: Body
18:45:00 [INFO] Saved temporary table: 436 entries (10676)
18:45:00 [INFO] Execution step: Duplicate Elimination (Datalog)
18:45:00 [INFO] Saved permanent table http://rulewerk.semantic-web.org/inferred/subClassOf (206) Permutation { idx_to_val: [], val_to_idx: [] } with 436 entries (10724)
18:45:00 [INFO] Rule duration: 3 ms
18:45:00 [INFO] <<< STEP 207: APPLYING RULE 41 http://rulewerk.semantic-web.org/inferred/subClassOf(?C, ?E) :- http://rulewerk.semantic-web.org/inferred/subClassOf(?C, ?D), http://rulewerk.semantic-web.org/normalForm/subClassOf(?D, ?E) >>>
18:45:00 [INFO] Execution step: Body
18:45:00 [INFO] Saved temporary table: 243 entries (9132)
18:45:00 [INFO] Execution step: Duplicate Elimination (Datalog)
18:45:00 [INFO] Saved permanent table http://rulewerk.semantic-web.org/inferred/subClassOf (207) Permutation { idx_to_val: [], val_to_idx: [] } with 243 entries (9180)
18:45:00 [INFO] Rule duration: 2 ms
18:45:00 [INFO] Execution step: Combining Tables
18:45:00 [INFO] Saved permanent table http://rulewerk.semantic-web.org/inferred/subClassOf (201-209) Permutation { idx_to_val: [], val_to_idx: [] } with 12760 entries (97722)
18:45:00 [INFO] <<< STEP 208: APPLYING RULE 41 http://rulewerk.semantic-web.org/inferred/subClassOf(?C, ?E) :- http://rulewerk.semantic-web.org/inferred/subClassOf(?C, ?D), http://rulewerk.semantic-web.org/normalForm/subClassOf(?D, ?E) >>>
18:45:00 [INFO] Execution step: Body
18:45:00 [INFO] Saved temporary table: 273 entries (9986)
18:45:00 [INFO] Execution step: Duplicate Elimination (Datalog)
18:45:00 [INFO] Saved permanent table http://rulewerk.semantic-web.org/inferred/subClassOf (208) Permutation { idx_to_val: [], val_to_idx: [] } with 273 entries (10034)
18:45:00 [INFO] Rule duration: 1 ms
18:45:00 [INFO] <<< STEP 209: APPLYING RULE 41 http://rulewerk.semantic-web.org/inferred/subClassOf(?C, ?E) :- http://rulewerk.semantic-web.org/inferred/subClassOf(?C, ?D), http://rulewerk.semantic-web.org/normalForm/subClassOf(?D, ?E) >>>
18:45:00 [INFO] Execution step: Body
18:45:00 [INFO] Saved temporary table: 63 entries (7502)
18:45:00 [INFO] Execution step: Duplicate Elimination (Datalog)
18:45:00 [INFO] Saved permanent table http://rulewerk.semantic-web.org/inferred/subClassOf (209) Permutation { idx_to_val: [], val_to_idx: [] } with 63 entries (7550)
18:45:00 [INFO] Rule duration: 1 ms
18:45:00 [INFO] <<< STEP 210: APPLYING RULE 41 http://rulewerk.semantic-web.org/inferred/subClassOf(?C, ?E) :- http://rulewerk.semantic-web.org/inferred/subClassOf(?C, ?D), http://rulewerk.semantic-web.org/normalForm/subClassOf(?D, ?E) >>>
18:45:00 [INFO] Execution step: Body
18:45:00 [INFO] Saved temporary table: 63 entries (7502)
18:45:00 [INFO] Execution step: Duplicate Elimination (Datalog)
18:45:00 [INFO] Saved permanent table http://rulewerk.semantic-web.org/inferred/subClassOf (210) Permutation { idx_to_val: [], val_to_idx: [] } with 63 entries (7550)
18:45:00 [INFO] Rule duration: 1 ms
18:45:00 [INFO] <<< STEP 211: APPLYING RULE 41 http://rulewerk.semantic-web.org/inferred/subClassOf(?C, ?E) :- http://rulewerk.semantic-web.org/inferred/subClassOf(?C, ?D), http://rulewerk.semantic-web.org/normalForm/subClassOf(?D, ?E) >>>
18:45:00 [INFO] Execution step: Body
18:45:00 [INFO] Saved temporary table: 189 entries (8196)
18:45:00 [INFO] Execution step: Duplicate Elimination (Datalog)
18:45:00 [INFO] Saved permanent table http://rulewerk.semantic-web.org/inferred/subClassOf (211) Permutation { idx_to_val: [], val_to_idx: [] } with 189 entries (8244)
18:45:00 [INFO] Rule duration: 1 ms
18:45:00 [INFO] <<< STEP 212: APPLYING RULE 41 http://rulewerk.semantic-web.org/inferred/subClassOf(?C, ?E) :- http://rulewerk.semantic-web.org/inferred/subClassOf(?C, ?D), http://rulewerk.semantic-web.org/normalForm/subClassOf(?D, ?E) >>>
18:45:00 [INFO] Execution step: Body
18:45:00 [INFO] Saved temporary table: 63 entries (7502)
18:45:00 [INFO] Execution step: Duplicate Elimination (Datalog)
18:45:00 [INFO] Saved permanent table http://rulewerk.semantic-web.org/inferred/subClassOf (212) Permutation { idx_to_val: [], val_to_idx: [] } with 63 entries (7550)
18:45:00 [INFO] Rule duration: 1 ms
18:45:00 [INFO] <<< STEP 213: APPLYING RULE 41 http://rulewerk.semantic-web.org/inferred/subClassOf(?C, ?E) :- http://rulewerk.semantic-web.org/inferred/subClassOf(?C, ?D), http://rulewerk.semantic-web.org/normalForm/subClassOf(?D, ?E) >>>
18:45:00 [INFO] Execution step: Body
18:45:00 [INFO] Saved temporary table: 63 entries (7502)
18:45:00 [INFO] Execution step: Duplicate Elimination (Datalog)
18:45:00 [INFO] Saved permanent table http://rulewerk.semantic-web.org/inferred/subClassOf (213) Permutation { idx_to_val: [], val_to_idx: [] } with 63 entries (7550)
18:45:00 [INFO] Rule duration: 0 ms
18:45:00 [INFO] <<< STEP 214: APPLYING RULE 41 http://rulewerk.semantic-web.org/inferred/subClassOf(?C, ?E) :- http://rulewerk.semantic-web.org/inferred/subClassOf(?C, ?D), http://rulewerk.semantic-web.org/normalForm/subClassOf(?D, ?E) >>>
18:45:00 [INFO] Execution step: Body
18:45:00 [INFO] Saved temporary table: 63 entries (7502)
18:45:00 [INFO] Execution step: Duplicate Elimination (Datalog)
18:45:00 [INFO] Saved permanent table http://rulewerk.semantic-web.org/inferred/subClassOf (214) Permutation { idx_to_val: [], val_to_idx: [] } with 63 entries (7550)
18:45:00 [INFO] Rule duration: 1 ms
18:45:00 [INFO] <<< STEP 215: APPLYING RULE 41 http://rulewerk.semantic-web.org/inferred/subClassOf(?C, ?E) :- http://rulewerk.semantic-web.org/inferred/subClassOf(?C, ?D), http://rulewerk.semantic-web.org/normalForm/subClassOf(?D, ?E) >>>
18:45:00 [INFO] Execution step: Body
18:45:00 [INFO] Trie does not contain any elements
18:45:00 [INFO] Execution step: Duplicate Elimination (Datalog)
18:45:00 [INFO] Trie does not contain any elements
18:45:00 [INFO] Rule duration: 0 ms
18:45:00 [INFO] <<< STEP 216: APPLYING RULE 42 http://rulewerk.semantic-web.org/inferred/subClassOf(?E, "<http://www.w3.org/2002/07/owl#Nothing>") :- http://rulewerk.semantic-web.org/inferred/ex(?E, ?R, ?C), http://rulewerk.semantic-web.org/inferred/subClassOf(?C, ?_BODY_1), Equal(?_BODY_1, "<http://www.w3.org/2002/07/owl#Nothing>") >>>
18:45:00 [INFO] Execution step: Body
18:45:00 [INFO] Trie does not contain any elements
18:45:00 [INFO] Execution step: Duplicate Elimination (Datalog)
18:45:00 [INFO] Trie does not contain any elements
18:45:00 [INFO] Rule duration: 61 ms
18:45:00 [INFO] <<< STEP 217: APPLYING RULE 33 http://rulewerk.semantic-web.org/inferred/init(?C) :- http://rulewerk.semantic-web.org/inferred/ex(?E, ?R, ?C) >>>
18:45:00 [INFO] Execution step: Body
18:45:00 [INFO] Saved temporary table: 8012 entries (35448)
18:45:00 [INFO] Execution step: Duplicate Elimination (Datalog)
18:45:00 [INFO] Saved permanent table http://rulewerk.semantic-web.org/inferred/init (217) Permutation { idx_to_val: [], val_to_idx: [] } with 2396 entries (13032)
18:45:00 [INFO] Rule duration: 30 ms
18:45:00 [INFO] <<< STEP 218: APPLYING RULE 34 http://rulewerk.semantic-web.org/inferred/subClassOf(?C, ?C) :- http://rulewerk.semantic-web.org/inferred/init(?C) >>>
18:45:00 [INFO] Execution step: Body
18:45:00 [INFO] Saved temporary table: 2396 entries (12984)
18:45:00 [INFO] Execution step: Duplicate Elimination (Datalog)
18:45:00 [INFO] Saved permanent table http://rulewerk.semantic-web.org/inferred/subClassOf (218) Permutation { idx_to_val: [], val_to_idx: [] } with 2396 entries (26404)
18:45:00 [INFO] Rule duration: 1 ms
18:45:00 [INFO] Execution step: Combining Tables
18:45:00 [INFO] Saved permanent table http://rulewerk.semantic-web.org/inferred/subClassOf (209-220) Permutation { idx_to_val: [], val_to_idx: [] } with 2900 entries (28690)
18:45:00 [INFO] <<< STEP 219: APPLYING RULE 36 http://rulewerk.semantic-web.org/inferred/subClassOf(?C, ?D1), http://rulewerk.semantic-web.org/inferred/subClassOf(?C, ?D2) :- http://rulewerk.semantic-web.org/inferred/subClassOf(?C, ?Y), http://rulewerk.semantic-web.org/normalForm/conj(?Y, ?D1, ?D2) >>>
18:45:00 [INFO] Execution step: Body
18:45:00 [INFO] Saved temporary table: 22756 entries (279546)
18:45:00 [INFO] Saved temporary table: 27543 entries (298694)
18:45:00 [INFO] Execution step: Duplicate Elimination (Datalog)
18:45:00 [INFO] Saved permanent table http://rulewerk.semantic-web.org/inferred/subClassOf (219) Permutation { idx_to_val: [], val_to_idx: [] } with 13982 entries (148654)
18:45:00 [INFO] Rule duration: 135 ms
18:45:00 [INFO] <<< STEP 220: APPLYING RULE 36 http://rulewerk.semantic-web.org/inferred/subClassOf(?C, ?D1), http://rulewerk.semantic-web.org/inferred/subClassOf(?C, ?D2) :- http://rulewerk.semantic-web.org/inferred/subClassOf(?C, ?Y), http://rulewerk.semantic-web.org/normalForm/conj(?Y, ?D1, ?D2) >>>
18:45:00 [INFO] Execution step: Body
18:45:00 [INFO] Saved temporary table: 703 entries (12812)
18:45:00 [INFO] Saved temporary table: 703 entries (12812)
18:45:00 [INFO] Execution step: Duplicate Elimination (Datalog)
18:45:00 [INFO] Saved permanent table http://rulewerk.semantic-web.org/inferred/subClassOf (220) Permutation { idx_to_val: [], val_to_idx: [] } with 1352 entries (21022)
18:45:00 [INFO] Rule duration: 16 ms
18:45:00 [INFO] <<< STEP 221: APPLYING RULE 36 http://rulewerk.semantic-web.org/inferred/subClassOf(?C, ?D1), http://rulewerk.semantic-web.org/inferred/subClassOf(?C, ?D2) :- http://rulewerk.semantic-web.org/inferred/subClassOf(?C, ?Y), http://rulewerk.semantic-web.org/normalForm/conj(?Y, ?D1, ?D2) >>>
18:45:00 [INFO] Execution step: Body
18:45:00 [INFO] Saved temporary table: 108 entries (8052)
18:45:00 [INFO] Saved temporary table: 108 entries (8052)
18:45:00 [INFO] Execution step: Duplicate Elimination (Datalog)
18:45:00 [INFO] Saved permanent table http://rulewerk.semantic-web.org/inferred/subClassOf (221) Permutation { idx_to_val: [], val_to_idx: [] } with 206 entries (9298)
18:45:00 [INFO] Rule duration: 3 ms
18:45:00 [INFO] <<< STEP 222: APPLYING RULE 36 http://rulewerk.semantic-web.org/inferred/subClassOf(?C, ?D1), http://rulewerk.semantic-web.org/inferred/subClassOf(?C, ?D2) :- http://rulewerk.semantic-web.org/inferred/subClassOf(?C, ?Y), http://rulewerk.semantic-web.org/normalForm/conj(?Y, ?D1, ?D2) >>>
18:45:00 [INFO] Execution step: Body
18:45:00 [INFO] Saved temporary table: 14 entries (7584)
18:45:00 [INFO] Saved temporary table: 14 entries (7584)
18:45:00 [INFO] Execution step: Duplicate Elimination (Datalog)
18:45:00 [INFO] Saved permanent table http://rulewerk.semantic-web.org/inferred/subClassOf (222) Permutation { idx_to_val: [], val_to_idx: [] } with 27 entries (7684)
18:45:00 [INFO] Rule duration: 1 ms
18:45:00 [INFO] <<< STEP 223: APPLYING RULE 36 http://rulewerk.semantic-web.org/inferred/subClassOf(?C, ?D1), http://rulewerk.semantic-web.org/inferred/subClassOf(?C, ?D2) :- http://rulewerk.semantic-web.org/inferred/subClassOf(?C, ?Y), http://rulewerk.semantic-web.org/normalForm/conj(?Y, ?D1, ?D2) >>>
18:45:00 [INFO] Execution step: Body
18:45:00 [INFO] Trie does not contain any elements
18:45:00 [INFO] Trie does not contain any elements
18:45:00 [INFO] Execution step: Duplicate Elimination (Datalog)
18:45:00 [INFO] Trie does not contain any elements
18:45:00 [INFO] Rule duration: 0 ms
18:45:00 [INFO] <<< STEP 224: APPLYING RULE 37 http://rulewerk.semantic-web.org/inferred/subClassOf(?C, ?I) :- http://rulewerk.semantic-web.org/inferred/subClassOf(?C, ?D1), http://rulewerk.semantic-web.org/inferred/subClassOf(?C, ?D2), http://rulewerk.semantic-web.org/normalForm/conj(?I, ?D1, ?D2), http://rulewerk.semantic-web.org/normalForm/isSubClass(?I) >>>
18:45:00 [INFO] Execution step: Body
18:45:01 [INFO] Saved temporary table: 57922 entries (467850)
18:45:01 [INFO] Execution step: Duplicate Elimination (Datalog)
18:45:01 [INFO] Saved permanent table http://rulewerk.semantic-web.org/inferred/subClassOf (224) Permutation { idx_to_val: [], val_to_idx: [] } with 50411 entries (382558)
18:45:01 [INFO] Rule duration: 426 ms
18:45:01 [INFO] <<< STEP 225: APPLYING RULE 37 http://rulewerk.semantic-web.org/inferred/subClassOf(?C, ?I) :- http://rulewerk.semantic-web.org/inferred/subClassOf(?C, ?D1), http://rulewerk.semantic-web.org/inferred/subClassOf(?C, ?D2), http://rulewerk.semantic-web.org/normalForm/conj(?I, ?D1, ?D2), http://rulewerk.semantic-web.org/normalForm/isSubClass(?I) >>>
18:45:01 [INFO] Execution step: Body
18:45:01 [INFO] Saved temporary table: 2094 entries (38306)
18:45:01 [INFO] Execution step: Duplicate Elimination (Datalog)
18:45:01 [INFO] Saved permanent table http://rulewerk.semantic-web.org/inferred/subClassOf (225) Permutation { idx_to_val: [], val_to_idx: [] } with 2094 entries (38354)
18:45:01 [INFO] Rule duration: 62 ms
18:45:01 [INFO] <<< STEP 226: APPLYING RULE 37 http://rulewerk.semantic-web.org/inferred/subClassOf(?C, ?I) :- http://rulewerk.semantic-web.org/inferred/subClassOf(?C, ?D1), http://rulewerk.semantic-web.org/inferred/subClassOf(?C, ?D2), http://rulewerk.semantic-web.org/normalForm/conj(?I, ?D1, ?D2), http://rulewerk.semantic-web.org/normalForm/isSubClass(?I) >>>
18:45:01 [INFO] Execution step: Body
18:45:01 [INFO] Saved temporary table: 26 entries (8204)
18:45:01 [INFO] Execution step: Duplicate Elimination (Datalog)
18:45:01 [INFO] Saved permanent table http://rulewerk.semantic-web.org/inferred/subClassOf (226) Permutation { idx_to_val: [], val_to_idx: [] } with 26 entries (8252)
18:45:01 [INFO] Rule duration: 9 ms
18:45:01 [INFO] <<< STEP 227: APPLYING RULE 37 http://rulewerk.semantic-web.org/inferred/subClassOf(?C, ?I) :- http://rulewerk.semantic-web.org/inferred/subClassOf(?C, ?D1), http://rulewerk.semantic-web.org/inferred/subClassOf(?C, ?D2), http://rulewerk.semantic-web.org/normalForm/conj(?I, ?D1, ?D2), http://rulewerk.semantic-web.org/normalForm/isSubClass(?I) >>>
18:45:01 [INFO] Execution step: Body
18:45:01 [INFO] Trie does not contain any elements
18:45:01 [INFO] Execution step: Duplicate Elimination (Datalog)
18:45:01 [INFO] Trie does not contain any elements
18:45:01 [INFO] Rule duration: 8 ms
18:45:01 [INFO] <<< STEP 228: APPLYING RULE 38 http://rulewerk.semantic-web.org/inferred/ex(?E, ?R, ?C) :- http://rulewerk.semantic-web.org/inferred/subClassOf(?E, ?Y), http://rulewerk.semantic-web.org/normalForm/exists(?Y, ?R, ?C) >>>
18:45:01 [INFO] Execution step: Body
18:45:01 [INFO] Saved temporary table: 81489 entries (1256340)
18:45:01 [INFO] Execution step: Duplicate Elimination (Datalog)
18:45:01 [INFO] Saved permanent table http://rulewerk.semantic-web.org/inferred/ex (228) Permutation { idx_to_val: [], val_to_idx: [] } with 81489 entries (1256388)
18:45:01 [INFO] Rule duration: 76 ms
18:45:01 [INFO] <<< STEP 229: APPLYING RULE 39 http://rulewerk.semantic-web.org/inferred/subClassOf(?E, ?Y) :- http://rulewerk.semantic-web.org/inferred/ex(?E, ?R, ?C), http://rulewerk.semantic-web.org/inferred/subClassOf(?C, ?D), http://rulewerk.semantic-web.org/normalForm/subProp(?R, ?S), http://rulewerk.semantic-web.org/normalForm/exists(?Y, ?S, ?D), http://rulewerk.semantic-web.org/normalForm/isSubClass(?Y) >>>
18:45:01 [INFO] Execution step: Body
18:45:01 [INFO] Saved temporary table: 133147 entries (770034)
18:45:01 [INFO] Execution step: Duplicate Elimination (Datalog)
18:45:01 [INFO] Saved permanent table http://rulewerk.semantic-web.org/inferred/subClassOf (229) Permutation { idx_to_val: [], val_to_idx: [] } with 54923 entries (393346)
18:45:01 [INFO] Rule duration: 358 ms
18:45:01 [INFO] Execution step: Combining Tables
18:45:01 [INFO] Saved permanent table http://rulewerk.semantic-web.org/inferred/subClassOf (220-231) Permutation { idx_to_val: [], val_to_idx: [] } with 109039 entries (675498)
18:45:01 [INFO] <<< STEP 230: APPLYING RULE 39 http://rulewerk.semantic-web.org/inferred/subClassOf(?E, ?Y) :- http://rulewerk.semantic-web.org/inferred/ex(?E, ?R, ?C), http://rulewerk.semantic-web.org/inferred/subClassOf(?C, ?D), http://rulewerk.semantic-web.org/normalForm/subProp(?R, ?S), http://rulewerk.semantic-web.org/normalForm/exists(?Y, ?S, ?D), http://rulewerk.semantic-web.org/normalForm/isSubClass(?Y) >>>
18:45:01 [INFO] Execution step: Body
18:45:01 [INFO] Trie does not contain any elements
18:45:01 [INFO] Execution step: Duplicate Elimination (Datalog)
18:45:01 [INFO] Trie does not contain any elements
18:45:01 [INFO] Rule duration: 21 ms
18:45:01 [INFO] <<< STEP 231: APPLYING RULE 40 http://rulewerk.semantic-web.org/inferred/ex(?E, ?S, ?D) :- http://rulewerk.semantic-web.org/inferred/ex(?E, ?R1, ?C), http://rulewerk.semantic-web.org/inferred/ex(?C, ?R2, ?D), http://rulewerk.semantic-web.org/normalForm/subProp(?R1, ?S1), http://rulewerk.semantic-web.org/normalForm/subProp(?R2, ?S2), http://rulewerk.semantic-web.org/normalForm/subPropChain(?S1, ?S2, ?S) >>>
18:45:01 [INFO] Execution step: Body
18:45:01 [INFO] Trie does not contain any elements
18:45:01 [INFO] Execution step: Duplicate Elimination (Datalog)
18:45:01 [INFO] Trie does not contain any elements
18:45:01 [INFO] Rule duration: 71 ms
18:45:01 [INFO] <<< STEP 232: APPLYING RULE 41 http://rulewerk.semantic-web.org/inferred/subClassOf(?C, ?E) :- http://rulewerk.semantic-web.org/inferred/subClassOf(?C, ?D), http://rulewerk.semantic-web.org/normalForm/subClassOf(?D, ?E) >>>
18:45:01 [INFO] Execution step: Body
18:45:01 [INFO] Saved temporary table: 55642 entries (456990)
18:45:01 [INFO] Execution step: Duplicate Elimination (Datalog)
18:45:01 [INFO] Saved permanent table http://rulewerk.semantic-web.org/inferred/subClassOf (232) Permutation { idx_to_val: [], val_to_idx: [] } with 55619 entries (456946)
18:45:01 [INFO] Rule duration: 98 ms
18:45:01 [INFO] <<< STEP 233: APPLYING RULE 41 http://rulewerk.semantic-web.org/inferred/subClassOf(?C, ?E) :- http://rulewerk.semantic-web.org/inferred/subClassOf(?C, ?D), http://rulewerk.semantic-web.org/normalForm/subClassOf(?D, ?E) >>>
18:45:01 [INFO] Execution step: Body
18:45:02 [INFO] Saved temporary table: 60292 entries (475590)
18:45:02 [INFO] Execution step: Duplicate Elimination (Datalog)
18:45:02 [INFO] Saved permanent table http://rulewerk.semantic-web.org/inferred/subClassOf (233) Permutation { idx_to_val: [], val_to_idx: [] } with 10740 entries (140126)
18:45:02 [INFO] Rule duration: 163 ms
18:45:02 [INFO] <<< STEP 234: APPLYING RULE 41 http://rulewerk.semantic-web.org/inferred/subClassOf(?C, ?E) :- http://rulewerk.semantic-web.org/inferred/subClassOf(?C, ?D), http://rulewerk.semantic-web.org/normalForm/subClassOf(?D, ?E) >>>
18:45:02 [INFO] Execution step: Body
18:45:02 [INFO] Saved temporary table: 6177 entries (82850)
18:45:02 [INFO] Execution step: Duplicate Elimination (Datalog)
18:45:02 [INFO] Saved permanent table http://rulewerk.semantic-web.org/inferred/subClassOf (234) Permutation { idx_to_val: [], val_to_idx: [] } with 5620 entries (79494)
18:45:02 [INFO] Rule duration: 28 ms
18:45:02 [INFO] <<< STEP 235: APPLYING RULE 41 http://rulewerk.semantic-web.org/inferred/subClassOf(?C, ?E) :- http://rulewerk.semantic-web.org/inferred/subClassOf(?C, ?D), http://rulewerk.semantic-web.org/normalForm/subClassOf(?D, ?E) >>>
18:45:02 [INFO] Execution step: Body
18:45:02 [INFO] Saved temporary table: 6714 entries (81290)
18:45:02 [INFO] Execution step: Duplicate Elimination (Datalog)
18:45:02 [INFO] Saved permanent table http://rulewerk.semantic-web.org/inferred/subClassOf (235) Permutation { idx_to_val: [], val_to_idx: [] } with 6647 entries (81058)
18:45:02 [INFO] Rule duration: 24 ms
18:45:02 [INFO] <<< STEP 236: APPLYING RULE 41 http://rulewerk.semantic-web.org/inferred/subClassOf(?C, ?E) :- http://rulewerk.semantic-web.org/inferred/subClassOf(?C, ?D), http://rulewerk.semantic-web.org/normalForm/subClassOf(?D, ?E) >>>
18:45:02 [INFO] Execution step: Body
18:45:02 [INFO] Saved temporary table: 5579 entries (76102)
18:45:02 [INFO] Execution step: Duplicate Elimination (Datalog)
18:45:02 [INFO] Saved permanent table http://rulewerk.semantic-web.org/inferred/subClassOf (236) Permutation { idx_to_val: [], val_to_idx: [] } with 5294 entries (75010)
18:45:02 [INFO] Rule duration: 24 ms
18:45:02 [INFO] <<< STEP 237: APPLYING RULE 41 http://rulewerk.semantic-web.org/inferred/subClassOf(?C, ?E) :- http://rulewerk.semantic-web.org/inferred/subClassOf(?C, ?D), http://rulewerk.semantic-web.org/normalForm/subClassOf(?D, ?E) >>>
18:45:02 [INFO] Execution step: Body
18:45:02 [INFO] Saved temporary table: 4220 entries (65386)
18:45:02 [INFO] Execution step: Duplicate Elimination (Datalog)
18:45:02 [INFO] Saved permanent table http://rulewerk.semantic-web.org/inferred/subClassOf (237) Permutation { idx_to_val: [], val_to_idx: [] } with 3912 entries (64202)
18:45:02 [INFO] Rule duration: 20 ms
18:45:02 [INFO] <<< STEP 238: APPLYING RULE 41 http://rulewerk.semantic-web.org/inferred/subClassOf(?C, ?E) :- http://rulewerk.semantic-web.org/inferred/subClassOf(?C, ?D), http://rulewerk.semantic-web.org/normalForm/subClassOf(?D, ?E) >>>
18:45:02 [INFO] Execution step: Body
18:45:02 [INFO] Saved temporary table: 3491 entries (54670)
18:45:02 [INFO] Execution step: Duplicate Elimination (Datalog)
18:45:02 [INFO] Saved permanent table http://rulewerk.semantic-web.org/inferred/subClassOf (238) Permutation { idx_to_val: [], val_to_idx: [] } with 3247 entries (53742)
18:45:02 [INFO] Rule duration: 17 ms
18:45:02 [INFO] <<< STEP 239: APPLYING RULE 41 http://rulewerk.semantic-web.org/inferred/subClassOf(?C, ?E) :- http://rulewerk.semantic-web.org/inferred/subClassOf(?C, ?D), http://rulewerk.semantic-web.org/normalForm/subClassOf(?D, ?E) >>>
18:45:02 [INFO] Execution step: Body
18:45:02 [INFO] Saved temporary table: 1658 entries (32122)
18:45:02 [INFO] Execution step: Duplicate Elimination (Datalog)
18:45:02 [INFO] Saved permanent table http://rulewerk.semantic-web.org/inferred/subClassOf (239) Permutation { idx_to_val: [], val_to_idx: [] } with 1602 entries (31946)
18:45:02 [INFO] Rule duration: 10 ms
18:45:02 [INFO] Execution step: Combining Tables
18:45:02 [INFO] Saved permanent table http://rulewerk.semantic-web.org/inferred/subClassOf (231-241) Permutation { idx_to_val: [], val_to_idx: [] } with 92681 entries (605194)
18:45:02 [INFO] <<< STEP 240: APPLYING RULE 41 http://rulewerk.semantic-web.org/inferred/subClassOf(?C, ?E) :- http://rulewerk.semantic-web.org/inferred/subClassOf(?C, ?D), http://rulewerk.semantic-web.org/normalForm/subClassOf(?D, ?E) >>>
18:45:02 [INFO] Execution step: Body
18:45:02 [INFO] Saved temporary table: 1245 entries (23366)
18:45:02 [INFO] Execution step: Duplicate Elimination (Datalog)
18:45:02 [INFO] Saved permanent table http://rulewerk.semantic-web.org/inferred/subClassOf (240) Permutation { idx_to_val: [], val_to_idx: [] } with 1240 entries (23394)
18:45:02 [INFO] Rule duration: 7 ms
18:45:02 [INFO] <<< STEP 241: APPLYING RULE 41 http://rulewerk.semantic-web.org/inferred/subClassOf(?C, ?E) :- http://rulewerk.semantic-web.org/inferred/subClassOf(?C, ?D), http://rulewerk.semantic-web.org/normalForm/subClassOf(?D, ?E) >>>
18:45:02 [INFO] Execution step: Body
18:45:02 [INFO] Saved temporary table: 883 entries (19986)
18:45:02 [INFO] Execution step: Duplicate Elimination (Datalog)
18:45:02 [INFO] Saved permanent table http://rulewerk.semantic-web.org/inferred/subClassOf (241) Permutation { idx_to_val: [], val_to_idx: [] } with 883 entries (20034)
18:45:02 [INFO] Rule duration: 6 ms
18:45:02 [INFO] <<< STEP 242: APPLYING RULE 41 http://rulewerk.semantic-web.org/inferred/subClassOf(?C, ?E) :- http://rulewerk.semantic-web.org/inferred/subClassOf(?C, ?D), http://rulewerk.semantic-web.org/normalForm/subClassOf(?D, ?E) >>>
18:45:02 [INFO] Execution step: Body
18:45:02 [INFO] Saved temporary table: 550 entries (14274)
18:45:02 [INFO] Execution step: Duplicate Elimination (Datalog)
18:45:02 [INFO] Saved permanent table http://rulewerk.semantic-web.org/inferred/subClassOf (242) Permutation { idx_to_val: [], val_to_idx: [] } with 550 entries (14322)
18:45:02 [INFO] Rule duration: 3 ms
18:45:02 [INFO] <<< STEP 243: APPLYING RULE 41 http://rulewerk.semantic-web.org/inferred/subClassOf(?C, ?E) :- http://rulewerk.semantic-web.org/inferred/subClassOf(?C, ?D), http://rulewerk.semantic-web.org/normalForm/subClassOf(?D, ?E) >>>
18:45:02 [INFO] Execution step: Body
18:45:02 [INFO] Saved temporary table: 402 entries (10294)
18:45:02 [INFO] Execution step: Duplicate Elimination (Datalog)
18:45:02 [INFO] Saved permanent table http://rulewerk.semantic-web.org/inferred/subClassOf (243) Permutation { idx_to_val: [], val_to_idx: [] } with 402 entries (10342)
18:45:02 [INFO] Rule duration: 3 ms
18:45:02 [INFO] <<< STEP 244: APPLYING RULE 41 http://rulewerk.semantic-web.org/inferred/subClassOf(?C, ?E) :- http://rulewerk.semantic-web.org/inferred/subClassOf(?C, ?D), http://rulewerk.semantic-web.org/normalForm/subClassOf(?D, ?E) >>>
18:45:02 [INFO] Execution step: Body
18:45:02 [INFO] Saved temporary table: 185 entries (8668)
18:45:02 [INFO] Execution step: Duplicate Elimination (Datalog)
18:45:02 [INFO] Saved permanent table http://rulewerk.semantic-web.org/inferred/subClassOf (244) Permutation { idx_to_val: [], val_to_idx: [] } with 185 entries (8716)
18:45:02 [INFO] Rule duration: 2 ms
18:45:02 [INFO] <<< STEP 245: APPLYING RULE 41 http://rulewerk.semantic-web.org/inferred/subClassOf(?C, ?E) :- http://rulewerk.semantic-web.org/inferred/subClassOf(?C, ?D), http://rulewerk.semantic-web.org/normalForm/subClassOf(?D, ?E) >>>
18:45:02 [INFO] Execution step: Body
18:45:02 [INFO] Saved temporary table: 120 entries (8148)
18:45:02 [INFO] Execution step: Duplicate Elimination (Datalog)
18:45:02 [INFO] Saved permanent table http://rulewerk.semantic-web.org/inferred/subClassOf (245) Permutation { idx_to_val: [], val_to_idx: [] } with 120 entries (8196)
18:45:02 [INFO] Rule duration: 1 ms
18:45:02 [INFO] <<< STEP 246: APPLYING RULE 41 http://rulewerk.semantic-web.org/inferred/subClassOf(?C, ?E) :- http://rulewerk.semantic-web.org/inferred/subClassOf(?C, ?D), http://rulewerk.semantic-web.org/normalForm/subClassOf(?D, ?E) >>>
18:45:02 [INFO] Execution step: Body
18:45:02 [INFO] Saved temporary table: 97 entries (9736)
18:45:02 [INFO] Execution step: Duplicate Elimination (Datalog)
18:45:02 [INFO] Saved permanent table http://rulewerk.semantic-web.org/inferred/subClassOf (246) Permutation { idx_to_val: [], val_to_idx: [] } with 97 entries (9784)
18:45:02 [INFO] Rule duration: 1 ms
18:45:02 [INFO] <<< STEP 247: APPLYING RULE 41 http://rulewerk.semantic-web.org/inferred/subClassOf(?C, ?E) :- http://rulewerk.semantic-web.org/inferred/subClassOf(?C, ?D), http://rulewerk.semantic-web.org/normalForm/subClassOf(?D, ?E) >>>
18:45:02 [INFO] Execution step: Body
18:45:02 [INFO] Saved temporary table: 24 entries (8144)
18:45:02 [INFO] Execution step: Duplicate Elimination (Datalog)
18:45:02 [INFO] Saved permanent table http://rulewerk.semantic-web.org/inferred/subClassOf (247) Permutation { idx_to_val: [], val_to_idx: [] } with 24 entries (8192)
18:45:02 [INFO] Rule duration: 0 ms
18:45:02 [INFO] Execution step: Combining Tables
18:45:02 [INFO] Saved permanent table http://rulewerk.semantic-web.org/inferred/subClassOf (241-249) Permutation { idx_to_val: [], val_to_idx: [] } with 2261 entries (25546)
18:45:02 [INFO] <<< STEP 248: APPLYING RULE 41 http://rulewerk.semantic-web.org/inferred/subClassOf(?C, ?E) :- http://rulewerk.semantic-web.org/inferred/subClassOf(?C, ?D), http://rulewerk.semantic-web.org/normalForm/subClassOf(?D, ?E) >>>
18:45:02 [INFO] Execution step: Body
18:45:02 [INFO] Saved temporary table: 24 entries (8144)
18:45:02 [INFO] Execution step: Duplicate Elimination (Datalog)
18:45:02 [INFO] Saved permanent table http://rulewerk.semantic-web.org/inferred/subClassOf (248) Permutation { idx_to_val: [], val_to_idx: [] } with 24 entries (8192)
18:45:02 [INFO] Rule duration: 0 ms
18:45:02 [INFO] <<< STEP 249: APPLYING RULE 41 http://rulewerk.semantic-web.org/inferred/subClassOf(?C, ?E) :- http://rulewerk.semantic-web.org/inferred/subClassOf(?C, ?D), http://rulewerk.semantic-web.org/normalForm/subClassOf(?D, ?E) >>>
18:45:02 [INFO] Execution step: Body
18:45:02 [INFO] Saved temporary table: 72 entries (8336)
18:45:02 [INFO] Execution step: Duplicate Elimination (Datalog)
18:45:02 [INFO] Saved permanent table http://rulewerk.semantic-web.org/inferred/subClassOf (249) Permutation { idx_to_val: [], val_to_idx: [] } with 72 entries (8384)
18:45:02 [INFO] Rule duration: 0 ms
18:45:02 [INFO] <<< STEP 250: APPLYING RULE 41 http://rulewerk.semantic-web.org/inferred/subClassOf(?C, ?E) :- http://rulewerk.semantic-web.org/inferred/subClassOf(?C, ?D), http://rulewerk.semantic-web.org/normalForm/subClassOf(?D, ?E) >>>
18:45:02 [INFO] Execution step: Body
18:45:02 [INFO] Saved temporary table: 24 entries (8144)
18:45:02 [INFO] Execution step: Duplicate Elimination (Datalog)
18:45:02 [INFO] Saved permanent table http://rulewerk.semantic-web.org/inferred/subClassOf (250) Permutation { idx_to_val: [], val_to_idx: [] } with 24 entries (8192)
18:45:02 [INFO] Rule duration: 0 ms
18:45:02 [INFO] <<< STEP 251: APPLYING RULE 41 http://rulewerk.semantic-web.org/inferred/subClassOf(?C, ?E) :- http://rulewerk.semantic-web.org/inferred/subClassOf(?C, ?D), http://rulewerk.semantic-web.org/normalForm/subClassOf(?D, ?E) >>>
18:45:02 [INFO] Execution step: Body
18:45:02 [INFO] Saved temporary table: 24 entries (8144)
18:45:02 [INFO] Execution step: Duplicate Elimination (Datalog)
18:45:02 [INFO] Saved permanent table http://rulewerk.semantic-web.org/inferred/subClassOf (251) Permutation { idx_to_val: [], val_to_idx: [] } with 24 entries (8192)
18:45:02 [INFO] Rule duration: 0 ms
18:45:02 [INFO] <<< STEP 252: APPLYING RULE 41 http://rulewerk.semantic-web.org/inferred/subClassOf(?C, ?E) :- http://rulewerk.semantic-web.org/inferred/subClassOf(?C, ?D), http://rulewerk.semantic-web.org/normalForm/subClassOf(?D, ?E) >>>
18:45:02 [INFO] Execution step: Body
18:45:02 [INFO] Saved temporary table: 24 entries (8144)
18:45:02 [INFO] Execution step: Duplicate Elimination (Datalog)
18:45:02 [INFO] Saved permanent table http://rulewerk.semantic-web.org/inferred/subClassOf (252) Permutation { idx_to_val: [], val_to_idx: [] } with 24 entries (8192)
18:45:02 [INFO] Rule duration: 0 ms
18:45:02 [INFO] <<< STEP 253: APPLYING RULE 41 http://rulewerk.semantic-web.org/inferred/subClassOf(?C, ?E) :- http://rulewerk.semantic-web.org/inferred/subClassOf(?C, ?D), http://rulewerk.semantic-web.org/normalForm/subClassOf(?D, ?E) >>>
18:45:02 [INFO] Execution step: Body
18:45:02 [INFO] Trie does not contain any elements
18:45:02 [INFO] Execution step: Duplicate Elimination (Datalog)
18:45:02 [INFO] Trie does not contain any elements
18:45:02 [INFO] Rule duration: 0 ms
18:45:02 [INFO] <<< STEP 254: APPLYING RULE 42 http://rulewerk.semantic-web.org/inferred/subClassOf(?E, "<http://www.w3.org/2002/07/owl#Nothing>") :- http://rulewerk.semantic-web.org/inferred/ex(?E, ?R, ?C), http://rulewerk.semantic-web.org/inferred/subClassOf(?C, ?_BODY_1), Equal(?_BODY_1, "<http://www.w3.org/2002/07/owl#Nothing>") >>>
18:45:02 [INFO] Execution step: Body
18:45:02 [INFO] Trie does not contain any elements
18:45:02 [INFO] Execution step: Duplicate Elimination (Datalog)
18:45:02 [INFO] Trie does not contain any elements
18:45:02 [INFO] Rule duration: 135 ms
18:45:02 [INFO] <<< STEP 255: APPLYING RULE 33 http://rulewerk.semantic-web.org/inferred/init(?C) :- http://rulewerk.semantic-web.org/inferred/ex(?E, ?R, ?C) >>>
18:45:02 [INFO] Execution step: Body
18:45:02 [INFO] Saved temporary table: 3323 entries (16692)
18:45:02 [INFO] Execution step: Duplicate Elimination (Datalog)
18:45:02 [INFO] Saved permanent table http://rulewerk.semantic-web.org/inferred/init (255) Permutation { idx_to_val: [], val_to_idx: [] } with 335 entries (4788)
18:45:02 [INFO] Rule duration: 20 ms
18:45:02 [INFO] <<< STEP 256: APPLYING RULE 34 http://rulewerk.semantic-web.org/inferred/subClassOf(?C, ?C) :- http://rulewerk.semantic-web.org/inferred/init(?C) >>>
18:45:02 [INFO] Execution step: Body
18:45:02 [INFO] Saved temporary table: 335 entries (4740)
18:45:02 [INFO] Execution step: Duplicate Elimination (Datalog)
18:45:02 [INFO] Saved permanent table http://rulewerk.semantic-web.org/inferred/subClassOf (256) Permutation { idx_to_val: [], val_to_idx: [] } with 335 entries (9916)
18:45:02 [INFO] Rule duration: 0 ms
18:45:02 [INFO] <<< STEP 257: APPLYING RULE 36 http://rulewerk.semantic-web.org/inferred/subClassOf(?C, ?D1), http://rulewerk.semantic-web.org/inferred/subClassOf(?C, ?D2) :- http://rulewerk.semantic-web.org/inferred/subClassOf(?C, ?Y), http://rulewerk.semantic-web.org/normalForm/conj(?Y, ?D1, ?D2) >>>
18:45:02 [INFO] Execution step: Body
18:45:02 [INFO] Saved temporary table: 31368 entries (333554)
18:45:02 [INFO] Saved temporary table: 47733 entries (399014)
18:45:02 [INFO] Execution step: Duplicate Elimination (Datalog)
18:45:02 [INFO] Saved permanent table http://rulewerk.semantic-web.org/inferred/subClassOf (257) Permutation { idx_to_val: [], val_to_idx: [] } with 5435 entries (63406)
18:45:02 [INFO] Rule duration: 196 ms
18:45:02 [INFO] <<< STEP 258: APPLYING RULE 36 http://rulewerk.semantic-web.org/inferred/subClassOf(?C, ?D1), http://rulewerk.semantic-web.org/inferred/subClassOf(?C, ?D2) :- http://rulewerk.semantic-web.org/inferred/subClassOf(?C, ?Y), http://rulewerk.semantic-web.org/normalForm/conj(?Y, ?D1, ?D2) >>>
18:45:02 [INFO] Execution step: Body
18:45:02 [INFO] Saved temporary table: 330 entries (9828)
18:45:02 [INFO] Saved temporary table: 330 entries (9828)
18:45:02 [INFO] Execution step: Duplicate Elimination (Datalog)
18:45:02 [INFO] Saved permanent table http://rulewerk.semantic-web.org/inferred/subClassOf (258) Permutation { idx_to_val: [], val_to_idx: [] } with 576 entries (13442)
18:45:02 [INFO] Rule duration: 4 ms
18:45:02 [INFO] Execution step: Combining Tables
18:45:02 [INFO] Saved permanent table http://rulewerk.semantic-web.org/inferred/subClassOf (249-260) Permutation { idx_to_val: [], val_to_idx: [] } with 6490 entries (67914)
18:45:02 [INFO] <<< STEP 259: APPLYING RULE 36 http://rulewerk.semantic-web.org/inferred/subClassOf(?C, ?D1), http://rulewerk.semantic-web.org/inferred/subClassOf(?C, ?D2) :- http://rulewerk.semantic-web.org/inferred/subClassOf(?C, ?Y), http://rulewerk.semantic-web.org/normalForm/conj(?Y, ?D1, ?D2) >>>
18:45:02 [INFO] Execution step: Body
18:45:02 [INFO] Saved temporary table: 45 entries (9320)
18:45:02 [INFO] Saved temporary table: 45 entries (9320)
18:45:02 [INFO] Execution step: Duplicate Elimination (Datalog)
18:45:02 [INFO] Saved permanent table http://rulewerk.semantic-web.org/inferred/subClassOf (259) Permutation { idx_to_val: [], val_to_idx: [] } with 76 entries (9492)
18:45:02 [INFO] Rule duration: 1 ms
18:45:02 [INFO] <<< STEP 260: APPLYING RULE 36 http://rulewerk.semantic-web.org/inferred/subClassOf(?C, ?D1), http://rulewerk.semantic-web.org/inferred/subClassOf(?C, ?D2) :- http://rulewerk.semantic-web.org/inferred/subClassOf(?C, ?Y), http://rulewerk.semantic-web.org/normalForm/conj(?Y, ?D1, ?D2) >>>
18:45:02 [INFO] Execution step: Body
18:45:02 [INFO] Saved temporary table: 2 entries (6912)
18:45:02 [INFO] Saved temporary table: 2 entries (6912)
18:45:02 [INFO] Execution step: Duplicate Elimination (Datalog)
18:45:02 [INFO] Saved permanent table http://rulewerk.semantic-web.org/inferred/subClassOf (260) Permutation { idx_to_val: [], val_to_idx: [] } with 3 entries (6964)
18:45:02 [INFO] Rule duration: 0 ms
18:45:02 [INFO] <<< STEP 261: APPLYING RULE 36 http://rulewerk.semantic-web.org/inferred/subClassOf(?C, ?D1), http://rulewerk.semantic-web.org/inferred/subClassOf(?C, ?D2) :- http://rulewerk.semantic-web.org/inferred/subClassOf(?C, ?Y), http://rulewerk.semantic-web.org/normalForm/conj(?Y, ?D1, ?D2) >>>
18:45:02 [INFO] Execution step: Body
18:45:02 [INFO] Trie does not contain any elements
18:45:02 [INFO] Trie does not contain any elements
18:45:02 [INFO] Execution step: Duplicate Elimination (Datalog)
18:45:02 [INFO] Trie does not contain any elements
18:45:02 [INFO] Rule duration: 0 ms
18:45:02 [INFO] <<< STEP 262: APPLYING RULE 37 http://rulewerk.semantic-web.org/inferred/subClassOf(?C, ?I) :- http://rulewerk.semantic-web.org/inferred/subClassOf(?C, ?D1), http://rulewerk.semantic-web.org/inferred/subClassOf(?C, ?D2), http://rulewerk.semantic-web.org/normalForm/conj(?I, ?D1, ?D2), http://rulewerk.semantic-web.org/normalForm/isSubClass(?I) >>>
18:45:02 [INFO] Execution step: Body
18:45:02 [INFO] Saved temporary table: 54925 entries (390138)
18:45:02 [INFO] Execution step: Duplicate Elimination (Datalog)
18:45:02 [INFO] Saved permanent table http://rulewerk.semantic-web.org/inferred/subClassOf (262) Permutation { idx_to_val: [], val_to_idx: [] } with 51723 entries (364550)
18:45:02 [INFO] Rule duration: 270 ms
18:45:02 [INFO] <<< STEP 263: APPLYING RULE 37 http://rulewerk.semantic-web.org/inferred/subClassOf(?C, ?I) :- http://rulewerk.semantic-web.org/inferred/subClassOf(?C, ?D1), http://rulewerk.semantic-web.org/inferred/subClassOf(?C, ?D2), http://rulewerk.semantic-web.org/normalForm/conj(?I, ?D1, ?D2), http://rulewerk.semantic-web.org/normalForm/isSubClass(?I) >>>
18:45:02 [INFO] Execution step: Body
18:45:03 [INFO] Saved temporary table: 2751 entries (44978)
18:45:03 [INFO] Execution step: Duplicate Elimination (Datalog)
18:45:03 [INFO] Saved permanent table http://rulewerk.semantic-web.org/inferred/subClassOf (263) Permutation { idx_to_val: [], val_to_idx: [] } with 2751 entries (45026)
18:45:03 [INFO] Rule duration: 76 ms
18:45:03 [INFO] <<< STEP 264: APPLYING RULE 37 http://rulewerk.semantic-web.org/inferred/subClassOf(?C, ?I) :- http://rulewerk.semantic-web.org/inferred/subClassOf(?C, ?D1), http://rulewerk.semantic-web.org/inferred/subClassOf(?C, ?D2), http://rulewerk.semantic-web.org/normalForm/conj(?I, ?D1, ?D2), http://rulewerk.semantic-web.org/normalForm/isSubClass(?I) >>>
18:45:03 [INFO] Execution step: Body
18:45:03 [INFO] Saved temporary table: 40 entries (8728)
18:45:03 [INFO] Execution step: Duplicate Elimination (Datalog)
18:45:03 [INFO] Saved permanent table http://rulewerk.semantic-web.org/inferred/subClassOf (264) Permutation { idx_to_val: [], val_to_idx: [] } with 40 entries (8776)
18:45:03 [INFO] Rule duration: 20 ms
18:45:03 [INFO] <<< STEP 265: APPLYING RULE 37 http://rulewerk.semantic-web.org/inferred/subClassOf(?C, ?I) :- http://rulewerk.semantic-web.org/inferred/subClassOf(?C, ?D1), http://rulewerk.semantic-web.org/inferred/subClassOf(?C, ?D2), http://rulewerk.semantic-web.org/normalForm/conj(?I, ?D1, ?D2), http://rulewerk.semantic-web.org/normalForm/isSubClass(?I) >>>
18:45:03 [INFO] Execution step: Body
18:45:03 [INFO] Trie does not contain any elements
18:45:03 [INFO] Execution step: Duplicate Elimination (Datalog)
18:45:03 [INFO] Trie does not contain any elements
18:45:03 [INFO] Rule duration: 10 ms
18:45:03 [INFO] <<< STEP 266: APPLYING RULE 38 http://rulewerk.semantic-web.org/inferred/ex(?E, ?R, ?C) :- http://rulewerk.semantic-web.org/inferred/subClassOf(?E, ?Y), http://rulewerk.semantic-web.org/normalForm/exists(?Y, ?R, ?C) >>>
18:45:03 [INFO] Execution step: Body
18:45:03 [INFO] Saved temporary table: 69041 entries (1021508)
18:45:03 [INFO] Execution step: Duplicate Elimination (Datalog)
18:45:03 [INFO] Saved permanent table http://rulewerk.semantic-web.org/inferred/ex (266) Permutation { idx_to_val: [], val_to_idx: [] } with 69041 entries (1021556)
18:45:03 [INFO] Rule duration: 52 ms
18:45:03 [INFO] <<< STEP 267: APPLYING RULE 39 http://rulewerk.semantic-web.org/inferred/subClassOf(?E, ?Y) :- http://rulewerk.semantic-web.org/inferred/ex(?E, ?R, ?C), http://rulewerk.semantic-web.org/inferred/subClassOf(?C, ?D), http://rulewerk.semantic-web.org/normalForm/subProp(?R, ?S), http://rulewerk.semantic-web.org/normalForm/exists(?Y, ?S, ?D), http://rulewerk.semantic-web.org/normalForm/isSubClass(?Y) >>>
18:45:03 [INFO] Execution step: Body
18:45:03 [INFO] Saved temporary table: 137794 entries (760830)
18:45:03 [INFO] Execution step: Duplicate Elimination (Datalog)
18:45:03 [INFO] Saved permanent table http://rulewerk.semantic-web.org/inferred/subClassOf (267) Permutation { idx_to_val: [], val_to_idx: [] } with 58001 entries (395542)
18:45:03 [INFO] Rule duration: 476 ms
18:45:03 [INFO] <<< STEP 268: APPLYING RULE 39 http://rulewerk.semantic-web.org/inferred/subClassOf(?E, ?Y) :- http://rulewerk.semantic-web.org/inferred/ex(?E, ?R, ?C), http://rulewerk.semantic-web.org/inferred/subClassOf(?C, ?D), http://rulewerk.semantic-web.org/normalForm/subProp(?R, ?S), http://rulewerk.semantic-web.org/normalForm/exists(?Y, ?S, ?D), http://rulewerk.semantic-web.org/normalForm/isSubClass(?Y) >>>
18:45:03 [INFO] Execution step: Body
18:45:03 [INFO] Trie does not contain any elements
18:45:03 [INFO] Execution step: Duplicate Elimination (Datalog)
18:45:03 [INFO] Trie does not contain any elements
18:45:03 [INFO] Rule duration: 21 ms
18:45:03 [INFO] <<< STEP 269: APPLYING RULE 40 http://rulewerk.semantic-web.org/inferred/ex(?E, ?S, ?D) :- http://rulewerk.semantic-web.org/inferred/ex(?E, ?R1, ?C), http://rulewerk.semantic-web.org/inferred/ex(?C, ?R2, ?D), http://rulewerk.semantic-web.org/normalForm/subProp(?R1, ?S1), http://rulewerk.semantic-web.org/normalForm/subProp(?R2, ?S2), http://rulewerk.semantic-web.org/normalForm/subPropChain(?S1, ?S2, ?S) >>>
18:45:03 [INFO] Execution step: Body
18:45:03 [INFO] Trie does not contain any elements
18:45:03 [INFO] Execution step: Duplicate Elimination (Datalog)
18:45:03 [INFO] Trie does not contain any elements
18:45:03 [INFO] Rule duration: 39 ms
18:45:03 [INFO] <<< STEP 270: APPLYING RULE 41 http://rulewerk.semantic-web.org/inferred/subClassOf(?C, ?E) :- http://rulewerk.semantic-web.org/inferred/subClassOf(?C, ?D), http://rulewerk.semantic-web.org/normalForm/subClassOf(?D, ?E) >>>
18:45:03 [INFO] Execution step: Body
18:45:03 [INFO] Saved temporary table: 48888 entries (357530)
18:45:03 [INFO] Execution step: Duplicate Elimination (Datalog)
18:45:03 [INFO] Saved permanent table http://rulewerk.semantic-web.org/inferred/subClassOf (270) Permutation { idx_to_val: [], val_to_idx: [] } with 48872 entries (357514)
18:45:03 [INFO] Rule duration: 86 ms
18:45:03 [INFO] <<< STEP 271: APPLYING RULE 41 http://rulewerk.semantic-web.org/inferred/subClassOf(?C, ?E) :- http://rulewerk.semantic-web.org/inferred/subClassOf(?C, ?D), http://rulewerk.semantic-web.org/normalForm/subClassOf(?D, ?E) >>>
18:45:03 [INFO] Execution step: Body
18:45:03 [INFO] Saved temporary table: 55358 entries (383410)
18:45:03 [INFO] Execution step: Duplicate Elimination (Datalog)
18:45:03 [INFO] Saved permanent table http://rulewerk.semantic-web.org/inferred/subClassOf (271) Permutation { idx_to_val: [], val_to_idx: [] } with 7206 entries (88238)
18:45:03 [INFO] Rule duration: 152 ms
18:45:03 [INFO] Execution step: Combining Tables
18:45:03 [INFO] Saved permanent table http://rulewerk.semantic-web.org/inferred/subClassOf (260-273) Permutation { idx_to_val: [], val_to_idx: [] } with 168596 entries (872518)
18:45:03 [INFO] <<< STEP 272: APPLYING RULE 41 http://rulewerk.semantic-web.org/inferred/subClassOf(?C, ?E) :- http://rulewerk.semantic-web.org/inferred/subClassOf(?C, ?D), http://rulewerk.semantic-web.org/normalForm/subClassOf(?D, ?E) >>>
18:45:03 [INFO] Execution step: Body
18:45:03 [INFO] Saved temporary table: 2747 entries (42082)
18:45:03 [INFO] Execution step: Duplicate Elimination (Datalog)
18:45:03 [INFO] Saved permanent table http://rulewerk.semantic-web.org/inferred/subClassOf (272) Permutation { idx_to_val: [], val_to_idx: [] } with 2439 entries (40322)
18:45:03 [INFO] Rule duration: 11 ms
18:45:03 [INFO] <<< STEP 273: APPLYING RULE 41 http://rulewerk.semantic-web.org/inferred/subClassOf(?C, ?E) :- http://rulewerk.semantic-web.org/inferred/subClassOf(?C, ?D), http://rulewerk.semantic-web.org/normalForm/subClassOf(?D, ?E) >>>
18:45:03 [INFO] Execution step: Body
18:45:03 [INFO] Saved temporary table: 4224 entries (47294)
18:45:03 [INFO] Execution step: Duplicate Elimination (Datalog)
18:45:03 [INFO] Saved permanent table http://rulewerk.semantic-web.org/inferred/subClassOf (273) Permutation { idx_to_val: [], val_to_idx: [] } with 4185 entries (47138)
18:45:03 [INFO] Rule duration: 16 ms
18:45:03 [INFO] <<< STEP 274: APPLYING RULE 41 http://rulewerk.semantic-web.org/inferred/subClassOf(?C, ?E) :- http://rulewerk.semantic-web.org/inferred/subClassOf(?C, ?D), http://rulewerk.semantic-web.org/normalForm/subClassOf(?D, ?E) >>>
18:45:03 [INFO] Execution step: Body
18:45:03 [INFO] Saved temporary table: 2431 entries (39978)
18:45:03 [INFO] Execution step: Duplicate Elimination (Datalog)
18:45:03 [INFO] Saved permanent table http://rulewerk.semantic-web.org/inferred/subClassOf (274) Permutation { idx_to_val: [], val_to_idx: [] } with 2342 entries (39646)
18:45:03 [INFO] Rule duration: 15 ms
18:45:03 [INFO] <<< STEP 275: APPLYING RULE 41 http://rulewerk.semantic-web.org/inferred/subClassOf(?C, ?E) :- http://rulewerk.semantic-web.org/inferred/subClassOf(?C, ?D), http://rulewerk.semantic-web.org/normalForm/subClassOf(?D, ?E) >>>
18:45:03 [INFO] Execution step: Body
18:45:03 [INFO] Saved temporary table: 2019 entries (37094)
18:45:03 [INFO] Execution step: Duplicate Elimination (Datalog)
18:45:03 [INFO] Saved permanent table http://rulewerk.semantic-web.org/inferred/subClassOf (275) Permutation { idx_to_val: [], val_to_idx: [] } with 1966 entries (36930)
18:45:03 [INFO] Rule duration: 13 ms
18:45:03 [INFO] <<< STEP 276: APPLYING RULE 41 http://rulewerk.semantic-web.org/inferred/subClassOf(?C, ?E) :- http://rulewerk.semantic-web.org/inferred/subClassOf(?C, ?D), http://rulewerk.semantic-web.org/normalForm/subClassOf(?D, ?E) >>>
18:45:03 [INFO] Execution step: Body
18:45:03 [INFO] Saved temporary table: 1875 entries (34886)
18:45:03 [INFO] Execution step: Duplicate Elimination (Datalog)
18:45:03 [INFO] Saved permanent table http://rulewerk.semantic-web.org/inferred/subClassOf (276) Permutation { idx_to_val: [], val_to_idx: [] } with 1783 entries (34566)
18:45:03 [INFO] Rule duration: 13 ms
18:45:03 [INFO] <<< STEP 277: APPLYING RULE 41 http://rulewerk.semantic-web.org/inferred/subClassOf(?C, ?E) :- http://rulewerk.semantic-web.org/inferred/subClassOf(?C, ?D), http://rulewerk.semantic-web.org/normalForm/subClassOf(?D, ?E) >>>
18:45:03 [INFO] Execution step: Body
18:45:03 [INFO] Saved temporary table: 545 entries (15442)
18:45:03 [INFO] Execution step: Duplicate Elimination (Datalog)
18:45:03 [INFO] Saved permanent table http://rulewerk.semantic-web.org/inferred/subClassOf (277) Permutation { idx_to_val: [], val_to_idx: [] } with 535 entries (15450)
18:45:03 [INFO] Rule duration: 5 ms
18:45:03 [INFO] <<< STEP 278: APPLYING RULE 41 http://rulewerk.semantic-web.org/inferred/subClassOf(?C, ?E) :- http://rulewerk.semantic-web.org/inferred/subClassOf(?C, ?D), http://rulewerk.semantic-web.org/normalForm/subClassOf(?D, ?E) >>>
18:45:03 [INFO] Execution step: Body
18:45:03 [INFO] Saved temporary table: 397 entries (11994)
18:45:03 [INFO] Execution step: Duplicate Elimination (Datalog)
18:45:03 [INFO] Saved permanent table http://rulewerk.semantic-web.org/inferred/subClassOf (278) Permutation { idx_to_val: [], val_to_idx: [] } with 397 entries (12042)
18:45:03 [INFO] Rule duration: 3 ms
18:45:03 [INFO] <<< STEP 279: APPLYING RULE 41 http://rulewerk.semantic-web.org/inferred/subClassOf(?C, ?E) :- http://rulewerk.semantic-web.org/inferred/subClassOf(?C, ?D), http://rulewerk.semantic-web.org/normalForm/subClassOf(?D, ?E) >>>
18:45:03 [INFO] Execution step: Body
18:45:03 [INFO] Saved temporary table: 258 entries (10826)
18:45:03 [INFO] Execution step: Duplicate Elimination (Datalog)
18:45:03 [INFO] Saved permanent table http://rulewerk.semantic-web.org/inferred/subClassOf (279) Permutation { idx_to_val: [], val_to_idx: [] } with 258 entries (10874)
18:45:03 [INFO] Rule duration: 2 ms
18:45:03 [INFO] Execution step: Combining Tables
18:45:03 [INFO] Saved permanent table http://rulewerk.semantic-web.org/inferred/subClassOf (273-281) Permutation { idx_to_val: [], val_to_idx: [] } with 11466 entries (76262)
18:45:03 [INFO] <<< STEP 280: APPLYING RULE 41 http://rulewerk.semantic-web.org/inferred/subClassOf(?C, ?E) :- http://rulewerk.semantic-web.org/inferred/subClassOf(?C, ?D), http://rulewerk.semantic-web.org/normalForm/subClassOf(?D, ?E) >>>
18:45:03 [INFO] Execution step: Body
18:45:03 [INFO] Saved temporary table: 99 entries (8690)
18:45:03 [INFO] Execution step: Duplicate Elimination (Datalog)
18:45:03 [INFO] Saved permanent table http://rulewerk.semantic-web.org/inferred/subClassOf (280) Permutation { idx_to_val: [], val_to_idx: [] } with 99 entries (8738)
18:45:03 [INFO] Rule duration: 1 ms
18:45:03 [INFO] <<< STEP 281: APPLYING RULE 41 http://rulewerk.semantic-web.org/inferred/subClassOf(?C, ?E) :- http://rulewerk.semantic-web.org/inferred/subClassOf(?C, ?D), http://rulewerk.semantic-web.org/normalForm/subClassOf(?D, ?E) >>>
18:45:04 [INFO] Execution step: Body
18:45:04 [INFO] Saved temporary table: 85 entries (7868)
18:45:04 [INFO] Execution step: Duplicate Elimination (Datalog)
18:45:04 [INFO] Saved permanent table http://rulewerk.semantic-web.org/inferred/subClassOf (281) Permutation { idx_to_val: [], val_to_idx: [] } with 85 entries (7916)
18:45:04 [INFO] Rule duration: 1 ms
18:45:04 [INFO] <<< STEP 282: APPLYING RULE 41 http://rulewerk.semantic-web.org/inferred/subClassOf(?C, ?E) :- http://rulewerk.semantic-web.org/inferred/subClassOf(?C, ?D), http://rulewerk.semantic-web.org/normalForm/subClassOf(?D, ?E) >>>
18:45:04 [INFO] Execution step: Body
18:45:04 [INFO] Saved temporary table: 21 entries (7976)
18:45:04 [INFO] Execution step: Duplicate Elimination (Datalog)
18:45:04 [INFO] Saved permanent table http://rulewerk.semantic-web.org/inferred/subClassOf (282) Permutation { idx_to_val: [], val_to_idx: [] } with 21 entries (8024)
18:45:04 [INFO] Rule duration: 0 ms
18:45:04 [INFO] <<< STEP 283: APPLYING RULE 41 http://rulewerk.semantic-web.org/inferred/subClassOf(?C, ?E) :- http://rulewerk.semantic-web.org/inferred/subClassOf(?C, ?D), http://rulewerk.semantic-web.org/normalForm/subClassOf(?D, ?E) >>>
18:45:04 [INFO] Execution step: Body
18:45:04 [INFO] Saved temporary table: 3 entries (6968)
18:45:04 [INFO] Execution step: Duplicate Elimination (Datalog)
18:45:04 [INFO] Saved permanent table http://rulewerk.semantic-web.org/inferred/subClassOf (283) Permutation { idx_to_val: [], val_to_idx: [] } with 3 entries (7016)
18:45:04 [INFO] Rule duration: 0 ms
18:45:04 [INFO] <<< STEP 284: APPLYING RULE 41 http://rulewerk.semantic-web.org/inferred/subClassOf(?C, ?E) :- http://rulewerk.semantic-web.org/inferred/subClassOf(?C, ?D), http://rulewerk.semantic-web.org/normalForm/subClassOf(?D, ?E) >>>
18:45:04 [INFO] Execution step: Body
18:45:04 [INFO] Saved temporary table: 6 entries (6928)
18:45:04 [INFO] Execution step: Duplicate Elimination (Datalog)
18:45:04 [INFO] Saved permanent table http://rulewerk.semantic-web.org/inferred/subClassOf (284) Permutation { idx_to_val: [], val_to_idx: [] } with 6 entries (6976)
18:45:04 [INFO] Rule duration: 0 ms
18:45:04 [INFO] <<< STEP 285: APPLYING RULE 41 http://rulewerk.semantic-web.org/inferred/subClassOf(?C, ?E) :- http://rulewerk.semantic-web.org/inferred/subClassOf(?C, ?D), http://rulewerk.semantic-web.org/normalForm/subClassOf(?D, ?E) >>>
18:45:04 [INFO] Execution step: Body
18:45:04 [INFO] Saved temporary table: 2 entries (6912)
18:45:04 [INFO] Execution step: Duplicate Elimination (Datalog)
18:45:04 [INFO] Saved permanent table http://rulewerk.semantic-web.org/inferred/subClassOf (285) Permutation { idx_to_val: [], val_to_idx: [] } with 2 entries (6960)
18:45:04 [INFO] Rule duration: 0 ms
18:45:04 [INFO] <<< STEP 286: APPLYING RULE 41 http://rulewerk.semantic-web.org/inferred/subClassOf(?C, ?E) :- http://rulewerk.semantic-web.org/inferred/subClassOf(?C, ?D), http://rulewerk.semantic-web.org/normalForm/subClassOf(?D, ?E) >>>
18:45:04 [INFO] Execution step: Body
18:45:04 [INFO] Saved temporary table: 2 entries (6912)
18:45:04 [INFO] Execution step: Duplicate Elimination (Datalog)
18:45:04 [INFO] Saved permanent table http://rulewerk.semantic-web.org/inferred/subClassOf (286) Permutation { idx_to_val: [], val_to_idx: [] } with 2 entries (6960)
18:45:04 [INFO] Rule duration: 0 ms
18:45:04 [INFO] <<< STEP 287: APPLYING RULE 41 http://rulewerk.semantic-web.org/inferred/subClassOf(?C, ?E) :- http://rulewerk.semantic-web.org/inferred/subClassOf(?C, ?D), http://rulewerk.semantic-web.org/normalForm/subClassOf(?D, ?E) >>>
18:45:04 [INFO] Execution step: Body
18:45:04 [INFO] Saved temporary table: 6 entries (6928)
18:45:04 [INFO] Execution step: Duplicate Elimination (Datalog)
18:45:04 [INFO] Saved permanent table http://rulewerk.semantic-web.org/inferred/subClassOf (287) Permutation { idx_to_val: [], val_to_idx: [] } with 6 entries (6976)
18:45:04 [INFO] Rule duration: 0 ms
18:45:04 [INFO] Execution step: Combining Tables
18:45:04 [INFO] Saved permanent table http://rulewerk.semantic-web.org/inferred/subClassOf (281-289) Permutation { idx_to_val: [], val_to_idx: [] } with 125 entries (8698)
18:45:04 [INFO] <<< STEP 288: APPLYING RULE 41 http://rulewerk.semantic-web.org/inferred/subClassOf(?C, ?E) :- http://rulewerk.semantic-web.org/inferred/subClassOf(?C, ?D), http://rulewerk.semantic-web.org/normalForm/subClassOf(?D, ?E) >>>
18:45:04 [INFO] Execution step: Body
18:45:04 [INFO] Saved temporary table: 2 entries (6912)
18:45:04 [INFO] Execution step: Duplicate Elimination (Datalog)
18:45:04 [INFO] Saved permanent table http://rulewerk.semantic-web.org/inferred/subClassOf (288) Permutation { idx_to_val: [], val_to_idx: [] } with 2 entries (6960)
18:45:04 [INFO] Rule duration: 0 ms
18:45:04 [INFO] <<< STEP 289: APPLYING RULE 41 http://rulewerk.semantic-web.org/inferred/subClassOf(?C, ?E) :- http://rulewerk.semantic-web.org/inferred/subClassOf(?C, ?D), http://rulewerk.semantic-web.org/normalForm/subClassOf(?D, ?E) >>>
18:45:04 [INFO] Execution step: Body
18:45:04 [INFO] Saved temporary table: 2 entries (6912)
18:45:04 [INFO] Execution step: Duplicate Elimination (Datalog)
18:45:04 [INFO] Saved permanent table http://rulewerk.semantic-web.org/inferred/subClassOf (289) Permutation { idx_to_val: [], val_to_idx: [] } with 2 entries (6960)
18:45:04 [INFO] Rule duration: 0 ms
18:45:04 [INFO] <<< STEP 290: APPLYING RULE 41 http://rulewerk.semantic-web.org/inferred/subClassOf(?C, ?E) :- http://rulewerk.semantic-web.org/inferred/subClassOf(?C, ?D), http://rulewerk.semantic-web.org/normalForm/subClassOf(?D, ?E) >>>
18:45:04 [INFO] Execution step: Body
18:45:04 [INFO] Saved temporary table: 2 entries (6912)
18:45:04 [INFO] Execution step: Duplicate Elimination (Datalog)
18:45:04 [INFO] Saved permanent table http://rulewerk.semantic-web.org/inferred/subClassOf (290) Permutation { idx_to_val: [], val_to_idx: [] } with 2 entries (6960)
18:45:04 [INFO] Rule duration: 0 ms
18:45:04 [INFO] <<< STEP 291: APPLYING RULE 41 http://rulewerk.semantic-web.org/inferred/subClassOf(?C, ?E) :- http://rulewerk.semantic-web.org/inferred/subClassOf(?C, ?D), http://rulewerk.semantic-web.org/normalForm/subClassOf(?D, ?E) >>>
18:45:04 [INFO] Execution step: Body
18:45:04 [INFO] Trie does not contain any elements
18:45:04 [INFO] Execution step: Duplicate Elimination (Datalog)
18:45:04 [INFO] Trie does not contain any elements
18:45:04 [INFO] Rule duration: 0 ms
18:45:04 [INFO] <<< STEP 292: APPLYING RULE 42 http://rulewerk.semantic-web.org/inferred/subClassOf(?E, "<http://www.w3.org/2002/07/owl#Nothing>") :- http://rulewerk.semantic-web.org/inferred/ex(?E, ?R, ?C), http://rulewerk.semantic-web.org/inferred/subClassOf(?C, ?_BODY_1), Equal(?_BODY_1, "<http://www.w3.org/2002/07/owl#Nothing>") >>>
18:45:04 [INFO] Execution step: Body
18:45:04 [INFO] Trie does not contain any elements
18:45:04 [INFO] Execution step: Duplicate Elimination (Datalog)
18:45:04 [INFO] Trie does not contain any elements
18:45:04 [INFO] Rule duration: 125 ms
18:45:04 [INFO] <<< STEP 293: APPLYING RULE 33 http://rulewerk.semantic-web.org/inferred/init(?C) :- http://rulewerk.semantic-web.org/inferred/ex(?E, ?R, ?C) >>>
18:45:04 [INFO] Execution step: Body
18:45:04 [INFO] Saved temporary table: 1677 entries (10108)
18:45:04 [INFO] Execution step: Duplicate Elimination (Datalog)
18:45:04 [INFO] Saved permanent table http://rulewerk.semantic-web.org/inferred/init (293) Permutation { idx_to_val: [], val_to_idx: [] } with 92 entries (3816)
18:45:04 [INFO] Rule duration: 24 ms
18:45:04 [INFO] <<< STEP 294: APPLYING RULE 34 http://rulewerk.semantic-web.org/inferred/subClassOf(?C, ?C) :- http://rulewerk.semantic-web.org/inferred/init(?C) >>>
18:45:04 [INFO] Execution step: Body
18:45:04 [INFO] Saved temporary table: 92 entries (3768)
18:45:04 [INFO] Execution step: Duplicate Elimination (Datalog)
18:45:04 [INFO] Saved permanent table http://rulewerk.semantic-web.org/inferred/subClassOf (294) Permutation { idx_to_val: [], val_to_idx: [] } with 92 entries (7972)
18:45:04 [INFO] Rule duration: 0 ms
18:45:04 [INFO] <<< STEP 295: APPLYING RULE 36 http://rulewerk.semantic-web.org/inferred/subClassOf(?C, ?D1), http://rulewerk.semantic-web.org/inferred/subClassOf(?C, ?D2) :- http://rulewerk.semantic-web.org/inferred/subClassOf(?C, ?Y), http://rulewerk.semantic-web.org/normalForm/conj(?Y, ?D1, ?D2) >>>
18:45:04 [INFO] Execution step: Body
18:45:04 [INFO] Saved temporary table: 31710 entries (292034)
18:45:04 [INFO] Saved temporary table: 45444 entries (346970)
18:45:04 [INFO] Execution step: Duplicate Elimination (Datalog)
18:45:04 [INFO] Saved permanent table http://rulewerk.semantic-web.org/inferred/subClassOf (295) Permutation { idx_to_val: [], val_to_idx: [] } with 1875 entries (26534)
18:45:04 [INFO] Rule duration: 211 ms
18:45:04 [INFO] <<< STEP 296: APPLYING RULE 36 http://rulewerk.semantic-web.org/inferred/subClassOf(?C, ?D1), http://rulewerk.semantic-web.org/inferred/subClassOf(?C, ?D2) :- http://rulewerk.semantic-web.org/inferred/subClassOf(?C, ?Y), http://rulewerk.semantic-web.org/normalForm/conj(?Y, ?D1, ?D2) >>>
18:45:04 [INFO] Execution step: Body
18:45:04 [INFO] Saved temporary table: 50 entries (7588)
18:45:04 [INFO] Saved temporary table: 50 entries (7588)
18:45:04 [INFO] Execution step: Duplicate Elimination (Datalog)
18:45:04 [INFO] Saved permanent table http://rulewerk.semantic-web.org/inferred/subClassOf (296) Permutation { idx_to_val: [], val_to_idx: [] } with 86 entries (8122)
18:45:04 [INFO] Rule duration: 2 ms
18:45:04 [INFO] <<< STEP 297: APPLYING RULE 36 http://rulewerk.semantic-web.org/inferred/subClassOf(?C, ?D1), http://rulewerk.semantic-web.org/inferred/subClassOf(?C, ?D2) :- http://rulewerk.semantic-web.org/inferred/subClassOf(?C, ?Y), http://rulewerk.semantic-web.org/normalForm/conj(?Y, ?D1, ?D2) >>>
18:45:04 [INFO] Execution step: Body
18:45:04 [INFO] Saved temporary table: 7 entries (7192)
18:45:04 [INFO] Saved temporary table: 7 entries (7192)
18:45:04 [INFO] Execution step: Duplicate Elimination (Datalog)
18:45:04 [INFO] Saved permanent table http://rulewerk.semantic-web.org/inferred/subClassOf (297) Permutation { idx_to_val: [], val_to_idx: [] } with 9 entries (7248)
18:45:04 [INFO] Rule duration: 1 ms
18:45:04 [INFO] <<< STEP 298: APPLYING RULE 36 http://rulewerk.semantic-web.org/inferred/subClassOf(?C, ?D1), http://rulewerk.semantic-web.org/inferred/subClassOf(?C, ?D2) :- http://rulewerk.semantic-web.org/inferred/subClassOf(?C, ?Y), http://rulewerk.semantic-web.org/normalForm/conj(?Y, ?D1, ?D2) >>>
18:45:04 [INFO] Execution step: Body
18:45:04 [INFO] Trie does not contain any elements
18:45:04 [INFO] Trie does not contain any elements
18:45:04 [INFO] Execution step: Duplicate Elimination (Datalog)
18:45:04 [INFO] Trie does not contain any elements
18:45:04 [INFO] Rule duration: 0 ms
18:45:04 [INFO] <<< STEP 299: APPLYING RULE 37 http://rulewerk.semantic-web.org/inferred/subClassOf(?C, ?I) :- http://rulewerk.semantic-web.org/inferred/subClassOf(?C, ?D1), http://rulewerk.semantic-web.org/inferred/subClassOf(?C, ?D2), http://rulewerk.semantic-web.org/normalForm/conj(?I, ?D1, ?D2), http://rulewerk.semantic-web.org/normalForm/isSubClass(?I) >>>
18:45:04 [INFO] Execution step: Body
18:45:04 [INFO] Saved temporary table: 54918 entries (353726)
18:45:04 [INFO] Execution step: Duplicate Elimination (Datalog)
18:45:04 [INFO] Saved permanent table http://rulewerk.semantic-web.org/inferred/subClassOf (299) Permutation { idx_to_val: [], val_to_idx: [] } with 53873 entries (346030)
18:45:04 [INFO] Rule duration: 283 ms
18:45:04 [INFO] Execution step: Combining Tables
18:45:04 [INFO] Saved permanent table http://rulewerk.semantic-web.org/inferred/subClassOf (289-301) Permutation { idx_to_val: [], val_to_idx: [] } with 55939 entries (357858)
18:45:04 [INFO] <<< STEP 300: APPLYING RULE 37 http://rulewerk.semantic-web.org/inferred/subClassOf(?C, ?I) :- http://rulewerk.semantic-web.org/inferred/subClassOf(?C, ?D1), http://rulewerk.semantic-web.org/inferred/subClassOf(?C, ?D2), http://rulewerk.semantic-web.org/normalForm/conj(?I, ?D1, ?D2), http://rulewerk.semantic-web.org/normalForm/isSubClass(?I) >>>
18:45:04 [INFO] Execution step: Body
18:45:04 [INFO] Saved temporary table: 3356 entries (53110)
18:45:04 [INFO] Execution step: Duplicate Elimination (Datalog)
18:45:04 [INFO] Saved permanent table http://rulewerk.semantic-web.org/inferred/subClassOf (300) Permutation { idx_to_val: [], val_to_idx: [] } with 3356 entries (53158)
18:45:04 [INFO] Rule duration: 67 ms
18:45:04 [INFO] <<< STEP 301: APPLYING RULE 37 http://rulewerk.semantic-web.org/inferred/subClassOf(?C, ?I) :- http://rulewerk.semantic-web.org/inferred/subClassOf(?C, ?D1), http://rulewerk.semantic-web.org/inferred/subClassOf(?C, ?D2), http://rulewerk.semantic-web.org/normalForm/conj(?I, ?D1, ?D2), http://rulewerk.semantic-web.org/normalForm/isSubClass(?I) >>>
18:45:04 [INFO] Execution step: Body
18:45:04 [INFO] Saved temporary table: 28 entries (8264)
18:45:04 [INFO] Execution step: Duplicate Elimination (Datalog)
18:45:04 [INFO] Saved permanent table http://rulewerk.semantic-web.org/inferred/subClassOf (301) Permutation { idx_to_val: [], val_to_idx: [] } with 28 entries (8312)
18:45:04 [INFO] Rule duration: 14 ms
18:45:04 [INFO] <<< STEP 302: APPLYING RULE 37 http://rulewerk.semantic-web.org/inferred/subClassOf(?C, ?I) :- http://rulewerk.semantic-web.org/inferred/subClassOf(?C, ?D1), http://rulewerk.semantic-web.org/inferred/subClassOf(?C, ?D2), http://rulewerk.semantic-web.org/normalForm/conj(?I, ?D1, ?D2), http://rulewerk.semantic-web.org/normalForm/isSubClass(?I) >>>
18:45:04 [INFO] Execution step: Body
18:45:04 [INFO] Saved temporary table: 3 entries (6864)
18:45:04 [INFO] Execution step: Duplicate Elimination (Datalog)
18:45:04 [INFO] Saved permanent table http://rulewerk.semantic-web.org/inferred/subClassOf (302) Permutation { idx_to_val: [], val_to_idx: [] } with 3 entries (6912)
18:45:04 [INFO] Rule duration: 12 ms
18:45:04 [INFO] <<< STEP 303: APPLYING RULE 37 http://rulewerk.semantic-web.org/inferred/subClassOf(?C, ?I) :- http://rulewerk.semantic-web.org/inferred/subClassOf(?C, ?D1), http://rulewerk.semantic-web.org/inferred/subClassOf(?C, ?D2), http://rulewerk.semantic-web.org/normalForm/conj(?I, ?D1, ?D2), http://rulewerk.semantic-web.org/normalForm/isSubClass(?I) >>>
18:45:04 [INFO] Execution step: Body
18:45:04 [INFO] Trie does not contain any elements
18:45:04 [INFO] Execution step: Duplicate Elimination (Datalog)
18:45:04 [INFO] Trie does not contain any elements
18:45:04 [INFO] Rule duration: 18 ms
18:45:04 [INFO] <<< STEP 304: APPLYING RULE 38 http://rulewerk.semantic-web.org/inferred/ex(?E, ?R, ?C) :- http://rulewerk.semantic-web.org/inferred/subClassOf(?E, ?Y), http://rulewerk.semantic-web.org/normalForm/exists(?Y, ?R, ?C) >>>
18:45:04 [INFO] Execution step: Body
18:45:04 [INFO] Saved temporary table: 66419 entries (979400)
18:45:04 [INFO] Execution step: Duplicate Elimination (Datalog)
18:45:04 [INFO] Saved permanent table http://rulewerk.semantic-web.org/inferred/ex (304) Permutation { idx_to_val: [], val_to_idx: [] } with 66419 entries (979448)
18:45:04 [INFO] Rule duration: 52 ms
18:45:04 [INFO] <<< STEP 305: APPLYING RULE 39 http://rulewerk.semantic-web.org/inferred/subClassOf(?E, ?Y) :- http://rulewerk.semantic-web.org/inferred/ex(?E, ?R, ?C), http://rulewerk.semantic-web.org/inferred/subClassOf(?C, ?D), http://rulewerk.semantic-web.org/normalForm/subProp(?R, ?S), http://rulewerk.semantic-web.org/normalForm/exists(?Y, ?S, ?D), http://rulewerk.semantic-web.org/normalForm/isSubClass(?Y) >>>
18:45:04 [INFO] Execution step: Body
18:45:05 [INFO] Saved temporary table: 104301 entries (595250)
18:45:05 [INFO] Execution step: Duplicate Elimination (Datalog)
18:45:05 [INFO] Saved permanent table http://rulewerk.semantic-web.org/inferred/subClassOf (305) Permutation { idx_to_val: [], val_to_idx: [] } with 18110 entries (160162)
18:45:05 [INFO] Rule duration: 280 ms
18:45:05 [INFO] <<< STEP 306: APPLYING RULE 39 http://rulewerk.semantic-web.org/inferred/subClassOf(?E, ?Y) :- http://rulewerk.semantic-web.org/inferred/ex(?E, ?R, ?C), http://rulewerk.semantic-web.org/inferred/subClassOf(?C, ?D), http://rulewerk.semantic-web.org/normalForm/subProp(?R, ?S), http://rulewerk.semantic-web.org/normalForm/exists(?Y, ?S, ?D), http://rulewerk.semantic-web.org/normalForm/isSubClass(?Y) >>>
18:45:05 [INFO] Execution step: Body
18:45:05 [INFO] Trie does not contain any elements
18:45:05 [INFO] Execution step: Duplicate Elimination (Datalog)
18:45:05 [INFO] Trie does not contain any elements
18:45:05 [INFO] Rule duration: 6 ms
18:45:05 [INFO] <<< STEP 307: APPLYING RULE 40 http://rulewerk.semantic-web.org/inferred/ex(?E, ?S, ?D) :- http://rulewerk.semantic-web.org/inferred/ex(?E, ?R1, ?C), http://rulewerk.semantic-web.org/inferred/ex(?C, ?R2, ?D), http://rulewerk.semantic-web.org/normalForm/subProp(?R1, ?S1), http://rulewerk.semantic-web.org/normalForm/subProp(?R2, ?S2), http://rulewerk.semantic-web.org/normalForm/subPropChain(?S1, ?S2, ?S) >>>
18:45:05 [INFO] Execution step: Body
18:45:05 [INFO] Trie does not contain any elements
18:45:05 [INFO] Execution step: Duplicate Elimination (Datalog)
18:45:05 [INFO] Trie does not contain any elements
18:45:05 [INFO] Rule duration: 64 ms
18:45:05 [INFO] <<< STEP 308: APPLYING RULE 41 http://rulewerk.semantic-web.org/inferred/subClassOf(?C, ?E) :- http://rulewerk.semantic-web.org/inferred/subClassOf(?C, ?D), http://rulewerk.semantic-web.org/normalForm/subClassOf(?D, ?E) >>>
18:45:05 [INFO] Execution step: Body
18:45:05 [INFO] Saved temporary table: 46213 entries (313722)
18:45:05 [INFO] Execution step: Duplicate Elimination (Datalog)
18:45:05 [INFO] Saved permanent table http://rulewerk.semantic-web.org/inferred/subClassOf (308) Permutation { idx_to_val: [], val_to_idx: [] } with 46209 entries (313754)
18:45:05 [INFO] Rule duration: 94 ms
18:45:05 [INFO] <<< STEP 309: APPLYING RULE 41 http://rulewerk.semantic-web.org/inferred/subClassOf(?C, ?E) :- http://rulewerk.semantic-web.org/inferred/subClassOf(?C, ?D), http://rulewerk.semantic-web.org/normalForm/subClassOf(?D, ?E) >>>
18:45:05 [INFO] Execution step: Body
18:45:05 [INFO] Saved temporary table: 50609 entries (331306)
18:45:05 [INFO] Execution step: Duplicate Elimination (Datalog)
18:45:05 [INFO] Saved permanent table http://rulewerk.semantic-web.org/inferred/subClassOf (309) Permutation { idx_to_val: [], val_to_idx: [] } with 4055 entries (56674)
18:45:05 [INFO] Rule duration: 138 ms
18:45:05 [INFO] <<< STEP 310: APPLYING RULE 41 http://rulewerk.semantic-web.org/inferred/subClassOf(?C, ?E) :- http://rulewerk.semantic-web.org/inferred/subClassOf(?C, ?D), http://rulewerk.semantic-web.org/normalForm/subClassOf(?D, ?E) >>>
18:45:05 [INFO] Execution step: Body
18:45:05 [INFO] Saved temporary table: 989 entries (19990)
18:45:05 [INFO] Execution step: Duplicate Elimination (Datalog)
18:45:05 [INFO] Saved permanent table http://rulewerk.semantic-web.org/inferred/subClassOf (310) Permutation { idx_to_val: [], val_to_idx: [] } with 897 entries (19322)
18:45:05 [INFO] Rule duration: 6 ms
18:45:05 [INFO] <<< STEP 311: APPLYING RULE 41 http://rulewerk.semantic-web.org/inferred/subClassOf(?C, ?E) :- http://rulewerk.semantic-web.org/inferred/subClassOf(?C, ?D), http://rulewerk.semantic-web.org/normalForm/subClassOf(?D, ?E) >>>
18:45:05 [INFO] Execution step: Body
18:45:05 [INFO] Saved temporary table: 1692 entries (22418)
18:45:05 [INFO] Execution step: Duplicate Elimination (Datalog)
18:45:05 [INFO] Saved permanent table http://rulewerk.semantic-web.org/inferred/subClassOf (311) Permutation { idx_to_val: [], val_to_idx: [] } with 1688 entries (22450)
18:45:05 [INFO] Rule duration: 5 ms
18:45:05 [INFO] Execution step: Combining Tables
18:45:05 [INFO] Saved permanent table http://rulewerk.semantic-web.org/inferred/subClassOf (301-313) Permutation { idx_to_val: [], val_to_idx: [] } with 70990 entries (427458)
18:45:05 [INFO] <<< STEP 312: APPLYING RULE 41 http://rulewerk.semantic-web.org/inferred/subClassOf(?C, ?E) :- http://rulewerk.semantic-web.org/inferred/subClassOf(?C, ?D), http://rulewerk.semantic-web.org/normalForm/subClassOf(?D, ?E) >>>
18:45:05 [INFO] Execution step: Body
18:45:05 [INFO] Saved temporary table: 744 entries (18530)
18:45:05 [INFO] Execution step: Duplicate Elimination (Datalog)
18:45:05 [INFO] Saved permanent table http://rulewerk.semantic-web.org/inferred/subClassOf (312) Permutation { idx_to_val: [], val_to_idx: [] } with 737 entries (18550)
18:45:05 [INFO] Rule duration: 4 ms
18:45:05 [INFO] <<< STEP 313: APPLYING RULE 41 http://rulewerk.semantic-web.org/inferred/subClassOf(?C, ?E) :- http://rulewerk.semantic-web.org/inferred/subClassOf(?C, ?D), http://rulewerk.semantic-web.org/normalForm/subClassOf(?D, ?E) >>>
18:45:05 [INFO] Execution step: Body
18:45:05 [INFO] Saved temporary table: 706 entries (18198)
18:45:05 [INFO] Execution step: Duplicate Elimination (Datalog)
18:45:05 [INFO] Saved permanent table http://rulewerk.semantic-web.org/inferred/subClassOf (313) Permutation { idx_to_val: [], val_to_idx: [] } with 704 entries (18238)
18:45:05 [INFO] Rule duration: 4 ms
18:45:05 [INFO] <<< STEP 314: APPLYING RULE 41 http://rulewerk.semantic-web.org/inferred/subClassOf(?C, ?E) :- http://rulewerk.semantic-web.org/inferred/subClassOf(?C, ?D), http://rulewerk.semantic-web.org/normalForm/subClassOf(?D, ?E) >>>
18:45:05 [INFO] Execution step: Body
18:45:05 [INFO] Saved temporary table: 632 entries (16990)
18:45:05 [INFO] Execution step: Duplicate Elimination (Datalog)
18:45:05 [INFO] Saved permanent table http://rulewerk.semantic-web.org/inferred/subClassOf (314) Permutation { idx_to_val: [], val_to_idx: [] } with 619 entries (12228)
18:45:05 [INFO] Rule duration: 4 ms
18:45:05 [INFO] <<< STEP 315: APPLYING RULE 41 http://rulewerk.semantic-web.org/inferred/subClassOf(?C, ?E) :- http://rulewerk.semantic-web.org/inferred/subClassOf(?C, ?D), http://rulewerk.semantic-web.org/normalForm/subClassOf(?D, ?E) >>>
18:45:05 [INFO] Execution step: Body
18:45:05 [INFO] Saved temporary table: 102 entries (8714)
18:45:05 [INFO] Execution step: Duplicate Elimination (Datalog)
18:45:05 [INFO] Saved permanent table http://rulewerk.semantic-web.org/inferred/subClassOf (315) Permutation { idx_to_val: [], val_to_idx: [] } with 102 entries (8762)
18:45:05 [INFO] Rule duration: 1 ms
18:45:05 [INFO] <<< STEP 316: APPLYING RULE 41 http://rulewerk.semantic-web.org/inferred/subClassOf(?C, ?E) :- http://rulewerk.semantic-web.org/inferred/subClassOf(?C, ?D), http://rulewerk.semantic-web.org/normalForm/subClassOf(?D, ?E) >>>
18:45:05 [INFO] Execution step: Body
18:45:05 [INFO] Saved temporary table: 37 entries (8456)
18:45:05 [INFO] Execution step: Duplicate Elimination (Datalog)
18:45:05 [INFO] Saved permanent table http://rulewerk.semantic-web.org/inferred/subClassOf (316) Permutation { idx_to_val: [], val_to_idx: [] } with 37 entries (8504)
18:45:05 [INFO] Rule duration: 0 ms
18:45:05 [INFO] <<< STEP 317: APPLYING RULE 41 http://rulewerk.semantic-web.org/inferred/subClassOf(?C, ?E) :- http://rulewerk.semantic-web.org/inferred/subClassOf(?C, ?D), http://rulewerk.semantic-web.org/normalForm/subClassOf(?D, ?E) >>>
18:45:05 [INFO] Execution step: Body
18:45:05 [INFO] Saved temporary table: 22 entries (8032)
18:45:05 [INFO] Execution step: Duplicate Elimination (Datalog)
18:45:05 [INFO] Saved permanent table http://rulewerk.semantic-web.org/inferred/subClassOf (317) Permutation { idx_to_val: [], val_to_idx: [] } with 22 entries (8080)
18:45:05 [INFO] Rule duration: 0 ms
18:45:05 [INFO] <<< STEP 318: APPLYING RULE 41 http://rulewerk.semantic-web.org/inferred/subClassOf(?C, ?E) :- http://rulewerk.semantic-web.org/inferred/subClassOf(?C, ?D), http://rulewerk.semantic-web.org/normalForm/subClassOf(?D, ?E) >>>
18:45:05 [INFO] Execution step: Body
18:45:05 [INFO] Saved temporary table: 7 entries (7192)
18:45:05 [INFO] Execution step: Duplicate Elimination (Datalog)
18:45:05 [INFO] Saved permanent table http://rulewerk.semantic-web.org/inferred/subClassOf (318) Permutation { idx_to_val: [], val_to_idx: [] } with 7 entries (7240)
18:45:05 [INFO] Rule duration: 0 ms
18:45:05 [INFO] <<< STEP 319: APPLYING RULE 41 http://rulewerk.semantic-web.org/inferred/subClassOf(?C, ?E) :- http://rulewerk.semantic-web.org/inferred/subClassOf(?C, ?D), http://rulewerk.semantic-web.org/normalForm/subClassOf(?D, ?E) >>>
18:45:05 [INFO] Execution step: Body
18:45:05 [INFO] Saved temporary table: 5 entries (7080)
18:45:05 [INFO] Execution step: Duplicate Elimination (Datalog)
18:45:05 [INFO] Saved permanent table http://rulewerk.semantic-web.org/inferred/subClassOf (319) Permutation { idx_to_val: [], val_to_idx: [] } with 5 entries (7128)
18:45:05 [INFO] Rule duration: 0 ms
18:45:05 [INFO] Execution step: Combining Tables
18:45:05 [INFO] Saved permanent table http://rulewerk.semantic-web.org/inferred/subClassOf (313-321) Permutation { idx_to_val: [], val_to_idx: [] } with 1496 entries (21406)
18:45:05 [INFO] <<< STEP 320: APPLYING RULE 41 http://rulewerk.semantic-web.org/inferred/subClassOf(?C, ?E) :- http://rulewerk.semantic-web.org/inferred/subClassOf(?C, ?D), http://rulewerk.semantic-web.org/normalForm/subClassOf(?D, ?E) >>>
18:45:05 [INFO] Execution step: Body
18:45:05 [INFO] Saved temporary table: 1 entries (6856)
18:45:05 [INFO] Execution step: Duplicate Elimination (Datalog)
18:45:05 [INFO] Saved permanent table http://rulewerk.semantic-web.org/inferred/subClassOf (320) Permutation { idx_to_val: [], val_to_idx: [] } with 1 entries (6904)
18:45:05 [INFO] Rule duration: 0 ms
18:45:05 [INFO] <<< STEP 321: APPLYING RULE 41 http://rulewerk.semantic-web.org/inferred/subClassOf(?C, ?E) :- http://rulewerk.semantic-web.org/inferred/subClassOf(?C, ?D), http://rulewerk.semantic-web.org/normalForm/subClassOf(?D, ?E) >>>
18:45:05 [INFO] Execution step: Body
18:45:05 [INFO] Saved temporary table: 1 entries (6856)
18:45:05 [INFO] Execution step: Duplicate Elimination (Datalog)
18:45:05 [INFO] Saved permanent table http://rulewerk.semantic-web.org/inferred/subClassOf (321) Permutation { idx_to_val: [], val_to_idx: [] } with 1 entries (6904)
18:45:05 [INFO] Rule duration: 0 ms
18:45:05 [INFO] <<< STEP 322: APPLYING RULE 41 http://rulewerk.semantic-web.org/inferred/subClassOf(?C, ?E) :- http://rulewerk.semantic-web.org/inferred/subClassOf(?C, ?D), http://rulewerk.semantic-web.org/normalForm/subClassOf(?D, ?E) >>>
18:45:05 [INFO] Execution step: Body
18:45:05 [INFO] Saved temporary table: 3 entries (6864)
18:45:05 [INFO] Execution step: Duplicate Elimination (Datalog)
18:45:05 [INFO] Saved permanent table http://rulewerk.semantic-web.org/inferred/subClassOf (322) Permutation { idx_to_val: [], val_to_idx: [] } with 3 entries (6912)
18:45:05 [INFO] Rule duration: 0 ms
18:45:05 [INFO] <<< STEP 323: APPLYING RULE 41 http://rulewerk.semantic-web.org/inferred/subClassOf(?C, ?E) :- http://rulewerk.semantic-web.org/inferred/subClassOf(?C, ?D), http://rulewerk.semantic-web.org/normalForm/subClassOf(?D, ?E) >>>
18:45:05 [INFO] Execution step: Body
18:45:05 [INFO] Saved temporary table: 1 entries (6856)
18:45:05 [INFO] Execution step: Duplicate Elimination (Datalog)
18:45:05 [INFO] Saved permanent table http://rulewerk.semantic-web.org/inferred/subClassOf (323) Permutation { idx_to_val: [], val_to_idx: [] } with 1 entries (6904)
18:45:05 [INFO] Rule duration: 0 ms
18:45:05 [INFO] <<< STEP 324: APPLYING RULE 41 http://rulewerk.semantic-web.org/inferred/subClassOf(?C, ?E) :- http://rulewerk.semantic-web.org/inferred/subClassOf(?C, ?D), http://rulewerk.semantic-web.org/normalForm/subClassOf(?D, ?E) >>>
18:45:05 [INFO] Execution step: Body
18:45:05 [INFO] Saved temporary table: 1 entries (6856)
18:45:05 [INFO] Execution step: Duplicate Elimination (Datalog)
18:45:05 [INFO] Saved permanent table http://rulewerk.semantic-web.org/inferred/subClassOf (324) Permutation { idx_to_val: [], val_to_idx: [] } with 1 entries (6904)
18:45:05 [INFO] Rule duration: 0 ms
18:45:05 [INFO] <<< STEP 325: APPLYING RULE 41 http://rulewerk.semantic-web.org/inferred/subClassOf(?C, ?E) :- http://rulewerk.semantic-web.org/inferred/subClassOf(?C, ?D), http://rulewerk.semantic-web.org/normalForm/subClassOf(?D, ?E) >>>
18:45:05 [INFO] Execution step: Body
18:45:05 [INFO] Saved temporary table: 3 entries (6864)
18:45:05 [INFO] Execution step: Duplicate Elimination (Datalog)
18:45:05 [INFO] Saved permanent table http://rulewerk.semantic-web.org/inferred/subClassOf (325) Permutation { idx_to_val: [], val_to_idx: [] } with 3 entries (6912)
18:45:05 [INFO] Rule duration: 0 ms
18:45:05 [INFO] <<< STEP 326: APPLYING RULE 41 http://rulewerk.semantic-web.org/inferred/subClassOf(?C, ?E) :- http://rulewerk.semantic-web.org/inferred/subClassOf(?C, ?D), http://rulewerk.semantic-web.org/normalForm/subClassOf(?D, ?E) >>>
18:45:05 [INFO] Execution step: Body
18:45:05 [INFO] Saved temporary table: 1 entries (6856)
18:45:05 [INFO] Execution step: Duplicate Elimination (Datalog)
18:45:05 [INFO] Saved permanent table http://rulewerk.semantic-web.org/inferred/subClassOf (326) Permutation { idx_to_val: [], val_to_idx: [] } with 1 entries (6904)
18:45:05 [INFO] Rule duration: 0 ms
18:45:05 [INFO] <<< STEP 327: APPLYING RULE 41 http://rulewerk.semantic-web.org/inferred/subClassOf(?C, ?E) :- http://rulewerk.semantic-web.org/inferred/subClassOf(?C, ?D), http://rulewerk.semantic-web.org/normalForm/subClassOf(?D, ?E) >>>
18:45:05 [INFO] Execution step: Body
18:45:05 [INFO] Saved temporary table: 1 entries (6856)
18:45:05 [INFO] Execution step: Duplicate Elimination (Datalog)
18:45:05 [INFO] Saved permanent table http://rulewerk.semantic-web.org/inferred/subClassOf (327) Permutation { idx_to_val: [], val_to_idx: [] } with 1 entries (6904)
18:45:05 [INFO] Rule duration: 0 ms
18:45:05 [INFO] Execution step: Combining Tables
18:45:05 [INFO] Saved permanent table http://rulewerk.semantic-web.org/inferred/subClassOf (321-329) Permutation { idx_to_val: [], val_to_idx: [] } with 11 entries (6944)
18:45:05 [INFO] <<< STEP 328: APPLYING RULE 41 http://rulewerk.semantic-web.org/inferred/subClassOf(?C, ?E) :- http://rulewerk.semantic-web.org/inferred/subClassOf(?C, ?D), http://rulewerk.semantic-web.org/normalForm/subClassOf(?D, ?E) >>>
18:45:05 [INFO] Execution step: Body
18:45:05 [INFO] Saved temporary table: 1 entries (6856)
18:45:05 [INFO] Execution step: Duplicate Elimination (Datalog)
18:45:05 [INFO] Saved permanent table http://rulewerk.semantic-web.org/inferred/subClassOf (328) Permutation { idx_to_val: [], val_to_idx: [] } with 1 entries (6904)
18:45:05 [INFO] Rule duration: 0 ms
18:45:05 [INFO] <<< STEP 329: APPLYING RULE 41 http://rulewerk.semantic-web.org/inferred/subClassOf(?C, ?E) :- http://rulewerk.semantic-web.org/inferred/subClassOf(?C, ?D), http://rulewerk.semantic-web.org/normalForm/subClassOf(?D, ?E) >>>
18:45:05 [INFO] Execution step: Body
18:45:05 [INFO] Trie does not contain any elements
18:45:05 [INFO] Execution step: Duplicate Elimination (Datalog)
18:45:05 [INFO] Trie does not contain any elements
18:45:05 [INFO] Rule duration: 0 ms
18:45:05 [INFO] <<< STEP 330: APPLYING RULE 42 http://rulewerk.semantic-web.org/inferred/subClassOf(?E, "<http://www.w3.org/2002/07/owl#Nothing>") :- http://rulewerk.semantic-web.org/inferred/ex(?E, ?R, ?C), http://rulewerk.semantic-web.org/inferred/subClassOf(?C, ?_BODY_1), Equal(?_BODY_1, "<http://www.w3.org/2002/07/owl#Nothing>") >>>
18:45:05 [INFO] Execution step: Body
18:45:05 [INFO] Trie does not contain any elements
18:45:05 [INFO] Execution step: Duplicate Elimination (Datalog)
18:45:05 [INFO] Trie does not contain any elements
18:45:05 [INFO] Rule duration: 85 ms
18:45:05 [INFO] <<< STEP 331: APPLYING RULE 33 http://rulewerk.semantic-web.org/inferred/init(?C) :- http://rulewerk.semantic-web.org/inferred/ex(?E, ?R, ?C) >>>
18:45:05 [INFO] Execution step: Body
18:45:05 [INFO] Saved temporary table: 988 entries (7352)
18:45:05 [INFO] Execution step: Duplicate Elimination (Datalog)
18:45:05 [INFO] Saved permanent table http://rulewerk.semantic-web.org/inferred/init (331) Permutation { idx_to_val: [], val_to_idx: [] } with 4 entries (3464)
18:45:05 [INFO] Rule duration: 22 ms
18:45:05 [INFO] <<< STEP 332: APPLYING RULE 34 http://rulewerk.semantic-web.org/inferred/subClassOf(?C, ?C) :- http://rulewerk.semantic-web.org/inferred/init(?C) >>>
18:45:05 [INFO] Execution step: Body
18:45:05 [INFO] Saved temporary table: 4 entries (3416)
18:45:05 [INFO] Execution step: Duplicate Elimination (Datalog)
18:45:05 [INFO] Saved permanent table http://rulewerk.semantic-web.org/inferred/subClassOf (332) Permutation { idx_to_val: [], val_to_idx: [] } with 4 entries (7072)
18:45:05 [INFO] Rule duration: 0 ms
18:45:05 [INFO] <<< STEP 333: APPLYING RULE 36 http://rulewerk.semantic-web.org/inferred/subClassOf(?C, ?D1), http://rulewerk.semantic-web.org/inferred/subClassOf(?C, ?D2) :- http://rulewerk.semantic-web.org/inferred/subClassOf(?C, ?Y), http://rulewerk.semantic-web.org/normalForm/conj(?Y, ?D1, ?D2) >>>
18:45:05 [INFO] Execution step: Body
18:45:05 [INFO] Saved temporary table: 30489 entries (254414)
18:45:05 [INFO] Saved temporary table: 45784 entries (315594)
18:45:05 [INFO] Execution step: Duplicate Elimination (Datalog)
18:45:05 [INFO] Saved permanent table http://rulewerk.semantic-web.org/inferred/subClassOf (333) Permutation { idx_to_val: [], val_to_idx: [] } with 502 entries (12342)
18:45:05 [INFO] Rule duration: 155 ms
18:45:05 [INFO] <<< STEP 334: APPLYING RULE 36 http://rulewerk.semantic-web.org/inferred/subClassOf(?C, ?D1), http://rulewerk.semantic-web.org/inferred/subClassOf(?C, ?D2) :- http://rulewerk.semantic-web.org/inferred/subClassOf(?C, ?Y), http://rulewerk.semantic-web.org/normalForm/conj(?Y, ?D1, ?D2) >>>
18:45:05 [INFO] Execution step: Body
18:45:05 [INFO] Saved temporary table: 10 entries (7360)
18:45:05 [INFO] Saved temporary table: 10 entries (7360)
18:45:05 [INFO] Execution step: Duplicate Elimination (Datalog)
18:45:05 [INFO] Saved permanent table http://rulewerk.semantic-web.org/inferred/subClassOf (334) Permutation { idx_to_val: [], val_to_idx: [] } with 18 entries (7440)
18:45:05 [INFO] Rule duration: 1 ms
18:45:05 [INFO] <<< STEP 335: APPLYING RULE 36 http://rulewerk.semantic-web.org/inferred/subClassOf(?C, ?D1), http://rulewerk.semantic-web.org/inferred/subClassOf(?C, ?D2) :- http://rulewerk.semantic-web.org/inferred/subClassOf(?C, ?Y), http://rulewerk.semantic-web.org/normalForm/conj(?Y, ?D1, ?D2) >>>
18:45:05 [INFO] Execution step: Body
18:45:05 [INFO] Saved temporary table: 2 entries (6912)
18:45:05 [INFO] Saved temporary table: 2 entries (6912)
18:45:05 [INFO] Execution step: Duplicate Elimination (Datalog)
18:45:05 [INFO] Saved permanent table http://rulewerk.semantic-web.org/inferred/subClassOf (335) Permutation { idx_to_val: [], val_to_idx: [] } with 3 entries (6964)
18:45:05 [INFO] Rule duration: 0 ms
18:45:05 [INFO] <<< STEP 336: APPLYING RULE 36 http://rulewerk.semantic-web.org/inferred/subClassOf(?C, ?D1), http://rulewerk.semantic-web.org/inferred/subClassOf(?C, ?D2) :- http://rulewerk.semantic-web.org/inferred/subClassOf(?C, ?Y), http://rulewerk.semantic-web.org/normalForm/conj(?Y, ?D1, ?D2) >>>
18:45:05 [INFO] Execution step: Body
18:45:05 [INFO] Trie does not contain any elements
18:45:05 [INFO] Trie does not contain any elements
18:45:05 [INFO] Execution step: Duplicate Elimination (Datalog)
18:45:05 [INFO] Trie does not contain any elements
18:45:05 [INFO] Rule duration: 0 ms
18:45:05 [INFO] <<< STEP 337: APPLYING RULE 37 http://rulewerk.semantic-web.org/inferred/subClassOf(?C, ?I) :- http://rulewerk.semantic-web.org/inferred/subClassOf(?C, ?D1), http://rulewerk.semantic-web.org/inferred/subClassOf(?C, ?D2), http://rulewerk.semantic-web.org/normalForm/conj(?I, ?D1, ?D2), http://rulewerk.semantic-web.org/normalForm/isSubClass(?I) >>>
18:45:05 [INFO] Execution step: Body
18:45:05 [INFO] Saved temporary table: 26984 entries (188830)
18:45:05 [INFO] Execution step: Duplicate Elimination (Datalog)
18:45:05 [INFO] Saved permanent table http://rulewerk.semantic-web.org/inferred/subClassOf (337) Permutation { idx_to_val: [], val_to_idx: [] } with 26709 entries (186638)
18:45:05 [INFO] Rule duration: 150 ms
18:45:05 [INFO] <<< STEP 338: APPLYING RULE 37 http://rulewerk.semantic-web.org/inferred/subClassOf(?C, ?I) :- http://rulewerk.semantic-web.org/inferred/subClassOf(?C, ?D1), http://rulewerk.semantic-web.org/inferred/subClassOf(?C, ?D2), http://rulewerk.semantic-web.org/normalForm/conj(?I, ?D1, ?D2), http://rulewerk.semantic-web.org/normalForm/isSubClass(?I) >>>
18:45:05 [INFO] Execution step: Body
18:45:05 [INFO] Saved temporary table: 2580 entries (36818)
18:45:05 [INFO] Execution step: Duplicate Elimination (Datalog)
18:45:05 [INFO] Saved permanent table http://rulewerk.semantic-web.org/inferred/subClassOf (338) Permutation { idx_to_val: [], val_to_idx: [] } with 2580 entries (36866)
18:45:05 [INFO] Rule duration: 44 ms
18:45:05 [INFO] <<< STEP 339: APPLYING RULE 37 http://rulewerk.semantic-web.org/inferred/subClassOf(?C, ?I) :- http://rulewerk.semantic-web.org/inferred/subClassOf(?C, ?D1), http://rulewerk.semantic-web.org/inferred/subClassOf(?C, ?D2), http://rulewerk.semantic-web.org/normalForm/conj(?I, ?D1, ?D2), http://rulewerk.semantic-web.org/normalForm/isSubClass(?I) >>>
18:45:05 [INFO] Execution step: Body
18:45:05 [INFO] Saved temporary table: 7 entries (7192)
18:45:05 [INFO] Execution step: Duplicate Elimination (Datalog)
18:45:05 [INFO] Saved permanent table http://rulewerk.semantic-web.org/inferred/subClassOf (339) Permutation { idx_to_val: [], val_to_idx: [] } with 7 entries (7240)
18:45:05 [INFO] Rule duration: 17 ms
18:45:05 [INFO] Execution step: Combining Tables
18:45:05 [INFO] Saved permanent table http://rulewerk.semantic-web.org/inferred/subClassOf (329-341) Permutation { idx_to_val: [], val_to_idx: [] } with 29823 entries (200234)
18:45:05 [INFO] <<< STEP 340: APPLYING RULE 37 http://rulewerk.semantic-web.org/inferred/subClassOf(?C, ?I) :- http://rulewerk.semantic-web.org/inferred/subClassOf(?C, ?D1), http://rulewerk.semantic-web.org/inferred/subClassOf(?C, ?D2), http://rulewerk.semantic-web.org/normalForm/conj(?I, ?D1, ?D2), http://rulewerk.semantic-web.org/normalForm/isSubClass(?I) >>>
18:45:05 [INFO] Execution step: Body
18:45:05 [INFO] Trie does not contain any elements
18:45:05 [INFO] Execution step: Duplicate Elimination (Datalog)
18:45:05 [INFO] Trie does not contain any elements
18:45:05 [INFO] Rule duration: 16 ms
18:45:05 [INFO] <<< STEP 341: APPLYING RULE 38 http://rulewerk.semantic-web.org/inferred/ex(?E, ?R, ?C) :- http://rulewerk.semantic-web.org/inferred/subClassOf(?E, ?Y), http://rulewerk.semantic-web.org/normalForm/exists(?Y, ?R, ?C) >>>
18:45:05 [INFO] Execution step: Body
18:45:05 [INFO] Saved temporary table: 22389 entries (388968)
18:45:05 [INFO] Execution step: Duplicate Elimination (Datalog)
18:45:05 [INFO] Saved permanent table http://rulewerk.semantic-web.org/inferred/ex (341) Permutation { idx_to_val: [], val_to_idx: [] } with 22389 entries (389016)
18:45:05 [INFO] Rule duration: 21 ms
18:45:05 [INFO] <<< STEP 342: APPLYING RULE 39 http://rulewerk.semantic-web.org/inferred/subClassOf(?E, ?Y) :- http://rulewerk.semantic-web.org/inferred/ex(?E, ?R, ?C), http://rulewerk.semantic-web.org/inferred/subClassOf(?C, ?D), http://rulewerk.semantic-web.org/normalForm/subProp(?R, ?S), http://rulewerk.semantic-web.org/normalForm/exists(?Y, ?S, ?D), http://rulewerk.semantic-web.org/normalForm/isSubClass(?Y) >>>
18:45:05 [INFO] Execution step: Body
18:45:06 [INFO] Saved temporary table: 50875 entries (314178)
18:45:06 [INFO] Execution step: Duplicate Elimination (Datalog)
18:45:06 [INFO] Saved permanent table http://rulewerk.semantic-web.org/inferred/subClassOf (342) Permutation { idx_to_val: [], val_to_idx: [] } with 7641 entries (83978)
18:45:06 [INFO] Rule duration: 192 ms
18:45:06 [INFO] <<< STEP 343: APPLYING RULE 39 http://rulewerk.semantic-web.org/inferred/subClassOf(?E, ?Y) :- http://rulewerk.semantic-web.org/inferred/ex(?E, ?R, ?C), http://rulewerk.semantic-web.org/inferred/subClassOf(?C, ?D), http://rulewerk.semantic-web.org/normalForm/subProp(?R, ?S), http://rulewerk.semantic-web.org/normalForm/exists(?Y, ?S, ?D), http://rulewerk.semantic-web.org/normalForm/isSubClass(?Y) >>>
18:45:06 [INFO] Execution step: Body
18:45:06 [INFO] Trie does not contain any elements
18:45:06 [INFO] Execution step: Duplicate Elimination (Datalog)
18:45:06 [INFO] Trie does not contain any elements
18:45:06 [INFO] Rule duration: 6 ms
18:45:06 [INFO] <<< STEP 344: APPLYING RULE 40 http://rulewerk.semantic-web.org/inferred/ex(?E, ?S, ?D) :- http://rulewerk.semantic-web.org/inferred/ex(?E, ?R1, ?C), http://rulewerk.semantic-web.org/inferred/ex(?C, ?R2, ?D), http://rulewerk.semantic-web.org/normalForm/subProp(?R1, ?S1), http://rulewerk.semantic-web.org/normalForm/subProp(?R2, ?S2), http://rulewerk.semantic-web.org/normalForm/subPropChain(?S1, ?S2, ?S) >>>
18:45:06 [INFO] Execution step: Body
18:45:06 [INFO] Trie does not contain any elements
18:45:06 [INFO] Execution step: Duplicate Elimination (Datalog)
18:45:06 [INFO] Trie does not contain any elements
18:45:06 [INFO] Rule duration: 17 ms
18:45:06 [INFO] <<< STEP 345: APPLYING RULE 41 http://rulewerk.semantic-web.org/inferred/subClassOf(?C, ?E) :- http://rulewerk.semantic-web.org/inferred/subClassOf(?C, ?D), http://rulewerk.semantic-web.org/normalForm/subClassOf(?D, ?E) >>>
18:45:06 [INFO] Execution step: Body
18:45:06 [INFO] Saved temporary table: 21281 entries (163306)
18:45:06 [INFO] Execution step: Duplicate Elimination (Datalog)
18:45:06 [INFO] Saved permanent table http://rulewerk.semantic-web.org/inferred/subClassOf (345) Permutation { idx_to_val: [], val_to_idx: [] } with 21281 entries (163354)
18:45:06 [INFO] Rule duration: 92 ms
18:45:06 [INFO] <<< STEP 346: APPLYING RULE 41 http://rulewerk.semantic-web.org/inferred/subClassOf(?C, ?E) :- http://rulewerk.semantic-web.org/inferred/subClassOf(?C, ?D), http://rulewerk.semantic-web.org/normalForm/subClassOf(?D, ?E) >>>
18:45:06 [INFO] Execution step: Body
18:45:06 [INFO] Saved temporary table: 23595 entries (172562)
18:45:06 [INFO] Execution step: Duplicate Elimination (Datalog)
18:45:06 [INFO] Saved permanent table http://rulewerk.semantic-web.org/inferred/subClassOf (346) Permutation { idx_to_val: [], val_to_idx: [] } with 1338 entries (24686)
18:45:06 [INFO] Rule duration: 91 ms
18:45:06 [INFO] <<< STEP 347: APPLYING RULE 41 http://rulewerk.semantic-web.org/inferred/subClassOf(?C, ?E) :- http://rulewerk.semantic-web.org/inferred/subClassOf(?C, ?D), http://rulewerk.semantic-web.org/normalForm/subClassOf(?D, ?E) >>>
18:45:06 [INFO] Execution step: Body
18:45:06 [INFO] Saved temporary table: 284 entries (11278)
18:45:06 [INFO] Execution step: Duplicate Elimination (Datalog)
18:45:06 [INFO] Saved permanent table http://rulewerk.semantic-web.org/inferred/subClassOf (347) Permutation { idx_to_val: [], val_to_idx: [] } with 256 entries (11154)
18:45:06 [INFO] Rule duration: 4 ms
18:45:06 [INFO] <<< STEP 348: APPLYING RULE 41 http://rulewerk.semantic-web.org/inferred/subClassOf(?C, ?E) :- http://rulewerk.semantic-web.org/inferred/subClassOf(?C, ?D), http://rulewerk.semantic-web.org/normalForm/subClassOf(?D, ?E) >>>
18:45:06 [INFO] Execution step: Body
18:45:06 [INFO] Saved temporary table: 502 entries (12090)
18:45:06 [INFO] Execution step: Duplicate Elimination (Datalog)
18:45:06 [INFO] Saved permanent table http://rulewerk.semantic-web.org/inferred/subClassOf (348) Permutation { idx_to_val: [], val_to_idx: [] } with 502 entries (12138)
18:45:06 [INFO] Rule duration: 3 ms
18:45:06 [INFO] <<< STEP 349: APPLYING RULE 41 http://rulewerk.semantic-web.org/inferred/subClassOf(?C, ?E) :- http://rulewerk.semantic-web.org/inferred/subClassOf(?C, ?D), http://rulewerk.semantic-web.org/normalForm/subClassOf(?D, ?E) >>>
18:45:06 [INFO] Execution step: Body
18:45:06 [INFO] Saved temporary table: 254 entries (11098)
18:45:06 [INFO] Execution step: Duplicate Elimination (Datalog)
18:45:06 [INFO] Saved permanent table http://rulewerk.semantic-web.org/inferred/subClassOf (349) Permutation { idx_to_val: [], val_to_idx: [] } with 252 entries (11138)
18:45:06 [INFO] Rule duration: 3 ms
18:45:06 [INFO] <<< STEP 350: APPLYING RULE 41 http://rulewerk.semantic-web.org/inferred/subClassOf(?C, ?E) :- http://rulewerk.semantic-web.org/inferred/subClassOf(?C, ?D), http://rulewerk.semantic-web.org/normalForm/subClassOf(?D, ?E) >>>
18:45:06 [INFO] Execution step: Body
18:45:06 [INFO] Saved temporary table: 250 entries (11058)
18:45:06 [INFO] Execution step: Duplicate Elimination (Datalog)
18:45:06 [INFO] Saved permanent table http://rulewerk.semantic-web.org/inferred/subClassOf (350) Permutation { idx_to_val: [], val_to_idx: [] } with 250 entries (11106)
18:45:06 [INFO] Rule duration: 3 ms
18:45:06 [INFO] <<< STEP 351: APPLYING RULE 41 http://rulewerk.semantic-web.org/inferred/subClassOf(?C, ?E) :- http://rulewerk.semantic-web.org/inferred/subClassOf(?C, ?D), http://rulewerk.semantic-web.org/normalForm/subClassOf(?D, ?E) >>>
18:45:06 [INFO] Execution step: Body
18:45:06 [INFO] Saved temporary table: 258 entries (11066)
18:45:06 [INFO] Execution step: Duplicate Elimination (Datalog)
18:45:06 [INFO] Saved permanent table http://rulewerk.semantic-web.org/inferred/subClassOf (351) Permutation { idx_to_val: [], val_to_idx: [] } with 252 entries (11090)
18:45:06 [INFO] Rule duration: 3 ms
18:45:06 [INFO] Execution step: Combining Tables
18:45:06 [INFO] Saved permanent table http://rulewerk.semantic-web.org/inferred/subClassOf (341-353) Permutation { idx_to_val: [], val_to_idx: [] } with 31772 entries (222274)
18:45:06 [INFO] <<< STEP 352: APPLYING RULE 41 http://rulewerk.semantic-web.org/inferred/subClassOf(?C, ?E) :- http://rulewerk.semantic-web.org/inferred/subClassOf(?C, ?D), http://rulewerk.semantic-web.org/normalForm/subClassOf(?D, ?E) >>>
18:45:06 [INFO] Execution step: Body
18:45:06 [INFO] Saved temporary table: 108 entries (8052)
18:45:06 [INFO] Execution step: Duplicate Elimination (Datalog)
18:45:06 [INFO] Saved permanent table http://rulewerk.semantic-web.org/inferred/subClassOf (352) Permutation { idx_to_val: [], val_to_idx: [] } with 108 entries (8100)
18:45:06 [INFO] Rule duration: 1 ms
18:45:06 [INFO] <<< STEP 353: APPLYING RULE 41 http://rulewerk.semantic-web.org/inferred/subClassOf(?C, ?E) :- http://rulewerk.semantic-web.org/inferred/subClassOf(?C, ?D), http://rulewerk.semantic-web.org/normalForm/subClassOf(?D, ?E) >>>
18:45:06 [INFO] Execution step: Body
18:45:06 [INFO] Saved temporary table: 5 entries (7080)
18:45:06 [INFO] Execution step: Duplicate Elimination (Datalog)
18:45:06 [INFO] Saved permanent table http://rulewerk.semantic-web.org/inferred/subClassOf (353) Permutation { idx_to_val: [], val_to_idx: [] } with 5 entries (7128)
18:45:06 [INFO] Rule duration: 1 ms
18:45:06 [INFO] <<< STEP 354: APPLYING RULE 41 http://rulewerk.semantic-web.org/inferred/subClassOf(?C, ?E) :- http://rulewerk.semantic-web.org/inferred/subClassOf(?C, ?D), http://rulewerk.semantic-web.org/normalForm/subClassOf(?D, ?E) >>>
18:45:06 [INFO] Execution step: Body
18:45:06 [INFO] Saved temporary table: 5 entries (7080)
18:45:06 [INFO] Execution step: Duplicate Elimination (Datalog)
18:45:06 [INFO] Saved permanent table http://rulewerk.semantic-web.org/inferred/subClassOf (354) Permutation { idx_to_val: [], val_to_idx: [] } with 5 entries (7128)
18:45:06 [INFO] Rule duration: 0 ms
18:45:06 [INFO] <<< STEP 355: APPLYING RULE 41 http://rulewerk.semantic-web.org/inferred/subClassOf(?C, ?E) :- http://rulewerk.semantic-web.org/inferred/subClassOf(?C, ?D), http://rulewerk.semantic-web.org/normalForm/subClassOf(?D, ?E) >>>
18:45:06 [INFO] Execution step: Body
18:45:06 [INFO] Trie does not contain any elements
18:45:06 [INFO] Execution step: Duplicate Elimination (Datalog)
18:45:06 [INFO] Trie does not contain any elements
18:45:06 [INFO] Rule duration: 0 ms
18:45:06 [INFO] <<< STEP 356: APPLYING RULE 42 http://rulewerk.semantic-web.org/inferred/subClassOf(?E, "<http://www.w3.org/2002/07/owl#Nothing>") :- http://rulewerk.semantic-web.org/inferred/ex(?E, ?R, ?C), http://rulewerk.semantic-web.org/inferred/subClassOf(?C, ?_BODY_1), Equal(?_BODY_1, "<http://www.w3.org/2002/07/owl#Nothing>") >>>
18:45:06 [INFO] Execution step: Body
18:45:06 [INFO] Trie does not contain any elements
18:45:06 [INFO] Execution step: Duplicate Elimination (Datalog)
18:45:06 [INFO] Trie does not contain any elements
18:45:06 [INFO] Rule duration: 62 ms
18:45:06 [INFO] <<< STEP 357: APPLYING RULE 33 http://rulewerk.semantic-web.org/inferred/init(?C) :- http://rulewerk.semantic-web.org/inferred/ex(?E, ?R, ?C) >>>
18:45:06 [INFO] Execution step: Body
18:45:06 [INFO] Saved temporary table: 487 entries (5348)
18:45:06 [INFO] Execution step: Duplicate Elimination (Datalog)
18:45:06 [INFO] Trie does not contain any elements
18:45:06 [INFO] Rule duration: 10 ms
18:45:06 [INFO] <<< STEP 358: APPLYING RULE 34 http://rulewerk.semantic-web.org/inferred/subClassOf(?C, ?C) :- http://rulewerk.semantic-web.org/inferred/init(?C) >>>
18:45:06 [INFO] Execution step: Body
18:45:06 [INFO] Trie does not contain any elements
18:45:06 [INFO] Execution step: Duplicate Elimination (Datalog)
18:45:06 [INFO] Trie does not contain any elements
18:45:06 [INFO] Rule duration: 0 ms
18:45:06 [INFO] <<< STEP 359: APPLYING RULE 36 http://rulewerk.semantic-web.org/inferred/subClassOf(?C, ?D1), http://rulewerk.semantic-web.org/inferred/subClassOf(?C, ?D2) :- http://rulewerk.semantic-web.org/inferred/subClassOf(?C, ?Y), http://rulewerk.semantic-web.org/normalForm/conj(?Y, ?D1, ?D2) >>>
18:45:06 [INFO] Execution step: Body
18:45:06 [INFO] Saved temporary table: 17479 entries (149766)
18:45:06 [INFO] Saved temporary table: 21175 entries (164550)
18:45:06 [INFO] Execution step: Duplicate Elimination (Datalog)
18:45:06 [INFO] Saved permanent table http://rulewerk.semantic-web.org/inferred/subClassOf (359) Permutation { idx_to_val: [], val_to_idx: [] } with 25 entries (7676)
18:45:06 [INFO] Rule duration: 150 ms
18:45:06 [INFO] <<< STEP 360: APPLYING RULE 36 http://rulewerk.semantic-web.org/inferred/subClassOf(?C, ?D1), http://rulewerk.semantic-web.org/inferred/subClassOf(?C, ?D2) :- http://rulewerk.semantic-web.org/inferred/subClassOf(?C, ?Y), http://rulewerk.semantic-web.org/normalForm/conj(?Y, ?D1, ?D2) >>>
18:45:06 [INFO] Execution step: Body
18:45:06 [INFO] Saved temporary table: 1 entries (6856)
18:45:06 [INFO] Saved temporary table: 1 entries (6856)
18:45:06 [INFO] Execution step: Duplicate Elimination (Datalog)
18:45:06 [INFO] Saved permanent table http://rulewerk.semantic-web.org/inferred/subClassOf (360) Permutation { idx_to_val: [], val_to_idx: [] } with 2 entries (6908)
18:45:06 [INFO] Rule duration: 1 ms
18:45:06 [INFO] <<< STEP 361: APPLYING RULE 36 http://rulewerk.semantic-web.org/inferred/subClassOf(?C, ?D1), http://rulewerk.semantic-web.org/inferred/subClassOf(?C, ?D2) :- http://rulewerk.semantic-web.org/inferred/subClassOf(?C, ?Y), http://rulewerk.semantic-web.org/normalForm/conj(?Y, ?D1, ?D2) >>>
18:45:06 [INFO] Execution step: Body
18:45:06 [INFO] Trie does not contain any elements
18:45:06 [INFO] Trie does not contain any elements
18:45:06 [INFO] Execution step: Duplicate Elimination (Datalog)
18:45:06 [INFO] Trie does not contain any elements
18:45:06 [INFO] Rule duration: 1 ms
18:45:06 [INFO] <<< STEP 362: APPLYING RULE 37 http://rulewerk.semantic-web.org/inferred/subClassOf(?C, ?I) :- http://rulewerk.semantic-web.org/inferred/subClassOf(?C, ?D1), http://rulewerk.semantic-web.org/inferred/subClassOf(?C, ?D2), http://rulewerk.semantic-web.org/normalForm/conj(?I, ?D1, ?D2), http://rulewerk.semantic-web.org/normalForm/isSubClass(?I) >>>
18:45:06 [INFO] Execution step: Body
18:45:06 [INFO] Saved temporary table: 10310 entries (85618)
18:45:06 [INFO] Execution step: Duplicate Elimination (Datalog)
18:45:06 [INFO] Saved permanent table http://rulewerk.semantic-web.org/inferred/subClassOf (362) Permutation { idx_to_val: [], val_to_idx: [] } with 10295 entries (85606)
18:45:06 [INFO] Rule duration: 134 ms
18:45:06 [INFO] <<< STEP 363: APPLYING RULE 37 http://rulewerk.semantic-web.org/inferred/subClassOf(?C, ?I) :- http://rulewerk.semantic-web.org/inferred/subClassOf(?C, ?D1), http://rulewerk.semantic-web.org/inferred/subClassOf(?C, ?D2), http://rulewerk.semantic-web.org/normalForm/conj(?I, ?D1, ?D2), http://rulewerk.semantic-web.org/normalForm/isSubClass(?I) >>>
18:45:06 [INFO] Execution step: Body
18:45:06 [INFO] Saved temporary table: 1197 entries (21158)
18:45:06 [INFO] Execution step: Duplicate Elimination (Datalog)
18:45:06 [INFO] Saved permanent table http://rulewerk.semantic-web.org/inferred/subClassOf (363) Permutation { idx_to_val: [], val_to_idx: [] } with 1197 entries (21206)
18:45:06 [INFO] Rule duration: 37 ms
18:45:06 [INFO] <<< STEP 364: APPLYING RULE 37 http://rulewerk.semantic-web.org/inferred/subClassOf(?C, ?I) :- http://rulewerk.semantic-web.org/inferred/subClassOf(?C, ?D1), http://rulewerk.semantic-web.org/inferred/subClassOf(?C, ?D2), http://rulewerk.semantic-web.org/normalForm/conj(?I, ?D1, ?D2), http://rulewerk.semantic-web.org/normalForm/isSubClass(?I) >>>
18:45:06 [INFO] Execution step: Body
18:45:06 [INFO] Saved temporary table: 10 entries (7360)
18:45:06 [INFO] Execution step: Duplicate Elimination (Datalog)
18:45:06 [INFO] Saved permanent table http://rulewerk.semantic-web.org/inferred/subClassOf (364) Permutation { idx_to_val: [], val_to_idx: [] } with 10 entries (7408)
18:45:06 [INFO] Rule duration: 17 ms
18:45:06 [INFO] Execution step: Combining Tables
18:45:06 [INFO] Saved permanent table http://rulewerk.semantic-web.org/inferred/subClassOf (353-366) Permutation { idx_to_val: [], val_to_idx: [] } with 11539 entries (90582)
18:45:06 [INFO] <<< STEP 365: APPLYING RULE 37 http://rulewerk.semantic-web.org/inferred/subClassOf(?C, ?I) :- http://rulewerk.semantic-web.org/inferred/subClassOf(?C, ?D1), http://rulewerk.semantic-web.org/inferred/subClassOf(?C, ?D2), http://rulewerk.semantic-web.org/normalForm/conj(?I, ?D1, ?D2), http://rulewerk.semantic-web.org/normalForm/isSubClass(?I) >>>
18:45:06 [INFO] Execution step: Body
18:45:06 [INFO] Trie does not contain any elements
18:45:06 [INFO] Execution step: Duplicate Elimination (Datalog)
18:45:06 [INFO] Trie does not contain any elements
18:45:06 [INFO] Rule duration: 17 ms
18:45:06 [INFO] <<< STEP 366: APPLYING RULE 38 http://rulewerk.semantic-web.org/inferred/ex(?E, ?R, ?C) :- http://rulewerk.semantic-web.org/inferred/subClassOf(?E, ?Y), http://rulewerk.semantic-web.org/normalForm/exists(?Y, ?R, ?C) >>>
18:45:06 [INFO] Execution step: Body
18:45:06 [INFO] Saved temporary table: 8897 entries (173552)
18:45:06 [INFO] Execution step: Duplicate Elimination (Datalog)
18:45:06 [INFO] Saved permanent table http://rulewerk.semantic-web.org/inferred/ex (366) Permutation { idx_to_val: [], val_to_idx: [] } with 8897 entries (173600)
18:45:06 [INFO] Rule duration: 9 ms
18:45:06 [INFO] <<< STEP 367: APPLYING RULE 39 http://rulewerk.semantic-web.org/inferred/subClassOf(?E, ?Y) :- http://rulewerk.semantic-web.org/inferred/ex(?E, ?R, ?C), http://rulewerk.semantic-web.org/inferred/subClassOf(?C, ?D), http://rulewerk.semantic-web.org/normalForm/subProp(?R, ?S), http://rulewerk.semantic-web.org/normalForm/exists(?Y, ?S, ?D), http://rulewerk.semantic-web.org/normalForm/isSubClass(?Y) >>>
18:45:06 [INFO] Execution step: Body
18:45:06 [INFO] Saved temporary table: 18389 entries (136438)
18:45:06 [INFO] Execution step: Duplicate Elimination (Datalog)
18:45:06 [INFO] Saved permanent table http://rulewerk.semantic-web.org/inferred/subClassOf (367) Permutation { idx_to_val: [], val_to_idx: [] } with 2027 entries (29698)
18:45:06 [INFO] Rule duration: 93 ms
18:45:06 [INFO] <<< STEP 368: APPLYING RULE 39 http://rulewerk.semantic-web.org/inferred/subClassOf(?E, ?Y) :- http://rulewerk.semantic-web.org/inferred/ex(?E, ?R, ?C), http://rulewerk.semantic-web.org/inferred/subClassOf(?C, ?D), http://rulewerk.semantic-web.org/normalForm/subProp(?R, ?S), http://rulewerk.semantic-web.org/normalForm/exists(?Y, ?S, ?D), http://rulewerk.semantic-web.org/normalForm/isSubClass(?Y) >>>
18:45:06 [INFO] Execution step: Body
18:45:06 [INFO] Trie does not contain any elements
18:45:06 [INFO] Execution step: Duplicate Elimination (Datalog)
18:45:06 [INFO] Trie does not contain any elements
18:45:06 [INFO] Rule duration: 1 ms
18:45:06 [INFO] <<< STEP 369: APPLYING RULE 40 http://rulewerk.semantic-web.org/inferred/ex(?E, ?S, ?D) :- http://rulewerk.semantic-web.org/inferred/ex(?E, ?R1, ?C), http://rulewerk.semantic-web.org/inferred/ex(?C, ?R2, ?D), http://rulewerk.semantic-web.org/normalForm/subProp(?R1, ?S1), http://rulewerk.semantic-web.org/normalForm/subProp(?R2, ?S2), http://rulewerk.semantic-web.org/normalForm/subPropChain(?S1, ?S2, ?S) >>>
18:45:06 [INFO] Execution step: Body
18:45:06 [INFO] Trie does not contain any elements
18:45:06 [INFO] Execution step: Duplicate Elimination (Datalog)
18:45:06 [INFO] Trie does not contain any elements
18:45:06 [INFO] Rule duration: 6 ms
18:45:06 [INFO] <<< STEP 370: APPLYING RULE 41 http://rulewerk.semantic-web.org/inferred/subClassOf(?C, ?E) :- http://rulewerk.semantic-web.org/inferred/subClassOf(?C, ?D), http://rulewerk.semantic-web.org/normalForm/subClassOf(?D, ?E) >>>
18:45:06 [INFO] Execution step: Body
18:45:06 [INFO] Saved temporary table: 8028 entries (73886)
18:45:06 [INFO] Execution step: Duplicate Elimination (Datalog)
18:45:06 [INFO] Saved permanent table http://rulewerk.semantic-web.org/inferred/subClassOf (370) Permutation { idx_to_val: [], val_to_idx: [] } with 8028 entries (73934)
18:45:06 [INFO] Rule duration: 24 ms
18:45:06 [INFO] <<< STEP 371: APPLYING RULE 41 http://rulewerk.semantic-web.org/inferred/subClassOf(?C, ?E) :- http://rulewerk.semantic-web.org/inferred/subClassOf(?C, ?D), http://rulewerk.semantic-web.org/normalForm/subClassOf(?D, ?E) >>>
18:45:06 [INFO] Execution step: Body
18:45:06 [INFO] Saved temporary table: 8955 entries (77594)
18:45:06 [INFO] Execution step: Duplicate Elimination (Datalog)
18:45:07 [INFO] Saved permanent table http://rulewerk.semantic-web.org/inferred/subClassOf (371) Permutation { idx_to_val: [], val_to_idx: [] } with 642 entries (16166)
18:45:07 [INFO] Rule duration: 26 ms
18:45:07 [INFO] <<< STEP 372: APPLYING RULE 41 http://rulewerk.semantic-web.org/inferred/subClassOf(?C, ?E) :- http://rulewerk.semantic-web.org/inferred/subClassOf(?C, ?D), http://rulewerk.semantic-web.org/normalForm/subClassOf(?D, ?E) >>>
18:45:07 [INFO] Execution step: Body
18:45:07 [INFO] Saved temporary table: 15 entries (7588)
18:45:07 [INFO] Execution step: Duplicate Elimination (Datalog)
18:45:07 [INFO] Saved permanent table http://rulewerk.semantic-web.org/inferred/subClassOf (372) Permutation { idx_to_val: [], val_to_idx: [] } with 14 entries (7632)
18:45:07 [INFO] Rule duration: 1 ms
18:45:07 [INFO] <<< STEP 373: APPLYING RULE 41 http://rulewerk.semantic-web.org/inferred/subClassOf(?C, ?E) :- http://rulewerk.semantic-web.org/inferred/subClassOf(?C, ?D), http://rulewerk.semantic-web.org/normalForm/subClassOf(?D, ?E) >>>
18:45:07 [INFO] Execution step: Body
18:45:07 [INFO] Saved temporary table: 26 entries (7632)
18:45:07 [INFO] Execution step: Duplicate Elimination (Datalog)
18:45:07 [INFO] Saved permanent table http://rulewerk.semantic-web.org/inferred/subClassOf (373) Permutation { idx_to_val: [], val_to_idx: [] } with 26 entries (7680)
18:45:07 [INFO] Rule duration: 0 ms
18:45:07 [INFO] <<< STEP 374: APPLYING RULE 41 http://rulewerk.semantic-web.org/inferred/subClassOf(?C, ?E) :- http://rulewerk.semantic-web.org/inferred/subClassOf(?C, ?D), http://rulewerk.semantic-web.org/normalForm/subClassOf(?D, ?E) >>>
18:45:07 [INFO] Execution step: Body
18:45:07 [INFO] Saved temporary table: 15 entries (7588)
18:45:07 [INFO] Execution step: Duplicate Elimination (Datalog)
18:45:07 [INFO] Saved permanent table http://rulewerk.semantic-web.org/inferred/subClassOf (374) Permutation { idx_to_val: [], val_to_idx: [] } with 15 entries (7636)
18:45:07 [INFO] Rule duration: 0 ms
18:45:07 [INFO] <<< STEP 375: APPLYING RULE 41 http://rulewerk.semantic-web.org/inferred/subClassOf(?C, ?E) :- http://rulewerk.semantic-web.org/inferred/subClassOf(?C, ?D), http://rulewerk.semantic-web.org/normalForm/subClassOf(?D, ?E) >>>
18:45:07 [INFO] Execution step: Body
18:45:07 [INFO] Saved temporary table: 15 entries (7588)
18:45:07 [INFO] Execution step: Duplicate Elimination (Datalog)
18:45:07 [INFO] Saved permanent table http://rulewerk.semantic-web.org/inferred/subClassOf (375) Permutation { idx_to_val: [], val_to_idx: [] } with 15 entries (7636)
18:45:07 [INFO] Rule duration: 0 ms
18:45:07 [INFO] <<< STEP 376: APPLYING RULE 41 http://rulewerk.semantic-web.org/inferred/subClassOf(?C, ?E) :- http://rulewerk.semantic-web.org/inferred/subClassOf(?C, ?D), http://rulewerk.semantic-web.org/normalForm/subClassOf(?D, ?E) >>>
18:45:07 [INFO] Execution step: Body
18:45:07 [INFO] Saved temporary table: 15 entries (7588)
18:45:07 [INFO] Execution step: Duplicate Elimination (Datalog)
18:45:07 [INFO] Saved permanent table http://rulewerk.semantic-web.org/inferred/subClassOf (376) Permutation { idx_to_val: [], val_to_idx: [] } with 14 entries (7632)
18:45:07 [INFO] Rule duration: 0 ms
18:45:07 [INFO] Execution step: Combining Tables
18:45:07 [INFO] Saved permanent table http://rulewerk.semantic-web.org/inferred/subClassOf (366-378) Permutation { idx_to_val: [], val_to_idx: [] } with 10781 entries (90622)
18:45:07 [INFO] <<< STEP 377: APPLYING RULE 41 http://rulewerk.semantic-web.org/inferred/subClassOf(?C, ?E) :- http://rulewerk.semantic-web.org/inferred/subClassOf(?C, ?D), http://rulewerk.semantic-web.org/normalForm/subClassOf(?D, ?E) >>>
18:45:07 [INFO] Execution step: Body
18:45:07 [INFO] Saved temporary table: 7 entries (7192)
18:45:07 [INFO] Execution step: Duplicate Elimination (Datalog)
18:45:07 [INFO] Saved permanent table http://rulewerk.semantic-web.org/inferred/subClassOf (377) Permutation { idx_to_val: [], val_to_idx: [] } with 7 entries (7240)
18:45:07 [INFO] Rule duration: 0 ms
18:45:07 [INFO] <<< STEP 378: APPLYING RULE 41 http://rulewerk.semantic-web.org/inferred/subClassOf(?C, ?E) :- http://rulewerk.semantic-web.org/inferred/subClassOf(?C, ?D), http://rulewerk.semantic-web.org/normalForm/subClassOf(?D, ?E) >>>
18:45:07 [INFO] Execution step: Body
18:45:07 [INFO] Trie does not contain any elements
18:45:07 [INFO] Execution step: Duplicate Elimination (Datalog)
18:45:07 [INFO] Trie does not contain any elements
18:45:07 [INFO] Rule duration: 0 ms
18:45:07 [INFO] <<< STEP 379: APPLYING RULE 42 http://rulewerk.semantic-web.org/inferred/subClassOf(?E, "<http://www.w3.org/2002/07/owl#Nothing>") :- http://rulewerk.semantic-web.org/inferred/ex(?E, ?R, ?C), http://rulewerk.semantic-web.org/inferred/subClassOf(?C, ?_BODY_1), Equal(?_BODY_1, "<http://www.w3.org/2002/07/owl#Nothing>") >>>
18:45:07 [INFO] Execution step: Body
18:45:07 [INFO] Trie does not contain any elements
18:45:07 [INFO] Execution step: Duplicate Elimination (Datalog)
18:45:07 [INFO] Trie does not contain any elements
18:45:07 [INFO] Rule duration: 19 ms
18:45:07 [INFO] <<< STEP 380: APPLYING RULE 33 http://rulewerk.semantic-web.org/inferred/init(?C) :- http://rulewerk.semantic-web.org/inferred/ex(?E, ?R, ?C) >>>
18:45:07 [INFO] Execution step: Body
18:45:07 [INFO] Saved temporary table: 300 entries (4600)
18:45:07 [INFO] Execution step: Duplicate Elimination (Datalog)
18:45:07 [INFO] Trie does not contain any elements
18:45:07 [INFO] Rule duration: 3 ms
18:45:07 [INFO] <<< STEP 381: APPLYING RULE 34 http://rulewerk.semantic-web.org/inferred/subClassOf(?C, ?C) :- http://rulewerk.semantic-web.org/inferred/init(?C) >>>
18:45:07 [INFO] Execution step: Body
18:45:07 [INFO] Trie does not contain any elements
18:45:07 [INFO] Execution step: Duplicate Elimination (Datalog)
18:45:07 [INFO] Trie does not contain any elements
18:45:07 [INFO] Rule duration: 0 ms
18:45:07 [INFO] <<< STEP 382: APPLYING RULE 36 http://rulewerk.semantic-web.org/inferred/subClassOf(?C, ?D1), http://rulewerk.semantic-web.org/inferred/subClassOf(?C, ?D2) :- http://rulewerk.semantic-web.org/inferred/subClassOf(?C, ?Y), http://rulewerk.semantic-web.org/normalForm/conj(?Y, ?D1, ?D2) >>>
18:45:07 [INFO] Execution step: Body
18:45:07 [INFO] Saved temporary table: 7818 entries (75650)
18:45:07 [INFO] Saved temporary table: 9120 entries (80858)
18:45:07 [INFO] Execution step: Duplicate Elimination (Datalog)
18:45:07 [INFO] Trie does not contain any elements
18:45:07 [INFO] Rule duration: 77 ms
18:45:07 [INFO] <<< STEP 383: APPLYING RULE 37 http://rulewerk.semantic-web.org/inferred/subClassOf(?C, ?I) :- http://rulewerk.semantic-web.org/inferred/subClassOf(?C, ?D1), http://rulewerk.semantic-web.org/inferred/subClassOf(?C, ?D2), http://rulewerk.semantic-web.org/normalForm/conj(?I, ?D1, ?D2), http://rulewerk.semantic-web.org/normalForm/isSubClass(?I) >>>
18:45:07 [INFO] Execution step: Body
18:45:07 [INFO] Saved temporary table: 2992 entries (34938)
18:45:07 [INFO] Execution step: Duplicate Elimination (Datalog)
18:45:07 [INFO] Saved permanent table http://rulewerk.semantic-web.org/inferred/subClassOf (383) Permutation { idx_to_val: [], val_to_idx: [] } with 2992 entries (34986)
18:45:07 [INFO] Rule duration: 51 ms
18:45:07 [INFO] <<< STEP 384: APPLYING RULE 37 http://rulewerk.semantic-web.org/inferred/subClassOf(?C, ?I) :- http://rulewerk.semantic-web.org/inferred/subClassOf(?C, ?D1), http://rulewerk.semantic-web.org/inferred/subClassOf(?C, ?D2), http://rulewerk.semantic-web.org/normalForm/conj(?I, ?D1, ?D2), http://rulewerk.semantic-web.org/normalForm/isSubClass(?I) >>>
18:45:07 [INFO] Execution step: Body
18:45:07 [INFO] Saved temporary table: 418 entries (13122)
18:45:07 [INFO] Execution step: Duplicate Elimination (Datalog)
18:45:07 [INFO] Saved permanent table http://rulewerk.semantic-web.org/inferred/subClassOf (384) Permutation { idx_to_val: [], val_to_idx: [] } with 418 entries (13170)
18:45:07 [INFO] Rule duration: 24 ms
18:45:07 [INFO] <<< STEP 385: APPLYING RULE 37 http://rulewerk.semantic-web.org/inferred/subClassOf(?C, ?I) :- http://rulewerk.semantic-web.org/inferred/subClassOf(?C, ?D1), http://rulewerk.semantic-web.org/inferred/subClassOf(?C, ?D2), http://rulewerk.semantic-web.org/normalForm/conj(?I, ?D1, ?D2), http://rulewerk.semantic-web.org/normalForm/isSubClass(?I) >>>
18:45:07 [INFO] Execution step: Body
18:45:07 [INFO] Trie does not contain any elements
18:45:07 [INFO] Execution step: Duplicate Elimination (Datalog)
18:45:07 [INFO] Trie does not contain any elements
18:45:07 [INFO] Rule duration: 18 ms
18:45:07 [INFO] <<< STEP 386: APPLYING RULE 38 http://rulewerk.semantic-web.org/inferred/ex(?E, ?R, ?C) :- http://rulewerk.semantic-web.org/inferred/subClassOf(?E, ?Y), http://rulewerk.semantic-web.org/normalForm/exists(?Y, ?R, ?C) >>>
18:45:07 [INFO] Execution step: Body
18:45:07 [INFO] Saved temporary table: 2661 entries (64620)
18:45:07 [INFO] Execution step: Duplicate Elimination (Datalog)
18:45:07 [INFO] Saved permanent table http://rulewerk.semantic-web.org/inferred/ex (386) Permutation { idx_to_val: [], val_to_idx: [] } with 2661 entries (64668)
18:45:07 [INFO] Rule duration: 3 ms
18:45:07 [INFO] <<< STEP 387: APPLYING RULE 39 http://rulewerk.semantic-web.org/inferred/subClassOf(?E, ?Y) :- http://rulewerk.semantic-web.org/inferred/ex(?E, ?R, ?C), http://rulewerk.semantic-web.org/inferred/subClassOf(?C, ?D), http://rulewerk.semantic-web.org/normalForm/subProp(?R, ?S), http://rulewerk.semantic-web.org/normalForm/exists(?Y, ?S, ?D), http://rulewerk.semantic-web.org/normalForm/isSubClass(?Y) >>>
18:45:07 [INFO] Execution step: Body
18:45:07 [INFO] Saved temporary table: 7039 entries (55314)
18:45:07 [INFO] Execution step: Duplicate Elimination (Datalog)
18:45:07 [INFO] Saved permanent table http://rulewerk.semantic-web.org/inferred/subClassOf (387) Permutation { idx_to_val: [], val_to_idx: [] } with 1136 entries (18262)
18:45:07 [INFO] Rule duration: 58 ms
18:45:07 [INFO] <<< STEP 388: APPLYING RULE 39 http://rulewerk.semantic-web.org/inferred/subClassOf(?E, ?Y) :- http://rulewerk.semantic-web.org/inferred/ex(?E, ?R, ?C), http://rulewerk.semantic-web.org/inferred/subClassOf(?C, ?D), http://rulewerk.semantic-web.org/normalForm/subProp(?R, ?S), http://rulewerk.semantic-web.org/normalForm/exists(?Y, ?S, ?D), http://rulewerk.semantic-web.org/normalForm/isSubClass(?Y) >>>
18:45:07 [INFO] Execution step: Body
18:45:07 [INFO] Trie does not contain any elements
18:45:07 [INFO] Execution step: Duplicate Elimination (Datalog)
18:45:07 [INFO] Trie does not contain any elements
18:45:07 [INFO] Rule duration: 1 ms
18:45:07 [INFO] <<< STEP 389: APPLYING RULE 40 http://rulewerk.semantic-web.org/inferred/ex(?E, ?S, ?D) :- http://rulewerk.semantic-web.org/inferred/ex(?E, ?R1, ?C), http://rulewerk.semantic-web.org/inferred/ex(?C, ?R2, ?D), http://rulewerk.semantic-web.org/normalForm/subProp(?R1, ?S1), http://rulewerk.semantic-web.org/normalForm/subProp(?R2, ?S2), http://rulewerk.semantic-web.org/normalForm/subPropChain(?S1, ?S2, ?S) >>>
18:45:07 [INFO] Execution step: Body
18:45:07 [INFO] Trie does not contain any elements
18:45:07 [INFO] Execution step: Duplicate Elimination (Datalog)
18:45:07 [INFO] Trie does not contain any elements
18:45:07 [INFO] Rule duration: 1 ms
18:45:07 [INFO] <<< STEP 390: APPLYING RULE 41 http://rulewerk.semantic-web.org/inferred/subClassOf(?C, ?E) :- http://rulewerk.semantic-web.org/inferred/subClassOf(?C, ?D), http://rulewerk.semantic-web.org/normalForm/subClassOf(?D, ?E) >>>
18:45:07 [INFO] Execution step: Body
18:45:07 [INFO] Saved temporary table: 2193 entries (28094)
18:45:07 [INFO] Execution step: Duplicate Elimination (Datalog)
18:45:07 [INFO] Saved permanent table http://rulewerk.semantic-web.org/inferred/subClassOf (390) Permutation { idx_to_val: [], val_to_idx: [] } with 2193 entries (28142)
18:45:07 [INFO] Rule duration: 10 ms
18:45:07 [INFO] <<< STEP 391: APPLYING RULE 41 http://rulewerk.semantic-web.org/inferred/subClassOf(?C, ?E) :- http://rulewerk.semantic-web.org/inferred/subClassOf(?C, ?D), http://rulewerk.semantic-web.org/normalForm/subClassOf(?D, ?E) >>>
18:45:07 [INFO] Execution step: Body
18:45:07 [INFO] Saved temporary table: 2446 entries (29106)
18:45:07 [INFO] Execution step: Duplicate Elimination (Datalog)
18:45:07 [INFO] Saved permanent table http://rulewerk.semantic-web.org/inferred/subClassOf (391) Permutation { idx_to_val: [], val_to_idx: [] } with 132 entries (9146)
18:45:07 [INFO] Rule duration: 10 ms
18:45:07 [INFO] <<< STEP 392: APPLYING RULE 41 http://rulewerk.semantic-web.org/inferred/subClassOf(?C, ?E) :- http://rulewerk.semantic-web.org/inferred/subClassOf(?C, ?D), http://rulewerk.semantic-web.org/normalForm/subClassOf(?D, ?E) >>>
18:45:07 [INFO] Execution step: Body
18:45:07 [INFO] Trie does not contain any elements
18:45:07 [INFO] Execution step: Duplicate Elimination (Datalog)
18:45:07 [INFO] Trie does not contain any elements
18:45:07 [INFO] Rule duration: 0 ms
18:45:07 [INFO] <<< STEP 393: APPLYING RULE 42 http://rulewerk.semantic-web.org/inferred/subClassOf(?E, "<http://www.w3.org/2002/07/owl#Nothing>") :- http://rulewerk.semantic-web.org/inferred/ex(?E, ?R, ?C), http://rulewerk.semantic-web.org/inferred/subClassOf(?C, ?_BODY_1), Equal(?_BODY_1, "<http://www.w3.org/2002/07/owl#Nothing>") >>>
18:45:07 [INFO] Execution step: Body
18:45:07 [INFO] Trie does not contain any elements
18:45:07 [INFO] Execution step: Duplicate Elimination (Datalog)
18:45:07 [INFO] Trie does not contain any elements
18:45:07 [INFO] Rule duration: 5 ms
18:45:07 [INFO] <<< STEP 394: APPLYING RULE 33 http://rulewerk.semantic-web.org/inferred/init(?C) :- http://rulewerk.semantic-web.org/inferred/ex(?E, ?R, ?C) >>>
18:45:07 [INFO] Execution step: Body
18:45:07 [INFO] Saved temporary table: 143 entries (3972)
18:45:07 [INFO] Execution step: Duplicate Elimination (Datalog)
18:45:07 [INFO] Trie does not contain any elements
18:45:07 [INFO] Rule duration: 0 ms
18:45:07 [INFO] <<< STEP 395: APPLYING RULE 34 http://rulewerk.semantic-web.org/inferred/subClassOf(?C, ?C) :- http://rulewerk.semantic-web.org/inferred/init(?C) >>>
18:45:07 [INFO] Execution step: Body
18:45:07 [INFO] Trie does not contain any elements
18:45:07 [INFO] Execution step: Duplicate Elimination (Datalog)
18:45:07 [INFO] Trie does not contain any elements
18:45:07 [INFO] Rule duration: 0 ms
18:45:07 [INFO] <<< STEP 396: APPLYING RULE 36 http://rulewerk.semantic-web.org/inferred/subClassOf(?C, ?D1), http://rulewerk.semantic-web.org/inferred/subClassOf(?C, ?D2) :- http://rulewerk.semantic-web.org/inferred/subClassOf(?C, ?Y), http://rulewerk.semantic-web.org/normalForm/conj(?Y, ?D1, ?D2) >>>
18:45:07 [INFO] Execution step: Body
18:45:07 [INFO] Saved temporary table: 2870 entries (34450)
18:45:07 [INFO] Saved temporary table: 2725 entries (33870)
18:45:07 [INFO] Execution step: Duplicate Elimination (Datalog)
18:45:07 [INFO] Trie does not contain any elements
18:45:07 [INFO] Rule duration: 21 ms
18:45:07 [INFO] <<< STEP 397: APPLYING RULE 37 http://rulewerk.semantic-web.org/inferred/subClassOf(?C, ?I) :- http://rulewerk.semantic-web.org/inferred/subClassOf(?C, ?D1), http://rulewerk.semantic-web.org/inferred/subClassOf(?C, ?D2), http://rulewerk.semantic-web.org/normalForm/conj(?I, ?D1, ?D2), http://rulewerk.semantic-web.org/normalForm/isSubClass(?I) >>>
18:45:07 [INFO] Execution step: Body
18:45:07 [INFO] Saved temporary table: 1118 entries (18394)
18:45:07 [INFO] Execution step: Duplicate Elimination (Datalog)
18:45:07 [INFO] Saved permanent table http://rulewerk.semantic-web.org/inferred/subClassOf (397) Permutation { idx_to_val: [], val_to_idx: [] } with 1118 entries (18442)
18:45:07 [INFO] Rule duration: 34 ms
18:45:07 [INFO] <<< STEP 398: APPLYING RULE 37 http://rulewerk.semantic-web.org/inferred/subClassOf(?C, ?I) :- http://rulewerk.semantic-web.org/inferred/subClassOf(?C, ?D1), http://rulewerk.semantic-web.org/inferred/subClassOf(?C, ?D2), http://rulewerk.semantic-web.org/normalForm/conj(?I, ?D1, ?D2), http://rulewerk.semantic-web.org/normalForm/isSubClass(?I) >>>
18:45:07 [INFO] Execution step: Body
18:45:07 [INFO] Saved temporary table: 108 entries (8702)
18:45:07 [INFO] Execution step: Duplicate Elimination (Datalog)
18:45:07 [INFO] Saved permanent table http://rulewerk.semantic-web.org/inferred/subClassOf (398) Permutation { idx_to_val: [], val_to_idx: [] } with 108 entries (8750)
18:45:07 [INFO] Rule duration: 21 ms
18:45:07 [INFO] Execution step: Combining Tables
18:45:07 [INFO] Saved permanent table http://rulewerk.semantic-web.org/inferred/subClassOf (378-400) Permutation { idx_to_val: [], val_to_idx: [] } with 8097 entries (57458)
18:45:07 [INFO] <<< STEP 399: APPLYING RULE 37 http://rulewerk.semantic-web.org/inferred/subClassOf(?C, ?I) :- http://rulewerk.semantic-web.org/inferred/subClassOf(?C, ?D1), http://rulewerk.semantic-web.org/inferred/subClassOf(?C, ?D2), http://rulewerk.semantic-web.org/normalForm/conj(?I, ?D1, ?D2), http://rulewerk.semantic-web.org/normalForm/isSubClass(?I) >>>
18:45:07 [INFO] Execution step: Body
18:45:07 [INFO] Trie does not contain any elements
18:45:07 [INFO] Execution step: Duplicate Elimination (Datalog)
18:45:07 [INFO] Trie does not contain any elements
18:45:07 [INFO] Rule duration: 18 ms
18:45:07 [INFO] <<< STEP 400: APPLYING RULE 38 http://rulewerk.semantic-web.org/inferred/ex(?E, ?R, ?C) :- http://rulewerk.semantic-web.org/inferred/subClassOf(?E, ?Y), http://rulewerk.semantic-web.org/normalForm/exists(?Y, ?R, ?C) >>>
18:45:07 [INFO] Execution step: Body
18:45:07 [INFO] Saved temporary table: 1268 entries (33884)
18:45:07 [INFO] Execution step: Duplicate Elimination (Datalog)
18:45:07 [INFO] Saved permanent table http://rulewerk.semantic-web.org/inferred/ex (400) Permutation { idx_to_val: [], val_to_idx: [] } with 1268 entries (33932)
18:45:07 [INFO] Rule duration: 2 ms
18:45:07 [INFO] Execution step: Combining Tables
18:45:07 [INFO] Saved permanent table http://rulewerk.semantic-web.org/inferred/ex (0-402) Permutation { idx_to_val: [], val_to_idx: [] } with 309106 entries (3432676)
18:45:07 [INFO] <<< STEP 401: APPLYING RULE 39 http://rulewerk.semantic-web.org/inferred/subClassOf(?E, ?Y) :- http://rulewerk.semantic-web.org/inferred/ex(?E, ?R, ?C), http://rulewerk.semantic-web.org/inferred/subClassOf(?C, ?D), http://rulewerk.semantic-web.org/normalForm/subProp(?R, ?S), http://rulewerk.semantic-web.org/normalForm/exists(?Y, ?S, ?D), http://rulewerk.semantic-web.org/normalForm/isSubClass(?Y) >>>
18:45:07 [INFO] Execution step: Body
18:45:07 [INFO] Saved temporary table: 2095 entries (22998)
18:45:07 [INFO] Execution step: Duplicate Elimination (Datalog)
18:45:07 [INFO] Saved permanent table http://rulewerk.semantic-web.org/inferred/subClassOf (401) Permutation { idx_to_val: [], val_to_idx: [] } with 243 entries (9866)
18:45:07 [INFO] Rule duration: 45 ms
18:45:07 [INFO] <<< STEP 402: APPLYING RULE 39 http://rulewerk.semantic-web.org/inferred/subClassOf(?E, ?Y) :- http://rulewerk.semantic-web.org/inferred/ex(?E, ?R, ?C), http://rulewerk.semantic-web.org/inferred/subClassOf(?C, ?D), http://rulewerk.semantic-web.org/normalForm/subProp(?R, ?S), http://rulewerk.semantic-web.org/normalForm/exists(?Y, ?S, ?D), http://rulewerk.semantic-web.org/normalForm/isSubClass(?Y) >>>
18:45:07 [INFO] Execution step: Body
18:45:07 [INFO] Trie does not contain any elements
18:45:07 [INFO] Execution step: Duplicate Elimination (Datalog)
18:45:07 [INFO] Trie does not contain any elements
18:45:07 [INFO] Rule duration: 168 ms
18:45:07 [INFO] <<< STEP 403: APPLYING RULE 40 http://rulewerk.semantic-web.org/inferred/ex(?E, ?S, ?D) :- http://rulewerk.semantic-web.org/inferred/ex(?E, ?R1, ?C), http://rulewerk.semantic-web.org/inferred/ex(?C, ?R2, ?D), http://rulewerk.semantic-web.org/normalForm/subProp(?R1, ?S1), http://rulewerk.semantic-web.org/normalForm/subProp(?R2, ?S2), http://rulewerk.semantic-web.org/normalForm/subPropChain(?S1, ?S2, ?S) >>>
18:45:07 [INFO] Execution step: Body
18:45:07 [INFO] Trie does not contain any elements
18:45:07 [INFO] Execution step: Duplicate Elimination (Datalog)
18:45:07 [INFO] Trie does not contain any elements
18:45:07 [INFO] Rule duration: 156 ms
18:45:07 [INFO] <<< STEP 404: APPLYING RULE 41 http://rulewerk.semantic-web.org/inferred/subClassOf(?C, ?E) :- http://rulewerk.semantic-web.org/inferred/subClassOf(?C, ?D), http://rulewerk.semantic-web.org/normalForm/subClassOf(?D, ?E) >>>
18:45:07 [INFO] Execution step: Body
18:45:07 [INFO] Saved temporary table: 810 entries (17066)
18:45:07 [INFO] Execution step: Duplicate Elimination (Datalog)
18:45:07 [INFO] Saved permanent table http://rulewerk.semantic-web.org/inferred/subClassOf (404) Permutation { idx_to_val: [], val_to_idx: [] } with 810 entries (17114)
18:45:07 [INFO] Rule duration: 8 ms
18:45:07 [INFO] <<< STEP 405: APPLYING RULE 41 http://rulewerk.semantic-web.org/inferred/subClassOf(?C, ?E) :- http://rulewerk.semantic-web.org/inferred/subClassOf(?C, ?D), http://rulewerk.semantic-web.org/normalForm/subClassOf(?D, ?E) >>>
18:45:07 [INFO] Execution step: Body
18:45:07 [INFO] Saved temporary table: 873 entries (17318)
18:45:07 [INFO] Execution step: Duplicate Elimination (Datalog)
18:45:07 [INFO] Saved permanent table http://rulewerk.semantic-web.org/inferred/subClassOf (405) Permutation { idx_to_val: [], val_to_idx: [] } with 55 entries (7676)
18:45:07 [INFO] Rule duration: 11 ms
18:45:07 [INFO] <<< STEP 406: APPLYING RULE 41 http://rulewerk.semantic-web.org/inferred/subClassOf(?C, ?E) :- http://rulewerk.semantic-web.org/inferred/subClassOf(?C, ?D), http://rulewerk.semantic-web.org/normalForm/subClassOf(?D, ?E) >>>
18:45:07 [INFO] Execution step: Body
18:45:07 [INFO] Trie does not contain any elements
18:45:07 [INFO] Execution step: Duplicate Elimination (Datalog)
18:45:07 [INFO] Trie does not contain any elements
18:45:07 [INFO] Rule duration: 1 ms
18:45:07 [INFO] <<< STEP 407: APPLYING RULE 42 http://rulewerk.semantic-web.org/inferred/subClassOf(?E, "<http://www.w3.org/2002/07/owl#Nothing>") :- http://rulewerk.semantic-web.org/inferred/ex(?E, ?R, ?C), http://rulewerk.semantic-web.org/inferred/subClassOf(?C, ?_BODY_1), Equal(?_BODY_1, "<http://www.w3.org/2002/07/owl#Nothing>") >>>
18:45:07 [INFO] Execution step: Body
18:45:07 [INFO] Trie does not contain any elements
18:45:07 [INFO] Execution step: Duplicate Elimination (Datalog)
18:45:07 [INFO] Trie does not contain any elements
18:45:07 [INFO] Rule duration: 5 ms
18:45:07 [INFO] <<< STEP 408: APPLYING RULE 33 http://rulewerk.semantic-web.org/inferred/init(?C) :- http://rulewerk.semantic-web.org/inferred/ex(?E, ?R, ?C) >>>
18:45:07 [INFO] Execution step: Body
18:45:07 [INFO] Saved temporary table: 77 entries (3708)
18:45:07 [INFO] Execution step: Duplicate Elimination (Datalog)
18:45:07 [INFO] Trie does not contain any elements
18:45:07 [INFO] Rule duration: 0 ms
18:45:07 [INFO] <<< STEP 409: APPLYING RULE 34 http://rulewerk.semantic-web.org/inferred/subClassOf(?C, ?C) :- http://rulewerk.semantic-web.org/inferred/init(?C) >>>
18:45:07 [INFO] Execution step: Body
18:45:07 [INFO] Trie does not contain any elements
18:45:07 [INFO] Execution step: Duplicate Elimination (Datalog)
18:45:07 [INFO] Trie does not contain any elements
18:45:07 [INFO] Rule duration: 0 ms
18:45:07 [INFO] <<< STEP 410: APPLYING RULE 36 http://rulewerk.semantic-web.org/inferred/subClassOf(?C, ?D1), http://rulewerk.semantic-web.org/inferred/subClassOf(?C, ?D2) :- http://rulewerk.semantic-web.org/inferred/subClassOf(?C, ?Y), http://rulewerk.semantic-web.org/normalForm/conj(?Y, ?D1, ?D2) >>>
18:45:07 [INFO] Execution step: Body
18:45:07 [INFO] Saved temporary table: 1061 entries (18166)
18:45:07 [INFO] Saved temporary table: 940 entries (17682)
18:45:07 [INFO] Execution step: Duplicate Elimination (Datalog)
18:45:07 [INFO] Trie does not contain any elements
18:45:07 [INFO] Rule duration: 19 ms
18:45:07 [INFO] <<< STEP 411: APPLYING RULE 37 http://rulewerk.semantic-web.org/inferred/subClassOf(?C, ?I) :- http://rulewerk.semantic-web.org/inferred/subClassOf(?C, ?D1), http://rulewerk.semantic-web.org/inferred/subClassOf(?C, ?D2), http://rulewerk.semantic-web.org/normalForm/conj(?I, ?D1, ?D2), http://rulewerk.semantic-web.org/normalForm/isSubClass(?I) >>>
18:45:07 [INFO] Execution step: Body
18:45:07 [INFO] Saved temporary table: 338 entries (10210)
18:45:07 [INFO] Execution step: Duplicate Elimination (Datalog)
18:45:07 [INFO] Saved permanent table http://rulewerk.semantic-web.org/inferred/subClassOf (411) Permutation { idx_to_val: [], val_to_idx: [] } with 338 entries (10258)
18:45:07 [INFO] Rule duration: 43 ms
18:45:07 [INFO] <<< STEP 412: APPLYING RULE 37 http://rulewerk.semantic-web.org/inferred/subClassOf(?C, ?I) :- http://rulewerk.semantic-web.org/inferred/subClassOf(?C, ?D1), http://rulewerk.semantic-web.org/inferred/subClassOf(?C, ?D2), http://rulewerk.semantic-web.org/normalForm/conj(?I, ?D1, ?D2), http://rulewerk.semantic-web.org/normalForm/isSubClass(?I) >>>
18:45:07 [INFO] Execution step: Body
18:45:07 [INFO] Saved temporary table: 48 entries (9488)
18:45:07 [INFO] Execution step: Duplicate Elimination (Datalog)
18:45:07 [INFO] Saved permanent table http://rulewerk.semantic-web.org/inferred/subClassOf (412) Permutation { idx_to_val: [], val_to_idx: [] } with 48 entries (9536)
18:45:07 [INFO] Rule duration: 21 ms
18:45:07 [INFO] <<< STEP 413: APPLYING RULE 37 http://rulewerk.semantic-web.org/inferred/subClassOf(?C, ?I) :- http://rulewerk.semantic-web.org/inferred/subClassOf(?C, ?D1), http://rulewerk.semantic-web.org/inferred/subClassOf(?C, ?D2), http://rulewerk.semantic-web.org/normalForm/conj(?I, ?D1, ?D2), http://rulewerk.semantic-web.org/normalForm/isSubClass(?I) >>>
18:45:07 [INFO] Execution step: Body
18:45:07 [INFO] Trie does not contain any elements
18:45:07 [INFO] Execution step: Duplicate Elimination (Datalog)
18:45:07 [INFO] Trie does not contain any elements
18:45:07 [INFO] Rule duration: 20 ms
18:45:07 [INFO] <<< STEP 414: APPLYING RULE 38 http://rulewerk.semantic-web.org/inferred/ex(?E, ?R, ?C) :- http://rulewerk.semantic-web.org/inferred/subClassOf(?E, ?Y), http://rulewerk.semantic-web.org/normalForm/exists(?Y, ?R, ?C) >>>
18:45:07 [INFO] Execution step: Body
18:45:07 [INFO] Saved temporary table: 298 entries (16516)
18:45:07 [INFO] Execution step: Duplicate Elimination (Datalog)
18:45:07 [INFO] Saved permanent table http://rulewerk.semantic-web.org/inferred/ex (414) Permutation { idx_to_val: [], val_to_idx: [] } with 298 entries (16564)
18:45:07 [INFO] Rule duration: 0 ms
18:45:07 [INFO] <<< STEP 415: APPLYING RULE 39 http://rulewerk.semantic-web.org/inferred/subClassOf(?E, ?Y) :- http://rulewerk.semantic-web.org/inferred/ex(?E, ?R, ?C), http://rulewerk.semantic-web.org/inferred/subClassOf(?C, ?D), http://rulewerk.semantic-web.org/normalForm/subProp(?R, ?S), http://rulewerk.semantic-web.org/normalForm/exists(?Y, ?S, ?D), http://rulewerk.semantic-web.org/normalForm/isSubClass(?Y) >>>
18:45:07 [INFO] Execution step: Body
18:45:08 [INFO] Saved temporary table: 667 entries (11946)
18:45:08 [INFO] Execution step: Duplicate Elimination (Datalog)
18:45:08 [INFO] Saved permanent table http://rulewerk.semantic-web.org/inferred/subClassOf (415) Permutation { idx_to_val: [], val_to_idx: [] } with 134 entries (8518)
18:45:08 [INFO] Rule duration: 39 ms
18:45:08 [INFO] <<< STEP 416: APPLYING RULE 39 http://rulewerk.semantic-web.org/inferred/subClassOf(?E, ?Y) :- http://rulewerk.semantic-web.org/inferred/ex(?E, ?R, ?C), http://rulewerk.semantic-web.org/inferred/subClassOf(?C, ?D), http://rulewerk.semantic-web.org/normalForm/subProp(?R, ?S), http://rulewerk.semantic-web.org/normalForm/exists(?Y, ?S, ?D), http://rulewerk.semantic-web.org/normalForm/isSubClass(?Y) >>>
18:45:08 [INFO] Execution step: Body
18:45:08 [INFO] Trie does not contain any elements
18:45:08 [INFO] Execution step: Duplicate Elimination (Datalog)
18:45:08 [INFO] Trie does not contain any elements
18:45:08 [INFO] Rule duration: 1 ms
18:45:08 [INFO] <<< STEP 417: APPLYING RULE 40 http://rulewerk.semantic-web.org/inferred/ex(?E, ?S, ?D) :- http://rulewerk.semantic-web.org/inferred/ex(?E, ?R1, ?C), http://rulewerk.semantic-web.org/inferred/ex(?C, ?R2, ?D), http://rulewerk.semantic-web.org/normalForm/subProp(?R1, ?S1), http://rulewerk.semantic-web.org/normalForm/subProp(?R2, ?S2), http://rulewerk.semantic-web.org/normalForm/subPropChain(?S1, ?S2, ?S) >>>
18:45:08 [INFO] Execution step: Body
18:45:08 [INFO] Trie does not contain any elements
18:45:08 [INFO] Execution step: Duplicate Elimination (Datalog)
18:45:08 [INFO] Trie does not contain any elements
18:45:08 [INFO] Rule duration: 171 ms
18:45:08 [INFO] <<< STEP 418: APPLYING RULE 41 http://rulewerk.semantic-web.org/inferred/subClassOf(?C, ?E) :- http://rulewerk.semantic-web.org/inferred/subClassOf(?C, ?D), http://rulewerk.semantic-web.org/normalForm/subClassOf(?D, ?E) >>>
18:45:08 [INFO] Execution step: Body
18:45:08 [INFO] Saved temporary table: 276 entries (9950)
18:45:08 [INFO] Execution step: Duplicate Elimination (Datalog)
18:45:08 [INFO] Saved permanent table http://rulewerk.semantic-web.org/inferred/subClassOf (418) Permutation { idx_to_val: [], val_to_idx: [] } with 276 entries (9998)
18:45:08 [INFO] Rule duration: 3 ms
18:45:08 [INFO] <<< STEP 419: APPLYING RULE 41 http://rulewerk.semantic-web.org/inferred/subClassOf(?C, ?E) :- http://rulewerk.semantic-web.org/inferred/subClassOf(?C, ?D), http://rulewerk.semantic-web.org/normalForm/subClassOf(?D, ?E) >>>
18:45:08 [INFO] Execution step: Body
18:45:08 [INFO] Saved temporary table: 328 entries (10158)
18:45:08 [INFO] Execution step: Duplicate Elimination (Datalog)
18:45:08 [INFO] Saved permanent table http://rulewerk.semantic-web.org/inferred/subClassOf (419) Permutation { idx_to_val: [], val_to_idx: [] } with 21 entries (7816)
18:45:08 [INFO] Rule duration: 2 ms
18:45:08 [INFO] Execution step: Combining Tables
18:45:08 [INFO] Saved permanent table http://rulewerk.semantic-web.org/inferred/subClassOf (400-421) Permutation { idx_to_val: [], val_to_idx: [] } with 1925 entries (22270)
18:45:08 [INFO] <<< STEP 420: APPLYING RULE 41 http://rulewerk.semantic-web.org/inferred/subClassOf(?C, ?E) :- http://rulewerk.semantic-web.org/inferred/subClassOf(?C, ?D), http://rulewerk.semantic-web.org/normalForm/subClassOf(?D, ?E) >>>
18:45:08 [INFO] Execution step: Body
18:45:08 [INFO] Trie does not contain any elements
18:45:08 [INFO] Execution step: Duplicate Elimination (Datalog)
18:45:08 [INFO] Trie does not contain any elements
18:45:08 [INFO] Rule duration: 0 ms
18:45:08 [INFO] <<< STEP 421: APPLYING RULE 42 http://rulewerk.semantic-web.org/inferred/subClassOf(?E, "<http://www.w3.org/2002/07/owl#Nothing>") :- http://rulewerk.semantic-web.org/inferred/ex(?E, ?R, ?C), http://rulewerk.semantic-web.org/inferred/subClassOf(?C, ?_BODY_1), Equal(?_BODY_1, "<http://www.w3.org/2002/07/owl#Nothing>") >>>
18:45:08 [INFO] Execution step: Body
18:45:08 [INFO] Trie does not contain any elements
18:45:08 [INFO] Execution step: Duplicate Elimination (Datalog)
18:45:08 [INFO] Trie does not contain any elements
18:45:08 [INFO] Rule duration: 1 ms
18:45:08 [INFO] <<< STEP 422: APPLYING RULE 33 http://rulewerk.semantic-web.org/inferred/init(?C) :- http://rulewerk.semantic-web.org/inferred/ex(?E, ?R, ?C) >>>
18:45:08 [INFO] Execution step: Body
18:45:08 [INFO] Saved temporary table: 44 entries (3576)
18:45:08 [INFO] Execution step: Duplicate Elimination (Datalog)
18:45:08 [INFO] Trie does not contain any elements
18:45:08 [INFO] Rule duration: 0 ms
18:45:08 [INFO] <<< STEP 423: APPLYING RULE 34 http://rulewerk.semantic-web.org/inferred/subClassOf(?C, ?C) :- http://rulewerk.semantic-web.org/inferred/init(?C) >>>
18:45:08 [INFO] Execution step: Body
18:45:08 [INFO] Trie does not contain any elements
18:45:08 [INFO] Execution step: Duplicate Elimination (Datalog)
18:45:08 [INFO] Trie does not contain any elements
18:45:08 [INFO] Rule duration: 0 ms
18:45:08 [INFO] <<< STEP 424: APPLYING RULE 36 http://rulewerk.semantic-web.org/inferred/subClassOf(?C, ?D1), http://rulewerk.semantic-web.org/inferred/subClassOf(?C, ?D2) :- http://rulewerk.semantic-web.org/inferred/subClassOf(?C, ?Y), http://rulewerk.semantic-web.org/normalForm/conj(?Y, ?D1, ?D2) >>>
18:45:08 [INFO] Execution step: Body
18:45:08 [INFO] Saved temporary table: 335 entries (10198)
18:45:08 [INFO] Saved temporary table: 297 entries (10046)
18:45:08 [INFO] Execution step: Duplicate Elimination (Datalog)
18:45:08 [INFO] Trie does not contain any elements
18:45:08 [INFO] Rule duration: 4 ms
18:45:08 [INFO] <<< STEP 425: APPLYING RULE 37 http://rulewerk.semantic-web.org/inferred/subClassOf(?C, ?I) :- http://rulewerk.semantic-web.org/inferred/subClassOf(?C, ?D1), http://rulewerk.semantic-web.org/inferred/subClassOf(?C, ?D2), http://rulewerk.semantic-web.org/normalForm/conj(?I, ?D1, ?D2), http://rulewerk.semantic-web.org/normalForm/isSubClass(?I) >>>
18:45:08 [INFO] Execution step: Body
18:45:08 [INFO] Saved temporary table: 142 entries (8574)
18:45:08 [INFO] Execution step: Duplicate Elimination (Datalog)
18:45:08 [INFO] Saved permanent table http://rulewerk.semantic-web.org/inferred/subClassOf (425) Permutation { idx_to_val: [], val_to_idx: [] } with 142 entries (8622)
18:45:08 [INFO] Rule duration: 27 ms
18:45:08 [INFO] <<< STEP 426: APPLYING RULE 37 http://rulewerk.semantic-web.org/inferred/subClassOf(?C, ?I) :- http://rulewerk.semantic-web.org/inferred/subClassOf(?C, ?D1), http://rulewerk.semantic-web.org/inferred/subClassOf(?C, ?D2), http://rulewerk.semantic-web.org/normalForm/conj(?I, ?D1, ?D2), http://rulewerk.semantic-web.org/normalForm/isSubClass(?I) >>>
18:45:08 [INFO] Execution step: Body
18:45:08 [INFO] Saved temporary table: 30 entries (8480)
18:45:08 [INFO] Execution step: Duplicate Elimination (Datalog)
18:45:08 [INFO] Saved permanent table http://rulewerk.semantic-web.org/inferred/subClassOf (426) Permutation { idx_to_val: [], val_to_idx: [] } with 30 entries (8528)
18:45:08 [INFO] Rule duration: 22 ms
18:45:08 [INFO] <<< STEP 427: APPLYING RULE 37 http://rulewerk.semantic-web.org/inferred/subClassOf(?C, ?I) :- http://rulewerk.semantic-web.org/inferred/subClassOf(?C, ?D1), http://rulewerk.semantic-web.org/inferred/subClassOf(?C, ?D2), http://rulewerk.semantic-web.org/normalForm/conj(?I, ?D1, ?D2), http://rulewerk.semantic-web.org/normalForm/isSubClass(?I) >>>
18:45:08 [INFO] Execution step: Body
18:45:08 [INFO] Trie does not contain any elements
18:45:08 [INFO] Execution step: Duplicate Elimination (Datalog)
18:45:08 [INFO] Trie does not contain any elements
18:45:08 [INFO] Rule duration: 21 ms
18:45:08 [INFO] <<< STEP 428: APPLYING RULE 38 http://rulewerk.semantic-web.org/inferred/ex(?E, ?R, ?C) :- http://rulewerk.semantic-web.org/inferred/subClassOf(?E, ?Y), http://rulewerk.semantic-web.org/normalForm/exists(?Y, ?R, ?C) >>>
18:45:08 [INFO] Execution step: Body
18:45:08 [INFO] Saved temporary table: 155 entries (13448)
18:45:08 [INFO] Execution step: Duplicate Elimination (Datalog)
18:45:08 [INFO] Saved permanent table http://rulewerk.semantic-web.org/inferred/ex (428) Permutation { idx_to_val: [], val_to_idx: [] } with 155 entries (13496)
18:45:08 [INFO] Rule duration: 0 ms
18:45:08 [INFO] <<< STEP 429: APPLYING RULE 39 http://rulewerk.semantic-web.org/inferred/subClassOf(?E, ?Y) :- http://rulewerk.semantic-web.org/inferred/ex(?E, ?R, ?C), http://rulewerk.semantic-web.org/inferred/subClassOf(?C, ?D), http://rulewerk.semantic-web.org/normalForm/subProp(?R, ?S), http://rulewerk.semantic-web.org/normalForm/exists(?Y, ?S, ?D), http://rulewerk.semantic-web.org/normalForm/isSubClass(?Y) >>>
18:45:08 [INFO] Execution step: Body
18:45:08 [INFO] Saved temporary table: 213 entries (8978)
18:45:08 [INFO] Execution step: Duplicate Elimination (Datalog)
18:45:08 [INFO] Saved permanent table http://rulewerk.semantic-web.org/inferred/subClassOf (429) Permutation { idx_to_val: [], val_to_idx: [] } with 36 entries (8344)
18:45:08 [INFO] Rule duration: 37 ms
18:45:08 [INFO] <<< STEP 430: APPLYING RULE 39 http://rulewerk.semantic-web.org/inferred/subClassOf(?E, ?Y) :- http://rulewerk.semantic-web.org/inferred/ex(?E, ?R, ?C), http://rulewerk.semantic-web.org/inferred/subClassOf(?C, ?D), http://rulewerk.semantic-web.org/normalForm/subProp(?R, ?S), http://rulewerk.semantic-web.org/normalForm/exists(?Y, ?S, ?D), http://rulewerk.semantic-web.org/normalForm/isSubClass(?Y) >>>
18:45:08 [INFO] Execution step: Body
18:45:08 [INFO] Trie does not contain any elements
18:45:08 [INFO] Execution step: Duplicate Elimination (Datalog)
18:45:08 [INFO] Trie does not contain any elements
18:45:08 [INFO] Rule duration: 1 ms
18:45:08 [INFO] <<< STEP 431: APPLYING RULE 40 http://rulewerk.semantic-web.org/inferred/ex(?E, ?S, ?D) :- http://rulewerk.semantic-web.org/inferred/ex(?E, ?R1, ?C), http://rulewerk.semantic-web.org/inferred/ex(?C, ?R2, ?D), http://rulewerk.semantic-web.org/normalForm/subProp(?R1, ?S1), http://rulewerk.semantic-web.org/normalForm/subProp(?R2, ?S2), http://rulewerk.semantic-web.org/normalForm/subPropChain(?S1, ?S2, ?S) >>>
18:45:08 [INFO] Execution step: Body
18:45:08 [INFO] Trie does not contain any elements
18:45:08 [INFO] Execution step: Duplicate Elimination (Datalog)
18:45:08 [INFO] Trie does not contain any elements
18:45:08 [INFO] Rule duration: 0 ms
18:45:08 [INFO] <<< STEP 432: APPLYING RULE 41 http://rulewerk.semantic-web.org/inferred/subClassOf(?C, ?E) :- http://rulewerk.semantic-web.org/inferred/subClassOf(?C, ?D), http://rulewerk.semantic-web.org/normalForm/subClassOf(?D, ?E) >>>
18:45:08 [INFO] Execution step: Body
18:45:08 [INFO] Saved temporary table: 89 entries (8314)
18:45:08 [INFO] Execution step: Duplicate Elimination (Datalog)
18:45:08 [INFO] Saved permanent table http://rulewerk.semantic-web.org/inferred/subClassOf (432) Permutation { idx_to_val: [], val_to_idx: [] } with 89 entries (8362)
18:45:08 [INFO] Rule duration: 1 ms
18:45:08 [INFO] <<< STEP 433: APPLYING RULE 41 http://rulewerk.semantic-web.org/inferred/subClassOf(?C, ?E) :- http://rulewerk.semantic-web.org/inferred/subClassOf(?C, ?D), http://rulewerk.semantic-web.org/normalForm/subClassOf(?D, ?E) >>>
18:45:08 [INFO] Execution step: Body
18:45:08 [INFO] Saved temporary table: 116 entries (8422)
18:45:08 [INFO] Execution step: Duplicate Elimination (Datalog)
18:45:08 [INFO] Saved permanent table http://rulewerk.semantic-web.org/inferred/subClassOf (433) Permutation { idx_to_val: [], val_to_idx: [] } with 27 entries (8360)
18:45:08 [INFO] Rule duration: 1 ms
18:45:08 [INFO] <<< STEP 434: APPLYING RULE 41 http://rulewerk.semantic-web.org/inferred/subClassOf(?C, ?E) :- http://rulewerk.semantic-web.org/inferred/subClassOf(?C, ?D), http://rulewerk.semantic-web.org/normalForm/subClassOf(?D, ?E) >>>
18:45:08 [INFO] Execution step: Body
18:45:08 [INFO] Trie does not contain any elements
18:45:08 [INFO] Execution step: Duplicate Elimination (Datalog)
18:45:08 [INFO] Trie does not contain any elements
18:45:08 [INFO] Rule duration: 0 ms
18:45:08 [INFO] <<< STEP 435: APPLYING RULE 42 http://rulewerk.semantic-web.org/inferred/subClassOf(?E, "<http://www.w3.org/2002/07/owl#Nothing>") :- http://rulewerk.semantic-web.org/inferred/ex(?E, ?R, ?C), http://rulewerk.semantic-web.org/inferred/subClassOf(?C, ?_BODY_1), Equal(?_BODY_1, "<http://www.w3.org/2002/07/owl#Nothing>") >>>
18:45:08 [INFO] Execution step: Body
18:45:08 [INFO] Trie does not contain any elements
18:45:08 [INFO] Execution step: Duplicate Elimination (Datalog)
18:45:08 [INFO] Trie does not contain any elements
18:45:08 [INFO] Rule duration: 1 ms
18:45:08 [INFO] <<< STEP 436: APPLYING RULE 33 http://rulewerk.semantic-web.org/inferred/init(?C) :- http://rulewerk.semantic-web.org/inferred/ex(?E, ?R, ?C) >>>
18:45:08 [INFO] Execution step: Body
18:45:08 [INFO] Saved temporary table: 26 entries (3504)
18:45:08 [INFO] Execution step: Duplicate Elimination (Datalog)
18:45:08 [INFO] Trie does not contain any elements
18:45:08 [INFO] Rule duration: 0 ms
18:45:08 [INFO] <<< STEP 437: APPLYING RULE 34 http://rulewerk.semantic-web.org/inferred/subClassOf(?C, ?C) :- http://rulewerk.semantic-web.org/inferred/init(?C) >>>
18:45:08 [INFO] Execution step: Body
18:45:08 [INFO] Trie does not contain any elements
18:45:08 [INFO] Execution step: Duplicate Elimination (Datalog)
18:45:08 [INFO] Trie does not contain any elements
18:45:08 [INFO] Rule duration: 0 ms
18:45:08 [INFO] <<< STEP 438: APPLYING RULE 36 http://rulewerk.semantic-web.org/inferred/subClassOf(?C, ?D1), http://rulewerk.semantic-web.org/inferred/subClassOf(?C, ?D2) :- http://rulewerk.semantic-web.org/inferred/subClassOf(?C, ?Y), http://rulewerk.semantic-web.org/normalForm/conj(?Y, ?D1, ?D2) >>>
18:45:08 [INFO] Execution step: Body
18:45:08 [INFO] Saved temporary table: 161 entries (8650)
18:45:08 [INFO] Saved temporary table: 136 entries (8550)
18:45:08 [INFO] Execution step: Duplicate Elimination (Datalog)
18:45:08 [INFO] Trie does not contain any elements
18:45:08 [INFO] Rule duration: 2 ms
18:45:08 [INFO] <<< STEP 439: APPLYING RULE 37 http://rulewerk.semantic-web.org/inferred/subClassOf(?C, ?I) :- http://rulewerk.semantic-web.org/inferred/subClassOf(?C, ?D1), http://rulewerk.semantic-web.org/inferred/subClassOf(?C, ?D2), http://rulewerk.semantic-web.org/normalForm/conj(?I, ?D1, ?D2), http://rulewerk.semantic-web.org/normalForm/isSubClass(?I) >>>
18:45:08 [INFO] Execution step: Body
18:45:08 [INFO] Saved temporary table: 78 entries (8880)
18:45:08 [INFO] Execution step: Duplicate Elimination (Datalog)
18:45:08 [INFO] Saved permanent table http://rulewerk.semantic-web.org/inferred/subClassOf (439) Permutation { idx_to_val: [], val_to_idx: [] } with 78 entries (8928)
18:45:08 [INFO] Rule duration: 25 ms
18:45:08 [INFO] <<< STEP 440: APPLYING RULE 37 http://rulewerk.semantic-web.org/inferred/subClassOf(?C, ?I) :- http://rulewerk.semantic-web.org/inferred/subClassOf(?C, ?D1), http://rulewerk.semantic-web.org/inferred/subClassOf(?C, ?D2), http://rulewerk.semantic-web.org/normalForm/conj(?I, ?D1, ?D2), http://rulewerk.semantic-web.org/normalForm/isSubClass(?I) >>>
18:45:08 [INFO] Execution step: Body
18:45:08 [INFO] Saved temporary table: 26 entries (8256)
18:45:08 [INFO] Execution step: Duplicate Elimination (Datalog)
18:45:08 [INFO] Saved permanent table http://rulewerk.semantic-web.org/inferred/subClassOf (440) Permutation { idx_to_val: [], val_to_idx: [] } with 26 entries (8304)
18:45:08 [INFO] Rule duration: 26 ms
18:45:08 [INFO] <<< STEP 441: APPLYING RULE 37 http://rulewerk.semantic-web.org/inferred/subClassOf(?C, ?I) :- http://rulewerk.semantic-web.org/inferred/subClassOf(?C, ?D1), http://rulewerk.semantic-web.org/inferred/subClassOf(?C, ?D2), http://rulewerk.semantic-web.org/normalForm/conj(?I, ?D1, ?D2), http://rulewerk.semantic-web.org/normalForm/isSubClass(?I) >>>
18:45:08 [INFO] Execution step: Body
18:45:08 [INFO] Trie does not contain any elements
18:45:08 [INFO] Execution step: Duplicate Elimination (Datalog)
18:45:08 [INFO] Trie does not contain any elements
18:45:08 [INFO] Rule duration: 21 ms
18:45:08 [INFO] <<< STEP 442: APPLYING RULE 38 http://rulewerk.semantic-web.org/inferred/ex(?E, ?R, ?C) :- http://rulewerk.semantic-web.org/inferred/subClassOf(?E, ?Y), http://rulewerk.semantic-web.org/normalForm/exists(?Y, ?R, ?C) >>>
18:45:08 [INFO] Execution step: Body
18:45:08 [INFO] Saved temporary table: 63 entries (13374)
18:45:08 [INFO] Execution step: Duplicate Elimination (Datalog)
18:45:08 [INFO] Saved permanent table http://rulewerk.semantic-web.org/inferred/ex (442) Permutation { idx_to_val: [], val_to_idx: [] } with 63 entries (13422)
18:45:08 [INFO] Rule duration: 0 ms
18:45:08 [INFO] <<< STEP 443: APPLYING RULE 39 http://rulewerk.semantic-web.org/inferred/subClassOf(?E, ?Y) :- http://rulewerk.semantic-web.org/inferred/ex(?E, ?R, ?C), http://rulewerk.semantic-web.org/inferred/subClassOf(?C, ?D), http://rulewerk.semantic-web.org/normalForm/subProp(?R, ?S), http://rulewerk.semantic-web.org/normalForm/exists(?Y, ?S, ?D), http://rulewerk.semantic-web.org/normalForm/isSubClass(?Y) >>>
18:45:08 [INFO] Execution step: Body
18:45:08 [INFO] Saved temporary table: 219 entries (9912)
18:45:08 [INFO] Execution step: Duplicate Elimination (Datalog)
18:45:08 [INFO] Saved permanent table http://rulewerk.semantic-web.org/inferred/subClassOf (443) Permutation { idx_to_val: [], val_to_idx: [] } with 70 entries (8792)
18:45:08 [INFO] Rule duration: 36 ms
18:45:08 [INFO] Execution step: Combining Tables
18:45:08 [INFO] Saved permanent table http://rulewerk.semantic-web.org/inferred/subClassOf (421-445) Permutation { idx_to_val: [], val_to_idx: [] } with 498 entries (10190)
18:45:08 [INFO] <<< STEP 444: APPLYING RULE 39 http://rulewerk.semantic-web.org/inferred/subClassOf(?E, ?Y) :- http://rulewerk.semantic-web.org/inferred/ex(?E, ?R, ?C), http://rulewerk.semantic-web.org/inferred/subClassOf(?C, ?D), http://rulewerk.semantic-web.org/normalForm/subProp(?R, ?S), http://rulewerk.semantic-web.org/normalForm/exists(?Y, ?S, ?D), http://rulewerk.semantic-web.org/normalForm/isSubClass(?Y) >>>
18:45:08 [INFO] Execution step: Body
18:45:08 [INFO] Trie does not contain any elements
18:45:08 [INFO] Execution step: Duplicate Elimination (Datalog)
18:45:08 [INFO] Trie does not contain any elements
18:45:08 [INFO] Rule duration: 1 ms
18:45:08 [INFO] <<< STEP 445: APPLYING RULE 40 http://rulewerk.semantic-web.org/inferred/ex(?E, ?S, ?D) :- http://rulewerk.semantic-web.org/inferred/ex(?E, ?R1, ?C), http://rulewerk.semantic-web.org/inferred/ex(?C, ?R2, ?D), http://rulewerk.semantic-web.org/normalForm/subProp(?R1, ?S1), http://rulewerk.semantic-web.org/normalForm/subProp(?R2, ?S2), http://rulewerk.semantic-web.org/normalForm/subPropChain(?S1, ?S2, ?S) >>>
18:45:08 [INFO] Execution step: Body
18:45:08 [INFO] Trie does not contain any elements
18:45:08 [INFO] Execution step: Duplicate Elimination (Datalog)
18:45:08 [INFO] Trie does not contain any elements
18:45:08 [INFO] Rule duration: 0 ms
18:45:08 [INFO] <<< STEP 446: APPLYING RULE 41 http://rulewerk.semantic-web.org/inferred/subClassOf(?C, ?E) :- http://rulewerk.semantic-web.org/inferred/subClassOf(?C, ?D), http://rulewerk.semantic-web.org/normalForm/subClassOf(?D, ?E) >>>
18:45:08 [INFO] Execution step: Body
18:45:08 [INFO] Saved temporary table: 73 entries (8860)
18:45:08 [INFO] Execution step: Duplicate Elimination (Datalog)
18:45:08 [INFO] Saved permanent table http://rulewerk.semantic-web.org/inferred/subClassOf (446) Permutation { idx_to_val: [], val_to_idx: [] } with 73 entries (8908)
18:45:08 [INFO] Rule duration: 1 ms
18:45:08 [INFO] <<< STEP 447: APPLYING RULE 41 http://rulewerk.semantic-web.org/inferred/subClassOf(?C, ?E) :- http://rulewerk.semantic-web.org/inferred/subClassOf(?C, ?D), http://rulewerk.semantic-web.org/normalForm/subClassOf(?D, ?E) >>>
18:45:08 [INFO] Execution step: Body
18:45:08 [INFO] Saved temporary table: 79 entries (8884)
18:45:08 [INFO] Execution step: Duplicate Elimination (Datalog)
18:45:08 [INFO] Saved permanent table http://rulewerk.semantic-web.org/inferred/subClassOf (447) Permutation { idx_to_val: [], val_to_idx: [] } with 1 entries (6904)
18:45:08 [INFO] Rule duration: 1 ms
18:45:08 [INFO] <<< STEP 448: APPLYING RULE 41 http://rulewerk.semantic-web.org/inferred/subClassOf(?C, ?E) :- http://rulewerk.semantic-web.org/inferred/subClassOf(?C, ?D), http://rulewerk.semantic-web.org/normalForm/subClassOf(?D, ?E) >>>
18:45:08 [INFO] Execution step: Body
18:45:08 [INFO] Trie does not contain any elements
18:45:08 [INFO] Execution step: Duplicate Elimination (Datalog)
18:45:08 [INFO] Trie does not contain any elements
18:45:08 [INFO] Rule duration: 0 ms
18:45:08 [INFO] <<< STEP 449: APPLYING RULE 42 http://rulewerk.semantic-web.org/inferred/subClassOf(?E, "<http://www.w3.org/2002/07/owl#Nothing>") :- http://rulewerk.semantic-web.org/inferred/ex(?E, ?R, ?C), http://rulewerk.semantic-web.org/inferred/subClassOf(?C, ?_BODY_1), Equal(?_BODY_1, "<http://www.w3.org/2002/07/owl#Nothing>") >>>
18:45:08 [INFO] Execution step: Body
18:45:08 [INFO] Trie does not contain any elements
18:45:08 [INFO] Execution step: Duplicate Elimination (Datalog)
18:45:08 [INFO] Trie does not contain any elements
18:45:08 [INFO] Rule duration: 0 ms
18:45:08 [INFO] <<< STEP 450: APPLYING RULE 33 http://rulewerk.semantic-web.org/inferred/init(?C) :- http://rulewerk.semantic-web.org/inferred/ex(?E, ?R, ?C) >>>
18:45:08 [INFO] Execution step: Body
18:45:08 [INFO] Saved temporary table: 10 entries (3440)
18:45:08 [INFO] Execution step: Duplicate Elimination (Datalog)
18:45:08 [INFO] Trie does not contain any elements
18:45:08 [INFO] Rule duration: 0 ms
18:45:08 [INFO] <<< STEP 451: APPLYING RULE 34 http://rulewerk.semantic-web.org/inferred/subClassOf(?C, ?C) :- http://rulewerk.semantic-web.org/inferred/init(?C) >>>
18:45:08 [INFO] Execution step: Body
18:45:08 [INFO] Trie does not contain any elements
18:45:08 [INFO] Execution step: Duplicate Elimination (Datalog)
18:45:08 [INFO] Trie does not contain any elements
18:45:08 [INFO] Rule duration: 0 ms
18:45:08 [INFO] <<< STEP 452: APPLYING RULE 36 http://rulewerk.semantic-web.org/inferred/subClassOf(?C, ?D1), http://rulewerk.semantic-web.org/inferred/subClassOf(?C, ?D2) :- http://rulewerk.semantic-web.org/inferred/subClassOf(?C, ?Y), http://rulewerk.semantic-web.org/normalForm/conj(?Y, ?D1, ?D2) >>>
18:45:08 [INFO] Execution step: Body
18:45:08 [INFO] Saved temporary table: 97 entries (8956)
18:45:08 [INFO] Saved temporary table: 72 entries (8856)
18:45:08 [INFO] Execution step: Duplicate Elimination (Datalog)
18:45:08 [INFO] Trie does not contain any elements
18:45:08 [INFO] Rule duration: 1 ms
18:45:08 [INFO] <<< STEP 453: APPLYING RULE 37 http://rulewerk.semantic-web.org/inferred/subClassOf(?C, ?I) :- http://rulewerk.semantic-web.org/inferred/subClassOf(?C, ?D1), http://rulewerk.semantic-web.org/inferred/subClassOf(?C, ?D2), http://rulewerk.semantic-web.org/normalForm/conj(?I, ?D1, ?D2), http://rulewerk.semantic-web.org/normalForm/isSubClass(?I) >>>
18:45:08 [INFO] Execution step: Body
18:45:08 [INFO] Saved temporary table: 56 entries (8688)
18:45:08 [INFO] Execution step: Duplicate Elimination (Datalog)
18:45:08 [INFO] Saved permanent table http://rulewerk.semantic-web.org/inferred/subClassOf (453) Permutation { idx_to_val: [], val_to_idx: [] } with 56 entries (8736)
18:45:08 [INFO] Rule duration: 26 ms
18:45:08 [INFO] <<< STEP 454: APPLYING RULE 37 http://rulewerk.semantic-web.org/inferred/subClassOf(?C, ?I) :- http://rulewerk.semantic-web.org/inferred/subClassOf(?C, ?D1), http://rulewerk.semantic-web.org/inferred/subClassOf(?C, ?D2), http://rulewerk.semantic-web.org/normalForm/conj(?I, ?D1, ?D2), http://rulewerk.semantic-web.org/normalForm/isSubClass(?I) >>>
18:45:08 [INFO] Execution step: Body
18:45:08 [INFO] Saved temporary table: 5 entries (7080)
18:45:08 [INFO] Execution step: Duplicate Elimination (Datalog)
18:45:08 [INFO] Saved permanent table http://rulewerk.semantic-web.org/inferred/subClassOf (454) Permutation { idx_to_val: [], val_to_idx: [] } with 5 entries (7128)
18:45:08 [INFO] Rule duration: 30 ms
18:45:08 [INFO] <<< STEP 455: APPLYING RULE 37 http://rulewerk.semantic-web.org/inferred/subClassOf(?C, ?I) :- http://rulewerk.semantic-web.org/inferred/subClassOf(?C, ?D1), http://rulewerk.semantic-web.org/inferred/subClassOf(?C, ?D2), http://rulewerk.semantic-web.org/normalForm/conj(?I, ?D1, ?D2), http://rulewerk.semantic-web.org/normalForm/isSubClass(?I) >>>
18:45:08 [INFO] Execution step: Body
18:45:08 [INFO] Trie does not contain any elements
18:45:08 [INFO] Execution step: Duplicate Elimination (Datalog)
18:45:08 [INFO] Trie does not contain any elements
18:45:08 [INFO] Rule duration: 33 ms
18:45:08 [INFO] <<< STEP 456: APPLYING RULE 38 http://rulewerk.semantic-web.org/inferred/ex(?E, ?R, ?C) :- http://rulewerk.semantic-web.org/inferred/subClassOf(?E, ?Y), http://rulewerk.semantic-web.org/normalForm/exists(?Y, ?R, ?C) >>>
18:45:08 [INFO] Execution step: Body
18:45:08 [INFO] Saved temporary table: 71 entries (13916)
18:45:08 [INFO] Execution step: Duplicate Elimination (Datalog)
18:45:08 [INFO] Saved permanent table http://rulewerk.semantic-web.org/inferred/ex (456) Permutation { idx_to_val: [], val_to_idx: [] } with 71 entries (13964)
18:45:08 [INFO] Rule duration: 0 ms
18:45:08 [INFO] <<< STEP 457: APPLYING RULE 39 http://rulewerk.semantic-web.org/inferred/subClassOf(?E, ?Y) :- http://rulewerk.semantic-web.org/inferred/ex(?E, ?R, ?C), http://rulewerk.semantic-web.org/inferred/subClassOf(?C, ?D), http://rulewerk.semantic-web.org/normalForm/subProp(?R, ?S), http://rulewerk.semantic-web.org/normalForm/exists(?Y, ?S, ?D), http://rulewerk.semantic-web.org/normalForm/isSubClass(?Y) >>>
18:45:08 [INFO] Execution step: Body
18:45:08 [INFO] Saved temporary table: 86 entries (8860)
18:45:08 [INFO] Execution step: Duplicate Elimination (Datalog)
18:45:08 [INFO] Trie does not contain any elements
18:45:08 [INFO] Rule duration: 35 ms
18:45:08 [INFO] <<< STEP 458: APPLYING RULE 40 http://rulewerk.semantic-web.org/inferred/ex(?E, ?S, ?D) :- http://rulewerk.semantic-web.org/inferred/ex(?E, ?R1, ?C), http://rulewerk.semantic-web.org/inferred/ex(?C, ?R2, ?D), http://rulewerk.semantic-web.org/normalForm/subProp(?R1, ?S1), http://rulewerk.semantic-web.org/normalForm/subProp(?R2, ?S2), http://rulewerk.semantic-web.org/normalForm/subPropChain(?S1, ?S2, ?S) >>>
18:45:08 [INFO] Execution step: Body
18:45:08 [INFO] Trie does not contain any elements
18:45:08 [INFO] Execution step: Duplicate Elimination (Datalog)
18:45:08 [INFO] Trie does not contain any elements
18:45:08 [INFO] Rule duration: 0 ms
18:45:08 [INFO] <<< STEP 459: APPLYING RULE 41 http://rulewerk.semantic-web.org/inferred/subClassOf(?C, ?E) :- http://rulewerk.semantic-web.org/inferred/subClassOf(?C, ?D), http://rulewerk.semantic-web.org/normalForm/subClassOf(?D, ?E) >>>
18:45:08 [INFO] Execution step: Body
18:45:08 [INFO] Saved temporary table: 31 entries (8536)
18:45:08 [INFO] Execution step: Duplicate Elimination (Datalog)
18:45:08 [INFO] Saved permanent table http://rulewerk.semantic-web.org/inferred/subClassOf (459) Permutation { idx_to_val: [], val_to_idx: [] } with 31 entries (8584)
18:45:08 [INFO] Rule duration: 1 ms
18:45:08 [INFO] <<< STEP 460: APPLYING RULE 41 http://rulewerk.semantic-web.org/inferred/subClassOf(?C, ?E) :- http://rulewerk.semantic-web.org/inferred/subClassOf(?C, ?D), http://rulewerk.semantic-web.org/normalForm/subClassOf(?D, ?E) >>>
18:45:08 [INFO] Execution step: Body
18:45:08 [INFO] Saved temporary table: 36 entries (8556)
18:45:08 [INFO] Execution step: Duplicate Elimination (Datalog)
18:45:08 [INFO] Saved permanent table http://rulewerk.semantic-web.org/inferred/subClassOf (460) Permutation { idx_to_val: [], val_to_idx: [] } with 5 entries (7128)
18:45:08 [INFO] Rule duration: 1 ms
18:45:08 [INFO] <<< STEP 461: APPLYING RULE 41 http://rulewerk.semantic-web.org/inferred/subClassOf(?C, ?E) :- http://rulewerk.semantic-web.org/inferred/subClassOf(?C, ?D), http://rulewerk.semantic-web.org/normalForm/subClassOf(?D, ?E) >>>
18:45:08 [INFO] Execution step: Body
18:45:08 [INFO] Trie does not contain any elements
18:45:08 [INFO] Execution step: Duplicate Elimination (Datalog)
18:45:08 [INFO] Trie does not contain any elements
18:45:08 [INFO] Rule duration: 0 ms
18:45:08 [INFO] <<< STEP 462: APPLYING RULE 42 http://rulewerk.semantic-web.org/inferred/subClassOf(?E, "<http://www.w3.org/2002/07/owl#Nothing>") :- http://rulewerk.semantic-web.org/inferred/ex(?E, ?R, ?C), http://rulewerk.semantic-web.org/inferred/subClassOf(?C, ?_BODY_1), Equal(?_BODY_1, "<http://www.w3.org/2002/07/owl#Nothing>") >>>
18:45:08 [INFO] Execution step: Body
18:45:08 [INFO] Trie does not contain any elements
18:45:08 [INFO] Execution step: Duplicate Elimination (Datalog)
18:45:08 [INFO] Trie does not contain any elements
18:45:08 [INFO] Rule duration: 0 ms
18:45:08 [INFO] <<< STEP 463: APPLYING RULE 33 http://rulewerk.semantic-web.org/inferred/init(?C) :- http://rulewerk.semantic-web.org/inferred/ex(?E, ?R, ?C) >>>
18:45:08 [INFO] Execution step: Body
18:45:08 [INFO] Saved temporary table: 5 entries (3420)
18:45:08 [INFO] Execution step: Duplicate Elimination (Datalog)
18:45:08 [INFO] Trie does not contain any elements
18:45:08 [INFO] Rule duration: 0 ms
18:45:08 [INFO] <<< STEP 464: APPLYING RULE 34 http://rulewerk.semantic-web.org/inferred/subClassOf(?C, ?C) :- http://rulewerk.semantic-web.org/inferred/init(?C) >>>
18:45:08 [INFO] Execution step: Body
18:45:08 [INFO] Trie does not contain any elements
18:45:08 [INFO] Execution step: Duplicate Elimination (Datalog)
18:45:08 [INFO] Trie does not contain any elements
18:45:08 [INFO] Rule duration: 0 ms
18:45:08 [INFO] <<< STEP 465: APPLYING RULE 36 http://rulewerk.semantic-web.org/inferred/subClassOf(?C, ?D1), http://rulewerk.semantic-web.org/inferred/subClassOf(?C, ?D2) :- http://rulewerk.semantic-web.org/inferred/subClassOf(?C, ?Y), http://rulewerk.semantic-web.org/normalForm/conj(?Y, ?D1, ?D2) >>>
18:45:08 [INFO] Execution step: Body
18:45:08 [INFO] Saved temporary table: 61 entries (8708)
18:45:08 [INFO] Saved temporary table: 49 entries (8660)
18:45:08 [INFO] Execution step: Duplicate Elimination (Datalog)
18:45:08 [INFO] Trie does not contain any elements
18:45:08 [INFO] Rule duration: 1 ms
18:45:08 [INFO] <<< STEP 466: APPLYING RULE 37 http://rulewerk.semantic-web.org/inferred/subClassOf(?C, ?I) :- http://rulewerk.semantic-web.org/inferred/subClassOf(?C, ?D1), http://rulewerk.semantic-web.org/inferred/subClassOf(?C, ?D2), http://rulewerk.semantic-web.org/normalForm/conj(?I, ?D1, ?D2), http://rulewerk.semantic-web.org/normalForm/isSubClass(?I) >>>
18:45:08 [INFO] Execution step: Body
18:45:08 [INFO] Saved temporary table: 13 entries (7112)
18:45:08 [INFO] Execution step: Duplicate Elimination (Datalog)
18:45:08 [INFO] Saved permanent table http://rulewerk.semantic-web.org/inferred/subClassOf (466) Permutation { idx_to_val: [], val_to_idx: [] } with 13 entries (7160)
18:45:08 [INFO] Rule duration: 23 ms
18:45:08 [INFO] <<< STEP 467: APPLYING RULE 37 http://rulewerk.semantic-web.org/inferred/subClassOf(?C, ?I) :- http://rulewerk.semantic-web.org/inferred/subClassOf(?C, ?D1), http://rulewerk.semantic-web.org/inferred/subClassOf(?C, ?D2), http://rulewerk.semantic-web.org/normalForm/conj(?I, ?D1, ?D2), http://rulewerk.semantic-web.org/normalForm/isSubClass(?I) >>>
18:45:08 [INFO] Execution step: Body
18:45:08 [INFO] Saved temporary table: 5 entries (7080)
18:45:08 [INFO] Execution step: Duplicate Elimination (Datalog)
18:45:08 [INFO] Saved permanent table http://rulewerk.semantic-web.org/inferred/subClassOf (467) Permutation { idx_to_val: [], val_to_idx: [] } with 5 entries (7128)
18:45:08 [INFO] Rule duration: 22 ms
18:45:08 [INFO] Execution step: Combining Tables
18:45:08 [INFO] Saved permanent table http://rulewerk.semantic-web.org/inferred/subClassOf (445-469) Permutation { idx_to_val: [], val_to_idx: [] } with 189 entries (9632)
18:45:08 [INFO] <<< STEP 468: APPLYING RULE 37 http://rulewerk.semantic-web.org/inferred/subClassOf(?C, ?I) :- http://rulewerk.semantic-web.org/inferred/subClassOf(?C, ?D1), http://rulewerk.semantic-web.org/inferred/subClassOf(?C, ?D2), http://rulewerk.semantic-web.org/normalForm/conj(?I, ?D1, ?D2), http://rulewerk.semantic-web.org/normalForm/isSubClass(?I) >>>
18:45:08 [INFO] Execution step: Body
18:45:08 [INFO] Trie does not contain any elements
18:45:08 [INFO] Execution step: Duplicate Elimination (Datalog)
18:45:08 [INFO] Trie does not contain any elements
18:45:08 [INFO] Rule duration: 26 ms
18:45:08 [INFO] <<< STEP 469: APPLYING RULE 38 http://rulewerk.semantic-web.org/inferred/ex(?E, ?R, ?C) :- http://rulewerk.semantic-web.org/inferred/subClassOf(?E, ?Y), http://rulewerk.semantic-web.org/normalForm/exists(?Y, ?R, ?C) >>>
18:45:08 [INFO] Execution step: Body
18:45:08 [INFO] Saved temporary table: 5 entries (10740)
18:45:08 [INFO] Execution step: Duplicate Elimination (Datalog)
18:45:08 [INFO] Saved permanent table http://rulewerk.semantic-web.org/inferred/ex (469) Permutation { idx_to_val: [], val_to_idx: [] } with 5 entries (10788)
18:45:08 [INFO] Rule duration: 0 ms
18:45:08 [INFO] <<< STEP 470: APPLYING RULE 39 http://rulewerk.semantic-web.org/inferred/subClassOf(?E, ?Y) :- http://rulewerk.semantic-web.org/inferred/ex(?E, ?R, ?C), http://rulewerk.semantic-web.org/inferred/subClassOf(?C, ?D), http://rulewerk.semantic-web.org/normalForm/subProp(?R, ?S), http://rulewerk.semantic-web.org/normalForm/exists(?Y, ?S, ?D), http://rulewerk.semantic-web.org/normalForm/isSubClass(?Y) >>>
18:45:08 [INFO] Execution step: Body
18:45:08 [INFO] Saved temporary table: 20 entries (7140)
18:45:08 [INFO] Execution step: Duplicate Elimination (Datalog)
18:45:08 [INFO] Saved permanent table http://rulewerk.semantic-web.org/inferred/subClassOf (470) Permutation { idx_to_val: [], val_to_idx: [] } with 15 entries (7168)
18:45:08 [INFO] Rule duration: 45 ms
18:45:08 [INFO] <<< STEP 471: APPLYING RULE 39 http://rulewerk.semantic-web.org/inferred/subClassOf(?E, ?Y) :- http://rulewerk.semantic-web.org/inferred/ex(?E, ?R, ?C), http://rulewerk.semantic-web.org/inferred/subClassOf(?C, ?D), http://rulewerk.semantic-web.org/normalForm/subProp(?R, ?S), http://rulewerk.semantic-web.org/normalForm/exists(?Y, ?S, ?D), http://rulewerk.semantic-web.org/normalForm/isSubClass(?Y) >>>
18:45:08 [INFO] Execution step: Body
18:45:08 [INFO] Trie does not contain any elements
18:45:08 [INFO] Execution step: Duplicate Elimination (Datalog)
18:45:08 [INFO] Trie does not contain any elements
18:45:08 [INFO] Rule duration: 1 ms
18:45:08 [INFO] <<< STEP 472: APPLYING RULE 40 http://rulewerk.semantic-web.org/inferred/ex(?E, ?S, ?D) :- http://rulewerk.semantic-web.org/inferred/ex(?E, ?R1, ?C), http://rulewerk.semantic-web.org/inferred/ex(?C, ?R2, ?D), http://rulewerk.semantic-web.org/normalForm/subProp(?R1, ?S1), http://rulewerk.semantic-web.org/normalForm/subProp(?R2, ?S2), http://rulewerk.semantic-web.org/normalForm/subPropChain(?S1, ?S2, ?S) >>>
18:45:08 [INFO] Execution step: Body
18:45:08 [INFO] Trie does not contain any elements
18:45:08 [INFO] Execution step: Duplicate Elimination (Datalog)
18:45:08 [INFO] Trie does not contain any elements
18:45:08 [INFO] Rule duration: 0 ms
18:45:08 [INFO] <<< STEP 473: APPLYING RULE 41 http://rulewerk.semantic-web.org/inferred/subClassOf(?C, ?E) :- http://rulewerk.semantic-web.org/inferred/subClassOf(?C, ?D), http://rulewerk.semantic-web.org/normalForm/subClassOf(?D, ?E) >>>
18:45:08 [INFO] Execution step: Body
18:45:08 [INFO] Saved temporary table: 10 entries (7100)
18:45:08 [INFO] Execution step: Duplicate Elimination (Datalog)
18:45:08 [INFO] Saved permanent table http://rulewerk.semantic-web.org/inferred/subClassOf (473) Permutation { idx_to_val: [], val_to_idx: [] } with 10 entries (7148)
18:45:08 [INFO] Rule duration: 0 ms
18:45:08 [INFO] <<< STEP 474: APPLYING RULE 41 http://rulewerk.semantic-web.org/inferred/subClassOf(?C, ?E) :- http://rulewerk.semantic-web.org/inferred/subClassOf(?C, ?D), http://rulewerk.semantic-web.org/normalForm/subClassOf(?D, ?E) >>>
18:45:08 [INFO] Execution step: Body
18:45:08 [INFO] Saved temporary table: 10 entries (7100)
18:45:08 [INFO] Execution step: Duplicate Elimination (Datalog)
18:45:08 [INFO] Trie does not contain any elements
18:45:08 [INFO] Rule duration: 0 ms
18:45:08 [INFO] <<< STEP 475: APPLYING RULE 42 http://rulewerk.semantic-web.org/inferred/subClassOf(?E, "<http://www.w3.org/2002/07/owl#Nothing>") :- http://rulewerk.semantic-web.org/inferred/ex(?E, ?R, ?C), http://rulewerk.semantic-web.org/inferred/subClassOf(?C, ?_BODY_1), Equal(?_BODY_1, "<http://www.w3.org/2002/07/owl#Nothing>") >>>
18:45:08 [INFO] Execution step: Body
18:45:08 [INFO] Trie does not contain any elements
18:45:08 [INFO] Execution step: Duplicate Elimination (Datalog)
18:45:08 [INFO] Trie does not contain any elements
18:45:08 [INFO] Rule duration: 0 ms
18:45:08 [INFO] <<< STEP 476: APPLYING RULE 33 http://rulewerk.semantic-web.org/inferred/init(?C) :- http://rulewerk.semantic-web.org/inferred/ex(?E, ?R, ?C) >>>
18:45:08 [INFO] Execution step: Body
18:45:08 [INFO] Saved temporary table: 1 entries (3404)
18:45:08 [INFO] Execution step: Duplicate Elimination (Datalog)
18:45:08 [INFO] Trie does not contain any elements
18:45:08 [INFO] Rule duration: 0 ms
18:45:08 [INFO] <<< STEP 477: APPLYING RULE 34 http://rulewerk.semantic-web.org/inferred/subClassOf(?C, ?C) :- http://rulewerk.semantic-web.org/inferred/init(?C) >>>
18:45:08 [INFO] Execution step: Body
18:45:08 [INFO] Trie does not contain any elements
18:45:08 [INFO] Execution step: Duplicate Elimination (Datalog)
18:45:08 [INFO] Trie does not contain any elements
18:45:08 [INFO] Rule duration: 0 ms
18:45:08 [INFO] <<< STEP 478: APPLYING RULE 36 http://rulewerk.semantic-web.org/inferred/subClassOf(?C, ?D1), http://rulewerk.semantic-web.org/inferred/subClassOf(?C, ?D2) :- http://rulewerk.semantic-web.org/inferred/subClassOf(?C, ?Y), http://rulewerk.semantic-web.org/normalForm/conj(?Y, ?D1, ?D2) >>>
18:45:08 [INFO] Execution step: Body
18:45:08 [INFO] Saved temporary table: 18 entries (7132)
18:45:08 [INFO] Saved temporary table: 10 entries (7100)
18:45:08 [INFO] Execution step: Duplicate Elimination (Datalog)
18:45:08 [INFO] Trie does not contain any elements
18:45:08 [INFO] Rule duration: 0 ms
18:45:08 [INFO] <<< STEP 479: APPLYING RULE 37 http://rulewerk.semantic-web.org/inferred/subClassOf(?C, ?I) :- http://rulewerk.semantic-web.org/inferred/subClassOf(?C, ?D1), http://rulewerk.semantic-web.org/inferred/subClassOf(?C, ?D2), http://rulewerk.semantic-web.org/normalForm/conj(?I, ?D1, ?D2), http://rulewerk.semantic-web.org/normalForm/isSubClass(?I) >>>
18:45:08 [INFO] Execution step: Body
18:45:08 [INFO] Saved temporary table: 15 entries (7120)
18:45:08 [INFO] Execution step: Duplicate Elimination (Datalog)
18:45:08 [INFO] Saved permanent table http://rulewerk.semantic-web.org/inferred/subClassOf (479) Permutation { idx_to_val: [], val_to_idx: [] } with 15 entries (7168)
18:45:08 [INFO] Rule duration: 24 ms
18:45:08 [INFO] <<< STEP 480: APPLYING RULE 37 http://rulewerk.semantic-web.org/inferred/subClassOf(?C, ?I) :- http://rulewerk.semantic-web.org/inferred/subClassOf(?C, ?D1), http://rulewerk.semantic-web.org/inferred/subClassOf(?C, ?D2), http://rulewerk.semantic-web.org/normalForm/conj(?I, ?D1, ?D2), http://rulewerk.semantic-web.org/normalForm/isSubClass(?I) >>>
18:45:08 [INFO] Execution step: Body
18:45:08 [INFO] Trie does not contain any elements
18:45:08 [INFO] Execution step: Duplicate Elimination (Datalog)
18:45:08 [INFO] Trie does not contain any elements
18:45:08 [INFO] Rule duration: 24 ms
18:45:08 [INFO] <<< STEP 481: APPLYING RULE 38 http://rulewerk.semantic-web.org/inferred/ex(?E, ?R, ?C) :- http://rulewerk.semantic-web.org/inferred/subClassOf(?E, ?Y), http://rulewerk.semantic-web.org/normalForm/exists(?Y, ?R, ?C) >>>
18:45:08 [INFO] Execution step: Body
18:45:08 [INFO] Saved temporary table: 15 entries (10780)
18:45:08 [INFO] Execution step: Duplicate Elimination (Datalog)
18:45:08 [INFO] Saved permanent table http://rulewerk.semantic-web.org/inferred/ex (481) Permutation { idx_to_val: [], val_to_idx: [] } with 15 entries (10828)
18:45:08 [INFO] Rule duration: 0 ms
18:45:08 [INFO] <<< STEP 482: APPLYING RULE 39 http://rulewerk.semantic-web.org/inferred/subClassOf(?E, ?Y) :- http://rulewerk.semantic-web.org/inferred/ex(?E, ?R, ?C), http://rulewerk.semantic-web.org/inferred/subClassOf(?C, ?D), http://rulewerk.semantic-web.org/normalForm/subProp(?R, ?S), http://rulewerk.semantic-web.org/normalForm/exists(?Y, ?S, ?D), http://rulewerk.semantic-web.org/normalForm/isSubClass(?Y) >>>
18:45:08 [INFO] Execution step: Body
18:45:08 [INFO] Saved temporary table: 15 entries (7120)
18:45:08 [INFO] Execution step: Duplicate Elimination (Datalog)
18:45:08 [INFO] Trie does not contain any elements
18:45:08 [INFO] Rule duration: 57 ms
18:45:08 [INFO] <<< STEP 483: APPLYING RULE 40 http://rulewerk.semantic-web.org/inferred/ex(?E, ?S, ?D) :- http://rulewerk.semantic-web.org/inferred/ex(?E, ?R1, ?C), http://rulewerk.semantic-web.org/inferred/ex(?C, ?R2, ?D), http://rulewerk.semantic-web.org/normalForm/subProp(?R1, ?S1), http://rulewerk.semantic-web.org/normalForm/subProp(?R2, ?S2), http://rulewerk.semantic-web.org/normalForm/subPropChain(?S1, ?S2, ?S) >>>
18:45:08 [INFO] Execution step: Body
18:45:08 [INFO] Trie does not contain any elements
18:45:08 [INFO] Execution step: Duplicate Elimination (Datalog)
18:45:08 [INFO] Trie does not contain any elements
18:45:08 [INFO] Rule duration: 0 ms
18:45:08 [INFO] <<< STEP 484: APPLYING RULE 41 http://rulewerk.semantic-web.org/inferred/subClassOf(?C, ?E) :- http://rulewerk.semantic-web.org/inferred/subClassOf(?C, ?D), http://rulewerk.semantic-web.org/normalForm/subClassOf(?D, ?E) >>>
18:45:08 [INFO] Execution step: Body
18:45:08 [INFO] Saved temporary table: 5 entries (7080)
18:45:08 [INFO] Execution step: Duplicate Elimination (Datalog)
18:45:08 [INFO] Saved permanent table http://rulewerk.semantic-web.org/inferred/subClassOf (484) Permutation { idx_to_val: [], val_to_idx: [] } with 5 entries (7128)
18:45:08 [INFO] Rule duration: 0 ms
18:45:08 [INFO] <<< STEP 485: APPLYING RULE 41 http://rulewerk.semantic-web.org/inferred/subClassOf(?C, ?E) :- http://rulewerk.semantic-web.org/inferred/subClassOf(?C, ?D), http://rulewerk.semantic-web.org/normalForm/subClassOf(?D, ?E) >>>
18:45:08 [INFO] Execution step: Body
18:45:08 [INFO] Saved temporary table: 5 entries (7080)
18:45:08 [INFO] Execution step: Duplicate Elimination (Datalog)
18:45:08 [INFO] Trie does not contain any elements
18:45:08 [INFO] Rule duration: 0 ms
18:45:08 [INFO] <<< STEP 486: APPLYING RULE 42 http://rulewerk.semantic-web.org/inferred/subClassOf(?E, "<http://www.w3.org/2002/07/owl#Nothing>") :- http://rulewerk.semantic-web.org/inferred/ex(?E, ?R, ?C), http://rulewerk.semantic-web.org/inferred/subClassOf(?C, ?_BODY_1), Equal(?_BODY_1, "<http://www.w3.org/2002/07/owl#Nothing>") >>>
18:45:08 [INFO] Execution step: Body
18:45:08 [INFO] Trie does not contain any elements
18:45:08 [INFO] Execution step: Duplicate Elimination (Datalog)
18:45:08 [INFO] Trie does not contain any elements
18:45:08 [INFO] Rule duration: 0 ms
18:45:08 [INFO] <<< STEP 487: APPLYING RULE 33 http://rulewerk.semantic-web.org/inferred/init(?C) :- http://rulewerk.semantic-web.org/inferred/ex(?E, ?R, ?C) >>>
18:45:08 [INFO] Execution step: Body
18:45:08 [INFO] Saved temporary table: 3 entries (3412)
18:45:08 [INFO] Execution step: Duplicate Elimination (Datalog)
18:45:08 [INFO] Trie does not contain any elements
18:45:08 [INFO] Rule duration: 0 ms
18:45:08 [INFO] <<< STEP 488: APPLYING RULE 34 http://rulewerk.semantic-web.org/inferred/subClassOf(?C, ?C) :- http://rulewerk.semantic-web.org/inferred/init(?C) >>>
18:45:08 [INFO] Execution step: Body
18:45:08 [INFO] Trie does not contain any elements
18:45:08 [INFO] Execution step: Duplicate Elimination (Datalog)
18:45:08 [INFO] Trie does not contain any elements
18:45:08 [INFO] Rule duration: 0 ms
18:45:08 [INFO] <<< STEP 489: APPLYING RULE 36 http://rulewerk.semantic-web.org/inferred/subClassOf(?C, ?D1), http://rulewerk.semantic-web.org/inferred/subClassOf(?C, ?D2) :- http://rulewerk.semantic-web.org/inferred/subClassOf(?C, ?Y), http://rulewerk.semantic-web.org/normalForm/conj(?Y, ?D1, ?D2) >>>
18:45:08 [INFO] Execution step: Body
18:45:08 [INFO] Saved temporary table: 15 entries (7120)
18:45:08 [INFO] Saved temporary table: 10 entries (7100)
18:45:08 [INFO] Execution step: Duplicate Elimination (Datalog)
18:45:08 [INFO] Trie does not contain any elements
18:45:08 [INFO] Rule duration: 1 ms
18:45:08 [INFO] <<< STEP 490: APPLYING RULE 37 http://rulewerk.semantic-web.org/inferred/subClassOf(?C, ?I) :- http://rulewerk.semantic-web.org/inferred/subClassOf(?C, ?D1), http://rulewerk.semantic-web.org/inferred/subClassOf(?C, ?D2), http://rulewerk.semantic-web.org/normalForm/conj(?I, ?D1, ?D2), http://rulewerk.semantic-web.org/normalForm/isSubClass(?I) >>>
18:45:08 [INFO] Execution step: Body
18:45:08 [INFO] Trie does not contain any elements
18:45:08 [INFO] Execution step: Duplicate Elimination (Datalog)
18:45:08 [INFO] Trie does not contain any elements
18:45:08 [INFO] Rule duration: 23 ms
18:45:08 [INFO] <<< STEP 491: APPLYING RULE 38 http://rulewerk.semantic-web.org/inferred/ex(?E, ?R, ?C) :- http://rulewerk.semantic-web.org/inferred/subClassOf(?E, ?Y), http://rulewerk.semantic-web.org/normalForm/exists(?Y, ?R, ?C) >>>
18:45:08 [INFO] Execution step: Body
18:45:08 [INFO] Trie does not contain any elements
18:45:08 [INFO] Execution step: Duplicate Elimination (Datalog)
18:45:08 [INFO] Trie does not contain any elements
18:45:08 [INFO] Rule duration: 0 ms
18:45:08 [INFO] <<< STEP 492: APPLYING RULE 39 http://rulewerk.semantic-web.org/inferred/subClassOf(?E, ?Y) :- http://rulewerk.semantic-web.org/inferred/ex(?E, ?R, ?C), http://rulewerk.semantic-web.org/inferred/subClassOf(?C, ?D), http://rulewerk.semantic-web.org/normalForm/subProp(?R, ?S), http://rulewerk.semantic-web.org/normalForm/exists(?Y, ?S, ?D), http://rulewerk.semantic-web.org/normalForm/isSubClass(?Y) >>>
18:45:08 [INFO] Execution step: Body
18:45:08 [INFO] Trie does not contain any elements
18:45:08 [INFO] Execution step: Duplicate Elimination (Datalog)
18:45:08 [INFO] Trie does not contain any elements
18:45:08 [INFO] Rule duration: 1 ms
18:45:08 [INFO] <<< STEP 493: APPLYING RULE 40 http://rulewerk.semantic-web.org/inferred/ex(?E, ?S, ?D) :- http://rulewerk.semantic-web.org/inferred/ex(?E, ?R1, ?C), http://rulewerk.semantic-web.org/inferred/ex(?C, ?R2, ?D), http://rulewerk.semantic-web.org/normalForm/subProp(?R1, ?S1), http://rulewerk.semantic-web.org/normalForm/subProp(?R2, ?S2), http://rulewerk.semantic-web.org/normalForm/subPropChain(?S1, ?S2, ?S) >>>
18:45:08 [INFO] Execution step: Body
18:45:08 [INFO] Trie does not contain any elements
18:45:08 [INFO] Execution step: Duplicate Elimination (Datalog)
18:45:08 [INFO] Trie does not contain any elements
18:45:08 [INFO] Rule duration: 0 ms
18:45:08 [INFO] <<< STEP 494: APPLYING RULE 43 mainSubClassOf(?A, ?B) :- http://rulewerk.semantic-web.org/inferred/subClassOf(?A, ?B), http://rulewerk.semantic-web.org/normalForm/isMainClass(?A), http://rulewerk.semantic-web.org/normalForm/isMainClass(?B) >>>
18:45:08 [INFO] Execution step: Body
18:45:09 [INFO] Saved temporary table: 455126 entries (2105266)
18:45:09 [INFO] Execution step: Duplicate Elimination (Datalog)
18:45:09 [INFO] Saved permanent table mainSubClassOf (494) Permutation { idx_to_val: [], val_to_idx: [] } with 455126 entries (2105314)
18:45:09 [INFO] Rule duration: 399 ms
18:45:09 [INFO] <<< STEP 495: APPLYING RULE 43 mainSubClassOf(?A, ?B) :- http://rulewerk.semantic-web.org/inferred/subClassOf(?A, ?B), http://rulewerk.semantic-web.org/normalForm/isMainClass(?A), http://rulewerk.semantic-web.org/normalForm/isMainClass(?B) >>>
18:45:09 [INFO] Execution step: Body
18:45:09 [INFO] Trie does not contain any elements
18:45:09 [INFO] Execution step: Duplicate Elimination (Datalog)
18:45:09 [INFO] Trie does not contain any elements
18:45:09 [INFO] Rule duration: 0 ms
18:45:09 [INFO] <<< STEP 496: APPLYING RULE 53 R_21(?X_1) :- http://rulewerk.semantic-web.org/inferred/ex(?Y_1, ?X_1, ?_BODY_1), last(?X_1), Equal(?_BODY_1, <http://www.w3.org/2002/07/owl#equivalentClass>) >>>
18:45:09 [INFO] Execution step: Project/Reorder
18:45:09 [INFO] Saved temporary table: 15348 entries (64840)
18:45:09 [INFO] Execution step: Body
18:45:09 [INFO] Trie does not contain any elements
18:45:09 [INFO] Execution step: Duplicate Elimination (Datalog)
18:45:09 [INFO] Trie does not contain any elements
18:45:09 [INFO] Rule duration: 29 ms
18:45:09 [INFO] <<< STEP 497: APPLYING RULE 46 R_7(<http://www.w3.org/2002/07/owl#someValuesFrom>) :- R_21(?_BODY_1), Equal(?_BODY_1, <http://www.w3.org/2002/07/owl#someValuesFrom>) >>>
18:45:09 [INFO] Loading source SimpleTable { arity: 1, data: [AnyDataValue(Iri(IriDataValue("http://www.w3.org/2000/01/rdf-schema#subClassOf"))), AnyDataValue(PlainString(StringDataValue("str_19")))] }
18:45:09 [INFO] Execution step: Body
18:45:09 [INFO] Trie does not contain any elements
18:45:09 [INFO] Execution step: Duplicate Elimination (Datalog)
18:45:09 [INFO] Trie does not contain any elements
18:45:09 [INFO] Rule duration: 0 ms
18:45:09 [INFO] <<< STEP 498: APPLYING RULE 52 R_6(?X_2, <http://www.w3.org/2000/01/rdf-schema#subClassOf>, ?X_1, ?X_3) :- http://rulewerk.semantic-web.org/normalForm/isMainClass(?X_2), http://rulewerk.semantic-web.org/normalForm/isMainClass(?_BODY_1), http://rulewerk.semantic-web.org/normalForm/isMainClass(?X_1), http://rulewerk.semantic-web.org/normalForm/isMainClass(?X_3), ClassObject(?X_2), directSubProp(?X_3, ?X_1), Equal(?_BODY_1, <http://www.w3.org/2000/01/rdf-schema#subClassOf>) >>>
18:45:09 [INFO] Loading source SimpleTable { arity: 4, data: [AnyDataValue(Iri(IriDataValue("http://www.w3.org/2002/07/owl#someValuesFrom"))), AnyDataValue(Iri(IriDataValue("http://www.w3.org/2002/07/owl#intersectionOf"))), AnyDataValue(Iri(IriDataValue("http://www.w3.org/2002/07/owl#intersectionOf"))), AnyDataValue(Iri(IriDataValue("http://www.w3.org/2002/07/owl#onProperty"))), AnyDataValue(Iri(IriDataValue("c_2"))), AnyDataValue(PlainString(StringDataValue("str_1"))), AnyDataValue(Iri(IriDataValue("http://www.w3.org/2000/01/rdf-schema#subClassOf"))), AnyDataValue(UnsignedLong(UnsignedLongDataValue(5212281777913270014))), AnyDataValue(UnsignedLong(UnsignedLongDataValue(18224627337033890099))), AnyDataValue(Iri(IriDataValue("c_7"))), AnyDataValue(Iri(IriDataValue("http://www.w3.org/2002/07/owl#equivalentClass"))), AnyDataValue(UnsignedLong(UnsignedLongDataValue(12501160599866116044))), AnyDataValue(PlainString(StringDataValue("<http://www.w3.org/2002/07/owl#Nothing>"))), AnyDataValue(PlainString(StringDataValue("str_8"))), AnyDataValue(Iri(IriDataValue("c_13"))), AnyDataValue(UnsignedLong(UnsignedLongDataValue(16103988145069398140))), AnyDataValue(UnsignedLong(UnsignedLongDataValue(6585472424535280959))), AnyDataValue(Iri(IriDataValue("http://www.w3.org/1999/02/22-rdf-syntax-ns#first"))), AnyDataValue(Iri(IriDataValue("c_5"))), AnyDataValue(PlainString(StringDataValue("str_9"))), AnyDataValue(UnsignedLong(UnsignedLongDataValue(7312945419571468139))), AnyDataValue(UnsignedLong(UnsignedLongDataValue(15578749118835071120))), AnyDataValue(PlainString(StringDataValue("str_16"))), AnyDataValue(Iri(IriDataValue("c_21"))), AnyDataValue(UnsignedLong(UnsignedLongDataValue(179513151031439072))), AnyDataValue(PlainString(StringDataValue("str_17"))), AnyDataValue(PlainString(StringDataValue("str_18"))), AnyDataValue(Iri(IriDataValue("http://www.w3.org/2002/07/owl#equivalentClass"))), AnyDataValue(Iri(IriDataValue("c_27"))), AnyDataValue(Iri(IriDataValue("c_7"))), AnyDataValue(PlainString(StringDataValue("str_20"))), AnyDataValue(Iri(IriDataValue("c_28")))] }
18:45:09 [INFO] Execution step: Project/Reorder
18:45:09 [INFO] Saved temporary table: 958 entries (13530)
18:45:09 [INFO] Execution step: Body
18:45:09 [INFO] Trie does not contain any elements
18:45:09 [INFO] Execution step: Duplicate Elimination (Datalog)
18:45:09 [INFO] Trie does not contain any elements
18:45:09 [INFO] Rule duration: 0 ms
18:45:09 [INFO] <<< STEP 499: APPLYING RULE 56 R_17(?X_1, ?X_2, ?X_3) :- R_17(?X_1, ?X_2, ?X_3), synExRep(?Z_2, ?X_2, ?X_1), R_2(?X_3, ?Z_1, ?X_2, ?X_1) >>>
18:45:09 [INFO] Execution step: Body
18:45:09 [INFO] Trie does not contain any elements
18:45:09 [INFO] Execution step: Duplicate Elimination (Datalog)
18:45:09 [INFO] Trie does not contain any elements
18:45:09 [INFO] Rule duration: 0 ms
18:45:09 [INFO] <<< STEP 500: APPLYING RULE 69 R_9(?X_3, "<http://www.w3.org/2002/07/owl#Nothing>", ?X_4, ?X_2, ?X_1) :- http://rulewerk.semantic-web.org/normalForm/subProp(?X_2, ?_BODY_1), http://rulewerk.semantic-web.org/normalForm/subProp(?X_4, ?X_2), http://rulewerk.semantic-web.org/normalForm/subProp(?X_1, ?X_3), class(?X_3), R_25(?X_3, ?X_4, ?_BODY_2, ?_BODY_3, ?X_1, ?_BODY_4), Equal(?_BODY_1, "<http://www.w3.org/2002/07/owl#Nothing>"), Equal(?_BODY_2, <http://www.w3.org/2002/07/owl#equivalentClass>), Equal(?_BODY_3, ?X_3), Equal(?_BODY_4, ?X_1) >>>
18:45:09 [INFO] Execution step: Project/Reorder
18:45:09 [INFO] Trie does not contain any elements
18:45:09 [INFO] Execution step: Body
18:45:09 [INFO] Trie does not contain any elements
18:45:09 [INFO] Execution step: Duplicate Elimination (Datalog)
18:45:09 [INFO] Trie does not contain any elements
18:45:09 [INFO] Rule duration: 0 ms
18:45:09 [INFO] <<< STEP 501: APPLYING RULE 60 R_18(<http://www.w3.org/2000/01/rdf-schema#subClassOf>, ?X_1, ?X_4, ?X_5, ?X_6, ?X_2) :- in(?_BODY_1, ?X_1), in(?X_4, ?X_5), in(?X_6, ?X_2), mainSubClassOf(?X_1, ?X_6), R_12(?X_1, ?X_4, ?X_2, ?_BODY_2), Equal(?_BODY_1, <http://www.w3.org/2000/01/rdf-schema#subClassOf>), Equal(?_BODY_2, ?X_1) >>>
18:45:09 [INFO] Execution step: Project/Reorder
18:45:09 [INFO] Saved temporary table: 455126 entries (2105266)
18:45:09 [INFO] Execution step: Project/Reorder
18:45:09 [INFO] Trie does not contain any elements
18:45:09 [INFO] Execution step: Body
18:52:00 [INFO] Trie does not contain any elements
18:52:00 [INFO] Execution step: Duplicate Elimination (Datalog)
18:52:00 [INFO] Trie does not contain any elements
18:52:00 [INFO] Rule duration: 388720 ms
18:52:00 [INFO] <<< STEP 502: APPLYING RULE 44 R_3(?X_3, ?X_2, ?X_4, ?X_4, ?X_1) :- R_28(?X_3, ?X_2, ?X_4, ?_BODY_1, ?X_1, ?_BODY_2), Equal(?_BODY_1, <http://www.w3.org/2002/07/owl#intersectionOf>), Equal(?_BODY_2, ?X_4) >>>
18:52:00 [INFO] Execution step: Body
18:52:00 [INFO] Trie does not contain any elements
18:52:00 [INFO] Execution step: Duplicate Elimination (Datalog)
18:52:00 [INFO] Trie does not contain any elements
18:52:00 [INFO] Rule duration: 1 ms
18:52:00 [INFO] <<< STEP 503: APPLYING RULE 55 R_28(<http://www.w3.org/2000/01/rdf-schema#subPropertyOf>, ?X_6, ?X_1, ?X_4, ?X_1, ?X_5) :- http://rulewerk.semantic-web.org/inferred/ex(?_BODY_1, ?X_6, ?X_1), http://rulewerk.semantic-web.org/inferred/ex(?X_4, ?X_1, ?X_5), nonfirst(?X_1), R_1(?X_4, ?X_1, ?Z_1, ?Z_3, ?_BODY_2, ?X_5), http://rulewerk.semantic-web.org/normalForm/isSubClass(?X_5), next(?X_1, ?X_5), Equal(?_BODY_1, <http://www.w3.org/2000/01/rdf-schema#subPropertyOf>), Equal(?_BODY_2, ?X_1) >>>
18:52:00 [INFO] Execution step: Project/Reorder
18:52:00 [INFO] Saved temporary table: 43883 entries (178980)
18:52:00 [INFO] Execution step: Project/Reorder
18:52:00 [INFO] Saved temporary table: 32739 entries (269148)
18:52:00 [INFO] Execution step: Body
18:52:00 [INFO] Trie does not contain any elements
18:52:00 [INFO] Execution step: Duplicate Elimination (Datalog)
18:52:00 [INFO] Trie does not contain any elements
18:52:00 [INFO] Rule duration: 11 ms
18:52:00 [INFO] <<< STEP 504: APPLYING RULE 58 R_1(<http://www.w3.org/2002/07/owl#onProperty>, ?X_4, ?X_1, ?X_5, ?X_6, ?X_3) :- R_18(?_BODY_1, ?X_4, ?X_1, ?X_5, ?X_6, ?X_3), R_8(?X_5, ?X_3, ?X_6, ?_BODY_2, ?Z_4), Equal(?_BODY_1, <http://www.w3.org/2002/07/owl#onProperty>), Equal(?_BODY_2, ?X_3) >>>
18:52:00 [INFO] Execution step: Body
18:52:00 [INFO] Trie does not contain any elements
18:52:00 [INFO] Execution step: Duplicate Elimination (Datalog)
18:52:00 [INFO] Trie does not contain any elements
18:52:00 [INFO] Rule duration: 0 ms
18:52:00 [INFO] <<< STEP 505: APPLYING RULE 63 R_22(?X_5, ?X_4, ?X_1, ?X_3, ?X_2, ?X_6) :- R_25(?X_5, ?X_4, ?X_1, ?X_3, ?X_2, ?X_6), http://rulewerk.semantic-web.org/normalForm/isMainClass(?X_1), R_3(?Z_3, ?Z_1, ?X_4, ?X_6, ?_BODY_1), R_17(?X_1, ?X_4, ?X_2), Equal(?_BODY_1, ?X_4) >>>
18:52:00 [INFO] Execution step: Project/Reorder
18:52:00 [INFO] Trie does not contain any elements
18:52:00 [INFO] Execution step: Body
18:52:00 [INFO] Trie does not contain any elements
18:52:00 [INFO] Execution step: Duplicate Elimination (Datalog)
18:52:00 [INFO] Trie does not contain any elements
18:52:00 [INFO] Rule duration: 0 ms
18:52:00 [INFO] <<< STEP 506: APPLYING RULE 64 R_8(?X_3, <http://www.w3.org/1999/02/22-rdf-syntax-ns#first>, ?X_5, ?X_2, ?X_3) :- R_26(?X_3, ?_BODY_1, ?X_5, ?X_2, ?_BODY_2, ?_BODY_3), R_16(?X_3, ?X_5, ?Z_4, ?_BODY_4, ?_BODY_5), R_18(?X_3, ?X_2, ?Z_8, ?Z_2, ?_BODY_6, ?Z_3), http://rulewerk.semantic-web.org/normalForm/subPropChain(?X_2, ?X_3, ?X_5), Equal(?_BODY_1, <http://www.w3.org/1999/02/22-rdf-syntax-ns#first>), Equal(?_BODY_2, ?X_3), Equal(?_BODY_3, ?X_2), Equal(?_BODY_4, ?X_3), Equal(?_BODY_5, ?X_3), Equal(?_BODY_6, ?X_2) >>>
18:52:00 [INFO] Execution step: Project/Reorder
18:52:00 [INFO] Trie does not contain any elements
18:52:00 [INFO] Execution step: Body
18:52:00 [INFO] Trie does not contain any elements
18:52:00 [INFO] Execution step: Duplicate Elimination (Datalog)
18:52:00 [INFO] Trie does not contain any elements
18:52:00 [INFO] Rule duration: 0 ms
18:52:00 [INFO] <<< STEP 507: APPLYING RULE 67 R_26(<http://www.w3.org/2002/07/owl#someValuesFrom>, ?X_6, ?X_2, ?X_2, ?X_3, ?X_4) :- repOf(?_BODY_1, ?X_6), repOf(?X_2, ?_BODY_2), repOf(?X_3, ?X_4), http://rulewerk.semantic-web.org/inferred/subClassOf(?Z_2, ?X_4), R_9(?X_6, ?X_4, ?_BODY_3, ?X_2, ?_BODY_4), R_22(?Z_6, ?X_6, ?X_4, ?_BODY_5, ?X_2, ?Z_5), synEx(?X_2, ?X_4, ?X_6), Equal(?_BODY_1, <http://www.w3.org/2002/07/owl#someValuesFrom>), Equal(?_BODY_2, ?X_2), Equal(?_BODY_3, ?X_4), Equal(?_BODY_4, ?X_6), Equal(?_BODY_5, <http://www.w3.org/2000/01/rdf-schema#subClassOf>) >>>
18:52:00 [INFO] Execution step: Project/Reorder
18:52:00 [INFO] Saved temporary table: 29618 entries (333404)
18:52:00 [INFO] Execution step: Body
18:52:00 [INFO] Trie does not contain any elements
18:52:00 [INFO] Execution step: Duplicate Elimination (Datalog)
18:52:00 [INFO] Trie does not contain any elements
18:52:00 [INFO] Rule duration: 20 ms
18:52:00 [INFO] <<< STEP 508: APPLYING RULE 50 R_29(?X_1, ?X_4, <http://www.w3.org/2002/07/owl#propertyChain>, ?X_5, ?X_2, ?X_3) :- R_8(?X_4, ?_BODY_1, ?X_1, ?X_5, ?X_2), R_8(?X_2, ?X_1, ?_BODY_2, ?X_3, ?_BODY_3), Equal(?_BODY_1, ?X_4), Equal(?_BODY_2, ?X_2), Equal(?_BODY_3, <http://www.w3.org/2002/07/owl#propertyChain>) >>>
18:52:00 [INFO] Loading source SimpleTable { arity: 6, data: [AnyDataValue(PlainString(StringDataValue("str_1"))), AnyDataValue(UnsignedLong(UnsignedLongDataValue(18224627337033890099))), AnyDataValue(Iri(IriDataValue("c_1"))), AnyDataValue(UnsignedLong(UnsignedLongDataValue(4775054159690564854))), AnyDataValue(PlainString(StringDataValue("str_2"))), AnyDataValue(Iri(IriDataValue("http://www.w3.org/2002/07/owl#intersectionOf"))), AnyDataValue(Iri(IriDataValue("c_23"))), AnyDataValue(Iri(IriDataValue("c_24"))), AnyDataValue(UnsignedLong(UnsignedLongDataValue(7635555549770573704))), AnyDataValue(UnsignedLong(UnsignedLongDataValue(10092324753490282406))), AnyDataValue(Iri(IriDataValue("c_25"))), AnyDataValue(Iri(IriDataValue("c_26")))] }
18:52:00 [INFO] Execution step: Body
18:52:00 [INFO] Trie does not contain any elements
18:52:00 [INFO] Execution step: Duplicate Elimination (Datalog)
18:52:00 [INFO] Trie does not contain any elements
18:52:00 [INFO] Rule duration: 1 ms
18:52:00 [INFO] <<< STEP 509: APPLYING RULE 73 R_23(<http://www.w3.org/1999/02/22-rdf-syntax-ns#first>, ?X_2, ?X_1, ?X_3, ?X_2, ?X_4) :- R_22(?_BODY_1, ?X_2, ?X_1, ?X_3, ?_BODY_2, ?X_4), http://rulewerk.semantic-web.org/inferred/ex(?Z_1, ?Z_3, ?Z_2), R_29(?X_2, ?X_3, ?Z_3, ?Z_2, ?X_4, ?_BODY_3), Equal(?_BODY_1, <http://www.w3.org/1999/02/22-rdf-syntax-ns#first>), Equal(?_BODY_2, ?X_2), Equal(?_BODY_3, ?X_2) >>>
18:52:00 [INFO] Loading source SimpleTable { arity: 6, data: [AnyDataValue(PlainString(StringDataValue("str_12"))), AnyDataValue(Iri(IriDataValue("c_16"))), AnyDataValue(PlainString(StringDataValue("str_9"))), AnyDataValue(Iri(IriDataValue("c_4"))), AnyDataValue(PlainString(StringDataValue("str_13"))), AnyDataValue(PlainString(StringDataValue("str_14"))), AnyDataValue(Iri(IriDataValue("c_14"))), AnyDataValue(PlainString(StringDataValue("str_15"))), AnyDataValue(PlainString(StringDataValue("str_3"))), AnyDataValue(PlainString(StringDataValue("str_15"))), AnyDataValue(UnsignedLong(UnsignedLongDataValue(5172723633948807197))), AnyDataValue(Iri(IriDataValue("c_20")))] }
18:52:00 [INFO] Execution step: Body
18:52:00 [INFO] Trie does not contain any elements
18:52:00 [INFO] Execution step: Duplicate Elimination (Datalog)
18:52:00 [INFO] Trie does not contain any elements
18:52:00 [INFO] Rule duration: 0 ms
18:52:00 [INFO] <<< STEP 510: APPLYING RULE 68 R_10(?X_2, <http://www.w3.org/2002/07/owl#disjointWith>, ?X_6, ?X_3, ?X_4, ?X_2) :- R_29(?X_2, ?_BODY_1, ?X_6, ?X_3, ?X_4, ?_BODY_2), R_23(?Z_4, ?X_2, ?X_3, ?X_4, ?_BODY_3, ?_BODY_4), Equal(?_BODY_1, <http://www.w3.org/2002/07/owl#disjointWith>), Equal(?_BODY_2, ?X_2), Equal(?_BODY_3, <http://www.w3.org/2002/07/owl#intersectionOf>), Equal(?_BODY_4, ?X_4) >>>
18:52:00 [INFO] Execution step: Body
18:52:00 [INFO] Trie does not contain any elements
18:52:00 [INFO] Execution step: Duplicate Elimination (Datalog)
18:52:00 [INFO] Trie does not contain any elements
18:52:00 [INFO] Rule duration: 0 ms
18:52:00 [INFO] <<< STEP 511: APPLYING RULE 70 R_27(?X_2, ?X_4, ?X_1, <http://www.w3.org/2002/07/owl#equivalentClass>, ?X_4, ?X_3) :- repOf(?X_2, ?X_4), repOf(?X_1, ?_BODY_1), repOf(?X_4, ?X_3), R_6(?X_1, ?X_4, ?_BODY_2, ?Z_1), R_26(?Z_6, ?X_4, ?X_2, ?Z_4, ?_BODY_3, ?_BODY_4), R_21(?X_4), Equal(?_BODY_1, <http://www.w3.org/2002/07/owl#equivalentClass>), Equal(?_BODY_2, ?X_4), Equal(?_BODY_3, ?X_4), Equal(?_BODY_4, <http://www.w3.org/2002/07/owl#propertyChain>) >>>
18:52:00 [INFO] Loading source SimpleTable { arity: 6, data: [AnyDataValue(Iri(IriDataValue("http://www.w3.org/2002/07/owl#disjointWith"))), AnyDataValue(PlainString(StringDataValue("str_3"))), AnyDataValue(Iri(IriDataValue("c_3"))), AnyDataValue(UnsignedLong(UnsignedLongDataValue(5212281777913270014))), AnyDataValue(Iri(IriDataValue("http://www.w3.org/2002/07/owl#someValuesFrom"))), AnyDataValue(Iri(IriDataValue("http://www.w3.org/2002/07/owl#intersectionOf"))), AnyDataValue(UnsignedLong(UnsignedLongDataValue(13094496824040567762))), AnyDataValue(UnsignedLong(UnsignedLongDataValue(12501160599866116044))), AnyDataValue(PlainString(StringDataValue("str_4"))), AnyDataValue(Iri(IriDataValue("http://www.w3.org/2000/01/rdf-schema#subPropertyOf"))), AnyDataValue(Iri(IriDataValue("c_4"))), AnyDataValue(PlainString(StringDataValue("str_5"))), AnyDataValue(Iri(IriDataValue("http://www.w3.org/1999/02/22-rdf-syntax-ns#first"))), AnyDataValue(UnsignedLong(UnsignedLongDataValue(9222219536591031438))), AnyDataValue(Iri(IriDataValue("c_4"))), AnyDataValue(Iri(IriDataValue("c_8"))), AnyDataValue(Iri(IriDataValue("http://www.w3.org/2000/01/rdf-schema#subPropertyOf"))), AnyDataValue(Iri(IriDataValue("c_9"))), AnyDataValue(UnsignedLong(UnsignedLongDataValue(18364758193411404491))), AnyDataValue(UnsignedLong(UnsignedLongDataValue(10345855565341844848))), AnyDataValue(Iri(IriDataValue("c_1"))), AnyDataValue(Iri(IriDataValue("c_14"))), AnyDataValue(UnsignedLong(UnsignedLongDataValue(18364758193411404491))), AnyDataValue(Iri(IriDataValue("c_5"))), AnyDataValue(Iri(IriDataValue("c_3"))), AnyDataValue(Iri(IriDataValue("c_15"))), AnyDataValue(PlainString(StringDataValue("str_9"))), AnyDataValue(Iri(IriDataValue("c_16"))), AnyDataValue(Iri(IriDataValue("c_17"))), AnyDataValue(Iri(IriDataValue("http://www.w3.org/2002/07/owl#intersectionOf"))), AnyDataValue(PlainString(StringDataValue("str_8"))), AnyDataValue(PlainString(StringDataValue("str_3"))), AnyDataValue(Iri(IriDataValue("c_4"))), AnyDataValue(Iri(IriDataValue("c_8"))), AnyDataValue(Iri(IriDataValue("http://www.w3.org/2000/01/rdf-schema#subPropertyOf"))), AnyDataValue(PlainString(StringDataValue("str_10"))), AnyDataValue(Iri(IriDataValue("c_18"))), AnyDataValue(Iri(IriDataValue("c_19"))), AnyDataValue(PlainString(StringDataValue("str_11"))), AnyDataValue(PlainString(StringDataValue("str_8"))), AnyDataValue(Iri(IriDataValue("http://www.w3.org/2002/07/owl#intersectionOf"))), AnyDataValue(Iri(IriDataValue("http://www.w3.org/2002/07/owl#intersectionOf"))), AnyDataValue(Iri(IriDataValue("c_30"))), AnyDataValue(Iri(IriDataValue("c_10"))), AnyDataValue(Iri(IriDataValue("c_31"))), AnyDataValue(UnsignedLong(UnsignedLongDataValue(15348358895262148836))), AnyDataValue(PlainString(StringDataValue("str_21"))), AnyDataValue(Iri(IriDataValue("c_18")))] }
18:52:00 [INFO] Execution step: Project/Reorder
18:52:00 [INFO] Trie does not contain any elements
18:52:00 [INFO] Execution step: Body
18:52:00 [INFO] Trie does not contain any elements
18:52:00 [INFO] Execution step: Duplicate Elimination (Datalog)
18:52:00 [INFO] Trie does not contain any elements
18:52:00 [INFO] Rule duration: 1 ms
18:52:00 [INFO] <<< STEP 512: APPLYING RULE 71 R_20(?X_4, <http://www.w3.org/2002/07/owl#intersectionOf>, ?X_1, ?X_3) :- directSubProp(?X_4, ?_BODY_1), directSubProp(?X_1, ?X_3), R_27(?_BODY_2, ?X_1, ?X_4, ?X_3, ?_BODY_3, ?_BODY_4), Equal(?_BODY_1, <http://www.w3.org/2002/07/owl#intersectionOf>), Equal(?_BODY_2, <http://www.w3.org/2002/07/owl#someValuesFrom>), Equal(?_BODY_3, ?X_3), Equal(?_BODY_4, ?X_4) >>>
18:52:00 [INFO] Loading source SimpleTable { arity: 4, data: [AnyDataValue(Iri(IriDataValue("c_29"))), AnyDataValue(UnsignedLong(UnsignedLongDataValue(7635555549770573704))), AnyDataValue(Iri(IriDataValue("c_28"))), AnyDataValue(Iri(IriDataValue("c_28")))] }
18:52:00 [INFO] Execution step: Project/Reorder
18:52:00 [INFO] Saved temporary table: 8 entries (22476)
18:52:00 [INFO] Execution step: Body
18:52:00 [INFO] Trie does not contain any elements
18:52:00 [INFO] Execution step: Duplicate Elimination (Datalog)
18:52:00 [INFO] Trie does not contain any elements
18:52:00 [INFO] Rule duration: 113 ms
18:52:00 [INFO] <<< STEP 513: APPLYING RULE 66 R_13(?X_2, <http://www.w3.org/2002/07/owl#disjointWith>, ?X_1) :- http://rulewerk.semantic-web.org/inferred/ex(?X_2, ?_BODY_1, ?X_1), synConj(?X_2, ?X_1, ?_BODY_2), R_20(?Z_3, ?X_1, ?X_2, ?_BODY_3), http://rulewerk.semantic-web.org/normalForm/exists(?X_1, ?_BODY_4, ?X_2), Equal(?_BODY_1, <http://www.w3.org/2002/07/owl#disjointWith>), Equal(?_BODY_2, ?X_1), Equal(?_BODY_3, ?X_1), Equal(?_BODY_4, <http://www.w3.org/1999/02/22-rdf-syntax-ns#nil>) >>>
18:52:00 [INFO] Loading source SimpleTable { arity: 3, data: [AnyDataValue(Iri(IriDataValue("c_10"))), AnyDataValue(Iri(IriDataValue("c_11"))), AnyDataValue(PlainString(StringDataValue("str_1"))), AnyDataValue(Iri(IriDataValue("c_32"))), AnyDataValue(Iri(IriDataValue("c_18"))), AnyDataValue(Iri(IriDataValue("c_33")))] }
18:52:00 [INFO] Execution step: Project/Reorder
18:52:00 [INFO] Saved temporary table: 14115 entries (124042)
18:52:00 [INFO] Execution step: Body
18:52:00 [INFO] Trie does not contain any elements
18:52:00 [INFO] Execution step: Duplicate Elimination (Datalog)
18:52:00 [INFO] Trie does not contain any elements
18:52:00 [INFO] Rule duration: 108 ms
18:52:00 [INFO] <<< STEP 514: APPLYING RULE 61 R_15(?X_2, ?X_1, ?X_3) :- R_28(?X_2, ?X_1, ?X_3, ?_BODY_1, ?Y_1, ?_BODY_2), http://rulewerk.semantic-web.org/inferred/init(?Z_1), http://rulewerk.semantic-web.org/normalForm/subProp(?X_3, ?_BODY_3), repOf(?X_3, ?Z_1), R_13(?X_1, ?X_3, ?_BODY_4), Equal(?_BODY_1, <http://www.w3.org/1999/02/22-rdf-syntax-ns#first>), Equal(?_BODY_2, ?X_3), Equal(?_BODY_3, ?X_3), Equal(?_BODY_4, ?X_3) >>>
18:52:00 [INFO] Loading source SimpleTable { arity: 3, data: [AnyDataValue(Iri(IriDataValue("c_5"))), AnyDataValue(UnsignedLong(UnsignedLongDataValue(17122736574521185340))), AnyDataValue(Iri(IriDataValue("http://www.w3.org/2000/01/rdf-schema#subPropertyOf")))] }
18:52:00 [INFO] Execution step: Body
18:52:00 [INFO] Trie does not contain any elements
18:52:00 [INFO] Execution step: Duplicate Elimination (Datalog)
18:52:00 [INFO] Trie does not contain any elements
18:52:00 [INFO] Rule duration: 0 ms
18:52:00 [INFO] <<< STEP 515: APPLYING RULE 59 R_24(?X_3, <http://www.w3.org/2002/07/owl#propertyChain>, ?X_1, ?X_4) :- R_15(?X_3, ?_BODY_1, ?X_1), R_15(?X_4, ?_BODY_2, ?Y_1), in(?X_1, ?_BODY_3), R_10(?Y_1, ?X_3, ?Z_3, ?X_1, ?X_4, ?_BODY_4), Equal(?_BODY_1, <http://www.w3.org/2002/07/owl#propertyChain>), Equal(?_BODY_2, <http://www.w3.org/2002/07/owl#propertyChain>), Equal(?_BODY_3, <http://www.w3.org/2002/07/owl#onProperty>), Equal(?_BODY_4, ?X_1) >>>
18:52:00 [INFO] Execution step: Body
18:52:00 [INFO] Trie does not contain any elements
18:52:00 [INFO] Execution step: Duplicate Elimination (Datalog)
18:52:00 [INFO] Trie does not contain any elements
18:52:00 [INFO] Rule duration: 0 ms
18:52:00 [INFO] <<< STEP 516: APPLYING RULE 57 R_OUT(<http://www.w3.org/2000/01/rdf-schema#subPropertyOf>, ?X_1) :- next(?_BODY_1, ?X_1), R_5(?X_1, ?Z_1, ?Z_2, ?_BODY_2, ?_BODY_3), R_7(?X_1), http://rulewerk.semantic-web.org/normalForm/subClassOf(?X_1, ?_BODY_4), Equal(?_BODY_1, <http://www.w3.org/2000/01/rdf-schema#subPropertyOf>), Equal(?_BODY_2, ?X_1), Equal(?_BODY_3, ?X_1), Equal(?_BODY_4, ?X_1) >>>
18:52:00 [INFO] Execution step: Project/Reorder
18:52:00 [INFO] Saved temporary table: 45499 entries (581910)
18:52:00 [INFO] Execution step: Body
18:52:00 [INFO] Trie does not contain any elements
18:52:00 [INFO] Execution step: Duplicate Elimination (Datalog)
18:52:00 [INFO] Trie does not contain any elements
18:52:00 [INFO] Rule duration: 7 ms
18:52:00 [INFO] <<< STEP 517: APPLYING RULE 65 R_5(?X_3, ?X_4, ?X_1, ?X_2, ?X_5) :- R_23(?X_3, ?X_4, ?X_1, ?X_2, ?_BODY_1, ?X_5), first(?X_1), http://rulewerk.semantic-web.org/normalForm/conj(?Z_5, ?Z_4, ?X_3), R_11(?Z_4, ?X_1, ?X_4), R_15(?X_4, ?X_5, ?X_1), R_19(?Z_4, ?X_4, ?X_1), Equal(?_BODY_1, ?X_4) >>>
18:52:00 [INFO] Loading source SimpleTable { arity: 3, data: [AnyDataValue(Iri(IriDataValue("c_8"))), AnyDataValue(Iri(IriDataValue("c_22"))), AnyDataValue(PlainString(StringDataValue("str_13")))] }
18:52:00 [INFO] Execution step: Body
18:52:00 [INFO] Trie does not contain any elements
18:52:00 [INFO] Execution step: Duplicate Elimination (Datalog)
18:52:00 [INFO] Trie does not contain any elements
18:52:00 [INFO] Rule duration: 0 ms
18:52:00 [INFO] <<< STEP 518: APPLYING RULE 72 R_11(?X_2, ?X_1, ?X_2) :- R_OUT(?Y_1, ?X_1), R_OUT(?X_2, ?_BODY_1), R_24(?X_2, ?X_1, ?_BODY_2, ?_BODY_3), R_28(?Y_1, ?Z_4, ?X_2, ?_BODY_4, ?_BODY_5, ?_BODY_6), ClassSubject(?X_2), prepareSco(?X_2, ?_BODY_7), Equal(?_BODY_1, ?X_2), Equal(?_BODY_2, ?X_2), Equal(?_BODY_3, ?X_2), Equal(?_BODY_4, ?X_2), Equal(?_BODY_5, ?X_2), Equal(?_BODY_6, ?X_2), Equal(?_BODY_7, ?X_2) >>>
18:52:00 [INFO] Execution step: Project/Reorder
18:52:00 [INFO] Saved temporary table: 2 entries (3456)
18:52:00 [INFO] Execution step: Project/Reorder
18:52:00 [INFO] Saved temporary table: 45499 entries (586194)
18:52:00 [INFO] Execution step: Body
18:52:00 [INFO] Trie does not contain any elements
18:52:00 [INFO] Execution step: Duplicate Elimination (Datalog)
18:52:00 [INFO] Trie does not contain any elements
18:52:00 [INFO] Rule duration: 8 ms
18:52:00 [INFO] Execution step: Combining Tables
18:52:00 [INFO] Saved permanent table R_OUT (0-1) Permutation { idx_to_val: [], val_to_idx: [] } with 1 entries (6904)
18:52:00 [INFO] ----------------------------------------------
18:52:00 [INFO] --- Finished Nemo Execution - Input Program --
18:52:00 [INFO] Output size: 1
18:52:00 [INFO] ----------------------------------------------
18:52:00 [INFO] 
18:52:00 [INFO] ----------------------------------------------
18:52:00 [INFO] Beginning Nemo Execution - Transformed Program
18:52:00 [INFO] ----------------------------------------------
18:52:00 [INFO] Stratified program: [[0, 1, 2, 3, 4, 5, 6, 7, 8, 9, 10, 11, 12, 13, 14, 22, 23, 24, 26, 29, 45, 47, 48, 49, 51, 59, 68], [15, 16, 17, 18, 19, 20, 21, 25, 27, 28, 30, 31, 32, 33, 34, 35, 36, 37, 38, 39, 40, 41, 42, 43, 46, 50, 53, 64, 70, 71, 76], [44, 52, 55, 57, 60, 61, 63, 67, 72, 73, 74, 75], [54, 56, 58, 62, 65, 66, 69]]
18:52:00 [INFO] <<< STEP 1: APPLYING RULE 0 class(?O) :- TRIPLE(?X, ?P, ?O), ClassObject(?P) >>>
18:52:00 [INFO] Loading source RdfReader { read: "<unspecified std::io::Read>", variant: NTriples, base: None }
18:52:00 [INFO] Starting RDF import (format ntriples)
18:52:01 [INFO] Finished import: processed 245662 triples
18:52:01 [INFO] Loading source SimpleTable { arity: 1, data: [AnyDataValue(Iri(IriDataValue("http://www.w3.org/2002/07/owl#someValuesFrom"))), AnyDataValue(Iri(IriDataValue("http://www.w3.org/1999/02/22-rdf-syntax-ns#first"))), AnyDataValue(Iri(IriDataValue("http://www.w3.org/2000/01/rdf-schema#subClassOf"))), AnyDataValue(Iri(IriDataValue("http://www.w3.org/2002/07/owl#equivalentClass")))] }
18:52:01 [INFO] Execution step: Body
18:52:01 [INFO] Saved temporary table: 54932 entries (223128)
18:52:01 [INFO] Execution step: Duplicate Elimination (Datalog)
18:52:01 [INFO] Saved permanent table class (1) Permutation { idx_to_val: [], val_to_idx: [] } with 54932 entries (223176)
18:52:01 [INFO] Rule duration: 788 ms
18:52:01 [INFO] <<< STEP 2: APPLYING RULE 0 class(?O) :- TRIPLE(?X, ?P, ?O), ClassObject(?P) >>>
18:52:01 [INFO] Execution step: Body
18:52:01 [INFO] Trie does not contain any elements
18:52:01 [INFO] Execution step: Duplicate Elimination (Datalog)
18:52:01 [INFO] Trie does not contain any elements
18:52:01 [INFO] Rule duration: 0 ms
18:52:01 [INFO] <<< STEP 3: APPLYING RULE 1 class(?X) :- TRIPLE(?X, ?P, ?O), ClassSubject(?P) >>>
18:52:01 [INFO] Loading source SimpleTable { arity: 1, data: [AnyDataValue(Iri(IriDataValue("http://www.w3.org/2000/01/rdf-schema#subClassOf"))), AnyDataValue(Iri(IriDataValue("http://www.w3.org/2002/07/owl#equivalentClass")))] }
18:52:01 [INFO] Execution step: Body
18:52:01 [INFO] Saved temporary table: 23117 entries (95868)
18:52:01 [INFO] Execution step: Duplicate Elimination (Datalog)
18:52:01 [INFO] Saved permanent table class (3) Permutation { idx_to_val: [], val_to_idx: [] } with 13170 entries (56128)
18:52:01 [INFO] Rule duration: 10 ms
18:52:01 [INFO] <<< STEP 4: APPLYING RULE 1 class(?X) :- TRIPLE(?X, ?P, ?O), ClassSubject(?P) >>>
18:52:01 [INFO] Execution step: Body
18:52:01 [INFO] Trie does not contain any elements
18:52:01 [INFO] Execution step: Duplicate Elimination (Datalog)
18:52:01 [INFO] Trie does not contain any elements
18:52:01 [INFO] Rule duration: 0 ms
18:52:01 [INFO] <<< STEP 5: APPLYING RULE 2 synEx(?Y, ?P, ?X), auxClass(?X) :- TRIPLE(?X, ?_BODY_1, ?Y), TRIPLE(?X, ?_BODY_2, ?P), Equal(?_BODY_1, <http://www.w3.org/2002/07/owl#someValuesFrom>), Equal(?_BODY_2, <http://www.w3.org/2002/07/owl#onProperty>) >>>
18:52:01 [INFO] Execution step: Body
18:52:01 [INFO] Saved temporary table: 29618 entries (121872)
18:52:01 [INFO] Saved temporary table: 29618 entries (468332)
18:52:01 [INFO] Execution step: Duplicate Elimination (Datalog)
18:52:01 [INFO] Saved permanent table auxClass (5) Permutation { idx_to_val: [], val_to_idx: [] } with 29618 entries (121920)
18:52:01 [INFO] Execution step: Duplicate Elimination (Datalog)
18:52:01 [INFO] Saved permanent table synEx (5) Permutation { idx_to_val: [], val_to_idx: [] } with 29618 entries (468380)
18:52:01 [INFO] Rule duration: 32 ms
18:52:01 [INFO] <<< STEP 6: APPLYING RULE 2 synEx(?Y, ?P, ?X), auxClass(?X) :- TRIPLE(?X, ?_BODY_1, ?Y), TRIPLE(?X, ?_BODY_2, ?P), Equal(?_BODY_1, <http://www.w3.org/2002/07/owl#someValuesFrom>), Equal(?_BODY_2, <http://www.w3.org/2002/07/owl#onProperty>) >>>
18:52:01 [INFO] Execution step: Body
18:52:01 [INFO] Trie does not contain any elements
18:52:01 [INFO] Trie does not contain any elements
18:52:01 [INFO] Execution step: Duplicate Elimination (Datalog)
18:52:01 [INFO] Trie does not contain any elements
18:52:01 [INFO] Execution step: Duplicate Elimination (Datalog)
18:52:01 [INFO] Trie does not contain any elements
18:52:01 [INFO] Rule duration: 0 ms
18:52:01 [INFO] <<< STEP 7: APPLYING RULE 3 next(?L1, ?L2) :- TRIPLE(?L1, ?_BODY_1, ?L2), Equal(?_BODY_1, <http://www.w3.org/1999/02/22-rdf-syntax-ns#rest>) >>>
18:52:01 [INFO] Execution step: Body
18:52:01 [INFO] Saved temporary table: 32739 entries (269100)
18:52:01 [INFO] Execution step: Duplicate Elimination (Datalog)
18:52:01 [INFO] Saved permanent table next (7) Permutation { idx_to_val: [], val_to_idx: [] } with 32739 entries (269148)
18:52:01 [INFO] Rule duration: 60 ms
18:52:01 [INFO] <<< STEP 8: APPLYING RULE 3 next(?L1, ?L2) :- TRIPLE(?L1, ?_BODY_1, ?L2), Equal(?_BODY_1, <http://www.w3.org/1999/02/22-rdf-syntax-ns#rest>) >>>
18:52:01 [INFO] Execution step: Body
18:52:01 [INFO] Trie does not contain any elements
18:52:01 [INFO] Execution step: Duplicate Elimination (Datalog)
18:52:01 [INFO] Trie does not contain any elements
18:52:01 [INFO] Rule duration: 0 ms
18:52:01 [INFO] <<< STEP 9: APPLYING RULE 4 first(?L1) :- TRIPLE(?X, ?_BODY_1, ?L1), Equal(?_BODY_1, <http://www.w3.org/2002/07/owl#intersectionOf>) >>>
18:52:01 [INFO] Execution step: Body
18:52:01 [INFO] Saved temporary table: 15348 entries (64792)
18:52:01 [INFO] Execution step: Duplicate Elimination (Datalog)
18:52:01 [INFO] Saved permanent table first (9) Permutation { idx_to_val: [], val_to_idx: [] } with 15348 entries (64840)
18:52:01 [INFO] Rule duration: 6 ms
18:52:01 [INFO] <<< STEP 10: APPLYING RULE 4 first(?L1) :- TRIPLE(?X, ?_BODY_1, ?L1), Equal(?_BODY_1, <http://www.w3.org/2002/07/owl#intersectionOf>) >>>
18:52:01 [INFO] Execution step: Body
18:52:01 [INFO] Trie does not contain any elements
18:52:01 [INFO] Execution step: Duplicate Elimination (Datalog)
18:52:01 [INFO] Trie does not contain any elements
18:52:01 [INFO] Rule duration: 0 ms
18:52:01 [INFO] <<< STEP 11: APPLYING RULE 5 nonfirst(?L2) :- first(?L1), next(?L1, ?L2) >>>
18:52:01 [INFO] Execution step: Body
18:52:01 [INFO] Saved temporary table: 15348 entries (64792)
18:52:01 [INFO] Execution step: Duplicate Elimination (Datalog)
18:52:01 [INFO] Saved permanent table nonfirst (11) Permutation { idx_to_val: [], val_to_idx: [] } with 15348 entries (64840)
18:52:01 [INFO] Rule duration: 5 ms
18:52:01 [INFO] <<< STEP 12: APPLYING RULE 5 nonfirst(?L2) :- first(?L1), next(?L1, ?L2) >>>
18:52:01 [INFO] Execution step: Body
18:52:01 [INFO] Trie does not contain any elements
18:52:01 [INFO] Execution step: Duplicate Elimination (Datalog)
18:52:01 [INFO] Trie does not contain any elements
18:52:01 [INFO] Rule duration: 0 ms
18:52:01 [INFO] <<< STEP 13: APPLYING RULE 6 nonfirst(?L2) :- nonfirst(?L1), next(?L1, ?L2) >>>
18:52:01 [INFO] Execution step: Body
18:52:01 [INFO] Saved temporary table: 1719 entries (10276)
18:52:01 [INFO] Execution step: Duplicate Elimination (Datalog)
18:52:01 [INFO] Saved permanent table nonfirst (13) Permutation { idx_to_val: [], val_to_idx: [] } with 1719 entries (10324)
18:52:01 [INFO] Rule duration: 3 ms
18:52:01 [INFO] <<< STEP 14: APPLYING RULE 6 nonfirst(?L2) :- nonfirst(?L1), next(?L1, ?L2) >>>
18:52:01 [INFO] Execution step: Body
18:52:01 [INFO] Saved temporary table: 298 entries (4592)
18:52:01 [INFO] Execution step: Duplicate Elimination (Datalog)
18:52:01 [INFO] Saved permanent table nonfirst (14) Permutation { idx_to_val: [], val_to_idx: [] } with 297 entries (4636)
18:52:01 [INFO] Rule duration: 0 ms
18:52:01 [INFO] <<< STEP 15: APPLYING RULE 6 nonfirst(?L2) :- nonfirst(?L1), next(?L1, ?L2) >>>
18:52:01 [INFO] Execution step: Body
18:52:01 [INFO] Saved temporary table: 26 entries (3504)
18:52:01 [INFO] Execution step: Duplicate Elimination (Datalog)
18:52:01 [INFO] Saved permanent table nonfirst (15) Permutation { idx_to_val: [], val_to_idx: [] } with 25 entries (3548)
18:52:01 [INFO] Rule duration: 0 ms
18:52:01 [INFO] <<< STEP 16: APPLYING RULE 6 nonfirst(?L2) :- nonfirst(?L1), next(?L1, ?L2) >>>
18:52:01 [INFO] Execution step: Body
18:52:01 [INFO] Saved temporary table: 4 entries (3416)
18:52:01 [INFO] Execution step: Duplicate Elimination (Datalog)
18:52:01 [INFO] Saved permanent table nonfirst (16) Permutation { idx_to_val: [], val_to_idx: [] } with 3 entries (3460)
18:52:01 [INFO] Rule duration: 0 ms
18:52:01 [INFO] <<< STEP 17: APPLYING RULE 6 nonfirst(?L2) :- nonfirst(?L1), next(?L1, ?L2) >>>
18:52:01 [INFO] Execution step: Body
18:52:01 [INFO] Saved temporary table: 1 entries (3404)
18:52:01 [INFO] Execution step: Duplicate Elimination (Datalog)
18:52:01 [INFO] Trie does not contain any elements
18:52:01 [INFO] Rule duration: 0 ms
18:52:01 [INFO] <<< STEP 18: APPLYING RULE 7 last(?Ln) :- next(?Ln, ?_BODY_1), Equal(?_BODY_1, <http://www.w3.org/1999/02/22-rdf-syntax-ns#nil>) >>>
18:52:01 [INFO] Execution step: Body
18:52:01 [INFO] Saved temporary table: 15348 entries (64792)
18:52:01 [INFO] Execution step: Duplicate Elimination (Datalog)
18:52:01 [INFO] Saved permanent table last (18) Permutation { idx_to_val: [], val_to_idx: [] } with 15348 entries (64840)
18:52:01 [INFO] Rule duration: 11 ms
18:52:01 [INFO] <<< STEP 19: APPLYING RULE 7 last(?Ln) :- next(?Ln, ?_BODY_1), Equal(?_BODY_1, <http://www.w3.org/1999/02/22-rdf-syntax-ns#nil>) >>>
18:52:01 [INFO] Execution step: Body
18:52:01 [INFO] Trie does not contain any elements
18:52:01 [INFO] Execution step: Duplicate Elimination (Datalog)
18:52:01 [INFO] Trie does not contain any elements
18:52:01 [INFO] Rule duration: 0 ms
18:52:01 [INFO] <<< STEP 20: APPLYING RULE 8 nonlast(?L) :- next(?L, ?Ln), last(?Ln) >>>
18:52:01 [INFO] Execution step: Body
18:52:01 [INFO] Saved temporary table: 15348 entries (64792)
18:52:01 [INFO] Execution step: Duplicate Elimination (Datalog)
18:52:01 [INFO] Saved permanent table nonlast (20) Permutation { idx_to_val: [], val_to_idx: [] } with 15348 entries (64840)
18:52:01 [INFO] Rule duration: 5 ms
18:52:01 [INFO] <<< STEP 21: APPLYING RULE 8 nonlast(?L) :- next(?L, ?Ln), last(?Ln) >>>
18:52:01 [INFO] Execution step: Body
18:52:01 [INFO] Trie does not contain any elements
18:52:01 [INFO] Execution step: Duplicate Elimination (Datalog)
18:52:01 [INFO] Trie does not contain any elements
18:52:01 [INFO] Rule duration: 0 ms
18:52:01 [INFO] <<< STEP 22: APPLYING RULE 9 nonlast(?L1) :- next(?L1, ?L2), nonlast(?L2) >>>
18:52:01 [INFO] Execution step: Body
18:52:01 [INFO] Saved temporary table: 1718 entries (10272)
18:52:01 [INFO] Execution step: Duplicate Elimination (Datalog)
18:52:01 [INFO] Saved permanent table nonlast (22) Permutation { idx_to_val: [], val_to_idx: [] } with 1718 entries (10320)
18:52:01 [INFO] Rule duration: 1 ms
18:52:01 [INFO] <<< STEP 23: APPLYING RULE 9 nonlast(?L1) :- next(?L1, ?L2), nonlast(?L2) >>>
18:52:01 [INFO] Execution step: Body
18:52:01 [INFO] Saved temporary table: 297 entries (4588)
18:52:01 [INFO] Execution step: Duplicate Elimination (Datalog)
18:52:01 [INFO] Saved permanent table nonlast (23) Permutation { idx_to_val: [], val_to_idx: [] } with 297 entries (4636)
18:52:01 [INFO] Rule duration: 0 ms
18:52:01 [INFO] <<< STEP 24: APPLYING RULE 9 nonlast(?L1) :- next(?L1, ?L2), nonlast(?L2) >>>
18:52:01 [INFO] Execution step: Body
18:52:01 [INFO] Saved temporary table: 25 entries (3500)
18:52:01 [INFO] Execution step: Duplicate Elimination (Datalog)
18:52:01 [INFO] Saved permanent table nonlast (24) Permutation { idx_to_val: [], val_to_idx: [] } with 25 entries (3548)
18:52:01 [INFO] Rule duration: 0 ms
18:52:01 [INFO] <<< STEP 25: APPLYING RULE 9 nonlast(?L1) :- next(?L1, ?L2), nonlast(?L2) >>>
18:52:01 [INFO] Execution step: Body
18:52:01 [INFO] Saved temporary table: 3 entries (3412)
18:52:01 [INFO] Execution step: Duplicate Elimination (Datalog)
18:52:01 [INFO] Saved permanent table nonlast (25) Permutation { idx_to_val: [], val_to_idx: [] } with 3 entries (3460)
18:52:01 [INFO] Rule duration: 0 ms
18:52:01 [INFO] <<< STEP 26: APPLYING RULE 9 nonlast(?L1) :- next(?L1, ?L2), nonlast(?L2) >>>
18:52:01 [INFO] Execution step: Body
18:52:01 [INFO] Trie does not contain any elements
18:52:01 [INFO] Execution step: Duplicate Elimination (Datalog)
18:52:01 [INFO] Trie does not contain any elements
18:52:01 [INFO] Rule duration: 0 ms
18:52:01 [INFO] <<< STEP 27: APPLYING RULE 10 in(?L, ?C) :- TRIPLE(?L, ?_BODY_1, ?C), Equal(?_BODY_1, <http://www.w3.org/1999/02/22-rdf-syntax-ns#first>) >>>
18:52:01 [INFO] Execution step: Body
18:52:01 [INFO] Saved temporary table: 32739 entries (269100)
18:52:01 [INFO] Execution step: Duplicate Elimination (Datalog)
18:52:01 [INFO] Saved permanent table in (27) Permutation { idx_to_val: [], val_to_idx: [] } with 32739 entries (269148)
18:52:01 [INFO] Rule duration: 18 ms
18:52:01 [INFO] <<< STEP 28: APPLYING RULE 10 in(?L, ?C) :- TRIPLE(?L, ?_BODY_1, ?C), Equal(?_BODY_1, <http://www.w3.org/1999/02/22-rdf-syntax-ns#first>) >>>
18:52:01 [INFO] Execution step: Body
18:52:01 [INFO] Trie does not contain any elements
18:52:01 [INFO] Execution step: Duplicate Elimination (Datalog)
18:52:01 [INFO] Trie does not contain any elements
18:52:01 [INFO] Rule duration: 0 ms
18:52:01 [INFO] <<< STEP 29: APPLYING RULE 11 synConj(?X, ?C1, ?C2), auxClass(?X) :- TRIPLE(?X, ?_BODY_1, ?L1), next(?L1, ?L2), last(?L2), in(?L1, ?C1), in(?L2, ?C2), Equal(?_BODY_1, <http://www.w3.org/2002/07/owl#intersectionOf>) >>>
18:52:01 [INFO] Execution step: Body
18:52:01 [INFO] Saved temporary table: 13630 entries (174536)
18:52:01 [INFO] Saved temporary table: 13630 entries (57920)
18:52:01 [INFO] Execution step: Duplicate Elimination (Datalog)
18:52:01 [INFO] Saved permanent table synConj (29) Permutation { idx_to_val: [], val_to_idx: [] } with 13630 entries (174584)
18:52:01 [INFO] Execution step: Duplicate Elimination (Datalog)
18:52:01 [INFO] Saved permanent table auxClass (29) Permutation { idx_to_val: [], val_to_idx: [] } with 13630 entries (57968)
18:52:01 [INFO] Rule duration: 22 ms
18:52:01 [INFO] <<< STEP 30: APPLYING RULE 11 synConj(?X, ?C1, ?C2), auxClass(?X) :- TRIPLE(?X, ?_BODY_1, ?L1), next(?L1, ?L2), last(?L2), in(?L1, ?C1), in(?L2, ?C2), Equal(?_BODY_1, <http://www.w3.org/2002/07/owl#intersectionOf>) >>>
18:52:01 [INFO] Execution step: Body
18:52:01 [INFO] Trie does not contain any elements
18:52:01 [INFO] Trie does not contain any elements
18:52:01 [INFO] Execution step: Duplicate Elimination (Datalog)
18:52:01 [INFO] Trie does not contain any elements
18:52:01 [INFO] Execution step: Duplicate Elimination (Datalog)
18:52:01 [INFO] Trie does not contain any elements
18:52:01 [INFO] Rule duration: 0 ms
18:52:01 [INFO] <<< STEP 31: APPLYING RULE 12 synConj(?X, ?C1, ?L2), auxClass(?X) :- TRIPLE(?X, ?_BODY_1, ?L1), next(?L1, ?L2), nonlast(?L2), in(?L1, ?C1), Equal(?_BODY_1, <http://www.w3.org/2002/07/owl#intersectionOf>) >>>
18:52:01 [INFO] Execution step: Body
18:52:01 [INFO] Saved temporary table: 1718 entries (10272)
18:52:01 [INFO] Saved temporary table: 1718 entries (31592)
18:52:01 [INFO] Execution step: Duplicate Elimination (Datalog)
18:52:01 [INFO] Saved permanent table auxClass (31) Permutation { idx_to_val: [], val_to_idx: [] } with 1718 entries (10320)
18:52:01 [INFO] Execution step: Duplicate Elimination (Datalog)
18:52:01 [INFO] Saved permanent table synConj (31) Permutation { idx_to_val: [], val_to_idx: [] } with 1718 entries (31640)
18:52:01 [INFO] Rule duration: 15 ms
18:52:01 [INFO] <<< STEP 32: APPLYING RULE 12 synConj(?X, ?C1, ?L2), auxClass(?X) :- TRIPLE(?X, ?_BODY_1, ?L1), next(?L1, ?L2), nonlast(?L2), in(?L1, ?C1), Equal(?_BODY_1, <http://www.w3.org/2002/07/owl#intersectionOf>) >>>
18:52:01 [INFO] Execution step: Body
18:52:01 [INFO] Trie does not contain any elements
18:52:01 [INFO] Trie does not contain any elements
18:52:01 [INFO] Execution step: Duplicate Elimination (Datalog)
18:52:01 [INFO] Trie does not contain any elements
18:52:01 [INFO] Execution step: Duplicate Elimination (Datalog)
18:52:01 [INFO] Trie does not contain any elements
18:52:01 [INFO] Rule duration: 0 ms
18:52:01 [INFO] <<< STEP 33: APPLYING RULE 13 synConj(?L1, ?C1, ?L2), auxClass(?L1) :- nonfirst(?L1), next(?L1, ?L2), nonlast(?L2), in(?L1, ?C1) >>>
18:52:01 [INFO] Execution step: Body
18:52:01 [INFO] Saved temporary table: 325 entries (14876)
18:52:01 [INFO] Saved temporary table: 325 entries (4700)
18:52:01 [INFO] Execution step: Duplicate Elimination (Datalog)
18:52:01 [INFO] Saved permanent table synConj (33) Permutation { idx_to_val: [], val_to_idx: [] } with 325 entries (14924)
18:52:01 [INFO] Execution step: Duplicate Elimination (Datalog)
18:52:01 [INFO] Saved permanent table auxClass (33) Permutation { idx_to_val: [], val_to_idx: [] } with 325 entries (4748)
18:52:01 [INFO] Rule duration: 6 ms
18:52:01 [INFO] <<< STEP 34: APPLYING RULE 13 synConj(?L1, ?C1, ?L2), auxClass(?L1) :- nonfirst(?L1), next(?L1, ?L2), nonlast(?L2), in(?L1, ?C1) >>>
18:52:01 [INFO] Execution step: Body
18:52:01 [INFO] Trie does not contain any elements
18:52:01 [INFO] Trie does not contain any elements
18:52:01 [INFO] Execution step: Duplicate Elimination (Datalog)
18:52:01 [INFO] Trie does not contain any elements
18:52:01 [INFO] Execution step: Duplicate Elimination (Datalog)
18:52:01 [INFO] Trie does not contain any elements
18:52:01 [INFO] Rule duration: 0 ms
18:52:01 [INFO] <<< STEP 35: APPLYING RULE 14 synConj(?L1, ?C1, ?C2), auxClass(?L1) :- nonfirst(?L1), next(?L1, ?L2), last(?L2), in(?L1, ?C1), in(?L2, ?C2) >>>
18:52:01 [INFO] Execution step: Body
18:52:01 [INFO] Saved temporary table: 1718 entries (31592)
18:52:01 [INFO] Saved temporary table: 1718 entries (10272)
18:52:01 [INFO] Execution step: Duplicate Elimination (Datalog)
18:52:01 [INFO] Saved permanent table synConj (35) Permutation { idx_to_val: [], val_to_idx: [] } with 1718 entries (31640)
18:52:01 [INFO] Execution step: Duplicate Elimination (Datalog)
18:52:01 [INFO] Saved permanent table auxClass (35) Permutation { idx_to_val: [], val_to_idx: [] } with 1718 entries (10320)
18:52:01 [INFO] Rule duration: 12 ms
18:52:01 [INFO] <<< STEP 36: APPLYING RULE 14 synConj(?L1, ?C1, ?C2), auxClass(?L1) :- nonfirst(?L1), next(?L1, ?L2), last(?L2), in(?L1, ?C1), in(?L2, ?C2) >>>
18:52:01 [INFO] Execution step: Body
18:52:01 [INFO] Trie does not contain any elements
18:52:01 [INFO] Trie does not contain any elements
18:52:01 [INFO] Execution step: Duplicate Elimination (Datalog)
18:52:01 [INFO] Trie does not contain any elements
18:52:01 [INFO] Execution step: Duplicate Elimination (Datalog)
18:52:01 [INFO] Trie does not contain any elements
18:52:01 [INFO] Rule duration: 0 ms
18:52:01 [INFO] <<< STEP 37: APPLYING RULE 22 http://rulewerk.semantic-web.org/normalForm/subPropChain(?S, ?T, ?R), http://rulewerk.semantic-web.org/normalForm/subProp(?R, ?R) :- TRIPLE(?L, ?_BODY_1, ?R), TRIPLE(?L, ?_BODY_2, ?L1), in(?L1, ?S), next(?L1, ?L2), in(?L2, ?T), Equal(?_BODY_1, <http://www.w3.org/2000/01/rdf-schema#subPropertyOf>), Equal(?_BODY_2, <http://www.w3.org/2002/07/owl#propertyChain>) >>>
18:52:02 [INFO] Execution step: Body
18:52:02 [INFO] Trie does not contain any elements
18:52:02 [INFO] Trie does not contain any elements
18:52:02 [INFO] Execution step: Duplicate Elimination (Datalog)
18:52:02 [INFO] Trie does not contain any elements
18:52:02 [INFO] Execution step: Duplicate Elimination (Datalog)
18:52:02 [INFO] Trie does not contain any elements
18:52:02 [INFO] Rule duration: 72 ms
18:52:02 [INFO] <<< STEP 38: APPLYING RULE 23 prepareSco(?X, ?Y) :- TRIPLE(?X, ?_BODY_1, ?Y), Equal(?_BODY_1, <http://www.w3.org/2000/01/rdf-schema#subClassOf>) >>>
18:52:02 [INFO] Execution step: Body
18:52:02 [INFO] Saved temporary table: 25563 entries (290582)
18:52:02 [INFO] Execution step: Duplicate Elimination (Datalog)
18:52:02 [INFO] Saved permanent table prepareSco (38) Permutation { idx_to_val: [], val_to_idx: [] } with 25563 entries (290630)
18:52:02 [INFO] Rule duration: 15 ms
18:52:02 [INFO] <<< STEP 39: APPLYING RULE 23 prepareSco(?X, ?Y) :- TRIPLE(?X, ?_BODY_1, ?Y), Equal(?_BODY_1, <http://www.w3.org/2000/01/rdf-schema#subClassOf>) >>>
18:52:02 [INFO] Execution step: Body
18:52:02 [INFO] Trie does not contain any elements
18:52:02 [INFO] Execution step: Duplicate Elimination (Datalog)
18:52:02 [INFO] Trie does not contain any elements
18:52:02 [INFO] Rule duration: 0 ms
18:52:02 [INFO] <<< STEP 40: APPLYING RULE 24 prepareSco(?X, ?Y), prepareSco(?Y, ?X) :- TRIPLE(?X, ?_BODY_1, ?Y), Equal(?_BODY_1, <http://www.w3.org/2002/07/owl#equivalentClass>) >>>
18:52:02 [INFO] Execution step: Body
18:52:02 [INFO] Saved temporary table: 9968 entries (86932)
18:52:02 [INFO] Saved temporary table: 9968 entries (86932)
18:52:02 [INFO] Execution step: Duplicate Elimination (Datalog)
18:52:02 [INFO] Saved permanent table prepareSco (40) Permutation { idx_to_val: [], val_to_idx: [] } with 19936 entries (166724)
18:52:02 [INFO] Rule duration: 14 ms
18:52:02 [INFO] <<< STEP 41: APPLYING RULE 24 prepareSco(?X, ?Y), prepareSco(?Y, ?X) :- TRIPLE(?X, ?_BODY_1, ?Y), Equal(?_BODY_1, <http://www.w3.org/2002/07/owl#equivalentClass>) >>>
18:52:02 [INFO] Execution step: Body
18:52:02 [INFO] Trie does not contain any elements
18:52:02 [INFO] Trie does not contain any elements
18:52:02 [INFO] Execution step: Duplicate Elimination (Datalog)
18:52:02 [INFO] Trie does not contain any elements
18:52:02 [INFO] Rule duration: 0 ms
18:52:02 [INFO] <<< STEP 42: APPLYING RULE 26 http://rulewerk.semantic-web.org/normalForm/subClassOf(!C, <http://www.w3.org/2002/07/owl#Nothing>), http://rulewerk.semantic-web.org/normalForm/conj(!C, ?X, ?Y), http://rulewerk.semantic-web.org/normalForm/isSubClass(!C), http://rulewerk.semantic-web.org/normalForm/isSubClass(?X), http://rulewerk.semantic-web.org/normalForm/isSubClass(?Y) :- TRIPLE(?X, ?_BODY_1, ?Y), Equal(?_BODY_1, <http://www.w3.org/2002/07/owl#disjointWith>) >>>
18:52:02 [INFO] Execution step: Project/Reorder
18:52:02 [INFO] Trie does not contain any elements
18:52:02 [INFO] Execution step: Body
18:52:02 [INFO] Trie does not contain any elements
18:52:02 [INFO] Trie does not contain any elements
18:52:02 [INFO] Trie does not contain any elements
18:52:02 [INFO] Execution step: Head (Restricted): Updated Sat. Frontier
18:52:02 [INFO] Trie does not contain any elements
18:52:02 [INFO] Execution step: Head (Restricted): Nulls
18:52:02 [INFO] Trie does not contain any elements
18:52:02 [INFO] Trie does not contain any elements
18:52:02 [INFO] Trie does not contain any elements
18:52:02 [INFO] Execution step: Duplicate Elimination (Datalog)
18:52:02 [INFO] Trie does not contain any elements
18:52:02 [INFO] Execution step: Duplicate Elimination (Datalog)
18:52:02 [INFO] Trie does not contain any elements
18:52:02 [INFO] Execution step: Duplicate Elimination (Datalog)
18:52:02 [INFO] Trie does not contain any elements
18:52:02 [INFO] Rule duration: 5 ms
18:52:02 [INFO] <<< STEP 43: APPLYING RULE 29 directSubProp(?R, ?S) :- TRIPLE(?R, ?_BODY_1, ?S), Equal(?_BODY_1, <http://www.w3.org/2000/01/rdf-schema#subPropertyOf>) >>>
18:52:02 [INFO] Execution step: Body
18:52:02 [INFO] Saved temporary table: 958 entries (22218)
18:52:02 [INFO] Execution step: Duplicate Elimination (Datalog)
18:52:02 [INFO] Saved permanent table directSubProp (43) Permutation { idx_to_val: [], val_to_idx: [] } with 958 entries (22266)
18:52:02 [INFO] Rule duration: 5 ms
18:52:02 [INFO] <<< STEP 44: APPLYING RULE 29 directSubProp(?R, ?S) :- TRIPLE(?R, ?_BODY_1, ?S), Equal(?_BODY_1, <http://www.w3.org/2000/01/rdf-schema#subPropertyOf>) >>>
18:52:02 [INFO] Execution step: Body
18:52:02 [INFO] Trie does not contain any elements
18:52:02 [INFO] Execution step: Duplicate Elimination (Datalog)
18:52:02 [INFO] Trie does not contain any elements
18:52:02 [INFO] Rule duration: 0 ms
18:52:02 [INFO] <<< STEP 45: APPLYING RULE 48 R_25(?X_2, ?X_1, ?X_4, ?X_6, ?X_5, ?X_1) :- TRIPLE(?X_2, ?X_1, ?X_4), TRIPLE(?X_6, ?X_5, ?X_1) >>>
18:52:02 [INFO] Execution step: Body
18:52:02 [INFO] Trie does not contain any elements
18:52:02 [INFO] Execution step: Duplicate Elimination (Datalog)
18:52:02 [INFO] Trie does not contain any elements
18:52:02 [INFO] Rule duration: 0 ms
18:52:02 [INFO] <<< STEP 46: APPLYING RULE 45 R_4(?X_1, ?X_4, ?X_3, ?X_6, ?X_2, ?X_5) :- R_25(?X_1, ?X_4, ?X_3, ?X_6, ?X_2, ?X_5) >>>
18:52:02 [INFO] Execution step: Body
18:52:02 [INFO] Trie does not contain any elements
18:52:02 [INFO] Execution step: Duplicate Elimination (Datalog)
18:52:02 [INFO] Trie does not contain any elements
18:52:02 [INFO] Rule duration: 0 ms
18:52:02 [INFO] <<< STEP 47: APPLYING RULE 47 R_16(?X_5, ?X_3, ?X_4, ?X_1, ?X_4) :- prepareSco(?X_5, ?X_3), prepareSco(?X_4, ?X_1), prepareSco(?X_4, ?_BODY_1), Equal(?_BODY_1, ?X_4) >>>
18:52:02 [INFO] Execution step: Body
18:52:02 [INFO] Trie does not contain any elements
18:52:02 [INFO] Execution step: Duplicate Elimination (Datalog)
18:52:02 [INFO] Trie does not contain any elements
18:52:02 [INFO] Rule duration: 53 ms
18:52:02 [INFO] <<< STEP 48: APPLYING RULE 49 R_14(?X_1) :- R_12(?X_1, ?_BODY_1, ?Y_1, ?_BODY_2), TRIPLE(?Z_2, ?X_1, ?_BODY_3), auxClass(?Z_3), Equal(?_BODY_1, <http://www.w3.org/2002/07/owl#onProperty>), Equal(?_BODY_2, ?X_1), Equal(?_BODY_3, ?X_1) >>>
18:52:02 [INFO] Execution step: Body
18:52:02 [INFO] Trie does not contain any elements
18:52:02 [INFO] Execution step: Duplicate Elimination (Datalog)
18:52:02 [INFO] Trie does not contain any elements
18:52:02 [INFO] Rule duration: 0 ms
18:52:02 [INFO] <<< STEP 49: APPLYING RULE 59 R_12(<http://www.w3.org/1999/02/22-rdf-syntax-ns#nil>, ?X_4, ?X_1, ?X_3) :- R_16(?_BODY_1, ?X_4, ?X_3, ?_BODY_2, ?X_1), R_4(?X_3, ?X_1, ?X_4, ?_BODY_3, ?Z_3, ?_BODY_4), R_14(?X_4), Equal(?_BODY_1, <http://www.w3.org/1999/02/22-rdf-syntax-ns#nil>), Equal(?_BODY_2, ?X_3), Equal(?_BODY_3, ?X_4), Equal(?_BODY_4, <http://www.w3.org/2002/07/owl#equivalentClass>) >>>
18:52:02 [INFO] Execution step: Body
18:52:02 [INFO] Trie does not contain any elements
18:52:02 [INFO] Execution step: Duplicate Elimination (Datalog)
18:52:02 [INFO] Trie does not contain any elements
18:52:02 [INFO] Rule duration: 0 ms
18:52:02 [INFO] <<< STEP 50: APPLYING RULE 51 R_2(?X_2, ?X_1, <http://www.w3.org/2002/07/owl#equivalentClass>, ?X_3) :- R_4(?Y_1, ?X_1, ?_BODY_1, ?_BODY_2, ?X_3, ?X_2), nonlast(?Y_1), Equal(?_BODY_1, <http://www.w3.org/2002/07/owl#equivalentClass>), Equal(?_BODY_2, ?Y_1) >>>
18:52:02 [INFO] Execution step: Body
18:52:02 [INFO] Trie does not contain any elements
18:52:02 [INFO] Execution step: Duplicate Elimination (Datalog)
18:52:02 [INFO] Trie does not contain any elements
18:52:02 [INFO] Rule duration: 0 ms
18:52:02 [INFO] <<< STEP 51: APPLYING RULE 68 R_19(<http://www.w3.org/2002/07/owl#propertyChain>, ?X_2, ?X_2) :- R_4(?_BODY_1, ?X_2, ?_BODY_2, ?_BODY_3, ?_BODY_4, ?_BODY_5), Equal(?_BODY_1, <http://www.w3.org/2002/07/owl#propertyChain>), Equal(?_BODY_2, ?X_2), Equal(?_BODY_3, ?X_2), Equal(?_BODY_4, ?X_2), Equal(?_BODY_5, ?X_2) >>>
18:52:02 [INFO] Loading source SimpleTable { arity: 3, data: [AnyDataValue(Iri(IriDataValue("http://www.w3.org/2000/01/rdf-schema#subClassOf"))), AnyDataValue(Iri(IriDataValue("c_6"))), AnyDataValue(PlainString(StringDataValue("str_3"))), AnyDataValue(PlainString(StringDataValue("str_7"))), AnyDataValue(UnsignedLong(UnsignedLongDataValue(18364758193411404491))), AnyDataValue(Iri(IriDataValue("c_13")))] }
18:52:02 [INFO] Execution step: Body
18:52:02 [INFO] Trie does not contain any elements
18:52:02 [INFO] Execution step: Duplicate Elimination (Datalog)
18:52:02 [INFO] Trie does not contain any elements
18:52:02 [INFO] Rule duration: 0 ms
18:52:02 [INFO] <<< STEP 52: APPLYING RULE 15 http://rulewerk.semantic-web.org/normalForm/isMainClass(?X) :- class(?X), auxClass(?X) >>>
18:52:02 [INFO] Execution step: Project/Reorder
18:52:02 [INFO] Saved temporary table: 47009 entries (191484)
18:52:02 [INFO] Execution step: Body
18:52:02 [INFO] Saved temporary table: 23136 entries (95944)
18:52:02 [INFO] Execution step: Duplicate Elimination (Datalog)
18:52:02 [INFO] Saved permanent table http://rulewerk.semantic-web.org/normalForm/isMainClass (52) Permutation { idx_to_val: [], val_to_idx: [] } with 23136 entries (95992)
18:52:02 [INFO] Rule duration: 8 ms
18:52:02 [INFO] <<< STEP 53: APPLYING RULE 15 http://rulewerk.semantic-web.org/normalForm/isMainClass(?X) :- class(?X), auxClass(?X) >>>
18:52:02 [INFO] Execution step: Project/Reorder
18:52:02 [INFO] Saved temporary table: 47009 entries (191484)
18:52:02 [INFO] Execution step: Body
18:52:02 [INFO] Trie does not contain any elements
18:52:02 [INFO] Execution step: Duplicate Elimination (Datalog)
18:52:02 [INFO] Trie does not contain any elements
18:52:02 [INFO] Rule duration: 3 ms
18:52:02 [INFO] <<< STEP 54: APPLYING RULE 16 repOf(?X, ?X) :- http://rulewerk.semantic-web.org/normalForm/isMainClass(?X) >>>
18:52:02 [INFO] Execution step: Body
18:52:02 [INFO] Saved temporary table: 23136 entries (95944)
18:52:02 [INFO] Execution step: Duplicate Elimination (Datalog)
18:52:02 [INFO] Saved permanent table repOf (54) Permutation { idx_to_val: [], val_to_idx: [] } with 23136 entries (192324)
18:52:02 [INFO] Rule duration: 4 ms
18:52:02 [INFO] <<< STEP 55: APPLYING RULE 16 repOf(?X, ?X) :- http://rulewerk.semantic-web.org/normalForm/isMainClass(?X) >>>
18:52:02 [INFO] Execution step: Body
18:52:02 [INFO] Trie does not contain any elements
18:52:02 [INFO] Execution step: Duplicate Elimination (Datalog)
18:52:02 [INFO] Trie does not contain any elements
18:52:02 [INFO] Rule duration: 0 ms
18:52:02 [INFO] <<< STEP 56: APPLYING RULE 17 synExRep(?X, ?P, ?Rep) :- synEx(?Y, ?P, ?X), repOf(?Y, ?Rep) >>>
18:52:02 [INFO] Execution step: Body
18:52:02 [INFO] Saved temporary table: 24249 entries (301964)
18:52:02 [INFO] Execution step: Duplicate Elimination (Datalog)
18:52:02 [INFO] Saved permanent table synExRep (56) Permutation { idx_to_val: [], val_to_idx: [] } with 24249 entries (302012)
18:52:02 [INFO] Rule duration: 24 ms
18:52:02 [INFO] <<< STEP 57: APPLYING RULE 18 http://rulewerk.semantic-web.org/normalForm/exists(!New, ?P, ?Rep) :- synExRep(?X, ?P, ?Rep) >>>
18:52:02 [INFO] Execution step: Project/Reorder
18:52:02 [INFO] Trie does not contain any elements
18:52:02 [INFO] Execution step: Body
18:52:02 [INFO] Saved temporary table: 11233 entries (55794)
18:52:02 [INFO] Execution step: Head (Restricted): Updated Sat. Frontier
18:52:02 [INFO] Saved permanent table Restricted Chase Helper Table with 11233 entries (55842)
18:52:02 [INFO] Execution step: Head (Restricted): Nulls
18:52:02 [INFO] Saved temporary table: 11233 entries (100902)
18:52:02 [INFO] Execution step: Duplicate Elimination (Datalog)
18:52:02 [INFO] Saved permanent table http://rulewerk.semantic-web.org/normalForm/exists (57) Permutation { idx_to_val: [], val_to_idx: [] } with 11233 entries (100950)
18:52:02 [INFO] Rule duration: 17 ms
18:52:02 [INFO] <<< STEP 58: APPLYING RULE 19 repOf(?X, ?N) :- synExRep(?X, ?P, ?Rep), http://rulewerk.semantic-web.org/normalForm/exists(?N, ?P, ?Rep) >>>
18:52:02 [INFO] Execution step: Body
18:52:02 [INFO] Saved temporary table: 24249 entries (201180)
18:52:02 [INFO] Execution step: Duplicate Elimination (Datalog)
18:52:02 [INFO] Saved permanent table repOf (58) Permutation { idx_to_val: [], val_to_idx: [] } with 24249 entries (201228)
18:52:02 [INFO] Rule duration: 23 ms
18:52:02 [INFO] <<< STEP 59: APPLYING RULE 20 http://rulewerk.semantic-web.org/normalForm/conj(!New, ?R1, ?R2) :- synConj(?X, ?C1, ?C2), repOf(?C1, ?R1), repOf(?C2, ?R2) >>>
18:52:02 [INFO] Execution step: Project/Reorder
18:52:02 [INFO] Trie does not contain any elements
18:52:02 [INFO] Execution step: Body
18:52:02 [INFO] Saved temporary table: 8647 entries (73026)
18:52:02 [INFO] Execution step: Head (Restricted): Updated Sat. Frontier
18:52:02 [INFO] Saved permanent table Restricted Chase Helper Table with 8647 entries (73074)
18:52:02 [INFO] Execution step: Head (Restricted): Nulls
18:52:02 [INFO] Saved temporary table: 8647 entries (80214)
18:52:02 [INFO] Execution step: Duplicate Elimination (Datalog)
18:52:02 [INFO] Saved permanent table http://rulewerk.semantic-web.org/normalForm/conj (59) Permutation { idx_to_val: [], val_to_idx: [] } with 8647 entries (80262)
18:52:02 [INFO] Rule duration: 24 ms
18:52:02 [INFO] <<< STEP 60: APPLYING RULE 21 repOf(?X, ?N) :- synConj(?X, ?C1, ?C2), repOf(?C1, ?R1), repOf(?C2, ?R2), http://rulewerk.semantic-web.org/normalForm/conj(?N, ?R1, ?R2) >>>
18:52:02 [INFO] Execution step: Body
18:52:02 [INFO] Saved temporary table: 11646 entries (100356)
18:52:02 [INFO] Execution step: Duplicate Elimination (Datalog)
18:52:02 [INFO] Saved permanent table repOf (60) Permutation { idx_to_val: [], val_to_idx: [] } with 11646 entries (100404)
18:52:02 [INFO] Rule duration: 116 ms
18:52:02 [INFO] <<< STEP 61: APPLYING RULE 21 repOf(?X, ?N) :- synConj(?X, ?C1, ?C2), repOf(?C1, ?R1), repOf(?C2, ?R2), http://rulewerk.semantic-web.org/normalForm/conj(?N, ?R1, ?R2) >>>
18:52:02 [INFO] Execution step: Body
18:52:02 [INFO] Trie does not contain any elements
18:52:02 [INFO] Execution step: Duplicate Elimination (Datalog)
18:52:02 [INFO] Trie does not contain any elements
18:52:02 [INFO] Rule duration: 4 ms
18:52:02 [INFO] <<< STEP 62: APPLYING RULE 17 synExRep(?X, ?P, ?Rep) :- synEx(?Y, ?P, ?X), repOf(?Y, ?Rep) >>>
18:52:02 [INFO] Execution step: Body
18:52:02 [INFO] Saved temporary table: 4130 entries (60536)
18:52:02 [INFO] Execution step: Duplicate Elimination (Datalog)
18:52:02 [INFO] Saved permanent table synExRep (62) Permutation { idx_to_val: [], val_to_idx: [] } with 4130 entries (60584)
18:52:02 [INFO] Rule duration: 4 ms
18:52:02 [INFO] <<< STEP 63: APPLYING RULE 18 http://rulewerk.semantic-web.org/normalForm/exists(!New, ?P, ?Rep) :- synExRep(?X, ?P, ?Rep) >>>
18:52:02 [INFO] Execution step: Project/Reorder
18:52:02 [INFO] Trie does not contain any elements
18:52:02 [INFO] Execution step: Body
18:52:02 [INFO] Saved temporary table: 1997 entries (17278)
18:52:02 [INFO] Execution step: Head (Restricted): Updated Sat. Frontier
18:52:02 [INFO] Saved permanent table Restricted Chase Helper Table with 1997 entries (17326)
18:52:02 [INFO] Execution step: Head (Restricted): Nulls
18:52:02 [INFO] Saved temporary table: 1997 entries (27014)
18:52:02 [INFO] Execution step: Duplicate Elimination (Datalog)
18:52:02 [INFO] Saved permanent table http://rulewerk.semantic-web.org/normalForm/exists (63) Permutation { idx_to_val: [], val_to_idx: [] } with 1997 entries (27062)
18:52:02 [INFO] Rule duration: 3 ms
18:52:02 [INFO] <<< STEP 64: APPLYING RULE 19 repOf(?X, ?N) :- synExRep(?X, ?P, ?Rep), http://rulewerk.semantic-web.org/normalForm/exists(?N, ?P, ?Rep) >>>
18:52:02 [INFO] Execution step: Body
18:52:02 [INFO] Saved temporary table: 4130 entries (40228)
18:52:02 [INFO] Execution step: Duplicate Elimination (Datalog)
18:52:02 [INFO] Saved permanent table repOf (64) Permutation { idx_to_val: [], val_to_idx: [] } with 4130 entries (40276)
18:52:02 [INFO] Rule duration: 5 ms
18:52:02 [INFO] <<< STEP 65: APPLYING RULE 20 http://rulewerk.semantic-web.org/normalForm/conj(!New, ?R1, ?R2) :- synConj(?X, ?C1, ?C2), repOf(?C1, ?R1), repOf(?C2, ?R2) >>>
18:52:02 [INFO] Execution step: Project/Reorder
18:52:02 [INFO] Trie does not contain any elements
18:52:02 [INFO] Execution step: Body
18:52:02 [INFO] Saved temporary table: 3284 entries (32434)
18:52:02 [INFO] Execution step: Head (Restricted): Updated Sat. Frontier
18:52:02 [INFO] Saved permanent table Restricted Chase Helper Table with 3284 entries (32482)
18:52:02 [INFO] Execution step: Head (Restricted): Nulls
18:52:02 [INFO] Saved temporary table: 3284 entries (37310)
18:52:02 [INFO] Execution step: Duplicate Elimination (Datalog)
18:52:02 [INFO] Saved permanent table http://rulewerk.semantic-web.org/normalForm/conj (65) Permutation { idx_to_val: [], val_to_idx: [] } with 3284 entries (37358)
18:52:02 [INFO] Rule duration: 14 ms
18:52:02 [INFO] <<< STEP 66: APPLYING RULE 21 repOf(?X, ?N) :- synConj(?X, ?C1, ?C2), repOf(?C1, ?R1), repOf(?C2, ?R2), http://rulewerk.semantic-web.org/normalForm/conj(?N, ?R1, ?R2) >>>
18:52:02 [INFO] Execution step: Body
18:52:02 [INFO] Saved temporary table: 3813 entries (37692)
18:52:02 [INFO] Execution step: Duplicate Elimination (Datalog)
18:52:02 [INFO] Saved permanent table repOf (66) Permutation { idx_to_val: [], val_to_idx: [] } with 3813 entries (37740)
18:52:02 [INFO] Rule duration: 25 ms
18:52:02 [INFO] <<< STEP 67: APPLYING RULE 21 repOf(?X, ?N) :- synConj(?X, ?C1, ?C2), repOf(?C1, ?R1), repOf(?C2, ?R2), http://rulewerk.semantic-web.org/normalForm/conj(?N, ?R1, ?R2) >>>
18:52:02 [INFO] Execution step: Body
18:52:02 [INFO] Trie does not contain any elements
18:52:02 [INFO] Execution step: Duplicate Elimination (Datalog)
18:52:02 [INFO] Trie does not contain any elements
18:52:02 [INFO] Rule duration: 2 ms
18:52:02 [INFO] <<< STEP 68: APPLYING RULE 17 synExRep(?X, ?P, ?Rep) :- synEx(?Y, ?P, ?X), repOf(?Y, ?Rep) >>>
18:52:02 [INFO] Execution step: Body
18:52:02 [INFO] Saved temporary table: 855 entries (21236)
18:52:02 [INFO] Execution step: Duplicate Elimination (Datalog)
18:52:02 [INFO] Saved permanent table synExRep (68) Permutation { idx_to_val: [], val_to_idx: [] } with 855 entries (21284)
18:52:02 [INFO] Rule duration: 1 ms
18:52:02 [INFO] <<< STEP 69: APPLYING RULE 18 http://rulewerk.semantic-web.org/normalForm/exists(!New, ?P, ?Rep) :- synExRep(?X, ?P, ?Rep) >>>
18:52:02 [INFO] Execution step: Project/Reorder
18:52:02 [INFO] Trie does not contain any elements
18:52:02 [INFO] Execution step: Body
18:52:02 [INFO] Saved temporary table: 560 entries (10366)
18:52:02 [INFO] Execution step: Head (Restricted): Updated Sat. Frontier
18:52:02 [INFO] Saved permanent table Restricted Chase Helper Table with 560 entries (10414)
18:52:02 [INFO] Execution step: Head (Restricted): Nulls
18:52:02 [INFO] Saved temporary table: 560 entries (15518)
18:52:02 [INFO] Execution step: Duplicate Elimination (Datalog)
18:52:02 [INFO] Saved permanent table http://rulewerk.semantic-web.org/normalForm/exists (69) Permutation { idx_to_val: [], val_to_idx: [] } with 560 entries (15566)
18:52:02 [INFO] Rule duration: 1 ms
18:52:02 [INFO] <<< STEP 70: APPLYING RULE 19 repOf(?X, ?N) :- synExRep(?X, ?P, ?Rep), http://rulewerk.semantic-web.org/normalForm/exists(?N, ?P, ?Rep) >>>
18:52:02 [INFO] Execution step: Body
18:52:02 [INFO] Saved temporary table: 855 entries (14028)
18:52:02 [INFO] Execution step: Duplicate Elimination (Datalog)
18:52:02 [INFO] Saved permanent table repOf (70) Permutation { idx_to_val: [], val_to_idx: [] } with 855 entries (14076)
18:52:02 [INFO] Rule duration: 1 ms
18:52:02 [INFO] <<< STEP 71: APPLYING RULE 20 http://rulewerk.semantic-web.org/normalForm/conj(!New, ?R1, ?R2) :- synConj(?X, ?C1, ?C2), repOf(?C1, ?R1), repOf(?C2, ?R2) >>>
18:52:02 [INFO] Execution step: Project/Reorder
18:52:02 [INFO] Trie does not contain any elements
18:52:02 [INFO] Execution step: Body
18:52:02 [INFO] Saved temporary table: 1182 entries (17114)
18:52:02 [INFO] Execution step: Head (Restricted): Updated Sat. Frontier
18:52:02 [INFO] Saved permanent table Restricted Chase Helper Table with 1182 entries (17162)
18:52:02 [INFO] Execution step: Head (Restricted): Nulls
18:52:02 [INFO] Saved temporary table: 1182 entries (20494)
18:52:02 [INFO] Execution step: Duplicate Elimination (Datalog)
18:52:02 [INFO] Saved permanent table http://rulewerk.semantic-web.org/normalForm/conj (71) Permutation { idx_to_val: [], val_to_idx: [] } with 1182 entries (20542)
18:52:02 [INFO] Rule duration: 11 ms
18:52:02 [INFO] <<< STEP 72: APPLYING RULE 21 repOf(?X, ?N) :- synConj(?X, ?C1, ?C2), repOf(?C1, ?R1), repOf(?C2, ?R2), http://rulewerk.semantic-web.org/normalForm/conj(?N, ?R1, ?R2) >>>
18:52:02 [INFO] Execution step: Body
18:52:02 [INFO] Saved temporary table: 1305 entries (17628)
18:52:02 [INFO] Execution step: Duplicate Elimination (Datalog)
18:52:02 [INFO] Saved permanent table repOf (72) Permutation { idx_to_val: [], val_to_idx: [] } with 1305 entries (17676)
18:52:02 [INFO] Rule duration: 5 ms
18:52:02 [INFO] <<< STEP 73: APPLYING RULE 21 repOf(?X, ?N) :- synConj(?X, ?C1, ?C2), repOf(?C1, ?R1), repOf(?C2, ?R2), http://rulewerk.semantic-web.org/normalForm/conj(?N, ?R1, ?R2) >>>
18:52:02 [INFO] Execution step: Body
18:52:02 [INFO] Trie does not contain any elements
18:52:02 [INFO] Execution step: Duplicate Elimination (Datalog)
18:52:02 [INFO] Trie does not contain any elements
18:52:02 [INFO] Rule duration: 1 ms
18:52:02 [INFO] <<< STEP 74: APPLYING RULE 17 synExRep(?X, ?P, ?Rep) :- synEx(?Y, ?P, ?X), repOf(?Y, ?Rep) >>>
18:52:02 [INFO] Execution step: Body
18:52:02 [INFO] Saved temporary table: 266 entries (14168)
18:52:02 [INFO] Execution step: Duplicate Elimination (Datalog)
18:52:02 [INFO] Saved permanent table synExRep (74) Permutation { idx_to_val: [], val_to_idx: [] } with 266 entries (14216)
18:52:02 [INFO] Rule duration: 0 ms
18:52:02 [INFO] <<< STEP 75: APPLYING RULE 18 http://rulewerk.semantic-web.org/normalForm/exists(!New, ?P, ?Rep) :- synExRep(?X, ?P, ?Rep) >>>
18:52:02 [INFO] Execution step: Project/Reorder
18:52:02 [INFO] Trie does not contain any elements
18:52:02 [INFO] Execution step: Body
18:52:02 [INFO] Saved temporary table: 214 entries (9736)
18:52:02 [INFO] Execution step: Head (Restricted): Updated Sat. Frontier
18:52:02 [INFO] Saved permanent table Restricted Chase Helper Table with 214 entries (9784)
18:52:02 [INFO] Execution step: Head (Restricted): Nulls
18:52:02 [INFO] Saved temporary table: 214 entries (12750)
18:52:02 [INFO] Execution step: Duplicate Elimination (Datalog)
18:52:02 [INFO] Saved permanent table http://rulewerk.semantic-web.org/normalForm/exists (75) Permutation { idx_to_val: [], val_to_idx: [] } with 214 entries (12798)
18:52:02 [INFO] Rule duration: 0 ms
18:52:02 [INFO] <<< STEP 76: APPLYING RULE 19 repOf(?X, ?N) :- synExRep(?X, ?P, ?Rep), http://rulewerk.semantic-web.org/normalForm/exists(?N, ?P, ?Rep) >>>
18:52:02 [INFO] Execution step: Body
18:52:02 [INFO] Saved temporary table: 266 entries (9316)
18:52:02 [INFO] Execution step: Duplicate Elimination (Datalog)
18:52:02 [INFO] Saved permanent table repOf (76) Permutation { idx_to_val: [], val_to_idx: [] } with 266 entries (9364)
18:52:02 [INFO] Rule duration: 0 ms
18:52:02 [INFO] Execution step: Combining Tables
18:52:02 [INFO] Saved permanent table repOf (0-78) Permutation { idx_to_val: [], val_to_idx: [] } with 69400 entries (562436)
18:52:02 [INFO] <<< STEP 77: APPLYING RULE 20 http://rulewerk.semantic-web.org/normalForm/conj(!New, ?R1, ?R2) :- synConj(?X, ?C1, ?C2), repOf(?C1, ?R1), repOf(?C2, ?R2) >>>
18:52:02 [INFO] Execution step: Project/Reorder
18:52:02 [INFO] Trie does not contain any elements
18:52:02 [INFO] Execution step: Body
18:52:02 [INFO] Saved temporary table: 431 entries (10762)
18:52:02 [INFO] Execution step: Head (Restricted): Updated Sat. Frontier
18:52:02 [INFO] Saved permanent table Restricted Chase Helper Table with 431 entries (10810)
18:52:02 [INFO] Execution step: Head (Restricted): Nulls
18:52:02 [INFO] Saved temporary table: 431 entries (14486)
18:52:02 [INFO] Execution step: Duplicate Elimination (Datalog)
18:52:02 [INFO] Saved permanent table http://rulewerk.semantic-web.org/normalForm/conj (77) Permutation { idx_to_val: [], val_to_idx: [] } with 431 entries (14534)
18:52:02 [INFO] Rule duration: 7 ms
18:52:02 [INFO] <<< STEP 78: APPLYING RULE 21 repOf(?X, ?N) :- synConj(?X, ?C1, ?C2), repOf(?C1, ?R1), repOf(?C2, ?R2), http://rulewerk.semantic-web.org/normalForm/conj(?N, ?R1, ?R2) >>>
18:52:02 [INFO] Execution step: Body
18:52:02 [INFO] Saved temporary table: 478 entries (11012)
18:52:02 [INFO] Execution step: Duplicate Elimination (Datalog)
18:52:02 [INFO] Saved permanent table repOf (78) Permutation { idx_to_val: [], val_to_idx: [] } with 478 entries (11060)
18:52:02 [INFO] Rule duration: 20 ms
18:52:02 [INFO] <<< STEP 79: APPLYING RULE 21 repOf(?X, ?N) :- synConj(?X, ?C1, ?C2), repOf(?C1, ?R1), repOf(?C2, ?R2), http://rulewerk.semantic-web.org/normalForm/conj(?N, ?R1, ?R2) >>>
18:52:02 [INFO] Execution step: Body
18:52:02 [INFO] Trie does not contain any elements
18:52:02 [INFO] Execution step: Duplicate Elimination (Datalog)
18:52:02 [INFO] Trie does not contain any elements
18:52:02 [INFO] Rule duration: 1 ms
18:52:02 [INFO] <<< STEP 80: APPLYING RULE 17 synExRep(?X, ?P, ?Rep) :- synEx(?Y, ?P, ?X), repOf(?Y, ?Rep) >>>
18:52:02 [INFO] Execution step: Body
18:52:02 [INFO] Saved temporary table: 96 entries (12128)
18:52:02 [INFO] Execution step: Duplicate Elimination (Datalog)
18:52:02 [INFO] Saved permanent table synExRep (80) Permutation { idx_to_val: [], val_to_idx: [] } with 96 entries (12176)
18:52:02 [INFO] Rule duration: 0 ms
18:52:02 [INFO] <<< STEP 81: APPLYING RULE 18 http://rulewerk.semantic-web.org/normalForm/exists(!New, ?P, ?Rep) :- synExRep(?X, ?P, ?Rep) >>>
18:52:02 [INFO] Execution step: Project/Reorder
18:52:02 [INFO] Trie does not contain any elements
18:52:02 [INFO] Execution step: Body
18:52:02 [INFO] Saved temporary table: 89 entries (8352)
18:52:02 [INFO] Execution step: Head (Restricted): Updated Sat. Frontier
18:52:02 [INFO] Saved permanent table Restricted Chase Helper Table with 89 entries (8400)
18:52:02 [INFO] Execution step: Head (Restricted): Nulls
18:52:02 [INFO] Saved temporary table: 89 entries (11750)
18:52:02 [INFO] Execution step: Duplicate Elimination (Datalog)
18:52:02 [INFO] Saved permanent table http://rulewerk.semantic-web.org/normalForm/exists (81) Permutation { idx_to_val: [], val_to_idx: [] } with 89 entries (11798)
18:52:02 [INFO] Rule duration: 0 ms
18:52:02 [INFO] <<< STEP 82: APPLYING RULE 19 repOf(?X, ?N) :- synExRep(?X, ?P, ?Rep), http://rulewerk.semantic-web.org/normalForm/exists(?N, ?P, ?Rep) >>>
18:52:02 [INFO] Execution step: Body
18:52:02 [INFO] Saved temporary table: 96 entries (7956)
18:52:02 [INFO] Execution step: Duplicate Elimination (Datalog)
18:52:02 [INFO] Saved permanent table repOf (82) Permutation { idx_to_val: [], val_to_idx: [] } with 96 entries (8004)
18:52:02 [INFO] Rule duration: 0 ms
18:52:02 [INFO] <<< STEP 83: APPLYING RULE 20 http://rulewerk.semantic-web.org/normalForm/conj(!New, ?R1, ?R2) :- synConj(?X, ?C1, ?C2), repOf(?C1, ?R1), repOf(?C2, ?R2) >>>
18:52:02 [INFO] Execution step: Project/Reorder
18:52:02 [INFO] Trie does not contain any elements
18:52:02 [INFO] Execution step: Body
18:52:02 [INFO] Saved temporary table: 113 entries (8266)
18:52:02 [INFO] Execution step: Head (Restricted): Updated Sat. Frontier
18:52:02 [INFO] Saved permanent table Restricted Chase Helper Table with 113 entries (8314)
18:52:02 [INFO] Execution step: Head (Restricted): Nulls
18:52:02 [INFO] Saved temporary table: 113 entries (11942)
18:52:02 [INFO] Execution step: Duplicate Elimination (Datalog)
18:52:02 [INFO] Saved permanent table http://rulewerk.semantic-web.org/normalForm/conj (83) Permutation { idx_to_val: [], val_to_idx: [] } with 113 entries (11990)
18:52:02 [INFO] Rule duration: 6 ms
18:52:02 [INFO] <<< STEP 84: APPLYING RULE 21 repOf(?X, ?N) :- synConj(?X, ?C1, ?C2), repOf(?C1, ?R1), repOf(?C2, ?R2), http://rulewerk.semantic-web.org/normalForm/conj(?N, ?R1, ?R2) >>>
18:52:02 [INFO] Execution step: Body
18:52:02 [INFO] Saved temporary table: 113 entries (8092)
18:52:02 [INFO] Execution step: Duplicate Elimination (Datalog)
18:52:02 [INFO] Saved permanent table repOf (84) Permutation { idx_to_val: [], val_to_idx: [] } with 113 entries (8140)
18:52:02 [INFO] Rule duration: 2 ms
18:52:02 [INFO] <<< STEP 85: APPLYING RULE 21 repOf(?X, ?N) :- synConj(?X, ?C1, ?C2), repOf(?C1, ?R1), repOf(?C2, ?R2), http://rulewerk.semantic-web.org/normalForm/conj(?N, ?R1, ?R2) >>>
18:52:02 [INFO] Execution step: Body
18:52:02 [INFO] Trie does not contain any elements
18:52:02 [INFO] Execution step: Duplicate Elimination (Datalog)
18:52:02 [INFO] Trie does not contain any elements
18:52:02 [INFO] Rule duration: 1 ms
18:52:02 [INFO] <<< STEP 86: APPLYING RULE 17 synExRep(?X, ?P, ?Rep) :- synEx(?Y, ?P, ?X), repOf(?Y, ?Rep) >>>
18:52:02 [INFO] Execution step: Body
18:52:02 [INFO] Saved temporary table: 18 entries (12144)
18:52:02 [INFO] Execution step: Duplicate Elimination (Datalog)
18:52:02 [INFO] Saved permanent table synExRep (86) Permutation { idx_to_val: [], val_to_idx: [] } with 18 entries (12192)
18:52:02 [INFO] Rule duration: 0 ms
18:52:02 [INFO] <<< STEP 87: APPLYING RULE 18 http://rulewerk.semantic-web.org/normalForm/exists(!New, ?P, ?Rep) :- synExRep(?X, ?P, ?Rep) >>>
18:52:02 [INFO] Execution step: Project/Reorder
18:52:02 [INFO] Trie does not contain any elements
18:52:02 [INFO] Execution step: Body
18:52:02 [INFO] Saved temporary table: 18 entries (7132)
18:52:02 [INFO] Execution step: Head (Restricted): Updated Sat. Frontier
18:52:02 [INFO] Saved permanent table Restricted Chase Helper Table with 18 entries (7180)
18:52:02 [INFO] Execution step: Head (Restricted): Nulls
18:52:02 [INFO] Saved temporary table: 18 entries (12144)
18:52:02 [INFO] Execution step: Duplicate Elimination (Datalog)
18:52:02 [INFO] Saved permanent table http://rulewerk.semantic-web.org/normalForm/exists (87) Permutation { idx_to_val: [], val_to_idx: [] } with 18 entries (12192)
18:52:02 [INFO] Rule duration: 0 ms
18:52:02 [INFO] <<< STEP 88: APPLYING RULE 19 repOf(?X, ?N) :- synExRep(?X, ?P, ?Rep), http://rulewerk.semantic-web.org/normalForm/exists(?N, ?P, ?Rep) >>>
18:52:02 [INFO] Execution step: Body
18:52:02 [INFO] Saved temporary table: 18 entries (7808)
18:52:02 [INFO] Execution step: Duplicate Elimination (Datalog)
18:52:02 [INFO] Saved permanent table repOf (88) Permutation { idx_to_val: [], val_to_idx: [] } with 18 entries (7856)
18:52:02 [INFO] Rule duration: 0 ms
18:52:02 [INFO] <<< STEP 89: APPLYING RULE 20 http://rulewerk.semantic-web.org/normalForm/conj(!New, ?R1, ?R2) :- synConj(?X, ?C1, ?C2), repOf(?C1, ?R1), repOf(?C2, ?R2) >>>
18:52:02 [INFO] Execution step: Project/Reorder
18:52:02 [INFO] Trie does not contain any elements
18:52:02 [INFO] Execution step: Body
18:52:02 [INFO] Saved temporary table: 30 entries (7596)
18:52:02 [INFO] Execution step: Head (Restricted): Updated Sat. Frontier
18:52:02 [INFO] Saved permanent table Restricted Chase Helper Table with 30 entries (7644)
18:52:02 [INFO] Execution step: Head (Restricted): Nulls
18:52:02 [INFO] Saved temporary table: 30 entries (13440)
18:52:02 [INFO] Execution step: Duplicate Elimination (Datalog)
18:52:02 [INFO] Saved permanent table http://rulewerk.semantic-web.org/normalForm/conj (89) Permutation { idx_to_val: [], val_to_idx: [] } with 30 entries (13488)
18:52:02 [INFO] Rule duration: 6 ms
18:52:02 [INFO] <<< STEP 90: APPLYING RULE 21 repOf(?X, ?N) :- synConj(?X, ?C1, ?C2), repOf(?C1, ?R1), repOf(?C2, ?R2), http://rulewerk.semantic-web.org/normalForm/conj(?N, ?R1, ?R2) >>>
18:52:02 [INFO] Execution step: Body
18:52:02 [INFO] Saved temporary table: 30 entries (8480)
18:52:02 [INFO] Execution step: Duplicate Elimination (Datalog)
18:52:02 [INFO] Saved permanent table repOf (90) Permutation { idx_to_val: [], val_to_idx: [] } with 30 entries (8528)
18:52:02 [INFO] Rule duration: 1 ms
18:52:02 [INFO] <<< STEP 91: APPLYING RULE 21 repOf(?X, ?N) :- synConj(?X, ?C1, ?C2), repOf(?C1, ?R1), repOf(?C2, ?R2), http://rulewerk.semantic-web.org/normalForm/conj(?N, ?R1, ?R2) >>>
18:52:02 [INFO] Execution step: Body
18:52:02 [INFO] Trie does not contain any elements
18:52:02 [INFO] Execution step: Duplicate Elimination (Datalog)
18:52:02 [INFO] Trie does not contain any elements
18:52:02 [INFO] Rule duration: 1 ms
18:52:02 [INFO] <<< STEP 92: APPLYING RULE 17 synExRep(?X, ?P, ?Rep) :- synEx(?Y, ?P, ?X), repOf(?Y, ?Rep) >>>
18:52:02 [INFO] Execution step: Body
18:52:02 [INFO] Saved temporary table: 4 entries (10632)
18:52:02 [INFO] Execution step: Duplicate Elimination (Datalog)
18:52:02 [INFO] Saved permanent table synExRep (92) Permutation { idx_to_val: [], val_to_idx: [] } with 4 entries (10680)
18:52:02 [INFO] Rule duration: 0 ms
18:52:02 [INFO] <<< STEP 93: APPLYING RULE 18 http://rulewerk.semantic-web.org/normalForm/exists(!New, ?P, ?Rep) :- synExRep(?X, ?P, ?Rep) >>>
18:52:02 [INFO] Execution step: Project/Reorder
18:52:02 [INFO] Trie does not contain any elements
18:52:02 [INFO] Execution step: Body
18:52:02 [INFO] Saved temporary table: 4 entries (6920)
18:52:02 [INFO] Execution step: Head (Restricted): Updated Sat. Frontier
18:52:02 [INFO] Saved permanent table Restricted Chase Helper Table with 4 entries (6968)
18:52:02 [INFO] Execution step: Head (Restricted): Nulls
18:52:02 [INFO] Saved temporary table: 4 entries (10632)
18:52:02 [INFO] Execution step: Duplicate Elimination (Datalog)
18:52:02 [INFO] Saved permanent table http://rulewerk.semantic-web.org/normalForm/exists (93) Permutation { idx_to_val: [], val_to_idx: [] } with 4 entries (10680)
18:52:02 [INFO] Rule duration: 0 ms
18:52:02 [INFO] <<< STEP 94: APPLYING RULE 19 repOf(?X, ?N) :- synExRep(?X, ?P, ?Rep), http://rulewerk.semantic-web.org/normalForm/exists(?N, ?P, ?Rep) >>>
18:52:02 [INFO] Execution step: Body
18:52:02 [INFO] Saved temporary table: 4 entries (7024)
18:52:02 [INFO] Execution step: Duplicate Elimination (Datalog)
18:52:02 [INFO] Saved permanent table repOf (94) Permutation { idx_to_val: [], val_to_idx: [] } with 4 entries (7072)
18:52:02 [INFO] Rule duration: 0 ms
18:52:02 [INFO] <<< STEP 95: APPLYING RULE 20 http://rulewerk.semantic-web.org/normalForm/conj(!New, ?R1, ?R2) :- synConj(?X, ?C1, ?C2), repOf(?C1, ?R1), repOf(?C2, ?R2) >>>
18:52:02 [INFO] Execution step: Project/Reorder
18:52:02 [INFO] Trie does not contain any elements
18:52:02 [INFO] Execution step: Body
18:52:02 [INFO] Saved temporary table: 6 entries (7084)
18:52:02 [INFO] Execution step: Head (Restricted): Updated Sat. Frontier
18:52:02 [INFO] Saved permanent table Restricted Chase Helper Table with 6 entries (7132)
18:52:02 [INFO] Execution step: Head (Restricted): Nulls
18:52:02 [INFO] Saved temporary table: 6 entries (10848)
18:52:02 [INFO] Execution step: Duplicate Elimination (Datalog)
18:52:02 [INFO] Saved permanent table http://rulewerk.semantic-web.org/normalForm/conj (95) Permutation { idx_to_val: [], val_to_idx: [] } with 6 entries (10896)
18:52:02 [INFO] Rule duration: 6 ms
18:52:02 [INFO] <<< STEP 96: APPLYING RULE 21 repOf(?X, ?N) :- synConj(?X, ?C1, ?C2), repOf(?C1, ?R1), repOf(?C2, ?R2), http://rulewerk.semantic-web.org/normalForm/conj(?N, ?R1, ?R2) >>>
18:52:02 [INFO] Execution step: Body
18:52:02 [INFO] Saved temporary table: 6 entries (7136)
18:52:02 [INFO] Execution step: Duplicate Elimination (Datalog)
18:52:02 [INFO] Saved permanent table repOf (96) Permutation { idx_to_val: [], val_to_idx: [] } with 6 entries (7184)
18:52:02 [INFO] Rule duration: 1 ms
18:52:02 [INFO] <<< STEP 97: APPLYING RULE 21 repOf(?X, ?N) :- synConj(?X, ?C1, ?C2), repOf(?C1, ?R1), repOf(?C2, ?R2), http://rulewerk.semantic-web.org/normalForm/conj(?N, ?R1, ?R2) >>>
18:52:02 [INFO] Execution step: Body
18:52:02 [INFO] Trie does not contain any elements
18:52:02 [INFO] Execution step: Duplicate Elimination (Datalog)
18:52:02 [INFO] Trie does not contain any elements
18:52:02 [INFO] Rule duration: 1 ms
18:52:02 [INFO] <<< STEP 98: APPLYING RULE 17 synExRep(?X, ?P, ?Rep) :- synEx(?Y, ?P, ?X), repOf(?Y, ?Rep) >>>
18:52:02 [INFO] Execution step: Body
18:52:02 [INFO] Trie does not contain any elements
18:52:02 [INFO] Execution step: Duplicate Elimination (Datalog)
18:52:02 [INFO] Trie does not contain any elements
18:52:02 [INFO] Rule duration: 0 ms
18:52:02 [INFO] <<< STEP 99: APPLYING RULE 18 http://rulewerk.semantic-web.org/normalForm/exists(!New, ?P, ?Rep) :- synExRep(?X, ?P, ?Rep) >>>
18:52:02 [INFO] Execution step: Project/Reorder
18:52:02 [INFO] Trie does not contain any elements
18:52:02 [INFO] Execution step: Body
18:52:02 [INFO] Trie does not contain any elements
18:52:02 [INFO] Execution step: Head (Restricted): Updated Sat. Frontier
18:52:02 [INFO] Trie does not contain any elements
18:52:02 [INFO] Execution step: Head (Restricted): Nulls
18:52:02 [INFO] Trie does not contain any elements
18:52:02 [INFO] Execution step: Duplicate Elimination (Datalog)
18:52:02 [INFO] Trie does not contain any elements
18:52:02 [INFO] Rule duration: 0 ms
18:52:02 [INFO] <<< STEP 100: APPLYING RULE 19 repOf(?X, ?N) :- synExRep(?X, ?P, ?Rep), http://rulewerk.semantic-web.org/normalForm/exists(?N, ?P, ?Rep) >>>
18:52:02 [INFO] Execution step: Body
18:52:02 [INFO] Trie does not contain any elements
18:52:02 [INFO] Execution step: Duplicate Elimination (Datalog)
18:52:02 [INFO] Trie does not contain any elements
18:52:02 [INFO] Rule duration: 0 ms
18:52:02 [INFO] <<< STEP 101: APPLYING RULE 20 http://rulewerk.semantic-web.org/normalForm/conj(!New, ?R1, ?R2) :- synConj(?X, ?C1, ?C2), repOf(?C1, ?R1), repOf(?C2, ?R2) >>>
18:52:02 [INFO] Execution step: Project/Reorder
18:52:02 [INFO] Trie does not contain any elements
18:52:02 [INFO] Execution step: Body
18:52:02 [INFO] Trie does not contain any elements
18:52:02 [INFO] Execution step: Head (Restricted): Updated Sat. Frontier
18:52:02 [INFO] Trie does not contain any elements
18:52:02 [INFO] Execution step: Head (Restricted): Nulls
18:52:02 [INFO] Trie does not contain any elements
18:52:02 [INFO] Execution step: Duplicate Elimination (Datalog)
18:52:02 [INFO] Trie does not contain any elements
18:52:02 [INFO] Rule duration: 5 ms
18:52:02 [INFO] <<< STEP 102: APPLYING RULE 25 http://rulewerk.semantic-web.org/normalForm/subClassOf(?RX, ?RY), http://rulewerk.semantic-web.org/normalForm/isSubClass(?RX) :- prepareSco(?X, ?Y), repOf(?X, ?RX), repOf(?Y, ?RY) >>>
18:52:02 [INFO] Execution step: Body
18:52:02 [INFO] Saved temporary table: 32728 entries (134312)
18:52:02 [INFO] Saved temporary table: 45499 entries (581862)
18:52:02 [INFO] Execution step: Duplicate Elimination (Datalog)
18:52:02 [INFO] Saved permanent table http://rulewerk.semantic-web.org/normalForm/isSubClass (102) Permutation { idx_to_val: [], val_to_idx: [] } with 32728 entries (134360)
18:52:02 [INFO] Execution step: Duplicate Elimination (Datalog)
18:52:02 [INFO] Saved permanent table http://rulewerk.semantic-web.org/normalForm/subClassOf (102) Permutation { idx_to_val: [], val_to_idx: [] } with 45499 entries (581910)
18:52:02 [INFO] Rule duration: 60 ms
18:52:02 [INFO] <<< STEP 103: APPLYING RULE 25 http://rulewerk.semantic-web.org/normalForm/subClassOf(?RX, ?RY), http://rulewerk.semantic-web.org/normalForm/isSubClass(?RX) :- prepareSco(?X, ?Y), repOf(?X, ?RX), repOf(?Y, ?RY) >>>
18:52:02 [INFO] Execution step: Body
18:52:02 [INFO] Trie does not contain any elements
18:52:02 [INFO] Trie does not contain any elements
18:52:02 [INFO] Execution step: Duplicate Elimination (Datalog)
18:52:02 [INFO] Trie does not contain any elements
18:52:02 [INFO] Execution step: Duplicate Elimination (Datalog)
18:52:02 [INFO] Trie does not contain any elements
18:52:02 [INFO] Rule duration: 0 ms
18:52:02 [INFO] <<< STEP 104: APPLYING RULE 27 http://rulewerk.semantic-web.org/normalForm/isSubClass(?D) :- http://rulewerk.semantic-web.org/normalForm/exists(?C, ?P, ?D), http://rulewerk.semantic-web.org/normalForm/isSubClass(?C) >>>
18:52:02 [INFO] Execution step: Body
18:52:02 [INFO] Saved temporary table: 2 entries (3408)
18:52:02 [INFO] Execution step: Duplicate Elimination (Datalog)
18:52:02 [INFO] Trie does not contain any elements
18:52:02 [INFO] Rule duration: 3 ms
18:52:02 [INFO] <<< STEP 105: APPLYING RULE 28 http://rulewerk.semantic-web.org/normalForm/isSubClass(?C1), http://rulewerk.semantic-web.org/normalForm/isSubClass(?C2) :- http://rulewerk.semantic-web.org/normalForm/conj(?X, ?C1, ?C2), http://rulewerk.semantic-web.org/normalForm/isSubClass(?X) >>>
18:52:02 [INFO] Execution step: Body
18:52:02 [INFO] Saved temporary table: 2319 entries (12676)
18:52:02 [INFO] Saved temporary table: 6456 entries (29224)
18:52:02 [INFO] Execution step: Duplicate Elimination (Datalog)
18:52:02 [INFO] Saved permanent table http://rulewerk.semantic-web.org/normalForm/isSubClass (105) Permutation { idx_to_val: [], val_to_idx: [] } with 6461 entries (29292)
18:52:02 [INFO] Rule duration: 10 ms
18:52:02 [INFO] <<< STEP 106: APPLYING RULE 28 http://rulewerk.semantic-web.org/normalForm/isSubClass(?C1), http://rulewerk.semantic-web.org/normalForm/isSubClass(?C2) :- http://rulewerk.semantic-web.org/normalForm/conj(?X, ?C1, ?C2), http://rulewerk.semantic-web.org/normalForm/isSubClass(?X) >>>
18:52:02 [INFO] Execution step: Body
18:52:02 [INFO] Saved temporary table: 602 entries (5808)
18:52:02 [INFO] Saved temporary table: 899 entries (6996)
18:52:02 [INFO] Execution step: Duplicate Elimination (Datalog)
18:52:02 [INFO] Saved permanent table http://rulewerk.semantic-web.org/normalForm/isSubClass (106) Permutation { idx_to_val: [], val_to_idx: [] } with 974 entries (7344)
18:52:02 [INFO] Rule duration: 1 ms
18:52:02 [INFO] <<< STEP 107: APPLYING RULE 28 http://rulewerk.semantic-web.org/normalForm/isSubClass(?C1), http://rulewerk.semantic-web.org/normalForm/isSubClass(?C2) :- http://rulewerk.semantic-web.org/normalForm/conj(?X, ?C1, ?C2), http://rulewerk.semantic-web.org/normalForm/isSubClass(?X) >>>
18:52:02 [INFO] Execution step: Body
18:52:02 [INFO] Saved temporary table: 110 entries (3840)
18:52:02 [INFO] Saved temporary table: 165 entries (4060)
18:52:02 [INFO] Execution step: Duplicate Elimination (Datalog)
18:52:02 [INFO] Saved permanent table http://rulewerk.semantic-web.org/normalForm/isSubClass (107) Permutation { idx_to_val: [], val_to_idx: [] } with 146 entries (4032)
18:52:02 [INFO] Rule duration: 0 ms
18:52:02 [INFO] <<< STEP 108: APPLYING RULE 28 http://rulewerk.semantic-web.org/normalForm/isSubClass(?C1), http://rulewerk.semantic-web.org/normalForm/isSubClass(?C2) :- http://rulewerk.semantic-web.org/normalForm/conj(?X, ?C1, ?C2), http://rulewerk.semantic-web.org/normalForm/isSubClass(?X) >>>
18:52:02 [INFO] Execution step: Body
18:52:02 [INFO] Saved temporary table: 14 entries (3456)
18:52:02 [INFO] Saved temporary table: 15 entries (3460)
18:52:02 [INFO] Execution step: Duplicate Elimination (Datalog)
18:52:02 [INFO] Saved permanent table http://rulewerk.semantic-web.org/normalForm/isSubClass (108) Permutation { idx_to_val: [], val_to_idx: [] } with 8 entries (3480)
18:52:02 [INFO] Rule duration: 0 ms
18:52:02 [INFO] <<< STEP 109: APPLYING RULE 28 http://rulewerk.semantic-web.org/normalForm/isSubClass(?C1), http://rulewerk.semantic-web.org/normalForm/isSubClass(?C2) :- http://rulewerk.semantic-web.org/normalForm/conj(?X, ?C1, ?C2), http://rulewerk.semantic-web.org/normalForm/isSubClass(?X) >>>
18:52:02 [INFO] Execution step: Body
18:52:02 [INFO] Saved temporary table: 2 entries (3408)
18:52:02 [INFO] Saved temporary table: 2 entries (3408)
18:52:02 [INFO] Execution step: Duplicate Elimination (Datalog)
18:52:02 [INFO] Trie does not contain any elements
18:52:02 [INFO] Rule duration: 0 ms
18:52:02 [INFO] <<< STEP 110: APPLYING RULE 27 http://rulewerk.semantic-web.org/normalForm/isSubClass(?D) :- http://rulewerk.semantic-web.org/normalForm/exists(?C, ?P, ?D), http://rulewerk.semantic-web.org/normalForm/isSubClass(?C) >>>
18:52:02 [INFO] Execution step: Body
18:52:02 [INFO] Saved temporary table: 4510 entries (21440)
18:52:02 [INFO] Execution step: Duplicate Elimination (Datalog)
18:52:02 [INFO] Saved permanent table http://rulewerk.semantic-web.org/normalForm/isSubClass (110) Permutation { idx_to_val: [], val_to_idx: [] } with 1571 entries (9732)
18:52:02 [INFO] Rule duration: 7 ms
18:52:02 [INFO] <<< STEP 111: APPLYING RULE 27 http://rulewerk.semantic-web.org/normalForm/isSubClass(?D) :- http://rulewerk.semantic-web.org/normalForm/exists(?C, ?P, ?D), http://rulewerk.semantic-web.org/normalForm/isSubClass(?C) >>>
18:52:02 [INFO] Execution step: Body
18:52:02 [INFO] Trie does not contain any elements
18:52:02 [INFO] Execution step: Duplicate Elimination (Datalog)
18:52:02 [INFO] Trie does not contain any elements
18:52:02 [INFO] Rule duration: 0 ms
18:52:02 [INFO] <<< STEP 112: APPLYING RULE 28 http://rulewerk.semantic-web.org/normalForm/isSubClass(?C1), http://rulewerk.semantic-web.org/normalForm/isSubClass(?C2) :- http://rulewerk.semantic-web.org/normalForm/conj(?X, ?C1, ?C2), http://rulewerk.semantic-web.org/normalForm/isSubClass(?X) >>>
18:52:02 [INFO] Execution step: Body
18:52:02 [INFO] Saved temporary table: 447 entries (5188)
18:52:02 [INFO] Saved temporary table: 1358 entries (8832)
18:52:02 [INFO] Execution step: Duplicate Elimination (Datalog)
18:52:02 [INFO] Saved permanent table http://rulewerk.semantic-web.org/normalForm/isSubClass (112) Permutation { idx_to_val: [], val_to_idx: [] } with 1143 entries (8020)
18:52:02 [INFO] Rule duration: 2 ms
18:52:02 [INFO] <<< STEP 113: APPLYING RULE 28 http://rulewerk.semantic-web.org/normalForm/isSubClass(?C1), http://rulewerk.semantic-web.org/normalForm/isSubClass(?C2) :- http://rulewerk.semantic-web.org/normalForm/conj(?X, ?C1, ?C2), http://rulewerk.semantic-web.org/normalForm/isSubClass(?X) >>>
18:52:02 [INFO] Execution step: Body
18:52:02 [INFO] Saved temporary table: 89 entries (3756)
18:52:02 [INFO] Saved temporary table: 89 entries (3756)
18:52:02 [INFO] Execution step: Duplicate Elimination (Datalog)
18:52:02 [INFO] Saved permanent table http://rulewerk.semantic-web.org/normalForm/isSubClass (113) Permutation { idx_to_val: [], val_to_idx: [] } with 118 entries (3920)
18:52:02 [INFO] Rule duration: 0 ms
18:52:02 [INFO] Execution step: Combining Tables
18:52:02 [INFO] Saved permanent table http://rulewerk.semantic-web.org/normalForm/isSubClass (0-115) Permutation { idx_to_val: [], val_to_idx: [] } with 43149 entries (176044)
18:52:02 [INFO] <<< STEP 114: APPLYING RULE 28 http://rulewerk.semantic-web.org/normalForm/isSubClass(?C1), http://rulewerk.semantic-web.org/normalForm/isSubClass(?C2) :- http://rulewerk.semantic-web.org/normalForm/conj(?X, ?C1, ?C2), http://rulewerk.semantic-web.org/normalForm/isSubClass(?X) >>>
18:52:02 [INFO] Execution step: Body
18:52:02 [INFO] Saved temporary table: 2 entries (3408)
18:52:02 [INFO] Saved temporary table: 2 entries (3408)
18:52:02 [INFO] Execution step: Duplicate Elimination (Datalog)
18:52:02 [INFO] Saved permanent table http://rulewerk.semantic-web.org/normalForm/isSubClass (114) Permutation { idx_to_val: [], val_to_idx: [] } with 4 entries (3464)
18:52:02 [INFO] Rule duration: 0 ms
18:52:02 [INFO] <<< STEP 115: APPLYING RULE 28 http://rulewerk.semantic-web.org/normalForm/isSubClass(?C1), http://rulewerk.semantic-web.org/normalForm/isSubClass(?C2) :- http://rulewerk.semantic-web.org/normalForm/conj(?X, ?C1, ?C2), http://rulewerk.semantic-web.org/normalForm/isSubClass(?X) >>>
18:52:02 [INFO] Execution step: Body
18:52:02 [INFO] Trie does not contain any elements
18:52:02 [INFO] Trie does not contain any elements
18:52:02 [INFO] Execution step: Duplicate Elimination (Datalog)
18:52:02 [INFO] Trie does not contain any elements
18:52:02 [INFO] Rule duration: 0 ms
18:52:02 [INFO] <<< STEP 116: APPLYING RULE 27 http://rulewerk.semantic-web.org/normalForm/isSubClass(?D) :- http://rulewerk.semantic-web.org/normalForm/exists(?C, ?P, ?D), http://rulewerk.semantic-web.org/normalForm/isSubClass(?C) >>>
18:52:02 [INFO] Execution step: Body
18:52:02 [INFO] Saved temporary table: 1068 entries (7672)
18:52:02 [INFO] Execution step: Duplicate Elimination (Datalog)
18:52:02 [INFO] Saved permanent table http://rulewerk.semantic-web.org/normalForm/isSubClass (116) Permutation { idx_to_val: [], val_to_idx: [] } with 282 entries (4576)
18:52:02 [INFO] Rule duration: 1 ms
18:52:02 [INFO] <<< STEP 117: APPLYING RULE 27 http://rulewerk.semantic-web.org/normalForm/isSubClass(?D) :- http://rulewerk.semantic-web.org/normalForm/exists(?C, ?P, ?D), http://rulewerk.semantic-web.org/normalForm/isSubClass(?C) >>>
18:52:02 [INFO] Execution step: Body
18:52:02 [INFO] Trie does not contain any elements
18:52:02 [INFO] Execution step: Duplicate Elimination (Datalog)
18:52:02 [INFO] Trie does not contain any elements
18:52:02 [INFO] Rule duration: 0 ms
18:52:02 [INFO] <<< STEP 118: APPLYING RULE 28 http://rulewerk.semantic-web.org/normalForm/isSubClass(?C1), http://rulewerk.semantic-web.org/normalForm/isSubClass(?C2) :- http://rulewerk.semantic-web.org/normalForm/conj(?X, ?C1, ?C2), http://rulewerk.semantic-web.org/normalForm/isSubClass(?X) >>>
18:52:02 [INFO] Execution step: Body
18:52:02 [INFO] Saved temporary table: 93 entries (3772)
18:52:02 [INFO] Saved temporary table: 272 entries (4488)
18:52:02 [INFO] Execution step: Duplicate Elimination (Datalog)
18:52:02 [INFO] Saved permanent table http://rulewerk.semantic-web.org/normalForm/isSubClass (118) Permutation { idx_to_val: [], val_to_idx: [] } with 226 entries (4352)
18:52:02 [INFO] Rule duration: 0 ms
18:52:02 [INFO] <<< STEP 119: APPLYING RULE 28 http://rulewerk.semantic-web.org/normalForm/isSubClass(?C1), http://rulewerk.semantic-web.org/normalForm/isSubClass(?C2) :- http://rulewerk.semantic-web.org/normalForm/conj(?X, ?C1, ?C2), http://rulewerk.semantic-web.org/normalForm/isSubClass(?X) >>>
18:52:02 [INFO] Execution step: Body
18:52:02 [INFO] Saved temporary table: 30 entries (3520)
18:52:02 [INFO] Saved temporary table: 27 entries (3508)
18:52:02 [INFO] Execution step: Duplicate Elimination (Datalog)
18:52:02 [INFO] Saved permanent table http://rulewerk.semantic-web.org/normalForm/isSubClass (119) Permutation { idx_to_val: [], val_to_idx: [] } with 37 entries (3596)
18:52:02 [INFO] Rule duration: 0 ms
18:52:02 [INFO] <<< STEP 120: APPLYING RULE 28 http://rulewerk.semantic-web.org/normalForm/isSubClass(?C1), http://rulewerk.semantic-web.org/normalForm/isSubClass(?C2) :- http://rulewerk.semantic-web.org/normalForm/conj(?X, ?C1, ?C2), http://rulewerk.semantic-web.org/normalForm/isSubClass(?X) >>>
18:52:02 [INFO] Execution step: Body
18:52:02 [INFO] Saved temporary table: 3 entries (3412)
18:52:02 [INFO] Saved temporary table: 1 entries (3404)
18:52:02 [INFO] Execution step: Duplicate Elimination (Datalog)
18:52:02 [INFO] Trie does not contain any elements
18:52:02 [INFO] Rule duration: 0 ms
18:52:02 [INFO] <<< STEP 121: APPLYING RULE 27 http://rulewerk.semantic-web.org/normalForm/isSubClass(?D) :- http://rulewerk.semantic-web.org/normalForm/exists(?C, ?P, ?D), http://rulewerk.semantic-web.org/normalForm/isSubClass(?C) >>>
18:52:02 [INFO] Execution step: Body
18:52:02 [INFO] Saved temporary table: 216 entries (4264)
18:52:02 [INFO] Execution step: Duplicate Elimination (Datalog)
18:52:02 [INFO] Saved permanent table http://rulewerk.semantic-web.org/normalForm/isSubClass (121) Permutation { idx_to_val: [], val_to_idx: [] } with 102 entries (3856)
18:52:02 [INFO] Rule duration: 0 ms
18:52:02 [INFO] <<< STEP 122: APPLYING RULE 27 http://rulewerk.semantic-web.org/normalForm/isSubClass(?D) :- http://rulewerk.semantic-web.org/normalForm/exists(?C, ?P, ?D), http://rulewerk.semantic-web.org/normalForm/isSubClass(?C) >>>
18:52:02 [INFO] Execution step: Body
18:52:02 [INFO] Trie does not contain any elements
18:52:02 [INFO] Execution step: Duplicate Elimination (Datalog)
18:52:02 [INFO] Trie does not contain any elements
18:52:02 [INFO] Rule duration: 0 ms
18:52:02 [INFO] <<< STEP 123: APPLYING RULE 28 http://rulewerk.semantic-web.org/normalForm/isSubClass(?C1), http://rulewerk.semantic-web.org/normalForm/isSubClass(?C2) :- http://rulewerk.semantic-web.org/normalForm/conj(?X, ?C1, ?C2), http://rulewerk.semantic-web.org/normalForm/isSubClass(?X) >>>
18:52:02 [INFO] Execution step: Body
18:52:02 [INFO] Saved temporary table: 16 entries (3464)
18:52:02 [INFO] Saved temporary table: 85 entries (3740)
18:52:02 [INFO] Execution step: Duplicate Elimination (Datalog)
18:52:02 [INFO] Saved permanent table http://rulewerk.semantic-web.org/normalForm/isSubClass (123) Permutation { idx_to_val: [], val_to_idx: [] } with 76 entries (3752)
18:52:02 [INFO] Rule duration: 0 ms
18:52:02 [INFO] <<< STEP 124: APPLYING RULE 28 http://rulewerk.semantic-web.org/normalForm/isSubClass(?C1), http://rulewerk.semantic-web.org/normalForm/isSubClass(?C2) :- http://rulewerk.semantic-web.org/normalForm/conj(?X, ?C1, ?C2), http://rulewerk.semantic-web.org/normalForm/isSubClass(?X) >>>
18:52:02 [INFO] Execution step: Body
18:52:02 [INFO] Saved temporary table: 1 entries (3404)
18:52:02 [INFO] Saved temporary table: 1 entries (3404)
18:52:02 [INFO] Execution step: Duplicate Elimination (Datalog)
18:52:02 [INFO] Trie does not contain any elements
18:52:02 [INFO] Rule duration: 0 ms
18:52:02 [INFO] <<< STEP 125: APPLYING RULE 27 http://rulewerk.semantic-web.org/normalForm/isSubClass(?D) :- http://rulewerk.semantic-web.org/normalForm/exists(?C, ?P, ?D), http://rulewerk.semantic-web.org/normalForm/isSubClass(?C) >>>
18:52:02 [INFO] Execution step: Body
18:52:02 [INFO] Saved temporary table: 75 entries (3700)
18:52:02 [INFO] Execution step: Duplicate Elimination (Datalog)
18:52:02 [INFO] Saved permanent table http://rulewerk.semantic-web.org/normalForm/isSubClass (125) Permutation { idx_to_val: [], val_to_idx: [] } with 4 entries (3464)
18:52:02 [INFO] Rule duration: 0 ms
18:52:02 [INFO] <<< STEP 126: APPLYING RULE 27 http://rulewerk.semantic-web.org/normalForm/isSubClass(?D) :- http://rulewerk.semantic-web.org/normalForm/exists(?C, ?P, ?D), http://rulewerk.semantic-web.org/normalForm/isSubClass(?C) >>>
18:52:02 [INFO] Execution step: Body
18:52:02 [INFO] Trie does not contain any elements
18:52:02 [INFO] Execution step: Duplicate Elimination (Datalog)
18:52:02 [INFO] Trie does not contain any elements
18:52:02 [INFO] Rule duration: 0 ms
18:52:02 [INFO] <<< STEP 127: APPLYING RULE 28 http://rulewerk.semantic-web.org/normalForm/isSubClass(?C1), http://rulewerk.semantic-web.org/normalForm/isSubClass(?C2) :- http://rulewerk.semantic-web.org/normalForm/conj(?X, ?C1, ?C2), http://rulewerk.semantic-web.org/normalForm/isSubClass(?X) >>>
18:52:02 [INFO] Execution step: Body
18:52:02 [INFO] Saved temporary table: 3 entries (3412)
18:52:02 [INFO] Saved temporary table: 4 entries (3416)
18:52:02 [INFO] Execution step: Duplicate Elimination (Datalog)
18:52:02 [INFO] Saved permanent table http://rulewerk.semantic-web.org/normalForm/isSubClass (127) Permutation { idx_to_val: [], val_to_idx: [] } with 2 entries (3456)
18:52:02 [INFO] Rule duration: 0 ms
18:52:02 [INFO] Execution step: Combining Tables
18:52:02 [INFO] Saved permanent table http://rulewerk.semantic-web.org/normalForm/isSubClass (115-129) Permutation { idx_to_val: [], val_to_idx: [] } with 729 entries (6364)
18:52:02 [INFO] <<< STEP 128: APPLYING RULE 28 http://rulewerk.semantic-web.org/normalForm/isSubClass(?C1), http://rulewerk.semantic-web.org/normalForm/isSubClass(?C2) :- http://rulewerk.semantic-web.org/normalForm/conj(?X, ?C1, ?C2), http://rulewerk.semantic-web.org/normalForm/isSubClass(?X) >>>
18:52:02 [INFO] Execution step: Body
18:52:02 [INFO] Saved temporary table: 1 entries (3404)
18:52:02 [INFO] Saved temporary table: 1 entries (3404)
18:52:02 [INFO] Execution step: Duplicate Elimination (Datalog)
18:52:02 [INFO] Saved permanent table http://rulewerk.semantic-web.org/normalForm/isSubClass (128) Permutation { idx_to_val: [], val_to_idx: [] } with 1 entries (3452)
18:52:02 [INFO] Rule duration: 0 ms
18:52:02 [INFO] <<< STEP 129: APPLYING RULE 28 http://rulewerk.semantic-web.org/normalForm/isSubClass(?C1), http://rulewerk.semantic-web.org/normalForm/isSubClass(?C2) :- http://rulewerk.semantic-web.org/normalForm/conj(?X, ?C1, ?C2), http://rulewerk.semantic-web.org/normalForm/isSubClass(?X) >>>
18:52:02 [INFO] Execution step: Body
18:52:02 [INFO] Trie does not contain any elements
18:52:02 [INFO] Trie does not contain any elements
18:52:02 [INFO] Execution step: Duplicate Elimination (Datalog)
18:52:02 [INFO] Trie does not contain any elements
18:52:02 [INFO] Rule duration: 0 ms
18:52:02 [INFO] <<< STEP 130: APPLYING RULE 27 http://rulewerk.semantic-web.org/normalForm/isSubClass(?D) :- http://rulewerk.semantic-web.org/normalForm/exists(?C, ?P, ?D), http://rulewerk.semantic-web.org/normalForm/isSubClass(?C) >>>
18:52:02 [INFO] Execution step: Body
18:52:02 [INFO] Saved temporary table: 2 entries (3408)
18:52:02 [INFO] Execution step: Duplicate Elimination (Datalog)
18:52:02 [INFO] Trie does not contain any elements
18:52:02 [INFO] Rule duration: 0 ms
18:52:02 [INFO] <<< STEP 131: APPLYING RULE 30 http://rulewerk.semantic-web.org/normalForm/subProp(?P, ?P) :- http://rulewerk.semantic-web.org/normalForm/exists(?C, ?P, ?D), http://rulewerk.semantic-web.org/normalForm/isSubClass(?C) >>>
18:52:02 [INFO] Execution step: Body
18:52:02 [INFO] Saved temporary table: 378 entries (4912)
18:52:02 [INFO] Execution step: Duplicate Elimination (Datalog)
18:52:02 [INFO] Saved permanent table http://rulewerk.semantic-web.org/normalForm/subProp (131) Permutation { idx_to_val: [], val_to_idx: [] } with 378 entries (10260)
18:52:02 [INFO] Rule duration: 3 ms
18:52:02 [INFO] <<< STEP 132: APPLYING RULE 30 http://rulewerk.semantic-web.org/normalForm/subProp(?P, ?P) :- http://rulewerk.semantic-web.org/normalForm/exists(?C, ?P, ?D), http://rulewerk.semantic-web.org/normalForm/isSubClass(?C) >>>
18:52:02 [INFO] Execution step: Body
18:52:02 [INFO] Trie does not contain any elements
18:52:02 [INFO] Execution step: Duplicate Elimination (Datalog)
18:52:02 [INFO] Trie does not contain any elements
18:52:02 [INFO] Rule duration: 0 ms
18:52:02 [INFO] <<< STEP 133: APPLYING RULE 31 http://rulewerk.semantic-web.org/normalForm/subProp(?R, ?T) :- http://rulewerk.semantic-web.org/normalForm/subProp(?R, ?S), directSubProp(?S, ?T) >>>
18:52:02 [INFO] Execution step: Body
18:52:02 [INFO] Saved temporary table: 389 entries (13150)
18:52:02 [INFO] Execution step: Duplicate Elimination (Datalog)
18:52:02 [INFO] Saved permanent table http://rulewerk.semantic-web.org/normalForm/subProp (133) Permutation { idx_to_val: [], val_to_idx: [] } with 389 entries (13198)
18:52:02 [INFO] Rule duration: 0 ms
18:52:02 [INFO] <<< STEP 134: APPLYING RULE 31 http://rulewerk.semantic-web.org/normalForm/subProp(?R, ?T) :- http://rulewerk.semantic-web.org/normalForm/subProp(?R, ?S), directSubProp(?S, ?T) >>>
18:52:02 [INFO] Execution step: Body
18:52:02 [INFO] Saved temporary table: 401 entries (13198)
18:52:02 [INFO] Execution step: Duplicate Elimination (Datalog)
18:52:02 [INFO] Saved permanent table http://rulewerk.semantic-web.org/normalForm/subProp (134) Permutation { idx_to_val: [], val_to_idx: [] } with 401 entries (13246)
18:52:02 [INFO] Rule duration: 0 ms
18:52:02 [INFO] <<< STEP 135: APPLYING RULE 31 http://rulewerk.semantic-web.org/normalForm/subProp(?R, ?T) :- http://rulewerk.semantic-web.org/normalForm/subProp(?R, ?S), directSubProp(?S, ?T) >>>
18:52:02 [INFO] Execution step: Body
18:52:02 [INFO] Saved temporary table: 410 entries (13222)
18:52:02 [INFO] Execution step: Duplicate Elimination (Datalog)
18:52:02 [INFO] Saved permanent table http://rulewerk.semantic-web.org/normalForm/subProp (135) Permutation { idx_to_val: [], val_to_idx: [] } with 410 entries (13270)
18:52:02 [INFO] Rule duration: 0 ms
18:52:02 [INFO] <<< STEP 136: APPLYING RULE 31 http://rulewerk.semantic-web.org/normalForm/subProp(?R, ?T) :- http://rulewerk.semantic-web.org/normalForm/subProp(?R, ?S), directSubProp(?S, ?T) >>>
18:52:02 [INFO] Execution step: Body
18:52:02 [INFO] Saved temporary table: 467 entries (13354)
18:52:02 [INFO] Execution step: Duplicate Elimination (Datalog)
18:52:02 [INFO] Saved permanent table http://rulewerk.semantic-web.org/normalForm/subProp (136) Permutation { idx_to_val: [], val_to_idx: [] } with 463 entries (13386)
18:52:02 [INFO] Rule duration: 0 ms
18:52:02 [INFO] <<< STEP 137: APPLYING RULE 31 http://rulewerk.semantic-web.org/normalForm/subProp(?R, ?T) :- http://rulewerk.semantic-web.org/normalForm/subProp(?R, ?S), directSubProp(?S, ?T) >>>
18:52:02 [INFO] Execution step: Body
18:52:02 [INFO] Saved temporary table: 472 entries (12678)
18:52:02 [INFO] Execution step: Duplicate Elimination (Datalog)
18:52:02 [INFO] Saved permanent table http://rulewerk.semantic-web.org/normalForm/subProp (137) Permutation { idx_to_val: [], val_to_idx: [] } with 461 entries (12658)
18:52:02 [INFO] Rule duration: 0 ms
18:52:02 [INFO] <<< STEP 138: APPLYING RULE 31 http://rulewerk.semantic-web.org/normalForm/subProp(?R, ?T) :- http://rulewerk.semantic-web.org/normalForm/subProp(?R, ?S), directSubProp(?S, ?T) >>>
18:52:02 [INFO] Execution step: Body
18:52:02 [INFO] Saved temporary table: 418 entries (11886)
18:52:02 [INFO] Execution step: Duplicate Elimination (Datalog)
18:52:02 [INFO] Saved permanent table http://rulewerk.semantic-web.org/normalForm/subProp (138) Permutation { idx_to_val: [], val_to_idx: [] } with 403 entries (11778)
18:52:02 [INFO] Rule duration: 0 ms
18:52:02 [INFO] <<< STEP 139: APPLYING RULE 31 http://rulewerk.semantic-web.org/normalForm/subProp(?R, ?T) :- http://rulewerk.semantic-web.org/normalForm/subProp(?R, ?S), directSubProp(?S, ?T) >>>
18:52:02 [INFO] Execution step: Body
18:52:02 [INFO] Saved temporary table: 285 entries (10646)
18:52:02 [INFO] Execution step: Duplicate Elimination (Datalog)
18:52:02 [INFO] Saved permanent table http://rulewerk.semantic-web.org/normalForm/subProp (139) Permutation { idx_to_val: [], val_to_idx: [] } with 213 entries (9602)
18:52:02 [INFO] Rule duration: 0 ms
18:52:02 [INFO] Execution step: Combining Tables
18:52:02 [INFO] Saved permanent table http://rulewerk.semantic-web.org/normalForm/subProp (0-141) Permutation { idx_to_val: [], val_to_idx: [] } with 3118 entries (24186)
18:52:02 [INFO] <<< STEP 140: APPLYING RULE 31 http://rulewerk.semantic-web.org/normalForm/subProp(?R, ?T) :- http://rulewerk.semantic-web.org/normalForm/subProp(?R, ?S), directSubProp(?S, ?T) >>>
18:52:02 [INFO] Execution step: Body
18:52:02 [INFO] Saved temporary table: 107 entries (8710)
18:52:02 [INFO] Execution step: Duplicate Elimination (Datalog)
18:52:02 [INFO] Saved permanent table http://rulewerk.semantic-web.org/normalForm/subProp (140) Permutation { idx_to_val: [], val_to_idx: [] } with 36 entries (8292)
18:52:02 [INFO] Rule duration: 0 ms
18:52:02 [INFO] <<< STEP 141: APPLYING RULE 31 http://rulewerk.semantic-web.org/normalForm/subProp(?R, ?T) :- http://rulewerk.semantic-web.org/normalForm/subProp(?R, ?S), directSubProp(?S, ?T) >>>
18:52:02 [INFO] Execution step: Body
18:52:02 [INFO] Saved temporary table: 11 entries (7416)
18:52:02 [INFO] Execution step: Duplicate Elimination (Datalog)
18:52:02 [INFO] Trie does not contain any elements
18:52:02 [INFO] Rule duration: 0 ms
18:52:02 [INFO] <<< STEP 142: APPLYING RULE 32 http://rulewerk.semantic-web.org/inferred/init(?C) :- http://rulewerk.semantic-web.org/normalForm/isMainClass(?C) >>>
18:52:02 [INFO] Execution step: Body
18:52:02 [INFO] Saved temporary table: 23136 entries (95944)
18:52:02 [INFO] Execution step: Duplicate Elimination (Datalog)
18:52:02 [INFO] Saved permanent table http://rulewerk.semantic-web.org/inferred/init (142) Permutation { idx_to_val: [], val_to_idx: [] } with 23136 entries (95992)
18:52:02 [INFO] Rule duration: 1 ms
18:52:02 [INFO] <<< STEP 143: APPLYING RULE 32 http://rulewerk.semantic-web.org/inferred/init(?C) :- http://rulewerk.semantic-web.org/normalForm/isMainClass(?C) >>>
18:52:02 [INFO] Execution step: Body
18:52:02 [INFO] Trie does not contain any elements
18:52:02 [INFO] Execution step: Duplicate Elimination (Datalog)
18:52:02 [INFO] Trie does not contain any elements
18:52:02 [INFO] Rule duration: 0 ms
18:52:02 [INFO] <<< STEP 144: APPLYING RULE 35 http://rulewerk.semantic-web.org/inferred/subClassOf(?C, "<http://www.w3.org/2002/07/owl#Thing>") :- http://rulewerk.semantic-web.org/normalForm/isMainClass(?C) >>>
18:52:02 [INFO] Execution step: Body
18:52:02 [INFO] Saved temporary table: 23136 entries (95944)
18:52:02 [INFO] Execution step: Duplicate Elimination (Datalog)
18:52:02 [INFO] Saved permanent table http://rulewerk.semantic-web.org/inferred/subClassOf (144) Permutation { idx_to_val: [], val_to_idx: [] } with 23136 entries (99842)
18:52:02 [INFO] Rule duration: 4 ms
18:52:02 [INFO] <<< STEP 145: APPLYING RULE 35 http://rulewerk.semantic-web.org/inferred/subClassOf(?C, "<http://www.w3.org/2002/07/owl#Thing>") :- http://rulewerk.semantic-web.org/normalForm/isMainClass(?C) >>>
18:52:02 [INFO] Execution step: Body
18:52:02 [INFO] Trie does not contain any elements
18:52:02 [INFO] Execution step: Duplicate Elimination (Datalog)
18:52:02 [INFO] Trie does not contain any elements
18:52:02 [INFO] Rule duration: 0 ms
18:52:02 [INFO] <<< STEP 146: APPLYING RULE 33 http://rulewerk.semantic-web.org/inferred/init(?C) :- http://rulewerk.semantic-web.org/inferred/ex(?E, ?R, ?C) >>>
18:52:02 [INFO] Execution step: Body
18:52:02 [INFO] Trie does not contain any elements
18:52:02 [INFO] Execution step: Duplicate Elimination (Datalog)
18:52:02 [INFO] Trie does not contain any elements
18:52:02 [INFO] Rule duration: 0 ms
18:52:02 [INFO] <<< STEP 147: APPLYING RULE 34 http://rulewerk.semantic-web.org/inferred/subClassOf(?C, ?C) :- http://rulewerk.semantic-web.org/inferred/init(?C) >>>
18:52:02 [INFO] Execution step: Body
18:52:02 [INFO] Saved temporary table: 23136 entries (95944)
18:52:02 [INFO] Execution step: Duplicate Elimination (Datalog)
18:52:02 [INFO] Saved permanent table http://rulewerk.semantic-web.org/inferred/subClassOf (147) Permutation { idx_to_val: [], val_to_idx: [] } with 23136 entries (192324)
18:52:02 [INFO] Rule duration: 7 ms
18:52:02 [INFO] <<< STEP 148: APPLYING RULE 36 http://rulewerk.semantic-web.org/inferred/subClassOf(?C, ?D1), http://rulewerk.semantic-web.org/inferred/subClassOf(?C, ?D2) :- http://rulewerk.semantic-web.org/inferred/subClassOf(?C, ?Y), http://rulewerk.semantic-web.org/normalForm/conj(?Y, ?D1, ?D2) >>>
18:52:02 [INFO] Execution step: Body
18:52:02 [INFO] Trie does not contain any elements
18:52:02 [INFO] Trie does not contain any elements
18:52:02 [INFO] Execution step: Duplicate Elimination (Datalog)
18:52:02 [INFO] Trie does not contain any elements
18:52:02 [INFO] Rule duration: 6 ms
18:52:02 [INFO] <<< STEP 149: APPLYING RULE 37 http://rulewerk.semantic-web.org/inferred/subClassOf(?C, ?I) :- http://rulewerk.semantic-web.org/inferred/subClassOf(?C, ?D1), http://rulewerk.semantic-web.org/inferred/subClassOf(?C, ?D2), http://rulewerk.semantic-web.org/normalForm/conj(?I, ?D1, ?D2), http://rulewerk.semantic-web.org/normalForm/isSubClass(?I) >>>
18:52:02 [INFO] Execution step: Body
18:52:02 [INFO] Trie does not contain any elements
18:52:02 [INFO] Execution step: Duplicate Elimination (Datalog)
18:52:02 [INFO] Trie does not contain any elements
18:52:02 [INFO] Rule duration: 5 ms
18:52:02 [INFO] <<< STEP 150: APPLYING RULE 38 http://rulewerk.semantic-web.org/inferred/ex(?E, ?R, ?C) :- http://rulewerk.semantic-web.org/inferred/subClassOf(?E, ?Y), http://rulewerk.semantic-web.org/normalForm/exists(?Y, ?R, ?C) >>>
18:52:02 [INFO] Execution step: Body
18:52:02 [INFO] Trie does not contain any elements
18:52:02 [INFO] Execution step: Duplicate Elimination (Datalog)
18:52:02 [INFO] Trie does not contain any elements
18:52:02 [INFO] Rule duration: 0 ms
18:52:02 [INFO] <<< STEP 151: APPLYING RULE 39 http://rulewerk.semantic-web.org/inferred/subClassOf(?E, ?Y) :- http://rulewerk.semantic-web.org/inferred/ex(?E, ?R, ?C), http://rulewerk.semantic-web.org/inferred/subClassOf(?C, ?D), http://rulewerk.semantic-web.org/normalForm/subProp(?R, ?S), http://rulewerk.semantic-web.org/normalForm/exists(?Y, ?S, ?D), http://rulewerk.semantic-web.org/normalForm/isSubClass(?Y) >>>
18:52:02 [INFO] Execution step: Body
18:52:02 [INFO] Trie does not contain any elements
18:52:02 [INFO] Execution step: Duplicate Elimination (Datalog)
18:52:02 [INFO] Trie does not contain any elements
18:52:02 [INFO] Rule duration: 3 ms
18:52:02 [INFO] <<< STEP 152: APPLYING RULE 40 http://rulewerk.semantic-web.org/inferred/ex(?E, ?S, ?D) :- http://rulewerk.semantic-web.org/inferred/ex(?E, ?R1, ?C), http://rulewerk.semantic-web.org/inferred/ex(?C, ?R2, ?D), http://rulewerk.semantic-web.org/normalForm/subProp(?R1, ?S1), http://rulewerk.semantic-web.org/normalForm/subProp(?R2, ?S2), http://rulewerk.semantic-web.org/normalForm/subPropChain(?S1, ?S2, ?S) >>>
18:52:02 [INFO] Execution step: Body
18:52:02 [INFO] Trie does not contain any elements
18:52:02 [INFO] Execution step: Duplicate Elimination (Datalog)
18:52:02 [INFO] Trie does not contain any elements
18:52:02 [INFO] Rule duration: 0 ms
18:52:02 [INFO] <<< STEP 153: APPLYING RULE 41 http://rulewerk.semantic-web.org/inferred/subClassOf(?C, ?E) :- http://rulewerk.semantic-web.org/inferred/subClassOf(?C, ?D), http://rulewerk.semantic-web.org/normalForm/subClassOf(?D, ?E) >>>
18:52:02 [INFO] Execution step: Body
18:52:02 [INFO] Saved temporary table: 35531 entries (426658)
18:52:02 [INFO] Execution step: Duplicate Elimination (Datalog)
18:52:02 [INFO] Saved permanent table http://rulewerk.semantic-web.org/inferred/subClassOf (153) Permutation { idx_to_val: [], val_to_idx: [] } with 35531 entries (426706)
18:52:02 [INFO] Rule duration: 20 ms
18:52:02 [INFO] <<< STEP 154: APPLYING RULE 41 http://rulewerk.semantic-web.org/inferred/subClassOf(?C, ?E) :- http://rulewerk.semantic-web.org/inferred/subClassOf(?C, ?D), http://rulewerk.semantic-web.org/normalForm/subClassOf(?D, ?E) >>>
18:52:02 [INFO] Execution step: Body
18:52:02 [INFO] Saved temporary table: 29052 entries (400670)
18:52:02 [INFO] Execution step: Duplicate Elimination (Datalog)
18:52:02 [INFO] Saved permanent table http://rulewerk.semantic-web.org/inferred/subClassOf (154) Permutation { idx_to_val: [], val_to_idx: [] } with 19069 entries (247902)
18:52:02 [INFO] Rule duration: 29 ms
18:52:02 [INFO] <<< STEP 155: APPLYING RULE 41 http://rulewerk.semantic-web.org/inferred/subClassOf(?C, ?E) :- http://rulewerk.semantic-web.org/inferred/subClassOf(?C, ?D), http://rulewerk.semantic-web.org/normalForm/subClassOf(?D, ?E) >>>
18:52:02 [INFO] Execution step: Body
18:52:02 [INFO] Saved temporary table: 21017 entries (255394)
18:52:02 [INFO] Execution step: Duplicate Elimination (Datalog)
18:52:02 [INFO] Saved permanent table http://rulewerk.semantic-web.org/inferred/subClassOf (155) Permutation { idx_to_val: [], val_to_idx: [] } with 19134 entries (231314)
18:52:02 [INFO] Rule duration: 19 ms
18:52:02 [INFO] <<< STEP 156: APPLYING RULE 41 http://rulewerk.semantic-web.org/inferred/subClassOf(?C, ?E) :- http://rulewerk.semantic-web.org/inferred/subClassOf(?C, ?D), http://rulewerk.semantic-web.org/normalForm/subClassOf(?D, ?E) >>>
18:52:02 [INFO] Execution step: Body
18:52:02 [INFO] Saved temporary table: 20666 entries (232234)
18:52:02 [INFO] Execution step: Duplicate Elimination (Datalog)
18:52:02 [INFO] Saved permanent table http://rulewerk.semantic-web.org/inferred/subClassOf (156) Permutation { idx_to_val: [], val_to_idx: [] } with 18219 entries (198746)
18:52:02 [INFO] Rule duration: 18 ms
18:52:02 [INFO] <<< STEP 157: APPLYING RULE 41 http://rulewerk.semantic-web.org/inferred/subClassOf(?C, ?E) :- http://rulewerk.semantic-web.org/inferred/subClassOf(?C, ?D), http://rulewerk.semantic-web.org/normalForm/subClassOf(?D, ?E) >>>
18:52:02 [INFO] Execution step: Body
18:52:02 [INFO] Saved temporary table: 16776 entries (192362)
18:52:02 [INFO] Execution step: Duplicate Elimination (Datalog)
18:52:02 [INFO] Saved permanent table http://rulewerk.semantic-web.org/inferred/subClassOf (157) Permutation { idx_to_val: [], val_to_idx: [] } with 15549 entries (180338)
18:52:02 [INFO] Rule duration: 16 ms
18:52:02 [INFO] <<< STEP 158: APPLYING RULE 41 http://rulewerk.semantic-web.org/inferred/subClassOf(?C, ?E) :- http://rulewerk.semantic-web.org/inferred/subClassOf(?C, ?D), http://rulewerk.semantic-web.org/normalForm/subClassOf(?D, ?E) >>>
18:52:02 [INFO] Execution step: Body
18:52:02 [INFO] Saved temporary table: 13777 entries (170322)
18:52:02 [INFO] Execution step: Duplicate Elimination (Datalog)
18:52:02 [INFO] Saved permanent table http://rulewerk.semantic-web.org/inferred/subClassOf (158) Permutation { idx_to_val: [], val_to_idx: [] } with 13188 entries (167678)
18:52:02 [INFO] Rule duration: 15 ms
18:52:02 [INFO] Execution step: Combining Tables
18:52:02 [INFO] Saved permanent table http://rulewerk.semantic-web.org/inferred/subClassOf (0-160) Permutation { idx_to_val: [], val_to_idx: [] } with 166962 entries (952658)
18:52:02 [INFO] <<< STEP 159: APPLYING RULE 41 http://rulewerk.semantic-web.org/inferred/subClassOf(?C, ?E) :- http://rulewerk.semantic-web.org/inferred/subClassOf(?C, ?D), http://rulewerk.semantic-web.org/normalForm/subClassOf(?D, ?E) >>>
18:52:02 [INFO] Execution step: Body
18:52:02 [INFO] Saved temporary table: 12121 entries (156534)
18:52:02 [INFO] Execution step: Duplicate Elimination (Datalog)
18:52:02 [INFO] Saved permanent table http://rulewerk.semantic-web.org/inferred/subClassOf (159) Permutation { idx_to_val: [], val_to_idx: [] } with 11570 entries (154270)
18:52:02 [INFO] Rule duration: 9 ms
18:52:02 [INFO] <<< STEP 160: APPLYING RULE 41 http://rulewerk.semantic-web.org/inferred/subClassOf(?C, ?E) :- http://rulewerk.semantic-web.org/inferred/subClassOf(?C, ?D), http://rulewerk.semantic-web.org/normalForm/subClassOf(?D, ?E) >>>
18:52:02 [INFO] Execution step: Body
18:52:02 [INFO] Saved temporary table: 10098 entries (137510)
18:52:02 [INFO] Execution step: Duplicate Elimination (Datalog)
18:52:02 [INFO] Saved permanent table http://rulewerk.semantic-web.org/inferred/subClassOf (160) Permutation { idx_to_val: [], val_to_idx: [] } with 9551 entries (135286)
18:52:02 [INFO] Rule duration: 61 ms
18:52:02 [INFO] <<< STEP 161: APPLYING RULE 41 http://rulewerk.semantic-web.org/inferred/subClassOf(?C, ?E) :- http://rulewerk.semantic-web.org/inferred/subClassOf(?C, ?D), http://rulewerk.semantic-web.org/normalForm/subClassOf(?D, ?E) >>>
18:52:02 [INFO] Execution step: Body
18:52:02 [INFO] Saved temporary table: 9708 entries (123110)
18:52:02 [INFO] Execution step: Duplicate Elimination (Datalog)
18:52:02 [INFO] Saved permanent table http://rulewerk.semantic-web.org/inferred/subClassOf (161) Permutation { idx_to_val: [], val_to_idx: [] } with 9383 entries (121858)
18:52:02 [INFO] Rule duration: 8 ms
18:52:02 [INFO] <<< STEP 162: APPLYING RULE 41 http://rulewerk.semantic-web.org/inferred/subClassOf(?C, ?E) :- http://rulewerk.semantic-web.org/inferred/subClassOf(?C, ?D), http://rulewerk.semantic-web.org/normalForm/subClassOf(?D, ?E) >>>
18:52:02 [INFO] Execution step: Body
18:52:02 [INFO] Saved temporary table: 7095 entries (100658)
18:52:02 [INFO] Execution step: Duplicate Elimination (Datalog)
18:52:02 [INFO] Saved permanent table http://rulewerk.semantic-web.org/inferred/subClassOf (162) Permutation { idx_to_val: [], val_to_idx: [] } with 6941 entries (100090)
18:52:02 [INFO] Rule duration: 7 ms
18:52:02 [INFO] <<< STEP 163: APPLYING RULE 41 http://rulewerk.semantic-web.org/inferred/subClassOf(?C, ?E) :- http://rulewerk.semantic-web.org/inferred/subClassOf(?C, ?D), http://rulewerk.semantic-web.org/normalForm/subClassOf(?D, ?E) >>>
18:52:02 [INFO] Execution step: Body
18:52:02 [INFO] Saved temporary table: 5795 entries (81730)
18:52:02 [INFO] Execution step: Duplicate Elimination (Datalog)
18:52:02 [INFO] Saved permanent table http://rulewerk.semantic-web.org/inferred/subClassOf (163) Permutation { idx_to_val: [], val_to_idx: [] } with 5703 entries (81410)
18:52:02 [INFO] Rule duration: 5 ms
18:52:02 [INFO] <<< STEP 164: APPLYING RULE 41 http://rulewerk.semantic-web.org/inferred/subClassOf(?C, ?E) :- http://rulewerk.semantic-web.org/inferred/subClassOf(?C, ?D), http://rulewerk.semantic-web.org/normalForm/subClassOf(?D, ?E) >>>
18:52:02 [INFO] Execution step: Body
18:52:02 [INFO] Saved temporary table: 4332 entries (65618)
18:52:02 [INFO] Execution step: Duplicate Elimination (Datalog)
18:52:02 [INFO] Saved permanent table http://rulewerk.semantic-web.org/inferred/subClassOf (164) Permutation { idx_to_val: [], val_to_idx: [] } with 4320 entries (65618)
18:52:02 [INFO] Rule duration: 4 ms
18:52:02 [INFO] <<< STEP 165: APPLYING RULE 41 http://rulewerk.semantic-web.org/inferred/subClassOf(?C, ?E) :- http://rulewerk.semantic-web.org/inferred/subClassOf(?C, ?D), http://rulewerk.semantic-web.org/normalForm/subClassOf(?D, ?E) >>>
18:52:02 [INFO] Execution step: Body
18:52:02 [INFO] Saved temporary table: 2755 entries (43458)
18:52:02 [INFO] Execution step: Duplicate Elimination (Datalog)
18:52:02 [INFO] Saved permanent table http://rulewerk.semantic-web.org/inferred/subClassOf (165) Permutation { idx_to_val: [], val_to_idx: [] } with 2751 entries (43490)
18:52:02 [INFO] Rule duration: 3 ms
18:52:02 [INFO] <<< STEP 166: APPLYING RULE 41 http://rulewerk.semantic-web.org/inferred/subClassOf(?C, ?E) :- http://rulewerk.semantic-web.org/inferred/subClassOf(?C, ?D), http://rulewerk.semantic-web.org/normalForm/subClassOf(?D, ?E) >>>
18:52:02 [INFO] Execution step: Body
18:52:02 [INFO] Saved temporary table: 1875 entries (33170)
18:52:02 [INFO] Execution step: Duplicate Elimination (Datalog)
18:52:02 [INFO] Saved permanent table http://rulewerk.semantic-web.org/inferred/subClassOf (166) Permutation { idx_to_val: [], val_to_idx: [] } with 1875 entries (33218)
18:52:02 [INFO] Rule duration: 2 ms
18:52:02 [INFO] Execution step: Combining Tables
18:52:02 [INFO] Saved permanent table http://rulewerk.semantic-web.org/inferred/subClassOf (160-168) Permutation { idx_to_val: [], val_to_idx: [] } with 40524 entries (259178)
18:52:02 [INFO] <<< STEP 167: APPLYING RULE 41 http://rulewerk.semantic-web.org/inferred/subClassOf(?C, ?E) :- http://rulewerk.semantic-web.org/inferred/subClassOf(?C, ?D), http://rulewerk.semantic-web.org/normalForm/subClassOf(?D, ?E) >>>
18:52:02 [INFO] Execution step: Body
18:52:02 [INFO] Saved temporary table: 1252 entries (23946)
18:52:02 [INFO] Execution step: Duplicate Elimination (Datalog)
18:52:02 [INFO] Saved permanent table http://rulewerk.semantic-web.org/inferred/subClassOf (167) Permutation { idx_to_val: [], val_to_idx: [] } with 1251 entries (23978)
18:52:02 [INFO] Rule duration: 1 ms
18:52:02 [INFO] <<< STEP 168: APPLYING RULE 41 http://rulewerk.semantic-web.org/inferred/subClassOf(?C, ?E) :- http://rulewerk.semantic-web.org/inferred/subClassOf(?C, ?D), http://rulewerk.semantic-web.org/normalForm/subClassOf(?D, ?E) >>>
18:52:02 [INFO] Execution step: Body
18:52:02 [INFO] Saved temporary table: 877 entries (18426)
18:52:02 [INFO] Execution step: Duplicate Elimination (Datalog)
18:52:02 [INFO] Saved permanent table http://rulewerk.semantic-web.org/inferred/subClassOf (168) Permutation { idx_to_val: [], val_to_idx: [] } with 877 entries (18474)
18:52:02 [INFO] Rule duration: 1 ms
18:52:02 [INFO] <<< STEP 169: APPLYING RULE 41 http://rulewerk.semantic-web.org/inferred/subClassOf(?C, ?E) :- http://rulewerk.semantic-web.org/inferred/subClassOf(?C, ?D), http://rulewerk.semantic-web.org/normalForm/subClassOf(?D, ?E) >>>
18:52:02 [INFO] Execution step: Body
18:52:02 [INFO] Saved temporary table: 457 entries (14130)
18:52:02 [INFO] Execution step: Duplicate Elimination (Datalog)
18:52:02 [INFO] Saved permanent table http://rulewerk.semantic-web.org/inferred/subClassOf (169) Permutation { idx_to_val: [], val_to_idx: [] } with 457 entries (14178)
18:52:02 [INFO] Rule duration: 0 ms
18:52:02 [INFO] <<< STEP 170: APPLYING RULE 41 http://rulewerk.semantic-web.org/inferred/subClassOf(?C, ?E) :- http://rulewerk.semantic-web.org/inferred/subClassOf(?C, ?D), http://rulewerk.semantic-web.org/normalForm/subClassOf(?D, ?E) >>>
18:52:02 [INFO] Execution step: Body
18:52:02 [INFO] Saved temporary table: 312 entries (11690)
18:52:02 [INFO] Execution step: Duplicate Elimination (Datalog)
18:52:02 [INFO] Saved permanent table http://rulewerk.semantic-web.org/inferred/subClassOf (170) Permutation { idx_to_val: [], val_to_idx: [] } with 312 entries (11738)
18:52:02 [INFO] Rule duration: 0 ms
18:52:02 [INFO] <<< STEP 171: APPLYING RULE 41 http://rulewerk.semantic-web.org/inferred/subClassOf(?C, ?E) :- http://rulewerk.semantic-web.org/inferred/subClassOf(?C, ?D), http://rulewerk.semantic-web.org/normalForm/subClassOf(?D, ?E) >>>
18:52:02 [INFO] Execution step: Body
18:52:02 [INFO] Saved temporary table: 171 entries (9698)
18:52:02 [INFO] Execution step: Duplicate Elimination (Datalog)
18:52:02 [INFO] Saved permanent table http://rulewerk.semantic-web.org/inferred/subClassOf (171) Permutation { idx_to_val: [], val_to_idx: [] } with 171 entries (9746)
18:52:02 [INFO] Rule duration: 0 ms
18:52:02 [INFO] <<< STEP 172: APPLYING RULE 41 http://rulewerk.semantic-web.org/inferred/subClassOf(?C, ?E) :- http://rulewerk.semantic-web.org/inferred/subClassOf(?C, ?D), http://rulewerk.semantic-web.org/normalForm/subClassOf(?D, ?E) >>>
18:52:02 [INFO] Execution step: Body
18:52:02 [INFO] Saved temporary table: 47 entries (9432)
18:52:02 [INFO] Execution step: Duplicate Elimination (Datalog)
18:52:02 [INFO] Saved permanent table http://rulewerk.semantic-web.org/inferred/subClassOf (172) Permutation { idx_to_val: [], val_to_idx: [] } with 47 entries (9480)
18:52:02 [INFO] Rule duration: 0 ms
18:52:02 [INFO] <<< STEP 173: APPLYING RULE 41 http://rulewerk.semantic-web.org/inferred/subClassOf(?C, ?E) :- http://rulewerk.semantic-web.org/inferred/subClassOf(?C, ?D), http://rulewerk.semantic-web.org/normalForm/subClassOf(?D, ?E) >>>
18:52:02 [INFO] Execution step: Body
18:52:02 [INFO] Saved temporary table: 31 entries (8536)
18:52:02 [INFO] Execution step: Duplicate Elimination (Datalog)
18:52:02 [INFO] Saved permanent table http://rulewerk.semantic-web.org/inferred/subClassOf (173) Permutation { idx_to_val: [], val_to_idx: [] } with 31 entries (8584)
18:52:02 [INFO] Rule duration: 0 ms
18:52:02 [INFO] <<< STEP 174: APPLYING RULE 41 http://rulewerk.semantic-web.org/inferred/subClassOf(?C, ?E) :- http://rulewerk.semantic-web.org/inferred/subClassOf(?C, ?D), http://rulewerk.semantic-web.org/normalForm/subClassOf(?D, ?E) >>>
18:52:02 [INFO] Execution step: Body
18:52:02 [INFO] Saved temporary table: 11 entries (7416)
18:52:02 [INFO] Execution step: Duplicate Elimination (Datalog)
18:52:02 [INFO] Saved permanent table http://rulewerk.semantic-web.org/inferred/subClassOf (174) Permutation { idx_to_val: [], val_to_idx: [] } with 11 entries (7464)
18:52:02 [INFO] Rule duration: 0 ms
18:52:02 [INFO] Execution step: Combining Tables
18:52:02 [INFO] Saved permanent table http://rulewerk.semantic-web.org/inferred/subClassOf (168-176) Permutation { idx_to_val: [], val_to_idx: [] } with 1906 entries (22590)
18:52:02 [INFO] <<< STEP 175: APPLYING RULE 41 http://rulewerk.semantic-web.org/inferred/subClassOf(?C, ?E) :- http://rulewerk.semantic-web.org/inferred/subClassOf(?C, ?D), http://rulewerk.semantic-web.org/normalForm/subClassOf(?D, ?E) >>>
18:52:02 [INFO] Execution step: Body
18:52:02 [INFO] Saved temporary table: 2 entries (6912)
18:52:02 [INFO] Execution step: Duplicate Elimination (Datalog)
18:52:02 [INFO] Saved permanent table http://rulewerk.semantic-web.org/inferred/subClassOf (175) Permutation { idx_to_val: [], val_to_idx: [] } with 2 entries (6960)
18:52:02 [INFO] Rule duration: 0 ms
18:52:02 [INFO] <<< STEP 176: APPLYING RULE 41 http://rulewerk.semantic-web.org/inferred/subClassOf(?C, ?E) :- http://rulewerk.semantic-web.org/inferred/subClassOf(?C, ?D), http://rulewerk.semantic-web.org/normalForm/subClassOf(?D, ?E) >>>
18:52:02 [INFO] Execution step: Body
18:52:02 [INFO] Trie does not contain any elements
18:52:02 [INFO] Execution step: Duplicate Elimination (Datalog)
18:52:02 [INFO] Trie does not contain any elements
18:52:02 [INFO] Rule duration: 0 ms
18:52:02 [INFO] <<< STEP 177: APPLYING RULE 42 http://rulewerk.semantic-web.org/inferred/subClassOf(?E, "<http://www.w3.org/2002/07/owl#Nothing>") :- http://rulewerk.semantic-web.org/inferred/ex(?E, ?R, ?C), http://rulewerk.semantic-web.org/inferred/subClassOf(?C, ?_BODY_1), Equal(?_BODY_1, "<http://www.w3.org/2002/07/owl#Nothing>") >>>
18:52:02 [INFO] Execution step: Body
18:52:02 [INFO] Trie does not contain any elements
18:52:02 [INFO] Execution step: Duplicate Elimination (Datalog)
18:52:02 [INFO] Trie does not contain any elements
18:52:02 [INFO] Rule duration: 0 ms
18:52:02 [INFO] <<< STEP 178: APPLYING RULE 33 http://rulewerk.semantic-web.org/inferred/init(?C) :- http://rulewerk.semantic-web.org/inferred/ex(?E, ?R, ?C) >>>
18:52:02 [INFO] Execution step: Body
18:52:02 [INFO] Trie does not contain any elements
18:52:02 [INFO] Execution step: Duplicate Elimination (Datalog)
18:52:02 [INFO] Trie does not contain any elements
18:52:02 [INFO] Rule duration: 0 ms
18:52:02 [INFO] <<< STEP 179: APPLYING RULE 34 http://rulewerk.semantic-web.org/inferred/subClassOf(?C, ?C) :- http://rulewerk.semantic-web.org/inferred/init(?C) >>>
18:52:02 [INFO] Execution step: Body
18:52:02 [INFO] Trie does not contain any elements
18:52:02 [INFO] Execution step: Duplicate Elimination (Datalog)
18:52:02 [INFO] Trie does not contain any elements
18:52:02 [INFO] Rule duration: 0 ms
18:52:02 [INFO] <<< STEP 180: APPLYING RULE 36 http://rulewerk.semantic-web.org/inferred/subClassOf(?C, ?D1), http://rulewerk.semantic-web.org/inferred/subClassOf(?C, ?D2) :- http://rulewerk.semantic-web.org/inferred/subClassOf(?C, ?Y), http://rulewerk.semantic-web.org/normalForm/conj(?Y, ?D1, ?D2) >>>
18:52:02 [INFO] Execution step: Body
18:52:02 [INFO] Saved temporary table: 13819 entries (117740)
18:52:02 [INFO] Saved temporary table: 13819 entries (117740)
18:52:02 [INFO] Execution step: Duplicate Elimination (Datalog)
18:52:02 [INFO] Saved permanent table http://rulewerk.semantic-web.org/inferred/subClassOf (180) Permutation { idx_to_val: [], val_to_idx: [] } with 27638 entries (173064)
18:52:02 [INFO] Rule duration: 27 ms
18:52:02 [INFO] <<< STEP 181: APPLYING RULE 36 http://rulewerk.semantic-web.org/inferred/subClassOf(?C, ?D1), http://rulewerk.semantic-web.org/inferred/subClassOf(?C, ?D2) :- http://rulewerk.semantic-web.org/inferred/subClassOf(?C, ?Y), http://rulewerk.semantic-web.org/normalForm/conj(?Y, ?D1, ?D2) >>>
18:52:02 [INFO] Execution step: Body
18:52:02 [INFO] Saved temporary table: 1521 entries (19370)
18:52:02 [INFO] Saved temporary table: 1521 entries (19370)
18:52:02 [INFO] Execution step: Duplicate Elimination (Datalog)
18:52:02 [INFO] Saved permanent table http://rulewerk.semantic-web.org/inferred/subClassOf (181) Permutation { idx_to_val: [], val_to_idx: [] } with 3042 entries (25502)
18:52:02 [INFO] Rule duration: 11 ms
18:52:02 [INFO] <<< STEP 182: APPLYING RULE 36 http://rulewerk.semantic-web.org/inferred/subClassOf(?C, ?D1), http://rulewerk.semantic-web.org/inferred/subClassOf(?C, ?D2) :- http://rulewerk.semantic-web.org/inferred/subClassOf(?C, ?Y), http://rulewerk.semantic-web.org/normalForm/conj(?Y, ?D1, ?D2) >>>
18:52:02 [INFO] Execution step: Body
18:52:02 [INFO] Saved temporary table: 339 entries (9900)
18:52:02 [INFO] Saved temporary table: 339 entries (9900)
18:52:02 [INFO] Execution step: Duplicate Elimination (Datalog)
18:52:03 [INFO] Saved permanent table http://rulewerk.semantic-web.org/inferred/subClassOf (182) Permutation { idx_to_val: [], val_to_idx: [] } with 678 entries (11304)
18:52:03 [INFO] Rule duration: 1 ms
18:52:03 [INFO] <<< STEP 183: APPLYING RULE 36 http://rulewerk.semantic-web.org/inferred/subClassOf(?C, ?D1), http://rulewerk.semantic-web.org/inferred/subClassOf(?C, ?D2) :- http://rulewerk.semantic-web.org/inferred/subClassOf(?C, ?Y), http://rulewerk.semantic-web.org/normalForm/conj(?Y, ?D1, ?D2) >>>
18:52:03 [INFO] Execution step: Body
18:52:03 [INFO] Saved temporary table: 27 entries (8312)
18:52:03 [INFO] Saved temporary table: 27 entries (8312)
18:52:03 [INFO] Execution step: Duplicate Elimination (Datalog)
18:52:03 [INFO] Saved permanent table http://rulewerk.semantic-web.org/inferred/subClassOf (183) Permutation { idx_to_val: [], val_to_idx: [] } with 54 entries (8468)
18:52:03 [INFO] Rule duration: 0 ms
18:52:03 [INFO] <<< STEP 184: APPLYING RULE 36 http://rulewerk.semantic-web.org/inferred/subClassOf(?C, ?D1), http://rulewerk.semantic-web.org/inferred/subClassOf(?C, ?D2) :- http://rulewerk.semantic-web.org/inferred/subClassOf(?C, ?Y), http://rulewerk.semantic-web.org/normalForm/conj(?Y, ?D1, ?D2) >>>
18:52:03 [INFO] Execution step: Body
18:52:03 [INFO] Saved temporary table: 3 entries (6968)
18:52:03 [INFO] Saved temporary table: 3 entries (6968)
18:52:03 [INFO] Execution step: Duplicate Elimination (Datalog)
18:52:03 [INFO] Saved permanent table http://rulewerk.semantic-web.org/inferred/subClassOf (184) Permutation { idx_to_val: [], val_to_idx: [] } with 6 entries (7028)
18:52:03 [INFO] Rule duration: 0 ms
18:52:03 [INFO] <<< STEP 185: APPLYING RULE 36 http://rulewerk.semantic-web.org/inferred/subClassOf(?C, ?D1), http://rulewerk.semantic-web.org/inferred/subClassOf(?C, ?D2) :- http://rulewerk.semantic-web.org/inferred/subClassOf(?C, ?Y), http://rulewerk.semantic-web.org/normalForm/conj(?Y, ?D1, ?D2) >>>
18:52:03 [INFO] Execution step: Body
18:52:03 [INFO] Trie does not contain any elements
18:52:03 [INFO] Trie does not contain any elements
18:52:03 [INFO] Execution step: Duplicate Elimination (Datalog)
18:52:03 [INFO] Trie does not contain any elements
18:52:03 [INFO] Rule duration: 0 ms
18:52:03 [INFO] <<< STEP 186: APPLYING RULE 37 http://rulewerk.semantic-web.org/inferred/subClassOf(?C, ?I) :- http://rulewerk.semantic-web.org/inferred/subClassOf(?C, ?D1), http://rulewerk.semantic-web.org/inferred/subClassOf(?C, ?D2), http://rulewerk.semantic-web.org/normalForm/conj(?I, ?D1, ?D2), http://rulewerk.semantic-web.org/normalForm/isSubClass(?I) >>>
18:52:03 [INFO] Execution step: Body
18:52:03 [INFO] Saved temporary table: 38256 entries (397910)
18:52:03 [INFO] Execution step: Duplicate Elimination (Datalog)
18:52:03 [INFO] Saved permanent table http://rulewerk.semantic-web.org/inferred/subClassOf (186) Permutation { idx_to_val: [], val_to_idx: [] } with 22547 entries (197230)
18:52:03 [INFO] Rule duration: 96 ms
18:52:03 [INFO] <<< STEP 187: APPLYING RULE 37 http://rulewerk.semantic-web.org/inferred/subClassOf(?C, ?I) :- http://rulewerk.semantic-web.org/inferred/subClassOf(?C, ?D1), http://rulewerk.semantic-web.org/inferred/subClassOf(?C, ?D2), http://rulewerk.semantic-web.org/normalForm/conj(?I, ?D1, ?D2), http://rulewerk.semantic-web.org/normalForm/isSubClass(?I) >>>
18:52:03 [INFO] Execution step: Body
18:52:03 [INFO] Saved temporary table: 597 entries (12076)
18:52:03 [INFO] Execution step: Duplicate Elimination (Datalog)
18:52:03 [INFO] Saved permanent table http://rulewerk.semantic-web.org/inferred/subClassOf (187) Permutation { idx_to_val: [], val_to_idx: [] } with 597 entries (12124)
18:52:03 [INFO] Rule duration: 11 ms
18:52:03 [INFO] Execution step: Combining Tables
18:52:03 [INFO] Saved permanent table http://rulewerk.semantic-web.org/inferred/subClassOf (176-189) Permutation { idx_to_val: [], val_to_idx: [] } with 54562 entries (463182)
18:52:03 [INFO] <<< STEP 188: APPLYING RULE 37 http://rulewerk.semantic-web.org/inferred/subClassOf(?C, ?I) :- http://rulewerk.semantic-web.org/inferred/subClassOf(?C, ?D1), http://rulewerk.semantic-web.org/inferred/subClassOf(?C, ?D2), http://rulewerk.semantic-web.org/normalForm/conj(?I, ?D1, ?D2), http://rulewerk.semantic-web.org/normalForm/isSubClass(?I) >>>
18:52:03 [INFO] Execution step: Body
18:52:03 [INFO] Saved temporary table: 13 entries (7528)
18:52:03 [INFO] Execution step: Duplicate Elimination (Datalog)
18:52:03 [INFO] Saved permanent table http://rulewerk.semantic-web.org/inferred/subClassOf (188) Permutation { idx_to_val: [], val_to_idx: [] } with 13 entries (7576)
18:52:03 [INFO] Rule duration: 3 ms
18:52:03 [INFO] <<< STEP 189: APPLYING RULE 37 http://rulewerk.semantic-web.org/inferred/subClassOf(?C, ?I) :- http://rulewerk.semantic-web.org/inferred/subClassOf(?C, ?D1), http://rulewerk.semantic-web.org/inferred/subClassOf(?C, ?D2), http://rulewerk.semantic-web.org/normalForm/conj(?I, ?D1, ?D2), http://rulewerk.semantic-web.org/normalForm/isSubClass(?I) >>>
18:52:03 [INFO] Execution step: Body
18:52:03 [INFO] Trie does not contain any elements
18:52:03 [INFO] Execution step: Duplicate Elimination (Datalog)
18:52:03 [INFO] Trie does not contain any elements
18:52:03 [INFO] Rule duration: 3 ms
18:52:03 [INFO] <<< STEP 190: APPLYING RULE 38 http://rulewerk.semantic-web.org/inferred/ex(?E, ?R, ?C) :- http://rulewerk.semantic-web.org/inferred/subClassOf(?E, ?Y), http://rulewerk.semantic-web.org/normalForm/exists(?Y, ?R, ?C) >>>
18:52:03 [INFO] Execution step: Body
18:52:03 [INFO] Saved temporary table: 56942 entries (1066076)
18:52:03 [INFO] Execution step: Duplicate Elimination (Datalog)
18:52:03 [INFO] Saved permanent table http://rulewerk.semantic-web.org/inferred/ex (190) Permutation { idx_to_val: [], val_to_idx: [] } with 56942 entries (1066124)
18:52:03 [INFO] Rule duration: 39 ms
18:52:03 [INFO] <<< STEP 191: APPLYING RULE 39 http://rulewerk.semantic-web.org/inferred/subClassOf(?E, ?Y) :- http://rulewerk.semantic-web.org/inferred/ex(?E, ?R, ?C), http://rulewerk.semantic-web.org/inferred/subClassOf(?C, ?D), http://rulewerk.semantic-web.org/normalForm/subProp(?R, ?S), http://rulewerk.semantic-web.org/normalForm/exists(?Y, ?S, ?D), http://rulewerk.semantic-web.org/normalForm/isSubClass(?Y) >>>
18:52:03 [INFO] Execution step: Body
18:52:03 [INFO] Saved temporary table: 80403 entries (542294)
18:52:03 [INFO] Execution step: Duplicate Elimination (Datalog)
18:52:03 [INFO] Saved permanent table http://rulewerk.semantic-web.org/inferred/subClassOf (191) Permutation { idx_to_val: [], val_to_idx: [] } with 50490 entries (355430)
18:52:03 [INFO] Rule duration: 165 ms
18:52:03 [INFO] <<< STEP 192: APPLYING RULE 39 http://rulewerk.semantic-web.org/inferred/subClassOf(?E, ?Y) :- http://rulewerk.semantic-web.org/inferred/ex(?E, ?R, ?C), http://rulewerk.semantic-web.org/inferred/subClassOf(?C, ?D), http://rulewerk.semantic-web.org/normalForm/subProp(?R, ?S), http://rulewerk.semantic-web.org/normalForm/exists(?Y, ?S, ?D), http://rulewerk.semantic-web.org/normalForm/isSubClass(?Y) >>>
18:52:03 [INFO] Execution step: Body
18:52:03 [INFO] Trie does not contain any elements
18:52:03 [INFO] Execution step: Duplicate Elimination (Datalog)
18:52:03 [INFO] Trie does not contain any elements
18:52:03 [INFO] Rule duration: 14 ms
18:52:03 [INFO] <<< STEP 193: APPLYING RULE 40 http://rulewerk.semantic-web.org/inferred/ex(?E, ?S, ?D) :- http://rulewerk.semantic-web.org/inferred/ex(?E, ?R1, ?C), http://rulewerk.semantic-web.org/inferred/ex(?C, ?R2, ?D), http://rulewerk.semantic-web.org/normalForm/subProp(?R1, ?S1), http://rulewerk.semantic-web.org/normalForm/subProp(?R2, ?S2), http://rulewerk.semantic-web.org/normalForm/subPropChain(?S1, ?S2, ?S) >>>
18:52:03 [INFO] Execution step: Body
18:52:03 [INFO] Trie does not contain any elements
18:52:03 [INFO] Execution step: Duplicate Elimination (Datalog)
18:52:03 [INFO] Trie does not contain any elements
18:52:03 [INFO] Rule duration: 21 ms
18:52:03 [INFO] <<< STEP 194: APPLYING RULE 41 http://rulewerk.semantic-web.org/inferred/subClassOf(?C, ?E) :- http://rulewerk.semantic-web.org/inferred/subClassOf(?C, ?D), http://rulewerk.semantic-web.org/normalForm/subClassOf(?D, ?E) >>>
18:52:03 [INFO] Execution step: Body
18:52:03 [INFO] Saved temporary table: 42314 entries (413986)
18:52:03 [INFO] Execution step: Duplicate Elimination (Datalog)
18:52:03 [INFO] Saved permanent table http://rulewerk.semantic-web.org/inferred/subClassOf (194) Permutation { idx_to_val: [], val_to_idx: [] } with 42263 entries (413830)
18:52:03 [INFO] Rule duration: 49 ms
18:52:03 [INFO] <<< STEP 195: APPLYING RULE 41 http://rulewerk.semantic-web.org/inferred/subClassOf(?C, ?E) :- http://rulewerk.semantic-web.org/inferred/subClassOf(?C, ?D), http://rulewerk.semantic-web.org/normalForm/subClassOf(?D, ?E) >>>
18:52:03 [INFO] Execution step: Body
18:52:03 [INFO] Saved temporary table: 46744 entries (431706)
18:52:03 [INFO] Execution step: Duplicate Elimination (Datalog)
18:52:03 [INFO] Saved permanent table http://rulewerk.semantic-web.org/inferred/subClassOf (195) Permutation { idx_to_val: [], val_to_idx: [] } with 20299 entries (227286)
18:52:03 [INFO] Rule duration: 44 ms
18:52:03 [INFO] <<< STEP 196: APPLYING RULE 41 http://rulewerk.semantic-web.org/inferred/subClassOf(?C, ?E) :- http://rulewerk.semantic-web.org/inferred/subClassOf(?C, ?D), http://rulewerk.semantic-web.org/normalForm/subClassOf(?D, ?E) >>>
18:52:03 [INFO] Execution step: Body
18:52:03 [INFO] Saved temporary table: 12074 entries (165946)
18:52:03 [INFO] Execution step: Duplicate Elimination (Datalog)
18:52:03 [INFO] Saved permanent table http://rulewerk.semantic-web.org/inferred/subClassOf (196) Permutation { idx_to_val: [], val_to_idx: [] } with 11687 entries (161506)
18:52:03 [INFO] Rule duration: 18 ms
18:52:03 [INFO] <<< STEP 197: APPLYING RULE 41 http://rulewerk.semantic-web.org/inferred/subClassOf(?C, ?E) :- http://rulewerk.semantic-web.org/inferred/subClassOf(?C, ?D), http://rulewerk.semantic-web.org/normalForm/subClassOf(?D, ?E) >>>
18:52:03 [INFO] Execution step: Body
18:52:03 [INFO] Saved temporary table: 14149 entries (168102)
18:52:03 [INFO] Execution step: Duplicate Elimination (Datalog)
18:52:03 [INFO] Saved permanent table http://rulewerk.semantic-web.org/inferred/subClassOf (197) Permutation { idx_to_val: [], val_to_idx: [] } with 14012 entries (167386)
18:52:03 [INFO] Rule duration: 16 ms
18:52:03 [INFO] <<< STEP 198: APPLYING RULE 41 http://rulewerk.semantic-web.org/inferred/subClassOf(?C, ?E) :- http://rulewerk.semantic-web.org/inferred/subClassOf(?C, ?D), http://rulewerk.semantic-web.org/normalForm/subClassOf(?D, ?E) >>>
18:52:03 [INFO] Execution step: Body
18:52:03 [INFO] Saved temporary table: 10900 entries (152838)
18:52:03 [INFO] Execution step: Duplicate Elimination (Datalog)
18:52:03 [INFO] Saved permanent table http://rulewerk.semantic-web.org/inferred/subClassOf (198) Permutation { idx_to_val: [], val_to_idx: [] } with 10605 entries (151682)
18:52:03 [INFO] Rule duration: 16 ms
18:52:03 [INFO] <<< STEP 199: APPLYING RULE 41 http://rulewerk.semantic-web.org/inferred/subClassOf(?C, ?E) :- http://rulewerk.semantic-web.org/inferred/subClassOf(?C, ?D), http://rulewerk.semantic-web.org/normalForm/subClassOf(?D, ?E) >>>
18:52:03 [INFO] Execution step: Body
18:52:03 [INFO] Saved temporary table: 6992 entries (106006)
18:52:03 [INFO] Execution step: Duplicate Elimination (Datalog)
18:52:03 [INFO] Saved permanent table http://rulewerk.semantic-web.org/inferred/subClassOf (199) Permutation { idx_to_val: [], val_to_idx: [] } with 6791 entries (105250)
18:52:03 [INFO] Rule duration: 11 ms
18:52:03 [INFO] Execution step: Combining Tables
18:52:03 [INFO] Saved permanent table http://rulewerk.semantic-web.org/inferred/subClassOf (189-201) Permutation { idx_to_val: [], val_to_idx: [] } with 156147 entries (870866)
18:52:03 [INFO] <<< STEP 200: APPLYING RULE 41 http://rulewerk.semantic-web.org/inferred/subClassOf(?C, ?E) :- http://rulewerk.semantic-web.org/inferred/subClassOf(?C, ?D), http://rulewerk.semantic-web.org/normalForm/subClassOf(?D, ?E) >>>
18:52:03 [INFO] Execution step: Body
18:52:03 [INFO] Saved temporary table: 6614 entries (98230)
18:52:03 [INFO] Execution step: Duplicate Elimination (Datalog)
18:52:03 [INFO] Saved permanent table http://rulewerk.semantic-web.org/inferred/subClassOf (200) Permutation { idx_to_val: [], val_to_idx: [] } with 6439 entries (97578)
18:52:03 [INFO] Rule duration: 10 ms
18:52:03 [INFO] <<< STEP 201: APPLYING RULE 41 http://rulewerk.semantic-web.org/inferred/subClassOf(?C, ?E) :- http://rulewerk.semantic-web.org/inferred/subClassOf(?C, ?D), http://rulewerk.semantic-web.org/normalForm/subClassOf(?D, ?E) >>>
18:52:03 [INFO] Execution step: Body
18:52:03 [INFO] Saved temporary table: 3654 entries (61250)
18:52:03 [INFO] Execution step: Duplicate Elimination (Datalog)
18:52:03 [INFO] Saved permanent table http://rulewerk.semantic-web.org/inferred/subClassOf (201) Permutation { idx_to_val: [], val_to_idx: [] } with 3636 entries (61226)
18:52:03 [INFO] Rule duration: 8 ms
18:52:03 [INFO] <<< STEP 202: APPLYING RULE 41 http://rulewerk.semantic-web.org/inferred/subClassOf(?C, ?E) :- http://rulewerk.semantic-web.org/inferred/subClassOf(?C, ?D), http://rulewerk.semantic-web.org/normalForm/subClassOf(?D, ?E) >>>
18:52:03 [INFO] Execution step: Body
18:52:03 [INFO] Saved temporary table: 3460 entries (50538)
18:52:03 [INFO] Execution step: Duplicate Elimination (Datalog)
18:52:03 [INFO] Saved permanent table http://rulewerk.semantic-web.org/inferred/subClassOf (202) Permutation { idx_to_val: [], val_to_idx: [] } with 3460 entries (50586)
18:52:03 [INFO] Rule duration: 5 ms
18:52:03 [INFO] <<< STEP 203: APPLYING RULE 41 http://rulewerk.semantic-web.org/inferred/subClassOf(?C, ?E) :- http://rulewerk.semantic-web.org/inferred/subClassOf(?C, ?D), http://rulewerk.semantic-web.org/normalForm/subClassOf(?D, ?E) >>>
18:52:03 [INFO] Execution step: Body
18:52:03 [INFO] Saved temporary table: 2411 entries (42082)
18:52:03 [INFO] Execution step: Duplicate Elimination (Datalog)
18:52:03 [INFO] Saved permanent table http://rulewerk.semantic-web.org/inferred/subClassOf (203) Permutation { idx_to_val: [], val_to_idx: [] } with 2411 entries (42130)
18:52:03 [INFO] Rule duration: 5 ms
18:52:03 [INFO] <<< STEP 204: APPLYING RULE 41 http://rulewerk.semantic-web.org/inferred/subClassOf(?C, ?E) :- http://rulewerk.semantic-web.org/inferred/subClassOf(?C, ?D), http://rulewerk.semantic-web.org/normalForm/subClassOf(?D, ?E) >>>
18:52:03 [INFO] Execution step: Body
18:52:03 [INFO] Saved temporary table: 1437 entries (28058)
18:52:03 [INFO] Execution step: Duplicate Elimination (Datalog)
18:52:03 [INFO] Saved permanent table http://rulewerk.semantic-web.org/inferred/subClassOf (204) Permutation { idx_to_val: [], val_to_idx: [] } with 1437 entries (28106)
18:52:03 [INFO] Rule duration: 3 ms
18:52:03 [INFO] <<< STEP 205: APPLYING RULE 41 http://rulewerk.semantic-web.org/inferred/subClassOf(?C, ?E) :- http://rulewerk.semantic-web.org/inferred/subClassOf(?C, ?D), http://rulewerk.semantic-web.org/normalForm/subClassOf(?D, ?E) >>>
18:52:03 [INFO] Execution step: Body
18:52:03 [INFO] Saved temporary table: 1137 entries (23306)
18:52:03 [INFO] Execution step: Duplicate Elimination (Datalog)
18:52:03 [INFO] Saved permanent table http://rulewerk.semantic-web.org/inferred/subClassOf (205) Permutation { idx_to_val: [], val_to_idx: [] } with 1137 entries (23354)
18:52:03 [INFO] Rule duration: 2 ms
18:52:03 [INFO] <<< STEP 206: APPLYING RULE 41 http://rulewerk.semantic-web.org/inferred/subClassOf(?C, ?E) :- http://rulewerk.semantic-web.org/inferred/subClassOf(?C, ?D), http://rulewerk.semantic-web.org/normalForm/subClassOf(?D, ?E) >>>
18:52:03 [INFO] Execution step: Body
18:52:03 [INFO] Saved temporary table: 436 entries (10676)
18:52:03 [INFO] Execution step: Duplicate Elimination (Datalog)
18:52:03 [INFO] Saved permanent table http://rulewerk.semantic-web.org/inferred/subClassOf (206) Permutation { idx_to_val: [], val_to_idx: [] } with 436 entries (10724)
18:52:03 [INFO] Rule duration: 1 ms
18:52:03 [INFO] <<< STEP 207: APPLYING RULE 41 http://rulewerk.semantic-web.org/inferred/subClassOf(?C, ?E) :- http://rulewerk.semantic-web.org/inferred/subClassOf(?C, ?D), http://rulewerk.semantic-web.org/normalForm/subClassOf(?D, ?E) >>>
18:52:03 [INFO] Execution step: Body
18:52:03 [INFO] Saved temporary table: 243 entries (9132)
18:52:03 [INFO] Execution step: Duplicate Elimination (Datalog)
18:52:03 [INFO] Saved permanent table http://rulewerk.semantic-web.org/inferred/subClassOf (207) Permutation { idx_to_val: [], val_to_idx: [] } with 243 entries (9180)
18:52:03 [INFO] Rule duration: 1 ms
18:52:03 [INFO] Execution step: Combining Tables
18:52:03 [INFO] Saved permanent table http://rulewerk.semantic-web.org/inferred/subClassOf (201-209) Permutation { idx_to_val: [], val_to_idx: [] } with 12760 entries (97722)
18:52:03 [INFO] <<< STEP 208: APPLYING RULE 41 http://rulewerk.semantic-web.org/inferred/subClassOf(?C, ?E) :- http://rulewerk.semantic-web.org/inferred/subClassOf(?C, ?D), http://rulewerk.semantic-web.org/normalForm/subClassOf(?D, ?E) >>>
18:52:03 [INFO] Execution step: Body
18:52:03 [INFO] Saved temporary table: 273 entries (9986)
18:52:03 [INFO] Execution step: Duplicate Elimination (Datalog)
18:52:03 [INFO] Saved permanent table http://rulewerk.semantic-web.org/inferred/subClassOf (208) Permutation { idx_to_val: [], val_to_idx: [] } with 273 entries (10034)
18:52:03 [INFO] Rule duration: 0 ms
18:52:03 [INFO] <<< STEP 209: APPLYING RULE 41 http://rulewerk.semantic-web.org/inferred/subClassOf(?C, ?E) :- http://rulewerk.semantic-web.org/inferred/subClassOf(?C, ?D), http://rulewerk.semantic-web.org/normalForm/subClassOf(?D, ?E) >>>
18:52:03 [INFO] Execution step: Body
18:52:03 [INFO] Saved temporary table: 63 entries (7502)
18:52:03 [INFO] Execution step: Duplicate Elimination (Datalog)
18:52:03 [INFO] Saved permanent table http://rulewerk.semantic-web.org/inferred/subClassOf (209) Permutation { idx_to_val: [], val_to_idx: [] } with 63 entries (7550)
18:52:03 [INFO] Rule duration: 0 ms
18:52:03 [INFO] <<< STEP 210: APPLYING RULE 41 http://rulewerk.semantic-web.org/inferred/subClassOf(?C, ?E) :- http://rulewerk.semantic-web.org/inferred/subClassOf(?C, ?D), http://rulewerk.semantic-web.org/normalForm/subClassOf(?D, ?E) >>>
18:52:03 [INFO] Execution step: Body
18:52:03 [INFO] Saved temporary table: 63 entries (7502)
18:52:03 [INFO] Execution step: Duplicate Elimination (Datalog)
18:52:03 [INFO] Saved permanent table http://rulewerk.semantic-web.org/inferred/subClassOf (210) Permutation { idx_to_val: [], val_to_idx: [] } with 63 entries (7550)
18:52:03 [INFO] Rule duration: 0 ms
18:52:03 [INFO] <<< STEP 211: APPLYING RULE 41 http://rulewerk.semantic-web.org/inferred/subClassOf(?C, ?E) :- http://rulewerk.semantic-web.org/inferred/subClassOf(?C, ?D), http://rulewerk.semantic-web.org/normalForm/subClassOf(?D, ?E) >>>
18:52:03 [INFO] Execution step: Body
18:52:03 [INFO] Saved temporary table: 189 entries (8196)
18:52:03 [INFO] Execution step: Duplicate Elimination (Datalog)
18:52:03 [INFO] Saved permanent table http://rulewerk.semantic-web.org/inferred/subClassOf (211) Permutation { idx_to_val: [], val_to_idx: [] } with 189 entries (8244)
18:52:03 [INFO] Rule duration: 0 ms
18:52:03 [INFO] <<< STEP 212: APPLYING RULE 41 http://rulewerk.semantic-web.org/inferred/subClassOf(?C, ?E) :- http://rulewerk.semantic-web.org/inferred/subClassOf(?C, ?D), http://rulewerk.semantic-web.org/normalForm/subClassOf(?D, ?E) >>>
18:52:03 [INFO] Execution step: Body
18:52:03 [INFO] Saved temporary table: 63 entries (7502)
18:52:03 [INFO] Execution step: Duplicate Elimination (Datalog)
18:52:03 [INFO] Saved permanent table http://rulewerk.semantic-web.org/inferred/subClassOf (212) Permutation { idx_to_val: [], val_to_idx: [] } with 63 entries (7550)
18:52:03 [INFO] Rule duration: 0 ms
18:52:03 [INFO] <<< STEP 213: APPLYING RULE 41 http://rulewerk.semantic-web.org/inferred/subClassOf(?C, ?E) :- http://rulewerk.semantic-web.org/inferred/subClassOf(?C, ?D), http://rulewerk.semantic-web.org/normalForm/subClassOf(?D, ?E) >>>
18:52:03 [INFO] Execution step: Body
18:52:03 [INFO] Saved temporary table: 63 entries (7502)
18:52:03 [INFO] Execution step: Duplicate Elimination (Datalog)
18:52:03 [INFO] Saved permanent table http://rulewerk.semantic-web.org/inferred/subClassOf (213) Permutation { idx_to_val: [], val_to_idx: [] } with 63 entries (7550)
18:52:03 [INFO] Rule duration: 0 ms
18:52:03 [INFO] <<< STEP 214: APPLYING RULE 41 http://rulewerk.semantic-web.org/inferred/subClassOf(?C, ?E) :- http://rulewerk.semantic-web.org/inferred/subClassOf(?C, ?D), http://rulewerk.semantic-web.org/normalForm/subClassOf(?D, ?E) >>>
18:52:03 [INFO] Execution step: Body
18:52:03 [INFO] Saved temporary table: 63 entries (7502)
18:52:03 [INFO] Execution step: Duplicate Elimination (Datalog)
18:52:03 [INFO] Saved permanent table http://rulewerk.semantic-web.org/inferred/subClassOf (214) Permutation { idx_to_val: [], val_to_idx: [] } with 63 entries (7550)
18:52:03 [INFO] Rule duration: 0 ms
18:52:03 [INFO] <<< STEP 215: APPLYING RULE 41 http://rulewerk.semantic-web.org/inferred/subClassOf(?C, ?E) :- http://rulewerk.semantic-web.org/inferred/subClassOf(?C, ?D), http://rulewerk.semantic-web.org/normalForm/subClassOf(?D, ?E) >>>
18:52:03 [INFO] Execution step: Body
18:52:03 [INFO] Trie does not contain any elements
18:52:03 [INFO] Execution step: Duplicate Elimination (Datalog)
18:52:03 [INFO] Trie does not contain any elements
18:52:03 [INFO] Rule duration: 0 ms
18:52:03 [INFO] <<< STEP 216: APPLYING RULE 42 http://rulewerk.semantic-web.org/inferred/subClassOf(?E, "<http://www.w3.org/2002/07/owl#Nothing>") :- http://rulewerk.semantic-web.org/inferred/ex(?E, ?R, ?C), http://rulewerk.semantic-web.org/inferred/subClassOf(?C, ?_BODY_1), Equal(?_BODY_1, "<http://www.w3.org/2002/07/owl#Nothing>") >>>
18:52:03 [INFO] Execution step: Body
18:52:03 [INFO] Trie does not contain any elements
18:52:03 [INFO] Execution step: Duplicate Elimination (Datalog)
18:52:03 [INFO] Trie does not contain any elements
18:52:03 [INFO] Rule duration: 23 ms
18:52:03 [INFO] <<< STEP 217: APPLYING RULE 33 http://rulewerk.semantic-web.org/inferred/init(?C) :- http://rulewerk.semantic-web.org/inferred/ex(?E, ?R, ?C) >>>
18:52:03 [INFO] Execution step: Body
18:52:03 [INFO] Saved temporary table: 8012 entries (35448)
18:52:03 [INFO] Execution step: Duplicate Elimination (Datalog)
18:52:03 [INFO] Saved permanent table http://rulewerk.semantic-web.org/inferred/init (217) Permutation { idx_to_val: [], val_to_idx: [] } with 2396 entries (13032)
18:52:03 [INFO] Rule duration: 11 ms
18:52:03 [INFO] <<< STEP 218: APPLYING RULE 34 http://rulewerk.semantic-web.org/inferred/subClassOf(?C, ?C) :- http://rulewerk.semantic-web.org/inferred/init(?C) >>>
18:52:03 [INFO] Execution step: Body
18:52:03 [INFO] Saved temporary table: 2396 entries (12984)
18:52:03 [INFO] Execution step: Duplicate Elimination (Datalog)
18:52:03 [INFO] Saved permanent table http://rulewerk.semantic-web.org/inferred/subClassOf (218) Permutation { idx_to_val: [], val_to_idx: [] } with 2396 entries (26404)
18:52:03 [INFO] Rule duration: 1 ms
18:52:03 [INFO] Execution step: Combining Tables
18:52:03 [INFO] Saved permanent table http://rulewerk.semantic-web.org/inferred/subClassOf (209-220) Permutation { idx_to_val: [], val_to_idx: [] } with 2900 entries (28690)
18:52:03 [INFO] <<< STEP 219: APPLYING RULE 36 http://rulewerk.semantic-web.org/inferred/subClassOf(?C, ?D1), http://rulewerk.semantic-web.org/inferred/subClassOf(?C, ?D2) :- http://rulewerk.semantic-web.org/inferred/subClassOf(?C, ?Y), http://rulewerk.semantic-web.org/normalForm/conj(?Y, ?D1, ?D2) >>>
18:52:03 [INFO] Execution step: Body
18:52:03 [INFO] Saved temporary table: 22756 entries (279546)
18:52:03 [INFO] Saved temporary table: 27543 entries (298694)
18:52:03 [INFO] Execution step: Duplicate Elimination (Datalog)
18:52:03 [INFO] Saved permanent table http://rulewerk.semantic-web.org/inferred/subClassOf (219) Permutation { idx_to_val: [], val_to_idx: [] } with 13982 entries (148654)
18:52:03 [INFO] Rule duration: 70 ms
18:52:03 [INFO] <<< STEP 220: APPLYING RULE 36 http://rulewerk.semantic-web.org/inferred/subClassOf(?C, ?D1), http://rulewerk.semantic-web.org/inferred/subClassOf(?C, ?D2) :- http://rulewerk.semantic-web.org/inferred/subClassOf(?C, ?Y), http://rulewerk.semantic-web.org/normalForm/conj(?Y, ?D1, ?D2) >>>
18:52:03 [INFO] Execution step: Body
18:52:03 [INFO] Saved temporary table: 703 entries (12812)
18:52:03 [INFO] Saved temporary table: 703 entries (12812)
18:52:03 [INFO] Execution step: Duplicate Elimination (Datalog)
18:52:03 [INFO] Saved permanent table http://rulewerk.semantic-web.org/inferred/subClassOf (220) Permutation { idx_to_val: [], val_to_idx: [] } with 1352 entries (21022)
18:52:03 [INFO] Rule duration: 12 ms
18:52:03 [INFO] <<< STEP 221: APPLYING RULE 36 http://rulewerk.semantic-web.org/inferred/subClassOf(?C, ?D1), http://rulewerk.semantic-web.org/inferred/subClassOf(?C, ?D2) :- http://rulewerk.semantic-web.org/inferred/subClassOf(?C, ?Y), http://rulewerk.semantic-web.org/normalForm/conj(?Y, ?D1, ?D2) >>>
18:52:03 [INFO] Execution step: Body
18:52:03 [INFO] Saved temporary table: 108 entries (8052)
18:52:03 [INFO] Saved temporary table: 108 entries (8052)
18:52:03 [INFO] Execution step: Duplicate Elimination (Datalog)
18:52:03 [INFO] Saved permanent table http://rulewerk.semantic-web.org/inferred/subClassOf (221) Permutation { idx_to_val: [], val_to_idx: [] } with 206 entries (9298)
18:52:03 [INFO] Rule duration: 2 ms
18:52:03 [INFO] <<< STEP 222: APPLYING RULE 36 http://rulewerk.semantic-web.org/inferred/subClassOf(?C, ?D1), http://rulewerk.semantic-web.org/inferred/subClassOf(?C, ?D2) :- http://rulewerk.semantic-web.org/inferred/subClassOf(?C, ?Y), http://rulewerk.semantic-web.org/normalForm/conj(?Y, ?D1, ?D2) >>>
18:52:03 [INFO] Execution step: Body
18:52:03 [INFO] Saved temporary table: 14 entries (7584)
18:52:03 [INFO] Saved temporary table: 14 entries (7584)
18:52:03 [INFO] Execution step: Duplicate Elimination (Datalog)
18:52:03 [INFO] Saved permanent table http://rulewerk.semantic-web.org/inferred/subClassOf (222) Permutation { idx_to_val: [], val_to_idx: [] } with 27 entries (7684)
18:52:03 [INFO] Rule duration: 0 ms
18:52:03 [INFO] <<< STEP 223: APPLYING RULE 36 http://rulewerk.semantic-web.org/inferred/subClassOf(?C, ?D1), http://rulewerk.semantic-web.org/inferred/subClassOf(?C, ?D2) :- http://rulewerk.semantic-web.org/inferred/subClassOf(?C, ?Y), http://rulewerk.semantic-web.org/normalForm/conj(?Y, ?D1, ?D2) >>>
18:52:03 [INFO] Execution step: Body
18:52:03 [INFO] Trie does not contain any elements
18:52:03 [INFO] Trie does not contain any elements
18:52:03 [INFO] Execution step: Duplicate Elimination (Datalog)
18:52:03 [INFO] Trie does not contain any elements
18:52:03 [INFO] Rule duration: 0 ms
18:52:03 [INFO] <<< STEP 224: APPLYING RULE 37 http://rulewerk.semantic-web.org/inferred/subClassOf(?C, ?I) :- http://rulewerk.semantic-web.org/inferred/subClassOf(?C, ?D1), http://rulewerk.semantic-web.org/inferred/subClassOf(?C, ?D2), http://rulewerk.semantic-web.org/normalForm/conj(?I, ?D1, ?D2), http://rulewerk.semantic-web.org/normalForm/isSubClass(?I) >>>
18:52:03 [INFO] Execution step: Body
18:52:03 [INFO] Saved temporary table: 57922 entries (467850)
18:52:03 [INFO] Execution step: Duplicate Elimination (Datalog)
18:52:04 [INFO] Saved permanent table http://rulewerk.semantic-web.org/inferred/subClassOf (224) Permutation { idx_to_val: [], val_to_idx: [] } with 50411 entries (382558)
18:52:04 [INFO] Rule duration: 336 ms
18:52:04 [INFO] <<< STEP 225: APPLYING RULE 37 http://rulewerk.semantic-web.org/inferred/subClassOf(?C, ?I) :- http://rulewerk.semantic-web.org/inferred/subClassOf(?C, ?D1), http://rulewerk.semantic-web.org/inferred/subClassOf(?C, ?D2), http://rulewerk.semantic-web.org/normalForm/conj(?I, ?D1, ?D2), http://rulewerk.semantic-web.org/normalForm/isSubClass(?I) >>>
18:52:04 [INFO] Execution step: Body
18:52:04 [INFO] Saved temporary table: 2094 entries (38306)
18:52:04 [INFO] Execution step: Duplicate Elimination (Datalog)
18:52:04 [INFO] Saved permanent table http://rulewerk.semantic-web.org/inferred/subClassOf (225) Permutation { idx_to_val: [], val_to_idx: [] } with 2094 entries (38354)
18:52:04 [INFO] Rule duration: 47 ms
18:52:04 [INFO] <<< STEP 226: APPLYING RULE 37 http://rulewerk.semantic-web.org/inferred/subClassOf(?C, ?I) :- http://rulewerk.semantic-web.org/inferred/subClassOf(?C, ?D1), http://rulewerk.semantic-web.org/inferred/subClassOf(?C, ?D2), http://rulewerk.semantic-web.org/normalForm/conj(?I, ?D1, ?D2), http://rulewerk.semantic-web.org/normalForm/isSubClass(?I) >>>
18:52:04 [INFO] Execution step: Body
18:52:04 [INFO] Saved temporary table: 26 entries (8204)
18:52:04 [INFO] Execution step: Duplicate Elimination (Datalog)
18:52:04 [INFO] Saved permanent table http://rulewerk.semantic-web.org/inferred/subClassOf (226) Permutation { idx_to_val: [], val_to_idx: [] } with 26 entries (8252)
18:52:04 [INFO] Rule duration: 12 ms
18:52:04 [INFO] <<< STEP 227: APPLYING RULE 37 http://rulewerk.semantic-web.org/inferred/subClassOf(?C, ?I) :- http://rulewerk.semantic-web.org/inferred/subClassOf(?C, ?D1), http://rulewerk.semantic-web.org/inferred/subClassOf(?C, ?D2), http://rulewerk.semantic-web.org/normalForm/conj(?I, ?D1, ?D2), http://rulewerk.semantic-web.org/normalForm/isSubClass(?I) >>>
18:52:04 [INFO] Execution step: Body
18:52:04 [INFO] Trie does not contain any elements
18:52:04 [INFO] Execution step: Duplicate Elimination (Datalog)
18:52:04 [INFO] Trie does not contain any elements
18:52:04 [INFO] Rule duration: 10 ms
18:52:04 [INFO] <<< STEP 228: APPLYING RULE 38 http://rulewerk.semantic-web.org/inferred/ex(?E, ?R, ?C) :- http://rulewerk.semantic-web.org/inferred/subClassOf(?E, ?Y), http://rulewerk.semantic-web.org/normalForm/exists(?Y, ?R, ?C) >>>
18:52:04 [INFO] Execution step: Body
18:52:04 [INFO] Saved temporary table: 81489 entries (1256340)
18:52:04 [INFO] Execution step: Duplicate Elimination (Datalog)
18:52:04 [INFO] Saved permanent table http://rulewerk.semantic-web.org/inferred/ex (228) Permutation { idx_to_val: [], val_to_idx: [] } with 81489 entries (1256388)
18:52:04 [INFO] Rule duration: 83 ms
18:52:04 [INFO] <<< STEP 229: APPLYING RULE 39 http://rulewerk.semantic-web.org/inferred/subClassOf(?E, ?Y) :- http://rulewerk.semantic-web.org/inferred/ex(?E, ?R, ?C), http://rulewerk.semantic-web.org/inferred/subClassOf(?C, ?D), http://rulewerk.semantic-web.org/normalForm/subProp(?R, ?S), http://rulewerk.semantic-web.org/normalForm/exists(?Y, ?S, ?D), http://rulewerk.semantic-web.org/normalForm/isSubClass(?Y) >>>
18:52:04 [INFO] Execution step: Body
18:52:04 [INFO] Saved temporary table: 133147 entries (770034)
18:52:04 [INFO] Execution step: Duplicate Elimination (Datalog)
18:52:04 [INFO] Saved permanent table http://rulewerk.semantic-web.org/inferred/subClassOf (229) Permutation { idx_to_val: [], val_to_idx: [] } with 54923 entries (393346)
18:52:04 [INFO] Rule duration: 411 ms
18:52:04 [INFO] Execution step: Combining Tables
18:52:04 [INFO] Saved permanent table http://rulewerk.semantic-web.org/inferred/subClassOf (220-231) Permutation { idx_to_val: [], val_to_idx: [] } with 109039 entries (675498)
18:52:04 [INFO] <<< STEP 230: APPLYING RULE 39 http://rulewerk.semantic-web.org/inferred/subClassOf(?E, ?Y) :- http://rulewerk.semantic-web.org/inferred/ex(?E, ?R, ?C), http://rulewerk.semantic-web.org/inferred/subClassOf(?C, ?D), http://rulewerk.semantic-web.org/normalForm/subProp(?R, ?S), http://rulewerk.semantic-web.org/normalForm/exists(?Y, ?S, ?D), http://rulewerk.semantic-web.org/normalForm/isSubClass(?Y) >>>
18:52:04 [INFO] Execution step: Body
18:52:04 [INFO] Trie does not contain any elements
18:52:04 [INFO] Execution step: Duplicate Elimination (Datalog)
18:52:04 [INFO] Trie does not contain any elements
18:52:04 [INFO] Rule duration: 13 ms
18:52:04 [INFO] <<< STEP 231: APPLYING RULE 40 http://rulewerk.semantic-web.org/inferred/ex(?E, ?S, ?D) :- http://rulewerk.semantic-web.org/inferred/ex(?E, ?R1, ?C), http://rulewerk.semantic-web.org/inferred/ex(?C, ?R2, ?D), http://rulewerk.semantic-web.org/normalForm/subProp(?R1, ?S1), http://rulewerk.semantic-web.org/normalForm/subProp(?R2, ?S2), http://rulewerk.semantic-web.org/normalForm/subPropChain(?S1, ?S2, ?S) >>>
18:52:04 [INFO] Execution step: Body
18:52:04 [INFO] Trie does not contain any elements
18:52:04 [INFO] Execution step: Duplicate Elimination (Datalog)
18:52:04 [INFO] Trie does not contain any elements
18:52:04 [INFO] Rule duration: 26 ms
18:52:04 [INFO] <<< STEP 232: APPLYING RULE 41 http://rulewerk.semantic-web.org/inferred/subClassOf(?C, ?E) :- http://rulewerk.semantic-web.org/inferred/subClassOf(?C, ?D), http://rulewerk.semantic-web.org/normalForm/subClassOf(?D, ?E) >>>
18:52:04 [INFO] Execution step: Body
18:52:04 [INFO] Saved temporary table: 55642 entries (456990)
18:52:04 [INFO] Execution step: Duplicate Elimination (Datalog)
18:52:04 [INFO] Saved permanent table http://rulewerk.semantic-web.org/inferred/subClassOf (232) Permutation { idx_to_val: [], val_to_idx: [] } with 55619 entries (456946)
18:52:04 [INFO] Rule duration: 48 ms
18:52:04 [INFO] <<< STEP 233: APPLYING RULE 41 http://rulewerk.semantic-web.org/inferred/subClassOf(?C, ?E) :- http://rulewerk.semantic-web.org/inferred/subClassOf(?C, ?D), http://rulewerk.semantic-web.org/normalForm/subClassOf(?D, ?E) >>>
18:52:04 [INFO] Execution step: Body
18:52:04 [INFO] Saved temporary table: 60292 entries (475590)
18:52:04 [INFO] Execution step: Duplicate Elimination (Datalog)
18:52:04 [INFO] Saved permanent table http://rulewerk.semantic-web.org/inferred/subClassOf (233) Permutation { idx_to_val: [], val_to_idx: [] } with 10740 entries (140126)
18:52:04 [INFO] Rule duration: 111 ms
18:52:04 [INFO] <<< STEP 234: APPLYING RULE 41 http://rulewerk.semantic-web.org/inferred/subClassOf(?C, ?E) :- http://rulewerk.semantic-web.org/inferred/subClassOf(?C, ?D), http://rulewerk.semantic-web.org/normalForm/subClassOf(?D, ?E) >>>
18:52:04 [INFO] Execution step: Body
18:52:04 [INFO] Saved temporary table: 6177 entries (82850)
18:52:04 [INFO] Execution step: Duplicate Elimination (Datalog)
18:52:04 [INFO] Saved permanent table http://rulewerk.semantic-web.org/inferred/subClassOf (234) Permutation { idx_to_val: [], val_to_idx: [] } with 5620 entries (79494)
18:52:04 [INFO] Rule duration: 18 ms
18:52:04 [INFO] <<< STEP 235: APPLYING RULE 41 http://rulewerk.semantic-web.org/inferred/subClassOf(?C, ?E) :- http://rulewerk.semantic-web.org/inferred/subClassOf(?C, ?D), http://rulewerk.semantic-web.org/normalForm/subClassOf(?D, ?E) >>>
18:52:04 [INFO] Execution step: Body
18:52:04 [INFO] Saved temporary table: 6714 entries (81290)
18:52:04 [INFO] Execution step: Duplicate Elimination (Datalog)
18:52:04 [INFO] Saved permanent table http://rulewerk.semantic-web.org/inferred/subClassOf (235) Permutation { idx_to_val: [], val_to_idx: [] } with 6647 entries (81058)
18:52:04 [INFO] Rule duration: 16 ms
18:52:04 [INFO] <<< STEP 236: APPLYING RULE 41 http://rulewerk.semantic-web.org/inferred/subClassOf(?C, ?E) :- http://rulewerk.semantic-web.org/inferred/subClassOf(?C, ?D), http://rulewerk.semantic-web.org/normalForm/subClassOf(?D, ?E) >>>
18:52:04 [INFO] Execution step: Body
18:52:04 [INFO] Saved temporary table: 5579 entries (76102)
18:52:04 [INFO] Execution step: Duplicate Elimination (Datalog)
18:52:04 [INFO] Saved permanent table http://rulewerk.semantic-web.org/inferred/subClassOf (236) Permutation { idx_to_val: [], val_to_idx: [] } with 5294 entries (75010)
18:52:04 [INFO] Rule duration: 16 ms
18:52:04 [INFO] <<< STEP 237: APPLYING RULE 41 http://rulewerk.semantic-web.org/inferred/subClassOf(?C, ?E) :- http://rulewerk.semantic-web.org/inferred/subClassOf(?C, ?D), http://rulewerk.semantic-web.org/normalForm/subClassOf(?D, ?E) >>>
18:52:04 [INFO] Execution step: Body
18:52:04 [INFO] Saved temporary table: 4220 entries (65386)
18:52:04 [INFO] Execution step: Duplicate Elimination (Datalog)
18:52:04 [INFO] Saved permanent table http://rulewerk.semantic-web.org/inferred/subClassOf (237) Permutation { idx_to_val: [], val_to_idx: [] } with 3912 entries (64202)
18:52:04 [INFO] Rule duration: 14 ms
18:52:04 [INFO] <<< STEP 238: APPLYING RULE 41 http://rulewerk.semantic-web.org/inferred/subClassOf(?C, ?E) :- http://rulewerk.semantic-web.org/inferred/subClassOf(?C, ?D), http://rulewerk.semantic-web.org/normalForm/subClassOf(?D, ?E) >>>
18:52:04 [INFO] Execution step: Body
18:52:04 [INFO] Saved temporary table: 3491 entries (54670)
18:52:04 [INFO] Execution step: Duplicate Elimination (Datalog)
18:52:04 [INFO] Saved permanent table http://rulewerk.semantic-web.org/inferred/subClassOf (238) Permutation { idx_to_val: [], val_to_idx: [] } with 3247 entries (53742)
18:52:04 [INFO] Rule duration: 11 ms
18:52:04 [INFO] <<< STEP 239: APPLYING RULE 41 http://rulewerk.semantic-web.org/inferred/subClassOf(?C, ?E) :- http://rulewerk.semantic-web.org/inferred/subClassOf(?C, ?D), http://rulewerk.semantic-web.org/normalForm/subClassOf(?D, ?E) >>>
18:52:04 [INFO] Execution step: Body
18:52:04 [INFO] Saved temporary table: 1658 entries (32122)
18:52:04 [INFO] Execution step: Duplicate Elimination (Datalog)
18:52:04 [INFO] Saved permanent table http://rulewerk.semantic-web.org/inferred/subClassOf (239) Permutation { idx_to_val: [], val_to_idx: [] } with 1602 entries (31946)
18:52:04 [INFO] Rule duration: 7 ms
18:52:04 [INFO] Execution step: Combining Tables
18:52:04 [INFO] Saved permanent table http://rulewerk.semantic-web.org/inferred/subClassOf (231-241) Permutation { idx_to_val: [], val_to_idx: [] } with 92681 entries (605194)
18:52:04 [INFO] <<< STEP 240: APPLYING RULE 41 http://rulewerk.semantic-web.org/inferred/subClassOf(?C, ?E) :- http://rulewerk.semantic-web.org/inferred/subClassOf(?C, ?D), http://rulewerk.semantic-web.org/normalForm/subClassOf(?D, ?E) >>>
18:52:04 [INFO] Execution step: Body
18:52:04 [INFO] Saved temporary table: 1245 entries (23366)
18:52:04 [INFO] Execution step: Duplicate Elimination (Datalog)
18:52:04 [INFO] Saved permanent table http://rulewerk.semantic-web.org/inferred/subClassOf (240) Permutation { idx_to_val: [], val_to_idx: [] } with 1240 entries (23394)
18:52:04 [INFO] Rule duration: 4 ms
18:52:04 [INFO] <<< STEP 241: APPLYING RULE 41 http://rulewerk.semantic-web.org/inferred/subClassOf(?C, ?E) :- http://rulewerk.semantic-web.org/inferred/subClassOf(?C, ?D), http://rulewerk.semantic-web.org/normalForm/subClassOf(?D, ?E) >>>
18:52:04 [INFO] Execution step: Body
18:52:04 [INFO] Saved temporary table: 883 entries (19986)
18:52:04 [INFO] Execution step: Duplicate Elimination (Datalog)
18:52:04 [INFO] Saved permanent table http://rulewerk.semantic-web.org/inferred/subClassOf (241) Permutation { idx_to_val: [], val_to_idx: [] } with 883 entries (20034)
18:52:04 [INFO] Rule duration: 4 ms
18:52:04 [INFO] <<< STEP 242: APPLYING RULE 41 http://rulewerk.semantic-web.org/inferred/subClassOf(?C, ?E) :- http://rulewerk.semantic-web.org/inferred/subClassOf(?C, ?D), http://rulewerk.semantic-web.org/normalForm/subClassOf(?D, ?E) >>>
18:52:04 [INFO] Execution step: Body
18:52:04 [INFO] Saved temporary table: 550 entries (14274)
18:52:04 [INFO] Execution step: Duplicate Elimination (Datalog)
18:52:04 [INFO] Saved permanent table http://rulewerk.semantic-web.org/inferred/subClassOf (242) Permutation { idx_to_val: [], val_to_idx: [] } with 550 entries (14322)
18:52:04 [INFO] Rule duration: 2 ms
18:52:04 [INFO] <<< STEP 243: APPLYING RULE 41 http://rulewerk.semantic-web.org/inferred/subClassOf(?C, ?E) :- http://rulewerk.semantic-web.org/inferred/subClassOf(?C, ?D), http://rulewerk.semantic-web.org/normalForm/subClassOf(?D, ?E) >>>
18:52:04 [INFO] Execution step: Body
18:52:04 [INFO] Saved temporary table: 402 entries (10294)
18:52:04 [INFO] Execution step: Duplicate Elimination (Datalog)
18:52:04 [INFO] Saved permanent table http://rulewerk.semantic-web.org/inferred/subClassOf (243) Permutation { idx_to_val: [], val_to_idx: [] } with 402 entries (10342)
18:52:04 [INFO] Rule duration: 2 ms
18:52:04 [INFO] <<< STEP 244: APPLYING RULE 41 http://rulewerk.semantic-web.org/inferred/subClassOf(?C, ?E) :- http://rulewerk.semantic-web.org/inferred/subClassOf(?C, ?D), http://rulewerk.semantic-web.org/normalForm/subClassOf(?D, ?E) >>>
18:52:04 [INFO] Execution step: Body
18:52:04 [INFO] Saved temporary table: 185 entries (8668)
18:52:04 [INFO] Execution step: Duplicate Elimination (Datalog)
18:52:04 [INFO] Saved permanent table http://rulewerk.semantic-web.org/inferred/subClassOf (244) Permutation { idx_to_val: [], val_to_idx: [] } with 185 entries (8716)
18:52:04 [INFO] Rule duration: 1 ms
18:52:04 [INFO] <<< STEP 245: APPLYING RULE 41 http://rulewerk.semantic-web.org/inferred/subClassOf(?C, ?E) :- http://rulewerk.semantic-web.org/inferred/subClassOf(?C, ?D), http://rulewerk.semantic-web.org/normalForm/subClassOf(?D, ?E) >>>
18:52:04 [INFO] Execution step: Body
18:52:04 [INFO] Saved temporary table: 120 entries (8148)
18:52:04 [INFO] Execution step: Duplicate Elimination (Datalog)
18:52:04 [INFO] Saved permanent table http://rulewerk.semantic-web.org/inferred/subClassOf (245) Permutation { idx_to_val: [], val_to_idx: [] } with 120 entries (8196)
18:52:04 [INFO] Rule duration: 1 ms
18:52:04 [INFO] <<< STEP 246: APPLYING RULE 41 http://rulewerk.semantic-web.org/inferred/subClassOf(?C, ?E) :- http://rulewerk.semantic-web.org/inferred/subClassOf(?C, ?D), http://rulewerk.semantic-web.org/normalForm/subClassOf(?D, ?E) >>>
18:52:04 [INFO] Execution step: Body
18:52:04 [INFO] Saved temporary table: 97 entries (9736)
18:52:04 [INFO] Execution step: Duplicate Elimination (Datalog)
18:52:04 [INFO] Saved permanent table http://rulewerk.semantic-web.org/inferred/subClassOf (246) Permutation { idx_to_val: [], val_to_idx: [] } with 97 entries (9784)
18:52:04 [INFO] Rule duration: 0 ms
18:52:04 [INFO] <<< STEP 247: APPLYING RULE 41 http://rulewerk.semantic-web.org/inferred/subClassOf(?C, ?E) :- http://rulewerk.semantic-web.org/inferred/subClassOf(?C, ?D), http://rulewerk.semantic-web.org/normalForm/subClassOf(?D, ?E) >>>
18:52:04 [INFO] Execution step: Body
18:52:04 [INFO] Saved temporary table: 24 entries (8144)
18:52:04 [INFO] Execution step: Duplicate Elimination (Datalog)
18:52:04 [INFO] Saved permanent table http://rulewerk.semantic-web.org/inferred/subClassOf (247) Permutation { idx_to_val: [], val_to_idx: [] } with 24 entries (8192)
18:52:04 [INFO] Rule duration: 0 ms
18:52:04 [INFO] Execution step: Combining Tables
18:52:04 [INFO] Saved permanent table http://rulewerk.semantic-web.org/inferred/subClassOf (241-249) Permutation { idx_to_val: [], val_to_idx: [] } with 2261 entries (25546)
18:52:04 [INFO] <<< STEP 248: APPLYING RULE 41 http://rulewerk.semantic-web.org/inferred/subClassOf(?C, ?E) :- http://rulewerk.semantic-web.org/inferred/subClassOf(?C, ?D), http://rulewerk.semantic-web.org/normalForm/subClassOf(?D, ?E) >>>
18:52:04 [INFO] Execution step: Body
18:52:04 [INFO] Saved temporary table: 24 entries (8144)
18:52:04 [INFO] Execution step: Duplicate Elimination (Datalog)
18:52:04 [INFO] Saved permanent table http://rulewerk.semantic-web.org/inferred/subClassOf (248) Permutation { idx_to_val: [], val_to_idx: [] } with 24 entries (8192)
18:52:04 [INFO] Rule duration: 0 ms
18:52:04 [INFO] <<< STEP 249: APPLYING RULE 41 http://rulewerk.semantic-web.org/inferred/subClassOf(?C, ?E) :- http://rulewerk.semantic-web.org/inferred/subClassOf(?C, ?D), http://rulewerk.semantic-web.org/normalForm/subClassOf(?D, ?E) >>>
18:52:04 [INFO] Execution step: Body
18:52:04 [INFO] Saved temporary table: 72 entries (8336)
18:52:04 [INFO] Execution step: Duplicate Elimination (Datalog)
18:52:04 [INFO] Saved permanent table http://rulewerk.semantic-web.org/inferred/subClassOf (249) Permutation { idx_to_val: [], val_to_idx: [] } with 72 entries (8384)
18:52:04 [INFO] Rule duration: 0 ms
18:52:04 [INFO] <<< STEP 250: APPLYING RULE 41 http://rulewerk.semantic-web.org/inferred/subClassOf(?C, ?E) :- http://rulewerk.semantic-web.org/inferred/subClassOf(?C, ?D), http://rulewerk.semantic-web.org/normalForm/subClassOf(?D, ?E) >>>
18:52:04 [INFO] Execution step: Body
18:52:04 [INFO] Saved temporary table: 24 entries (8144)
18:52:04 [INFO] Execution step: Duplicate Elimination (Datalog)
18:52:04 [INFO] Saved permanent table http://rulewerk.semantic-web.org/inferred/subClassOf (250) Permutation { idx_to_val: [], val_to_idx: [] } with 24 entries (8192)
18:52:04 [INFO] Rule duration: 0 ms
18:52:04 [INFO] <<< STEP 251: APPLYING RULE 41 http://rulewerk.semantic-web.org/inferred/subClassOf(?C, ?E) :- http://rulewerk.semantic-web.org/inferred/subClassOf(?C, ?D), http://rulewerk.semantic-web.org/normalForm/subClassOf(?D, ?E) >>>
18:52:04 [INFO] Execution step: Body
18:52:04 [INFO] Saved temporary table: 24 entries (8144)
18:52:04 [INFO] Execution step: Duplicate Elimination (Datalog)
18:52:04 [INFO] Saved permanent table http://rulewerk.semantic-web.org/inferred/subClassOf (251) Permutation { idx_to_val: [], val_to_idx: [] } with 24 entries (8192)
18:52:04 [INFO] Rule duration: 0 ms
18:52:04 [INFO] <<< STEP 252: APPLYING RULE 41 http://rulewerk.semantic-web.org/inferred/subClassOf(?C, ?E) :- http://rulewerk.semantic-web.org/inferred/subClassOf(?C, ?D), http://rulewerk.semantic-web.org/normalForm/subClassOf(?D, ?E) >>>
18:52:04 [INFO] Execution step: Body
18:52:04 [INFO] Saved temporary table: 24 entries (8144)
18:52:04 [INFO] Execution step: Duplicate Elimination (Datalog)
18:52:04 [INFO] Saved permanent table http://rulewerk.semantic-web.org/inferred/subClassOf (252) Permutation { idx_to_val: [], val_to_idx: [] } with 24 entries (8192)
18:52:04 [INFO] Rule duration: 0 ms
18:52:04 [INFO] <<< STEP 253: APPLYING RULE 41 http://rulewerk.semantic-web.org/inferred/subClassOf(?C, ?E) :- http://rulewerk.semantic-web.org/inferred/subClassOf(?C, ?D), http://rulewerk.semantic-web.org/normalForm/subClassOf(?D, ?E) >>>
18:52:04 [INFO] Execution step: Body
18:52:04 [INFO] Trie does not contain any elements
18:52:04 [INFO] Execution step: Duplicate Elimination (Datalog)
18:52:04 [INFO] Trie does not contain any elements
18:52:04 [INFO] Rule duration: 0 ms
18:52:04 [INFO] <<< STEP 254: APPLYING RULE 42 http://rulewerk.semantic-web.org/inferred/subClassOf(?E, "<http://www.w3.org/2002/07/owl#Nothing>") :- http://rulewerk.semantic-web.org/inferred/ex(?E, ?R, ?C), http://rulewerk.semantic-web.org/inferred/subClassOf(?C, ?_BODY_1), Equal(?_BODY_1, "<http://www.w3.org/2002/07/owl#Nothing>") >>>
18:52:04 [INFO] Execution step: Body
18:52:05 [INFO] Trie does not contain any elements
18:52:05 [INFO] Execution step: Duplicate Elimination (Datalog)
18:52:05 [INFO] Trie does not contain any elements
18:52:05 [INFO] Rule duration: 53 ms
18:52:05 [INFO] <<< STEP 255: APPLYING RULE 33 http://rulewerk.semantic-web.org/inferred/init(?C) :- http://rulewerk.semantic-web.org/inferred/ex(?E, ?R, ?C) >>>
18:52:05 [INFO] Execution step: Body
18:52:05 [INFO] Saved temporary table: 3323 entries (16692)
18:52:05 [INFO] Execution step: Duplicate Elimination (Datalog)
18:52:05 [INFO] Saved permanent table http://rulewerk.semantic-web.org/inferred/init (255) Permutation { idx_to_val: [], val_to_idx: [] } with 335 entries (4788)
18:52:05 [INFO] Rule duration: 13 ms
18:52:05 [INFO] <<< STEP 256: APPLYING RULE 34 http://rulewerk.semantic-web.org/inferred/subClassOf(?C, ?C) :- http://rulewerk.semantic-web.org/inferred/init(?C) >>>
18:52:05 [INFO] Execution step: Body
18:52:05 [INFO] Saved temporary table: 335 entries (4740)
18:52:05 [INFO] Execution step: Duplicate Elimination (Datalog)
18:52:05 [INFO] Saved permanent table http://rulewerk.semantic-web.org/inferred/subClassOf (256) Permutation { idx_to_val: [], val_to_idx: [] } with 335 entries (9916)
18:52:05 [INFO] Rule duration: 0 ms
18:52:05 [INFO] <<< STEP 257: APPLYING RULE 36 http://rulewerk.semantic-web.org/inferred/subClassOf(?C, ?D1), http://rulewerk.semantic-web.org/inferred/subClassOf(?C, ?D2) :- http://rulewerk.semantic-web.org/inferred/subClassOf(?C, ?Y), http://rulewerk.semantic-web.org/normalForm/conj(?Y, ?D1, ?D2) >>>
18:52:05 [INFO] Execution step: Body
18:52:05 [INFO] Saved temporary table: 31368 entries (333554)
18:52:05 [INFO] Saved temporary table: 47733 entries (399014)
18:52:05 [INFO] Execution step: Duplicate Elimination (Datalog)
18:52:05 [INFO] Saved permanent table http://rulewerk.semantic-web.org/inferred/subClassOf (257) Permutation { idx_to_val: [], val_to_idx: [] } with 5435 entries (63406)
18:52:05 [INFO] Rule duration: 102 ms
18:52:05 [INFO] <<< STEP 258: APPLYING RULE 36 http://rulewerk.semantic-web.org/inferred/subClassOf(?C, ?D1), http://rulewerk.semantic-web.org/inferred/subClassOf(?C, ?D2) :- http://rulewerk.semantic-web.org/inferred/subClassOf(?C, ?Y), http://rulewerk.semantic-web.org/normalForm/conj(?Y, ?D1, ?D2) >>>
18:52:05 [INFO] Execution step: Body
18:52:05 [INFO] Saved temporary table: 330 entries (9828)
18:52:05 [INFO] Saved temporary table: 330 entries (9828)
18:52:05 [INFO] Execution step: Duplicate Elimination (Datalog)
18:52:05 [INFO] Saved permanent table http://rulewerk.semantic-web.org/inferred/subClassOf (258) Permutation { idx_to_val: [], val_to_idx: [] } with 576 entries (13442)
18:52:05 [INFO] Rule duration: 3 ms
18:52:05 [INFO] Execution step: Combining Tables
18:52:05 [INFO] Saved permanent table http://rulewerk.semantic-web.org/inferred/subClassOf (249-260) Permutation { idx_to_val: [], val_to_idx: [] } with 6490 entries (67914)
18:52:05 [INFO] <<< STEP 259: APPLYING RULE 36 http://rulewerk.semantic-web.org/inferred/subClassOf(?C, ?D1), http://rulewerk.semantic-web.org/inferred/subClassOf(?C, ?D2) :- http://rulewerk.semantic-web.org/inferred/subClassOf(?C, ?Y), http://rulewerk.semantic-web.org/normalForm/conj(?Y, ?D1, ?D2) >>>
18:52:05 [INFO] Execution step: Body
18:52:05 [INFO] Saved temporary table: 45 entries (9320)
18:52:05 [INFO] Saved temporary table: 45 entries (9320)
18:52:05 [INFO] Execution step: Duplicate Elimination (Datalog)
18:52:05 [INFO] Saved permanent table http://rulewerk.semantic-web.org/inferred/subClassOf (259) Permutation { idx_to_val: [], val_to_idx: [] } with 76 entries (9492)
18:52:05 [INFO] Rule duration: 0 ms
18:52:05 [INFO] <<< STEP 260: APPLYING RULE 36 http://rulewerk.semantic-web.org/inferred/subClassOf(?C, ?D1), http://rulewerk.semantic-web.org/inferred/subClassOf(?C, ?D2) :- http://rulewerk.semantic-web.org/inferred/subClassOf(?C, ?Y), http://rulewerk.semantic-web.org/normalForm/conj(?Y, ?D1, ?D2) >>>
18:52:05 [INFO] Execution step: Body
18:52:05 [INFO] Saved temporary table: 2 entries (6912)
18:52:05 [INFO] Saved temporary table: 2 entries (6912)
18:52:05 [INFO] Execution step: Duplicate Elimination (Datalog)
18:52:05 [INFO] Saved permanent table http://rulewerk.semantic-web.org/inferred/subClassOf (260) Permutation { idx_to_val: [], val_to_idx: [] } with 3 entries (6964)
18:52:05 [INFO] Rule duration: 0 ms
18:52:05 [INFO] <<< STEP 261: APPLYING RULE 36 http://rulewerk.semantic-web.org/inferred/subClassOf(?C, ?D1), http://rulewerk.semantic-web.org/inferred/subClassOf(?C, ?D2) :- http://rulewerk.semantic-web.org/inferred/subClassOf(?C, ?Y), http://rulewerk.semantic-web.org/normalForm/conj(?Y, ?D1, ?D2) >>>
18:52:05 [INFO] Execution step: Body
18:52:05 [INFO] Trie does not contain any elements
18:52:05 [INFO] Trie does not contain any elements
18:52:05 [INFO] Execution step: Duplicate Elimination (Datalog)
18:52:05 [INFO] Trie does not contain any elements
18:52:05 [INFO] Rule duration: 0 ms
18:52:05 [INFO] <<< STEP 262: APPLYING RULE 37 http://rulewerk.semantic-web.org/inferred/subClassOf(?C, ?I) :- http://rulewerk.semantic-web.org/inferred/subClassOf(?C, ?D1), http://rulewerk.semantic-web.org/inferred/subClassOf(?C, ?D2), http://rulewerk.semantic-web.org/normalForm/conj(?I, ?D1, ?D2), http://rulewerk.semantic-web.org/normalForm/isSubClass(?I) >>>
18:52:05 [INFO] Execution step: Body
18:52:05 [INFO] Saved temporary table: 54925 entries (390138)
18:52:05 [INFO] Execution step: Duplicate Elimination (Datalog)
18:52:05 [INFO] Saved permanent table http://rulewerk.semantic-web.org/inferred/subClassOf (262) Permutation { idx_to_val: [], val_to_idx: [] } with 51723 entries (364550)
18:52:05 [INFO] Rule duration: 239 ms
18:52:05 [INFO] <<< STEP 263: APPLYING RULE 37 http://rulewerk.semantic-web.org/inferred/subClassOf(?C, ?I) :- http://rulewerk.semantic-web.org/inferred/subClassOf(?C, ?D1), http://rulewerk.semantic-web.org/inferred/subClassOf(?C, ?D2), http://rulewerk.semantic-web.org/normalForm/conj(?I, ?D1, ?D2), http://rulewerk.semantic-web.org/normalForm/isSubClass(?I) >>>
18:52:05 [INFO] Execution step: Body
18:52:05 [INFO] Saved temporary table: 2751 entries (44978)
18:52:05 [INFO] Execution step: Duplicate Elimination (Datalog)
18:52:05 [INFO] Saved permanent table http://rulewerk.semantic-web.org/inferred/subClassOf (263) Permutation { idx_to_val: [], val_to_idx: [] } with 2751 entries (45026)
18:52:05 [INFO] Rule duration: 60 ms
18:52:05 [INFO] <<< STEP 264: APPLYING RULE 37 http://rulewerk.semantic-web.org/inferred/subClassOf(?C, ?I) :- http://rulewerk.semantic-web.org/inferred/subClassOf(?C, ?D1), http://rulewerk.semantic-web.org/inferred/subClassOf(?C, ?D2), http://rulewerk.semantic-web.org/normalForm/conj(?I, ?D1, ?D2), http://rulewerk.semantic-web.org/normalForm/isSubClass(?I) >>>
18:52:05 [INFO] Execution step: Body
18:52:05 [INFO] Saved temporary table: 40 entries (8728)
18:52:05 [INFO] Execution step: Duplicate Elimination (Datalog)
18:52:05 [INFO] Saved permanent table http://rulewerk.semantic-web.org/inferred/subClassOf (264) Permutation { idx_to_val: [], val_to_idx: [] } with 40 entries (8776)
18:52:05 [INFO] Rule duration: 16 ms
18:52:05 [INFO] <<< STEP 265: APPLYING RULE 37 http://rulewerk.semantic-web.org/inferred/subClassOf(?C, ?I) :- http://rulewerk.semantic-web.org/inferred/subClassOf(?C, ?D1), http://rulewerk.semantic-web.org/inferred/subClassOf(?C, ?D2), http://rulewerk.semantic-web.org/normalForm/conj(?I, ?D1, ?D2), http://rulewerk.semantic-web.org/normalForm/isSubClass(?I) >>>
18:52:05 [INFO] Execution step: Body
18:52:05 [INFO] Trie does not contain any elements
18:52:05 [INFO] Execution step: Duplicate Elimination (Datalog)
18:52:05 [INFO] Trie does not contain any elements
18:52:05 [INFO] Rule duration: 7 ms
18:52:05 [INFO] <<< STEP 266: APPLYING RULE 38 http://rulewerk.semantic-web.org/inferred/ex(?E, ?R, ?C) :- http://rulewerk.semantic-web.org/inferred/subClassOf(?E, ?Y), http://rulewerk.semantic-web.org/normalForm/exists(?Y, ?R, ?C) >>>
18:52:05 [INFO] Execution step: Body
18:52:05 [INFO] Saved temporary table: 69041 entries (1021508)
18:52:05 [INFO] Execution step: Duplicate Elimination (Datalog)
18:52:05 [INFO] Saved permanent table http://rulewerk.semantic-web.org/inferred/ex (266) Permutation { idx_to_val: [], val_to_idx: [] } with 69041 entries (1021556)
18:52:05 [INFO] Rule duration: 38 ms
18:52:05 [INFO] <<< STEP 267: APPLYING RULE 39 http://rulewerk.semantic-web.org/inferred/subClassOf(?E, ?Y) :- http://rulewerk.semantic-web.org/inferred/ex(?E, ?R, ?C), http://rulewerk.semantic-web.org/inferred/subClassOf(?C, ?D), http://rulewerk.semantic-web.org/normalForm/subProp(?R, ?S), http://rulewerk.semantic-web.org/normalForm/exists(?Y, ?S, ?D), http://rulewerk.semantic-web.org/normalForm/isSubClass(?Y) >>>
18:52:05 [INFO] Execution step: Body
18:52:05 [INFO] Saved temporary table: 137794 entries (760830)
18:52:05 [INFO] Execution step: Duplicate Elimination (Datalog)
18:52:05 [INFO] Saved permanent table http://rulewerk.semantic-web.org/inferred/subClassOf (267) Permutation { idx_to_val: [], val_to_idx: [] } with 58001 entries (395542)
18:52:05 [INFO] Rule duration: 297 ms
18:52:05 [INFO] <<< STEP 268: APPLYING RULE 39 http://rulewerk.semantic-web.org/inferred/subClassOf(?E, ?Y) :- http://rulewerk.semantic-web.org/inferred/ex(?E, ?R, ?C), http://rulewerk.semantic-web.org/inferred/subClassOf(?C, ?D), http://rulewerk.semantic-web.org/normalForm/subProp(?R, ?S), http://rulewerk.semantic-web.org/normalForm/exists(?Y, ?S, ?D), http://rulewerk.semantic-web.org/normalForm/isSubClass(?Y) >>>
18:52:05 [INFO] Execution step: Body
18:52:05 [INFO] Trie does not contain any elements
18:52:05 [INFO] Execution step: Duplicate Elimination (Datalog)
18:52:05 [INFO] Trie does not contain any elements
18:52:05 [INFO] Rule duration: 16 ms
18:52:05 [INFO] <<< STEP 269: APPLYING RULE 40 http://rulewerk.semantic-web.org/inferred/ex(?E, ?S, ?D) :- http://rulewerk.semantic-web.org/inferred/ex(?E, ?R1, ?C), http://rulewerk.semantic-web.org/inferred/ex(?C, ?R2, ?D), http://rulewerk.semantic-web.org/normalForm/subProp(?R1, ?S1), http://rulewerk.semantic-web.org/normalForm/subProp(?R2, ?S2), http://rulewerk.semantic-web.org/normalForm/subPropChain(?S1, ?S2, ?S) >>>
18:52:05 [INFO] Execution step: Body
18:52:05 [INFO] Trie does not contain any elements
18:52:05 [INFO] Execution step: Duplicate Elimination (Datalog)
18:52:05 [INFO] Trie does not contain any elements
18:52:05 [INFO] Rule duration: 24 ms
18:52:05 [INFO] <<< STEP 270: APPLYING RULE 41 http://rulewerk.semantic-web.org/inferred/subClassOf(?C, ?E) :- http://rulewerk.semantic-web.org/inferred/subClassOf(?C, ?D), http://rulewerk.semantic-web.org/normalForm/subClassOf(?D, ?E) >>>
18:52:05 [INFO] Execution step: Body
18:52:05 [INFO] Saved temporary table: 48888 entries (357530)
18:52:05 [INFO] Execution step: Duplicate Elimination (Datalog)
18:52:05 [INFO] Saved permanent table http://rulewerk.semantic-web.org/inferred/subClassOf (270) Permutation { idx_to_val: [], val_to_idx: [] } with 48872 entries (357514)
18:52:05 [INFO] Rule duration: 52 ms
18:52:05 [INFO] <<< STEP 271: APPLYING RULE 41 http://rulewerk.semantic-web.org/inferred/subClassOf(?C, ?E) :- http://rulewerk.semantic-web.org/inferred/subClassOf(?C, ?D), http://rulewerk.semantic-web.org/normalForm/subClassOf(?D, ?E) >>>
18:52:05 [INFO] Execution step: Body
18:52:05 [INFO] Saved temporary table: 55358 entries (383410)
18:52:05 [INFO] Execution step: Duplicate Elimination (Datalog)
18:52:05 [INFO] Saved permanent table http://rulewerk.semantic-web.org/inferred/subClassOf (271) Permutation { idx_to_val: [], val_to_idx: [] } with 7206 entries (88238)
18:52:05 [INFO] Rule duration: 66 ms
18:52:05 [INFO] Execution step: Combining Tables
18:52:05 [INFO] Saved permanent table http://rulewerk.semantic-web.org/inferred/subClassOf (260-273) Permutation { idx_to_val: [], val_to_idx: [] } with 168596 entries (872518)
18:52:05 [INFO] <<< STEP 272: APPLYING RULE 41 http://rulewerk.semantic-web.org/inferred/subClassOf(?C, ?E) :- http://rulewerk.semantic-web.org/inferred/subClassOf(?C, ?D), http://rulewerk.semantic-web.org/normalForm/subClassOf(?D, ?E) >>>
18:52:05 [INFO] Execution step: Body
18:52:05 [INFO] Saved temporary table: 2747 entries (42082)
18:52:05 [INFO] Execution step: Duplicate Elimination (Datalog)
18:52:05 [INFO] Saved permanent table http://rulewerk.semantic-web.org/inferred/subClassOf (272) Permutation { idx_to_val: [], val_to_idx: [] } with 2439 entries (40322)
18:52:05 [INFO] Rule duration: 8 ms
18:52:05 [INFO] <<< STEP 273: APPLYING RULE 41 http://rulewerk.semantic-web.org/inferred/subClassOf(?C, ?E) :- http://rulewerk.semantic-web.org/inferred/subClassOf(?C, ?D), http://rulewerk.semantic-web.org/normalForm/subClassOf(?D, ?E) >>>
18:52:05 [INFO] Execution step: Body
18:52:05 [INFO] Saved temporary table: 4224 entries (47294)
18:52:05 [INFO] Execution step: Duplicate Elimination (Datalog)
18:52:05 [INFO] Saved permanent table http://rulewerk.semantic-web.org/inferred/subClassOf (273) Permutation { idx_to_val: [], val_to_idx: [] } with 4185 entries (47138)
18:52:05 [INFO] Rule duration: 7 ms
18:52:05 [INFO] <<< STEP 274: APPLYING RULE 41 http://rulewerk.semantic-web.org/inferred/subClassOf(?C, ?E) :- http://rulewerk.semantic-web.org/inferred/subClassOf(?C, ?D), http://rulewerk.semantic-web.org/normalForm/subClassOf(?D, ?E) >>>
18:52:05 [INFO] Execution step: Body
18:52:05 [INFO] Saved temporary table: 2431 entries (39978)
18:52:05 [INFO] Execution step: Duplicate Elimination (Datalog)
18:52:05 [INFO] Saved permanent table http://rulewerk.semantic-web.org/inferred/subClassOf (274) Permutation { idx_to_val: [], val_to_idx: [] } with 2342 entries (39646)
18:52:05 [INFO] Rule duration: 7 ms
18:52:05 [INFO] <<< STEP 275: APPLYING RULE 41 http://rulewerk.semantic-web.org/inferred/subClassOf(?C, ?E) :- http://rulewerk.semantic-web.org/inferred/subClassOf(?C, ?D), http://rulewerk.semantic-web.org/normalForm/subClassOf(?D, ?E) >>>
18:52:05 [INFO] Execution step: Body
18:52:05 [INFO] Saved temporary table: 2019 entries (37094)
18:52:05 [INFO] Execution step: Duplicate Elimination (Datalog)
18:52:05 [INFO] Saved permanent table http://rulewerk.semantic-web.org/inferred/subClassOf (275) Permutation { idx_to_val: [], val_to_idx: [] } with 1966 entries (36930)
18:52:05 [INFO] Rule duration: 6 ms
18:52:05 [INFO] <<< STEP 276: APPLYING RULE 41 http://rulewerk.semantic-web.org/inferred/subClassOf(?C, ?E) :- http://rulewerk.semantic-web.org/inferred/subClassOf(?C, ?D), http://rulewerk.semantic-web.org/normalForm/subClassOf(?D, ?E) >>>
18:52:05 [INFO] Execution step: Body
18:52:05 [INFO] Saved temporary table: 1875 entries (34886)
18:52:05 [INFO] Execution step: Duplicate Elimination (Datalog)
18:52:06 [INFO] Saved permanent table http://rulewerk.semantic-web.org/inferred/subClassOf (276) Permutation { idx_to_val: [], val_to_idx: [] } with 1783 entries (34566)
18:52:06 [INFO] Rule duration: 6 ms
18:52:06 [INFO] <<< STEP 277: APPLYING RULE 41 http://rulewerk.semantic-web.org/inferred/subClassOf(?C, ?E) :- http://rulewerk.semantic-web.org/inferred/subClassOf(?C, ?D), http://rulewerk.semantic-web.org/normalForm/subClassOf(?D, ?E) >>>
18:52:06 [INFO] Execution step: Body
18:52:06 [INFO] Saved temporary table: 545 entries (15442)
18:52:06 [INFO] Execution step: Duplicate Elimination (Datalog)
18:52:06 [INFO] Saved permanent table http://rulewerk.semantic-web.org/inferred/subClassOf (277) Permutation { idx_to_val: [], val_to_idx: [] } with 535 entries (15450)
18:52:06 [INFO] Rule duration: 2 ms
18:52:06 [INFO] <<< STEP 278: APPLYING RULE 41 http://rulewerk.semantic-web.org/inferred/subClassOf(?C, ?E) :- http://rulewerk.semantic-web.org/inferred/subClassOf(?C, ?D), http://rulewerk.semantic-web.org/normalForm/subClassOf(?D, ?E) >>>
18:52:06 [INFO] Execution step: Body
18:52:06 [INFO] Saved temporary table: 397 entries (11994)
18:52:06 [INFO] Execution step: Duplicate Elimination (Datalog)
18:52:06 [INFO] Saved permanent table http://rulewerk.semantic-web.org/inferred/subClassOf (278) Permutation { idx_to_val: [], val_to_idx: [] } with 397 entries (12042)
18:52:06 [INFO] Rule duration: 1 ms
18:52:06 [INFO] <<< STEP 279: APPLYING RULE 41 http://rulewerk.semantic-web.org/inferred/subClassOf(?C, ?E) :- http://rulewerk.semantic-web.org/inferred/subClassOf(?C, ?D), http://rulewerk.semantic-web.org/normalForm/subClassOf(?D, ?E) >>>
18:52:06 [INFO] Execution step: Body
18:52:06 [INFO] Saved temporary table: 258 entries (10826)
18:52:06 [INFO] Execution step: Duplicate Elimination (Datalog)
18:52:06 [INFO] Saved permanent table http://rulewerk.semantic-web.org/inferred/subClassOf (279) Permutation { idx_to_val: [], val_to_idx: [] } with 258 entries (10874)
18:52:06 [INFO] Rule duration: 1 ms
18:52:06 [INFO] Execution step: Combining Tables
18:52:06 [INFO] Saved permanent table http://rulewerk.semantic-web.org/inferred/subClassOf (273-281) Permutation { idx_to_val: [], val_to_idx: [] } with 11466 entries (76262)
18:52:06 [INFO] <<< STEP 280: APPLYING RULE 41 http://rulewerk.semantic-web.org/inferred/subClassOf(?C, ?E) :- http://rulewerk.semantic-web.org/inferred/subClassOf(?C, ?D), http://rulewerk.semantic-web.org/normalForm/subClassOf(?D, ?E) >>>
18:52:06 [INFO] Execution step: Body
18:52:06 [INFO] Saved temporary table: 99 entries (8690)
18:52:06 [INFO] Execution step: Duplicate Elimination (Datalog)
18:52:06 [INFO] Saved permanent table http://rulewerk.semantic-web.org/inferred/subClassOf (280) Permutation { idx_to_val: [], val_to_idx: [] } with 99 entries (8738)
18:52:06 [INFO] Rule duration: 0 ms
18:52:06 [INFO] <<< STEP 281: APPLYING RULE 41 http://rulewerk.semantic-web.org/inferred/subClassOf(?C, ?E) :- http://rulewerk.semantic-web.org/inferred/subClassOf(?C, ?D), http://rulewerk.semantic-web.org/normalForm/subClassOf(?D, ?E) >>>
18:52:06 [INFO] Execution step: Body
18:52:06 [INFO] Saved temporary table: 85 entries (7868)
18:52:06 [INFO] Execution step: Duplicate Elimination (Datalog)
18:52:06 [INFO] Saved permanent table http://rulewerk.semantic-web.org/inferred/subClassOf (281) Permutation { idx_to_val: [], val_to_idx: [] } with 85 entries (7916)
18:52:06 [INFO] Rule duration: 0 ms
18:52:06 [INFO] <<< STEP 282: APPLYING RULE 41 http://rulewerk.semantic-web.org/inferred/subClassOf(?C, ?E) :- http://rulewerk.semantic-web.org/inferred/subClassOf(?C, ?D), http://rulewerk.semantic-web.org/normalForm/subClassOf(?D, ?E) >>>
18:52:06 [INFO] Execution step: Body
18:52:06 [INFO] Saved temporary table: 21 entries (7976)
18:52:06 [INFO] Execution step: Duplicate Elimination (Datalog)
18:52:06 [INFO] Saved permanent table http://rulewerk.semantic-web.org/inferred/subClassOf (282) Permutation { idx_to_val: [], val_to_idx: [] } with 21 entries (8024)
18:52:06 [INFO] Rule duration: 0 ms
18:52:06 [INFO] <<< STEP 283: APPLYING RULE 41 http://rulewerk.semantic-web.org/inferred/subClassOf(?C, ?E) :- http://rulewerk.semantic-web.org/inferred/subClassOf(?C, ?D), http://rulewerk.semantic-web.org/normalForm/subClassOf(?D, ?E) >>>
18:52:06 [INFO] Execution step: Body
18:52:06 [INFO] Saved temporary table: 3 entries (6968)
18:52:06 [INFO] Execution step: Duplicate Elimination (Datalog)
18:52:06 [INFO] Saved permanent table http://rulewerk.semantic-web.org/inferred/subClassOf (283) Permutation { idx_to_val: [], val_to_idx: [] } with 3 entries (7016)
18:52:06 [INFO] Rule duration: 0 ms
18:52:06 [INFO] <<< STEP 284: APPLYING RULE 41 http://rulewerk.semantic-web.org/inferred/subClassOf(?C, ?E) :- http://rulewerk.semantic-web.org/inferred/subClassOf(?C, ?D), http://rulewerk.semantic-web.org/normalForm/subClassOf(?D, ?E) >>>
18:52:06 [INFO] Execution step: Body
18:52:06 [INFO] Saved temporary table: 6 entries (6928)
18:52:06 [INFO] Execution step: Duplicate Elimination (Datalog)
18:52:06 [INFO] Saved permanent table http://rulewerk.semantic-web.org/inferred/subClassOf (284) Permutation { idx_to_val: [], val_to_idx: [] } with 6 entries (6976)
18:52:06 [INFO] Rule duration: 0 ms
18:52:06 [INFO] <<< STEP 285: APPLYING RULE 41 http://rulewerk.semantic-web.org/inferred/subClassOf(?C, ?E) :- http://rulewerk.semantic-web.org/inferred/subClassOf(?C, ?D), http://rulewerk.semantic-web.org/normalForm/subClassOf(?D, ?E) >>>
18:52:06 [INFO] Execution step: Body
18:52:06 [INFO] Saved temporary table: 2 entries (6912)
18:52:06 [INFO] Execution step: Duplicate Elimination (Datalog)
18:52:06 [INFO] Saved permanent table http://rulewerk.semantic-web.org/inferred/subClassOf (285) Permutation { idx_to_val: [], val_to_idx: [] } with 2 entries (6960)
18:52:06 [INFO] Rule duration: 0 ms
18:52:06 [INFO] <<< STEP 286: APPLYING RULE 41 http://rulewerk.semantic-web.org/inferred/subClassOf(?C, ?E) :- http://rulewerk.semantic-web.org/inferred/subClassOf(?C, ?D), http://rulewerk.semantic-web.org/normalForm/subClassOf(?D, ?E) >>>
18:52:06 [INFO] Execution step: Body
18:52:06 [INFO] Saved temporary table: 2 entries (6912)
18:52:06 [INFO] Execution step: Duplicate Elimination (Datalog)
18:52:06 [INFO] Saved permanent table http://rulewerk.semantic-web.org/inferred/subClassOf (286) Permutation { idx_to_val: [], val_to_idx: [] } with 2 entries (6960)
18:52:06 [INFO] Rule duration: 0 ms
18:52:06 [INFO] <<< STEP 287: APPLYING RULE 41 http://rulewerk.semantic-web.org/inferred/subClassOf(?C, ?E) :- http://rulewerk.semantic-web.org/inferred/subClassOf(?C, ?D), http://rulewerk.semantic-web.org/normalForm/subClassOf(?D, ?E) >>>
18:52:06 [INFO] Execution step: Body
18:52:06 [INFO] Saved temporary table: 6 entries (6928)
18:52:06 [INFO] Execution step: Duplicate Elimination (Datalog)
18:52:06 [INFO] Saved permanent table http://rulewerk.semantic-web.org/inferred/subClassOf (287) Permutation { idx_to_val: [], val_to_idx: [] } with 6 entries (6976)
18:52:06 [INFO] Rule duration: 0 ms
18:52:06 [INFO] Execution step: Combining Tables
18:52:06 [INFO] Saved permanent table http://rulewerk.semantic-web.org/inferred/subClassOf (281-289) Permutation { idx_to_val: [], val_to_idx: [] } with 125 entries (8698)
18:52:06 [INFO] <<< STEP 288: APPLYING RULE 41 http://rulewerk.semantic-web.org/inferred/subClassOf(?C, ?E) :- http://rulewerk.semantic-web.org/inferred/subClassOf(?C, ?D), http://rulewerk.semantic-web.org/normalForm/subClassOf(?D, ?E) >>>
18:52:06 [INFO] Execution step: Body
18:52:06 [INFO] Saved temporary table: 2 entries (6912)
18:52:06 [INFO] Execution step: Duplicate Elimination (Datalog)
18:52:06 [INFO] Saved permanent table http://rulewerk.semantic-web.org/inferred/subClassOf (288) Permutation { idx_to_val: [], val_to_idx: [] } with 2 entries (6960)
18:52:06 [INFO] Rule duration: 0 ms
18:52:06 [INFO] <<< STEP 289: APPLYING RULE 41 http://rulewerk.semantic-web.org/inferred/subClassOf(?C, ?E) :- http://rulewerk.semantic-web.org/inferred/subClassOf(?C, ?D), http://rulewerk.semantic-web.org/normalForm/subClassOf(?D, ?E) >>>
18:52:06 [INFO] Execution step: Body
18:52:06 [INFO] Saved temporary table: 2 entries (6912)
18:52:06 [INFO] Execution step: Duplicate Elimination (Datalog)
18:52:06 [INFO] Saved permanent table http://rulewerk.semantic-web.org/inferred/subClassOf (289) Permutation { idx_to_val: [], val_to_idx: [] } with 2 entries (6960)
18:52:06 [INFO] Rule duration: 0 ms
18:52:06 [INFO] <<< STEP 290: APPLYING RULE 41 http://rulewerk.semantic-web.org/inferred/subClassOf(?C, ?E) :- http://rulewerk.semantic-web.org/inferred/subClassOf(?C, ?D), http://rulewerk.semantic-web.org/normalForm/subClassOf(?D, ?E) >>>
18:52:06 [INFO] Execution step: Body
18:52:06 [INFO] Saved temporary table: 2 entries (6912)
18:52:06 [INFO] Execution step: Duplicate Elimination (Datalog)
18:52:06 [INFO] Saved permanent table http://rulewerk.semantic-web.org/inferred/subClassOf (290) Permutation { idx_to_val: [], val_to_idx: [] } with 2 entries (6960)
18:52:06 [INFO] Rule duration: 0 ms
18:52:06 [INFO] <<< STEP 291: APPLYING RULE 41 http://rulewerk.semantic-web.org/inferred/subClassOf(?C, ?E) :- http://rulewerk.semantic-web.org/inferred/subClassOf(?C, ?D), http://rulewerk.semantic-web.org/normalForm/subClassOf(?D, ?E) >>>
18:52:06 [INFO] Execution step: Body
18:52:06 [INFO] Trie does not contain any elements
18:52:06 [INFO] Execution step: Duplicate Elimination (Datalog)
18:52:06 [INFO] Trie does not contain any elements
18:52:06 [INFO] Rule duration: 0 ms
18:52:06 [INFO] <<< STEP 292: APPLYING RULE 42 http://rulewerk.semantic-web.org/inferred/subClassOf(?E, "<http://www.w3.org/2002/07/owl#Nothing>") :- http://rulewerk.semantic-web.org/inferred/ex(?E, ?R, ?C), http://rulewerk.semantic-web.org/inferred/subClassOf(?C, ?_BODY_1), Equal(?_BODY_1, "<http://www.w3.org/2002/07/owl#Nothing>") >>>
18:52:06 [INFO] Execution step: Body
18:52:06 [INFO] Trie does not contain any elements
18:52:06 [INFO] Execution step: Duplicate Elimination (Datalog)
18:52:06 [INFO] Trie does not contain any elements
18:52:06 [INFO] Rule duration: 60 ms
18:52:06 [INFO] <<< STEP 293: APPLYING RULE 33 http://rulewerk.semantic-web.org/inferred/init(?C) :- http://rulewerk.semantic-web.org/inferred/ex(?E, ?R, ?C) >>>
18:52:06 [INFO] Execution step: Body
18:52:06 [INFO] Saved temporary table: 1677 entries (10108)
18:52:06 [INFO] Execution step: Duplicate Elimination (Datalog)
18:52:06 [INFO] Saved permanent table http://rulewerk.semantic-web.org/inferred/init (293) Permutation { idx_to_val: [], val_to_idx: [] } with 92 entries (3816)
18:52:06 [INFO] Rule duration: 11 ms
18:52:06 [INFO] <<< STEP 294: APPLYING RULE 34 http://rulewerk.semantic-web.org/inferred/subClassOf(?C, ?C) :- http://rulewerk.semantic-web.org/inferred/init(?C) >>>
18:52:06 [INFO] Execution step: Body
18:52:06 [INFO] Saved temporary table: 92 entries (3768)
18:52:06 [INFO] Execution step: Duplicate Elimination (Datalog)
18:52:06 [INFO] Saved permanent table http://rulewerk.semantic-web.org/inferred/subClassOf (294) Permutation { idx_to_val: [], val_to_idx: [] } with 92 entries (7972)
18:52:06 [INFO] Rule duration: 0 ms
18:52:06 [INFO] <<< STEP 295: APPLYING RULE 36 http://rulewerk.semantic-web.org/inferred/subClassOf(?C, ?D1), http://rulewerk.semantic-web.org/inferred/subClassOf(?C, ?D2) :- http://rulewerk.semantic-web.org/inferred/subClassOf(?C, ?Y), http://rulewerk.semantic-web.org/normalForm/conj(?Y, ?D1, ?D2) >>>
18:52:06 [INFO] Execution step: Body
18:52:06 [INFO] Saved temporary table: 31710 entries (292034)
18:52:06 [INFO] Saved temporary table: 45444 entries (346970)
18:52:06 [INFO] Execution step: Duplicate Elimination (Datalog)
18:52:06 [INFO] Saved permanent table http://rulewerk.semantic-web.org/inferred/subClassOf (295) Permutation { idx_to_val: [], val_to_idx: [] } with 1875 entries (26534)
18:52:06 [INFO] Rule duration: 117 ms
18:52:06 [INFO] <<< STEP 296: APPLYING RULE 36 http://rulewerk.semantic-web.org/inferred/subClassOf(?C, ?D1), http://rulewerk.semantic-web.org/inferred/subClassOf(?C, ?D2) :- http://rulewerk.semantic-web.org/inferred/subClassOf(?C, ?Y), http://rulewerk.semantic-web.org/normalForm/conj(?Y, ?D1, ?D2) >>>
18:52:06 [INFO] Execution step: Body
18:52:06 [INFO] Saved temporary table: 50 entries (7588)
18:52:06 [INFO] Saved temporary table: 50 entries (7588)
18:52:06 [INFO] Execution step: Duplicate Elimination (Datalog)
18:52:06 [INFO] Saved permanent table http://rulewerk.semantic-web.org/inferred/subClassOf (296) Permutation { idx_to_val: [], val_to_idx: [] } with 86 entries (8122)
18:52:06 [INFO] Rule duration: 1 ms
18:52:06 [INFO] <<< STEP 297: APPLYING RULE 36 http://rulewerk.semantic-web.org/inferred/subClassOf(?C, ?D1), http://rulewerk.semantic-web.org/inferred/subClassOf(?C, ?D2) :- http://rulewerk.semantic-web.org/inferred/subClassOf(?C, ?Y), http://rulewerk.semantic-web.org/normalForm/conj(?Y, ?D1, ?D2) >>>
18:52:06 [INFO] Execution step: Body
18:52:06 [INFO] Saved temporary table: 7 entries (7192)
18:52:06 [INFO] Saved temporary table: 7 entries (7192)
18:52:06 [INFO] Execution step: Duplicate Elimination (Datalog)
18:52:06 [INFO] Saved permanent table http://rulewerk.semantic-web.org/inferred/subClassOf (297) Permutation { idx_to_val: [], val_to_idx: [] } with 9 entries (7248)
18:52:06 [INFO] Rule duration: 0 ms
18:52:06 [INFO] <<< STEP 298: APPLYING RULE 36 http://rulewerk.semantic-web.org/inferred/subClassOf(?C, ?D1), http://rulewerk.semantic-web.org/inferred/subClassOf(?C, ?D2) :- http://rulewerk.semantic-web.org/inferred/subClassOf(?C, ?Y), http://rulewerk.semantic-web.org/normalForm/conj(?Y, ?D1, ?D2) >>>
18:52:06 [INFO] Execution step: Body
18:52:06 [INFO] Trie does not contain any elements
18:52:06 [INFO] Trie does not contain any elements
18:52:06 [INFO] Execution step: Duplicate Elimination (Datalog)
18:52:06 [INFO] Trie does not contain any elements
18:52:06 [INFO] Rule duration: 0 ms
18:52:06 [INFO] <<< STEP 299: APPLYING RULE 37 http://rulewerk.semantic-web.org/inferred/subClassOf(?C, ?I) :- http://rulewerk.semantic-web.org/inferred/subClassOf(?C, ?D1), http://rulewerk.semantic-web.org/inferred/subClassOf(?C, ?D2), http://rulewerk.semantic-web.org/normalForm/conj(?I, ?D1, ?D2), http://rulewerk.semantic-web.org/normalForm/isSubClass(?I) >>>
18:52:06 [INFO] Execution step: Body
18:52:06 [INFO] Saved temporary table: 54918 entries (353726)
18:52:06 [INFO] Execution step: Duplicate Elimination (Datalog)
18:52:06 [INFO] Saved permanent table http://rulewerk.semantic-web.org/inferred/subClassOf (299) Permutation { idx_to_val: [], val_to_idx: [] } with 53873 entries (346030)
18:52:06 [INFO] Rule duration: 179 ms
18:52:06 [INFO] Execution step: Combining Tables
18:52:06 [INFO] Saved permanent table http://rulewerk.semantic-web.org/inferred/subClassOf (289-301) Permutation { idx_to_val: [], val_to_idx: [] } with 55939 entries (357858)
18:52:06 [INFO] <<< STEP 300: APPLYING RULE 37 http://rulewerk.semantic-web.org/inferred/subClassOf(?C, ?I) :- http://rulewerk.semantic-web.org/inferred/subClassOf(?C, ?D1), http://rulewerk.semantic-web.org/inferred/subClassOf(?C, ?D2), http://rulewerk.semantic-web.org/normalForm/conj(?I, ?D1, ?D2), http://rulewerk.semantic-web.org/normalForm/isSubClass(?I) >>>
18:52:06 [INFO] Execution step: Body
18:52:06 [INFO] Saved temporary table: 3356 entries (53110)
18:52:06 [INFO] Execution step: Duplicate Elimination (Datalog)
18:52:06 [INFO] Saved permanent table http://rulewerk.semantic-web.org/inferred/subClassOf (300) Permutation { idx_to_val: [], val_to_idx: [] } with 3356 entries (53158)
18:52:06 [INFO] Rule duration: 44 ms
18:52:06 [INFO] <<< STEP 301: APPLYING RULE 37 http://rulewerk.semantic-web.org/inferred/subClassOf(?C, ?I) :- http://rulewerk.semantic-web.org/inferred/subClassOf(?C, ?D1), http://rulewerk.semantic-web.org/inferred/subClassOf(?C, ?D2), http://rulewerk.semantic-web.org/normalForm/conj(?I, ?D1, ?D2), http://rulewerk.semantic-web.org/normalForm/isSubClass(?I) >>>
18:52:06 [INFO] Execution step: Body
18:52:06 [INFO] Saved temporary table: 28 entries (8264)
18:52:06 [INFO] Execution step: Duplicate Elimination (Datalog)
18:52:06 [INFO] Saved permanent table http://rulewerk.semantic-web.org/inferred/subClassOf (301) Permutation { idx_to_val: [], val_to_idx: [] } with 28 entries (8312)
18:52:06 [INFO] Rule duration: 11 ms
18:52:06 [INFO] <<< STEP 302: APPLYING RULE 37 http://rulewerk.semantic-web.org/inferred/subClassOf(?C, ?I) :- http://rulewerk.semantic-web.org/inferred/subClassOf(?C, ?D1), http://rulewerk.semantic-web.org/inferred/subClassOf(?C, ?D2), http://rulewerk.semantic-web.org/normalForm/conj(?I, ?D1, ?D2), http://rulewerk.semantic-web.org/normalForm/isSubClass(?I) >>>
18:52:06 [INFO] Execution step: Body
18:52:06 [INFO] Saved temporary table: 3 entries (6864)
18:52:06 [INFO] Execution step: Duplicate Elimination (Datalog)
18:52:06 [INFO] Saved permanent table http://rulewerk.semantic-web.org/inferred/subClassOf (302) Permutation { idx_to_val: [], val_to_idx: [] } with 3 entries (6912)
18:52:06 [INFO] Rule duration: 10 ms
18:52:06 [INFO] <<< STEP 303: APPLYING RULE 37 http://rulewerk.semantic-web.org/inferred/subClassOf(?C, ?I) :- http://rulewerk.semantic-web.org/inferred/subClassOf(?C, ?D1), http://rulewerk.semantic-web.org/inferred/subClassOf(?C, ?D2), http://rulewerk.semantic-web.org/normalForm/conj(?I, ?D1, ?D2), http://rulewerk.semantic-web.org/normalForm/isSubClass(?I) >>>
18:52:06 [INFO] Execution step: Body
18:52:06 [INFO] Trie does not contain any elements
18:52:06 [INFO] Execution step: Duplicate Elimination (Datalog)
18:52:06 [INFO] Trie does not contain any elements
18:52:06 [INFO] Rule duration: 10 ms
18:52:06 [INFO] <<< STEP 304: APPLYING RULE 38 http://rulewerk.semantic-web.org/inferred/ex(?E, ?R, ?C) :- http://rulewerk.semantic-web.org/inferred/subClassOf(?E, ?Y), http://rulewerk.semantic-web.org/normalForm/exists(?Y, ?R, ?C) >>>
18:52:06 [INFO] Execution step: Body
18:52:06 [INFO] Saved temporary table: 66419 entries (979400)
18:52:06 [INFO] Execution step: Duplicate Elimination (Datalog)
18:52:06 [INFO] Saved permanent table http://rulewerk.semantic-web.org/inferred/ex (304) Permutation { idx_to_val: [], val_to_idx: [] } with 66419 entries (979448)
18:52:06 [INFO] Rule duration: 40 ms
18:52:06 [INFO] <<< STEP 305: APPLYING RULE 39 http://rulewerk.semantic-web.org/inferred/subClassOf(?E, ?Y) :- http://rulewerk.semantic-web.org/inferred/ex(?E, ?R, ?C), http://rulewerk.semantic-web.org/inferred/subClassOf(?C, ?D), http://rulewerk.semantic-web.org/normalForm/subProp(?R, ?S), http://rulewerk.semantic-web.org/normalForm/exists(?Y, ?S, ?D), http://rulewerk.semantic-web.org/normalForm/isSubClass(?Y) >>>
18:52:06 [INFO] Execution step: Body
18:52:06 [INFO] Saved temporary table: 104301 entries (595250)
18:52:06 [INFO] Execution step: Duplicate Elimination (Datalog)
18:52:06 [INFO] Saved permanent table http://rulewerk.semantic-web.org/inferred/subClassOf (305) Permutation { idx_to_val: [], val_to_idx: [] } with 18110 entries (160162)
18:52:06 [INFO] Rule duration: 249 ms
18:52:06 [INFO] <<< STEP 306: APPLYING RULE 39 http://rulewerk.semantic-web.org/inferred/subClassOf(?E, ?Y) :- http://rulewerk.semantic-web.org/inferred/ex(?E, ?R, ?C), http://rulewerk.semantic-web.org/inferred/subClassOf(?C, ?D), http://rulewerk.semantic-web.org/normalForm/subProp(?R, ?S), http://rulewerk.semantic-web.org/normalForm/exists(?Y, ?S, ?D), http://rulewerk.semantic-web.org/normalForm/isSubClass(?Y) >>>
18:52:06 [INFO] Execution step: Body
18:52:06 [INFO] Trie does not contain any elements
18:52:06 [INFO] Execution step: Duplicate Elimination (Datalog)
18:52:06 [INFO] Trie does not contain any elements
18:52:06 [INFO] Rule duration: 5 ms
18:52:06 [INFO] <<< STEP 307: APPLYING RULE 40 http://rulewerk.semantic-web.org/inferred/ex(?E, ?S, ?D) :- http://rulewerk.semantic-web.org/inferred/ex(?E, ?R1, ?C), http://rulewerk.semantic-web.org/inferred/ex(?C, ?R2, ?D), http://rulewerk.semantic-web.org/normalForm/subProp(?R1, ?S1), http://rulewerk.semantic-web.org/normalForm/subProp(?R2, ?S2), http://rulewerk.semantic-web.org/normalForm/subPropChain(?S1, ?S2, ?S) >>>
18:52:06 [INFO] Execution step: Body
18:52:06 [INFO] Trie does not contain any elements
18:52:06 [INFO] Execution step: Duplicate Elimination (Datalog)
18:52:06 [INFO] Trie does not contain any elements
18:52:06 [INFO] Rule duration: 23 ms
18:52:06 [INFO] <<< STEP 308: APPLYING RULE 41 http://rulewerk.semantic-web.org/inferred/subClassOf(?C, ?E) :- http://rulewerk.semantic-web.org/inferred/subClassOf(?C, ?D), http://rulewerk.semantic-web.org/normalForm/subClassOf(?D, ?E) >>>
18:52:06 [INFO] Execution step: Body
18:52:06 [INFO] Saved temporary table: 46213 entries (313722)
18:52:06 [INFO] Execution step: Duplicate Elimination (Datalog)
18:52:06 [INFO] Saved permanent table http://rulewerk.semantic-web.org/inferred/subClassOf (308) Permutation { idx_to_val: [], val_to_idx: [] } with 46209 entries (313754)
18:52:06 [INFO] Rule duration: 55 ms
18:52:06 [INFO] <<< STEP 309: APPLYING RULE 41 http://rulewerk.semantic-web.org/inferred/subClassOf(?C, ?E) :- http://rulewerk.semantic-web.org/inferred/subClassOf(?C, ?D), http://rulewerk.semantic-web.org/normalForm/subClassOf(?D, ?E) >>>
18:52:06 [INFO] Execution step: Body
18:52:06 [INFO] Saved temporary table: 50609 entries (331306)
18:52:06 [INFO] Execution step: Duplicate Elimination (Datalog)
18:52:06 [INFO] Saved permanent table http://rulewerk.semantic-web.org/inferred/subClassOf (309) Permutation { idx_to_val: [], val_to_idx: [] } with 4055 entries (56674)
18:52:06 [INFO] Rule duration: 68 ms
18:52:06 [INFO] <<< STEP 310: APPLYING RULE 41 http://rulewerk.semantic-web.org/inferred/subClassOf(?C, ?E) :- http://rulewerk.semantic-web.org/inferred/subClassOf(?C, ?D), http://rulewerk.semantic-web.org/normalForm/subClassOf(?D, ?E) >>>
18:52:06 [INFO] Execution step: Body
18:52:06 [INFO] Saved temporary table: 989 entries (19990)
18:52:06 [INFO] Execution step: Duplicate Elimination (Datalog)
18:52:06 [INFO] Saved permanent table http://rulewerk.semantic-web.org/inferred/subClassOf (310) Permutation { idx_to_val: [], val_to_idx: [] } with 897 entries (19322)
18:52:06 [INFO] Rule duration: 5 ms
18:52:06 [INFO] <<< STEP 311: APPLYING RULE 41 http://rulewerk.semantic-web.org/inferred/subClassOf(?C, ?E) :- http://rulewerk.semantic-web.org/inferred/subClassOf(?C, ?D), http://rulewerk.semantic-web.org/normalForm/subClassOf(?D, ?E) >>>
18:52:06 [INFO] Execution step: Body
18:52:06 [INFO] Saved temporary table: 1692 entries (22418)
18:52:06 [INFO] Execution step: Duplicate Elimination (Datalog)
18:52:06 [INFO] Saved permanent table http://rulewerk.semantic-web.org/inferred/subClassOf (311) Permutation { idx_to_val: [], val_to_idx: [] } with 1688 entries (22450)
18:52:06 [INFO] Rule duration: 4 ms
18:52:06 [INFO] Execution step: Combining Tables
18:52:06 [INFO] Saved permanent table http://rulewerk.semantic-web.org/inferred/subClassOf (301-313) Permutation { idx_to_val: [], val_to_idx: [] } with 70990 entries (427458)
18:52:06 [INFO] <<< STEP 312: APPLYING RULE 41 http://rulewerk.semantic-web.org/inferred/subClassOf(?C, ?E) :- http://rulewerk.semantic-web.org/inferred/subClassOf(?C, ?D), http://rulewerk.semantic-web.org/normalForm/subClassOf(?D, ?E) >>>
18:52:06 [INFO] Execution step: Body
18:52:06 [INFO] Saved temporary table: 744 entries (18530)
18:52:06 [INFO] Execution step: Duplicate Elimination (Datalog)
18:52:06 [INFO] Saved permanent table http://rulewerk.semantic-web.org/inferred/subClassOf (312) Permutation { idx_to_val: [], val_to_idx: [] } with 737 entries (18550)
18:52:06 [INFO] Rule duration: 3 ms
18:52:06 [INFO] <<< STEP 313: APPLYING RULE 41 http://rulewerk.semantic-web.org/inferred/subClassOf(?C, ?E) :- http://rulewerk.semantic-web.org/inferred/subClassOf(?C, ?D), http://rulewerk.semantic-web.org/normalForm/subClassOf(?D, ?E) >>>
18:52:06 [INFO] Execution step: Body
18:52:06 [INFO] Saved temporary table: 706 entries (18198)
18:52:06 [INFO] Execution step: Duplicate Elimination (Datalog)
18:52:06 [INFO] Saved permanent table http://rulewerk.semantic-web.org/inferred/subClassOf (313) Permutation { idx_to_val: [], val_to_idx: [] } with 704 entries (18238)
18:52:06 [INFO] Rule duration: 3 ms
18:52:06 [INFO] <<< STEP 314: APPLYING RULE 41 http://rulewerk.semantic-web.org/inferred/subClassOf(?C, ?E) :- http://rulewerk.semantic-web.org/inferred/subClassOf(?C, ?D), http://rulewerk.semantic-web.org/normalForm/subClassOf(?D, ?E) >>>
18:52:06 [INFO] Execution step: Body
18:52:06 [INFO] Saved temporary table: 632 entries (16990)
18:52:06 [INFO] Execution step: Duplicate Elimination (Datalog)
18:52:06 [INFO] Saved permanent table http://rulewerk.semantic-web.org/inferred/subClassOf (314) Permutation { idx_to_val: [], val_to_idx: [] } with 619 entries (12228)
18:52:06 [INFO] Rule duration: 3 ms
18:52:06 [INFO] <<< STEP 315: APPLYING RULE 41 http://rulewerk.semantic-web.org/inferred/subClassOf(?C, ?E) :- http://rulewerk.semantic-web.org/inferred/subClassOf(?C, ?D), http://rulewerk.semantic-web.org/normalForm/subClassOf(?D, ?E) >>>
18:52:06 [INFO] Execution step: Body
18:52:06 [INFO] Saved temporary table: 102 entries (8714)
18:52:06 [INFO] Execution step: Duplicate Elimination (Datalog)
18:52:06 [INFO] Saved permanent table http://rulewerk.semantic-web.org/inferred/subClassOf (315) Permutation { idx_to_val: [], val_to_idx: [] } with 102 entries (8762)
18:52:06 [INFO] Rule duration: 1 ms
18:52:06 [INFO] <<< STEP 316: APPLYING RULE 41 http://rulewerk.semantic-web.org/inferred/subClassOf(?C, ?E) :- http://rulewerk.semantic-web.org/inferred/subClassOf(?C, ?D), http://rulewerk.semantic-web.org/normalForm/subClassOf(?D, ?E) >>>
18:52:06 [INFO] Execution step: Body
18:52:06 [INFO] Saved temporary table: 37 entries (8456)
18:52:06 [INFO] Execution step: Duplicate Elimination (Datalog)
18:52:06 [INFO] Saved permanent table http://rulewerk.semantic-web.org/inferred/subClassOf (316) Permutation { idx_to_val: [], val_to_idx: [] } with 37 entries (8504)
18:52:06 [INFO] Rule duration: 0 ms
18:52:06 [INFO] <<< STEP 317: APPLYING RULE 41 http://rulewerk.semantic-web.org/inferred/subClassOf(?C, ?E) :- http://rulewerk.semantic-web.org/inferred/subClassOf(?C, ?D), http://rulewerk.semantic-web.org/normalForm/subClassOf(?D, ?E) >>>
18:52:06 [INFO] Execution step: Body
18:52:06 [INFO] Saved temporary table: 22 entries (8032)
18:52:06 [INFO] Execution step: Duplicate Elimination (Datalog)
18:52:06 [INFO] Saved permanent table http://rulewerk.semantic-web.org/inferred/subClassOf (317) Permutation { idx_to_val: [], val_to_idx: [] } with 22 entries (8080)
18:52:06 [INFO] Rule duration: 0 ms
18:52:06 [INFO] <<< STEP 318: APPLYING RULE 41 http://rulewerk.semantic-web.org/inferred/subClassOf(?C, ?E) :- http://rulewerk.semantic-web.org/inferred/subClassOf(?C, ?D), http://rulewerk.semantic-web.org/normalForm/subClassOf(?D, ?E) >>>
18:52:06 [INFO] Execution step: Body
18:52:06 [INFO] Saved temporary table: 7 entries (7192)
18:52:06 [INFO] Execution step: Duplicate Elimination (Datalog)
18:52:06 [INFO] Saved permanent table http://rulewerk.semantic-web.org/inferred/subClassOf (318) Permutation { idx_to_val: [], val_to_idx: [] } with 7 entries (7240)
18:52:06 [INFO] Rule duration: 0 ms
18:52:06 [INFO] <<< STEP 319: APPLYING RULE 41 http://rulewerk.semantic-web.org/inferred/subClassOf(?C, ?E) :- http://rulewerk.semantic-web.org/inferred/subClassOf(?C, ?D), http://rulewerk.semantic-web.org/normalForm/subClassOf(?D, ?E) >>>
18:52:06 [INFO] Execution step: Body
18:52:06 [INFO] Saved temporary table: 5 entries (7080)
18:52:06 [INFO] Execution step: Duplicate Elimination (Datalog)
18:52:06 [INFO] Saved permanent table http://rulewerk.semantic-web.org/inferred/subClassOf (319) Permutation { idx_to_val: [], val_to_idx: [] } with 5 entries (7128)
18:52:06 [INFO] Rule duration: 0 ms
18:52:06 [INFO] Execution step: Combining Tables
18:52:06 [INFO] Saved permanent table http://rulewerk.semantic-web.org/inferred/subClassOf (313-321) Permutation { idx_to_val: [], val_to_idx: [] } with 1496 entries (21406)
18:52:06 [INFO] <<< STEP 320: APPLYING RULE 41 http://rulewerk.semantic-web.org/inferred/subClassOf(?C, ?E) :- http://rulewerk.semantic-web.org/inferred/subClassOf(?C, ?D), http://rulewerk.semantic-web.org/normalForm/subClassOf(?D, ?E) >>>
18:52:06 [INFO] Execution step: Body
18:52:06 [INFO] Saved temporary table: 1 entries (6856)
18:52:06 [INFO] Execution step: Duplicate Elimination (Datalog)
18:52:06 [INFO] Saved permanent table http://rulewerk.semantic-web.org/inferred/subClassOf (320) Permutation { idx_to_val: [], val_to_idx: [] } with 1 entries (6904)
18:52:06 [INFO] Rule duration: 0 ms
18:52:06 [INFO] <<< STEP 321: APPLYING RULE 41 http://rulewerk.semantic-web.org/inferred/subClassOf(?C, ?E) :- http://rulewerk.semantic-web.org/inferred/subClassOf(?C, ?D), http://rulewerk.semantic-web.org/normalForm/subClassOf(?D, ?E) >>>
18:52:06 [INFO] Execution step: Body
18:52:06 [INFO] Saved temporary table: 1 entries (6856)
18:52:06 [INFO] Execution step: Duplicate Elimination (Datalog)
18:52:06 [INFO] Saved permanent table http://rulewerk.semantic-web.org/inferred/subClassOf (321) Permutation { idx_to_val: [], val_to_idx: [] } with 1 entries (6904)
18:52:06 [INFO] Rule duration: 0 ms
18:52:06 [INFO] <<< STEP 322: APPLYING RULE 41 http://rulewerk.semantic-web.org/inferred/subClassOf(?C, ?E) :- http://rulewerk.semantic-web.org/inferred/subClassOf(?C, ?D), http://rulewerk.semantic-web.org/normalForm/subClassOf(?D, ?E) >>>
18:52:06 [INFO] Execution step: Body
18:52:06 [INFO] Saved temporary table: 3 entries (6864)
18:52:06 [INFO] Execution step: Duplicate Elimination (Datalog)
18:52:06 [INFO] Saved permanent table http://rulewerk.semantic-web.org/inferred/subClassOf (322) Permutation { idx_to_val: [], val_to_idx: [] } with 3 entries (6912)
18:52:06 [INFO] Rule duration: 0 ms
18:52:06 [INFO] <<< STEP 323: APPLYING RULE 41 http://rulewerk.semantic-web.org/inferred/subClassOf(?C, ?E) :- http://rulewerk.semantic-web.org/inferred/subClassOf(?C, ?D), http://rulewerk.semantic-web.org/normalForm/subClassOf(?D, ?E) >>>
18:52:06 [INFO] Execution step: Body
18:52:06 [INFO] Saved temporary table: 1 entries (6856)
18:52:06 [INFO] Execution step: Duplicate Elimination (Datalog)
18:52:06 [INFO] Saved permanent table http://rulewerk.semantic-web.org/inferred/subClassOf (323) Permutation { idx_to_val: [], val_to_idx: [] } with 1 entries (6904)
18:52:06 [INFO] Rule duration: 0 ms
18:52:06 [INFO] <<< STEP 324: APPLYING RULE 41 http://rulewerk.semantic-web.org/inferred/subClassOf(?C, ?E) :- http://rulewerk.semantic-web.org/inferred/subClassOf(?C, ?D), http://rulewerk.semantic-web.org/normalForm/subClassOf(?D, ?E) >>>
18:52:06 [INFO] Execution step: Body
18:52:06 [INFO] Saved temporary table: 1 entries (6856)
18:52:06 [INFO] Execution step: Duplicate Elimination (Datalog)
18:52:06 [INFO] Saved permanent table http://rulewerk.semantic-web.org/inferred/subClassOf (324) Permutation { idx_to_val: [], val_to_idx: [] } with 1 entries (6904)
18:52:06 [INFO] Rule duration: 0 ms
18:52:06 [INFO] <<< STEP 325: APPLYING RULE 41 http://rulewerk.semantic-web.org/inferred/subClassOf(?C, ?E) :- http://rulewerk.semantic-web.org/inferred/subClassOf(?C, ?D), http://rulewerk.semantic-web.org/normalForm/subClassOf(?D, ?E) >>>
18:52:06 [INFO] Execution step: Body
18:52:06 [INFO] Saved temporary table: 3 entries (6864)
18:52:06 [INFO] Execution step: Duplicate Elimination (Datalog)
18:52:06 [INFO] Saved permanent table http://rulewerk.semantic-web.org/inferred/subClassOf (325) Permutation { idx_to_val: [], val_to_idx: [] } with 3 entries (6912)
18:52:06 [INFO] Rule duration: 0 ms
18:52:06 [INFO] <<< STEP 326: APPLYING RULE 41 http://rulewerk.semantic-web.org/inferred/subClassOf(?C, ?E) :- http://rulewerk.semantic-web.org/inferred/subClassOf(?C, ?D), http://rulewerk.semantic-web.org/normalForm/subClassOf(?D, ?E) >>>
18:52:06 [INFO] Execution step: Body
18:52:06 [INFO] Saved temporary table: 1 entries (6856)
18:52:06 [INFO] Execution step: Duplicate Elimination (Datalog)
18:52:06 [INFO] Saved permanent table http://rulewerk.semantic-web.org/inferred/subClassOf (326) Permutation { idx_to_val: [], val_to_idx: [] } with 1 entries (6904)
18:52:06 [INFO] Rule duration: 0 ms
18:52:06 [INFO] <<< STEP 327: APPLYING RULE 41 http://rulewerk.semantic-web.org/inferred/subClassOf(?C, ?E) :- http://rulewerk.semantic-web.org/inferred/subClassOf(?C, ?D), http://rulewerk.semantic-web.org/normalForm/subClassOf(?D, ?E) >>>
18:52:06 [INFO] Execution step: Body
18:52:06 [INFO] Saved temporary table: 1 entries (6856)
18:52:06 [INFO] Execution step: Duplicate Elimination (Datalog)
18:52:06 [INFO] Saved permanent table http://rulewerk.semantic-web.org/inferred/subClassOf (327) Permutation { idx_to_val: [], val_to_idx: [] } with 1 entries (6904)
18:52:06 [INFO] Rule duration: 0 ms
18:52:06 [INFO] Execution step: Combining Tables
18:52:06 [INFO] Saved permanent table http://rulewerk.semantic-web.org/inferred/subClassOf (321-329) Permutation { idx_to_val: [], val_to_idx: [] } with 11 entries (6944)
18:52:06 [INFO] <<< STEP 328: APPLYING RULE 41 http://rulewerk.semantic-web.org/inferred/subClassOf(?C, ?E) :- http://rulewerk.semantic-web.org/inferred/subClassOf(?C, ?D), http://rulewerk.semantic-web.org/normalForm/subClassOf(?D, ?E) >>>
18:52:06 [INFO] Execution step: Body
18:52:06 [INFO] Saved temporary table: 1 entries (6856)
18:52:06 [INFO] Execution step: Duplicate Elimination (Datalog)
18:52:06 [INFO] Saved permanent table http://rulewerk.semantic-web.org/inferred/subClassOf (328) Permutation { idx_to_val: [], val_to_idx: [] } with 1 entries (6904)
18:52:06 [INFO] Rule duration: 0 ms
18:52:06 [INFO] <<< STEP 329: APPLYING RULE 41 http://rulewerk.semantic-web.org/inferred/subClassOf(?C, ?E) :- http://rulewerk.semantic-web.org/inferred/subClassOf(?C, ?D), http://rulewerk.semantic-web.org/normalForm/subClassOf(?D, ?E) >>>
18:52:06 [INFO] Execution step: Body
18:52:06 [INFO] Trie does not contain any elements
18:52:06 [INFO] Execution step: Duplicate Elimination (Datalog)
18:52:06 [INFO] Trie does not contain any elements
18:52:06 [INFO] Rule duration: 0 ms
18:52:06 [INFO] <<< STEP 330: APPLYING RULE 42 http://rulewerk.semantic-web.org/inferred/subClassOf(?E, "<http://www.w3.org/2002/07/owl#Nothing>") :- http://rulewerk.semantic-web.org/inferred/ex(?E, ?R, ?C), http://rulewerk.semantic-web.org/inferred/subClassOf(?C, ?_BODY_1), Equal(?_BODY_1, "<http://www.w3.org/2002/07/owl#Nothing>") >>>
18:52:06 [INFO] Execution step: Body
18:52:07 [INFO] Trie does not contain any elements
18:52:07 [INFO] Execution step: Duplicate Elimination (Datalog)
18:52:07 [INFO] Trie does not contain any elements
18:52:07 [INFO] Rule duration: 58 ms
18:52:07 [INFO] <<< STEP 331: APPLYING RULE 33 http://rulewerk.semantic-web.org/inferred/init(?C) :- http://rulewerk.semantic-web.org/inferred/ex(?E, ?R, ?C) >>>
18:52:07 [INFO] Execution step: Body
18:52:07 [INFO] Saved temporary table: 988 entries (7352)
18:52:07 [INFO] Execution step: Duplicate Elimination (Datalog)
18:52:07 [INFO] Saved permanent table http://rulewerk.semantic-web.org/inferred/init (331) Permutation { idx_to_val: [], val_to_idx: [] } with 4 entries (3464)
18:52:07 [INFO] Rule duration: 11 ms
18:52:07 [INFO] <<< STEP 332: APPLYING RULE 34 http://rulewerk.semantic-web.org/inferred/subClassOf(?C, ?C) :- http://rulewerk.semantic-web.org/inferred/init(?C) >>>
18:52:07 [INFO] Execution step: Body
18:52:07 [INFO] Saved temporary table: 4 entries (3416)
18:52:07 [INFO] Execution step: Duplicate Elimination (Datalog)
18:52:07 [INFO] Saved permanent table http://rulewerk.semantic-web.org/inferred/subClassOf (332) Permutation { idx_to_val: [], val_to_idx: [] } with 4 entries (7072)
18:52:07 [INFO] Rule duration: 0 ms
18:52:07 [INFO] <<< STEP 333: APPLYING RULE 36 http://rulewerk.semantic-web.org/inferred/subClassOf(?C, ?D1), http://rulewerk.semantic-web.org/inferred/subClassOf(?C, ?D2) :- http://rulewerk.semantic-web.org/inferred/subClassOf(?C, ?Y), http://rulewerk.semantic-web.org/normalForm/conj(?Y, ?D1, ?D2) >>>
18:52:07 [INFO] Execution step: Body
18:52:07 [INFO] Saved temporary table: 30489 entries (254414)
18:52:07 [INFO] Saved temporary table: 45784 entries (315594)
18:52:07 [INFO] Execution step: Duplicate Elimination (Datalog)
18:52:07 [INFO] Saved permanent table http://rulewerk.semantic-web.org/inferred/subClassOf (333) Permutation { idx_to_val: [], val_to_idx: [] } with 502 entries (12342)
18:52:07 [INFO] Rule duration: 148 ms
18:52:07 [INFO] <<< STEP 334: APPLYING RULE 36 http://rulewerk.semantic-web.org/inferred/subClassOf(?C, ?D1), http://rulewerk.semantic-web.org/inferred/subClassOf(?C, ?D2) :- http://rulewerk.semantic-web.org/inferred/subClassOf(?C, ?Y), http://rulewerk.semantic-web.org/normalForm/conj(?Y, ?D1, ?D2) >>>
18:52:07 [INFO] Execution step: Body
18:52:07 [INFO] Saved temporary table: 10 entries (7360)
18:52:07 [INFO] Saved temporary table: 10 entries (7360)
18:52:07 [INFO] Execution step: Duplicate Elimination (Datalog)
18:52:07 [INFO] Saved permanent table http://rulewerk.semantic-web.org/inferred/subClassOf (334) Permutation { idx_to_val: [], val_to_idx: [] } with 18 entries (7440)
18:52:07 [INFO] Rule duration: 1 ms
18:52:07 [INFO] <<< STEP 335: APPLYING RULE 36 http://rulewerk.semantic-web.org/inferred/subClassOf(?C, ?D1), http://rulewerk.semantic-web.org/inferred/subClassOf(?C, ?D2) :- http://rulewerk.semantic-web.org/inferred/subClassOf(?C, ?Y), http://rulewerk.semantic-web.org/normalForm/conj(?Y, ?D1, ?D2) >>>
18:52:07 [INFO] Execution step: Body
18:52:07 [INFO] Saved temporary table: 2 entries (6912)
18:52:07 [INFO] Saved temporary table: 2 entries (6912)
18:52:07 [INFO] Execution step: Duplicate Elimination (Datalog)
18:52:07 [INFO] Saved permanent table http://rulewerk.semantic-web.org/inferred/subClassOf (335) Permutation { idx_to_val: [], val_to_idx: [] } with 3 entries (6964)
18:52:07 [INFO] Rule duration: 0 ms
18:52:07 [INFO] <<< STEP 336: APPLYING RULE 36 http://rulewerk.semantic-web.org/inferred/subClassOf(?C, ?D1), http://rulewerk.semantic-web.org/inferred/subClassOf(?C, ?D2) :- http://rulewerk.semantic-web.org/inferred/subClassOf(?C, ?Y), http://rulewerk.semantic-web.org/normalForm/conj(?Y, ?D1, ?D2) >>>
18:52:07 [INFO] Execution step: Body
18:52:07 [INFO] Trie does not contain any elements
18:52:07 [INFO] Trie does not contain any elements
18:52:07 [INFO] Execution step: Duplicate Elimination (Datalog)
18:52:07 [INFO] Trie does not contain any elements
18:52:07 [INFO] Rule duration: 0 ms
18:52:07 [INFO] <<< STEP 337: APPLYING RULE 37 http://rulewerk.semantic-web.org/inferred/subClassOf(?C, ?I) :- http://rulewerk.semantic-web.org/inferred/subClassOf(?C, ?D1), http://rulewerk.semantic-web.org/inferred/subClassOf(?C, ?D2), http://rulewerk.semantic-web.org/normalForm/conj(?I, ?D1, ?D2), http://rulewerk.semantic-web.org/normalForm/isSubClass(?I) >>>
18:52:07 [INFO] Execution step: Body
18:52:07 [INFO] Saved temporary table: 26984 entries (188830)
18:52:07 [INFO] Execution step: Duplicate Elimination (Datalog)
18:52:07 [INFO] Saved permanent table http://rulewerk.semantic-web.org/inferred/subClassOf (337) Permutation { idx_to_val: [], val_to_idx: [] } with 26709 entries (186638)
18:52:07 [INFO] Rule duration: 184 ms
18:52:07 [INFO] <<< STEP 338: APPLYING RULE 37 http://rulewerk.semantic-web.org/inferred/subClassOf(?C, ?I) :- http://rulewerk.semantic-web.org/inferred/subClassOf(?C, ?D1), http://rulewerk.semantic-web.org/inferred/subClassOf(?C, ?D2), http://rulewerk.semantic-web.org/normalForm/conj(?I, ?D1, ?D2), http://rulewerk.semantic-web.org/normalForm/isSubClass(?I) >>>
18:52:07 [INFO] Execution step: Body
18:52:07 [INFO] Saved temporary table: 2580 entries (36818)
18:52:07 [INFO] Execution step: Duplicate Elimination (Datalog)
18:52:07 [INFO] Saved permanent table http://rulewerk.semantic-web.org/inferred/subClassOf (338) Permutation { idx_to_val: [], val_to_idx: [] } with 2580 entries (36866)
18:52:07 [INFO] Rule duration: 34 ms
18:52:07 [INFO] <<< STEP 339: APPLYING RULE 37 http://rulewerk.semantic-web.org/inferred/subClassOf(?C, ?I) :- http://rulewerk.semantic-web.org/inferred/subClassOf(?C, ?D1), http://rulewerk.semantic-web.org/inferred/subClassOf(?C, ?D2), http://rulewerk.semantic-web.org/normalForm/conj(?I, ?D1, ?D2), http://rulewerk.semantic-web.org/normalForm/isSubClass(?I) >>>
18:52:07 [INFO] Execution step: Body
18:52:07 [INFO] Saved temporary table: 7 entries (7192)
18:52:07 [INFO] Execution step: Duplicate Elimination (Datalog)
18:52:07 [INFO] Saved permanent table http://rulewerk.semantic-web.org/inferred/subClassOf (339) Permutation { idx_to_val: [], val_to_idx: [] } with 7 entries (7240)
18:52:07 [INFO] Rule duration: 13 ms
18:52:07 [INFO] Execution step: Combining Tables
18:52:07 [INFO] Saved permanent table http://rulewerk.semantic-web.org/inferred/subClassOf (329-341) Permutation { idx_to_val: [], val_to_idx: [] } with 29823 entries (200234)
18:52:07 [INFO] <<< STEP 340: APPLYING RULE 37 http://rulewerk.semantic-web.org/inferred/subClassOf(?C, ?I) :- http://rulewerk.semantic-web.org/inferred/subClassOf(?C, ?D1), http://rulewerk.semantic-web.org/inferred/subClassOf(?C, ?D2), http://rulewerk.semantic-web.org/normalForm/conj(?I, ?D1, ?D2), http://rulewerk.semantic-web.org/normalForm/isSubClass(?I) >>>
18:52:07 [INFO] Execution step: Body
18:52:07 [INFO] Trie does not contain any elements
18:52:07 [INFO] Execution step: Duplicate Elimination (Datalog)
18:52:07 [INFO] Trie does not contain any elements
18:52:07 [INFO] Rule duration: 12 ms
18:52:07 [INFO] <<< STEP 341: APPLYING RULE 38 http://rulewerk.semantic-web.org/inferred/ex(?E, ?R, ?C) :- http://rulewerk.semantic-web.org/inferred/subClassOf(?E, ?Y), http://rulewerk.semantic-web.org/normalForm/exists(?Y, ?R, ?C) >>>
18:52:07 [INFO] Execution step: Body
18:52:07 [INFO] Saved temporary table: 22389 entries (388968)
18:52:07 [INFO] Execution step: Duplicate Elimination (Datalog)
18:52:07 [INFO] Saved permanent table http://rulewerk.semantic-web.org/inferred/ex (341) Permutation { idx_to_val: [], val_to_idx: [] } with 22389 entries (389016)
18:52:07 [INFO] Rule duration: 16 ms
18:52:07 [INFO] <<< STEP 342: APPLYING RULE 39 http://rulewerk.semantic-web.org/inferred/subClassOf(?E, ?Y) :- http://rulewerk.semantic-web.org/inferred/ex(?E, ?R, ?C), http://rulewerk.semantic-web.org/inferred/subClassOf(?C, ?D), http://rulewerk.semantic-web.org/normalForm/subProp(?R, ?S), http://rulewerk.semantic-web.org/normalForm/exists(?Y, ?S, ?D), http://rulewerk.semantic-web.org/normalForm/isSubClass(?Y) >>>
18:52:07 [INFO] Execution step: Body
18:52:07 [INFO] Saved temporary table: 50875 entries (314178)
18:52:07 [INFO] Execution step: Duplicate Elimination (Datalog)
18:52:07 [INFO] Saved permanent table http://rulewerk.semantic-web.org/inferred/subClassOf (342) Permutation { idx_to_val: [], val_to_idx: [] } with 7641 entries (83978)
18:52:07 [INFO] Rule duration: 132 ms
18:52:07 [INFO] <<< STEP 343: APPLYING RULE 39 http://rulewerk.semantic-web.org/inferred/subClassOf(?E, ?Y) :- http://rulewerk.semantic-web.org/inferred/ex(?E, ?R, ?C), http://rulewerk.semantic-web.org/inferred/subClassOf(?C, ?D), http://rulewerk.semantic-web.org/normalForm/subProp(?R, ?S), http://rulewerk.semantic-web.org/normalForm/exists(?Y, ?S, ?D), http://rulewerk.semantic-web.org/normalForm/isSubClass(?Y) >>>
18:52:07 [INFO] Execution step: Body
18:52:07 [INFO] Trie does not contain any elements
18:52:07 [INFO] Execution step: Duplicate Elimination (Datalog)
18:52:07 [INFO] Trie does not contain any elements
18:52:07 [INFO] Rule duration: 2 ms
18:52:07 [INFO] <<< STEP 344: APPLYING RULE 40 http://rulewerk.semantic-web.org/inferred/ex(?E, ?S, ?D) :- http://rulewerk.semantic-web.org/inferred/ex(?E, ?R1, ?C), http://rulewerk.semantic-web.org/inferred/ex(?C, ?R2, ?D), http://rulewerk.semantic-web.org/normalForm/subProp(?R1, ?S1), http://rulewerk.semantic-web.org/normalForm/subProp(?R2, ?S2), http://rulewerk.semantic-web.org/normalForm/subPropChain(?S1, ?S2, ?S) >>>
18:52:07 [INFO] Execution step: Body
18:52:07 [INFO] Trie does not contain any elements
18:52:07 [INFO] Execution step: Duplicate Elimination (Datalog)
18:52:07 [INFO] Trie does not contain any elements
18:52:07 [INFO] Rule duration: 7 ms
18:52:07 [INFO] <<< STEP 345: APPLYING RULE 41 http://rulewerk.semantic-web.org/inferred/subClassOf(?C, ?E) :- http://rulewerk.semantic-web.org/inferred/subClassOf(?C, ?D), http://rulewerk.semantic-web.org/normalForm/subClassOf(?D, ?E) >>>
18:52:07 [INFO] Execution step: Body
18:52:07 [INFO] Saved temporary table: 21281 entries (163306)
18:52:07 [INFO] Execution step: Duplicate Elimination (Datalog)
18:52:07 [INFO] Saved permanent table http://rulewerk.semantic-web.org/inferred/subClassOf (345) Permutation { idx_to_val: [], val_to_idx: [] } with 21281 entries (163354)
18:52:07 [INFO] Rule duration: 42 ms
18:52:07 [INFO] <<< STEP 346: APPLYING RULE 41 http://rulewerk.semantic-web.org/inferred/subClassOf(?C, ?E) :- http://rulewerk.semantic-web.org/inferred/subClassOf(?C, ?D), http://rulewerk.semantic-web.org/normalForm/subClassOf(?D, ?E) >>>
18:52:07 [INFO] Execution step: Body
18:52:07 [INFO] Saved temporary table: 23595 entries (172562)
18:52:07 [INFO] Execution step: Duplicate Elimination (Datalog)
18:52:07 [INFO] Saved permanent table http://rulewerk.semantic-web.org/inferred/subClassOf (346) Permutation { idx_to_val: [], val_to_idx: [] } with 1338 entries (24686)
18:52:07 [INFO] Rule duration: 41 ms
18:52:07 [INFO] <<< STEP 347: APPLYING RULE 41 http://rulewerk.semantic-web.org/inferred/subClassOf(?C, ?E) :- http://rulewerk.semantic-web.org/inferred/subClassOf(?C, ?D), http://rulewerk.semantic-web.org/normalForm/subClassOf(?D, ?E) >>>
18:52:07 [INFO] Execution step: Body
18:52:07 [INFO] Saved temporary table: 284 entries (11278)
18:52:07 [INFO] Execution step: Duplicate Elimination (Datalog)
18:52:07 [INFO] Saved permanent table http://rulewerk.semantic-web.org/inferred/subClassOf (347) Permutation { idx_to_val: [], val_to_idx: [] } with 256 entries (11154)
18:52:07 [INFO] Rule duration: 2 ms
18:52:07 [INFO] <<< STEP 348: APPLYING RULE 41 http://rulewerk.semantic-web.org/inferred/subClassOf(?C, ?E) :- http://rulewerk.semantic-web.org/inferred/subClassOf(?C, ?D), http://rulewerk.semantic-web.org/normalForm/subClassOf(?D, ?E) >>>
18:52:07 [INFO] Execution step: Body
18:52:07 [INFO] Saved temporary table: 502 entries (12090)
18:52:07 [INFO] Execution step: Duplicate Elimination (Datalog)
18:52:07 [INFO] Saved permanent table http://rulewerk.semantic-web.org/inferred/subClassOf (348) Permutation { idx_to_val: [], val_to_idx: [] } with 502 entries (12138)
18:52:07 [INFO] Rule duration: 1 ms
18:52:07 [INFO] <<< STEP 349: APPLYING RULE 41 http://rulewerk.semantic-web.org/inferred/subClassOf(?C, ?E) :- http://rulewerk.semantic-web.org/inferred/subClassOf(?C, ?D), http://rulewerk.semantic-web.org/normalForm/subClassOf(?D, ?E) >>>
18:52:07 [INFO] Execution step: Body
18:52:07 [INFO] Saved temporary table: 254 entries (11098)
18:52:07 [INFO] Execution step: Duplicate Elimination (Datalog)
18:52:07 [INFO] Saved permanent table http://rulewerk.semantic-web.org/inferred/subClassOf (349) Permutation { idx_to_val: [], val_to_idx: [] } with 252 entries (11138)
18:52:07 [INFO] Rule duration: 1 ms
18:52:07 [INFO] <<< STEP 350: APPLYING RULE 41 http://rulewerk.semantic-web.org/inferred/subClassOf(?C, ?E) :- http://rulewerk.semantic-web.org/inferred/subClassOf(?C, ?D), http://rulewerk.semantic-web.org/normalForm/subClassOf(?D, ?E) >>>
18:52:07 [INFO] Execution step: Body
18:52:07 [INFO] Saved temporary table: 250 entries (11058)
18:52:07 [INFO] Execution step: Duplicate Elimination (Datalog)
18:52:07 [INFO] Saved permanent table http://rulewerk.semantic-web.org/inferred/subClassOf (350) Permutation { idx_to_val: [], val_to_idx: [] } with 250 entries (11106)
18:52:07 [INFO] Rule duration: 1 ms
18:52:07 [INFO] <<< STEP 351: APPLYING RULE 41 http://rulewerk.semantic-web.org/inferred/subClassOf(?C, ?E) :- http://rulewerk.semantic-web.org/inferred/subClassOf(?C, ?D), http://rulewerk.semantic-web.org/normalForm/subClassOf(?D, ?E) >>>
18:52:07 [INFO] Execution step: Body
18:52:07 [INFO] Saved temporary table: 258 entries (11066)
18:52:07 [INFO] Execution step: Duplicate Elimination (Datalog)
18:52:07 [INFO] Saved permanent table http://rulewerk.semantic-web.org/inferred/subClassOf (351) Permutation { idx_to_val: [], val_to_idx: [] } with 252 entries (11090)
18:52:07 [INFO] Rule duration: 2 ms
18:52:07 [INFO] Execution step: Combining Tables
18:52:07 [INFO] Saved permanent table http://rulewerk.semantic-web.org/inferred/subClassOf (341-353) Permutation { idx_to_val: [], val_to_idx: [] } with 31772 entries (222274)
18:52:07 [INFO] <<< STEP 352: APPLYING RULE 41 http://rulewerk.semantic-web.org/inferred/subClassOf(?C, ?E) :- http://rulewerk.semantic-web.org/inferred/subClassOf(?C, ?D), http://rulewerk.semantic-web.org/normalForm/subClassOf(?D, ?E) >>>
18:52:07 [INFO] Execution step: Body
18:52:07 [INFO] Saved temporary table: 108 entries (8052)
18:52:07 [INFO] Execution step: Duplicate Elimination (Datalog)
18:52:07 [INFO] Saved permanent table http://rulewerk.semantic-web.org/inferred/subClassOf (352) Permutation { idx_to_val: [], val_to_idx: [] } with 108 entries (8100)
18:52:07 [INFO] Rule duration: 1 ms
18:52:07 [INFO] <<< STEP 353: APPLYING RULE 41 http://rulewerk.semantic-web.org/inferred/subClassOf(?C, ?E) :- http://rulewerk.semantic-web.org/inferred/subClassOf(?C, ?D), http://rulewerk.semantic-web.org/normalForm/subClassOf(?D, ?E) >>>
18:52:07 [INFO] Execution step: Body
18:52:07 [INFO] Saved temporary table: 5 entries (7080)
18:52:07 [INFO] Execution step: Duplicate Elimination (Datalog)
18:52:07 [INFO] Saved permanent table http://rulewerk.semantic-web.org/inferred/subClassOf (353) Permutation { idx_to_val: [], val_to_idx: [] } with 5 entries (7128)
18:52:07 [INFO] Rule duration: 0 ms
18:52:07 [INFO] <<< STEP 354: APPLYING RULE 41 http://rulewerk.semantic-web.org/inferred/subClassOf(?C, ?E) :- http://rulewerk.semantic-web.org/inferred/subClassOf(?C, ?D), http://rulewerk.semantic-web.org/normalForm/subClassOf(?D, ?E) >>>
18:52:07 [INFO] Execution step: Body
18:52:07 [INFO] Saved temporary table: 5 entries (7080)
18:52:07 [INFO] Execution step: Duplicate Elimination (Datalog)
18:52:07 [INFO] Saved permanent table http://rulewerk.semantic-web.org/inferred/subClassOf (354) Permutation { idx_to_val: [], val_to_idx: [] } with 5 entries (7128)
18:52:07 [INFO] Rule duration: 0 ms
18:52:07 [INFO] <<< STEP 355: APPLYING RULE 41 http://rulewerk.semantic-web.org/inferred/subClassOf(?C, ?E) :- http://rulewerk.semantic-web.org/inferred/subClassOf(?C, ?D), http://rulewerk.semantic-web.org/normalForm/subClassOf(?D, ?E) >>>
18:52:07 [INFO] Execution step: Body
18:52:07 [INFO] Trie does not contain any elements
18:52:07 [INFO] Execution step: Duplicate Elimination (Datalog)
18:52:07 [INFO] Trie does not contain any elements
18:52:07 [INFO] Rule duration: 0 ms
18:52:07 [INFO] <<< STEP 356: APPLYING RULE 42 http://rulewerk.semantic-web.org/inferred/subClassOf(?E, "<http://www.w3.org/2002/07/owl#Nothing>") :- http://rulewerk.semantic-web.org/inferred/ex(?E, ?R, ?C), http://rulewerk.semantic-web.org/inferred/subClassOf(?C, ?_BODY_1), Equal(?_BODY_1, "<http://www.w3.org/2002/07/owl#Nothing>") >>>
18:52:07 [INFO] Execution step: Body
18:52:07 [INFO] Trie does not contain any elements
18:52:07 [INFO] Execution step: Duplicate Elimination (Datalog)
18:52:07 [INFO] Trie does not contain any elements
18:52:07 [INFO] Rule duration: 26 ms
18:52:07 [INFO] <<< STEP 357: APPLYING RULE 33 http://rulewerk.semantic-web.org/inferred/init(?C) :- http://rulewerk.semantic-web.org/inferred/ex(?E, ?R, ?C) >>>
18:52:07 [INFO] Execution step: Body
18:52:07 [INFO] Saved temporary table: 487 entries (5348)
18:52:07 [INFO] Execution step: Duplicate Elimination (Datalog)
18:52:07 [INFO] Trie does not contain any elements
18:52:07 [INFO] Rule duration: 3 ms
18:52:07 [INFO] <<< STEP 358: APPLYING RULE 34 http://rulewerk.semantic-web.org/inferred/subClassOf(?C, ?C) :- http://rulewerk.semantic-web.org/inferred/init(?C) >>>
18:52:07 [INFO] Execution step: Body
18:52:07 [INFO] Trie does not contain any elements
18:52:07 [INFO] Execution step: Duplicate Elimination (Datalog)
18:52:07 [INFO] Trie does not contain any elements
18:52:07 [INFO] Rule duration: 0 ms
18:52:07 [INFO] <<< STEP 359: APPLYING RULE 36 http://rulewerk.semantic-web.org/inferred/subClassOf(?C, ?D1), http://rulewerk.semantic-web.org/inferred/subClassOf(?C, ?D2) :- http://rulewerk.semantic-web.org/inferred/subClassOf(?C, ?Y), http://rulewerk.semantic-web.org/normalForm/conj(?Y, ?D1, ?D2) >>>
18:52:07 [INFO] Execution step: Body
18:52:07 [INFO] Saved temporary table: 17479 entries (149766)
18:52:07 [INFO] Saved temporary table: 21175 entries (164550)
18:52:07 [INFO] Execution step: Duplicate Elimination (Datalog)
18:52:07 [INFO] Saved permanent table http://rulewerk.semantic-web.org/inferred/subClassOf (359) Permutation { idx_to_val: [], val_to_idx: [] } with 25 entries (7676)
18:52:07 [INFO] Rule duration: 76 ms
18:52:07 [INFO] <<< STEP 360: APPLYING RULE 36 http://rulewerk.semantic-web.org/inferred/subClassOf(?C, ?D1), http://rulewerk.semantic-web.org/inferred/subClassOf(?C, ?D2) :- http://rulewerk.semantic-web.org/inferred/subClassOf(?C, ?Y), http://rulewerk.semantic-web.org/normalForm/conj(?Y, ?D1, ?D2) >>>
18:52:07 [INFO] Execution step: Body
18:52:07 [INFO] Saved temporary table: 1 entries (6856)
18:52:07 [INFO] Saved temporary table: 1 entries (6856)
18:52:07 [INFO] Execution step: Duplicate Elimination (Datalog)
18:52:07 [INFO] Saved permanent table http://rulewerk.semantic-web.org/inferred/subClassOf (360) Permutation { idx_to_val: [], val_to_idx: [] } with 2 entries (6908)
18:52:07 [INFO] Rule duration: 0 ms
18:52:07 [INFO] <<< STEP 361: APPLYING RULE 36 http://rulewerk.semantic-web.org/inferred/subClassOf(?C, ?D1), http://rulewerk.semantic-web.org/inferred/subClassOf(?C, ?D2) :- http://rulewerk.semantic-web.org/inferred/subClassOf(?C, ?Y), http://rulewerk.semantic-web.org/normalForm/conj(?Y, ?D1, ?D2) >>>
18:52:07 [INFO] Execution step: Body
18:52:07 [INFO] Trie does not contain any elements
18:52:07 [INFO] Trie does not contain any elements
18:52:07 [INFO] Execution step: Duplicate Elimination (Datalog)
18:52:07 [INFO] Trie does not contain any elements
18:52:07 [INFO] Rule duration: 0 ms
18:52:07 [INFO] <<< STEP 362: APPLYING RULE 37 http://rulewerk.semantic-web.org/inferred/subClassOf(?C, ?I) :- http://rulewerk.semantic-web.org/inferred/subClassOf(?C, ?D1), http://rulewerk.semantic-web.org/inferred/subClassOf(?C, ?D2), http://rulewerk.semantic-web.org/normalForm/conj(?I, ?D1, ?D2), http://rulewerk.semantic-web.org/normalForm/isSubClass(?I) >>>
18:52:07 [INFO] Execution step: Body
18:52:07 [INFO] Saved temporary table: 10310 entries (85618)
18:52:07 [INFO] Execution step: Duplicate Elimination (Datalog)
18:52:07 [INFO] Saved permanent table http://rulewerk.semantic-web.org/inferred/subClassOf (362) Permutation { idx_to_val: [], val_to_idx: [] } with 10295 entries (85606)
18:52:07 [INFO] Rule duration: 73 ms
18:52:07 [INFO] <<< STEP 363: APPLYING RULE 37 http://rulewerk.semantic-web.org/inferred/subClassOf(?C, ?I) :- http://rulewerk.semantic-web.org/inferred/subClassOf(?C, ?D1), http://rulewerk.semantic-web.org/inferred/subClassOf(?C, ?D2), http://rulewerk.semantic-web.org/normalForm/conj(?I, ?D1, ?D2), http://rulewerk.semantic-web.org/normalForm/isSubClass(?I) >>>
18:52:07 [INFO] Execution step: Body
18:52:07 [INFO] Saved temporary table: 1197 entries (21158)
18:52:07 [INFO] Execution step: Duplicate Elimination (Datalog)
18:52:07 [INFO] Saved permanent table http://rulewerk.semantic-web.org/inferred/subClassOf (363) Permutation { idx_to_val: [], val_to_idx: [] } with 1197 entries (21206)
18:52:07 [INFO] Rule duration: 25 ms
18:52:07 [INFO] <<< STEP 364: APPLYING RULE 37 http://rulewerk.semantic-web.org/inferred/subClassOf(?C, ?I) :- http://rulewerk.semantic-web.org/inferred/subClassOf(?C, ?D1), http://rulewerk.semantic-web.org/inferred/subClassOf(?C, ?D2), http://rulewerk.semantic-web.org/normalForm/conj(?I, ?D1, ?D2), http://rulewerk.semantic-web.org/normalForm/isSubClass(?I) >>>
18:52:07 [INFO] Execution step: Body
18:52:07 [INFO] Saved temporary table: 10 entries (7360)
18:52:07 [INFO] Execution step: Duplicate Elimination (Datalog)
18:52:07 [INFO] Saved permanent table http://rulewerk.semantic-web.org/inferred/subClassOf (364) Permutation { idx_to_val: [], val_to_idx: [] } with 10 entries (7408)
18:52:07 [INFO] Rule duration: 14 ms
18:52:07 [INFO] Execution step: Combining Tables
18:52:07 [INFO] Saved permanent table http://rulewerk.semantic-web.org/inferred/subClassOf (353-366) Permutation { idx_to_val: [], val_to_idx: [] } with 11539 entries (90582)
18:52:07 [INFO] <<< STEP 365: APPLYING RULE 37 http://rulewerk.semantic-web.org/inferred/subClassOf(?C, ?I) :- http://rulewerk.semantic-web.org/inferred/subClassOf(?C, ?D1), http://rulewerk.semantic-web.org/inferred/subClassOf(?C, ?D2), http://rulewerk.semantic-web.org/normalForm/conj(?I, ?D1, ?D2), http://rulewerk.semantic-web.org/normalForm/isSubClass(?I) >>>
18:52:07 [INFO] Execution step: Body
18:52:07 [INFO] Trie does not contain any elements
18:52:07 [INFO] Execution step: Duplicate Elimination (Datalog)
18:52:07 [INFO] Trie does not contain any elements
18:52:07 [INFO] Rule duration: 13 ms
18:52:07 [INFO] <<< STEP 366: APPLYING RULE 38 http://rulewerk.semantic-web.org/inferred/ex(?E, ?R, ?C) :- http://rulewerk.semantic-web.org/inferred/subClassOf(?E, ?Y), http://rulewerk.semantic-web.org/normalForm/exists(?Y, ?R, ?C) >>>
18:52:07 [INFO] Execution step: Body
18:52:07 [INFO] Saved temporary table: 8897 entries (173552)
18:52:07 [INFO] Execution step: Duplicate Elimination (Datalog)
18:52:07 [INFO] Saved permanent table http://rulewerk.semantic-web.org/inferred/ex (366) Permutation { idx_to_val: [], val_to_idx: [] } with 8897 entries (173600)
18:52:07 [INFO] Rule duration: 7 ms
18:52:07 [INFO] <<< STEP 367: APPLYING RULE 39 http://rulewerk.semantic-web.org/inferred/subClassOf(?E, ?Y) :- http://rulewerk.semantic-web.org/inferred/ex(?E, ?R, ?C), http://rulewerk.semantic-web.org/inferred/subClassOf(?C, ?D), http://rulewerk.semantic-web.org/normalForm/subProp(?R, ?S), http://rulewerk.semantic-web.org/normalForm/exists(?Y, ?S, ?D), http://rulewerk.semantic-web.org/normalForm/isSubClass(?Y) >>>
18:52:07 [INFO] Execution step: Body
18:52:07 [INFO] Saved temporary table: 18389 entries (136438)
18:52:07 [INFO] Execution step: Duplicate Elimination (Datalog)
18:52:08 [INFO] Saved permanent table http://rulewerk.semantic-web.org/inferred/subClassOf (367) Permutation { idx_to_val: [], val_to_idx: [] } with 2027 entries (29698)
18:52:08 [INFO] Rule duration: 80 ms
18:52:08 [INFO] <<< STEP 368: APPLYING RULE 39 http://rulewerk.semantic-web.org/inferred/subClassOf(?E, ?Y) :- http://rulewerk.semantic-web.org/inferred/ex(?E, ?R, ?C), http://rulewerk.semantic-web.org/inferred/subClassOf(?C, ?D), http://rulewerk.semantic-web.org/normalForm/subProp(?R, ?S), http://rulewerk.semantic-web.org/normalForm/exists(?Y, ?S, ?D), http://rulewerk.semantic-web.org/normalForm/isSubClass(?Y) >>>
18:52:08 [INFO] Execution step: Body
18:52:08 [INFO] Trie does not contain any elements
18:52:08 [INFO] Execution step: Duplicate Elimination (Datalog)
18:52:08 [INFO] Trie does not contain any elements
18:52:08 [INFO] Rule duration: 1 ms
18:52:08 [INFO] <<< STEP 369: APPLYING RULE 40 http://rulewerk.semantic-web.org/inferred/ex(?E, ?S, ?D) :- http://rulewerk.semantic-web.org/inferred/ex(?E, ?R1, ?C), http://rulewerk.semantic-web.org/inferred/ex(?C, ?R2, ?D), http://rulewerk.semantic-web.org/normalForm/subProp(?R1, ?S1), http://rulewerk.semantic-web.org/normalForm/subProp(?R2, ?S2), http://rulewerk.semantic-web.org/normalForm/subPropChain(?S1, ?S2, ?S) >>>
18:52:08 [INFO] Execution step: Body
18:52:08 [INFO] Trie does not contain any elements
18:52:08 [INFO] Execution step: Duplicate Elimination (Datalog)
18:52:08 [INFO] Trie does not contain any elements
18:52:08 [INFO] Rule duration: 3 ms
18:52:08 [INFO] <<< STEP 370: APPLYING RULE 41 http://rulewerk.semantic-web.org/inferred/subClassOf(?C, ?E) :- http://rulewerk.semantic-web.org/inferred/subClassOf(?C, ?D), http://rulewerk.semantic-web.org/normalForm/subClassOf(?D, ?E) >>>
18:52:08 [INFO] Execution step: Body
18:52:08 [INFO] Saved temporary table: 8028 entries (73886)
18:52:08 [INFO] Execution step: Duplicate Elimination (Datalog)
18:52:08 [INFO] Saved permanent table http://rulewerk.semantic-web.org/inferred/subClassOf (370) Permutation { idx_to_val: [], val_to_idx: [] } with 8028 entries (73934)
18:52:08 [INFO] Rule duration: 19 ms
18:52:08 [INFO] <<< STEP 371: APPLYING RULE 41 http://rulewerk.semantic-web.org/inferred/subClassOf(?C, ?E) :- http://rulewerk.semantic-web.org/inferred/subClassOf(?C, ?D), http://rulewerk.semantic-web.org/normalForm/subClassOf(?D, ?E) >>>
18:52:08 [INFO] Execution step: Body
18:52:08 [INFO] Saved temporary table: 8955 entries (77594)
18:52:08 [INFO] Execution step: Duplicate Elimination (Datalog)
18:52:08 [INFO] Saved permanent table http://rulewerk.semantic-web.org/inferred/subClassOf (371) Permutation { idx_to_val: [], val_to_idx: [] } with 642 entries (16166)
18:52:08 [INFO] Rule duration: 21 ms
18:52:08 [INFO] <<< STEP 372: APPLYING RULE 41 http://rulewerk.semantic-web.org/inferred/subClassOf(?C, ?E) :- http://rulewerk.semantic-web.org/inferred/subClassOf(?C, ?D), http://rulewerk.semantic-web.org/normalForm/subClassOf(?D, ?E) >>>
18:52:08 [INFO] Execution step: Body
18:52:08 [INFO] Saved temporary table: 15 entries (7588)
18:52:08 [INFO] Execution step: Duplicate Elimination (Datalog)
18:52:08 [INFO] Saved permanent table http://rulewerk.semantic-web.org/inferred/subClassOf (372) Permutation { idx_to_val: [], val_to_idx: [] } with 14 entries (7632)
18:52:08 [INFO] Rule duration: 0 ms
18:52:08 [INFO] <<< STEP 373: APPLYING RULE 41 http://rulewerk.semantic-web.org/inferred/subClassOf(?C, ?E) :- http://rulewerk.semantic-web.org/inferred/subClassOf(?C, ?D), http://rulewerk.semantic-web.org/normalForm/subClassOf(?D, ?E) >>>
18:52:08 [INFO] Execution step: Body
18:52:08 [INFO] Saved temporary table: 26 entries (7632)
18:52:08 [INFO] Execution step: Duplicate Elimination (Datalog)
18:52:08 [INFO] Saved permanent table http://rulewerk.semantic-web.org/inferred/subClassOf (373) Permutation { idx_to_val: [], val_to_idx: [] } with 26 entries (7680)
18:52:08 [INFO] Rule duration: 0 ms
18:52:08 [INFO] <<< STEP 374: APPLYING RULE 41 http://rulewerk.semantic-web.org/inferred/subClassOf(?C, ?E) :- http://rulewerk.semantic-web.org/inferred/subClassOf(?C, ?D), http://rulewerk.semantic-web.org/normalForm/subClassOf(?D, ?E) >>>
18:52:08 [INFO] Execution step: Body
18:52:08 [INFO] Saved temporary table: 15 entries (7588)
18:52:08 [INFO] Execution step: Duplicate Elimination (Datalog)
18:52:08 [INFO] Saved permanent table http://rulewerk.semantic-web.org/inferred/subClassOf (374) Permutation { idx_to_val: [], val_to_idx: [] } with 15 entries (7636)
18:52:08 [INFO] Rule duration: 0 ms
18:52:08 [INFO] <<< STEP 375: APPLYING RULE 41 http://rulewerk.semantic-web.org/inferred/subClassOf(?C, ?E) :- http://rulewerk.semantic-web.org/inferred/subClassOf(?C, ?D), http://rulewerk.semantic-web.org/normalForm/subClassOf(?D, ?E) >>>
18:52:08 [INFO] Execution step: Body
18:52:08 [INFO] Saved temporary table: 15 entries (7588)
18:52:08 [INFO] Execution step: Duplicate Elimination (Datalog)
18:52:08 [INFO] Saved permanent table http://rulewerk.semantic-web.org/inferred/subClassOf (375) Permutation { idx_to_val: [], val_to_idx: [] } with 15 entries (7636)
18:52:08 [INFO] Rule duration: 0 ms
18:52:08 [INFO] <<< STEP 376: APPLYING RULE 41 http://rulewerk.semantic-web.org/inferred/subClassOf(?C, ?E) :- http://rulewerk.semantic-web.org/inferred/subClassOf(?C, ?D), http://rulewerk.semantic-web.org/normalForm/subClassOf(?D, ?E) >>>
18:52:08 [INFO] Execution step: Body
18:52:08 [INFO] Saved temporary table: 15 entries (7588)
18:52:08 [INFO] Execution step: Duplicate Elimination (Datalog)
18:52:08 [INFO] Saved permanent table http://rulewerk.semantic-web.org/inferred/subClassOf (376) Permutation { idx_to_val: [], val_to_idx: [] } with 14 entries (7632)
18:52:08 [INFO] Rule duration: 0 ms
18:52:08 [INFO] Execution step: Combining Tables
18:52:08 [INFO] Saved permanent table http://rulewerk.semantic-web.org/inferred/subClassOf (366-378) Permutation { idx_to_val: [], val_to_idx: [] } with 10781 entries (90622)
18:52:08 [INFO] <<< STEP 377: APPLYING RULE 41 http://rulewerk.semantic-web.org/inferred/subClassOf(?C, ?E) :- http://rulewerk.semantic-web.org/inferred/subClassOf(?C, ?D), http://rulewerk.semantic-web.org/normalForm/subClassOf(?D, ?E) >>>
18:52:08 [INFO] Execution step: Body
18:52:08 [INFO] Saved temporary table: 7 entries (7192)
18:52:08 [INFO] Execution step: Duplicate Elimination (Datalog)
18:52:08 [INFO] Saved permanent table http://rulewerk.semantic-web.org/inferred/subClassOf (377) Permutation { idx_to_val: [], val_to_idx: [] } with 7 entries (7240)
18:52:08 [INFO] Rule duration: 0 ms
18:52:08 [INFO] <<< STEP 378: APPLYING RULE 41 http://rulewerk.semantic-web.org/inferred/subClassOf(?C, ?E) :- http://rulewerk.semantic-web.org/inferred/subClassOf(?C, ?D), http://rulewerk.semantic-web.org/normalForm/subClassOf(?D, ?E) >>>
18:52:08 [INFO] Execution step: Body
18:52:08 [INFO] Trie does not contain any elements
18:52:08 [INFO] Execution step: Duplicate Elimination (Datalog)
18:52:08 [INFO] Trie does not contain any elements
18:52:08 [INFO] Rule duration: 0 ms
18:52:08 [INFO] <<< STEP 379: APPLYING RULE 42 http://rulewerk.semantic-web.org/inferred/subClassOf(?E, "<http://www.w3.org/2002/07/owl#Nothing>") :- http://rulewerk.semantic-web.org/inferred/ex(?E, ?R, ?C), http://rulewerk.semantic-web.org/inferred/subClassOf(?C, ?_BODY_1), Equal(?_BODY_1, "<http://www.w3.org/2002/07/owl#Nothing>") >>>
18:52:08 [INFO] Execution step: Body
18:52:08 [INFO] Trie does not contain any elements
18:52:08 [INFO] Execution step: Duplicate Elimination (Datalog)
18:52:08 [INFO] Trie does not contain any elements
18:52:08 [INFO] Rule duration: 12 ms
18:52:08 [INFO] <<< STEP 380: APPLYING RULE 33 http://rulewerk.semantic-web.org/inferred/init(?C) :- http://rulewerk.semantic-web.org/inferred/ex(?E, ?R, ?C) >>>
18:52:08 [INFO] Execution step: Body
18:52:08 [INFO] Saved temporary table: 300 entries (4600)
18:52:08 [INFO] Execution step: Duplicate Elimination (Datalog)
18:52:08 [INFO] Trie does not contain any elements
18:52:08 [INFO] Rule duration: 1 ms
18:52:08 [INFO] <<< STEP 381: APPLYING RULE 34 http://rulewerk.semantic-web.org/inferred/subClassOf(?C, ?C) :- http://rulewerk.semantic-web.org/inferred/init(?C) >>>
18:52:08 [INFO] Execution step: Body
18:52:08 [INFO] Trie does not contain any elements
18:52:08 [INFO] Execution step: Duplicate Elimination (Datalog)
18:52:08 [INFO] Trie does not contain any elements
18:52:08 [INFO] Rule duration: 0 ms
18:52:08 [INFO] <<< STEP 382: APPLYING RULE 36 http://rulewerk.semantic-web.org/inferred/subClassOf(?C, ?D1), http://rulewerk.semantic-web.org/inferred/subClassOf(?C, ?D2) :- http://rulewerk.semantic-web.org/inferred/subClassOf(?C, ?Y), http://rulewerk.semantic-web.org/normalForm/conj(?Y, ?D1, ?D2) >>>
18:52:08 [INFO] Execution step: Body
18:52:08 [INFO] Saved temporary table: 7818 entries (75650)
18:52:08 [INFO] Saved temporary table: 9120 entries (80858)
18:52:08 [INFO] Execution step: Duplicate Elimination (Datalog)
18:52:08 [INFO] Trie does not contain any elements
18:52:08 [INFO] Rule duration: 41 ms
18:52:08 [INFO] <<< STEP 383: APPLYING RULE 37 http://rulewerk.semantic-web.org/inferred/subClassOf(?C, ?I) :- http://rulewerk.semantic-web.org/inferred/subClassOf(?C, ?D1), http://rulewerk.semantic-web.org/inferred/subClassOf(?C, ?D2), http://rulewerk.semantic-web.org/normalForm/conj(?I, ?D1, ?D2), http://rulewerk.semantic-web.org/normalForm/isSubClass(?I) >>>
18:52:08 [INFO] Execution step: Body
18:52:08 [INFO] Saved temporary table: 2992 entries (34938)
18:52:08 [INFO] Execution step: Duplicate Elimination (Datalog)
18:52:08 [INFO] Saved permanent table http://rulewerk.semantic-web.org/inferred/subClassOf (383) Permutation { idx_to_val: [], val_to_idx: [] } with 2992 entries (34986)
18:52:08 [INFO] Rule duration: 42 ms
18:52:08 [INFO] <<< STEP 384: APPLYING RULE 37 http://rulewerk.semantic-web.org/inferred/subClassOf(?C, ?I) :- http://rulewerk.semantic-web.org/inferred/subClassOf(?C, ?D1), http://rulewerk.semantic-web.org/inferred/subClassOf(?C, ?D2), http://rulewerk.semantic-web.org/normalForm/conj(?I, ?D1, ?D2), http://rulewerk.semantic-web.org/normalForm/isSubClass(?I) >>>
18:52:08 [INFO] Execution step: Body
18:52:08 [INFO] Saved temporary table: 418 entries (13122)
18:52:08 [INFO] Execution step: Duplicate Elimination (Datalog)
18:52:08 [INFO] Saved permanent table http://rulewerk.semantic-web.org/inferred/subClassOf (384) Permutation { idx_to_val: [], val_to_idx: [] } with 418 entries (13170)
18:52:08 [INFO] Rule duration: 19 ms
18:52:08 [INFO] <<< STEP 385: APPLYING RULE 37 http://rulewerk.semantic-web.org/inferred/subClassOf(?C, ?I) :- http://rulewerk.semantic-web.org/inferred/subClassOf(?C, ?D1), http://rulewerk.semantic-web.org/inferred/subClassOf(?C, ?D2), http://rulewerk.semantic-web.org/normalForm/conj(?I, ?D1, ?D2), http://rulewerk.semantic-web.org/normalForm/isSubClass(?I) >>>
18:52:08 [INFO] Execution step: Body
18:52:08 [INFO] Trie does not contain any elements
18:52:08 [INFO] Execution step: Duplicate Elimination (Datalog)
18:52:08 [INFO] Trie does not contain any elements
18:52:08 [INFO] Rule duration: 15 ms
18:52:08 [INFO] <<< STEP 386: APPLYING RULE 38 http://rulewerk.semantic-web.org/inferred/ex(?E, ?R, ?C) :- http://rulewerk.semantic-web.org/inferred/subClassOf(?E, ?Y), http://rulewerk.semantic-web.org/normalForm/exists(?Y, ?R, ?C) >>>
18:52:08 [INFO] Execution step: Body
18:52:08 [INFO] Saved temporary table: 2661 entries (64620)
18:52:08 [INFO] Execution step: Duplicate Elimination (Datalog)
18:52:08 [INFO] Saved permanent table http://rulewerk.semantic-web.org/inferred/ex (386) Permutation { idx_to_val: [], val_to_idx: [] } with 2661 entries (64668)
18:52:08 [INFO] Rule duration: 3 ms
18:52:08 [INFO] <<< STEP 387: APPLYING RULE 39 http://rulewerk.semantic-web.org/inferred/subClassOf(?E, ?Y) :- http://rulewerk.semantic-web.org/inferred/ex(?E, ?R, ?C), http://rulewerk.semantic-web.org/inferred/subClassOf(?C, ?D), http://rulewerk.semantic-web.org/normalForm/subProp(?R, ?S), http://rulewerk.semantic-web.org/normalForm/exists(?Y, ?S, ?D), http://rulewerk.semantic-web.org/normalForm/isSubClass(?Y) >>>
18:52:08 [INFO] Execution step: Body
18:52:08 [INFO] Saved temporary table: 7039 entries (55314)
18:52:08 [INFO] Execution step: Duplicate Elimination (Datalog)
18:52:08 [INFO] Saved permanent table http://rulewerk.semantic-web.org/inferred/subClassOf (387) Permutation { idx_to_val: [], val_to_idx: [] } with 1136 entries (18262)
18:52:08 [INFO] Rule duration: 50 ms
18:52:08 [INFO] <<< STEP 388: APPLYING RULE 39 http://rulewerk.semantic-web.org/inferred/subClassOf(?E, ?Y) :- http://rulewerk.semantic-web.org/inferred/ex(?E, ?R, ?C), http://rulewerk.semantic-web.org/inferred/subClassOf(?C, ?D), http://rulewerk.semantic-web.org/normalForm/subProp(?R, ?S), http://rulewerk.semantic-web.org/normalForm/exists(?Y, ?S, ?D), http://rulewerk.semantic-web.org/normalForm/isSubClass(?Y) >>>
18:52:08 [INFO] Execution step: Body
18:52:08 [INFO] Trie does not contain any elements
18:52:08 [INFO] Execution step: Duplicate Elimination (Datalog)
18:52:08 [INFO] Trie does not contain any elements
18:52:08 [INFO] Rule duration: 1 ms
18:52:08 [INFO] <<< STEP 389: APPLYING RULE 40 http://rulewerk.semantic-web.org/inferred/ex(?E, ?S, ?D) :- http://rulewerk.semantic-web.org/inferred/ex(?E, ?R1, ?C), http://rulewerk.semantic-web.org/inferred/ex(?C, ?R2, ?D), http://rulewerk.semantic-web.org/normalForm/subProp(?R1, ?S1), http://rulewerk.semantic-web.org/normalForm/subProp(?R2, ?S2), http://rulewerk.semantic-web.org/normalForm/subPropChain(?S1, ?S2, ?S) >>>
18:52:08 [INFO] Execution step: Body
18:52:08 [INFO] Trie does not contain any elements
18:52:08 [INFO] Execution step: Duplicate Elimination (Datalog)
18:52:08 [INFO] Trie does not contain any elements
18:52:08 [INFO] Rule duration: 1 ms
18:52:08 [INFO] <<< STEP 390: APPLYING RULE 41 http://rulewerk.semantic-web.org/inferred/subClassOf(?C, ?E) :- http://rulewerk.semantic-web.org/inferred/subClassOf(?C, ?D), http://rulewerk.semantic-web.org/normalForm/subClassOf(?D, ?E) >>>
18:52:08 [INFO] Execution step: Body
18:52:08 [INFO] Saved temporary table: 2193 entries (28094)
18:52:08 [INFO] Execution step: Duplicate Elimination (Datalog)
18:52:08 [INFO] Saved permanent table http://rulewerk.semantic-web.org/inferred/subClassOf (390) Permutation { idx_to_val: [], val_to_idx: [] } with 2193 entries (28142)
18:52:08 [INFO] Rule duration: 8 ms
18:52:08 [INFO] <<< STEP 391: APPLYING RULE 41 http://rulewerk.semantic-web.org/inferred/subClassOf(?C, ?E) :- http://rulewerk.semantic-web.org/inferred/subClassOf(?C, ?D), http://rulewerk.semantic-web.org/normalForm/subClassOf(?D, ?E) >>>
18:52:08 [INFO] Execution step: Body
18:52:08 [INFO] Saved temporary table: 2446 entries (29106)
18:52:08 [INFO] Execution step: Duplicate Elimination (Datalog)
18:52:08 [INFO] Saved permanent table http://rulewerk.semantic-web.org/inferred/subClassOf (391) Permutation { idx_to_val: [], val_to_idx: [] } with 132 entries (9146)
18:52:08 [INFO] Rule duration: 8 ms
18:52:08 [INFO] <<< STEP 392: APPLYING RULE 41 http://rulewerk.semantic-web.org/inferred/subClassOf(?C, ?E) :- http://rulewerk.semantic-web.org/inferred/subClassOf(?C, ?D), http://rulewerk.semantic-web.org/normalForm/subClassOf(?D, ?E) >>>
18:52:08 [INFO] Execution step: Body
18:52:08 [INFO] Trie does not contain any elements
18:52:08 [INFO] Execution step: Duplicate Elimination (Datalog)
18:52:08 [INFO] Trie does not contain any elements
18:52:08 [INFO] Rule duration: 0 ms
18:52:08 [INFO] <<< STEP 393: APPLYING RULE 42 http://rulewerk.semantic-web.org/inferred/subClassOf(?E, "<http://www.w3.org/2002/07/owl#Nothing>") :- http://rulewerk.semantic-web.org/inferred/ex(?E, ?R, ?C), http://rulewerk.semantic-web.org/inferred/subClassOf(?C, ?_BODY_1), Equal(?_BODY_1, "<http://www.w3.org/2002/07/owl#Nothing>") >>>
18:52:08 [INFO] Execution step: Body
18:52:08 [INFO] Trie does not contain any elements
18:52:08 [INFO] Execution step: Duplicate Elimination (Datalog)
18:52:08 [INFO] Trie does not contain any elements
18:52:08 [INFO] Rule duration: 4 ms
18:52:08 [INFO] <<< STEP 394: APPLYING RULE 33 http://rulewerk.semantic-web.org/inferred/init(?C) :- http://rulewerk.semantic-web.org/inferred/ex(?E, ?R, ?C) >>>
18:52:08 [INFO] Execution step: Body
18:52:08 [INFO] Saved temporary table: 143 entries (3972)
18:52:08 [INFO] Execution step: Duplicate Elimination (Datalog)
18:52:08 [INFO] Trie does not contain any elements
18:52:08 [INFO] Rule duration: 0 ms
18:52:08 [INFO] <<< STEP 395: APPLYING RULE 34 http://rulewerk.semantic-web.org/inferred/subClassOf(?C, ?C) :- http://rulewerk.semantic-web.org/inferred/init(?C) >>>
18:52:08 [INFO] Execution step: Body
18:52:08 [INFO] Trie does not contain any elements
18:52:08 [INFO] Execution step: Duplicate Elimination (Datalog)
18:52:08 [INFO] Trie does not contain any elements
18:52:08 [INFO] Rule duration: 0 ms
18:52:08 [INFO] <<< STEP 396: APPLYING RULE 36 http://rulewerk.semantic-web.org/inferred/subClassOf(?C, ?D1), http://rulewerk.semantic-web.org/inferred/subClassOf(?C, ?D2) :- http://rulewerk.semantic-web.org/inferred/subClassOf(?C, ?Y), http://rulewerk.semantic-web.org/normalForm/conj(?Y, ?D1, ?D2) >>>
18:52:08 [INFO] Execution step: Body
18:52:08 [INFO] Saved temporary table: 2870 entries (34450)
18:52:08 [INFO] Saved temporary table: 2725 entries (33870)
18:52:08 [INFO] Execution step: Duplicate Elimination (Datalog)
18:52:08 [INFO] Trie does not contain any elements
18:52:08 [INFO] Rule duration: 17 ms
18:52:08 [INFO] <<< STEP 397: APPLYING RULE 37 http://rulewerk.semantic-web.org/inferred/subClassOf(?C, ?I) :- http://rulewerk.semantic-web.org/inferred/subClassOf(?C, ?D1), http://rulewerk.semantic-web.org/inferred/subClassOf(?C, ?D2), http://rulewerk.semantic-web.org/normalForm/conj(?I, ?D1, ?D2), http://rulewerk.semantic-web.org/normalForm/isSubClass(?I) >>>
18:52:08 [INFO] Execution step: Body
18:52:08 [INFO] Saved temporary table: 1118 entries (18394)
18:52:08 [INFO] Execution step: Duplicate Elimination (Datalog)
18:52:08 [INFO] Saved permanent table http://rulewerk.semantic-web.org/inferred/subClassOf (397) Permutation { idx_to_val: [], val_to_idx: [] } with 1118 entries (18442)
18:52:08 [INFO] Rule duration: 27 ms
18:52:08 [INFO] <<< STEP 398: APPLYING RULE 37 http://rulewerk.semantic-web.org/inferred/subClassOf(?C, ?I) :- http://rulewerk.semantic-web.org/inferred/subClassOf(?C, ?D1), http://rulewerk.semantic-web.org/inferred/subClassOf(?C, ?D2), http://rulewerk.semantic-web.org/normalForm/conj(?I, ?D1, ?D2), http://rulewerk.semantic-web.org/normalForm/isSubClass(?I) >>>
18:52:08 [INFO] Execution step: Body
18:52:08 [INFO] Saved temporary table: 108 entries (8702)
18:52:08 [INFO] Execution step: Duplicate Elimination (Datalog)
18:52:08 [INFO] Saved permanent table http://rulewerk.semantic-web.org/inferred/subClassOf (398) Permutation { idx_to_val: [], val_to_idx: [] } with 108 entries (8750)
18:52:08 [INFO] Rule duration: 16 ms
18:52:08 [INFO] Execution step: Combining Tables
18:52:08 [INFO] Saved permanent table http://rulewerk.semantic-web.org/inferred/subClassOf (378-400) Permutation { idx_to_val: [], val_to_idx: [] } with 8097 entries (57458)
18:52:08 [INFO] <<< STEP 399: APPLYING RULE 37 http://rulewerk.semantic-web.org/inferred/subClassOf(?C, ?I) :- http://rulewerk.semantic-web.org/inferred/subClassOf(?C, ?D1), http://rulewerk.semantic-web.org/inferred/subClassOf(?C, ?D2), http://rulewerk.semantic-web.org/normalForm/conj(?I, ?D1, ?D2), http://rulewerk.semantic-web.org/normalForm/isSubClass(?I) >>>
18:52:08 [INFO] Execution step: Body
18:52:08 [INFO] Trie does not contain any elements
18:52:08 [INFO] Execution step: Duplicate Elimination (Datalog)
18:52:08 [INFO] Trie does not contain any elements
18:52:08 [INFO] Rule duration: 15 ms
18:52:08 [INFO] <<< STEP 400: APPLYING RULE 38 http://rulewerk.semantic-web.org/inferred/ex(?E, ?R, ?C) :- http://rulewerk.semantic-web.org/inferred/subClassOf(?E, ?Y), http://rulewerk.semantic-web.org/normalForm/exists(?Y, ?R, ?C) >>>
18:52:08 [INFO] Execution step: Body
18:52:08 [INFO] Saved temporary table: 1268 entries (33884)
18:52:08 [INFO] Execution step: Duplicate Elimination (Datalog)
18:52:08 [INFO] Saved permanent table http://rulewerk.semantic-web.org/inferred/ex (400) Permutation { idx_to_val: [], val_to_idx: [] } with 1268 entries (33932)
18:52:08 [INFO] Rule duration: 1 ms
18:52:08 [INFO] Execution step: Combining Tables
18:52:08 [INFO] Saved permanent table http://rulewerk.semantic-web.org/inferred/ex (0-402) Permutation { idx_to_val: [], val_to_idx: [] } with 309106 entries (3432676)
18:52:08 [INFO] <<< STEP 401: APPLYING RULE 39 http://rulewerk.semantic-web.org/inferred/subClassOf(?E, ?Y) :- http://rulewerk.semantic-web.org/inferred/ex(?E, ?R, ?C), http://rulewerk.semantic-web.org/inferred/subClassOf(?C, ?D), http://rulewerk.semantic-web.org/normalForm/subProp(?R, ?S), http://rulewerk.semantic-web.org/normalForm/exists(?Y, ?S, ?D), http://rulewerk.semantic-web.org/normalForm/isSubClass(?Y) >>>
18:52:08 [INFO] Execution step: Body
18:52:08 [INFO] Saved temporary table: 2095 entries (22998)
18:52:08 [INFO] Execution step: Duplicate Elimination (Datalog)
18:52:08 [INFO] Saved permanent table http://rulewerk.semantic-web.org/inferred/subClassOf (401) Permutation { idx_to_val: [], val_to_idx: [] } with 243 entries (9866)
18:52:08 [INFO] Rule duration: 38 ms
18:52:08 [INFO] <<< STEP 402: APPLYING RULE 39 http://rulewerk.semantic-web.org/inferred/subClassOf(?E, ?Y) :- http://rulewerk.semantic-web.org/inferred/ex(?E, ?R, ?C), http://rulewerk.semantic-web.org/inferred/subClassOf(?C, ?D), http://rulewerk.semantic-web.org/normalForm/subProp(?R, ?S), http://rulewerk.semantic-web.org/normalForm/exists(?Y, ?S, ?D), http://rulewerk.semantic-web.org/normalForm/isSubClass(?Y) >>>
18:52:08 [INFO] Execution step: Body
18:52:08 [INFO] Trie does not contain any elements
18:52:08 [INFO] Execution step: Duplicate Elimination (Datalog)
18:52:08 [INFO] Trie does not contain any elements
18:52:08 [INFO] Rule duration: 126 ms
18:52:08 [INFO] <<< STEP 403: APPLYING RULE 40 http://rulewerk.semantic-web.org/inferred/ex(?E, ?S, ?D) :- http://rulewerk.semantic-web.org/inferred/ex(?E, ?R1, ?C), http://rulewerk.semantic-web.org/inferred/ex(?C, ?R2, ?D), http://rulewerk.semantic-web.org/normalForm/subProp(?R1, ?S1), http://rulewerk.semantic-web.org/normalForm/subProp(?R2, ?S2), http://rulewerk.semantic-web.org/normalForm/subPropChain(?S1, ?S2, ?S) >>>
18:52:08 [INFO] Execution step: Body
18:52:08 [INFO] Trie does not contain any elements
18:52:08 [INFO] Execution step: Duplicate Elimination (Datalog)
18:52:08 [INFO] Trie does not contain any elements
18:52:08 [INFO] Rule duration: 116 ms
18:52:08 [INFO] <<< STEP 404: APPLYING RULE 41 http://rulewerk.semantic-web.org/inferred/subClassOf(?C, ?E) :- http://rulewerk.semantic-web.org/inferred/subClassOf(?C, ?D), http://rulewerk.semantic-web.org/normalForm/subClassOf(?D, ?E) >>>
18:52:08 [INFO] Execution step: Body
18:52:08 [INFO] Saved temporary table: 810 entries (17066)
18:52:08 [INFO] Execution step: Duplicate Elimination (Datalog)
18:52:08 [INFO] Saved permanent table http://rulewerk.semantic-web.org/inferred/subClassOf (404) Permutation { idx_to_val: [], val_to_idx: [] } with 810 entries (17114)
18:52:08 [INFO] Rule duration: 5 ms
18:52:08 [INFO] <<< STEP 405: APPLYING RULE 41 http://rulewerk.semantic-web.org/inferred/subClassOf(?C, ?E) :- http://rulewerk.semantic-web.org/inferred/subClassOf(?C, ?D), http://rulewerk.semantic-web.org/normalForm/subClassOf(?D, ?E) >>>
18:52:08 [INFO] Execution step: Body
18:52:08 [INFO] Saved temporary table: 873 entries (17318)
18:52:08 [INFO] Execution step: Duplicate Elimination (Datalog)
18:52:08 [INFO] Saved permanent table http://rulewerk.semantic-web.org/inferred/subClassOf (405) Permutation { idx_to_val: [], val_to_idx: [] } with 55 entries (7676)
18:52:08 [INFO] Rule duration: 5 ms
18:52:08 [INFO] <<< STEP 406: APPLYING RULE 41 http://rulewerk.semantic-web.org/inferred/subClassOf(?C, ?E) :- http://rulewerk.semantic-web.org/inferred/subClassOf(?C, ?D), http://rulewerk.semantic-web.org/normalForm/subClassOf(?D, ?E) >>>
18:52:08 [INFO] Execution step: Body
18:52:08 [INFO] Trie does not contain any elements
18:52:08 [INFO] Execution step: Duplicate Elimination (Datalog)
18:52:08 [INFO] Trie does not contain any elements
18:52:08 [INFO] Rule duration: 0 ms
18:52:08 [INFO] <<< STEP 407: APPLYING RULE 42 http://rulewerk.semantic-web.org/inferred/subClassOf(?E, "<http://www.w3.org/2002/07/owl#Nothing>") :- http://rulewerk.semantic-web.org/inferred/ex(?E, ?R, ?C), http://rulewerk.semantic-web.org/inferred/subClassOf(?C, ?_BODY_1), Equal(?_BODY_1, "<http://www.w3.org/2002/07/owl#Nothing>") >>>
18:52:08 [INFO] Execution step: Body
18:52:08 [INFO] Trie does not contain any elements
18:52:08 [INFO] Execution step: Duplicate Elimination (Datalog)
18:52:08 [INFO] Trie does not contain any elements
18:52:08 [INFO] Rule duration: 2 ms
18:52:08 [INFO] <<< STEP 408: APPLYING RULE 33 http://rulewerk.semantic-web.org/inferred/init(?C) :- http://rulewerk.semantic-web.org/inferred/ex(?E, ?R, ?C) >>>
18:52:08 [INFO] Execution step: Body
18:52:08 [INFO] Saved temporary table: 77 entries (3708)
18:52:08 [INFO] Execution step: Duplicate Elimination (Datalog)
18:52:08 [INFO] Trie does not contain any elements
18:52:08 [INFO] Rule duration: 0 ms
18:52:08 [INFO] <<< STEP 409: APPLYING RULE 34 http://rulewerk.semantic-web.org/inferred/subClassOf(?C, ?C) :- http://rulewerk.semantic-web.org/inferred/init(?C) >>>
18:52:08 [INFO] Execution step: Body
18:52:08 [INFO] Trie does not contain any elements
18:52:08 [INFO] Execution step: Duplicate Elimination (Datalog)
18:52:08 [INFO] Trie does not contain any elements
18:52:08 [INFO] Rule duration: 0 ms
18:52:08 [INFO] <<< STEP 410: APPLYING RULE 36 http://rulewerk.semantic-web.org/inferred/subClassOf(?C, ?D1), http://rulewerk.semantic-web.org/inferred/subClassOf(?C, ?D2) :- http://rulewerk.semantic-web.org/inferred/subClassOf(?C, ?Y), http://rulewerk.semantic-web.org/normalForm/conj(?Y, ?D1, ?D2) >>>
18:52:08 [INFO] Execution step: Body
18:52:08 [INFO] Saved temporary table: 1061 entries (18166)
18:52:08 [INFO] Saved temporary table: 940 entries (17682)
18:52:08 [INFO] Execution step: Duplicate Elimination (Datalog)
18:52:08 [INFO] Trie does not contain any elements
18:52:08 [INFO] Rule duration: 8 ms
18:52:08 [INFO] <<< STEP 411: APPLYING RULE 37 http://rulewerk.semantic-web.org/inferred/subClassOf(?C, ?I) :- http://rulewerk.semantic-web.org/inferred/subClassOf(?C, ?D1), http://rulewerk.semantic-web.org/inferred/subClassOf(?C, ?D2), http://rulewerk.semantic-web.org/normalForm/conj(?I, ?D1, ?D2), http://rulewerk.semantic-web.org/normalForm/isSubClass(?I) >>>
18:52:08 [INFO] Execution step: Body
18:52:08 [INFO] Saved temporary table: 338 entries (10210)
18:52:08 [INFO] Execution step: Duplicate Elimination (Datalog)
18:52:08 [INFO] Saved permanent table http://rulewerk.semantic-web.org/inferred/subClassOf (411) Permutation { idx_to_val: [], val_to_idx: [] } with 338 entries (10258)
18:52:08 [INFO] Rule duration: 22 ms
18:52:08 [INFO] <<< STEP 412: APPLYING RULE 37 http://rulewerk.semantic-web.org/inferred/subClassOf(?C, ?I) :- http://rulewerk.semantic-web.org/inferred/subClassOf(?C, ?D1), http://rulewerk.semantic-web.org/inferred/subClassOf(?C, ?D2), http://rulewerk.semantic-web.org/normalForm/conj(?I, ?D1, ?D2), http://rulewerk.semantic-web.org/normalForm/isSubClass(?I) >>>
18:52:08 [INFO] Execution step: Body
18:52:08 [INFO] Saved temporary table: 48 entries (9488)
18:52:08 [INFO] Execution step: Duplicate Elimination (Datalog)
18:52:08 [INFO] Saved permanent table http://rulewerk.semantic-web.org/inferred/subClassOf (412) Permutation { idx_to_val: [], val_to_idx: [] } with 48 entries (9536)
18:52:08 [INFO] Rule duration: 16 ms
18:52:08 [INFO] <<< STEP 413: APPLYING RULE 37 http://rulewerk.semantic-web.org/inferred/subClassOf(?C, ?I) :- http://rulewerk.semantic-web.org/inferred/subClassOf(?C, ?D1), http://rulewerk.semantic-web.org/inferred/subClassOf(?C, ?D2), http://rulewerk.semantic-web.org/normalForm/conj(?I, ?D1, ?D2), http://rulewerk.semantic-web.org/normalForm/isSubClass(?I) >>>
18:52:08 [INFO] Execution step: Body
18:52:08 [INFO] Trie does not contain any elements
18:52:08 [INFO] Execution step: Duplicate Elimination (Datalog)
18:52:08 [INFO] Trie does not contain any elements
18:52:08 [INFO] Rule duration: 15 ms
18:52:08 [INFO] <<< STEP 414: APPLYING RULE 38 http://rulewerk.semantic-web.org/inferred/ex(?E, ?R, ?C) :- http://rulewerk.semantic-web.org/inferred/subClassOf(?E, ?Y), http://rulewerk.semantic-web.org/normalForm/exists(?Y, ?R, ?C) >>>
18:52:08 [INFO] Execution step: Body
18:52:08 [INFO] Saved temporary table: 298 entries (16516)
18:52:08 [INFO] Execution step: Duplicate Elimination (Datalog)
18:52:08 [INFO] Saved permanent table http://rulewerk.semantic-web.org/inferred/ex (414) Permutation { idx_to_val: [], val_to_idx: [] } with 298 entries (16564)
18:52:08 [INFO] Rule duration: 0 ms
18:52:08 [INFO] <<< STEP 415: APPLYING RULE 39 http://rulewerk.semantic-web.org/inferred/subClassOf(?E, ?Y) :- http://rulewerk.semantic-web.org/inferred/ex(?E, ?R, ?C), http://rulewerk.semantic-web.org/inferred/subClassOf(?C, ?D), http://rulewerk.semantic-web.org/normalForm/subProp(?R, ?S), http://rulewerk.semantic-web.org/normalForm/exists(?Y, ?S, ?D), http://rulewerk.semantic-web.org/normalForm/isSubClass(?Y) >>>
18:52:08 [INFO] Execution step: Body
18:52:08 [INFO] Saved temporary table: 667 entries (11946)
18:52:08 [INFO] Execution step: Duplicate Elimination (Datalog)
18:52:08 [INFO] Saved permanent table http://rulewerk.semantic-web.org/inferred/subClassOf (415) Permutation { idx_to_val: [], val_to_idx: [] } with 134 entries (8518)
18:52:08 [INFO] Rule duration: 30 ms
18:52:08 [INFO] <<< STEP 416: APPLYING RULE 39 http://rulewerk.semantic-web.org/inferred/subClassOf(?E, ?Y) :- http://rulewerk.semantic-web.org/inferred/ex(?E, ?R, ?C), http://rulewerk.semantic-web.org/inferred/subClassOf(?C, ?D), http://rulewerk.semantic-web.org/normalForm/subProp(?R, ?S), http://rulewerk.semantic-web.org/normalForm/exists(?Y, ?S, ?D), http://rulewerk.semantic-web.org/normalForm/isSubClass(?Y) >>>
18:52:08 [INFO] Execution step: Body
18:52:08 [INFO] Trie does not contain any elements
18:52:08 [INFO] Execution step: Duplicate Elimination (Datalog)
18:52:08 [INFO] Trie does not contain any elements
18:52:08 [INFO] Rule duration: 0 ms
18:52:08 [INFO] <<< STEP 417: APPLYING RULE 40 http://rulewerk.semantic-web.org/inferred/ex(?E, ?S, ?D) :- http://rulewerk.semantic-web.org/inferred/ex(?E, ?R1, ?C), http://rulewerk.semantic-web.org/inferred/ex(?C, ?R2, ?D), http://rulewerk.semantic-web.org/normalForm/subProp(?R1, ?S1), http://rulewerk.semantic-web.org/normalForm/subProp(?R2, ?S2), http://rulewerk.semantic-web.org/normalForm/subPropChain(?S1, ?S2, ?S) >>>
18:52:08 [INFO] Execution step: Body
18:52:08 [INFO] Trie does not contain any elements
18:52:08 [INFO] Execution step: Duplicate Elimination (Datalog)
18:52:08 [INFO] Trie does not contain any elements
18:52:08 [INFO] Rule duration: 0 ms
18:52:08 [INFO] <<< STEP 418: APPLYING RULE 41 http://rulewerk.semantic-web.org/inferred/subClassOf(?C, ?E) :- http://rulewerk.semantic-web.org/inferred/subClassOf(?C, ?D), http://rulewerk.semantic-web.org/normalForm/subClassOf(?D, ?E) >>>
18:52:08 [INFO] Execution step: Body
18:52:08 [INFO] Saved temporary table: 276 entries (9950)
18:52:08 [INFO] Execution step: Duplicate Elimination (Datalog)
18:52:08 [INFO] Saved permanent table http://rulewerk.semantic-web.org/inferred/subClassOf (418) Permutation { idx_to_val: [], val_to_idx: [] } with 276 entries (9998)
18:52:08 [INFO] Rule duration: 1 ms
18:52:08 [INFO] <<< STEP 419: APPLYING RULE 41 http://rulewerk.semantic-web.org/inferred/subClassOf(?C, ?E) :- http://rulewerk.semantic-web.org/inferred/subClassOf(?C, ?D), http://rulewerk.semantic-web.org/normalForm/subClassOf(?D, ?E) >>>
18:52:08 [INFO] Execution step: Body
18:52:08 [INFO] Saved temporary table: 328 entries (10158)
18:52:08 [INFO] Execution step: Duplicate Elimination (Datalog)
18:52:08 [INFO] Saved permanent table http://rulewerk.semantic-web.org/inferred/subClassOf (419) Permutation { idx_to_val: [], val_to_idx: [] } with 21 entries (7816)
18:52:08 [INFO] Rule duration: 2 ms
18:52:08 [INFO] Execution step: Combining Tables
18:52:08 [INFO] Saved permanent table http://rulewerk.semantic-web.org/inferred/subClassOf (400-421) Permutation { idx_to_val: [], val_to_idx: [] } with 1925 entries (22270)
18:52:08 [INFO] <<< STEP 420: APPLYING RULE 41 http://rulewerk.semantic-web.org/inferred/subClassOf(?C, ?E) :- http://rulewerk.semantic-web.org/inferred/subClassOf(?C, ?D), http://rulewerk.semantic-web.org/normalForm/subClassOf(?D, ?E) >>>
18:52:08 [INFO] Execution step: Body
18:52:08 [INFO] Trie does not contain any elements
18:52:08 [INFO] Execution step: Duplicate Elimination (Datalog)
18:52:08 [INFO] Trie does not contain any elements
18:52:08 [INFO] Rule duration: 0 ms
18:52:08 [INFO] <<< STEP 421: APPLYING RULE 42 http://rulewerk.semantic-web.org/inferred/subClassOf(?E, "<http://www.w3.org/2002/07/owl#Nothing>") :- http://rulewerk.semantic-web.org/inferred/ex(?E, ?R, ?C), http://rulewerk.semantic-web.org/inferred/subClassOf(?C, ?_BODY_1), Equal(?_BODY_1, "<http://www.w3.org/2002/07/owl#Nothing>") >>>
18:52:08 [INFO] Execution step: Body
18:52:08 [INFO] Trie does not contain any elements
18:52:08 [INFO] Execution step: Duplicate Elimination (Datalog)
18:52:08 [INFO] Trie does not contain any elements
18:52:08 [INFO] Rule duration: 1 ms
18:52:08 [INFO] <<< STEP 422: APPLYING RULE 33 http://rulewerk.semantic-web.org/inferred/init(?C) :- http://rulewerk.semantic-web.org/inferred/ex(?E, ?R, ?C) >>>
18:52:08 [INFO] Execution step: Body
18:52:08 [INFO] Saved temporary table: 44 entries (3576)
18:52:08 [INFO] Execution step: Duplicate Elimination (Datalog)
18:52:08 [INFO] Trie does not contain any elements
18:52:08 [INFO] Rule duration: 0 ms
18:52:08 [INFO] <<< STEP 423: APPLYING RULE 34 http://rulewerk.semantic-web.org/inferred/subClassOf(?C, ?C) :- http://rulewerk.semantic-web.org/inferred/init(?C) >>>
18:52:08 [INFO] Execution step: Body
18:52:08 [INFO] Trie does not contain any elements
18:52:08 [INFO] Execution step: Duplicate Elimination (Datalog)
18:52:08 [INFO] Trie does not contain any elements
18:52:08 [INFO] Rule duration: 0 ms
18:52:08 [INFO] <<< STEP 424: APPLYING RULE 36 http://rulewerk.semantic-web.org/inferred/subClassOf(?C, ?D1), http://rulewerk.semantic-web.org/inferred/subClassOf(?C, ?D2) :- http://rulewerk.semantic-web.org/inferred/subClassOf(?C, ?Y), http://rulewerk.semantic-web.org/normalForm/conj(?Y, ?D1, ?D2) >>>
18:52:08 [INFO] Execution step: Body
18:52:08 [INFO] Saved temporary table: 335 entries (10198)
18:52:08 [INFO] Saved temporary table: 297 entries (10046)
18:52:08 [INFO] Execution step: Duplicate Elimination (Datalog)
18:52:08 [INFO] Trie does not contain any elements
18:52:08 [INFO] Rule duration: 3 ms
18:52:08 [INFO] <<< STEP 425: APPLYING RULE 37 http://rulewerk.semantic-web.org/inferred/subClassOf(?C, ?I) :- http://rulewerk.semantic-web.org/inferred/subClassOf(?C, ?D1), http://rulewerk.semantic-web.org/inferred/subClassOf(?C, ?D2), http://rulewerk.semantic-web.org/normalForm/conj(?I, ?D1, ?D2), http://rulewerk.semantic-web.org/normalForm/isSubClass(?I) >>>
18:52:08 [INFO] Execution step: Body
18:52:08 [INFO] Saved temporary table: 142 entries (8574)
18:52:08 [INFO] Execution step: Duplicate Elimination (Datalog)
18:52:08 [INFO] Saved permanent table http://rulewerk.semantic-web.org/inferred/subClassOf (425) Permutation { idx_to_val: [], val_to_idx: [] } with 142 entries (8622)
18:52:08 [INFO] Rule duration: 20 ms
18:52:08 [INFO] <<< STEP 426: APPLYING RULE 37 http://rulewerk.semantic-web.org/inferred/subClassOf(?C, ?I) :- http://rulewerk.semantic-web.org/inferred/subClassOf(?C, ?D1), http://rulewerk.semantic-web.org/inferred/subClassOf(?C, ?D2), http://rulewerk.semantic-web.org/normalForm/conj(?I, ?D1, ?D2), http://rulewerk.semantic-web.org/normalForm/isSubClass(?I) >>>
18:52:08 [INFO] Execution step: Body
18:52:08 [INFO] Saved temporary table: 30 entries (8480)
18:52:08 [INFO] Execution step: Duplicate Elimination (Datalog)
18:52:08 [INFO] Saved permanent table http://rulewerk.semantic-web.org/inferred/subClassOf (426) Permutation { idx_to_val: [], val_to_idx: [] } with 30 entries (8528)
18:52:08 [INFO] Rule duration: 16 ms
18:52:08 [INFO] <<< STEP 427: APPLYING RULE 37 http://rulewerk.semantic-web.org/inferred/subClassOf(?C, ?I) :- http://rulewerk.semantic-web.org/inferred/subClassOf(?C, ?D1), http://rulewerk.semantic-web.org/inferred/subClassOf(?C, ?D2), http://rulewerk.semantic-web.org/normalForm/conj(?I, ?D1, ?D2), http://rulewerk.semantic-web.org/normalForm/isSubClass(?I) >>>
18:52:08 [INFO] Execution step: Body
18:52:08 [INFO] Trie does not contain any elements
18:52:08 [INFO] Execution step: Duplicate Elimination (Datalog)
18:52:08 [INFO] Trie does not contain any elements
18:52:08 [INFO] Rule duration: 15 ms
18:52:08 [INFO] <<< STEP 428: APPLYING RULE 38 http://rulewerk.semantic-web.org/inferred/ex(?E, ?R, ?C) :- http://rulewerk.semantic-web.org/inferred/subClassOf(?E, ?Y), http://rulewerk.semantic-web.org/normalForm/exists(?Y, ?R, ?C) >>>
18:52:08 [INFO] Execution step: Body
18:52:08 [INFO] Saved temporary table: 155 entries (13448)
18:52:08 [INFO] Execution step: Duplicate Elimination (Datalog)
18:52:08 [INFO] Saved permanent table http://rulewerk.semantic-web.org/inferred/ex (428) Permutation { idx_to_val: [], val_to_idx: [] } with 155 entries (13496)
18:52:08 [INFO] Rule duration: 0 ms
18:52:08 [INFO] <<< STEP 429: APPLYING RULE 39 http://rulewerk.semantic-web.org/inferred/subClassOf(?E, ?Y) :- http://rulewerk.semantic-web.org/inferred/ex(?E, ?R, ?C), http://rulewerk.semantic-web.org/inferred/subClassOf(?C, ?D), http://rulewerk.semantic-web.org/normalForm/subProp(?R, ?S), http://rulewerk.semantic-web.org/normalForm/exists(?Y, ?S, ?D), http://rulewerk.semantic-web.org/normalForm/isSubClass(?Y) >>>
18:52:08 [INFO] Execution step: Body
18:52:08 [INFO] Saved temporary table: 213 entries (8978)
18:52:08 [INFO] Execution step: Duplicate Elimination (Datalog)
18:52:08 [INFO] Saved permanent table http://rulewerk.semantic-web.org/inferred/subClassOf (429) Permutation { idx_to_val: [], val_to_idx: [] } with 36 entries (8344)
18:52:08 [INFO] Rule duration: 28 ms
18:52:08 [INFO] <<< STEP 430: APPLYING RULE 39 http://rulewerk.semantic-web.org/inferred/subClassOf(?E, ?Y) :- http://rulewerk.semantic-web.org/inferred/ex(?E, ?R, ?C), http://rulewerk.semantic-web.org/inferred/subClassOf(?C, ?D), http://rulewerk.semantic-web.org/normalForm/subProp(?R, ?S), http://rulewerk.semantic-web.org/normalForm/exists(?Y, ?S, ?D), http://rulewerk.semantic-web.org/normalForm/isSubClass(?Y) >>>
18:52:08 [INFO] Execution step: Body
18:52:08 [INFO] Trie does not contain any elements
18:52:08 [INFO] Execution step: Duplicate Elimination (Datalog)
18:52:08 [INFO] Trie does not contain any elements
18:52:08 [INFO] Rule duration: 1 ms
18:52:08 [INFO] <<< STEP 431: APPLYING RULE 40 http://rulewerk.semantic-web.org/inferred/ex(?E, ?S, ?D) :- http://rulewerk.semantic-web.org/inferred/ex(?E, ?R1, ?C), http://rulewerk.semantic-web.org/inferred/ex(?C, ?R2, ?D), http://rulewerk.semantic-web.org/normalForm/subProp(?R1, ?S1), http://rulewerk.semantic-web.org/normalForm/subProp(?R2, ?S2), http://rulewerk.semantic-web.org/normalForm/subPropChain(?S1, ?S2, ?S) >>>
18:52:08 [INFO] Execution step: Body
18:52:08 [INFO] Trie does not contain any elements
18:52:08 [INFO] Execution step: Duplicate Elimination (Datalog)
18:52:08 [INFO] Trie does not contain any elements
18:52:08 [INFO] Rule duration: 0 ms
18:52:08 [INFO] <<< STEP 432: APPLYING RULE 41 http://rulewerk.semantic-web.org/inferred/subClassOf(?C, ?E) :- http://rulewerk.semantic-web.org/inferred/subClassOf(?C, ?D), http://rulewerk.semantic-web.org/normalForm/subClassOf(?D, ?E) >>>
18:52:08 [INFO] Execution step: Body
18:52:08 [INFO] Saved temporary table: 89 entries (8314)
18:52:08 [INFO] Execution step: Duplicate Elimination (Datalog)
18:52:08 [INFO] Saved permanent table http://rulewerk.semantic-web.org/inferred/subClassOf (432) Permutation { idx_to_val: [], val_to_idx: [] } with 89 entries (8362)
18:52:08 [INFO] Rule duration: 1 ms
18:52:08 [INFO] <<< STEP 433: APPLYING RULE 41 http://rulewerk.semantic-web.org/inferred/subClassOf(?C, ?E) :- http://rulewerk.semantic-web.org/inferred/subClassOf(?C, ?D), http://rulewerk.semantic-web.org/normalForm/subClassOf(?D, ?E) >>>
18:52:08 [INFO] Execution step: Body
18:52:08 [INFO] Saved temporary table: 116 entries (8422)
18:52:08 [INFO] Execution step: Duplicate Elimination (Datalog)
18:52:08 [INFO] Saved permanent table http://rulewerk.semantic-web.org/inferred/subClassOf (433) Permutation { idx_to_val: [], val_to_idx: [] } with 27 entries (8360)
18:52:08 [INFO] Rule duration: 1 ms
18:52:08 [INFO] <<< STEP 434: APPLYING RULE 41 http://rulewerk.semantic-web.org/inferred/subClassOf(?C, ?E) :- http://rulewerk.semantic-web.org/inferred/subClassOf(?C, ?D), http://rulewerk.semantic-web.org/normalForm/subClassOf(?D, ?E) >>>
18:52:08 [INFO] Execution step: Body
18:52:08 [INFO] Trie does not contain any elements
18:52:08 [INFO] Execution step: Duplicate Elimination (Datalog)
18:52:08 [INFO] Trie does not contain any elements
18:52:08 [INFO] Rule duration: 0 ms
18:52:08 [INFO] <<< STEP 435: APPLYING RULE 42 http://rulewerk.semantic-web.org/inferred/subClassOf(?E, "<http://www.w3.org/2002/07/owl#Nothing>") :- http://rulewerk.semantic-web.org/inferred/ex(?E, ?R, ?C), http://rulewerk.semantic-web.org/inferred/subClassOf(?C, ?_BODY_1), Equal(?_BODY_1, "<http://www.w3.org/2002/07/owl#Nothing>") >>>
18:52:08 [INFO] Execution step: Body
18:52:08 [INFO] Trie does not contain any elements
18:52:08 [INFO] Execution step: Duplicate Elimination (Datalog)
18:52:08 [INFO] Trie does not contain any elements
18:52:08 [INFO] Rule duration: 0 ms
18:52:08 [INFO] <<< STEP 436: APPLYING RULE 33 http://rulewerk.semantic-web.org/inferred/init(?C) :- http://rulewerk.semantic-web.org/inferred/ex(?E, ?R, ?C) >>>
18:52:08 [INFO] Execution step: Body
18:52:08 [INFO] Saved temporary table: 26 entries (3504)
18:52:08 [INFO] Execution step: Duplicate Elimination (Datalog)
18:52:08 [INFO] Trie does not contain any elements
18:52:08 [INFO] Rule duration: 0 ms
18:52:08 [INFO] <<< STEP 437: APPLYING RULE 34 http://rulewerk.semantic-web.org/inferred/subClassOf(?C, ?C) :- http://rulewerk.semantic-web.org/inferred/init(?C) >>>
18:52:08 [INFO] Execution step: Body
18:52:08 [INFO] Trie does not contain any elements
18:52:08 [INFO] Execution step: Duplicate Elimination (Datalog)
18:52:08 [INFO] Trie does not contain any elements
18:52:08 [INFO] Rule duration: 0 ms
18:52:08 [INFO] <<< STEP 438: APPLYING RULE 36 http://rulewerk.semantic-web.org/inferred/subClassOf(?C, ?D1), http://rulewerk.semantic-web.org/inferred/subClassOf(?C, ?D2) :- http://rulewerk.semantic-web.org/inferred/subClassOf(?C, ?Y), http://rulewerk.semantic-web.org/normalForm/conj(?Y, ?D1, ?D2) >>>
18:52:08 [INFO] Execution step: Body
18:52:08 [INFO] Saved temporary table: 161 entries (8650)
18:52:08 [INFO] Saved temporary table: 136 entries (8550)
18:52:08 [INFO] Execution step: Duplicate Elimination (Datalog)
18:52:08 [INFO] Trie does not contain any elements
18:52:08 [INFO] Rule duration: 1 ms
18:52:08 [INFO] <<< STEP 439: APPLYING RULE 37 http://rulewerk.semantic-web.org/inferred/subClassOf(?C, ?I) :- http://rulewerk.semantic-web.org/inferred/subClassOf(?C, ?D1), http://rulewerk.semantic-web.org/inferred/subClassOf(?C, ?D2), http://rulewerk.semantic-web.org/normalForm/conj(?I, ?D1, ?D2), http://rulewerk.semantic-web.org/normalForm/isSubClass(?I) >>>
18:52:08 [INFO] Execution step: Body
18:52:08 [INFO] Saved temporary table: 78 entries (8880)
18:52:08 [INFO] Execution step: Duplicate Elimination (Datalog)
18:52:08 [INFO] Saved permanent table http://rulewerk.semantic-web.org/inferred/subClassOf (439) Permutation { idx_to_val: [], val_to_idx: [] } with 78 entries (8928)
18:52:08 [INFO] Rule duration: 19 ms
18:52:08 [INFO] <<< STEP 440: APPLYING RULE 37 http://rulewerk.semantic-web.org/inferred/subClassOf(?C, ?I) :- http://rulewerk.semantic-web.org/inferred/subClassOf(?C, ?D1), http://rulewerk.semantic-web.org/inferred/subClassOf(?C, ?D2), http://rulewerk.semantic-web.org/normalForm/conj(?I, ?D1, ?D2), http://rulewerk.semantic-web.org/normalForm/isSubClass(?I) >>>
18:52:08 [INFO] Execution step: Body
18:52:08 [INFO] Saved temporary table: 26 entries (8256)
18:52:08 [INFO] Execution step: Duplicate Elimination (Datalog)
18:52:08 [INFO] Saved permanent table http://rulewerk.semantic-web.org/inferred/subClassOf (440) Permutation { idx_to_val: [], val_to_idx: [] } with 26 entries (8304)
18:52:08 [INFO] Rule duration: 18 ms
18:52:08 [INFO] <<< STEP 441: APPLYING RULE 37 http://rulewerk.semantic-web.org/inferred/subClassOf(?C, ?I) :- http://rulewerk.semantic-web.org/inferred/subClassOf(?C, ?D1), http://rulewerk.semantic-web.org/inferred/subClassOf(?C, ?D2), http://rulewerk.semantic-web.org/normalForm/conj(?I, ?D1, ?D2), http://rulewerk.semantic-web.org/normalForm/isSubClass(?I) >>>
18:52:08 [INFO] Execution step: Body
18:52:08 [INFO] Trie does not contain any elements
18:52:08 [INFO] Execution step: Duplicate Elimination (Datalog)
18:52:08 [INFO] Trie does not contain any elements
18:52:08 [INFO] Rule duration: 16 ms
18:52:08 [INFO] <<< STEP 442: APPLYING RULE 38 http://rulewerk.semantic-web.org/inferred/ex(?E, ?R, ?C) :- http://rulewerk.semantic-web.org/inferred/subClassOf(?E, ?Y), http://rulewerk.semantic-web.org/normalForm/exists(?Y, ?R, ?C) >>>
18:52:08 [INFO] Execution step: Body
18:52:08 [INFO] Saved temporary table: 63 entries (13374)
18:52:08 [INFO] Execution step: Duplicate Elimination (Datalog)
18:52:08 [INFO] Saved permanent table http://rulewerk.semantic-web.org/inferred/ex (442) Permutation { idx_to_val: [], val_to_idx: [] } with 63 entries (13422)
18:52:08 [INFO] Rule duration: 0 ms
18:52:08 [INFO] <<< STEP 443: APPLYING RULE 39 http://rulewerk.semantic-web.org/inferred/subClassOf(?E, ?Y) :- http://rulewerk.semantic-web.org/inferred/ex(?E, ?R, ?C), http://rulewerk.semantic-web.org/inferred/subClassOf(?C, ?D), http://rulewerk.semantic-web.org/normalForm/subProp(?R, ?S), http://rulewerk.semantic-web.org/normalForm/exists(?Y, ?S, ?D), http://rulewerk.semantic-web.org/normalForm/isSubClass(?Y) >>>
18:52:08 [INFO] Execution step: Body
18:52:08 [INFO] Saved temporary table: 219 entries (9912)
18:52:08 [INFO] Execution step: Duplicate Elimination (Datalog)
18:52:08 [INFO] Saved permanent table http://rulewerk.semantic-web.org/inferred/subClassOf (443) Permutation { idx_to_val: [], val_to_idx: [] } with 70 entries (8792)
18:52:08 [INFO] Rule duration: 27 ms
18:52:08 [INFO] Execution step: Combining Tables
18:52:08 [INFO] Saved permanent table http://rulewerk.semantic-web.org/inferred/subClassOf (421-445) Permutation { idx_to_val: [], val_to_idx: [] } with 498 entries (10190)
18:52:08 [INFO] <<< STEP 444: APPLYING RULE 39 http://rulewerk.semantic-web.org/inferred/subClassOf(?E, ?Y) :- http://rulewerk.semantic-web.org/inferred/ex(?E, ?R, ?C), http://rulewerk.semantic-web.org/inferred/subClassOf(?C, ?D), http://rulewerk.semantic-web.org/normalForm/subProp(?R, ?S), http://rulewerk.semantic-web.org/normalForm/exists(?Y, ?S, ?D), http://rulewerk.semantic-web.org/normalForm/isSubClass(?Y) >>>
18:52:08 [INFO] Execution step: Body
18:52:08 [INFO] Trie does not contain any elements
18:52:08 [INFO] Execution step: Duplicate Elimination (Datalog)
18:52:08 [INFO] Trie does not contain any elements
18:52:08 [INFO] Rule duration: 0 ms
18:52:08 [INFO] <<< STEP 445: APPLYING RULE 40 http://rulewerk.semantic-web.org/inferred/ex(?E, ?S, ?D) :- http://rulewerk.semantic-web.org/inferred/ex(?E, ?R1, ?C), http://rulewerk.semantic-web.org/inferred/ex(?C, ?R2, ?D), http://rulewerk.semantic-web.org/normalForm/subProp(?R1, ?S1), http://rulewerk.semantic-web.org/normalForm/subProp(?R2, ?S2), http://rulewerk.semantic-web.org/normalForm/subPropChain(?S1, ?S2, ?S) >>>
18:52:08 [INFO] Execution step: Body
18:52:08 [INFO] Trie does not contain any elements
18:52:08 [INFO] Execution step: Duplicate Elimination (Datalog)
18:52:08 [INFO] Trie does not contain any elements
18:52:08 [INFO] Rule duration: 0 ms
18:52:08 [INFO] <<< STEP 446: APPLYING RULE 41 http://rulewerk.semantic-web.org/inferred/subClassOf(?C, ?E) :- http://rulewerk.semantic-web.org/inferred/subClassOf(?C, ?D), http://rulewerk.semantic-web.org/normalForm/subClassOf(?D, ?E) >>>
18:52:08 [INFO] Execution step: Body
18:52:08 [INFO] Saved temporary table: 73 entries (8860)
18:52:08 [INFO] Execution step: Duplicate Elimination (Datalog)
18:52:08 [INFO] Saved permanent table http://rulewerk.semantic-web.org/inferred/subClassOf (446) Permutation { idx_to_val: [], val_to_idx: [] } with 73 entries (8908)
18:52:08 [INFO] Rule duration: 0 ms
18:52:08 [INFO] <<< STEP 447: APPLYING RULE 41 http://rulewerk.semantic-web.org/inferred/subClassOf(?C, ?E) :- http://rulewerk.semantic-web.org/inferred/subClassOf(?C, ?D), http://rulewerk.semantic-web.org/normalForm/subClassOf(?D, ?E) >>>
18:52:08 [INFO] Execution step: Body
18:52:08 [INFO] Saved temporary table: 79 entries (8884)
18:52:08 [INFO] Execution step: Duplicate Elimination (Datalog)
18:52:08 [INFO] Saved permanent table http://rulewerk.semantic-web.org/inferred/subClassOf (447) Permutation { idx_to_val: [], val_to_idx: [] } with 1 entries (6904)
18:52:08 [INFO] Rule duration: 0 ms
18:52:08 [INFO] <<< STEP 448: APPLYING RULE 41 http://rulewerk.semantic-web.org/inferred/subClassOf(?C, ?E) :- http://rulewerk.semantic-web.org/inferred/subClassOf(?C, ?D), http://rulewerk.semantic-web.org/normalForm/subClassOf(?D, ?E) >>>
18:52:08 [INFO] Execution step: Body
18:52:08 [INFO] Trie does not contain any elements
18:52:08 [INFO] Execution step: Duplicate Elimination (Datalog)
18:52:08 [INFO] Trie does not contain any elements
18:52:08 [INFO] Rule duration: 0 ms
18:52:08 [INFO] <<< STEP 449: APPLYING RULE 42 http://rulewerk.semantic-web.org/inferred/subClassOf(?E, "<http://www.w3.org/2002/07/owl#Nothing>") :- http://rulewerk.semantic-web.org/inferred/ex(?E, ?R, ?C), http://rulewerk.semantic-web.org/inferred/subClassOf(?C, ?_BODY_1), Equal(?_BODY_1, "<http://www.w3.org/2002/07/owl#Nothing>") >>>
18:52:08 [INFO] Execution step: Body
18:52:08 [INFO] Trie does not contain any elements
18:52:08 [INFO] Execution step: Duplicate Elimination (Datalog)
18:52:08 [INFO] Trie does not contain any elements
18:52:08 [INFO] Rule duration: 0 ms
18:52:08 [INFO] <<< STEP 450: APPLYING RULE 33 http://rulewerk.semantic-web.org/inferred/init(?C) :- http://rulewerk.semantic-web.org/inferred/ex(?E, ?R, ?C) >>>
18:52:08 [INFO] Execution step: Body
18:52:08 [INFO] Saved temporary table: 10 entries (3440)
18:52:08 [INFO] Execution step: Duplicate Elimination (Datalog)
18:52:08 [INFO] Trie does not contain any elements
18:52:08 [INFO] Rule duration: 0 ms
18:52:08 [INFO] <<< STEP 451: APPLYING RULE 34 http://rulewerk.semantic-web.org/inferred/subClassOf(?C, ?C) :- http://rulewerk.semantic-web.org/inferred/init(?C) >>>
18:52:08 [INFO] Execution step: Body
18:52:08 [INFO] Trie does not contain any elements
18:52:08 [INFO] Execution step: Duplicate Elimination (Datalog)
18:52:08 [INFO] Trie does not contain any elements
18:52:08 [INFO] Rule duration: 0 ms
18:52:08 [INFO] <<< STEP 452: APPLYING RULE 36 http://rulewerk.semantic-web.org/inferred/subClassOf(?C, ?D1), http://rulewerk.semantic-web.org/inferred/subClassOf(?C, ?D2) :- http://rulewerk.semantic-web.org/inferred/subClassOf(?C, ?Y), http://rulewerk.semantic-web.org/normalForm/conj(?Y, ?D1, ?D2) >>>
18:52:08 [INFO] Execution step: Body
18:52:08 [INFO] Saved temporary table: 97 entries (8956)
18:52:08 [INFO] Saved temporary table: 72 entries (8856)
18:52:08 [INFO] Execution step: Duplicate Elimination (Datalog)
18:52:08 [INFO] Trie does not contain any elements
18:52:08 [INFO] Rule duration: 1 ms
18:52:08 [INFO] <<< STEP 453: APPLYING RULE 37 http://rulewerk.semantic-web.org/inferred/subClassOf(?C, ?I) :- http://rulewerk.semantic-web.org/inferred/subClassOf(?C, ?D1), http://rulewerk.semantic-web.org/inferred/subClassOf(?C, ?D2), http://rulewerk.semantic-web.org/normalForm/conj(?I, ?D1, ?D2), http://rulewerk.semantic-web.org/normalForm/isSubClass(?I) >>>
18:52:08 [INFO] Execution step: Body
18:52:09 [INFO] Saved temporary table: 56 entries (8688)
18:52:09 [INFO] Execution step: Duplicate Elimination (Datalog)
18:52:09 [INFO] Saved permanent table http://rulewerk.semantic-web.org/inferred/subClassOf (453) Permutation { idx_to_val: [], val_to_idx: [] } with 56 entries (8736)
18:52:09 [INFO] Rule duration: 18 ms
18:52:09 [INFO] <<< STEP 454: APPLYING RULE 37 http://rulewerk.semantic-web.org/inferred/subClassOf(?C, ?I) :- http://rulewerk.semantic-web.org/inferred/subClassOf(?C, ?D1), http://rulewerk.semantic-web.org/inferred/subClassOf(?C, ?D2), http://rulewerk.semantic-web.org/normalForm/conj(?I, ?D1, ?D2), http://rulewerk.semantic-web.org/normalForm/isSubClass(?I) >>>
18:52:09 [INFO] Execution step: Body
18:52:09 [INFO] Saved temporary table: 5 entries (7080)
18:52:09 [INFO] Execution step: Duplicate Elimination (Datalog)
18:52:09 [INFO] Saved permanent table http://rulewerk.semantic-web.org/inferred/subClassOf (454) Permutation { idx_to_val: [], val_to_idx: [] } with 5 entries (7128)
18:52:09 [INFO] Rule duration: 16 ms
18:52:09 [INFO] <<< STEP 455: APPLYING RULE 37 http://rulewerk.semantic-web.org/inferred/subClassOf(?C, ?I) :- http://rulewerk.semantic-web.org/inferred/subClassOf(?C, ?D1), http://rulewerk.semantic-web.org/inferred/subClassOf(?C, ?D2), http://rulewerk.semantic-web.org/normalForm/conj(?I, ?D1, ?D2), http://rulewerk.semantic-web.org/normalForm/isSubClass(?I) >>>
18:52:09 [INFO] Execution step: Body
18:52:09 [INFO] Trie does not contain any elements
18:52:09 [INFO] Execution step: Duplicate Elimination (Datalog)
18:52:09 [INFO] Trie does not contain any elements
18:52:09 [INFO] Rule duration: 16 ms
18:52:09 [INFO] <<< STEP 456: APPLYING RULE 38 http://rulewerk.semantic-web.org/inferred/ex(?E, ?R, ?C) :- http://rulewerk.semantic-web.org/inferred/subClassOf(?E, ?Y), http://rulewerk.semantic-web.org/normalForm/exists(?Y, ?R, ?C) >>>
18:52:09 [INFO] Execution step: Body
18:52:09 [INFO] Saved temporary table: 71 entries (13916)
18:52:09 [INFO] Execution step: Duplicate Elimination (Datalog)
18:52:09 [INFO] Saved permanent table http://rulewerk.semantic-web.org/inferred/ex (456) Permutation { idx_to_val: [], val_to_idx: [] } with 71 entries (13964)
18:52:09 [INFO] Rule duration: 0 ms
18:52:09 [INFO] <<< STEP 457: APPLYING RULE 39 http://rulewerk.semantic-web.org/inferred/subClassOf(?E, ?Y) :- http://rulewerk.semantic-web.org/inferred/ex(?E, ?R, ?C), http://rulewerk.semantic-web.org/inferred/subClassOf(?C, ?D), http://rulewerk.semantic-web.org/normalForm/subProp(?R, ?S), http://rulewerk.semantic-web.org/normalForm/exists(?Y, ?S, ?D), http://rulewerk.semantic-web.org/normalForm/isSubClass(?Y) >>>
18:52:09 [INFO] Execution step: Body
18:52:09 [INFO] Saved temporary table: 86 entries (8860)
18:52:09 [INFO] Execution step: Duplicate Elimination (Datalog)
18:52:09 [INFO] Trie does not contain any elements
18:52:09 [INFO] Rule duration: 26 ms
18:52:09 [INFO] <<< STEP 458: APPLYING RULE 40 http://rulewerk.semantic-web.org/inferred/ex(?E, ?S, ?D) :- http://rulewerk.semantic-web.org/inferred/ex(?E, ?R1, ?C), http://rulewerk.semantic-web.org/inferred/ex(?C, ?R2, ?D), http://rulewerk.semantic-web.org/normalForm/subProp(?R1, ?S1), http://rulewerk.semantic-web.org/normalForm/subProp(?R2, ?S2), http://rulewerk.semantic-web.org/normalForm/subPropChain(?S1, ?S2, ?S) >>>
18:52:09 [INFO] Execution step: Body
18:52:09 [INFO] Trie does not contain any elements
18:52:09 [INFO] Execution step: Duplicate Elimination (Datalog)
18:52:09 [INFO] Trie does not contain any elements
18:52:09 [INFO] Rule duration: 0 ms
18:52:09 [INFO] <<< STEP 459: APPLYING RULE 41 http://rulewerk.semantic-web.org/inferred/subClassOf(?C, ?E) :- http://rulewerk.semantic-web.org/inferred/subClassOf(?C, ?D), http://rulewerk.semantic-web.org/normalForm/subClassOf(?D, ?E) >>>
18:52:09 [INFO] Execution step: Body
18:52:09 [INFO] Saved temporary table: 31 entries (8536)
18:52:09 [INFO] Execution step: Duplicate Elimination (Datalog)
18:52:09 [INFO] Saved permanent table http://rulewerk.semantic-web.org/inferred/subClassOf (459) Permutation { idx_to_val: [], val_to_idx: [] } with 31 entries (8584)
18:52:09 [INFO] Rule duration: 0 ms
18:52:09 [INFO] <<< STEP 460: APPLYING RULE 41 http://rulewerk.semantic-web.org/inferred/subClassOf(?C, ?E) :- http://rulewerk.semantic-web.org/inferred/subClassOf(?C, ?D), http://rulewerk.semantic-web.org/normalForm/subClassOf(?D, ?E) >>>
18:52:09 [INFO] Execution step: Body
18:52:09 [INFO] Saved temporary table: 36 entries (8556)
18:52:09 [INFO] Execution step: Duplicate Elimination (Datalog)
18:52:09 [INFO] Saved permanent table http://rulewerk.semantic-web.org/inferred/subClassOf (460) Permutation { idx_to_val: [], val_to_idx: [] } with 5 entries (7128)
18:52:09 [INFO] Rule duration: 0 ms
18:52:09 [INFO] <<< STEP 461: APPLYING RULE 41 http://rulewerk.semantic-web.org/inferred/subClassOf(?C, ?E) :- http://rulewerk.semantic-web.org/inferred/subClassOf(?C, ?D), http://rulewerk.semantic-web.org/normalForm/subClassOf(?D, ?E) >>>
18:52:09 [INFO] Execution step: Body
18:52:09 [INFO] Trie does not contain any elements
18:52:09 [INFO] Execution step: Duplicate Elimination (Datalog)
18:52:09 [INFO] Trie does not contain any elements
18:52:09 [INFO] Rule duration: 0 ms
18:52:09 [INFO] <<< STEP 462: APPLYING RULE 42 http://rulewerk.semantic-web.org/inferred/subClassOf(?E, "<http://www.w3.org/2002/07/owl#Nothing>") :- http://rulewerk.semantic-web.org/inferred/ex(?E, ?R, ?C), http://rulewerk.semantic-web.org/inferred/subClassOf(?C, ?_BODY_1), Equal(?_BODY_1, "<http://www.w3.org/2002/07/owl#Nothing>") >>>
18:52:09 [INFO] Execution step: Body
18:52:09 [INFO] Trie does not contain any elements
18:52:09 [INFO] Execution step: Duplicate Elimination (Datalog)
18:52:09 [INFO] Trie does not contain any elements
18:52:09 [INFO] Rule duration: 0 ms
18:52:09 [INFO] <<< STEP 463: APPLYING RULE 33 http://rulewerk.semantic-web.org/inferred/init(?C) :- http://rulewerk.semantic-web.org/inferred/ex(?E, ?R, ?C) >>>
18:52:09 [INFO] Execution step: Body
18:52:09 [INFO] Saved temporary table: 5 entries (3420)
18:52:09 [INFO] Execution step: Duplicate Elimination (Datalog)
18:52:09 [INFO] Trie does not contain any elements
18:52:09 [INFO] Rule duration: 0 ms
18:52:09 [INFO] <<< STEP 464: APPLYING RULE 34 http://rulewerk.semantic-web.org/inferred/subClassOf(?C, ?C) :- http://rulewerk.semantic-web.org/inferred/init(?C) >>>
18:52:09 [INFO] Execution step: Body
18:52:09 [INFO] Trie does not contain any elements
18:52:09 [INFO] Execution step: Duplicate Elimination (Datalog)
18:52:09 [INFO] Trie does not contain any elements
18:52:09 [INFO] Rule duration: 0 ms
18:52:09 [INFO] <<< STEP 465: APPLYING RULE 36 http://rulewerk.semantic-web.org/inferred/subClassOf(?C, ?D1), http://rulewerk.semantic-web.org/inferred/subClassOf(?C, ?D2) :- http://rulewerk.semantic-web.org/inferred/subClassOf(?C, ?Y), http://rulewerk.semantic-web.org/normalForm/conj(?Y, ?D1, ?D2) >>>
18:52:09 [INFO] Execution step: Body
18:52:09 [INFO] Saved temporary table: 61 entries (8708)
18:52:09 [INFO] Saved temporary table: 49 entries (8660)
18:52:09 [INFO] Execution step: Duplicate Elimination (Datalog)
18:52:09 [INFO] Trie does not contain any elements
18:52:09 [INFO] Rule duration: 1 ms
18:52:09 [INFO] <<< STEP 466: APPLYING RULE 37 http://rulewerk.semantic-web.org/inferred/subClassOf(?C, ?I) :- http://rulewerk.semantic-web.org/inferred/subClassOf(?C, ?D1), http://rulewerk.semantic-web.org/inferred/subClassOf(?C, ?D2), http://rulewerk.semantic-web.org/normalForm/conj(?I, ?D1, ?D2), http://rulewerk.semantic-web.org/normalForm/isSubClass(?I) >>>
18:52:09 [INFO] Execution step: Body
18:52:09 [INFO] Saved temporary table: 13 entries (7112)
18:52:09 [INFO] Execution step: Duplicate Elimination (Datalog)
18:52:09 [INFO] Saved permanent table http://rulewerk.semantic-web.org/inferred/subClassOf (466) Permutation { idx_to_val: [], val_to_idx: [] } with 13 entries (7160)
18:52:09 [INFO] Rule duration: 17 ms
18:52:09 [INFO] <<< STEP 467: APPLYING RULE 37 http://rulewerk.semantic-web.org/inferred/subClassOf(?C, ?I) :- http://rulewerk.semantic-web.org/inferred/subClassOf(?C, ?D1), http://rulewerk.semantic-web.org/inferred/subClassOf(?C, ?D2), http://rulewerk.semantic-web.org/normalForm/conj(?I, ?D1, ?D2), http://rulewerk.semantic-web.org/normalForm/isSubClass(?I) >>>
18:52:09 [INFO] Execution step: Body
18:52:09 [INFO] Saved temporary table: 5 entries (7080)
18:52:09 [INFO] Execution step: Duplicate Elimination (Datalog)
18:52:09 [INFO] Saved permanent table http://rulewerk.semantic-web.org/inferred/subClassOf (467) Permutation { idx_to_val: [], val_to_idx: [] } with 5 entries (7128)
18:52:09 [INFO] Rule duration: 16 ms
18:52:09 [INFO] Execution step: Combining Tables
18:52:09 [INFO] Saved permanent table http://rulewerk.semantic-web.org/inferred/subClassOf (445-469) Permutation { idx_to_val: [], val_to_idx: [] } with 189 entries (9632)
18:52:09 [INFO] <<< STEP 468: APPLYING RULE 37 http://rulewerk.semantic-web.org/inferred/subClassOf(?C, ?I) :- http://rulewerk.semantic-web.org/inferred/subClassOf(?C, ?D1), http://rulewerk.semantic-web.org/inferred/subClassOf(?C, ?D2), http://rulewerk.semantic-web.org/normalForm/conj(?I, ?D1, ?D2), http://rulewerk.semantic-web.org/normalForm/isSubClass(?I) >>>
18:52:09 [INFO] Execution step: Body
18:52:09 [INFO] Trie does not contain any elements
18:52:09 [INFO] Execution step: Duplicate Elimination (Datalog)
18:52:09 [INFO] Trie does not contain any elements
18:52:09 [INFO] Rule duration: 16 ms
18:52:09 [INFO] <<< STEP 469: APPLYING RULE 38 http://rulewerk.semantic-web.org/inferred/ex(?E, ?R, ?C) :- http://rulewerk.semantic-web.org/inferred/subClassOf(?E, ?Y), http://rulewerk.semantic-web.org/normalForm/exists(?Y, ?R, ?C) >>>
18:52:09 [INFO] Execution step: Body
18:52:09 [INFO] Saved temporary table: 5 entries (10740)
18:52:09 [INFO] Execution step: Duplicate Elimination (Datalog)
18:52:09 [INFO] Saved permanent table http://rulewerk.semantic-web.org/inferred/ex (469) Permutation { idx_to_val: [], val_to_idx: [] } with 5 entries (10788)
18:52:09 [INFO] Rule duration: 0 ms
18:52:09 [INFO] <<< STEP 470: APPLYING RULE 39 http://rulewerk.semantic-web.org/inferred/subClassOf(?E, ?Y) :- http://rulewerk.semantic-web.org/inferred/ex(?E, ?R, ?C), http://rulewerk.semantic-web.org/inferred/subClassOf(?C, ?D), http://rulewerk.semantic-web.org/normalForm/subProp(?R, ?S), http://rulewerk.semantic-web.org/normalForm/exists(?Y, ?S, ?D), http://rulewerk.semantic-web.org/normalForm/isSubClass(?Y) >>>
18:52:09 [INFO] Execution step: Body
18:52:09 [INFO] Saved temporary table: 20 entries (7140)
18:52:09 [INFO] Execution step: Duplicate Elimination (Datalog)
18:52:09 [INFO] Saved permanent table http://rulewerk.semantic-web.org/inferred/subClassOf (470) Permutation { idx_to_val: [], val_to_idx: [] } with 15 entries (7168)
18:52:09 [INFO] Rule duration: 26 ms
18:52:09 [INFO] <<< STEP 471: APPLYING RULE 39 http://rulewerk.semantic-web.org/inferred/subClassOf(?E, ?Y) :- http://rulewerk.semantic-web.org/inferred/ex(?E, ?R, ?C), http://rulewerk.semantic-web.org/inferred/subClassOf(?C, ?D), http://rulewerk.semantic-web.org/normalForm/subProp(?R, ?S), http://rulewerk.semantic-web.org/normalForm/exists(?Y, ?S, ?D), http://rulewerk.semantic-web.org/normalForm/isSubClass(?Y) >>>
18:52:09 [INFO] Execution step: Body
18:52:09 [INFO] Trie does not contain any elements
18:52:09 [INFO] Execution step: Duplicate Elimination (Datalog)
18:52:09 [INFO] Trie does not contain any elements
18:52:09 [INFO] Rule duration: 0 ms
18:52:09 [INFO] <<< STEP 472: APPLYING RULE 40 http://rulewerk.semantic-web.org/inferred/ex(?E, ?S, ?D) :- http://rulewerk.semantic-web.org/inferred/ex(?E, ?R1, ?C), http://rulewerk.semantic-web.org/inferred/ex(?C, ?R2, ?D), http://rulewerk.semantic-web.org/normalForm/subProp(?R1, ?S1), http://rulewerk.semantic-web.org/normalForm/subProp(?R2, ?S2), http://rulewerk.semantic-web.org/normalForm/subPropChain(?S1, ?S2, ?S) >>>
18:52:09 [INFO] Execution step: Body
18:52:09 [INFO] Trie does not contain any elements
18:52:09 [INFO] Execution step: Duplicate Elimination (Datalog)
18:52:09 [INFO] Trie does not contain any elements
18:52:09 [INFO] Rule duration: 0 ms
18:52:09 [INFO] <<< STEP 473: APPLYING RULE 41 http://rulewerk.semantic-web.org/inferred/subClassOf(?C, ?E) :- http://rulewerk.semantic-web.org/inferred/subClassOf(?C, ?D), http://rulewerk.semantic-web.org/normalForm/subClassOf(?D, ?E) >>>
18:52:09 [INFO] Execution step: Body
18:52:09 [INFO] Saved temporary table: 10 entries (7100)
18:52:09 [INFO] Execution step: Duplicate Elimination (Datalog)
18:52:09 [INFO] Saved permanent table http://rulewerk.semantic-web.org/inferred/subClassOf (473) Permutation { idx_to_val: [], val_to_idx: [] } with 10 entries (7148)
18:52:09 [INFO] Rule duration: 0 ms
18:52:09 [INFO] <<< STEP 474: APPLYING RULE 41 http://rulewerk.semantic-web.org/inferred/subClassOf(?C, ?E) :- http://rulewerk.semantic-web.org/inferred/subClassOf(?C, ?D), http://rulewerk.semantic-web.org/normalForm/subClassOf(?D, ?E) >>>
18:52:09 [INFO] Execution step: Body
18:52:09 [INFO] Saved temporary table: 10 entries (7100)
18:52:09 [INFO] Execution step: Duplicate Elimination (Datalog)
18:52:09 [INFO] Trie does not contain any elements
18:52:09 [INFO] Rule duration: 0 ms
18:52:09 [INFO] <<< STEP 475: APPLYING RULE 42 http://rulewerk.semantic-web.org/inferred/subClassOf(?E, "<http://www.w3.org/2002/07/owl#Nothing>") :- http://rulewerk.semantic-web.org/inferred/ex(?E, ?R, ?C), http://rulewerk.semantic-web.org/inferred/subClassOf(?C, ?_BODY_1), Equal(?_BODY_1, "<http://www.w3.org/2002/07/owl#Nothing>") >>>
18:52:09 [INFO] Execution step: Body
18:52:09 [INFO] Trie does not contain any elements
18:52:09 [INFO] Execution step: Duplicate Elimination (Datalog)
18:52:09 [INFO] Trie does not contain any elements
18:52:09 [INFO] Rule duration: 0 ms
18:52:09 [INFO] <<< STEP 476: APPLYING RULE 33 http://rulewerk.semantic-web.org/inferred/init(?C) :- http://rulewerk.semantic-web.org/inferred/ex(?E, ?R, ?C) >>>
18:52:09 [INFO] Execution step: Body
18:52:09 [INFO] Saved temporary table: 1 entries (3404)
18:52:09 [INFO] Execution step: Duplicate Elimination (Datalog)
18:52:09 [INFO] Trie does not contain any elements
18:52:09 [INFO] Rule duration: 0 ms
18:52:09 [INFO] <<< STEP 477: APPLYING RULE 34 http://rulewerk.semantic-web.org/inferred/subClassOf(?C, ?C) :- http://rulewerk.semantic-web.org/inferred/init(?C) >>>
18:52:09 [INFO] Execution step: Body
18:52:09 [INFO] Trie does not contain any elements
18:52:09 [INFO] Execution step: Duplicate Elimination (Datalog)
18:52:09 [INFO] Trie does not contain any elements
18:52:09 [INFO] Rule duration: 0 ms
18:52:09 [INFO] <<< STEP 478: APPLYING RULE 36 http://rulewerk.semantic-web.org/inferred/subClassOf(?C, ?D1), http://rulewerk.semantic-web.org/inferred/subClassOf(?C, ?D2) :- http://rulewerk.semantic-web.org/inferred/subClassOf(?C, ?Y), http://rulewerk.semantic-web.org/normalForm/conj(?Y, ?D1, ?D2) >>>
18:52:09 [INFO] Execution step: Body
18:52:09 [INFO] Saved temporary table: 18 entries (7132)
18:52:09 [INFO] Saved temporary table: 10 entries (7100)
18:52:09 [INFO] Execution step: Duplicate Elimination (Datalog)
18:52:09 [INFO] Trie does not contain any elements
18:52:09 [INFO] Rule duration: 0 ms
18:52:09 [INFO] <<< STEP 479: APPLYING RULE 37 http://rulewerk.semantic-web.org/inferred/subClassOf(?C, ?I) :- http://rulewerk.semantic-web.org/inferred/subClassOf(?C, ?D1), http://rulewerk.semantic-web.org/inferred/subClassOf(?C, ?D2), http://rulewerk.semantic-web.org/normalForm/conj(?I, ?D1, ?D2), http://rulewerk.semantic-web.org/normalForm/isSubClass(?I) >>>
18:52:09 [INFO] Execution step: Body
18:52:09 [INFO] Saved temporary table: 15 entries (7120)
18:52:09 [INFO] Execution step: Duplicate Elimination (Datalog)
18:52:09 [INFO] Saved permanent table http://rulewerk.semantic-web.org/inferred/subClassOf (479) Permutation { idx_to_val: [], val_to_idx: [] } with 15 entries (7168)
18:52:09 [INFO] Rule duration: 18 ms
18:52:09 [INFO] <<< STEP 480: APPLYING RULE 37 http://rulewerk.semantic-web.org/inferred/subClassOf(?C, ?I) :- http://rulewerk.semantic-web.org/inferred/subClassOf(?C, ?D1), http://rulewerk.semantic-web.org/inferred/subClassOf(?C, ?D2), http://rulewerk.semantic-web.org/normalForm/conj(?I, ?D1, ?D2), http://rulewerk.semantic-web.org/normalForm/isSubClass(?I) >>>
18:52:09 [INFO] Execution step: Body
18:52:09 [INFO] Trie does not contain any elements
18:52:09 [INFO] Execution step: Duplicate Elimination (Datalog)
18:52:09 [INFO] Trie does not contain any elements
18:52:09 [INFO] Rule duration: 17 ms
18:52:09 [INFO] <<< STEP 481: APPLYING RULE 38 http://rulewerk.semantic-web.org/inferred/ex(?E, ?R, ?C) :- http://rulewerk.semantic-web.org/inferred/subClassOf(?E, ?Y), http://rulewerk.semantic-web.org/normalForm/exists(?Y, ?R, ?C) >>>
18:52:09 [INFO] Execution step: Body
18:52:09 [INFO] Saved temporary table: 15 entries (10780)
18:52:09 [INFO] Execution step: Duplicate Elimination (Datalog)
18:52:09 [INFO] Saved permanent table http://rulewerk.semantic-web.org/inferred/ex (481) Permutation { idx_to_val: [], val_to_idx: [] } with 15 entries (10828)
18:52:09 [INFO] Rule duration: 0 ms
18:52:09 [INFO] <<< STEP 482: APPLYING RULE 39 http://rulewerk.semantic-web.org/inferred/subClassOf(?E, ?Y) :- http://rulewerk.semantic-web.org/inferred/ex(?E, ?R, ?C), http://rulewerk.semantic-web.org/inferred/subClassOf(?C, ?D), http://rulewerk.semantic-web.org/normalForm/subProp(?R, ?S), http://rulewerk.semantic-web.org/normalForm/exists(?Y, ?S, ?D), http://rulewerk.semantic-web.org/normalForm/isSubClass(?Y) >>>
18:52:09 [INFO] Execution step: Body
18:52:09 [INFO] Saved temporary table: 15 entries (7120)
18:52:09 [INFO] Execution step: Duplicate Elimination (Datalog)
18:52:09 [INFO] Trie does not contain any elements
18:52:09 [INFO] Rule duration: 27 ms
18:52:09 [INFO] <<< STEP 483: APPLYING RULE 40 http://rulewerk.semantic-web.org/inferred/ex(?E, ?S, ?D) :- http://rulewerk.semantic-web.org/inferred/ex(?E, ?R1, ?C), http://rulewerk.semantic-web.org/inferred/ex(?C, ?R2, ?D), http://rulewerk.semantic-web.org/normalForm/subProp(?R1, ?S1), http://rulewerk.semantic-web.org/normalForm/subProp(?R2, ?S2), http://rulewerk.semantic-web.org/normalForm/subPropChain(?S1, ?S2, ?S) >>>
18:52:09 [INFO] Execution step: Body
18:52:09 [INFO] Trie does not contain any elements
18:52:09 [INFO] Execution step: Duplicate Elimination (Datalog)
18:52:09 [INFO] Trie does not contain any elements
18:52:09 [INFO] Rule duration: 0 ms
18:52:09 [INFO] <<< STEP 484: APPLYING RULE 41 http://rulewerk.semantic-web.org/inferred/subClassOf(?C, ?E) :- http://rulewerk.semantic-web.org/inferred/subClassOf(?C, ?D), http://rulewerk.semantic-web.org/normalForm/subClassOf(?D, ?E) >>>
18:52:09 [INFO] Execution step: Body
18:52:09 [INFO] Saved temporary table: 5 entries (7080)
18:52:09 [INFO] Execution step: Duplicate Elimination (Datalog)
18:52:09 [INFO] Saved permanent table http://rulewerk.semantic-web.org/inferred/subClassOf (484) Permutation { idx_to_val: [], val_to_idx: [] } with 5 entries (7128)
18:52:09 [INFO] Rule duration: 0 ms
18:52:09 [INFO] <<< STEP 485: APPLYING RULE 41 http://rulewerk.semantic-web.org/inferred/subClassOf(?C, ?E) :- http://rulewerk.semantic-web.org/inferred/subClassOf(?C, ?D), http://rulewerk.semantic-web.org/normalForm/subClassOf(?D, ?E) >>>
18:52:09 [INFO] Execution step: Body
18:52:09 [INFO] Saved temporary table: 5 entries (7080)
18:52:09 [INFO] Execution step: Duplicate Elimination (Datalog)
18:52:09 [INFO] Trie does not contain any elements
18:52:09 [INFO] Rule duration: 0 ms
18:52:09 [INFO] <<< STEP 486: APPLYING RULE 42 http://rulewerk.semantic-web.org/inferred/subClassOf(?E, "<http://www.w3.org/2002/07/owl#Nothing>") :- http://rulewerk.semantic-web.org/inferred/ex(?E, ?R, ?C), http://rulewerk.semantic-web.org/inferred/subClassOf(?C, ?_BODY_1), Equal(?_BODY_1, "<http://www.w3.org/2002/07/owl#Nothing>") >>>
18:52:09 [INFO] Execution step: Body
18:52:09 [INFO] Trie does not contain any elements
18:52:09 [INFO] Execution step: Duplicate Elimination (Datalog)
18:52:09 [INFO] Trie does not contain any elements
18:52:09 [INFO] Rule duration: 0 ms
18:52:09 [INFO] <<< STEP 487: APPLYING RULE 33 http://rulewerk.semantic-web.org/inferred/init(?C) :- http://rulewerk.semantic-web.org/inferred/ex(?E, ?R, ?C) >>>
18:52:09 [INFO] Execution step: Body
18:52:09 [INFO] Saved temporary table: 3 entries (3412)
18:52:09 [INFO] Execution step: Duplicate Elimination (Datalog)
18:52:09 [INFO] Trie does not contain any elements
18:52:09 [INFO] Rule duration: 0 ms
18:52:09 [INFO] <<< STEP 488: APPLYING RULE 34 http://rulewerk.semantic-web.org/inferred/subClassOf(?C, ?C) :- http://rulewerk.semantic-web.org/inferred/init(?C) >>>
18:52:09 [INFO] Execution step: Body
18:52:09 [INFO] Trie does not contain any elements
18:52:09 [INFO] Execution step: Duplicate Elimination (Datalog)
18:52:09 [INFO] Trie does not contain any elements
18:52:09 [INFO] Rule duration: 0 ms
18:52:09 [INFO] <<< STEP 489: APPLYING RULE 36 http://rulewerk.semantic-web.org/inferred/subClassOf(?C, ?D1), http://rulewerk.semantic-web.org/inferred/subClassOf(?C, ?D2) :- http://rulewerk.semantic-web.org/inferred/subClassOf(?C, ?Y), http://rulewerk.semantic-web.org/normalForm/conj(?Y, ?D1, ?D2) >>>
18:52:09 [INFO] Execution step: Body
18:52:09 [INFO] Saved temporary table: 15 entries (7120)
18:52:09 [INFO] Saved temporary table: 10 entries (7100)
18:52:09 [INFO] Execution step: Duplicate Elimination (Datalog)
18:52:09 [INFO] Trie does not contain any elements
18:52:09 [INFO] Rule duration: 0 ms
18:52:09 [INFO] <<< STEP 490: APPLYING RULE 37 http://rulewerk.semantic-web.org/inferred/subClassOf(?C, ?I) :- http://rulewerk.semantic-web.org/inferred/subClassOf(?C, ?D1), http://rulewerk.semantic-web.org/inferred/subClassOf(?C, ?D2), http://rulewerk.semantic-web.org/normalForm/conj(?I, ?D1, ?D2), http://rulewerk.semantic-web.org/normalForm/isSubClass(?I) >>>
18:52:09 [INFO] Execution step: Body
18:52:09 [INFO] Trie does not contain any elements
18:52:09 [INFO] Execution step: Duplicate Elimination (Datalog)
18:52:09 [INFO] Trie does not contain any elements
18:52:09 [INFO] Rule duration: 17 ms
18:52:09 [INFO] <<< STEP 491: APPLYING RULE 38 http://rulewerk.semantic-web.org/inferred/ex(?E, ?R, ?C) :- http://rulewerk.semantic-web.org/inferred/subClassOf(?E, ?Y), http://rulewerk.semantic-web.org/normalForm/exists(?Y, ?R, ?C) >>>
18:52:09 [INFO] Execution step: Body
18:52:09 [INFO] Trie does not contain any elements
18:52:09 [INFO] Execution step: Duplicate Elimination (Datalog)
18:52:09 [INFO] Trie does not contain any elements
18:52:09 [INFO] Rule duration: 0 ms
18:52:09 [INFO] <<< STEP 492: APPLYING RULE 39 http://rulewerk.semantic-web.org/inferred/subClassOf(?E, ?Y) :- http://rulewerk.semantic-web.org/inferred/ex(?E, ?R, ?C), http://rulewerk.semantic-web.org/inferred/subClassOf(?C, ?D), http://rulewerk.semantic-web.org/normalForm/subProp(?R, ?S), http://rulewerk.semantic-web.org/normalForm/exists(?Y, ?S, ?D), http://rulewerk.semantic-web.org/normalForm/isSubClass(?Y) >>>
18:52:09 [INFO] Execution step: Body
18:52:09 [INFO] Trie does not contain any elements
18:52:09 [INFO] Execution step: Duplicate Elimination (Datalog)
18:52:09 [INFO] Trie does not contain any elements
18:52:09 [INFO] Rule duration: 0 ms
18:52:09 [INFO] <<< STEP 493: APPLYING RULE 40 http://rulewerk.semantic-web.org/inferred/ex(?E, ?S, ?D) :- http://rulewerk.semantic-web.org/inferred/ex(?E, ?R1, ?C), http://rulewerk.semantic-web.org/inferred/ex(?C, ?R2, ?D), http://rulewerk.semantic-web.org/normalForm/subProp(?R1, ?S1), http://rulewerk.semantic-web.org/normalForm/subProp(?R2, ?S2), http://rulewerk.semantic-web.org/normalForm/subPropChain(?S1, ?S2, ?S) >>>
18:52:09 [INFO] Execution step: Body
18:52:09 [INFO] Trie does not contain any elements
18:52:09 [INFO] Execution step: Duplicate Elimination (Datalog)
18:52:09 [INFO] Trie does not contain any elements
18:52:09 [INFO] Rule duration: 0 ms
18:52:09 [INFO] <<< STEP 494: APPLYING RULE 43 mainSubClassOf(?A, ?B) :- http://rulewerk.semantic-web.org/inferred/subClassOf(?A, ?B), http://rulewerk.semantic-web.org/normalForm/isMainClass(?A), http://rulewerk.semantic-web.org/normalForm/isMainClass(?B) >>>
18:52:09 [INFO] Execution step: Body
18:52:09 [INFO] Saved temporary table: 455126 entries (2105266)
18:52:09 [INFO] Execution step: Duplicate Elimination (Datalog)
18:52:09 [INFO] Saved permanent table mainSubClassOf (494) Permutation { idx_to_val: [], val_to_idx: [] } with 455126 entries (2105314)
18:52:09 [INFO] Rule duration: 299 ms
18:52:09 [INFO] <<< STEP 495: APPLYING RULE 43 mainSubClassOf(?A, ?B) :- http://rulewerk.semantic-web.org/inferred/subClassOf(?A, ?B), http://rulewerk.semantic-web.org/normalForm/isMainClass(?A), http://rulewerk.semantic-web.org/normalForm/isMainClass(?B) >>>
18:52:09 [INFO] Execution step: Body
18:52:09 [INFO] Trie does not contain any elements
18:52:09 [INFO] Execution step: Duplicate Elimination (Datalog)
18:52:09 [INFO] Trie does not contain any elements
18:52:09 [INFO] Rule duration: 0 ms
18:52:09 [INFO] <<< STEP 496: APPLYING RULE 50 R_21(?X_1) :- http://rulewerk.semantic-web.org/inferred/ex(?Y_1, ?X_1, ?_BODY_1), last(?X_1), Equal(?_BODY_1, <http://www.w3.org/2002/07/owl#equivalentClass>) >>>
18:52:09 [INFO] Execution step: Project/Reorder
18:52:09 [INFO] Saved temporary table: 15348 entries (64840)
18:52:09 [INFO] Execution step: Body
18:52:09 [INFO] Trie does not contain any elements
18:52:09 [INFO] Execution step: Duplicate Elimination (Datalog)
18:52:09 [INFO] Trie does not contain any elements
18:52:09 [INFO] Rule duration: 22 ms
18:52:09 [INFO] <<< STEP 497: APPLYING RULE 46 R_7(<http://www.w3.org/2002/07/owl#someValuesFrom>) :- R_21(?_BODY_1), Equal(?_BODY_1, <http://www.w3.org/2002/07/owl#someValuesFrom>) >>>
18:52:09 [INFO] Loading source SimpleTable { arity: 1, data: [AnyDataValue(Iri(IriDataValue("http://www.w3.org/2000/01/rdf-schema#subClassOf"))), AnyDataValue(PlainString(StringDataValue("str_19")))] }
18:52:09 [INFO] Execution step: Body
18:52:09 [INFO] Trie does not contain any elements
18:52:09 [INFO] Execution step: Duplicate Elimination (Datalog)
18:52:09 [INFO] Trie does not contain any elements
18:52:09 [INFO] Rule duration: 0 ms
18:52:09 [INFO] <<< STEP 498: APPLYING RULE 70 R_2(?X_2, ?X_3, ?X_4, ?X_3) :- prepareSco(?X_2, ?X_3), prepareSco(?X_4, ?X_3), prepareSco(?X_2, ?X_3) >>>
18:52:09 [INFO] Execution step: Project/Reorder
18:52:09 [INFO] Saved temporary table: 45499 entries (604086)
18:52:09 [INFO] Execution step: Body
18:52:09 [INFO] Trie does not contain any elements
18:52:09 [INFO] Execution step: Duplicate Elimination (Datalog)
18:52:09 [INFO] Trie does not contain any elements
18:52:09 [INFO] Rule duration: 117 ms
18:52:09 [INFO] <<< STEP 499: APPLYING RULE 53 R_17(?X_1, ?X_2, ?X_3) :- R_17(?X_1, ?X_2, ?X_3), synExRep(?Z_2, ?X_2, ?X_1), R_2(?X_3, ?Z_1, ?X_2, ?X_1) >>>
18:52:09 [INFO] Execution step: Body
18:52:09 [INFO] Trie does not contain any elements
18:52:09 [INFO] Execution step: Duplicate Elimination (Datalog)
18:52:09 [INFO] Trie does not contain any elements
18:52:09 [INFO] Rule duration: 0 ms
18:52:09 [INFO] <<< STEP 500: APPLYING RULE 64 R_9(?X_3, "<http://www.w3.org/2002/07/owl#Nothing>", ?X_4, ?X_2, ?X_1) :- http://rulewerk.semantic-web.org/normalForm/subProp(?X_2, ?_BODY_1), http://rulewerk.semantic-web.org/normalForm/subProp(?X_4, ?X_2), http://rulewerk.semantic-web.org/normalForm/subProp(?X_1, ?X_3), class(?X_3), R_25(?X_3, ?X_4, ?_BODY_2, ?_BODY_3, ?X_1, ?_BODY_4), Equal(?_BODY_1, "<http://www.w3.org/2002/07/owl#Nothing>"), Equal(?_BODY_2, <http://www.w3.org/2002/07/owl#equivalentClass>), Equal(?_BODY_3, ?X_3), Equal(?_BODY_4, ?X_1) >>>
18:52:09 [INFO] Execution step: Project/Reorder
18:52:09 [INFO] Trie does not contain any elements
18:52:09 [INFO] Execution step: Body
18:52:09 [INFO] Trie does not contain any elements
18:52:09 [INFO] Execution step: Duplicate Elimination (Datalog)
18:52:09 [INFO] Trie does not contain any elements
18:52:09 [INFO] Rule duration: 0 ms
18:52:09 [INFO] <<< STEP 501: APPLYING RULE 71 R_27(?X_3, ?X_2, ?X_2, ?X_6, "str_18", ?X_5) :- R_19(?X_3, ?X_2, ?X_2_new_1), R_19(?X_6, ?_BODY_1, ?X_5), R_19(?X_3, ?X_2_new_1, ?X_2), Equal(?_BODY_1, "str_18") >>>
18:52:09 [INFO] Loading source SimpleTable { arity: 6, data: [AnyDataValue(Iri(IriDataValue("http://www.w3.org/2002/07/owl#disjointWith"))), AnyDataValue(PlainString(StringDataValue("str_3"))), AnyDataValue(Iri(IriDataValue("c_3"))), AnyDataValue(UnsignedLong(UnsignedLongDataValue(5212281777913270014))), AnyDataValue(Iri(IriDataValue("http://www.w3.org/2002/07/owl#someValuesFrom"))), AnyDataValue(Iri(IriDataValue("http://www.w3.org/2002/07/owl#intersectionOf"))), AnyDataValue(UnsignedLong(UnsignedLongDataValue(13094496824040567762))), AnyDataValue(UnsignedLong(UnsignedLongDataValue(12501160599866116044))), AnyDataValue(PlainString(StringDataValue("str_4"))), AnyDataValue(Iri(IriDataValue("http://www.w3.org/2000/01/rdf-schema#subPropertyOf"))), AnyDataValue(Iri(IriDataValue("c_4"))), AnyDataValue(PlainString(StringDataValue("str_5"))), AnyDataValue(Iri(IriDataValue("http://www.w3.org/1999/02/22-rdf-syntax-ns#first"))), AnyDataValue(UnsignedLong(UnsignedLongDataValue(9222219536591031438))), AnyDataValue(Iri(IriDataValue("c_4"))), AnyDataValue(Iri(IriDataValue("c_8"))), AnyDataValue(Iri(IriDataValue("http://www.w3.org/2000/01/rdf-schema#subPropertyOf"))), AnyDataValue(Iri(IriDataValue("c_9"))), AnyDataValue(UnsignedLong(UnsignedLongDataValue(18364758193411404491))), AnyDataValue(UnsignedLong(UnsignedLongDataValue(10345855565341844848))), AnyDataValue(Iri(IriDataValue("c_1"))), AnyDataValue(Iri(IriDataValue("c_14"))), AnyDataValue(UnsignedLong(UnsignedLongDataValue(18364758193411404491))), AnyDataValue(Iri(IriDataValue("c_5"))), AnyDataValue(Iri(IriDataValue("c_3"))), AnyDataValue(Iri(IriDataValue("c_15"))), AnyDataValue(PlainString(StringDataValue("str_9"))), AnyDataValue(Iri(IriDataValue("c_16"))), AnyDataValue(Iri(IriDataValue("c_17"))), AnyDataValue(Iri(IriDataValue("http://www.w3.org/2002/07/owl#intersectionOf"))), AnyDataValue(PlainString(StringDataValue("str_8"))), AnyDataValue(PlainString(StringDataValue("str_3"))), AnyDataValue(Iri(IriDataValue("c_4"))), AnyDataValue(Iri(IriDataValue("c_8"))), AnyDataValue(Iri(IriDataValue("http://www.w3.org/2000/01/rdf-schema#subPropertyOf"))), AnyDataValue(PlainString(StringDataValue("str_10"))), AnyDataValue(Iri(IriDataValue("c_18"))), AnyDataValue(Iri(IriDataValue("c_19"))), AnyDataValue(PlainString(StringDataValue("str_11"))), AnyDataValue(PlainString(StringDataValue("str_8"))), AnyDataValue(Iri(IriDataValue("http://www.w3.org/2002/07/owl#intersectionOf"))), AnyDataValue(Iri(IriDataValue("http://www.w3.org/2002/07/owl#intersectionOf"))), AnyDataValue(Iri(IriDataValue("c_30"))), AnyDataValue(Iri(IriDataValue("c_10"))), AnyDataValue(Iri(IriDataValue("c_31"))), AnyDataValue(UnsignedLong(UnsignedLongDataValue(15348358895262148836))), AnyDataValue(PlainString(StringDataValue("str_21"))), AnyDataValue(Iri(IriDataValue("c_18"))), AnyDataValue(UnsignedLong(UnsignedLongDataValue(18364758193411404491))), AnyDataValue(PlainString(StringDataValue("str_24"))), AnyDataValue(Iri(IriDataValue("c_26"))), AnyDataValue(UnsignedLong(UnsignedLongDataValue(6371843197081594715))), AnyDataValue(Iri(IriDataValue("c_22"))), AnyDataValue(Iri(IriDataValue("c_17")))] }
18:52:09 [INFO] Execution step: Project/Reorder
18:52:09 [INFO] Saved temporary table: 2 entries (10416)
18:52:09 [INFO] Execution step: Body
18:52:09 [INFO] Trie does not contain any elements
18:52:09 [INFO] Execution step: Duplicate Elimination (Datalog)
18:52:09 [INFO] Trie does not contain any elements
18:52:09 [INFO] Rule duration: 0 ms
18:52:09 [INFO] <<< STEP 502: APPLYING RULE 76 R_6(?X_2_new_1, <http://www.w3.org/2000/01/rdf-schema#subClassOf>, ?X_1, ?X_3) :- http://rulewerk.semantic-web.org/normalForm/isMainClass(?X_2_new_1), http://rulewerk.semantic-web.org/normalForm/isMainClass(?X_1), http://rulewerk.semantic-web.org/normalForm/isMainClass(?X_3), directSubProp(?X_3, ?X_1) >>>
18:52:09 [INFO] Loading source SimpleTable { arity: 4, data: [AnyDataValue(Iri(IriDataValue("http://www.w3.org/2002/07/owl#someValuesFrom"))), AnyDataValue(Iri(IriDataValue("http://www.w3.org/2002/07/owl#intersectionOf"))), AnyDataValue(Iri(IriDataValue("http://www.w3.org/2002/07/owl#intersectionOf"))), AnyDataValue(Iri(IriDataValue("http://www.w3.org/2002/07/owl#onProperty"))), AnyDataValue(Iri(IriDataValue("c_2"))), AnyDataValue(PlainString(StringDataValue("str_1"))), AnyDataValue(Iri(IriDataValue("http://www.w3.org/2000/01/rdf-schema#subClassOf"))), AnyDataValue(UnsignedLong(UnsignedLongDataValue(5212281777913270014))), AnyDataValue(UnsignedLong(UnsignedLongDataValue(18224627337033890099))), AnyDataValue(Iri(IriDataValue("c_7"))), AnyDataValue(Iri(IriDataValue("http://www.w3.org/2002/07/owl#equivalentClass"))), AnyDataValue(UnsignedLong(UnsignedLongDataValue(12501160599866116044))), AnyDataValue(PlainString(StringDataValue("<http://www.w3.org/2002/07/owl#Nothing>"))), AnyDataValue(PlainString(StringDataValue("str_8"))), AnyDataValue(Iri(IriDataValue("c_13"))), AnyDataValue(UnsignedLong(UnsignedLongDataValue(16103988145069398140))), AnyDataValue(UnsignedLong(UnsignedLongDataValue(6585472424535280959))), AnyDataValue(Iri(IriDataValue("http://www.w3.org/1999/02/22-rdf-syntax-ns#first"))), AnyDataValue(Iri(IriDataValue("c_5"))), AnyDataValue(PlainString(StringDataValue("str_9"))), AnyDataValue(UnsignedLong(UnsignedLongDataValue(7312945419571468139))), AnyDataValue(UnsignedLong(UnsignedLongDataValue(15578749118835071120))), AnyDataValue(PlainString(StringDataValue("str_16"))), AnyDataValue(Iri(IriDataValue("c_21"))), AnyDataValue(UnsignedLong(UnsignedLongDataValue(179513151031439072))), AnyDataValue(PlainString(StringDataValue("str_17"))), AnyDataValue(PlainString(StringDataValue("str_18"))), AnyDataValue(Iri(IriDataValue("http://www.w3.org/2002/07/owl#equivalentClass"))), AnyDataValue(Iri(IriDataValue("c_27"))), AnyDataValue(Iri(IriDataValue("c_7"))), AnyDataValue(PlainString(StringDataValue("str_20"))), AnyDataValue(Iri(IriDataValue("c_28")))] }
18:52:09 [INFO] Execution step: Project/Reorder
18:52:09 [INFO] Saved temporary table: 958 entries (13530)
18:52:09 [INFO] Execution step: Body
